date,open,close,high,low,volume,amount,code,name
2020-01-02,77.17,77.62,78.3,77.11,1130028,2290358480.0,601166,兴业银行
2020-01-03,77.59,77.4,77.92,77.27,659291,1331182960.0,601166,兴业银行
2020-01-06,77.14,76.65,77.72,76.46,709165,1423391728.0,601166,兴业银行
2020-01-07,76.94,76.91,77.75,76.49,561163,1124203504.0,601166,兴业银行
2020-01-08,76.46,75.58,76.75,75.42,881732,1735240176.0,601166,兴业银行
2020-01-09,76.2,75.91,76.3,75.55,663379,1304306208.0,601166,兴业银行
2020-01-10,75.97,75.94,76.1,75.55,423807,831765632.0,601166,兴业银行
2020-01-13,75.94,75.97,76.0,75.36,600183,1176849616.0,601166,兴业银行
2020-01-14,76.3,76.13,76.85,76.0,537640,1066672624.0,601166,兴业银行
2020-01-15,76.23,75.29,76.26,75.06,600021,1172825744.0,601166,兴业银行
2020-01-16,75.42,74.58,75.65,74.32,827358,1597885344.0,601166,兴业银行
2020-01-17,74.58,74.51,75.03,74.29,440443,848596624.0,601166,兴业银行
2020-01-20,74.61,75.0,75.06,74.42,429896,831843648.0,601166,兴业银行
2020-01-21,74.68,73.93,74.77,73.77,610756,1168831056.0,601166,兴业银行
2020-01-22,73.77,74.13,74.45,73.48,553543,1055726400.0,601166,兴业银行
2020-01-23,73.74,72.38,73.77,72.12,1085587,2034260704.0,601166,兴业银行
2020-02-03,66.61,67.58,69.36,66.58,1629059,2791856672.0,601166,兴业银行
2020-02-04,67.9,68.97,69.23,67.81,1000232,1739864368.0,601166,兴业银行
2020-02-05,69.04,68.94,69.3,68.39,886399,1552795392.0,601166,兴业银行
2020-02-06,69.33,69.36,69.65,68.68,723495,1271588672.0,601166,兴业银行
2020-02-07,68.75,69.2,69.3,68.49,599835,1048985904.0,601166,兴业银行
2020-02-10,68.71,68.91,69.04,68.62,507002,887371504.0,601166,兴业银行
2020-02-11,69.17,69.46,69.98,69.14,616392,1094285872.0,601166,兴业银行
2020-02-12,69.62,69.56,69.65,69.04,432808,764282848.0,601166,兴业银行
2020-02-13,69.49,69.1,69.65,68.97,502738,886978592.0,601166,兴业银行
2020-02-14,68.94,69.65,69.82,68.88,525852,927995696.0,601166,兴业银行
2020-02-17,69.72,70.95,71.08,69.39,868214,1559141472.0,601166,兴业银行
2020-02-18,70.69,70.14,70.92,69.98,623146,1120382224.0,601166,兴业银行
2020-02-19,70.17,70.11,70.72,69.85,449353,806325728.0,601166,兴业银行
2020-02-20,70.3,70.95,71.18,69.98,750344,1351179616.0,601166,兴业银行
2020-02-21,70.59,70.72,71.31,70.5,678190,1227613888.0,601166,兴业银行
2020-02-24,70.5,69.95,70.79,69.91,734826,1316400624.0,601166,兴业银行
2020-02-25,69.33,69.52,69.91,69.01,757243,1336982976.0,601166,兴业银行
2020-02-26,69.04,69.49,70.24,68.84,831587,1472875200.0,601166,兴业银行
2020-02-27,69.62,69.88,70.08,69.52,617473,1097942256.0,601166,兴业银行
2020-02-28,69.27,68.16,69.69,68.0,875388,1525898448.0,601166,兴业银行
2020-03-02,68.49,69.14,69.33,68.23,763938,1337910160.0,601166,兴业银行
2020-03-03,69.52,69.36,69.82,69.2,629253,1113133872.0,601166,兴业银行
2020-03-04,69.33,69.52,69.59,68.94,530511,934190096.0,601166,兴业银行
2020-03-05,69.88,71.4,71.57,69.59,1198414,2168418880.0,601166,兴业银行
2020-03-06,70.79,70.2,71.08,70.14,698957,1258842048.0,601166,兴业银行
2020-03-09,69.17,68.42,69.17,68.29,973018,1693659328.0,601166,兴业银行
2020-03-10,68.42,69.07,69.3,68.16,758353,1328221232.0,601166,兴业银行
2020-03-11,69.2,68.36,69.27,68.33,641697,1120633056.0,601166,兴业银行
2020-03-12,68.29,67.84,68.65,67.68,757275,1305807872.0,601166,兴业银行
2020-03-13,65.93,66.77,67.16,65.51,1305323,2177467088.0,601166,兴业银行
2020-03-16,66.8,64.66,66.84,64.5,1065126,1754845888.0,601166,兴业银行
2020-03-17,64.63,64.34,65.77,63.72,895910,1445509824.0,601166,兴业银行
2020-03-18,64.53,63.01,64.86,62.91,817472,1309487296.0,601166,兴业银行
2020-03-19,62.59,60.78,62.95,60.52,1693451,2569271968.0,601166,兴业银行
2020-03-20,61.39,62.04,62.66,61.0,1063743,1630239168.0,601166,兴业银行
2020-03-23,60.74,60.78,61.42,60.61,856805,1290322304.0,601166,兴业银行
2020-03-24,61.94,62.14,62.3,61.46,829557,1275817808.0,601166,兴业银行
2020-03-25,63.21,63.43,63.69,62.69,869303,1369723968.0,601166,兴业银行
2020-03-26,63.34,64.6,65.86,63.08,1173570,1903645424.0,601166,兴业银行
2020-03-27,65.28,64.89,65.54,64.66,584062,953482160.0,601166,兴业银行
2020-03-30,64.24,64.63,64.73,63.98,542150,873850640.0,601166,兴业银行
2020-03-31,64.92,63.69,65.15,63.66,523816,842284752.0,601166,兴业银行
2020-04-01,63.72,63.85,64.57,63.69,498923,800570608.0,601166,兴业银行
2020-04-02,63.66,64.21,64.21,63.5,403486,645266864.0,601166,兴业银行
2020-04-03,64.08,64.18,64.31,63.66,420808,673144400.0,601166,兴业银行
2020-04-07,64.89,64.66,65.15,64.5,660678,1073613744.0,601166,兴业银行
2020-04-08,64.37,64.15,64.6,63.98,400591,643968384.0,601166,兴业银行
2020-04-09,64.44,64.08,64.5,64.02,271030,435104256.0,601166,兴业银行
2020-04-10,64.11,64.47,64.79,63.92,457053,737178016.0,601166,兴业银行
2020-04-13,64.21,63.82,64.24,63.63,375620,599264208.0,601166,兴业银行
2020-04-14,64.08,64.44,64.44,63.72,564654,904243920.0,601166,兴业银行
2020-04-15,64.37,63.98,64.37,63.92,333363,534083312.0,601166,兴业银行
2020-04-16,63.76,63.72,63.95,63.5,381000,606019072.0,601166,兴业银行
2020-04-17,64.05,64.18,64.44,63.76,613900,984508048.0,601166,兴业银行
2020-04-20,64.02,63.76,64.08,63.5,555806,884876576.0,601166,兴业银行
2020-04-21,63.63,63.34,63.95,63.24,411480,652686896.0,601166,兴业银行
2020-04-22,63.34,63.34,63.4,62.95,362422,570712160.0,601166,兴业银行
2020-04-23,63.5,63.04,63.56,62.95,337784,531942064.0,601166,兴业银行
2020-04-24,63.14,62.75,63.14,62.59,391000,611352160.0,601166,兴业银行
2020-04-27,63.11,64.05,64.31,62.98,659797,1055404320.0,601166,兴业银行
2020-04-28,64.21,64.28,64.28,63.56,473700,758389504.0,601166,兴业银行
2020-04-29,63.98,65.64,65.77,63.92,930777,1524542336.0,601166,兴业银行
2020-04-30,65.8,65.99,66.87,65.7,597440,997621056.0,601166,兴业银行
2020-05-06,65.05,65.05,65.44,64.57,686182,1118479600.0,601166,兴业银行
2020-05-07,65.05,64.5,65.05,64.44,489018,792596896.0,601166,兴业银行
2020-05-08,64.83,65.18,65.67,64.66,499030,816729088.0,601166,兴业银行
2020-05-11,65.25,65.25,65.7,65.12,438174,719941216.0,601166,兴业银行
2020-05-12,65.28,64.76,65.57,64.66,404260,659633904.0,601166,兴业银行
2020-05-13,64.57,64.79,64.86,64.41,316944,513161680.0,601166,兴业银行
2020-05-14,64.63,64.05,64.63,63.95,434471,697911216.0,601166,兴业银行
2020-05-15,64.37,64.15,64.47,64.02,294673,473500480.0,601166,兴业银行
2020-05-18,64.08,64.08,64.47,63.76,373443,598848256.0,601166,兴业银行
2020-05-19,64.79,64.37,64.99,64.28,363097,586689072.0,601166,兴业银行
2020-05-20,64.37,64.63,64.76,64.08,401388,648280624.0,601166,兴业银行
2020-05-21,64.76,64.34,65.09,64.28,404336,656129312.0,601166,兴业银行
2020-05-22,64.24,63.27,64.41,63.17,644871,1027372864.0,601166,兴业银行
2020-05-25,63.82,63.47,63.82,62.95,326550,515389760.0,601166,兴业银行
2020-05-26,63.66,63.53,63.69,63.34,310659,492449728.0,601166,兴业银行
2020-05-27,63.66,63.82,64.28,63.5,327880,523732400.0,601166,兴业银行
2020-05-28,63.95,64.47,64.92,63.92,530129,856747280.0,601166,兴业银行
2020-05-29,64.15,64.31,64.34,63.89,457094,732841664.0,601166,兴业银行
2020-06-01,64.47,64.86,64.96,64.34,673009,1093472544.0,601166,兴业银行
2020-06-02,64.63,65.25,65.41,64.63,566745,925109824.0,601166,兴业银行
2020-06-03,65.57,65.05,66.32,65.05,700461,1155964928.0,601166,兴业银行
2020-06-04,65.34,64.79,65.41,64.73,404547,659114224.0,601166,兴业银行
2020-06-05,64.96,64.66,64.99,64.41,413355,669073088.0,601166,兴业银行
2020-06-08,64.73,64.47,65.12,64.41,674493,1093345008.0,601166,兴业银行
2020-06-09,64.53,64.79,64.86,64.34,533387,864213472.0,601166,兴业银行
2020-06-10,64.79,64.05,64.79,63.98,708812,1139326704.0,601166,兴业银行
2020-06-11,64.08,63.37,64.15,63.24,859129,1364964288.0,601166,兴业银行
2020-06-12,62.98,63.89,63.89,62.88,936449,1475626736.0,601166,兴业银行
2020-06-15,63.24,62.79,63.34,62.79,867764,1361883904.0,601166,兴业银行
2020-06-16,63.11,63.24,63.37,62.98,529171,832732544.0,601166,兴业银行
2020-06-17,63.14,63.14,63.24,62.95,459364,721960912.0,601166,兴业银行
2020-06-18,62.75,63.17,63.3,62.53,661199,1036353632.0,601166,兴业银行
2020-06-19,63.17,63.24,63.3,62.85,884484,1390518384.0,601166,兴业银行
2020-06-22,63.14,62.95,63.3,62.88,717428,1127359072.0,601166,兴业银行
2020-06-23,62.91,62.66,62.98,62.62,585168,914205616.0,601166,兴业银行
2020-06-24,62.91,63.47,63.56,62.82,866838,1366846576.0,601166,兴业银行
2020-06-29,63.69,63.3,64.02,63.11,830137,1315854736.0,601166,兴业银行
2020-06-30,63.56,63.27,63.66,63.11,533326,841812752.0,601166,兴业银行
2020-07-01,63.4,64.47,64.66,63.24,1115848,1786129232.0,601166,兴业银行
2020-07-02,64.31,65.77,65.77,64.18,1501595,2451708304.0,601166,兴业银行
2020-07-03,66.12,67.13,67.22,65.83,1661937,2796475536.0,601166,兴业银行
2020-07-06,67.81,72.51,72.63,67.81,3530793,6335827456.0,601166,兴业银行
2020-07-07,73.54,71.6,74.81,71.44,2803917,5262406656.0,601166,兴业银行
2020-07-08,71.86,72.51,73.28,71.37,2177524,4035493328.0,601166,兴业银行
2020-07-09,72.25,71.6,72.34,71.27,1859668,3413936544.0,601166,兴业银行
2020-07-10,71.27,69.17,71.44,68.91,2079910,3712178752.0,601166,兴业银行
2020-07-13,68.71,68.88,69.82,68.33,2073036,3635370128.0,601166,兴业银行
2020-07-14,68.91,68.36,69.17,67.81,1693897,2945634624.0,601166,兴业银行
2020-07-15,68.98,67.23,68.98,67.2,1702033,2792784576.0,601166,兴业银行
2020-07-16,67.49,66.84,68.33,66.78,1352206,2208955520.0,601166,兴业银行
2020-07-17,67.33,66.74,67.59,66.36,956755,1539261696.0,601166,兴业银行
2020-07-20,67.23,68.01,68.27,66.65,1434910,2343219296.0,601166,兴业银行
2020-07-21,68.11,67.59,68.11,67.33,799021,1306261328.0,601166,兴业银行
2020-07-22,67.62,67.36,68.23,67.2,1256329,2055780304.0,601166,兴业银行
2020-07-23,66.97,66.42,67.2,66.13,1160405,1859483424.0,601166,兴业银行
2020-07-24,66.29,65.35,66.39,65.16,1373554,2165850432.0,601166,兴业银行
2020-07-27,65.71,64.96,66.06,64.83,954702,1487909616.0,601166,兴业银行
2020-07-28,65.35,65.16,65.58,64.93,592290,925511904.0,601166,兴业银行
2020-07-29,65.16,65.84,66.06,64.99,861668,1357483344.0,601166,兴业银行
2020-07-30,65.84,65.32,65.97,65.32,617808,972397344.0,601166,兴业银行
2020-07-31,65.48,65.35,66.13,65.06,982287,1543281520.0,601166,兴业银行
2020-08-03,65.71,65.71,65.9,65.32,1058477,1663761168.0,601166,兴业银行
2020-08-04,65.87,66.97,67.46,65.71,1737947,2790872464.0,601166,兴业银行
2020-08-05,66.71,66.13,66.71,65.97,1075180,1711693584.0,601166,兴业银行
2020-08-06,66.29,66.39,66.71,65.61,890113,1413773392.0,601166,兴业银行
2020-08-07,66.06,65.58,66.45,65.38,1060592,1674231168.0,601166,兴业银行
2020-08-10,65.61,65.9,66.16,65.32,1081852,1713128240.0,601166,兴业银行
2020-08-11,65.84,65.93,67.07,65.77,1610332,2579271248.0,601166,兴业银行
2020-08-12,66.03,66.49,66.52,65.84,989057,1574400000.0,601166,兴业银行
2020-08-13,66.84,66.26,66.87,66.16,822147,1313946464.0,601166,兴业银行
2020-08-14,66.39,66.78,66.81,66.03,965519,1544692352.0,601166,兴业银行
2020-08-17,66.81,68.07,68.75,66.74,2570457,4222896704.0,601166,兴业银行
2020-08-18,67.78,67.3,68.01,66.97,1388627,2262242736.0,601166,兴业银行
2020-08-19,67.1,66.58,67.3,66.52,1157401,1867711120.0,601166,兴业银行
2020-08-20,66.42,66.1,66.45,65.84,935038,1484950960.0,601166,兴业银行
2020-08-21,66.29,66.26,66.36,66.0,670744,1066512912.0,601166,兴业银行
2020-08-24,66.29,65.97,66.42,65.9,755297,1199762288.0,601166,兴业银行
2020-08-25,66.06,66.03,66.29,65.84,550890,874086576.0,601166,兴业银行
2020-08-26,66.0,65.51,66.06,65.45,756227,1192350288.0,601166,兴业银行
2020-08-27,65.51,65.51,65.61,65.16,660879,1034516336.0,601166,兴业银行
2020-08-28,65.45,66.19,66.26,65.22,977897,1548459632.0,601166,兴业银行
2020-08-31,67.36,66.97,68.49,66.97,3419813,5604035840.0,601166,兴业银行
2020-09-01,66.94,67.59,68.2,66.68,1417923,2320812256.0,601166,兴业银行
2020-09-02,67.65,67.49,67.91,66.94,1109405,1810873104.0,601166,兴业银行
2020-09-03,67.62,67.36,68.14,67.13,886646,1448329840.0,601166,兴业银行
2020-09-04,66.97,66.84,67.36,66.61,762875,1231073424.0,601166,兴业银行
2020-09-07,66.74,67.07,67.68,66.74,929042,1508728256.0,601166,兴业银行
2020-09-08,67.42,68.11,68.43,67.42,1449728,2392958912.0,601166,兴业银行
2020-09-09,67.75,67.49,68.4,67.42,988617,1627750240.0,601166,兴业银行
2020-09-10,67.78,67.23,67.94,67.07,877241,1428944512.0,601166,兴业银行
2020-09-11,67.17,66.87,67.39,66.65,661584,1067014720.0,601166,兴业银行
2020-09-14,66.97,66.84,67.17,66.55,609369,979990368.0,601166,兴业银行
2020-09-15,66.71,66.74,67.13,66.49,528700,851702400.0,601166,兴业银行
2020-09-16,66.78,66.91,67.17,66.61,573369,925046464.0,601166,兴业银行
2020-09-17,66.91,66.39,67.07,66.36,733661,1178769680.0,601166,兴业银行
2020-09-18,66.52,67.75,67.75,66.26,1360339,2208129712.0,601166,兴业银行
2020-09-21,67.65,67.88,68.17,67.52,1041815,1712521792.0,601166,兴业银行
2020-09-22,67.62,67.26,67.98,67.17,670871,1095676800.0,601166,兴业银行
2020-09-23,67.39,66.94,67.49,66.87,529181,857118976.0,601166,兴业银行
2020-09-24,66.78,66.32,66.91,66.23,832834,1334418528.0,601166,兴业银行
2020-09-25,66.45,66.29,66.61,66.13,535550,855503568.0,601166,兴业银行
2020-09-28,66.39,66.42,66.61,66.19,364503,582537264.0,601166,兴业银行
2020-09-29,66.58,66.13,66.71,66.13,581714,930501856.0,601166,兴业银行
2020-09-30,66.74,66.87,67.39,66.45,1065415,1723129680.0,601166,兴业银行
2020-10-09,67.59,67.0,67.85,66.97,1006763,1639506768.0,601166,兴业银行
2020-10-12,67.26,68.85,68.95,67.0,2355142,3902520688.0,601166,兴业银行
2020-10-13,68.72,68.95,69.27,68.43,1186945,1993150384.0,601166,兴业银行
2020-10-14,69.34,68.88,69.34,68.49,766006,1280489664.0,601166,兴业银行
2020-10-15,68.59,69.73,70.66,68.59,1989348,3396079520.0,601166,兴业银行
2020-10-16,69.73,71.77,72.28,69.66,2398885,4201590032.0,601166,兴业银行
2020-10-19,72.77,71.86,74.07,71.77,2401308,4336651520.0,601166,兴业银行
2020-10-20,72.22,72.28,72.54,71.38,1165416,2061971328.0,601166,兴业银行
2020-10-21,72.28,73.48,73.58,71.86,1491873,2688070176.0,601166,兴业银行
2020-10-22,73.97,73.65,74.84,73.0,1206897,2201217520.0,601166,兴业银行
2020-10-23,73.55,73.97,75.36,73.26,1468439,2716365248.0,601166,兴业银行
2020-10-26,74.1,72.22,74.39,71.96,1323426,2376045296.0,601166,兴业银行
2020-10-27,72.25,72.28,72.77,71.64,755282,1344413616.0,601166,兴业银行
2020-10-28,72.32,71.38,72.93,71.09,984732,1734529280.0,601166,兴业银行
2020-10-29,70.83,72.28,72.93,70.76,1053634,1868752240.0,601166,兴业银行
2020-10-30,72.61,72.28,73.68,71.67,1261000,2261663280.0,601166,兴业银行
2020-11-02,72.61,72.28,73.16,71.6,1001614,1783254368.0,601166,兴业银行
2020-11-03,73.09,72.64,74.39,72.54,1223376,2221471328.0,601166,兴业银行
2020-11-04,73.58,74.07,74.39,73.09,1099993,2011278848.0,601166,兴业银行
2020-11-05,74.71,73.52,74.81,73.22,891051,1627972992.0,601166,兴业银行
2020-11-06,73.26,72.9,73.29,71.93,910569,1632099808.0,601166,兴业银行
2020-11-09,73.48,72.9,73.87,72.64,1016281,1840570432.0,601166,兴业银行
2020-11-10,73.84,74.75,75.4,73.78,1732314,3213887968.0,601166,兴业银行
2020-11-11,74.62,75.14,75.62,74.29,1177252,2195719952.0,601166,兴业银行
2020-11-12,74.84,74.52,75.14,74.39,616191,1143298912.0,601166,兴业银行
2020-11-13,73.9,72.19,73.9,71.83,1627575,2900657728.0,601166,兴业银行
2020-11-16,72.48,71.86,72.54,71.64,982154,1736633824.0,601166,兴业银行
2020-11-17,72.06,72.64,72.93,71.7,781428,1389703008.0,601166,兴业银行
2020-11-18,73.0,76.82,77.4,72.97,3218567,6078248448.0,601166,兴业银行
2020-11-19,76.76,77.24,77.63,76.33,1777967,3426637376.0,601166,兴业银行
2020-11-20,75.69,76.24,76.85,75.49,1301072,2466595504.0,601166,兴业银行
2020-11-23,76.17,79.22,79.48,76.11,2345567,4627737600.0,601166,兴业银行
2020-11-24,79.22,79.67,80.22,78.86,1347492,2702346416.0,601166,兴业银行
2020-11-25,80.38,78.64,80.55,78.31,991664,1979353872.0,601166,兴业银行
2020-11-26,79.15,80.74,80.77,78.76,1475407,2986099568.0,601166,兴业银行
2020-11-27,80.94,81.39,81.52,80.29,1300352,2660671168.0,601166,兴业银行
2020-11-30,82.3,82.72,86.12,82.3,2870629,6192211200.0,601166,兴业银行
2020-12-01,83.5,84.6,85.21,82.65,1604940,3442583568.0,601166,兴业银行
2020-12-02,84.14,83.62,84.89,82.72,1140892,2441611472.0,601166,兴业银行
2020-12-03,83.72,83.43,84.63,82.81,805592,1715193248.0,601166,兴业银行
2020-12-04,83.27,83.04,83.33,81.68,1035196,2165997056.0,601166,兴业银行
2020-12-07,83.04,81.03,83.4,79.87,1407522,2890639024.0,601166,兴业银行
2020-12-08,81.03,80.26,81.97,80.06,1068335,2182446224.0,601166,兴业银行
2020-12-09,80.9,80.87,82.04,80.71,1020506,2099409888.0,601166,兴业银行
2020-12-10,80.81,80.32,81.45,79.7,797463,1618486416.0,601166,兴业银行
2020-12-11,80.81,79.8,81.42,79.51,1026901,2086930992.0,601166,兴业银行
2020-12-14,80.97,81.13,81.55,80.16,983055,2016112624.0,601166,兴业银行
2020-12-15,81.07,79.67,81.07,78.15,1244570,2480644640.0,601166,兴业银行
2020-12-16,79.93,80.77,81.36,79.74,825708,1679319888.0,601166,兴业银行
2020-12-17,81.1,81.91,81.97,79.22,1106911,2260368752.0,601166,兴业银行
2020-12-18,81.45,80.9,81.97,80.0,972564,1987000160.0,601166,兴业银行
2020-12-21,80.71,79.87,80.71,79.25,903275,1820492176.0,601166,兴业银行
2020-12-22,79.9,78.8,80.74,78.57,1026230,2063149408.0,601166,兴业银行
2020-12-23,78.73,78.83,79.48,77.7,814303,1605705392.0,601166,兴业银行
2020-12-24,79.41,79.96,80.61,79.09,839926,1700779808.0,601166,兴业银行
2020-12-25,80.22,80.09,80.58,78.38,603177,1207344784.0,601166,兴业银行
2020-12-28,79.61,81.0,81.65,79.41,1015795,2071643248.0,601166,兴业银行
2020-12-29,81.16,81.45,82.36,81.1,1079405,2237868800.0,601166,兴业银行
2020-12-30,81.23,82.33,82.33,80.87,857494,1779519376.0,601166,兴业银行
2020-12-31,82.56,82.23,83.46,81.42,1138444,2379514352.0,601166,兴业银行
2021-01-04,80.38,78.28,80.38,77.99,2426799,4784660480.0,601166,兴业银行
2021-01-05,77.86,75.72,77.92,75.01,2349601,4439476480.0,601166,兴业银行
2021-01-06,75.75,78.54,78.54,75.69,1742790,3366063024.0,601166,兴业银行
2021-01-07,78.76,79.74,80.06,78.44,1411008,2816919056.0,601166,兴业银行
2021-01-08,80.32,80.45,81.0,79.35,1233989,2499447232.0,601166,兴业银行
2021-01-11,81.29,81.07,82.56,80.9,1604724,3326797792.0,601166,兴业银行
2021-01-12,81.58,82.17,82.43,80.87,1306929,2713111520.0,601166,兴业银行
2021-01-13,81.88,82.98,83.43,81.62,1458836,3072995328.0,601166,兴业银行
2021-01-14,83.14,83.79,84.89,83.07,1512567,3240779408.0,601166,兴业银行
2021-01-15,87.51,88.19,90.27,86.8,3635738,8285966080.0,601166,兴业银行
2021-01-18,88.16,93.05,93.6,87.87,2886877,6822132480.0,601166,兴业银行
2021-01-19,92.05,91.98,93.15,90.59,1483284,3534847264.0,601166,兴业银行
2021-01-20,91.98,89.85,93.12,89.39,1321459,3114730720.0,601166,兴业银行
2021-01-21,90.59,90.46,91.72,89.85,1111980,2615377664.0,601166,兴业银行
2021-01-22,90.2,88.91,90.2,87.22,1481975,3373572880.0,601166,兴业银行
2021-01-25,88.61,88.84,89.59,86.74,1121384,2544647328.0,601166,兴业银行
2021-01-26,89.0,88.65,90.01,88.23,843215,1941903568.0,601166,兴业银行
2021-01-27,89.1,90.59,91.89,89.0,1213443,2850648256.0,601166,兴业银行
2021-01-28,89.52,89.78,90.3,87.8,1115353,2562094720.0,601166,兴业银行
2021-01-29,90.75,89.46,91.4,88.45,1038814,2417300048.0,601166,兴业银行
2021-02-01,89.07,92.6,93.34,88.23,1273320,3017248576.0,601166,兴业银行
2021-02-02,91.98,91.04,93.28,90.27,1244745,2956139360.0,601166,兴业银行
2021-02-03,91.14,94.61,95.58,90.46,1541764,3765671104.0,601166,兴业银行
2021-02-04,93.83,94.87,96.65,93.47,1192747,2963142384.0,601166,兴业银行
2021-02-05,95.71,98.08,98.63,94.96,1394889,3559677392.0,601166,兴业银行
2021-02-08,97.88,101.28,102.25,96.71,1537818,4063948944.0,601166,兴业银行
2021-02-09,101.02,101.48,102.09,98.89,1197791,3166722656.0,601166,兴业银行
2021-02-10,101.9,100.93,103.87,97.78,1439326,3815054048.0,601166,兴业银行
2021-02-18,101.77,104.46,105.56,101.77,1419728,3900913248.0,601166,兴业银行
2021-02-19,104.04,101.28,105.3,100.57,1198817,3251192832.0,601166,兴业银行
2021-02-22,100.47,98.24,100.8,97.49,1574477,4092877296.0,601166,兴业银行
2021-02-23,98.24,100.18,101.74,98.24,1193116,3152547152.0,601166,兴业银行
2021-02-24,99.27,97.91,99.82,97.27,1071382,2771100400.0,601166,兴业银行
2021-02-25,99.01,99.53,101.02,97.91,929485,2442522336.0,601166,兴业银行
2021-02-26,98.2,94.58,99.57,93.64,1870095,4682196992.0,601166,兴业银行
2021-03-01,95.61,95.32,96.52,94.58,1158279,2894793216.0,601166,兴业银行
2021-03-02,95.97,95.19,96.75,93.44,1097229,2724085792.0,601166,兴业银行
2021-03-03,95.84,98.76,99.27,95.52,1483367,3825786384.0,601166,兴业银行
2021-03-04,97.85,96.58,99.18,95.68,1022209,2607849328.0,601166,兴业银行
2021-03-05,95.52,94.96,96.42,92.86,1086198,2678406752.0,601166,兴业银行
2021-03-08,95.16,91.63,95.52,91.47,1155838,2797687664.0,601166,兴业银行
2021-03-09,91.63,89.81,92.79,89.29,1160973,2735499472.0,601166,兴业银行
2021-03-10,90.75,88.78,90.75,88.03,1078694,2469667072.0,601166,兴业银行
2021-03-11,90.36,91.69,93.38,90.04,1209806,2884697648.0,601166,兴业银行
2021-03-12,92.31,92.11,93.22,91.6,803722,1926366608.0,601166,兴业银行
2021-03-15,92.37,92.66,94.96,92.05,1073511,2611031616.0,601166,兴业银行
2021-03-16,93.22,94.35,95.87,92.76,899350,2218232480.0,601166,兴业银行
2021-03-17,94.12,92.31,94.87,91.82,797934,1932468448.0,601166,兴业银行
2021-03-18,92.57,91.92,93.38,91.4,773567,1852837344.0,601166,兴业银行
2021-03-19,92.05,89.85,92.44,89.33,879628,2065539024.0,601166,兴业银行
2021-03-22,90.72,91.17,92.6,90.23,957477,2271512336.0,601166,兴业银行
2021-03-23,90.91,90.3,91.89,89.39,599815,1400215296.0,601166,兴业银行
2021-03-24,90.3,87.71,90.56,87.51,1077260,2450353520.0,601166,兴业银行
2021-03-25,89.1,88.19,89.42,87.8,601452,1370920160.0,601166,兴业银行
2021-03-26,88.94,89.88,90.27,88.23,716712,1652849552.0,601166,兴业银行
2021-03-29,89.81,89.75,90.53,88.58,676233,1562292512.0,601166,兴业银行
2021-03-30,90.04,89.85,90.59,89.17,601418,1393941744.0,601166,兴业银行
2021-03-31,90.59,92.66,93.73,89.85,1398036,3332731392.0,601166,兴业银行
2021-04-01,93.18,92.6,93.34,91.98,504765,1213117632.0,601166,兴业银行
2021-04-02,92.99,90.36,93.02,89.49,858360,2014006112.0,601166,兴业银行
2021-04-06,90.72,91.4,91.63,90.33,491674,1158475952.0,601166,兴业银行
2021-04-07,91.34,90.1,91.53,89.33,519267,1211445568.0,601166,兴业银行
2021-04-08,89.94,90.04,90.56,89.29,394648,917247424.0,601166,兴业银行
2021-04-09,90.3,89.91,90.82,89.52,461099,1072912784.0,601166,兴业银行
2021-04-12,89.29,88.55,89.88,88.23,656059,1502236992.0,601166,兴业银行
2021-04-13,89.2,87.77,89.42,86.86,717822,1622980400.0,601166,兴业银行
2021-04-14,88.1,84.89,88.1,84.69,1648136,3611952672.0,601166,兴业银行
2021-04-15,85.21,82.17,85.21,80.87,2981366,6202455808.0,601166,兴业银行
2021-04-16,82.49,82.3,82.52,81.23,1120636,2328418544.0,601166,兴业银行
2021-04-19,82.33,82.75,83.01,80.94,1457515,3040595536.0,601166,兴业银行
2021-04-20,82.65,83.72,84.95,82.46,1255718,2677980880.0,601166,兴业银行
2021-04-21,83.85,85.89,86.61,83.85,1392892,3050938016.0,601166,兴业银行
2021-04-22,86.05,84.63,86.38,83.95,918508,1992372560.0,601166,兴业银行
2021-04-23,84.31,85.47,85.7,83.95,587269,1279493120.0,601166,兴业银行
2021-04-26,86.41,84.43,87.16,84.24,911810,1998388064.0,601166,兴业银行
2021-04-27,84.27,85.05,85.63,84.08,523660,1137363856.0,601166,兴业银行
2021-04-28,85.12,84.27,85.37,83.2,881318,1887833920.0,601166,兴业银行
2021-04-29,84.34,86.57,86.61,84.27,1048133,2308394816.0,601166,兴业银行
2021-04-30,87.51,85.05,87.51,84.43,1234070,2716006480.0,601166,兴业银行
2021-05-06,84.43,86.74,87.67,84.43,1021380,2274865088.0,601166,兴业银行
2021-05-07,87.48,88.0,89.29,87.19,1294224,2946696432.0,601166,兴业银行
2021-05-10,88.1,85.89,88.1,85.37,981415,2165483776.0,601166,兴业银行
2021-05-11,85.57,87.03,87.87,85.5,1000902,2236506560.0,601166,兴业银行
2021-05-12,86.9,87.64,90.27,86.7,1475974,3371603760.0,601166,兴业银行
2021-05-13,87.55,87.77,88.68,87.45,801825,1816711616.0,601166,兴业银行
2021-05-14,88.19,89.04,89.23,86.96,968005,2198877456.0,601166,兴业银行
2021-05-17,88.71,88.52,90.4,87.64,1124306,2581340400.0,601166,兴业银行
2021-05-18,88.42,87.74,88.68,87.16,783473,1765997520.0,601166,兴业银行
2021-05-19,87.51,84.47,87.58,83.4,2140154,4634717440.0,601166,兴业银行
2021-05-20,83.92,84.63,84.66,83.2,1024327,2195233488.0,601166,兴业银行
2021-05-21,84.73,83.98,84.95,83.2,930509,1989442960.0,601166,兴业银行
2021-05-24,83.85,84.76,85.5,83.85,1060659,2297326016.0,601166,兴业银行
2021-05-25,84.69,89.59,89.68,84.34,2349372,5309356288.0,601166,兴业银行
2021-05-26,90.27,90.69,91.63,89.94,1428740,3356058608.0,601166,兴业银行
2021-05-27,90.53,89.2,90.53,88.84,1202962,2780714240.0,601166,兴业银行
2021-05-28,89.33,90.01,90.56,89.04,789027,1827066400.0,601166,兴业银行
2021-05-31,89.85,89.49,89.98,88.13,1063937,2434927328.0,601166,兴业银行
2021-06-01,88.81,87.84,88.97,87.42,1181690,2669496448.0,601166,兴业银行
2021-06-02,87.93,87.06,88.0,86.54,917941,2048687120.0,601166,兴业银行
2021-06-03,87.25,86.22,88.39,85.96,1194652,2667713312.0,601166,兴业银行
2021-06-04,86.31,87.16,88.26,85.96,1319103,2946033072.0,601166,兴业银行
2021-06-07,87.16,86.8,87.16,85.99,596421,1324151488.0,601166,兴业银行
2021-06-08,86.83,86.41,87.48,85.76,901698,1996074480.0,601166,兴业银行
2021-06-09,86.22,85.76,86.86,85.57,733077,1617369840.0,601166,兴业银行
2021-06-10,86.18,85.99,86.77,85.83,949720,2101736864.0,601166,兴业银行
2021-06-11,86.05,84.47,86.25,83.3,1590641,3420223344.0,601166,兴业银行
2021-06-15,83.79,82.39,83.88,82.17,1053113,2211526864.0,601166,兴业银行
2021-06-16,82.17,82.3,83.07,81.78,876143,1835236080.0,601166,兴业银行
2021-06-17,82.33,82.0,82.81,81.94,668422,1394423136.0,601166,兴业银行
2021-06-18,81.68,79.93,81.75,79.54,1472701,2988011952.0,601166,兴业银行
2021-06-21,79.74,79.06,80.0,78.86,909977,1815252352.0,601166,兴业银行
2021-06-22,79.38,79.48,80.32,78.7,1171826,2343808544.0,601166,兴业银行
2021-06-23,79.61,80.13,80.42,79.09,848507,1711202944.0,601166,兴业银行
2021-06-24,80.26,80.84,80.84,80.0,664527,1350696352.0,601166,兴业银行
2021-06-25,81.0,81.75,82.07,80.87,1015961,2099828096.0,601166,兴业银行
2021-06-28,81.75,80.16,81.94,79.83,1063893,2161253120.0,601166,兴业银行
2021-06-29,80.52,80.97,81.36,80.26,956975,1877011424.0,601166,兴业银行
2021-06-30,81.69,83.79,84.57,81.69,1383069,2836473280.0,601166,兴业银行
2021-07-01,84.7,86.26,87.36,84.44,1760491,3737193728.0,601166,兴业银行
2021-07-02,85.54,84.57,85.58,84.12,1245257,2599595360.0,601166,兴业银行
2021-07-05,85.06,85.38,85.51,83.31,847833,1762929936.0,601166,兴业银行
2021-07-06,85.45,86.77,87.39,85.25,1057850,2266167376.0,601166,兴业银行
2021-07-07,86.71,86.35,87.84,85.8,749238,1604779504.0,601166,兴业银行
2021-07-08,87.0,84.28,87.26,83.89,1347908,2803461840.0,601166,兴业银行
2021-07-09,84.21,83.02,84.96,82.37,1174399,2401103648.0,601166,兴业银行
2021-07-12,83.96,83.66,85.12,83.02,1233859,2538267376.0,601166,兴业银行
2021-07-13,83.79,83.34,84.28,82.4,825470,1686823152.0,601166,兴业银行
2021-07-14,83.27,81.43,83.27,81.04,1156382,2300359136.0,601166,兴业银行
2021-07-15,81.4,84.6,84.77,81.07,1276302,2602711136.0,601166,兴业银行
2021-07-16,84.18,83.47,84.99,83.02,758201,1554457408.0,601166,兴业银行
2021-07-19,83.44,83.34,83.63,81.82,748673,1510217120.0,601166,兴业银行
2021-07-20,82.92,82.11,83.31,81.88,612005,1231337024.0,601166,兴业银行
2021-07-21,82.21,81.14,82.66,80.84,1163013,2303286336.0,601166,兴业银行
2021-07-22,81.04,81.72,82.89,80.97,847361,1693875232.0,601166,兴业银行
2021-07-23,81.75,81.33,81.78,80.72,787152,1552210288.0,601166,兴业银行
2021-07-26,80.78,77.8,80.88,77.73,1607333,3052709824.0,601166,兴业银行
2021-07-27,78.03,75.47,78.35,75.05,1596391,2913553040.0,601166,兴业银行
2021-07-28,75.82,76.6,77.02,75.37,1120705,2045977840.0,601166,兴业银行
2021-07-29,77.09,75.34,77.09,75.24,1249646,2256777216.0,601166,兴业银行
2021-07-30,75.05,74.46,75.34,74.01,955772,1688461856.0,601166,兴业银行
2021-08-02,74.07,75.21,75.66,72.84,1388659,2453857264.0,601166,兴业银行
2021-08-03,74.62,74.36,75.14,73.91,1107108,1951290432.0,601166,兴业银行
2021-08-04,74.56,73.59,74.62,73.49,920211,1605648624.0,601166,兴业银行
2021-08-05,73.46,73.62,74.27,73.17,776650,1356297056.0,601166,兴业银行
2021-08-06,73.33,74.07,74.36,72.55,960914,1670656240.0,601166,兴业银行
2021-08-09,74.17,76.24,77.44,74.11,1620649,2953930528.0,601166,兴业银行
2021-08-10,76.15,77.67,78.06,75.37,1454307,2671969920.0,601166,兴业银行
2021-08-11,77.73,77.93,79.84,77.41,1490811,2827961840.0,601166,兴业银行
2021-08-12,77.86,77.51,78.35,77.28,729885,1365260160.0,601166,兴业银行
2021-08-13,77.54,77.57,77.8,76.83,726767,1346606560.0,601166,兴业银行
2021-08-16,78.03,77.57,78.41,77.05,750721,1402725360.0,601166,兴业银行
2021-08-17,77.54,76.79,78.25,76.63,734270,1364887328.0,601166,兴业银行
2021-08-18,76.92,79.39,80.1,76.89,1331224,2528960304.0,601166,兴业银行
2021-08-19,79.1,77.31,79.58,77.31,1045516,1964478304.0,601166,兴业银行
2021-08-20,77.73,76.37,78.12,75.56,1313534,2399423984.0,601166,兴业银行
2021-08-23,76.34,76.47,77.09,76.05,786545,1441096048.0,601166,兴业银行
2021-08-24,76.47,77.44,77.73,76.28,912143,1686720976.0,601166,兴业银行
2021-08-25,77.41,76.73,77.96,76.47,723376,1337091168.0,601166,兴业银行
2021-08-26,76.67,75.95,76.76,75.6,795093,1442587744.0,601166,兴业银行
2021-08-27,75.86,75.56,76.47,74.95,1057718,1909178224.0,601166,兴业银行
2021-08-30,75.98,75.86,77.02,75.3,1157386,2102592304.0,601166,兴业银行
2021-08-31,76.02,77.15,77.48,75.4,1166434,2135357088.0,601166,兴业银行
2021-09-01,76.86,79.29,79.91,76.79,1863632,3534930256.0,601166,兴业银行
2021-09-02,79.65,80.16,80.78,79.55,1356524,2638083440.0,601166,兴业银行
2021-09-03,79.91,80.2,81.3,78.61,1239110,2405259536.0,601166,兴业银行
2021-09-06,79.91,79.94,80.94,79.81,768484,1496084496.0,601166,兴业银行
2021-09-07,80.13,81.69,81.78,79.42,1223167,2393891888.0,601166,兴业银行
2021-09-08,81.46,80.16,82.27,79.74,1356653,2664556576.0,601166,兴业银行
2021-09-09,79.78,79.52,80.0,78.93,925753,1777025280.0,601166,兴业银行
2021-09-10,79.61,81.17,82.76,79.52,1935698,3835141728.0,601166,兴业银行
2021-09-13,81.17,82.3,82.5,80.75,1586912,3163870464.0,601166,兴业银行
2021-09-14,82.3,79.29,82.66,79.19,1747155,3407602464.0,601166,兴业银行
2021-09-15,79.03,78.29,79.52,77.8,1193492,2260123776.0,601166,兴业银行
2021-09-16,77.96,77.48,78.67,77.41,907176,1699646608.0,601166,兴业银行
2021-09-17,77.48,77.73,78.19,77.02,770201,1433650288.0,601166,兴业银行
2021-09-22,75.53,75.92,76.57,74.82,1389291,2502514848.0,601166,兴业银行
2021-09-23,76.34,76.24,77.25,75.79,757549,1383340608.0,601166,兴业银行
2021-09-24,76.15,75.27,76.5,75.05,803240,1448719664.0,601166,兴业银行
2021-09-27,75.27,75.86,76.02,73.98,1221821,2175945216.0,601166,兴业银行
2021-09-28,75.86,77.02,77.38,75.66,1016263,1865644880.0,601166,兴业银行
2021-09-29,76.41,77.18,77.96,76.21,818234,1511555152.0,601166,兴业银行
2021-09-30,77.28,76.5,77.28,76.21,708723,1299064544.0,601166,兴业银行
2021-10-08,76.86,77.73,77.93,76.83,810562,1506411136.0,601166,兴业银行
2021-10-11,78.77,79.94,80.39,78.77,1563445,3023712848.0,601166,兴业银行
2021-10-12,79.84,79.87,80.88,79.29,1053341,2041157856.0,601166,兴业银行
2021-10-13,79.84,79.45,80.26,78.9,701941,1349798400.0,601166,兴业银行
2021-10-14,79.55,79.06,80.29,78.64,571366,1095933616.0,601166,兴业银行
2021-10-15,79.22,79.48,80.33,78.77,842513,1622340112.0,601166,兴业银行
2021-10-18,79.87,79.55,80.29,79.1,664331,1277985856.0,601166,兴业银行
2021-10-19,79.42,79.52,80.33,79.32,676642,1305805104.0,601166,兴业银行
2021-10-20,79.74,79.26,80.42,78.93,687583,1322525344.0,601166,兴业银行
2021-10-21,79.74,81.3,81.56,79.74,1469600,2883109376.0,601166,兴业银行
2021-10-22,81.69,81.59,82.4,80.94,971692,1933881952.0,601166,兴业银行
2021-10-25,80.65,80.88,81.23,80.33,876198,1715776032.0,601166,兴业银行
2021-10-26,80.65,80.0,81.23,79.65,1045140,2034275472.0,601166,兴业银行
2021-10-27,79.74,79.03,79.91,78.22,995326,1898520368.0,601166,兴业银行
2021-10-28,78.8,78.93,79.42,78.41,590692,1124050096.0,601166,兴业银行
2021-10-29,79.87,77.57,80.1,77.22,1642608,3101893136.0,601166,兴业银行
2021-11-01,77.7,78.67,79.58,77.41,1376606,2610843888.0,601166,兴业银行
2021-11-02,78.67,75.6,79.0,75.14,2758717,5026249216.0,601166,兴业银行
2021-11-03,75.63,76.47,76.47,75.34,1014872,1840885488.0,601166,兴业银行
2021-11-04,76.24,76.28,76.57,75.56,773762,1405082032.0,601166,兴业银行
2021-11-05,75.66,75.98,76.31,75.43,729897,1321378384.0,601166,兴业银行
2021-11-08,75.98,75.76,76.34,75.43,803828,1456889888.0,601166,兴业银行
2021-11-09,76.15,76.54,76.89,75.92,789709,1442540352.0,601166,兴业银行
2021-11-10,76.34,76.15,76.41,75.69,724861,1314856480.0,601166,兴业银行
2021-11-11,75.89,78.41,78.58,75.89,1483277,2775988976.0,601166,兴业银行
2021-11-12,78.45,78.25,79.03,77.9,660594,1245699984.0,601166,兴业银行
2021-11-15,78.35,78.22,79.0,77.67,548120,1030556656.0,601166,兴业银行
2021-11-16,77.93,77.48,78.48,77.12,537806,1003468736.0,601166,兴业银行
2021-11-17,76.99,77.18,77.9,76.89,461644,856773552.0,601166,兴业银行
2021-11-18,77.09,76.5,77.44,76.41,579223,1064174880.0,601166,兴业银行
2021-11-19,76.44,77.15,77.51,76.31,678055,1249610032.0,601166,兴业银行
2021-11-22,77.25,76.18,77.41,75.98,1058190,1930611776.0,601166,兴业银行
2021-11-23,76.18,75.95,76.44,75.76,1056176,1916447600.0,601166,兴业银行
2021-11-24,75.98,76.54,76.92,75.56,1083727,1971818624.0,601166,兴业银行
2021-11-25,76.34,76.41,76.57,76.11,574889,1049420608.0,601166,兴业银行
2021-11-26,76.15,76.18,76.34,75.73,748758,1358620352.0,601166,兴业银行
2021-11-29,75.82,75.76,76.05,75.47,824463,1487708800.0,601166,兴业银行
2021-11-30,75.73,75.56,75.95,75.37,587481,1059115456.0,601166,兴业银行
2021-12-01,75.53,75.92,76.05,75.37,544134,984257296.0,601166,兴业银行
2021-12-02,75.82,76.73,76.92,75.47,928809,1696196112.0,601166,兴业银行
2021-12-03,76.67,76.5,76.99,75.92,822042,1500461360.0,601166,兴业银行
2021-12-06,76.67,77.22,78.32,76.67,1324104,2463316672.0,601166,兴业银行
2021-12-07,77.93,79.48,79.74,77.86,2510044,4775164672.0,601166,兴业银行
2021-12-08,79.16,80.23,80.42,79.0,1520075,2936913584.0,601166,兴业银行
2021-12-09,80.23,80.16,81.62,79.94,1432510,2800564384.0,601166,兴业银行
2021-12-10,79.74,80.13,81.14,79.61,1221508,2372960864.0,601166,兴业银行
2021-12-13,80.52,80.68,82.24,80.52,1410508,2792217248.0,601166,兴业银行
2021-12-14,80.42,79.45,80.59,79.0,1037368,1994533984.0,601166,兴业银行
2021-12-15,79.1,79.16,79.55,78.51,961685,1832566080.0,601166,兴业银行
2021-12-16,79.55,80.39,80.55,79.26,940317,1823029552.0,601166,兴业银行
2021-12-17,80.39,80.33,81.01,80.1,846600,1653523120.0,601166,兴业银行
2021-12-20,80.1,80.46,81.01,79.97,699546,1368176272.0,601166,兴业银行
2021-12-21,80.39,80.49,81.43,80.23,881012,1729336832.0,601166,兴业银行
2021-12-22,80.91,79.81,81.01,79.48,697348,1350456384.0,601166,兴业银行
2021-12-23,80.23,79.61,80.78,79.13,1396115,2692633248.0,601166,兴业银行
2021-12-24,79.94,79.0,79.94,78.97,763855,1462305168.0,601166,兴业银行
2021-12-27,78.8,78.29,79.0,78.16,944858,1787175904.0,601166,兴业银行
2021-12-28,78.51,78.9,79.35,78.48,930355,1775270416.0,601166,兴业银行
2021-12-29,79.19,78.51,79.19,78.38,601638,1142117984.0,601166,兴业银行
2021-12-30,78.58,78.93,79.45,78.51,798266,1523528384.0,601166,兴业银行
2021-12-31,79.13,78.9,79.29,78.71,553909,1055756720.0,601166,兴业银行
2022-01-04,79.0,79.19,79.42,78.25,1055271,2008970560.0,601166,兴业银行
2022-01-05,79.26,82.24,83.05,79.22,2454030,4887972352.0,601166,兴业银行
2022-01-06,82.53,81.88,82.82,81.69,1219046,2441886016.0,601166,兴业银行
2022-01-07,82.34,83.31,83.5,81.88,1177945,2389606944.0,601166,兴业银行
2022-01-10,83.92,84.05,84.41,82.66,1278528,2615168640.0,601166,兴业银行
2022-01-11,85.25,86.55,87.07,84.6,1954062,4161625664.0,601166,兴业银行
2022-01-12,86.71,86.45,87.07,85.58,1481452,3166649296.0,601166,兴业银行
2022-01-13,86.55,86.03,87.29,85.77,1096567,2337946560.0,601166,兴业银行
2022-01-14,85.8,84.15,85.9,83.76,1465026,3036715984.0,601166,兴业银行
2022-01-17,84.38,83.66,85.12,83.18,816623,1679029840.0,601166,兴业银行
2022-01-18,83.7,86.22,86.35,83.31,1364751,2863106176.0,601166,兴业银行
2022-01-19,86.22,86.9,87.32,85.7,1323517,2837981312.0,601166,兴业银行
2022-01-20,86.84,88.98,89.37,86.74,1638620,3610072352.0,601166,兴业银行
2022-01-21,88.49,87.84,88.72,87.52,817945,1786680944.0,601166,兴业银行
2022-01-24,87.84,88.69,89.5,87.16,1168089,2569932400.0,601166,兴业银行
2022-01-25,88.49,86.61,88.49,86.55,1024315,2212679792.0,601166,兴业银行
2022-01-26,86.9,86.32,87.58,85.93,674514,1439454656.0,601166,兴业银行
2022-01-27,86.29,86.22,87.03,85.41,995376,2121877696.0,601166,兴业银行
2022-01-28,86.71,84.86,86.81,84.6,1025664,2167122128.0,601166,兴业银行
2022-02-07,86.39,88.52,88.75,86.13,1594037,3467046288.0,601166,兴业银行
2022-02-08,88.65,89.72,90.01,88.43,1215914,2704923136.0,601166,兴业银行
2022-02-09,89.88,89.37,90.6,89.01,1082395,2423187104.0,601166,兴业银行
2022-02-10,89.2,90.6,90.92,88.59,907149,2042210784.0,601166,兴业银行
2022-02-11,91.02,91.7,92.15,90.44,1236475,2832508016.0,601166,兴业银行
2022-02-14,91.57,89.3,91.57,88.94,1133555,2533923312.0,601166,兴业银行
2022-02-15,88.91,88.01,89.72,86.9,1543969,3370705536.0,601166,兴业银行
2022-02-16,88.17,89.07,89.66,88.17,709956,1574129120.0,601166,兴业银行
2022-02-17,89.11,89.46,91.08,88.91,1103724,2477906752.0,601166,兴业银行
2022-02-18,89.5,91.37,91.37,89.4,933980,2119133520.0,601166,兴业银行
2022-02-21,91.08,90.95,91.41,89.46,809657,1828381536.0,601166,兴业银行
2022-02-22,91.15,91.99,92.44,90.18,1252979,2873605360.0,601166,兴业银行
2022-02-23,91.99,90.11,92.02,89.63,1102071,2489160592.0,601166,兴业银行
2022-02-24,90.18,89.53,91.02,89.4,1028156,2311675216.0,601166,兴业银行
2022-02-25,89.75,88.85,90.4,88.07,1125989,2488473312.0,601166,兴业银行
2022-02-28,88.49,88.72,88.88,86.58,1022221,2230054192.0,601166,兴业银行
2022-03-01,88.49,89.04,89.4,87.68,871793,1917241136.0,601166,兴业银行
2022-03-02,88.01,88.69,89.43,87.91,532416,1174785456.0,601166,兴业银行
2022-03-03,88.78,88.75,89.92,88.69,718005,1594274480.0,601166,兴业银行
2022-03-04,88.49,87.55,88.78,87.2,752301,1635990912.0,601166,兴业银行
2022-03-07,86.84,86.35,87.91,85.93,1184656,2542907264.0,601166,兴业银行
2022-03-08,85.74,83.96,86.32,83.63,1361881,2853935584.0,601166,兴业银行
2022-03-09,84.25,83.53,85.06,81.62,1231453,2522825424.0,601166,兴业银行
2022-03-10,84.86,84.18,85.25,83.96,743162,1545999984.0,601166,兴业银行
2022-03-11,83.76,84.6,84.89,82.3,820473,1682297136.0,601166,兴业银行
2022-03-14,83.66,82.46,85.06,82.43,821298,1677137216.0,601166,兴业银行
2022-03-15,81.98,78.29,82.01,78.12,1643798,3169652416.0,601166,兴业银行
2022-03-16,79.42,81.43,82.04,78.29,1437253,2787562336.0,601166,兴业银行
2022-03-17,82.92,81.72,83.11,80.81,1227694,2453713008.0,601166,兴业银行
2022-03-18,81.3,84.47,84.86,81.14,1430839,2931752832.0,601166,兴业银行
2022-03-21,84.21,82.72,84.6,82.56,975084,1988924592.0,601166,兴业银行
2022-03-22,82.95,84.64,85.02,82.82,863389,1784369840.0,601166,兴业银行
2022-03-23,84.41,81.07,84.54,80.81,3084135,6148405504.0,601166,兴业银行
2022-03-24,80.65,81.53,81.62,79.94,1098797,2168392288.0,601166,兴业银行
2022-03-25,81.95,82.24,83.47,81.53,1329048,2675943136.0,601166,兴业银行
2022-03-28,81.49,82.11,82.53,80.59,821770,1637628384.0,601166,兴业银行
2022-03-29,82.27,81.62,82.4,81.46,526222,1049983840.0,601166,兴业银行
2022-03-30,81.98,82.95,83.11,81.65,960165,1935092672.0,601166,兴业银行
2022-03-31,82.66,84.18,84.57,82.46,1178969,2425511488.0,601166,兴业银行
2022-04-01,83.83,86.55,86.61,83.47,1421227,3002129696.0,601166,兴业银行
2022-04-06,85.87,88.23,89.17,85.8,1598676,3500524240.0,601166,兴业银行
2022-04-07,88.1,87.16,89.07,86.77,1101117,2398438192.0,601166,兴业银行
2022-04-08,87.2,88.46,88.62,87.16,802278,1754316416.0,601166,兴业银行
2022-04-11,88.1,87.68,88.3,86.87,860660,1871521840.0,601166,兴业银行
2022-04-12,87.36,87.62,88.49,86.45,878480,1905047648.0,601166,兴业银行
2022-04-13,87.39,87.58,88.59,86.97,817165,1784569872.0,601166,兴业银行
2022-04-14,88.65,87.45,88.69,86.87,937776,2035327136.0,601166,兴业银行
2022-04-15,87.26,89.33,89.85,87.03,1189640,2625350672.0,601166,兴业银行
2022-04-18,88.39,87.45,88.39,86.71,1143366,2476074544.0,601166,兴业银行
2022-04-19,87.2,86.71,87.39,85.58,928747,1982821744.0,601166,兴业银行
2022-04-20,86.84,86.09,87.26,85.93,730518,1561042800.0,601166,兴业银行
2022-04-21,86.09,85.67,87.45,85.12,912945,1947659216.0,601166,兴业银行
2022-04-22,85.15,86.61,87.2,84.96,762351,1630350368.0,601166,兴业银行
2022-04-25,84.96,82.92,85.54,82.82,1492988,3086710288.0,601166,兴业银行
2022-04-26,83.24,83.37,84.41,82.79,910385,1866639024.0,601166,兴业银行
2022-04-27,82.85,83.76,84.57,82.72,877749,1803283312.0,601166,兴业银行
2022-04-28,83.63,85.41,85.48,83.5,1054013,2198281360.0,601166,兴业银行
2022-04-29,85.09,83.57,85.09,82.01,1827994,3712928960.0,601166,兴业银行
2022-05-05,83.15,83.31,84.28,82.82,1003052,2047619440.0,601166,兴业银行
2022-05-06,82.63,81.88,83.24,81.78,643861,1293115984.0,601166,兴业银行
2022-05-09,81.49,80.78,81.78,80.23,669036,1314923568.0,601166,兴业银行
2022-05-10,80.29,82.01,82.24,79.84,829533,1641619472.0,601166,兴业银行
2022-05-11,82.17,81.3,82.34,80.94,1054972,2092493056.0,601166,兴业银行
2022-05-12,80.91,80.81,81.17,80.26,582935,1141925136.0,601166,兴业银行
2022-05-13,81.17,81.2,82.3,80.72,1069314,2119039072.0,601166,兴业银行
2022-05-16,81.23,79.87,81.23,79.35,1237326,2388282832.0,601166,兴业银行
2022-05-17,79.97,80.68,81.17,79.48,858625,1676834672.0,601166,兴业银行
2022-05-18,81.04,80.13,81.07,79.68,742996,1441303920.0,601166,兴业银行
2022-05-19,79.42,79.68,79.91,79.32,665182,1280155696.0,601166,兴业银行
2022-05-20,80.0,81.01,81.23,79.94,1024771,2012286336.0,601166,兴业银行
2022-05-23,81.2,80.97,81.59,80.42,800160,1575985616.0,601166,兴业银行
2022-05-24,81.23,80.33,81.49,80.29,607270,1192644304.0,601166,兴业银行
2022-05-25,80.55,80.49,80.88,80.2,461298,901938496.0,601166,兴业银行
2022-05-26,80.72,80.49,80.78,79.91,616063,1200373296.0,601166,兴业银行
2022-05-27,80.68,81.1,81.65,80.55,736520,1452788832.0,601166,兴业银行
2022-05-30,81.62,80.49,81.62,80.26,594663,1165857888.0,601166,兴业银行
2022-05-31,80.55,80.88,81.14,80.23,710119,1394974496.0,601166,兴业银行
2022-06-01,81.04,80.59,81.07,80.29,607186,1187582560.0,601166,兴业银行
2022-06-02,80.29,79.91,80.55,79.78,721370,1397313232.0,601166,兴业银行
2022-06-06,79.78,79.39,79.91,78.64,1315650,2510420016.0,601166,兴业银行
2022-06-07,79.16,80.42,80.68,79.06,1004751,1949584752.0,601166,兴业银行
2022-06-08,80.62,80.81,80.84,79.97,802914,1567252192.0,601166,兴业银行
2022-06-09,81.2,82.63,82.92,81.04,1486130,2982767120.0,601166,兴业银行
2022-06-10,82.4,83.08,83.21,81.91,1042362,2103333408.0,601166,兴业银行
2022-06-13,82.79,81.69,83.05,81.2,1006422,2003540688.0,601166,兴业银行
2022-06-14,81.33,82.76,82.82,81.14,898242,1797935824.0,601166,兴业银行
2022-06-15,82.82,84.34,85.25,82.5,1756861,3636870000.0,601166,兴业银行
2022-06-16,84.72,83.45,84.81,83.32,1243801,2437697184.0,601166,兴业银行
2022-06-17,83.0,83.39,83.84,82.9,1008085,1951951344.0,601166,兴业银行
2022-06-20,83.39,82.55,83.52,82.19,960300,1836451888.0,601166,兴业银行
2022-06-21,82.51,83.36,83.74,82.19,718301,1389466224.0,601166,兴业银行
2022-06-22,83.29,82.45,83.29,82.45,648894,1245925280.0,601166,兴业银行
2022-06-23,82.61,83.1,83.13,82.48,642934,1235697888.0,601166,兴业银行
2022-06-24,83.06,82.74,83.45,82.22,895597,1715038944.0,601166,兴业银行
2022-06-27,82.74,83.29,83.71,82.58,848897,1642325584.0,601166,兴业银行
2022-06-28,83.42,83.65,84.1,83.0,676452,1313859792.0,601166,兴业银行
2022-06-29,83.42,84.26,84.78,83.39,839916,1652407152.0,601166,兴业银行
2022-06-30,84.1,85.04,85.43,83.81,1003384,1993739776.0,601166,兴业银行
2022-07-01,85.11,85.04,85.4,84.78,602202,1199895136.0,601166,兴业银行
2022-07-04,84.91,84.3,85.17,83.97,780491,1535754304.0,601166,兴业银行
2022-07-05,84.36,84.39,85.3,84.07,815967,1612547344.0,601166,兴业银行
2022-07-06,84.23,83.39,84.43,83.03,733437,1423624672.0,601166,兴业银行
2022-07-07,83.26,82.84,83.62,82.77,582847,1124998848.0,601166,兴业银行
2022-07-08,83.16,83.13,83.26,82.32,595228,1146119984.0,601166,兴业银行
2022-07-11,82.97,82.68,83.68,82.68,629122,1213967808.0,601166,兴业银行
2022-07-12,82.84,83.03,83.68,82.84,702962,1360820559.0,601166,兴业银行
2022-07-13,82.64,80.83,82.93,80.67,1815045,3399747790.0,601166,兴业银行
2022-07-14,80.28,78.88,80.28,78.69,1987092,3579739443.0,601166,兴业银行
2022-07-15,79.01,77.69,79.31,77.62,1464229,2614497680.0,601166,兴业银行
2022-07-18,78.07,78.24,78.72,77.78,872070,1553204290.0,601166,兴业银行
2022-07-19,78.27,78.07,78.5,77.62,801578,1419874584.0,601166,兴业银行
2022-07-20,78.4,78.07,78.66,77.82,633218,1125462430.0,601166,兴业银行
2022-07-21,77.91,76.81,77.91,76.65,1158803,2026269355.0,601166,兴业银行
2022-07-22,76.97,77.36,77.59,76.81,621486,1087838708.0,601166,兴业银行
2022-07-25,77.36,77.59,77.78,77.01,421863,741561896.0,601166,兴业银行
2022-07-26,77.65,78.56,78.59,77.59,801883,1428005241.0,601166,兴业银行
2022-07-27,78.98,78.33,79.05,78.07,566767,1013897197.0,601166,兴业银行
2022-07-28,78.5,78.56,79.05,78.46,553791,994061210.0,601166,兴业银行
2022-07-29,78.72,78.14,78.98,77.98,520739,928591055.0,601166,兴业银行
2022-08-01,77.95,77.43,77.95,77.36,532803,937838339.0,601166,兴业银行
2022-08-02,77.01,76.88,77.04,76.13,779242,1345304041.0,601166,兴业银行
2022-08-03,76.62,76.2,77.26,76.13,624408,1076996385.0,601166,兴业银行
2022-08-04,76.49,77.07,77.23,76.2,509062,884560776.0,601166,兴业银行
2022-08-05,77.1,77.59,77.59,76.68,413500,722545450.0,601166,兴业银行
2022-08-08,77.52,77.33,78.04,77.2,355451,624406653.0,601166,兴业银行
2022-08-09,77.36,77.1,77.43,77.04,253335,443129653.0,601166,兴业银行
2022-08-10,77.26,76.78,77.33,76.62,311596,541170725.0,601166,兴业银行
2022-08-11,77.26,78.4,78.5,76.97,698553,1236217719.0,601166,兴业银行
2022-08-12,78.14,78.46,78.63,78.01,383195,683644423.0,601166,兴业银行
2022-08-15,78.27,77.46,78.59,77.26,631099,1113624945.0,601166,兴业银行
2022-08-16,77.33,77.49,77.95,77.3,366720,645669827.0,601166,兴业银行
2022-08-17,77.69,78.56,78.72,77.26,707083,1258091008.0,601166,兴业银行
2022-08-18,78.4,77.75,78.46,77.46,507026,895308182.0,601166,兴业银行
2022-08-19,77.52,78.24,78.85,77.49,684367,1223239875.0,601166,兴业银行
2022-08-22,77.91,78.11,78.82,77.82,502418,895627640.0,601166,兴业银行
2022-08-23,78.11,77.62,78.24,77.36,426785,751739653.0,601166,兴业银行
2022-08-24,77.59,77.52,78.4,77.46,550158,973753201.0,601166,兴业银行
2022-08-25,77.69,78.56,78.72,77.46,670004,1188181904.0,601166,兴业银行
2022-08-26,78.5,78.5,78.63,77.82,512143,911187486.0,601166,兴业银行
2022-08-29,77.04,75.42,77.2,75.26,2267801,3856084600.0,601166,兴业银行
2022-08-30,75.26,75.06,75.61,74.67,938700,1576647363.0,601166,兴业银行
2022-08-31,74.77,76.0,76.45,74.64,1013765,1725405708.0,601166,兴业银行
2022-09-01,75.74,76.0,76.39,75.64,554334,950670916.0,601166,兴业银行
2022-09-02,76.2,75.74,76.45,75.48,455456,778015072.0,601166,兴业银行
2022-09-05,75.74,75.9,76.07,75.26,529371,898960855.0,601166,兴业银行
2022-09-06,75.94,75.84,76.45,75.64,606215,1036892065.0,601166,兴业银行
2022-09-07,75.74,75.94,76.03,75.42,435893,742032672.0,601166,兴业银行
2022-09-08,75.97,75.68,76.16,75.68,494942,844675431.0,601166,兴业银行
2022-09-09,75.94,76.88,77.17,75.74,983033,1705316617.0,601166,兴业银行
2022-09-13,77.17,77.56,77.75,76.65,753859,1323289559.0,601166,兴业银行
2022-09-14,76.94,76.88,77.49,76.88,477132,832781623.0,601166,兴业银行
2022-09-15,77.2,77.88,77.98,77.1,954107,1682255337.0,601166,兴业银行
2022-09-16,77.62,76.36,77.82,76.36,734805,1278981693.0,601166,兴业银行
2022-09-19,76.45,76.75,76.88,76.29,406576,703783886.0,601166,兴业银行
2022-09-20,76.84,75.9,77.04,75.9,484674,832611832.0,601166,兴业银行
2022-09-21,75.94,76.13,76.45,75.61,413002,707431489.0,601166,兴业银行
2022-09-22,75.77,75.81,76.03,75.64,388092,660977504.0,601166,兴业银行
2022-09-23,75.71,75.97,76.52,75.71,390989,670485154.0,601166,兴业银行
2022-09-26,75.74,74.83,76.16,74.77,643546,1089173365.0,601166,兴业银行
2022-09-27,74.93,75.03,75.29,74.35,581404,973579482.0,601166,兴业银行
2022-09-28,74.9,75.13,75.55,74.38,539910,908294274.0,601166,兴业银行
2022-09-29,75.42,74.15,75.52,73.99,740478,1233329548.0,601166,兴业银行
2022-09-30,74.25,74.51,74.9,74.15,470496,783686181.0,601166,兴业银行
2022-10-10,74.35,73.99,74.8,73.9,504862,837803576.0,601166,兴业银行
2022-10-11,74.28,73.47,74.35,73.41,423706,696264698.0,601166,兴业银行
2022-10-12,73.54,73.96,74.02,72.73,544681,886002684.0,601166,兴业银行
2022-10-13,73.73,73.38,73.96,72.92,556712,905075762.0,601166,兴业银行
2022-10-14,73.73,74.06,74.48,73.7,521782,863769293.0,601166,兴业银行
2022-10-17,73.86,74.12,74.38,73.77,382824,632374239.0,601166,兴业银行
2022-10-18,74.45,74.22,74.71,74.06,477073,790642689.0,601166,兴业银行
2022-10-19,74.02,72.89,74.32,72.89,732764,1194968511.0,601166,兴业银行
2022-10-20,72.83,72.7,73.02,72.5,600014,965483060.0,601166,兴业银行
2022-10-21,72.76,72.37,73.09,72.31,496713,797771429.0,601166,兴业银行
2022-10-24,72.37,70.14,72.57,70.01,1157428,1799947778.0,601166,兴业银行
2022-10-25,70.56,70.33,70.88,70.07,723392,1113709655.0,601166,兴业银行
2022-10-26,70.33,69.91,70.72,69.75,585754,897518627.0,601166,兴业银行
2022-10-27,70.1,69.97,70.59,69.94,462966,708788423.0,601166,兴业银行
2022-10-28,69.88,69.36,70.23,69.2,568471,860459133.0,601166,兴业银行
2022-10-31,69.16,69.26,69.65,68.87,576494,865894098.0,601166,兴业银行
2022-11-01,69.49,70.53,70.59,69.46,674258,1029060225.0,601166,兴业银行
2022-11-02,70.2,70.3,70.46,69.81,598259,914850976.0,601166,兴业银行
2022-11-03,70.04,69.62,70.14,69.46,458617,695721240.0,601166,兴业银行
2022-11-04,69.49,70.56,70.78,69.46,748389,1151835521.0,601166,兴业银行
2022-11-07,70.3,70.69,71.01,70.14,513676,793695538.0,601166,兴业银行
2022-11-08,70.66,70.62,70.82,70.33,367947,567525615.0,601166,兴业银行
2022-11-09,70.62,70.75,71.08,70.56,388866,603370128.0,601166,兴业银行
2022-11-10,70.53,70.98,71.11,70.43,380416,589875786.0,601166,兴业银行
2022-11-11,71.89,72.89,73.77,71.43,1268087,2033447365.0,601166,兴业银行
2022-11-14,74.02,74.58,75.68,74.02,1951001,3282761689.0,601166,兴业银行
2022-11-15,74.35,74.67,75.29,74.22,705122,1179052280.0,601166,兴业银行
2022-11-16,74.51,74.06,74.58,74.02,623276,1032992648.0,601166,兴业银行
2022-11-17,73.83,73.64,74.02,73.15,494633,809358371.0,601166,兴业银行
2022-11-18,73.8,73.12,73.86,72.99,449561,731431585.0,601166,兴业银行
2022-11-21,72.86,72.76,72.86,71.89,580954,928643319.0,601166,兴业银行
2022-11-22,72.79,74.06,74.38,72.76,733663,1203429824.0,601166,兴业银行
2022-11-23,74.09,74.67,75.19,73.93,732805,1224282308.0,601166,兴业银行
2022-11-24,74.83,74.41,75.39,74.25,439345,734363839.0,601166,兴业银行
2022-11-25,74.41,75.68,75.94,74.35,956856,1621708705.0,601166,兴业银行
2022-11-28,74.9,74.77,74.96,74.02,750299,1248283908.0,601166,兴业银行
2022-11-29,75.68,78.27,79.05,75.68,2652288,4672633552.0,601166,兴业银行
2022-11-30,77.85,77.91,78.98,77.59,1060878,1889077396.0,601166,兴业银行
2022-12-01,78.92,77.36,79.08,77.2,757838,1342542640.0,601166,兴业银行
2022-12-02,77.23,76.97,77.56,75.81,1029714,1778911671.0,601166,兴业银行
2022-12-05,77.62,78.59,78.72,77.26,1064464,1894932937.0,601166,兴业银行
2022-12-06,78.24,78.2,78.53,77.72,651301,1155846332.0,601166,兴业银行
2022-12-07,78.04,77.52,78.3,77.36,589308,1041098562.0,601166,兴业银行
2022-12-08,77.52,78.04,78.2,77.3,505800,893637410.0,601166,兴业银行
2022-12-09,78.2,78.88,79.34,77.98,1091515,1960364151.0,601166,兴业银行
2022-12-12,78.56,77.36,78.63,77.17,641818,1134922252.0,601166,兴业银行
2022-12-13,77.33,77.91,78.2,77.3,523454,926413010.0,601166,兴业银行
2022-12-14,78.24,78.11,78.3,77.39,473975,838246053.0,601166,兴业银行
2022-12-15,77.75,77.46,78.07,77.01,419549,737740889.0,601166,兴业银行
2022-12-16,77.2,77.75,78.17,77.1,657345,1159691687.0,601166,兴业银行
2022-12-19,77.82,76.71,78.07,76.36,649573,1133395114.0,601166,兴业银行
2022-12-20,76.49,75.58,77.01,75.19,866773,1480337675.0,601166,兴业银行
2022-12-21,75.68,76.0,76.23,75.45,374402,640056953.0,601166,兴业银行
2022-12-22,76.49,76.49,76.81,76.23,315192,544590590.0,601166,兴业银行
2022-12-23,76.16,76.45,76.84,76.1,344977,595257432.0,601166,兴业银行
2022-12-26,76.45,76.16,76.91,75.81,384010,661952682.0,601166,兴业银行
2022-12-27,76.68,77.04,77.65,76.62,445487,779816387.0,601166,兴业银行
2022-12-28,77.39,77.62,78.07,77.1,412202,725928498.0,601166,兴业银行
2022-12-29,77.33,77.07,77.72,76.58,408886,711617403.0,601166,兴业银行
2022-12-30,77.26,77.56,77.85,76.91,503058,884613469.0,601166,兴业银行
2023-01-03,77.26,78.14,78.4,76.71,770285,1359924064.0,601166,兴业银行
2023-01-04,78.27,79.11,79.76,78.11,968300,1751473287.0,601166,兴业银行
2023-01-05,79.47,79.18,79.63,78.82,637233,1153854278.0,601166,兴业银行
2023-01-06,79.08,79.21,79.4,78.56,528331,952991090.0,601166,兴业银行
2023-01-09,79.27,79.14,79.53,78.88,401440,727009534.0,601166,兴业银行
2023-01-10,79.05,78.17,79.47,78.07,655413,1174843861.0,601166,兴业银行
2023-01-11,78.33,78.82,79.31,78.2,624385,1125270868.0,601166,兴业银行
2023-01-12,79.11,79.05,79.14,78.5,366000,657691463.0,601166,兴业银行
2023-01-13,79.11,79.63,79.63,78.88,547583,993531259.0,601166,兴业银行
2023-01-16,79.69,79.63,80.41,79.31,742637,1358370789.0,601166,兴业银行
2023-01-17,79.47,79.53,79.82,79.11,524374,952057405.0,601166,兴业银行
2023-01-18,79.53,79.01,79.69,78.98,490031,887000983.0,601166,兴业银行
2023-01-19,78.88,79.11,79.24,78.46,586365,1053867124.0,601166,兴业银行
2023-01-20,79.14,78.76,79.14,78.5,636901,1142205918.0,601166,兴业银行
2023-01-30,79.47,78.56,79.53,78.5,784278,1412227084.0,601166,兴业银行
2023-01-31,78.43,77.65,78.82,77.43,1103953,1958029605.0,601166,兴业银行
2023-02-01,77.82,77.26,77.98,76.81,1071986,1872668702.0,601166,兴业银行
2023-02-02,77.33,76.97,77.39,76.81,696311,1211859025.0,601166,兴业银行
2023-02-03,76.78,76.49,76.84,76.26,604877,1043537122.0,601166,兴业银行
2023-02-06,76.23,76.13,76.26,75.77,629471,1076055660.0,601166,兴业银行
2023-02-07,76.07,76.2,76.42,76.03,458882,788330236.0,601166,兴业银行
2023-02-08,76.29,76.0,76.36,75.97,371296,636739273.0,601166,兴业银行
2023-02-09,75.94,76.26,76.52,75.87,493650,848427639.0,601166,兴业银行
2023-02-10,76.26,76.26,76.36,75.97,367627,630824899.0,601166,兴业银行
2023-02-13,76.07,75.48,76.1,75.39,1011472,1718575366.0,601166,兴业银行
2023-02-14,75.64,75.81,75.81,75.48,500659,850822367.0,601166,兴业银行
2023-02-15,75.68,75.52,75.81,75.45,420402,713585730.0,601166,兴业银行
2023-02-16,75.55,75.55,76.23,75.09,734488,1252769422.0,601166,兴业银行
2023-02-17,75.52,74.71,75.68,74.64,788703,1329734770.0,601166,兴业银行
2023-02-20,74.87,76.1,76.16,74.64,928177,1574087199.0,601166,兴业银行
2023-02-21,75.97,76.33,76.42,75.9,564886,970061815.0,601166,兴业银行
2023-02-22,76.1,75.77,76.26,75.74,387191,662118566.0,601166,兴业银行
2023-02-23,75.87,75.81,76.23,75.74,348498,595431348.0,601166,兴业银行
2023-02-24,75.77,75.32,75.81,75.29,494478,837087756.0,601166,兴业银行
2023-02-27,75.16,75.06,75.52,75.03,300377,506555361.0,601166,兴业银行
2023-02-28,75.19,75.35,75.42,74.83,489487,823654335.0,601166,兴业银行
2023-03-01,75.39,76.16,76.29,75.35,837326,1433857105.0,601166,兴业银行
2023-03-02,76.13,76.23,76.42,75.81,451678,775254765.0,601166,兴业银行
2023-03-03,76.42,76.65,76.75,76.16,811180,1398926017.0,601166,兴业银行
2023-03-06,76.71,75.58,76.91,75.52,980572,1675051988.0,601166,兴业银行
2023-03-07,75.74,75.64,76.91,75.39,1383538,2375703942.0,601166,兴业银行
2023-03-08,75.39,75.35,75.45,75.03,704993,1188970069.0,601166,兴业银行
2023-03-09,75.39,75.09,75.77,75.09,542969,917201317.0,601166,兴业银行
2023-03-10,74.74,74.35,75.03,74.35,737610,1229916086.0,601166,兴业银行
2023-03-13,74.25,74.22,74.67,74.06,613363,1016627883.0,601166,兴业银行
2023-03-14,74.02,73.99,74.45,73.7,527669,869657502.0,601166,兴业银行
2023-03-15,74.41,74.28,74.67,74.22,453079,753062037.0,601166,兴业银行
2023-03-16,74.02,74.61,75.22,73.9,640707,1069534086.0,601166,兴业银行
2023-03-17,74.9,74.74,75.48,74.51,802207,1348082975.0,601166,兴业银行
2023-03-20,74.8,74.41,75.26,74.38,546253,914122997.0,601166,兴业银行
2023-03-21,74.61,74.41,75.03,74.25,490331,815966668.0,601166,兴业银行
2023-03-22,74.61,74.9,75.13,74.51,494606,828363332.0,601166,兴业银行
2023-03-23,74.54,75.22,75.26,74.54,609662,1023353678.0,601166,兴业银行
2023-03-24,75.16,74.93,75.26,74.74,378206,635351703.0,601166,兴业银行
2023-03-27,75.0,74.45,75.03,74.35,490569,816713821.0,601166,兴业银行
2023-03-28,74.64,74.64,75.06,74.48,463768,774944437.0,601166,兴业银行
2023-03-29,74.96,74.35,74.96,74.32,434578,722994470.0,601166,兴业银行
2023-03-30,74.45,75.06,75.13,74.25,541010,903713433.0,601166,兴业银行
2023-03-31,75.19,75.29,75.77,75.13,779091,1319393297.0,601166,兴业银行
2023-04-03,75.26,75.29,75.42,75.06,488527,824151372.0,601166,兴业银行
2023-04-04,75.29,75.64,75.71,75.16,485718,823750240.0,601166,兴业银行
2023-04-06,75.58,75.39,75.68,75.32,373316,632411758.0,601166,兴业银行
2023-04-07,75.45,75.55,75.77,75.42,346671,588824346.0,601166,兴业银行
2023-04-10,75.55,75.81,75.87,75.52,410694,699520205.0,601166,兴业银行
2023-04-11,75.94,75.61,76.1,75.55,439627,749371364.0,601166,兴业银行
2023-04-12,75.77,75.58,75.84,75.52,438652,745461442.0,601166,兴业银行
2023-04-13,75.55,75.87,76.1,75.32,569845,969599586.0,601166,兴业银行
2023-04-14,75.94,76.0,76.36,75.77,558728,956967311.0,601166,兴业银行
2023-04-17,76.03,76.68,76.68,75.84,911041,1565941126.0,601166,兴业银行
2023-04-18,76.68,76.97,77.62,76.58,1088767,1898479854.0,601166,兴业银行
2023-04-19,77.07,76.84,77.23,76.65,816500,1421240946.0,601166,兴业银行
2023-04-20,76.88,76.91,77.2,76.42,654086,1135254963.0,601166,兴业银行
2023-04-21,76.94,76.0,77.14,75.9,941322,1622540909.0,601166,兴业银行
2023-04-24,75.97,75.42,76.2,75.35,876282,1490311181.0,601166,兴业银行
2023-04-25,75.52,76.52,76.58,75.52,995234,1707072535.0,601166,兴业银行
2023-04-26,76.62,76.45,76.88,75.84,792578,1363209399.0,601166,兴业银行
2023-04-27,76.26,76.1,76.42,75.64,824701,1410709848.0,601166,兴业银行
2023-04-28,76.03,76.36,76.94,75.94,848219,1463009669.0,601166,兴业银行
2023-05-04,73.96,74.87,74.93,73.41,2686373,4451167465.0,601166,兴业银行
2023-05-05,75.0,76.07,76.84,75.0,1775592,3046342467.0,601166,兴业银行
2023-05-08,76.33,77.69,78.17,76.2,2102219,3687354529.0,601166,兴业银行
2023-05-09,78.14,77.46,78.69,77.26,1627643,2880983733.0,601166,兴业银行
2023-05-10,77.33,76.65,77.59,76.52,1016293,1769991052.0,601166,兴业银行
2023-05-11,76.84,76.45,77.17,76.33,595738,1030718256.0,601166,兴业银行
2023-05-12,76.52,75.74,76.62,75.64,765441,1308713033.0,601166,兴业银行
2023-05-15,75.71,76.13,76.29,75.39,894217,1523324156.0,601166,兴业银行
2023-05-16,76.29,76.42,76.94,76.23,821942,1420712984.0,601166,兴业银行
2023-05-17,76.29,76.1,76.84,76.0,663860,1143948637.0,601166,兴业银行
2023-05-18,76.36,76.23,76.84,76.07,739443,1274997622.0,601166,兴业银行
2023-05-19,76.13,75.77,76.16,75.71,537572,917858584.0,601166,兴业银行
2023-05-22,75.84,75.9,76.2,75.74,548531,937462046.0,601166,兴业银行
2023-05-23,75.9,75.48,76.1,75.48,681131,1160360397.0,601166,兴业银行
2023-05-24,75.48,74.74,75.61,74.74,780902,1314186637.0,601166,兴业银行
2023-05-25,74.74,74.58,74.77,74.35,538869,897366515.0,601166,兴业银行
2023-05-26,74.67,74.93,74.96,74.35,453404,757019515.0,601166,兴业银行
2023-05-29,75.0,74.83,75.16,74.54,518930,868418986.0,601166,兴业银行
2023-05-30,74.9,74.64,74.96,74.15,547317,910880063.0,601166,兴业银行
2023-05-31,74.51,74.22,74.64,74.15,472475,783559806.0,601166,兴业银行
2023-06-01,74.28,74.19,74.45,74.02,500705,828258380.0,601166,兴业银行
2023-06-02,74.35,74.67,74.71,74.28,523992,872834913.0,601166,兴业银行
2023-06-05,74.67,74.77,75.0,74.51,307947,514657331.0,601166,兴业银行
2023-06-06,74.77,74.8,75.48,74.71,538390,906165233.0,601166,兴业银行
2023-06-07,74.83,75.03,75.32,74.8,362622,609961170.0,601166,兴业银行
2023-06-08,75.16,75.9,75.94,74.93,667199,1131673938.0,601166,兴业银行
2023-06-09,75.87,75.97,76.2,75.71,571891,978557036.0,601166,兴业银行
2023-06-12,75.94,75.45,76.0,75.45,487361,828650803.0,601166,兴业银行
2023-06-13,75.64,75.68,75.9,75.48,421629,717093223.0,601166,兴业银行
2023-06-14,75.87,75.32,76.0,75.29,576610,980173789.0,601166,兴业银行
2023-06-15,75.52,75.64,75.71,75.16,485794,823408275.0,601166,兴业银行
2023-06-16,75.74,75.61,75.94,75.55,752912,1281164147.0,601166,兴业银行
2023-06-19,76.03,75.57,76.19,75.51,861866,1366748097.0,601166,兴业银行
2023-06-20,75.61,75.54,75.83,75.54,369274,584005568.0,601166,兴业银行
2023-06-21,75.57,75.51,75.99,75.51,340648,539180612.0,601166,兴业银行
2023-06-26,75.48,74.99,75.48,74.73,502971,784831137.0,601166,兴业银行
2023-06-27,74.99,75.22,75.38,74.99,237314,371638051.0,601166,兴业银行
2023-06-28,75.22,75.25,75.35,74.96,252680,395621782.0,601166,兴业银行
2023-06-29,75.25,74.8,75.25,74.8,283133,441642934.0,601166,兴业银行
2023-06-30,74.83,75.12,75.31,74.8,255758,400485457.0,601166,兴业银行
2023-07-03,75.22,75.7,75.8,75.15,365353,576978602.0,601166,兴业银行
2023-07-04,75.7,75.22,75.7,75.09,338493,531834343.0,601166,兴业银行
2023-07-05,75.18,74.96,75.25,74.93,280218,437673986.0,601166,兴业银行
2023-07-06,74.89,74.83,75.06,74.7,345277,537362227.0,601166,兴业银行
2023-07-07,74.76,74.7,74.96,74.67,218741,339823094.0,601166,兴业银行
2023-07-10,74.83,74.5,74.93,74.41,321778,498025975.0,601166,兴业银行
2023-07-11,74.63,74.57,74.8,74.44,272864,422308439.0,601166,兴业银行
2023-07-12,74.6,74.67,74.93,74.57,264125,410178481.0,601166,兴业银行
2023-07-13,74.83,75.22,75.22,74.73,376562,588620151.0,601166,兴业银行
2023-07-14,75.12,75.22,75.38,75.12,271398,425736505.0,601166,兴业银行
2023-07-17,75.06,74.93,75.06,74.8,235978,367538758.0,601166,兴业银行
2023-07-18,74.99,74.83,75.06,74.76,243972,380030641.0,601166,兴业银行
2023-07-19,74.8,75.35,75.44,74.76,366828,573986831.0,601166,兴业银行
2023-07-20,75.51,75.57,75.87,75.41,415501,657197164.0,601166,兴业银行
2023-07-21,75.44,75.54,75.74,75.41,338447,534153331.0,601166,兴业银行
2023-07-24,75.31,75.15,75.51,75.12,244388,383483524.0,601166,兴业银行
2023-07-25,75.51,76.06,76.09,75.51,662673,1052154122.0,601166,兴业银行
2023-07-26,75.9,76.09,76.19,75.83,306360,487624367.0,601166,兴业银行
2023-07-27,76.19,76.25,76.68,76.06,477051,765329154.0,601166,兴业银行
2023-07-28,76.12,77.84,78.0,76.09,1107674,1812479658.0,601166,兴业银行
2023-07-31,78.07,78.39,78.98,77.94,1049721,1751009980.0,601166,兴业银行
2023-08-01,78.23,78.3,78.62,78.1,517334,860695951.0,601166,兴业银行
2023-08-02,78.0,77.42,78.1,77.06,694390,1137811623.0,601166,兴业银行
2023-08-03,77.23,77.91,78.04,77.13,399353,655689239.0,601166,兴业银行
2023-08-04,78.23,78.07,78.85,77.94,597001,994437785.0,601166,兴业银行
2023-08-07,78.0,77.87,78.17,77.71,422909,697968247.0,601166,兴业银行
2023-08-08,77.71,77.71,78.04,77.42,387440,636824328.0,601166,兴业银行
2023-08-09,77.58,77.87,78.0,77.55,280300,462405149.0,601166,兴业银行
2023-08-10,77.65,77.68,78.04,77.36,361965,594480927.0,601166,兴业银行
2023-08-11,77.68,76.58,78.0,76.58,538697,875790395.0,601166,兴业银行
2023-08-14,76.32,76.12,76.32,75.96,451193,720359059.0,601166,兴业银行
2023-08-15,76.19,76.42,76.55,75.96,378057,604764054.0,601166,兴业银行
2023-08-16,76.25,76.51,76.64,76.09,276517,443856220.0,601166,兴业银行
2023-08-17,76.25,76.32,76.45,75.99,406926,650055651.0,601166,兴业银行
2023-08-18,76.22,76.06,76.8,76.06,367627,590319362.0,601166,兴业银行
2023-08-21,76.09,75.28,76.22,75.28,525845,831530555.0,601166,兴业银行
2023-08-22,75.31,75.99,76.16,75.31,534634,848125181.0,601166,兴业银行
2023-08-23,75.83,75.96,76.55,75.83,503859,805560230.0,601166,兴业银行
2023-08-24,76.06,76.03,76.19,75.48,374665,595111670.0,601166,兴业银行
2023-08-25,75.83,76.29,76.64,75.8,460674,736990741.0,601166,兴业银行
2023-08-28,78.07,76.9,78.42,76.68,1069852,1751256050.0,601166,兴业银行
2023-08-29,76.87,76.25,77.06,76.09,783117,1256147931.0,601166,兴业银行
2023-08-30,76.25,75.57,76.29,75.54,663166,1050903080.0,601166,兴业银行
2023-08-31,75.74,75.64,76.42,75.61,628647,1000128381.0,601166,兴业银行
2023-09-01,75.87,76.06,76.61,75.8,503236,804511919.0,601166,兴业银行
2023-09-04,76.38,77.03,77.36,76.25,793469,1286080740.0,601166,兴业银行
2023-09-05,76.87,76.8,77.03,76.68,412219,667081004.0,601166,兴业银行
2023-09-06,76.61,77.19,77.26,76.58,358607,582258137.0,601166,兴业银行
2023-09-07,77.1,76.9,77.26,76.87,306924,498901464.0,601166,兴业银行
2023-09-08,76.9,76.77,76.93,76.51,240552,387898864.0,601166,兴业银行
2023-09-11,76.77,76.93,77.06,76.58,380739,616435185.0,601166,兴业银行
2023-09-12,76.93,76.8,77.06,76.74,240530,389786975.0,601166,兴业银行
2023-09-13,77.06,76.8,77.26,76.64,358666,581015185.0,601166,兴业银行
2023-09-14,77.0,77.1,77.13,76.74,410479,665897038.0,601166,兴业银行
2023-09-15,77.13,76.58,77.23,76.32,635261,1025705202.0,601166,兴业银行
2023-09-18,76.51,76.71,76.74,76.29,308931,497399761.0,601166,兴业银行
2023-09-19,76.58,76.97,76.97,76.51,383487,620261889.0,601166,兴业银行
2023-09-20,76.97,76.97,77.1,76.64,332170,538660265.0,601166,兴业银行
2023-09-21,76.97,76.74,77.03,76.64,347317,561946183.0,601166,兴业银行
2023-09-22,76.84,77.45,77.49,76.71,673682,1097384873.0,601166,兴业银行
2023-09-25,77.36,77.45,77.65,77.23,449739,736315968.0,601166,兴业银行
2023-09-26,77.42,77.39,77.58,77.29,263098,430315568.0,601166,兴业银行
2023-09-27,77.49,77.06,77.49,77.03,350027,570131385.0,601166,兴业银行
2023-09-28,77.26,77.19,77.49,77.16,343072,560435126.0,601166,兴业银行
2023-10-09,77.03,76.97,77.19,76.68,480009,777799241.0,601166,兴业银行
2023-10-10,77.23,76.84,77.45,76.84,316021,513930708.0,601166,兴业银行
2023-10-11,77.26,76.77,77.29,76.74,337892,547590591.0,601166,兴业银行
2023-10-12,77.39,77.36,77.49,77.1,380283,620925003.0,601166,兴业银行
2023-10-13,77.06,77.13,77.36,76.9,329641,536409783.0,601166,兴业银行
2023-10-16,77.16,76.9,77.23,76.77,279351,452702750.0,601166,兴业银行
2023-10-17,77.0,76.97,77.29,76.9,278170,452010410.0,601166,兴业银行
2023-10-18,76.97,76.8,77.16,76.8,363291,588893652.0,601166,兴业银行
2023-10-19,76.74,75.77,76.77,75.7,707166,1128636413.0,601166,兴业银行
2023-10-20,75.7,75.57,75.96,75.35,494683,781926905.0,601166,兴业银行
2023-10-23,75.57,75.41,75.77,75.09,399452,629264987.0,601166,兴业银行
2023-10-24,75.57,75.18,75.64,75.15,503918,791284458.0,601166,兴业银行
2023-10-25,75.57,74.86,75.57,74.67,697458,1088776354.0,601166,兴业银行
2023-10-26,74.86,75.31,75.41,74.8,394707,618796601.0,601166,兴业银行
2023-10-27,75.28,75.54,75.74,75.25,437303,689481311.0,601166,兴业银行
2023-10-30,75.28,74.86,75.41,74.8,552737,862357301.0,601166,兴业银行
2023-10-31,73.99,73.27,73.99,72.85,1612215,2427542699.0,601166,兴业银行
2023-11-01,73.24,73.37,73.47,72.88,624404,940598796.0,601166,兴业银行
2023-11-02,73.4,73.82,73.92,73.37,492221,749046666.0,601166,兴业银行
2023-11-03,73.86,73.66,73.92,73.56,373637,568410619.0,601166,兴业银行
2023-11-06,73.76,73.89,73.99,73.56,480595,732851919.0,601166,兴业银行
2023-11-07,73.89,73.63,73.92,73.47,437351,664441922.0,601166,兴业银行
2023-11-08,73.6,73.44,73.69,73.27,336587,509797814.0,601166,兴业银行
2023-11-09,73.37,73.4,73.6,73.31,355552,537702921.0,601166,兴业银行
2023-11-10,73.34,72.95,73.4,72.88,503555,754939455.0,601166,兴业银行
2023-11-13,73.01,72.88,73.14,72.75,372200,556381560.0,601166,兴业银行
2023-11-14,72.85,72.11,73.05,71.78,1071110,1578955088.0,601166,兴业银行
2023-11-15,72.27,72.53,72.69,72.11,632205,937760663.0,601166,兴业银行
2023-11-16,72.53,72.27,72.59,72.2,405116,598861810.0,601166,兴业银行
2023-11-17,72.17,72.07,72.2,71.75,534409,783632473.0,601166,兴业银行
2023-11-20,72.17,72.53,72.59,71.98,413408,611378095.0,601166,兴业银行
2023-11-21,72.63,72.66,72.95,72.59,387546,578667840.0,601166,兴业银行
2023-11-22,72.56,72.53,72.79,72.53,268605,399846812.0,601166,兴业银行
2023-11-23,72.53,72.46,72.63,72.2,306823,454258021.0,601166,兴业银行
2023-11-24,72.43,72.4,72.59,72.3,265141,392909929.0,601166,兴业银行
2023-11-27,72.27,72.2,72.43,71.88,412581,607112285.0,601166,兴业银行
2023-11-28,72.2,72.37,72.5,72.17,290625,429358690.0,601166,兴业银行
2023-11-29,72.33,71.72,72.4,71.36,688853,1004870911.0,601166,兴业银行
2023-11-30,71.72,71.72,71.94,71.56,405066,591403704.0,601166,兴业银行
2023-12-01,71.72,71.75,71.94,71.39,464222,676692633.0,601166,兴业银行
2023-12-04,71.78,71.43,72.01,71.43,327217,476146829.0,601166,兴业银行
2023-12-05,71.39,70.36,71.43,70.29,617366,884241174.0,601166,兴业银行
2023-12-06,70.29,70.32,70.58,69.94,492072,697207011.0,601166,兴业银行
2023-12-07,70.39,70.16,70.39,69.81,430911,607424368.0,601166,兴业银行
2023-12-08,70.1,70.13,70.45,70.07,359618,508481336.0,601166,兴业银行
2023-12-11,70.16,71.04,71.2,69.61,562370,796733974.0,601166,兴业银行
2023-12-12,70.78,71.69,71.72,70.75,520378,755714368.0,601166,兴业银行
2023-12-13,71.65,70.88,71.69,70.78,460384,665999040.0,601166,兴业银行
2023-12-14,71.1,70.88,71.33,70.88,273373,393738943.0,601166,兴业银行
2023-12-15,71.04,70.78,71.36,70.68,366366,526493883.0,601166,兴业银行
2023-12-18,70.71,70.94,71.07,70.29,293048,420029051.0,601166,兴业银行
2023-12-19,70.84,71.07,71.13,70.68,263194,378101604.0,601166,兴业银行
2023-12-20,71.1,70.84,71.39,70.81,340851,490814807.0,601166,兴业银行
2023-12-21,70.75,71.33,71.46,70.52,435002,626636469.0,601166,兴业银行
2023-12-22,71.43,71.78,71.88,71.07,469370,683353263.0,601166,兴业银行
2023-12-25,71.72,71.75,71.88,71.59,248102,362600601.0,601166,兴业银行
2023-12-26,71.78,71.59,71.85,71.43,204607,297788973.0,601166,兴业银行
2023-12-27,71.59,71.46,71.65,71.01,350068,506882173.0,601166,兴业银行
2023-12-28,71.46,72.17,72.2,71.33,499005,732191492.0,601166,兴业银行
2023-12-29,72.14,76.93,76.93,72.07,503352,762993512.0,601166,兴业银行
2024-01-02,72.75,72.46,72.82,72.27,1032288,1531209521.0,601166,兴业银行
2024-01-03,72.2,71.98,72.24,71.72,765385,1121674839.0,601166,兴业银行
2024-01-04,71.91,71.78,72.07,71.43,631231,920725273.0,601166,兴业银行
2024-01-05,71.65,72.4,72.95,71.56,1033392,1529703912.0,601166,兴业银行
2024-01-08,72.14,72.04,72.69,71.82,705452,1039081741.0,601166,兴业银行
2024-01-09,72.01,71.98,72.07,71.69,483876,709084182.0,601166,兴业银行
2024-01-10,71.91,71.75,72.04,71.75,327007,478703796.0,601166,兴业银行
2024-01-11,71.72,71.91,72.14,71.46,414090,606261166.0,601166,兴业银行
2024-01-12,71.75,72.01,72.27,71.72,345305,507242874.0,601166,兴业银行
2024-01-15,71.85,72.14,72.4,71.85,357986,527160351.0,601166,兴业银行
2024-01-16,72.07,72.79,72.82,72.04,704894,1044859855.0,601166,兴业银行
2024-01-17,72.69,72.4,73.18,72.4,871693,1303277271.0,601166,兴业银行
2024-01-18,72.3,73.31,73.5,71.56,1101890,1632187994.0,601166,兴业银行
2024-01-19,73.05,73.5,73.56,72.82,733235,1106222394.0,601166,兴业银行
2024-01-22,73.47,73.66,74.31,73.08,1215342,1856429204.0,601166,兴业银行
2024-01-23,73.37,73.34,73.66,73.01,612647,924752932.0,601166,兴业银行
2024-01-24,73.66,73.99,74.08,73.27,615408,935500519.0,601166,兴业银行
2024-01-25,74.15,74.54,74.57,73.99,688832,1062050858.0,601166,兴业银行
2024-01-26,74.54,75.09,75.15,74.44,913239,1422533468.0,601166,兴业银行
2024-01-29,75.15,75.35,75.77,74.96,737111,1158690207.0,601166,兴业银行
2024-01-30,75.18,75.12,75.77,74.99,697537,1097050489.0,601166,兴业银行
2024-01-31,75.02,75.38,75.57,74.89,694748,1091088491.0,601166,兴业银行
2024-02-01,75.22,75.31,75.51,74.8,674158,1056715002.0,601166,兴业银行
2024-02-02,75.44,75.31,75.57,74.15,877714,1375887234.0,601166,兴业银行
2024-02-05,75.31,75.74,75.93,74.89,1136109,1788532466.0,601166,兴业银行
2024-02-06,75.74,75.99,75.99,75.44,992721,1573462659.0,601166,兴业银行
2024-02-07,76.16,76.16,76.19,75.09,1314551,2082308605.0,601166,兴业银行
2024-02-08,75.96,76.42,76.42,75.67,889506,1418512812.0,601166,兴业银行
2024-02-19,76.55,76.84,76.87,76.25,690320,1111668885.0,601166,兴业银行
2024-02-20,76.77,76.9,77.03,76.58,614770,995065043.0,601166,兴业银行
2024-02-21,76.9,78.42,79.04,76.68,1316810,2187425790.0,601166,兴业银行
2024-02-22,78.36,78.85,79.11,78.2,712385,1192386568.0,601166,兴业银行
2024-02-23,78.81,79.04,79.46,78.78,609501,1029934870.0,601166,兴业银行
2024-02-26,78.98,77.81,78.98,77.61,830388,1377716806.0,601166,兴业银行
2024-02-27,77.58,78.04,78.33,77.52,469451,775387286.0,601166,兴业银行
2024-02-28,78.04,77.97,78.39,77.42,748482,1238250887.0,601166,兴业银行
2024-02-29,77.81,78.36,78.52,77.74,660211,1097385683.0,601166,兴业银行
2024-03-01,78.26,78.13,78.36,77.94,486603,806409194.0,601166,兴业银行
2024-03-04,77.94,77.58,78.04,77.49,546732,898879531.0,601166,兴业银行
2024-03-05,77.42,78.23,78.42,77.29,706846,1169988932.0,601166,兴业银行
2024-03-06,78.23,77.87,78.52,77.87,471367,782540795.0,601166,兴业银行
2024-03-07,77.87,77.91,78.3,77.74,419122,692828864.0,601166,兴业银行
2024-03-08,77.84,77.81,78.1,77.65,344518,567763417.0,601166,兴业银行
2024-03-11,77.78,77.87,78.0,77.52,417695,687747909.0,601166,兴业银行
2024-03-12,77.81,77.84,78.23,77.68,554795,917102705.0,601166,兴业银行
2024-03-13,77.81,77.26,77.94,77.06,532707,871129913.0,601166,兴业银行
2024-03-14,77.16,77.19,77.49,77.16,309543,505216549.0,601166,兴业银行
2024-03-15,77.32,77.52,77.78,77.16,460855,753946838.0,601166,兴业银行
2024-03-18,77.36,77.45,77.68,77.32,303570,496928565.0,601166,兴业银行
2024-03-19,77.39,76.87,77.45,76.84,409027,665251988.0,601166,兴业银行
2024-03-20,76.84,77.16,77.23,76.68,294985,478904463.0,601166,兴业银行
2024-03-21,77.1,77.32,77.65,77.03,360476,589404375.0,601166,兴业银行
2024-03-22,77.29,77.13,77.42,76.74,404523,657209406.0,601166,兴业银行
2024-03-25,77.06,77.19,77.49,76.93,363073,592057459.0,601166,兴业银行
2024-03-26,77.32,77.74,77.81,77.32,498302,817632036.0,601166,兴业银行
2024-03-27,77.81,78.17,78.49,77.68,559530,927670325.0,601166,兴业银行
2024-03-28,78.04,77.06,78.1,76.97,833140,1361216366.0,601166,兴业银行
2024-03-29,75.35,75.54,76.03,74.76,1160068,1827805865.0,601166,兴业银行
2024-04-01,75.61,75.7,76.51,75.51,926342,1475593666.0,601166,兴业银行
2024-04-02,75.67,74.93,75.9,74.7,1158957,1813352671.0,601166,兴业银行
2024-04-03,74.76,74.34,74.83,74.15,840291,1297308590.0,601166,兴业银行
2024-04-08,74.25,74.57,74.73,74.02,672486,1039260091.0,601166,兴业银行
2024-04-09,74.57,74.5,74.96,74.47,548995,850765779.0,601166,兴业银行
2024-04-10,74.54,75.35,75.8,74.54,923923,1449679163.0,601166,兴业银行
2024-04-11,75.15,75.12,75.31,74.7,486581,759961021.0,601166,兴业银行
2024-04-12,74.99,74.6,75.41,74.54,615815,960877560.0,601166,兴业银行
2024-04-15,74.63,75.51,75.64,74.6,710114,1116502928.0,601166,兴业银行
2024-04-16,75.31,76.03,76.35,75.31,924682,1468990593.0,601166,兴业银行
2024-04-17,75.96,76.84,76.9,75.41,909936,1454346980.0,601166,兴业银行
2024-04-18,76.68,77.23,77.87,76.61,892053,1456591819.0,601166,兴业银行
2024-04-19,77.06,76.84,77.52,76.77,525723,853968808.0,601166,兴业银行
2024-04-22,77.0,76.68,77.65,76.48,540810,875640308.0,601166,兴业银行
2024-04-23,76.87,76.25,77.0,76.19,545711,878090658.0,601166,兴业银行
2024-04-24,76.45,75.96,76.45,75.87,424145,675628196.0,601166,兴业银行
2024-04-25,75.93,76.8,76.8,75.83,548005,880060483.0,601166,兴业银行
2024-04-26,76.8,77.65,77.81,76.8,1268495,2081038687.0,601166,兴业银行
2024-04-29,77.65,78.65,79.01,77.52,1101084,1840493578.0,601166,兴业银行
2024-04-30,78.65,79.01,79.17,78.46,770945,1297231161.0,601166,兴业银行
2024-05-06,79.49,78.91,79.75,78.88,805918,1365442097.0,601166,兴业银行
2024-05-07,78.94,78.91,79.04,78.23,606680,1015797233.0,601166,兴业银行
2024-05-08,78.75,78.78,79.2,78.59,441443,741927576.0,601166,兴业银行
2024-05-09,78.68,79.04,79.3,78.68,403447,680501977.0,601166,兴业银行
2024-05-10,79.07,79.72,79.88,79.04,727723,1238433388.0,601166,兴业银行
2024-05-13,79.66,80.01,80.14,79.23,502022,858081817.0,601166,兴业银行
2024-05-14,80.11,79.88,80.27,79.66,434376,744158672.0,601166,兴业银行
2024-05-15,79.88,79.53,80.11,79.3,452711,770796746.0,601166,兴业银行
2024-05-16,79.62,80.73,80.95,79.56,928748,1608263383.0,601166,兴业银行
2024-05-17,80.85,81.76,81.76,80.73,875394,1534187821.0,601166,兴业银行
2024-05-20,81.79,82.28,83.06,81.66,975846,1751096246.0,601166,兴业银行
2024-05-21,82.15,82.83,83.06,81.86,685140,1232272992.0,601166,兴业银行
2024-05-22,82.83,83.32,83.71,82.67,774065,1408261082.0,601166,兴业银行
2024-05-23,83.19,83.09,83.38,82.54,627148,1135837029.0,601166,兴业银行
2024-05-24,82.93,82.38,83.35,82.31,626611,1128934015.0,601166,兴业银行
2024-05-27,82.57,83.48,83.64,82.44,778319,1413720872.0,601166,兴业银行
2024-05-28,83.51,83.77,84.19,83.28,633707,1158762077.0,601166,兴业银行
2024-05-29,83.71,82.96,84.03,82.73,737608,1340396630.0,601166,兴业银行
2024-05-30,82.77,82.54,83.54,82.09,680845,1224699989.0,601166,兴业银行
2024-05-31,82.64,82.38,82.83,82.31,673862,1208476636.0,601166,兴业银行
2024-06-03,82.38,82.09,82.67,81.54,588960,1047157637.0,601166,兴业银行
2024-06-04,81.99,81.92,82.6,81.86,492624,877685395.0,601166,兴业银行
2024-06-05,82.02,81.28,82.18,81.05,549223,966295316.0,601166,兴业银行
2024-06-06,81.37,81.34,81.89,81.18,435238,766405052.0,601166,兴业银行
2024-06-07,81.54,81.21,81.86,80.89,462581,812751902.0,601166,兴业银行
2024-06-11,81.02,80.82,81.44,80.5,531946,927094075.0,601166,兴业银行
2024-06-12,80.98,80.4,80.98,80.17,452884,782383273.0,601166,兴业银行
2024-06-13,80.56,80.04,80.73,79.92,324221,558948158.0,601166,兴业银行
2024-06-14,80.08,80.98,81.34,79.95,659518,1146278334.0,601166,兴业银行
2024-06-17,80.85,80.66,81.18,80.24,431133,748090527.0,601166,兴业银行
2024-06-18,80.69,80.76,81.28,80.47,358813,624725109.0,601166,兴业银行
2024-06-19,80.89,81.5,81.79,80.73,506490,889955996.0,601166,兴业银行
2024-06-20,81.54,80.47,81.6,80.4,366616,637518360.0,601166,兴业银行
2024-06-21,80.43,80.63,80.85,79.88,487390,841993988.0,601166,兴业银行
2024-06-24,80.6,80.85,80.98,79.98,470882,817232721.0,601166,兴业银行
2024-06-25,80.79,80.53,81.02,80.24,479691,833153284.0,601166,兴业银行
2024-06-26,80.47,80.56,80.79,80.24,353252,612133583.0,601166,兴业银行
2024-06-27,80.56,80.95,81.11,80.24,498549,867284131.0,601166,兴业银行
2024-06-28,81.11,81.5,81.92,80.82,620202,1092763998.0,601166,兴业银行
2024-07-01,81.54,81.92,82.41,81.54,434392,771876604.0,601166,兴业银行
2024-07-02,81.76,82.47,82.64,81.73,497295,889668345.0,601166,兴业银行
2024-07-03,82.47,81.76,82.7,81.57,425687,755992046.0,601166,兴业银行
2024-07-04,81.76,81.5,82.09,81.31,443687,783546250.0,601166,兴业银行
2024-07-05,81.7,80.11,81.79,79.75,883676,1525780380.0,601166,兴业银行
2024-07-08,80.08,80.4,80.66,79.92,695382,1201323000.0,601166,兴业银行
2024-07-09,80.56,81.02,81.18,80.24,803854,1312625849.0,601166,兴业银行
2024-07-10,80.98,81.6,82.02,80.89,471180,782631035.0,601166,兴业银行
2024-07-11,81.83,81.18,81.89,80.98,499204,824208646.0,601166,兴业银行
2024-07-12,81.21,82.47,82.57,81.18,595485,1000399227.0,601166,兴业银行
2024-07-15,82.35,82.96,83.16,82.31,465326,791436968.0,601166,兴业银行
2024-07-16,83.06,82.86,83.19,82.51,415864,706728877.0,601166,兴业银行
2024-07-17,82.9,83.51,83.67,82.86,646941,1111145753.0,601166,兴业银行
2024-07-18,83.71,83.19,83.84,82.93,547819,938632652.0,601166,兴业银行
2024-07-19,83.19,83.28,83.61,82.41,763524,1300673726.0,601166,兴业银行
2024-07-22,83.28,82.15,83.28,81.76,613027,1030211546.0,601166,兴业银行
2024-07-23,82.18,82.67,83.32,82.18,617517,1050712551.0,601166,兴业银行
2024-07-24,82.6,82.31,82.83,82.02,464532,782387489.0,601166,兴业银行
2024-07-25,82.51,81.92,82.51,81.44,522132,872658713.0,601166,兴业银行
2024-07-26,81.96,81.21,82.15,80.85,486405,803412417.0,601166,兴业银行
2024-07-29,81.34,81.96,82.12,81.24,401883,670230381.0,601166,兴业银行
2024-07-30,81.96,81.86,82.31,81.54,436240,728499233.0,601166,兴业银行
2024-07-31,81.83,82.05,82.31,81.73,447818,750483958.0,601166,兴业银行
2024-08-01,81.96,81.7,82.31,81.44,414221,691208548.0,601166,兴业银行
2024-08-02,81.57,81.31,81.76,81.18,348126,576136708.0,601166,兴业银行
2024-08-05,81.24,80.85,81.6,80.82,488028,803772491.0,601166,兴业银行
2024-08-06,81.08,80.3,81.34,80.08,474187,770943872.0,601166,兴业银行
2024-08-07,80.3,80.66,81.08,80.3,358499,586381567.0,601166,兴业银行
2024-08-08,80.73,81.05,81.15,80.6,232817,381850528.0,601166,兴业银行
2024-08-09,81.08,80.82,81.44,80.73,285310,468732282.0,601166,兴业银行
2024-08-12,80.73,80.53,80.92,80.53,211288,344703361.0,601166,兴业银行
2024-08-13,80.56,80.66,80.82,80.4,227720,371531150.0,601166,兴业银行
2024-08-14,80.66,80.53,81.08,80.5,231697,378249117.0,601166,兴业银行
2024-08-15,80.53,81.54,81.7,80.43,483621,798057186.0,601166,兴业银行
2024-08-16,81.66,81.96,82.15,81.57,359424,600122183.0,601166,兴业银行
2024-08-19,82.05,82.7,82.77,81.96,393259,663910695.0,601166,兴业银行
2024-08-20,82.8,82.35,82.86,82.15,386604,651857332.0,601166,兴业银行
2024-08-21,82.22,82.12,82.44,81.5,424236,709857715.0,601166,兴业银行
2024-08-22,82.18,82.28,82.54,81.99,440721,741642613.0,601166,兴业银行
2024-08-23,82.57,83.9,83.97,82.47,1106317,1897573157.0,601166,兴业银行
2024-08-26,83.93,84.42,84.48,83.87,669400,1165413800.0,601166,兴业银行
2024-08-27,84.42,83.93,84.65,83.8,396531,690609753.0,601166,兴业银行
2024-08-28,84.13,83.54,84.16,83.28,480679,828119882.0,601166,兴业银行
2024-08-29,83.67,81.86,83.74,81.83,723390,1218072375.0,601166,兴业银行
2024-08-30,81.86,81.28,82.44,81.28,838757,1399845902.0,601166,兴业银行
2024-09-02,81.34,81.24,81.96,80.98,536399,889182346.0,601166,兴业银行
2024-09-03,81.24,80.79,81.47,80.14,579960,944222039.0,601166,兴业银行
2024-09-04,80.69,80.4,81.21,80.27,442652,721817887.0,601166,兴业银行
2024-09-05,80.43,80.6,80.76,80.17,417014,677519268.0,601166,兴业银行
2024-09-06,80.63,80.89,81.57,80.63,404647,667442013.0,601166,兴业银行
2024-09-09,80.89,79.53,81.34,79.46,653163,1053913071.0,601166,兴业银行
2024-09-10,79.62,79.85,79.95,79.07,405672,647381624.0,601166,兴业银行
2024-09-11,79.72,78.98,79.75,78.59,498040,788264750.0,601166,兴业银行
2024-09-12,79.07,79.72,79.95,78.65,382310,610272857.0,601166,兴业银行
2024-09-13,79.88,79.53,80.21,79.46,282448,453748615.0,601166,兴业银行
2024-09-18,79.53,79.85,79.95,79.23,295414,472924034.0,601166,兴业银行
2024-09-19,79.95,79.79,80.01,79.17,366114,586746100.0,601166,兴业银行
2024-09-20,79.85,80.43,80.6,79.82,578097,935535705.0,601166,兴业银行
2024-09-23,80.34,81.44,81.63,80.14,427252,703072336.0,601166,兴业银行
2024-09-24,81.79,83.45,83.45,81.57,1068360,1810059407.0,601166,兴业银行
2024-09-25,84.35,84.81,85.68,84.03,1274030,2241514400.0,601166,兴业银行
2024-09-26,84.81,87.56,87.56,84.74,1679337,3035615414.0,601166,兴业银行
2024-09-27,88.7,87.21,89.02,86.2,858451,1580453458.0,601166,兴业银行
2024-09-30,89.02,90.22,90.67,87.79,2414477,4580033744.0,601166,兴业银行
2024-10-08,95.82,92.62,95.99,90.57,2446357,4937408994.0,601166,兴业银行
2024-10-09,92.29,88.08,92.39,88.08,1678425,3238293977.0,601166,兴业银行
2024-10-10,89.05,90.64,91.87,89.05,1570003,3039399683.0,601166,兴业银行
2024-10-11,90.35,89.34,91.61,88.73,1000905,1929354615.0,601166,兴业银行
2024-10-14,90.22,91.48,92.45,90.22,1435215,2824227676.0,601166,兴业银行
2024-10-15,91.38,90.48,92.42,90.48,891550,1755933651.0,601166,兴业银行
2024-10-16,89.99,92.45,92.75,89.93,1330098,2637796170.0,601166,兴业银行
2024-10-17,92.45,91.19,93.17,91.16,836726,1658860163.0,601166,兴业银行
2024-10-18,91.35,91.29,91.9,89.99,948697,1848841829.0,601166,兴业银行
2024-10-21,91.19,90.09,91.19,89.25,1152118,2205819432.0,601166,兴业银行
2024-10-22,89.76,89.8,90.64,89.54,573672,1100885151.0,601166,兴业银行
2024-10-23,89.76,89.86,90.12,89.38,531445,1018325827.0,601166,兴业银行
2024-10-24,89.67,89.89,90.22,89.57,372018,713420095.0,601166,兴业银行
2024-10-25,90.09,89.8,90.25,89.38,474427,907853416.0,601166,兴业银行
2024-10-28,89.57,89.41,89.76,88.44,640524,1211045476.0,601166,兴业银行
2024-10-29,89.44,89.38,90.38,89.05,603657,1151369819.0,601166,兴业银行
2024-10-30,89.05,88.6,89.73,88.37,580633,1093679490.0,601166,兴业银行
2024-10-31,87.72,87.01,88.11,86.2,1388507,2531356490.0,601166,兴业银行
2024-11-01,86.78,87.04,87.89,86.75,793594,1458761489.0,601166,兴业银行
2024-11-04,87.17,87.11,87.33,86.17,585214,1064209911.0,601166,兴业银行
2024-11-05,87.04,87.4,87.53,86.52,864414,1582687287.0,601166,兴业银行
2024-11-06,87.37,87.17,87.66,86.78,905731,1662295812.0,601166,兴业银行
2024-11-07,87.33,89.05,89.15,87.21,954177,1780805388.0,601166,兴业银行
2024-11-08,89.15,88.37,89.64,88.14,860198,1617922761.0,601166,兴业银行
2024-11-11,87.72,87.33,88.05,86.95,819391,1503980594.0,601166,兴业银行
2024-11-12,87.24,86.52,88.14,86.46,811100,1484547091.0,601166,兴业银行
2024-11-13,86.49,86.59,86.95,86.36,583419,1059457764.0,601166,兴业银行
2024-11-14,86.46,86.72,87.4,86.3,677475,1237263313.0,601166,兴业银行
2024-11-15,86.65,86.27,87.21,86.27,713659,1297804346.0,601166,兴业银行
2024-11-18,86.75,87.76,89.28,86.75,1681920,3137214797.0,601166,兴业银行
2024-11-19,87.76,87.17,88.44,86.78,984693,1813886974.0,601166,兴业银行
2024-11-20,87.24,86.82,87.27,86.72,640151,1168660688.0,601166,兴业银行
2024-11-21,86.78,86.88,87.01,86.56,439914,800507808.0,601166,兴业银行
2024-11-22,86.91,85.46,87.04,85.46,848441,1528594115.0,601166,兴业银行
2024-11-25,85.81,85.33,86.07,85.16,645260,1152007049.0,601166,兴业银行
2024-11-26,85.29,85.97,86.27,85.03,624652,1117604825.0,601166,兴业银行
2024-11-27,85.94,86.46,86.49,85.46,479128,861930830.0,601166,兴业银行
2024-11-28,86.46,86.2,86.62,85.78,476988,860265921.0,601166,兴业银行
2024-11-29,86.3,86.27,86.85,86.2,708222,1283874387.0,601166,兴业银行
2024-12-02,86.27,86.72,86.85,86.1,581067,1054504292.0,601166,兴业银行
2024-12-03,86.69,87.56,87.56,86.49,744987,1366282520.0,601166,兴业银行
2024-12-04,87.53,87.46,87.79,86.75,672370,1236105440.0,601166,兴业银行
2024-12-05,87.27,86.95,87.46,86.85,437532,801362236.0,601166,兴业银行
2024-12-06,87.04,87.69,88.14,87.01,702704,1299008438.0,601166,兴业银行
2024-12-09,87.69,87.85,88.18,87.33,584094,1083046249.0,601166,兴业银行
2024-12-10,88.95,88.31,89.25,88.27,938826,1765951572.0,601166,兴业银行
2024-12-11,88.47,87.89,88.73,87.76,626747,1167835259.0,601166,兴业银行
2024-12-12,87.92,88.53,88.83,87.79,692184,1295469381.0,601166,兴业银行
2024-12-13,88.31,86.59,88.4,86.59,1131967,2077707803.0,601166,兴业银行
2024-12-16,86.69,86.82,87.3,86.69,544176,994405812.0,601166,兴业银行
2024-12-17,86.75,87.27,87.5,86.65,570435,1045432811.0,601166,兴业银行
2024-12-18,87.43,88.05,88.31,87.37,692378,1287280649.0,601166,兴业银行
2024-12-19,87.76,87.85,88.31,87.63,548275,1017992068.0,601166,兴业银行
2024-12-20,87.82,87.79,88.34,87.59,653240,1212612448.0,601166,兴业银行
2024-12-23,87.79,88.76,89.08,87.79,971536,1826675952.0,601166,兴业银行
2024-12-24,88.79,89.28,89.47,88.76,827211,1567185949.0,601166,兴业银行
2024-12-25,89.38,89.96,90.22,89.28,745274,1428014497.0,601166,兴业银行
2024-12-26,89.86,90.06,90.15,89.38,577986,1107808095.0,601166,兴业银行
2024-12-27,90.09,90.48,90.48,89.34,708825,1362339588.0,601166,兴业银行
2024-12-30,90.51,91.13,91.35,90.51,724250,1413955420.0,601166,兴业银行
2024-12-31,90.93,89.86,91.29,89.86,813366,1576099345.0,601166,兴业银行
2025-01-02,90.02,89.08,90.48,88.79,951277,1813631030.0,601166,兴业银行
2025-01-03,89.12,89.08,89.83,88.7,736913,1396707839.0,601166,兴业银行
2025-01-06,89.38,90.02,90.15,88.37,844271,1607370452.0,601166,兴业银行
2025-01-07,89.83,90.74,91.13,89.8,694614,1345436696.0,601166,兴业银行
2025-01-08,90.74,91.42,91.94,90.64,844443,1657569915.0,601166,兴业银行
2025-01-09,91.55,91.32,91.74,90.41,641164,1256237827.0,601166,兴业银行
2025-01-10,91.48,91.22,91.87,90.54,650177,1276377685.0,601166,兴业银行
2025-01-13,90.77,90.28,91.16,89.73,638705,1233913738.0,601166,兴业银行
2025-01-14,90.41,91.32,91.55,90.06,777593,1520370698.0,601166,兴业银行
2025-01-15,91.38,91.94,92.84,91.16,783713,1558636309.0,601166,兴业银行
2025-01-16,92.58,92.55,92.75,91.68,703283,1402327987.0,601166,兴业银行
2025-01-17,92.52,92.26,92.88,91.94,512628,1021581920.0,601166,兴业银行
2025-01-20,92.71,92.19,93.0,92.07,561583,1123410009.0,601166,兴业银行
2025-01-21,92.42,92.45,93.1,91.84,573614,1148553367.0,601166,兴业银行
2025-01-22,92.55,91.0,92.58,90.96,703030,1382211998.0,601166,兴业银行
2025-01-23,91.48,93.04,93.2,91.45,994136,1990190420.0,601166,兴业银行
2025-01-24,92.84,93.33,93.62,92.36,721448,1456724896.0,601166,兴业银行
2025-01-27,93.62,93.59,94.2,93.3,669851,1362916304.0,601166,兴业银行
2025-02-05,94.14,93.0,94.14,92.78,569414,1149678062.0,601166,兴业银行
2025-02-06,92.88,93.36,93.72,92.65,529925,1069537147.0,601166,兴业银行
2025-02-07,93.17,92.97,93.56,92.81,620197,1249717763.0,601166,兴业银行
2025-02-10,92.97,93.72,94.62,92.65,771457,1573384870.0,601166,兴业银行
2025-02-11,93.75,93.72,94.33,93.52,434902,886753997.0,601166,兴业银行
2025-02-12,93.88,95.18,95.4,93.52,726420,1495854752.0,601166,兴业银行
2025-02-13,95.05,94.92,95.66,94.85,457215,950467992.0,601166,兴业银行
2025-02-14,95.01,96.34,96.41,94.72,811008,1701541632.0,601166,兴业银行
2025-02-17,96.15,95.66,96.31,95.05,673914,1408227607.0,601166,兴业银行
2025-02-18,95.34,95.99,96.54,95.24,590479,1243839849.0,601166,兴业银行
2025-02-19,95.79,95.82,96.12,95.53,432591,909263682.0,601166,兴业银行
2025-02-20,95.86,95.31,95.92,95.21,404954,845067828.0,601166,兴业银行
2025-02-21,95.56,94.75,95.56,94.24,607646,1255601268.0,601166,兴业银行
2025-02-24,94.43,94.17,94.88,93.98,506186,1039684309.0,601166,兴业银行
2025-02-25,93.98,93.91,94.37,93.65,485183,990369434.0,601166,兴业银行
2025-02-26,94.17,94.01,95.18,93.94,512125,1054417105.0,601166,兴业银行
2025-02-27,94.04,95.56,95.63,93.72,643982,1332813270.0,601166,兴业银行
2025-02-28,95.37,95.01,96.12,95.01,639372,1335631048.0,601166,兴业银行
2025-03-03,95.53,95.01,95.66,94.56,461078,956749254.0,601166,兴业银行
2025-03-04,94.85,95.24,95.76,94.85,399199,833343194.0,601166,兴业银行
2025-03-05,95.27,96.15,96.34,95.11,632939,1333120795.0,601166,兴业银行
2025-03-06,96.18,96.24,96.44,95.5,560515,1181458701.0,601166,兴业银行
2025-03-07,96.37,96.99,97.22,96.15,642880,1370963871.0,601166,兴业银行
2025-03-10,96.8,95.82,96.93,95.66,605542,1274813240.0,601166,兴业银行
2025-03-11,95.63,96.8,96.8,95.63,560076,1184923575.0,601166,兴业银行
2025-03-12,96.73,96.54,97.35,96.31,403868,860715138.0,601166,兴业银行
2025-03-13,96.63,96.96,97.48,96.54,592419,1268063873.0,601166,兴业银行
2025-03-14,97.12,98.29,98.67,96.96,990998,2150244480.0,601166,兴业银行
2025-03-17,98.58,98.74,99.03,98.19,543790,1190285414.0,601166,兴业银行
2025-03-18,98.67,98.51,98.87,98.32,324110,708718568.0,601166,兴业银行
2025-03-19,98.51,100.29,100.49,98.48,809341,1796548259.0,601166,兴业银行
2025-03-20,100.39,100.04,100.62,99.42,618912,1380250074.0,601166,兴业银行
2025-03-21,99.71,97.86,100.17,97.74,807332,1764288398.0,601166,兴业银行
2025-03-24,97.86,98.51,98.74,97.86,429974,936798557.0,601166,兴业银行
2025-03-25,98.55,98.35,99.0,98.16,316396,689961725.0,601166,兴业银行
2025-03-26,98.12,97.38,98.48,97.15,604397,1301908274.0,601166,兴业银行
2025-03-27,97.41,97.44,98.29,97.31,383656,827879603.0,601166,兴业银行
2025-03-28,97.61,97.54,97.93,97.18,386115,830766560.0,601166,兴业银行
2025-03-31,97.64,97.77,98.16,96.96,562278,1212863700.0,601166,兴业银行
2025-04-01,97.7,96.67,97.77,96.31,613001,1305557996.0,601166,兴业银行
2025-04-02,96.47,96.63,97.25,96.44,384626,819669634.0,601166,兴业银行
2025-04-03,95.95,96.41,96.89,95.79,396031,838599996.0,601166,兴业银行
2025-04-07,93.56,93.0,95.01,91.51,1741399,3514105810.0,601166,兴业银行
2025-04-08,93.0,95.21,95.43,92.68,1563775,3205975028.0,601166,兴业银行
2025-04-09,94.85,93.85,95.18,93.49,941606,1932747018.0,601166,兴业银行
2025-04-10,94.27,95.05,95.63,93.75,683322,1417511525.0,601166,兴业银行
2025-04-11,94.95,95.01,95.34,94.37,454120,940343862.0,601166,兴业银行
2025-04-14,95.18,95.18,95.82,95.01,461712,963247515.0,601166,兴业银行
2025-04-15,95.31,96.18,96.34,95.24,494184,1040744219.0,601166,兴业银行
2025-04-16,95.92,96.24,96.7,95.4,645819,1357277212.0,601166,兴业银行
2025-04-17,95.99,95.92,96.31,95.27,483191,1015091278.0,601166,兴业银行
2025-04-18,95.92,97.09,97.38,95.89,516229,1097987120.0,601166,兴业银行
2025-04-21,96.96,96.08,97.61,96.08,472601,1004446071.0,601166,兴业银行
2025-04-22,96.08,95.92,96.47,95.82,351034,740087711.0,601166,兴业银行
2025-04-23,96.15,95.66,96.21,95.37,360548,756092529.0,601166,兴业银行
2025-04-24,95.5,96.31,96.41,95.5,376957,796196135.0,601166,兴业银行
2025-04-25,96.37,95.63,96.57,95.53,368368,775126587.0,601166,兴业银行
2025-04-28,95.86,96.12,96.41,95.63,380771,802954185.0,601166,兴业银行
2025-04-29,96.05,95.89,96.54,95.82,334685,705114564.0,601166,兴业银行
2025-04-30,95.6,95.4,95.63,94.5,574757,1193061701.0,601166,兴业银行
2025-05-06,95.99,94.95,95.99,94.95,470069,980278016.0,601166,兴业银行
2025-05-07,95.5,95.95,96.08,95.21,527321,1106233643.0,601166,兴业银行
2025-05-08,96.15,97.54,98.03,95.99,723859,1552810848.0,601166,兴业银行
2025-05-09,97.51,99.39,99.52,97.51,821624,1806257208.0,601166,兴业银行
2025-05-12,99.39,99.97,100.98,99.0,862343,1926441116.0,601166,兴业银行
2025-05-13,100.13,100.85,100.91,99.42,758636,1696702181.0,601166,兴业银行
2025-05-14,100.55,102.08,102.4,100.52,900991,2055203657.0,601166,兴业银行
2025-05-15,102.27,101.95,102.76,101.66,595404,1365535664.0,601166,兴业银行
2025-05-16,101.91,101.33,102.17,100.94,481783,1093803969.0,601166,兴业银行
2025-05-19,101.82,101.4,102.14,101.23,454135,1034717789.0,601166,兴业银行
2025-05-20,101.62,100.75,102.08,100.55,498767,1127551219.0,601166,兴业银行
2025-05-21,101.17,101.36,101.88,100.72,449312,1021858639.0,601166,兴业银行
2025-05-22,101.33,101.98,102.11,101.2,387714,885841455.0,601166,兴业银行
2025-05-23,101.91,101.69,102.24,101.43,409252,935467315.0,601166,兴业银行
2025-05-26,101.69,101.07,101.91,100.91,392893,891722939.0,601166,兴业银行
2025-05-27,101.62,101.53,102.08,101.27,405719,925337814.0,601166,兴业银行
2025-05-28,101.62,100.81,101.79,100.62,372491,841688653.0,601166,兴业银行
2025-05-29,101.01,101.17,101.82,100.59,480047,1088790409.0,601166,兴业银行
2025-05-30,101.36,101.14,101.91,100.78,499690,1134277475.0,601166,兴业银行
2025-06-03,102.47,104.6,105.38,101.98,1527291,3596385127.0,601166,兴业银行
2025-06-04,104.73,104.31,105.12,104.12,503112,1190002656.0,601166,兴业银行
2025-06-05,104.31,103.99,104.7,103.7,456161,1074101875.0,601166,兴业银行
2025-06-06,104.31,104.12,105.06,103.92,459982,1086652583.0,601166,兴业银行
2025-06-09,104.44,104.9,105.12,104.22,569928,1353564828.0,601166,兴业银行
2025-06-10,105.22,104.93,106.61,104.64,784888,1884783396.0,601166,兴业银行
2025-06-11,105.15,105.48,106.58,104.93,574617,1383522166.0,601166,兴业银行
2025-06-12,105.54,105.09,105.9,104.9,711438,1701213578.0,601166,兴业银行
2025-06-13,105.12,103.92,105.35,103.76,1817196,4286333512.0,601166,兴业银行
2025-06-16,104.25,105.41,105.54,104.02,727632,1738311744.0,601166,兴业银行
2025-06-17,105.54,104.93,106.03,104.86,495532,1184646050.0,601166,兴业银行
2025-06-18,104.93,105.25,105.48,104.41,536775,1279994387.0,601166,兴业银行
2025-06-19,105.32,104.9,105.51,104.7,524856,1251586439.0,601166,兴业银行
2025-06-20,105.58,106.26,106.65,105.19,790045,1825598592.0,601166,兴业银行
2025-06-23,106.26,108.17,108.23,105.84,781182,1833164183.0,601166,兴业银行
2025-06-24,107.88,108.49,109.5,107.68,779732,1861459498.0,601166,兴业银行
2025-06-25,108.49,109.17,109.4,107.55,604484,1440150977.0,601166,兴业银行
2025-06-26,109.01,109.56,109.82,108.49,657604,1583708584.0,601166,兴业银行
2025-06-27,109.56,107.55,109.69,107.13,890620,2118395114.0,601166,兴业银行
2025-06-30,107.1,106.84,107.55,106.39,533900,1245905412.0,601166,兴业银行
2025-07-01,107.46,107.52,108.07,106.87,486559,1147244956.0,601166,兴业银行
2025-07-02,107.84,108.65,108.98,107.29,598592,1425191396.0,601166,兴业银行
2025-07-03,108.65,109.2,109.4,107.91,494187,1183006993.0,601166,兴业银行
2025-07-04,109.2,111.67,112.22,108.85,1009390,2486887997.0,601166,兴业银行
2025-07-07,111.67,112.61,112.7,111.38,611801,1527411563.0,601166,兴业银行
2025-07-08,112.41,112.67,112.83,111.76,526754,1321047642.0,601166,兴业银行
2025-07-09,112.54,112.48,112.7,111.63,546565,1367713035.0,601166,兴业银行
2025-07-10,112.25,112.02,113.68,112.02,842925,2124297408.0,601166,兴业银行
2025-07-11,112.64,110.44,112.8,110.44,1277581,3171468157.0,601166,兴业银行
2025-07-14,110.86,111.21,111.83,110.47,798195,1970682493.0,601166,兴业银行
2025-07-15,111.25,110.37,111.47,109.79,585200,1432863479.0,601166,兴业银行
2025-07-16,110.4,109.98,110.63,109.04,585385,1417278634.0,601166,兴业银行
2025-07-17,109.95,109.92,110.6,109.66,489326,1191239010.0,601166,兴业银行
2025-07-18,110.24,110.34,111.08,109.92,525200,1283650867.0,601166,兴业银行
2025-07-21,110.34,109.01,110.5,108.98,724599,1749087308.0,601166,兴业银行
2025-07-22,109.04,108.49,109.37,108.04,884209,2108725860.0,601166,兴业银行
2025-07-23,108.49,108.3,109.3,108.04,779441,1861858075.0,601166,兴业银行
2025-07-24,108.27,106.77,108.3,106.52,993263,2325762624.0,601166,兴业银行
2025-07-25,106.32,106.29,106.87,105.74,828381,1917823540.0,601166,兴业银行
2025-07-28,106.39,105.61,106.71,105.48,733992,1694291520.0,601166,兴业银行
2025-07-29,105.64,104.8,105.96,104.67,756036,1726509242.0,601166,兴业银行
2025-07-30,104.83,104.99,105.71,104.67,738517,1684886428.0,601166,兴业银行
2025-07-31,105.09,104.57,105.35,104.09,715313,1618126300.0,601166,兴业银行
2025-08-01,104.44,104.22,104.99,103.66,635035,1433318295.0,601166,兴业银行
2025-08-04,104.22,105.03,105.96,104.12,712914,1628078980.0,601166,兴业银行
2025-08-05,105.03,106.03,106.45,104.8,820304,1883106433.0,601166,兴业银行
2025-08-06,106.03,105.67,106.65,105.48,553475,1275671131.0,601166,兴业银行
2025-08-07,105.74,105.96,106.55,105.28,567574,1310756095.0,601166,兴业银行
2025-08-08,106.32,105.93,106.45,105.74,410842,949131791.0,601166,兴业银行
2025-08-11,105.87,105.35,106.06,105.15,572557,1314486634.0,601166,兴业银行
2025-08-12,105.38,105.71,106.55,105.38,598124,1382771889.0,601166,兴业银行
2025-08-13,106.0,105.09,106.45,105.09,613422,1408452937.0,601166,兴业银行
2025-08-14,105.12,104.86,105.61,104.47,629366,1433604879.0,601166,兴业银行
2025-08-15,104.77,103.53,104.83,103.11,1009323,2258233413.0,601166,兴业银行
2025-08-18,103.5,104.51,104.54,103.24,790749,1775769430.0,601166,兴业银行
2025-08-19,104.51,104.28,104.73,103.86,464354,1047941112.0,601166,兴业银行
2025-08-20,104.25,104.41,104.86,103.83,517479,1168068710.0,601166,兴业银行
2025-08-21,104.41,104.47,104.67,103.96,453809,1025073971.0,601166,兴业银行
2025-08-22,104.38,104.99,105.19,104.12,640809,1448655288.0,601166,兴业银行
2025-08-25,105.03,105.58,105.64,104.8,617577,1412332034.0,601166,兴业银行
2025-08-26,105.41,105.35,105.87,105.09,526531,1206282546.0,601166,兴业银行
2025-08-27,105.25,104.12,105.61,103.92,688557,1563309935.0,601166,兴业银行
2025-08-28,104.28,104.99,105.35,103.83,715184,1621385462.0,601166,兴业银行
2025-08-29,104.77,103.83,105.25,103.66,1103675,2489556639.0,601166,兴业银行
2025-09-01,104.12,101.88,104.12,101.85,1019475,2247745505.0,601166,兴业银行
2025-09-02,101.85,102.47,102.5,101.36,974915,2127430409.0,601166,兴业银行
2025-09-03,102.47,101.59,103.11,101.2,813434,1777442124.0,601166,兴业银行
2025-09-04,101.53,102.24,102.63,100.52,1032059,2242826169.0,601166,兴业银行
2025-09-05,102.04,101.69,102.17,101.4,512887,1115373251.0,601166,兴业银行
2025-09-08,101.4,100.75,101.85,100.55,681393,1468718931.0,601166,兴业银行
2025-09-09,100.78,100.94,101.1,100.59,451937,970474730.0,601166,兴业银行
2025-09-10,100.98,100.88,101.33,100.65,394780,850545558.0,601166,兴业银行
2025-09-11,100.91,101.98,102.11,100.62,693894,1500929724.0,601166,兴业银行
2025-09-12,102.04,100.62,102.5,100.55,871443,1882460576.0,601166,兴业银行
2025-09-15,100.55,99.48,100.65,99.23,817576,1732525311.0,601166,兴业银行
2025-09-16,99.52,98.29,100.2,98.19,1098591,2294390879.0,601166,兴业银行
2025-09-17,98.32,97.93,99.23,97.67,1216993,2519638397.0,601166,兴业银行
2025-09-18,98.06,96.83,98.42,96.6,1326465,2706633183.0,601166,兴业银行
2025-09-19,96.93,96.96,97.51,96.37,902440,1831841493.0,601166,兴业银行
2025-09-22,97.15,96.44,97.44,96.34,522176,1056135326.0,601166,兴业银行
2025-09-23,96.44,97.35,97.74,95.82,1186147,2413456042.0,601166,兴业银行
2025-09-24,97.28,96.8,98.06,96.57,851939,1733311216.0,601166,兴业银行
2025-09-25,96.76,96.7,97.18,96.08,735592,1487668221.0,601166,兴业银行
2025-09-26,96.83,97.05,97.38,96.05,751354,1522919747.0,601166,兴业银行
2025-09-29,96.86,96.18,97.64,96.18,1288720,2607343269.0,601166,兴业银行
2025-09-30,96.31,95.53,96.44,95.34,1422285,2832139640.0,601166,兴业银行
2025-10-09,95.66,94.95,95.76,94.88,1422041,2805438366.0,601166,兴业银行
2025-10-10,94.92,95.01,95.82,94.85,1224887,2418379471.0,601166,兴业银行
2025-10-13,94.59,95.05,95.56,93.91,1186448,2329693939.0,601166,兴业银行
2025-10-14,94.88,96.76,96.76,94.75,1674256,3354050749.0,601166,兴业银行
2025-10-15,96.67,97.02,97.35,96.34,1218771,2467841307.0,601166,兴业银行
2025-10-16,96.99,97.48,97.74,96.41,1040839,2118894000.0,601166,兴业银行
2025-10-17,97.41,96.63,98.03,96.5,1026705,2092372211.0,601166,兴业银行
2025-10-20,96.73,96.86,97.15,95.89,733317,1478700781.0,601166,兴业银行
2025-10-21,96.86,96.54,97.18,96.44,713193,1443091379.0,601166,兴业银行
2025-10-22,96.54,97.31,97.93,96.44,1052978,2142510746.0,601166,兴业银行
2025-10-23,97.41,98.48,98.87,97.41,1288925,2669162662.0,601166,兴业银行
2025-10-24,98.35,97.96,98.8,97.9,871084,1802052791.0,601166,兴业银行
2025-10-27,97.83,97.41,98.09,97.18,868098,1779382266.0,601166,兴业银行
2025-10-28,97.64,97.38,97.77,96.83,678051,1381509043.0,601166,兴业银行
2025-10-29,97.15,96.05,97.15,95.95,931097,1870240598.0,601166,兴业银行
2025-10-30,96.05,96.12,96.6,95.76,853522,1710598137.0,601166,兴业银行
2025-10-31,96.34,96.76,96.93,96.31,887862,1793197839.0,601166,兴业银行
2025-11-03,96.96,97.83,98.12,96.86,990849,2032997911.0,601166,兴业银行
2025-11-04,97.99,99.71,100.42,97.86,1684893,3553167554.0,601166,兴业银行
2025-11-05,100.1,99.97,100.72,99.61,1094260,2330966266.0,601166,兴业银行
2025-11-06,99.74,99.78,100.46,99.32,873787,1853238579.0,601166,兴业银行
2025-11-07,100.17,99.81,100.78,99.65,758866,1612872600.0,601166,兴业银行
2025-11-10,99.81,99.84,100.29,99.42,620422,1314425267.0,601166,兴业银行
2025-11-11,99.78,100.13,100.46,99.55,634825,1348581788.0,601166,兴业银行
2025-11-12,100.39,100.23,101.04,100.17,933772,1997830533.0,601166,兴业银行
2025-11-13,100.29,100.17,100.62,99.68,673045,1428762789.0,601166,兴业银行
2025-11-14,100.2,101.2,102.17,100.17,1195918,2588790612.0,601166,兴业银行
2025-11-17,101.07,100.62,101.43,100.17,901597,1928831974.0,601166,兴业银行
2025-11-18,100.59,100.23,100.85,100.0,543063,1158813022.0,601166,兴业银行
2025-11-19,100.36,100.65,101.2,100.2,614975,1318701348.0,601166,兴业银行
2025-11-20,100.52,100.94,102.04,100.42,811554,1755148196.0,601166,兴业银行
2025-11-21,101.36,100.42,101.36,99.94,1022189,2187792528.0,601166,兴业银行
2025-11-24,100.55,99.29,100.68,99.29,902302,1911010241.0,601166,兴业银行
2025-11-25,99.42,100.55,100.62,98.84,705707,1496052471.0,601166,兴业银行
2025-11-26,100.68,100.23,101.27,100.04,522058,1115834134.0,601166,兴业银行
2025-11-27,100.04,100.52,100.68,99.61,558515,1189138080.0,601166,兴业银行
2025-11-28,100.36,99.61,100.42,99.58,567063,1202270109.0,601166,兴业银行
2025-12-01,99.03,99.78,100.0,98.93,773597,1631303704.0,601166,兴业银行
2025-12-02,99.97,99.74,100.1,99.13,531470,1121724094.0,601166,兴业银行
2025-12-03,99.58,99.06,100.2,99.03,591745,1248351588.0,601166,兴业银行
2025-12-04,99.06,98.84,99.36,98.67,452229,944873768.0,601166,兴业银行
2025-12-05,98.71,98.61,98.9,97.9,671356,1391780995.0,601166,兴业银行
2025-12-08,98.61,98.87,99.39,98.48,741996,1551897043.0,601166,兴业银行
2025-12-09,99.0,98.35,99.1,98.12,614576,1275049172.0,601166,兴业银行
2025-12-10,98.22,97.15,98.32,96.86,716149,1461613882.0,601166,兴业银行
2025-12-11,97.22,97.38,97.38,96.8,630224,1281591161.0,601166,兴业银行
2025-12-12,97.31,98.12,98.12,97.05,958856,1967883795.0,601166,兴业银行
2025-12-15,97.96,98.25,98.8,97.9,506772,1051157428.0,601166,兴业银行
2025-12-16,98.38,97.38,98.42,97.09,475217,972631746.0,601166,兴业银行
2025-12-17,97.35,97.57,98.03,96.76,695326,1419135975.0,601166,兴业银行
2025-12-18,97.41,99.06,99.1,97.18,670015,1388716471.0,601166,兴业银行
2025-12-19,98.93,99.55,99.84,98.64,717066,1508595195.0,601166,兴业银行
2025-12-22,99.58,99.23,100.0,99.13,626549,1318552861.0,601166,兴业银行
2025-12-23,99.45,99.45,99.58,98.97,447450,940645542.0,601166,兴业银行
2025-12-24,99.45,99.36,99.61,98.87,499214,1048641826.0,601166,兴业银行
2025-12-25,99.36,99.39,100.04,99.32,545940,1154305574.0,601166,兴业银行
2025-12-26,99.36,99.71,99.84,99.26,502879,1061270981.0,601166,兴业银行
2025-12-29,99.78,100.62,100.75,99.52,751746,1602749146.0,601166,兴业银行
2025-12-30,100.39,99.55,100.62,99.48,675344,1429650769.0,601166,兴业银行
2025-12-31,99.68,99.45,99.84,99.36,516303,1089090774.0,601166,兴业银行
2026-01-05,99.55,99.42,99.81,99.06,681921,1433154162.0,601166,兴业银行
2026-01-06,99.42,100.75,100.81,99.0,980486,2081354537.0,601166,兴业银行
2026-01-07,100.78,100.04,101.14,99.78,721683,1536327487.0,601166,兴业银行
2026-01-08,99.91,99.0,100.0,98.8,683149,1431407032.0,601166,兴业银行
2026-01-09,99.19,98.74,99.45,98.58,593631,1239044443.0,601166,兴业银行
2026-01-12,98.64,99.0,99.29,98.22,806680,1683033481.0,601166,兴业银行
2026-01-13,99.06,99.29,99.81,98.8,671490,1413448396.0,601166,兴业银行
2026-01-14,99.16,97.67,99.84,97.67,1296934,2705360734.0,601166,兴业银行
2026-01-15,97.67,97.05,98.25,96.89,1011762,2071464781.0,601166,兴业银行
2026-01-16,97.35,96.28,97.48,95.92,1662411,3352989527.0,601166,兴业银行
2026-01-19,96.21,96.28,96.67,95.92,882620,1771558388.0,601166,兴业银行
2026-01-20,96.28,96.31,96.57,95.76,920847,1847923240.0,601166,兴业银行
2026-01-21,96.44,94.75,96.89,94.66,1484016,2945354261.0,601166,兴业银行
2026-01-22,94.95,93.91,95.5,93.81,1459434,2842796271.0,601166,兴业银行
2026-01-23,93.98,93.17,94.59,92.81,1709547,3289784766.0,601166,兴业银行
2026-01-26,93.13,92.39,93.33,92.36,2124267,4032081238.0,601166,兴业银行
2026-01-27,92.45,92.19,93.1,92.03,1378786,2610346338.0,601166,兴业银行
2026-01-28,92.16,91.32,92.42,91.19,2045227,3817641687.0,601166,兴业银行
2026-01-29,91.38,92.42,92.75,90.67,2392841,4455195879.0,601166,兴业银行
2026-01-30,92.45,91.81,93.36,91.81,1497069,2832333599.0,601166,兴业银行
2026-02-02,91.87,92.36,93.43,91.87,1591234,3025190516.0,601166,兴业银行
2026-02-03,92.55,92.42,92.75,92.0,1010472,1905561560.0,601166,兴业银行
2026-02-04,92.36,93.36,93.49,92.23,1151367,2198841159.0,601166,兴业银行
2026-02-05,93.43,94.01,94.37,93.43,1198482,2318435836.0,601166,兴业银行
2026-02-06,94.03,94.12,94.48,93.7,1048455,1974567154.0,601166,兴业银行
2026-02-09,94.12,94.22,94.51,93.83,644395,1215569554.0,601166,兴业银行
2026-02-10,94.22,94.03,94.48,93.96,518706,978050860.0,601166,兴业银行
2026-02-11,94.25,94.15,94.25,93.8,520589,980527831.0,601166,兴业银行
2026-02-12,94.15,93.28,94.15,93.18,777622,1450221249.0,601166,兴业银行
2026-02-13,93.31,92.96,93.51,92.83,662594,1228885342.0,601166,兴业银行
2026-02-24,93.15,92.5,93.28,92.5,815625,1503552137.0,601166,兴业银行
2026-02-25,92.57,92.34,92.96,92.24,860862,1581398387.0,601166,兴业银行
2026-02-26,92.5,92.18,92.7,92.05,568238,1038749152.0,601166,兴业银行
2026-02-27,92.15,92.37,92.83,92.15,870035,1596476710.0,601166,兴业银行
2026-03-02,92.21,92.37,92.73,92.05,852835,1562216135.0,601166,兴业银行
2026-03-03,92.41,92.79,93.31,92.18,1203071,2219475157.0,601166,兴业银行
2026-03-04,92.6,91.82,92.73,91.43,1175244,2137689519.0,601166,兴业银行
2026-03-05,91.89,92.89,92.92,91.85,883037,1620828335.0,601166,兴业银行
2026-03-06,92.66,93.05,93.22,92.6,588803,1090246420.0,601166,兴业银行
2026-03-09,92.66,92.34,93.09,92.31,939328,1726858928.0,601166,兴业银行
2026-03-10,92.41,92.89,93.05,92.34,615727,1133935349.0,601166,兴业银行
2026-03-11,92.96,93.67,93.67,92.66,742558,1380734146.0,601166,兴业银行
2026-03-12,93.57,93.99,94.06,93.51,701946,1316943935.0,601166,兴业银行
2026-03-13,93.96,94.06,94.58,93.73,668446,1260095011.0,601166,兴业银行
2026-03-16,94.22,94.06,94.51,93.9,715959,1350807352.0,601166,兴业银行
2026-03-17,94.09,94.64,94.84,93.96,820461,1558210536.0,601166,兴业银行
2026-03-18,94.61,94.45,94.77,94.09,635232,1203070388.0,601166,兴业银行
2026-03-19,94.25,94.06,94.61,93.99,659739,1247222560.0,601166,兴业银行
2026-03-20,94.12,93.93,94.48,93.83,664283,1252054816.0,601166,兴业银行
2026-03-23,93.47,92.15,93.51,91.82,1092370,2004203291.0,601166,兴业银行
2026-03-24,92.34,93.7,93.73,92.34,817479,1518857186.0,601166,兴业银行
2026-03-25,93.9,93.83,93.93,93.25,581800,1086900488.0,601166,兴业银行
2026-03-26,93.8,94.22,94.54,93.67,581222,1097370098.0,601166,兴业银行
2026-03-27,93.96,93.64,94.35,93.6,587324,1102223367.0,601166,兴业银行
2026-03-30,93.31,93.6,93.73,93.12,622448,1161063038.0,601166,兴业银行
2026-03-31,93.7,94.03,94.48,93.6,750266,1416081247.0,601166,兴业银行
2026-04-01,94.25,94.32,94.9,94.03,742015,1406437577.0,601166,兴业银行
2026-04-02,94.32,94.28,94.54,93.99,509594,962974710.0,601166,兴业银行
2026-04-03,94.28,93.6,94.35,93.47,479152,898497057.0,601166,兴业银行
2026-04-07,93.64,93.09,93.93,92.96,557922,1039680869.0,601166,兴业银行
2026-04-08,93.54,93.9,94.06,93.31,651016,1219458769.0,601166,兴业银行
2026-04-09,93.73,93.31,93.9,93.18,510411,950465252.0,601166,兴业银行
2026-04-10,93.34,93.09,93.47,93.09,602524,1118859663.0,601166,兴业银行
2026-04-13,93.02,92.73,93.05,92.57,502480,925380718.0,601166,兴业银行
2026-04-14,92.79,93.22,93.22,92.76,482025,892443849.0,601166,兴业银行
2026-04-15,93.25,93.64,93.8,93.22,555379,1037196948.0,601166,兴业银行
2026-04-16,93.6,93.34,93.93,93.22,558620,1042351514.0,601166,兴业银行
2026-04-17,93.31,92.66,93.34,92.66,831072,1533711842.0,601166,兴业银行
2026-04-20,92.73,92.53,92.86,92.47,1008677,1855047040.0,601166,兴业银行
2026-04-21,92.57,92.73,93.57,92.53,1059433,1961763384.0,601166,兴业银行
2026-04-22,92.79,92.08,92.89,92.08,1266287,2317850133.0,601166,兴业银行
2026-04-23,92.08,92.02,92.28,91.79,969639,1763937165.0,601166,兴业银行
2026-04-24,91.95,91.95,92.41,91.72,807310,1469908571.0,601166,兴业银行
2026-04-27,92.11,91.92,92.7,91.89,1085834,1982718020.0,601166,兴业银行
2026-04-28,91.95,91.82,92.05,91.5,864195,1566028965.0,601166,兴业银行
2026-04-29,91.66,91.95,91.95,91.53,966844,1750964455.0,601166,兴业银行
2026-04-30,91.47,91.14,91.5,90.85,1530387,2744334777.0,601166,兴业银行
2026-05-06,91.17,90.69,91.27,90.53,1351426,2406410705.0,601166,兴业银行
2026-05-07,90.75,90.56,90.88,90.53,871579,1548628066.0,601166,兴业银行
2026-05-08,90.59,90.49,90.85,90.46,849683,1508738481.0,601166,兴业银行
2026-05-11,90.46,90.49,90.59,90.23,934458,1653649395.0,601166,兴业银行
2026-05-12,90.49,90.56,90.79,90.43,1058053,1878698534.0,601166,兴业银行
2026-05-13,90.66,90.36,90.75,90.36,806074,1428862238.0,601166,兴业银行
2026-05-14,90.33,90.36,90.53,90.01,909212,1604646427.0,601166,兴业银行
2026-05-15,90.3,90.3,90.75,90.07,864750,1530401230.0,601166,兴业银行
2026-05-18,90.27,89.59,90.27,89.36,891161,1557576583.0,601166,兴业银行
2026-05-19,89.59,89.75,90.4,89.59,829257,1457733223.0,601166,兴业银行
2026-05-20,89.81,89.2,89.81,89.2,652831,1136757138.0,601166,兴业银行
2026-05-21,89.2,89.33,89.49,89.04,786798,1365096741.0,601166,兴业银行
2026-05-22,89.17,89.62,90.04,89.04,973197,1698769878.0,601166,兴业银行
