date,open,close,high,low,volume,amount,code,name
2020-01-02,296.32,296.69,301.44,292.39,100309,395639856.0,002179,中航光电
2020-01-03,297.06,299.22,300.7,296.4,80092,318217328.0,002179,中航光电
2020-01-06,301.51,304.18,308.11,297.81,112702,455905520.0,002179,中航光电
2020-01-07,305.52,301.37,306.33,299.29,80024,320494720.0,002179,中航光电
2020-01-08,305.0,299.29,307.22,299.29,97920,394329536.0,002179,中航光电
2020-01-09,299.29,298.4,299.51,294.1,97850,386008320.0,002179,中航光电
2020-01-10,298.55,296.47,299.29,294.47,64985,255889263.0,002179,中航光电
2020-01-13,294.84,296.55,297.29,290.84,71196,278940016.0,002179,中航光电
2020-01-14,297.73,295.36,299.96,294.77,72142,285082416.0,002179,中航光电
2020-01-15,295.29,294.02,295.43,291.87,56937,222079452.0,002179,中航光电
2020-01-16,294.84,291.87,295.14,291.5,62858,244505675.0,002179,中航光电
2020-01-17,293.06,290.54,293.28,289.28,54993,212794492.0,002179,中航光电
2020-01-20,291.58,292.1,293.13,290.47,57914,224517812.0,002179,中航光电
2020-01-21,291.73,291.28,295.8,290.47,66701,259630127.0,002179,中航光电
2020-01-22,289.95,291.36,293.06,287.5,63196,243881367.0,002179,中航光电
2020-01-23,291.73,281.27,292.91,277.79,101616,384154800.0,002179,中航光电
2020-02-03,253.54,264.22,266.52,253.54,192103,664971984.0,002179,中航光电
2020-02-04,266.37,268.74,274.45,264.44,122687,436529872.0,002179,中航光电
2020-02-05,268.74,270.59,274.75,268.15,77759,279977440.0,002179,中航光电
2020-02-06,271.11,277.04,279.19,268.22,81465,297137920.0,002179,中航光电
2020-02-07,276.01,273.56,276.01,270.0,76052,275627296.0,002179,中航光电
2020-02-10,273.26,270.0,273.26,267.41,95540,341597168.0,002179,中航光电
2020-02-11,270.07,273.56,274.45,270.07,68531,248176792.0,002179,中航光电
2020-02-12,272.22,274.08,274.08,270.37,51930,188174669.0,002179,中航光电
2020-02-13,273.93,271.56,276.82,271.19,75346,273581328.0,002179,中航光电
2020-02-14,271.56,272.37,273.93,269.63,62015,223840815.0,002179,中航光电
2020-02-17,271.93,285.57,287.13,271.63,147221,554073088.0,002179,中航光电
2020-02-18,286.61,292.76,296.25,286.61,149743,582373936.0,002179,中航光电
2020-02-19,289.72,291.5,296.17,287.5,95894,373214368.0,002179,中航光电
2020-02-20,291.87,292.91,294.32,288.02,97664,378504896.0,002179,中航光电
2020-02-21,294.84,297.88,299.07,293.36,108118,426668736.0,002179,中航光电
2020-02-24,298.55,307.52,311.23,298.55,180489,735719168.0,002179,中航光电
2020-02-25,300.77,307.37,311.15,299.36,123589,501916896.0,002179,中航光电
2020-02-26,304.41,307.15,315.01,301.07,147034,602335536.0,002179,中航光电
2020-02-27,305.81,307.45,310.56,303.37,103786,424437760.0,002179,中航光电
2020-02-28,294.84,295.51,308.19,293.58,140096,561631712.0,002179,中航光电
2020-03-02,300.77,295.29,303.0,291.36,145736,571388272.0,002179,中航光电
2020-03-03,298.55,297.36,306.33,294.84,147700,590694544.0,002179,中航光电
2020-03-04,294.1,293.43,300.4,291.13,119656,469407328.0,002179,中航光电
2020-03-05,297.44,296.47,300.62,294.17,89911,354890208.0,002179,中航光电
2020-03-06,293.36,293.88,296.92,292.32,76445,299335792.0,002179,中航光电
2020-03-09,291.36,282.23,292.25,281.79,138872,527170624.0,002179,中航光电
2020-03-10,280.75,286.76,288.76,278.53,81527,308718016.0,002179,中航光电
2020-03-11,287.43,286.98,295.21,286.98,96666,373879888.0,002179,中航光电
2020-03-12,283.72,284.31,287.43,281.79,73669,278577584.0,002179,中航光电
2020-03-13,278.82,283.2,288.39,273.78,94818,353886800.0,002179,中航光电
2020-03-16,283.2,278.6,289.65,276.15,110707,417124304.0,002179,中航光电
2020-03-17,280.75,276.15,283.35,273.41,81966,301315152.0,002179,中航光电
2020-03-18,276.23,265.4,279.57,262.81,104690,378024208.0,002179,中航光电
2020-03-19,264.74,263.85,270.37,259.69,158613,555406896.0,002179,中航光电
2020-03-20,261.47,254.95,267.63,254.8,126843,434515808.0,002179,中航光电
2020-03-23,249.46,247.39,251.54,242.64,114116,373242816.0,002179,中航光电
2020-03-24,250.13,250.5,252.58,245.53,69137,228270491.0,002179,中航光电
2020-03-25,256.21,251.31,257.25,250.5,135659,454980576.0,002179,中航光电
2020-03-26,250.94,252.72,256.65,248.13,71276,239632334.0,002179,中航光电
2020-03-27,256.28,263.99,267.03,255.76,113080,394222544.0,002179,中航光电
2020-03-30,261.47,259.03,266.29,256.88,77751,268728928.0,002179,中航光电
2020-03-31,261.55,257.77,263.03,255.02,71677,244675480.0,002179,中航光电
2020-04-01,257.62,256.28,259.62,255.84,56932,194374880.0,002179,中航光电
2020-04-02,256.21,256.28,256.28,250.57,76010,255303984.0,002179,中航光电
2020-04-03,257.1,256.65,259.25,255.1,56147,191407593.0,002179,中航光电
2020-04-07,260.73,267.03,267.41,260.73,97895,344681056.0,002179,中航光电
2020-04-08,266.66,265.63,267.78,262.66,56095,197408966.0,002179,中航光电
2020-04-09,267.63,263.25,269.11,262.59,53745,189316621.0,002179,中航光电
2020-04-10,263.4,260.66,264.44,256.65,63180,218402403.0,002179,中航光电
2020-04-13,257.77,258.8,261.1,254.8,55056,188317176.0,002179,中航光电
2020-04-14,260.95,257.4,260.95,254.87,92930,315464048.0,002179,中航光电
2020-04-15,257.25,253.84,257.47,253.84,74433,252448768.0,002179,中航光电
2020-04-16,253.32,254.95,255.54,251.54,69102,232671186.0,002179,中航光电
2020-04-17,256.28,259.1,260.58,255.17,101990,349839872.0,002179,中航光电
2020-04-20,260.36,257.47,260.36,256.06,54918,187478037.0,002179,中航光电
2020-04-21,256.95,257.1,259.17,255.02,49109,167249644.0,002179,中航光电
2020-04-22,255.76,259.1,259.77,253.98,46745,159819280.0,002179,中航光电
2020-04-23,259.55,262.44,265.85,257.99,91437,318683072.0,002179,中航光电
2020-04-24,260.73,261.92,264.07,257.02,76456,264571729.0,002179,中航光电
2020-04-27,261.92,262.44,265.85,259.69,82628,289356560.0,002179,中航光电
2020-04-28,263.62,261.4,265.33,259.25,67075,232781349.0,002179,中航光电
2020-04-29,260.81,260.58,262.29,259.92,33009,114275154.0,002179,中航光电
2020-04-30,261.92,269.85,271.63,260.73,118641,420619824.0,002179,中航光电
2020-05-06,268.59,269.11,269.48,265.77,79592,282656816.0,002179,中航光电
2020-05-07,268.67,275.26,278.53,268.59,107517,391846992.0,002179,中航光电
2020-05-08,279.27,276.3,281.12,275.64,77718,286607488.0,002179,中航光电
2020-05-11,278.53,274.45,278.68,272.6,81082,295850240.0,002179,中航光电
2020-05-12,275.49,271.48,275.49,269.7,68244,245584332.0,002179,中航光电
2020-05-13,273.34,272.15,273.71,269.63,55477,199958764.0,002179,中航光电
2020-05-14,272.22,269.04,272.22,266.52,86569,308262736.0,002179,中航光电
2020-05-15,269.11,269.18,270.74,267.03,58179,207776529.0,002179,中航光电
2020-05-18,270.22,273.41,274.08,267.63,105752,382476272.0,002179,中航光电
2020-05-19,274.08,271.78,276.15,270.67,87723,317697360.0,002179,中航光电
2020-05-20,272.6,264.29,272.6,263.77,82581,292903104.0,002179,中航光电
2020-05-21,264.59,255.91,265.03,255.76,84093,288743504.0,002179,中航光电
2020-05-22,256.21,256.28,258.51,253.76,65926,224036523.0,002179,中航光电
2020-05-25,257.1,254.5,258.51,251.09,62741,210678577.0,002179,中航光电
2020-05-26,254.8,255.02,256.06,253.76,68632,231837117.0,002179,中航光电
2020-05-27,256.28,258.8,258.88,254.06,54717,185981598.0,002179,中航光电
2020-05-28,257.47,262.51,267.92,257.47,94743,332559328.0,002179,中航光电
2020-05-29,262.66,264.59,265.4,259.17,73853,255407338.0,002179,中航光电
2020-06-01,263.7,267.63,270.0,262.73,89769,316776000.0,002179,中航光电
2020-06-02,268.89,266.66,269.26,265.92,55568,196271152.0,002179,中航光电
2020-06-03,267.11,265.25,269.11,264.81,51198,180939654.0,002179,中航光电
2020-06-04,266.07,262.59,267.85,261.99,44354,154464059.0,002179,中航光电
2020-06-05,262.59,270.3,270.59,262.59,82193,290632624.0,002179,中航光电
2020-06-08,271.48,275.26,281.72,271.48,134634,495187264.0,002179,中航光电
2020-06-09,277.79,278.01,280.68,274.52,64900,238820611.0,002179,中航光电
2020-06-10,278.01,277.93,280.08,275.56,77262,283940672.0,002179,中航光电
2020-06-11,277.86,271.11,279.12,270.59,115823,419627216.0,002179,中航光电
2020-06-12,268.0,270.37,270.74,263.92,138523,490233664.0,002179,中航光电
2020-06-15,268.74,265.85,269.63,265.4,99585,351184240.0,002179,中航光电
2020-06-16,267.18,268.37,269.41,265.63,82122,290347744.0,002179,中航光电
2020-06-17,272.22,275.78,277.19,270.0,95665,346309392.0,002179,中航光电
2020-06-18,274.45,275.26,276.67,271.56,88138,319356304.0,002179,中航光电
2020-06-19,275.19,279.49,282.16,273.93,87161,322508384.0,002179,中航光电
2020-06-22,280.83,278.38,281.86,275.93,64876,238711465.0,002179,中航光电
2020-06-23,278.08,278.01,279.57,276.08,53152,195320193.0,002179,中航光电
2020-06-24,281.12,282.31,283.5,279.12,82897,309184272.0,002179,中航光电
2020-06-29,281.12,281.72,285.57,277.42,103321,384004080.0,002179,中航光电
2020-06-30,283.35,309.37,309.37,283.2,184602,730386720.0,002179,中航光电
2020-07-01,317.38,306.56,317.53,300.92,174395,713417280.0,002179,中航光电
2020-07-02,301.88,303.52,304.85,298.84,123969,496353920.0,002179,中航光电
2020-07-03,301.29,301.22,304.78,299.73,112599,449853712.0,002179,中航光电
2020-07-06,301.51,311.0,311.89,301.51,154405,629088160.0,002179,中航光电
2020-07-07,313.01,313.75,325.61,309.45,168575,709443824.0,002179,中航光电
2020-07-08,311.52,328.43,331.54,310.04,173136,737665120.0,002179,中航光电
2020-07-09,330.73,330.51,341.26,325.39,178638,786612192.0,002179,中航光电
2020-07-10,330.51,326.8,334.44,325.61,90098,394230288.0,002179,中航光电
2020-07-13,327.09,328.28,333.18,325.54,101361,442126320.0,002179,中航光电
2020-07-14,327.76,326.43,336.44,320.79,126736,552487168.0,002179,中航光电
2020-07-15,329.39,315.23,334.51,314.86,112172,480400128.0,002179,中航光电
2020-07-16,318.94,301.96,322.42,301.51,88487,366143536.0,002179,中航光电
2020-07-17,304.92,315.01,318.64,302.63,122310,505381984.0,002179,中航光电
2020-07-20,319.31,331.4,332.29,317.38,127818,553523872.0,002179,中航光电
2020-07-21,330.43,326.65,330.43,320.42,97829,422237440.0,002179,中航光电
2020-07-22,326.65,343.33,358.76,326.65,184276,854580912.0,002179,中航光电
2020-07-23,347.86,346.89,357.5,342.0,194201,899264464.0,002179,中航光电
2020-07-24,345.56,333.32,353.79,331.62,173622,784029984.0,002179,中航光电
2020-07-27,335.47,330.65,341.7,319.68,139167,614060240.0,002179,中航光电
2020-07-28,334.44,333.62,340.44,328.58,100161,444440368.0,002179,中航光电
2020-07-29,333.62,339.63,340.59,331.99,85969,384721184.0,002179,中航光电
2020-07-30,339.92,333.69,349.93,331.54,89450,402794128.0,002179,中航光电
2020-07-31,334.58,328.21,337.99,326.95,91637,402125296.0,002179,中航光电
2020-08-03,329.02,344.0,344.96,326.35,172256,771949008.0,002179,中航光电
2020-08-04,343.33,332.06,343.33,328.73,109541,483904752.0,002179,中航光电
2020-08-05,331.17,339.77,343.41,330.06,119930,538386336.0,002179,中航光电
2020-08-06,339.7,353.34,358.61,337.18,214373,995253856.0,002179,中航光电
2020-08-07,348.89,367.06,374.55,343.56,251557,1206264976.0,002179,中航光电
2020-08-10,359.72,361.94,381.22,355.27,201599,986849200.0,002179,中航光电
2020-08-11,358.83,353.05,374.55,351.12,174496,840611968.0,002179,中航光电
2020-08-12,348.97,344.59,351.93,335.99,124565,565858912.0,002179,中航光电
2020-08-13,343.93,341.18,350.08,340.15,91776,420665360.0,002179,中航光电
2020-08-14,341.33,347.63,355.2,341.18,98385,455151856.0,002179,中航光电
2020-08-17,349.12,358.24,360.09,342.74,104101,487550320.0,002179,中航光电
2020-08-18,358.16,355.79,373.22,353.79,129124,619714608.0,002179,中航光电
2020-08-19,356.01,346.08,356.24,343.85,80966,376269504.0,002179,中航光电
2020-08-20,341.85,322.28,345.63,321.9,182994,801868016.0,002179,中航光电
2020-08-21,325.76,328.06,337.11,325.76,121544,534738768.0,002179,中航光电
2020-08-24,353.79,360.31,360.31,345.78,115849,547590400.0,002179,中航光电
2020-08-25,358.83,364.47,373.73,354.83,251736,1220333856.0,002179,中航光电
2020-08-26,358.46,353.71,363.58,350.9,130913,621139376.0,002179,中航光电
2020-08-27,355.27,361.8,361.94,347.12,136042,639812288.0,002179,中航光电
2020-08-28,355.27,366.1,367.8,352.31,133959,646088768.0,002179,中航光电
2020-08-31,368.03,363.43,374.25,355.72,132580,646784736.0,002179,中航光电
2020-09-01,363.43,379.74,379.74,359.57,156463,776776928.0,002179,中航光电
2020-09-02,379.74,374.48,381.3,368.32,92287,459746160.0,002179,中航光电
2020-09-03,371.58,368.77,376.4,364.17,81849,402736976.0,002179,中航光电
2020-09-04,361.43,366.76,370.1,361.2,62309,302751072.0,002179,中航光电
2020-09-07,363.95,357.5,374.48,357.35,81745,397290864.0,002179,中航光电
2020-09-08,357.5,353.86,360.39,349.04,69166,325716576.0,002179,中航光电
2020-09-09,349.34,342.3,349.34,339.55,92467,423115424.0,002179,中航光电
2020-09-10,345.41,336.96,347.71,335.25,57195,259635654.0,002179,中航光电
2020-09-11,334.88,340.0,341.63,330.8,48605,217587746.0,002179,中航光电
2020-09-14,340.0,347.49,349.34,337.85,74951,342958496.0,002179,中航光电
2020-09-15,347.12,351.12,355.49,345.63,58700,273153472.0,002179,中航光电
2020-09-16,348.15,344.45,352.97,341.7,32683,149852486.0,002179,中航光电
2020-09-17,342.81,339.7,346.0,334.88,66828,301492752.0,002179,中航光电
2020-09-18,342.59,349.27,351.56,341.33,75113,346503824.0,002179,中航光电
2020-09-21,350.3,362.76,365.5,349.27,127863,611394736.0,002179,中航光电
2020-09-22,358.83,355.79,361.94,352.75,51503,244539776.0,002179,中航光电
2020-09-23,355.79,352.31,357.5,348.6,58681,274321968.0,002179,中航光电
2020-09-24,348.52,343.26,350.08,340.66,62728,286988784.0,002179,中航光电
2020-09-25,344.67,342.52,347.12,341.48,34329,156777207.0,002179,中航光电
2020-09-28,342.22,335.92,344.89,335.25,50481,227148819.0,002179,中航光电
2020-09-29,337.11,343.04,345.19,336.73,50370,228566316.0,002179,中航光电
2020-09-30,345.71,348.6,351.93,341.85,52591,243011299.0,002179,中航光电
2020-10-09,352.08,358.61,362.09,349.34,72665,345024048.0,002179,中航光电
2020-10-12,356.68,372.25,375.14,356.68,88842,436095440.0,002179,中航光电
2020-10-13,373.66,375.0,376.85,368.62,59013,293181968.0,002179,中航光电
2020-10-14,376.77,378.55,382.34,375.0,79995,403366112.0,002179,中航光电
2020-10-15,376.55,382.34,390.64,376.55,86712,442410992.0,002179,中航光电
2020-10-16,379.96,381.82,384.93,376.03,49532,251408641.0,002179,中航光电
2020-10-19,389.38,382.56,392.35,375.37,89998,460643136.0,002179,中航光电
2020-10-20,380.11,390.05,390.64,376.11,80095,409240864.0,002179,中航光电
2020-10-21,389.16,391.01,393.46,385.15,56999,295483424.0,002179,中航光电
2020-10-22,390.86,390.57,391.9,381.67,52486,271036672.0,002179,中航光电
2020-10-23,393.68,390.79,399.46,384.56,52495,274430128.0,002179,中航光电
2020-10-26,390.57,393.68,397.98,381.97,71039,368887232.0,002179,中航光电
2020-10-27,394.05,387.53,397.46,386.34,66330,344794832.0,002179,中航光电
2020-10-28,391.31,392.49,395.16,387.6,54016,281217648.0,002179,中航光电
2020-10-29,387.16,388.49,391.6,376.63,35941,185491414.0,002179,中航光电
2020-10-30,405.77,416.07,426.83,405.77,207893,1168649360.0,002179,中航光电
2020-11-02,420.37,427.94,439.5,420.37,163628,933509712.0,002179,中航光电
2020-11-03,435.95,428.16,438.32,420.74,91360,520220368.0,002179,中航光电
2020-11-04,430.09,439.95,445.73,427.42,126273,735903728.0,002179,中航光电
2020-11-05,436.09,448.62,451.52,432.98,90777,537034064.0,002179,中航光电
2020-11-06,449.44,452.63,458.93,444.25,86949,523352272.0,002179,中航光电
2020-11-09,451.15,444.47,455.22,434.61,121076,713783504.0,002179,中航光电
2020-11-10,441.88,436.24,444.25,434.68,90071,526139872.0,002179,中航光电
2020-11-11,439.8,434.61,444.92,432.83,99180,579732256.0,002179,中航光电
2020-11-12,435.65,444.25,448.7,434.46,80068,473146144.0,002179,中航光电
2020-11-13,446.55,448.11,453.15,439.13,95063,567184640.0,002179,中航光电
2020-11-16,446.7,443.51,453.74,438.91,98961,584067648.0,002179,中航光电
2020-11-17,441.51,442.69,447.07,437.43,74292,438443264.0,002179,中航光电
2020-11-18,438.76,434.98,450.18,431.5,79367,462413632.0,002179,中航光电
2020-11-19,431.87,437.87,440.39,430.16,90871,527456176.0,002179,中航光电
2020-11-20,438.17,442.32,450.78,433.13,80386,472466752.0,002179,中航光电
2020-11-23,439.8,451.0,459.82,439.21,150544,907569632.0,002179,中航光电
2020-11-24,449.74,459.82,460.86,447.14,78080,474325776.0,002179,中航光电
2020-11-25,456.86,447.96,459.82,446.47,77798,468712336.0,002179,中航光电
2020-11-26,448.18,438.32,451.44,431.2,81321,474761376.0,002179,中航光电
2020-11-27,440.91,441.73,448.7,435.13,74411,438716896.0,002179,中航光电
2020-11-30,443.73,442.77,462.79,442.77,109768,662431904.0,002179,中航光电
2020-12-01,451.07,466.87,472.43,445.73,151203,933354448.0,002179,中航光电
2020-12-02,469.61,473.54,474.35,464.72,88940,557664512.0,002179,中航光电
2020-12-03,473.61,458.93,474.35,457.45,83708,514669264.0,002179,中航光电
2020-12-04,454.7,460.41,463.16,448.77,73635,449736416.0,002179,中航光电
2020-12-07,460.19,485.62,498.08,454.56,140992,906119968.0,002179,中航光电
2020-12-08,486.74,490.3,494.67,480.66,90606,589808864.0,002179,中航光电
2020-12-09,491.71,479.77,493.19,477.25,71169,458820896.0,002179,中航光电
2020-12-10,479.84,484.29,486.14,473.98,82748,531105280.0,002179,中航光电
2020-12-11,480.29,476.13,482.07,459.08,124219,777875056.0,002179,中航光电
2020-12-14,462.79,471.09,473.17,455.22,142700,882795440.0,002179,中航光电
2020-12-15,469.53,474.8,479.32,465.01,72460,457380608.0,002179,中航光电
2020-12-16,476.43,472.2,476.43,469.24,49695,313487392.0,002179,中航光电
2020-12-17,470.72,466.35,481.03,461.75,75195,468656640.0,002179,中航光电
2020-12-18,469.76,476.58,488.0,467.31,97502,622995600.0,002179,中航光电
2020-12-21,472.43,512.17,516.92,472.06,130939,878553280.0,002179,中航光电
2020-12-22,510.32,514.32,520.55,503.64,100555,687817536.0,002179,中航光电
2020-12-23,516.03,530.86,533.23,508.69,121392,845678208.0,002179,中航光电
2020-12-24,534.64,532.49,553.99,526.56,117170,844163632.0,002179,中航光电
2020-12-25,530.93,553.92,556.73,522.11,86664,628767232.0,002179,中航光电
2020-12-28,551.47,544.8,557.62,536.64,100318,729062240.0,002179,中航光电
2020-12-29,545.09,539.16,551.91,533.23,81634,593032672.0,002179,中航光电
2020-12-30,539.16,559.92,571.71,537.68,92273,686130192.0,002179,中航光电
2020-12-31,562.74,585.8,594.77,553.99,131381,996954752.0,002179,中航光电
2021-01-04,603.67,638.45,643.86,603.67,146222,1228736512.0,002179,中航光电
2021-01-05,631.77,624.43,643.86,607.6,233867,1948456032.0,002179,中航光电
2021-01-06,620.72,620.72,642.15,601.67,137526,1151171440.0,002179,中航光电
2021-01-07,620.72,638.89,643.56,614.94,148539,1257297584.0,002179,中航光电
2021-01-08,645.19,613.31,653.65,597.22,184769,1528400400.0,002179,中航光电
2021-01-11,613.31,582.76,627.77,575.42,230546,1853295808.0,002179,中航光电
2021-01-12,581.87,580.09,592.03,560.66,257435,1988924000.0,002179,中航光电
2021-01-13,598.26,568.89,599.44,558.44,231566,1793494080.0,002179,中航光电
2021-01-14,565.11,545.39,565.11,531.89,212234,1544066016.0,002179,中航光电
2021-01-15,546.65,549.02,556.96,535.53,131111,961449504.0,002179,中航光电
2021-01-18,558.88,562.89,573.19,557.03,161946,1224098672.0,002179,中航光电
2021-01-19,557.85,557.7,567.86,547.54,93629,697500016.0,002179,中航光电
2021-01-20,553.99,568.23,573.86,540.5,143739,1070325968.0,002179,中航光电
2021-01-21,568.08,568.89,572.9,559.77,120098,909555168.0,002179,中航光电
2021-01-22,568.0,585.58,589.21,562.22,155562,1202340720.0,002179,中航光电
2021-01-25,588.1,578.53,606.26,573.27,185971,1463268208.0,002179,中航光电
2021-01-26,569.93,521.22,570.08,521.22,259991,1846895232.0,002179,中航光电
2021-01-27,514.25,533.82,541.24,514.25,195443,1386737104.0,002179,中航光电
2021-01-28,524.33,529.6,544.2,515.43,123478,876786576.0,002179,中航光电
2021-01-29,530.11,520.62,540.64,510.98,115233,806876096.0,002179,中航光电
2021-02-01,520.62,514.1,528.41,509.5,111067,766611792.0,002179,中航光电
2021-02-02,514.1,522.48,523.51,495.41,127536,870202352.0,002179,中航光电
2021-02-03,517.36,533.53,544.65,513.65,149736,1067522800.0,002179,中航光电
2021-02-04,529.45,554.44,574.75,529.45,173680,1294649360.0,002179,中航光电
2021-02-05,557.7,564.0,577.42,557.7,111958,852443104.0,002179,中航光电
2021-02-08,561.4,555.4,565.48,531.75,107288,783459104.0,002179,中航光电
2021-02-09,559.77,584.61,591.81,552.88,156271,1203792944.0,002179,中航光电
2021-02-10,585.13,577.35,585.13,558.81,113757,866516448.0,002179,中航光电
2021-02-18,582.91,548.73,589.95,529.37,149743,1101285984.0,002179,中航光电
2021-02-19,544.87,532.41,544.87,519.88,108459,769182704.0,002179,中航光电
2021-02-22,526.18,489.85,529.97,489.33,174289,1174832928.0,002179,中航光电
2021-02-23,484.74,507.8,513.43,476.13,162566,1087218944.0,002179,中航光电
2021-02-24,510.91,508.02,524.55,496.9,101223,686902432.0,002179,中航光电
2021-02-25,502.83,527.96,536.79,502.38,136121,953016352.0,002179,中航光电
2021-02-26,513.21,515.66,530.56,503.27,98285,679222016.0,002179,中航光电
2021-03-01,522.7,535.9,539.31,521.29,101565,724898736.0,002179,中航光电
2021-03-02,541.9,541.24,543.54,524.4,95676,684955296.0,002179,中航光电
2021-03-03,536.19,536.94,539.16,510.98,122010,855214592.0,002179,中航光电
2021-03-04,532.49,498.38,532.49,493.19,126811,866111504.0,002179,中航光电
2021-03-05,489.85,514.32,525.96,487.33,113970,774784608.0,002179,中航光电
2021-03-08,509.5,470.94,516.4,469.24,105322,685544176.0,002179,中航光电
2021-03-09,468.05,449.74,470.87,446.47,108356,659604576.0,002179,中航光电
2021-03-10,456.78,458.34,471.24,453.07,78278,479781488.0,002179,中航光电
2021-03-11,461.9,461.67,467.98,455.22,64728,398629520.0,002179,中航光电
2021-03-12,462.79,458.41,467.16,450.4,63172,384215424.0,002179,中航光电
2021-03-15,453.89,455.0,464.12,450.4,76530,464205088.0,002179,中航光电
2021-03-16,453.89,458.41,473.54,453.89,77552,479005104.0,002179,中航光电
2021-03-17,455.45,475.61,486.07,452.41,83890,530267040.0,002179,中航光电
2021-03-18,476.06,492.15,499.56,475.91,104196,682929152.0,002179,中航光电
2021-03-19,483.47,479.54,504.16,476.88,99788,649535904.0,002179,中航光电
2021-03-22,480.06,490.96,493.04,473.17,58675,380585264.0,002179,中航光电
2021-03-23,489.48,488.59,490.07,480.66,48454,314183232.0,002179,中航光电
2021-03-24,485.48,492.67,494.37,476.13,58741,382396928.0,002179,中航光电
2021-03-25,492.45,490.82,497.64,483.92,40286,264006241.0,002179,中航光电
2021-03-26,493.41,499.19,501.05,491.78,49241,327295872.0,002179,中航光电
2021-03-29,502.09,521.88,543.31,500.6,118909,835483056.0,002179,中航光电
2021-03-30,525.59,531.52,543.02,522.4,94393,676144800.0,002179,中航光电
2021-03-31,532.78,506.53,533.53,502.01,79834,543456784.0,002179,中航光电
2021-04-01,506.46,517.58,524.33,505.57,47609,329185232.0,002179,中航光电
2021-04-02,522.92,524.26,529.74,521.59,44811,314468688.0,002179,中航光电
2021-04-06,521.59,522.77,530.26,511.5,40872,282934736.0,002179,中航光电
2021-04-07,517.58,514.62,518.25,500.97,64216,437406176.0,002179,中航光电
2021-04-08,509.95,512.69,514.39,501.49,39081,266352931.0,002179,中航光电
2021-04-09,563.41,563.41,563.41,563.41,50026,376544496.0,002179,中航光电
2021-04-12,568.82,568.08,588.1,554.21,288365,2200618128.0,002179,中航光电
2021-04-13,559.92,580.91,581.43,550.88,134703,1026867536.0,002179,中航光电
2021-04-14,561.48,591.06,594.48,561.48,120022,938374192.0,002179,中航光电
2021-04-15,591.06,579.13,591.06,571.64,67874,525167360.0,002179,中航光电
2021-04-16,576.61,565.48,581.35,562.52,70089,531362016.0,002179,中航光电
2021-04-19,564.82,583.65,588.84,558.44,112797,871120112.0,002179,中航光电
2021-04-20,577.79,574.16,583.72,561.4,81992,627315264.0,002179,中航光电
2021-04-21,568.89,564.37,577.72,561.03,92051,696942320.0,002179,中航光电
2021-04-22,570.3,566.52,572.01,558.29,77261,581283616.0,002179,中航光电
2021-04-23,565.85,559.92,567.71,555.32,95083,711870672.0,002179,中航光电
2021-04-26,566.22,546.8,567.71,542.87,134280,992251232.0,002179,中航光电
2021-04-27,548.43,542.35,556.07,535.97,70571,512438784.0,002179,中航光电
2021-04-28,542.79,549.17,551.99,539.31,63905,466079936.0,002179,中航光电
2021-04-29,548.13,564.37,567.86,543.68,87039,649485680.0,002179,中航光电
2021-04-30,537.68,510.84,537.68,508.46,320085,2178545232.0,002179,中航光电
2021-05-06,495.71,505.2,509.35,492.89,196864,1313279632.0,002179,中航光电
2021-05-07,503.05,508.76,526.48,501.05,107742,740974944.0,002179,中航光电
2021-05-10,504.68,496.9,505.79,495.04,77679,516764224.0,002179,中航光电
2021-05-11,494.67,512.47,514.54,494.67,69633,470573728.0,002179,中航光电
2021-05-12,512.69,510.24,524.33,505.94,52773,361203712.0,002179,中航光电
2021-05-13,505.79,508.46,518.4,502.09,54724,374021632.0,002179,中航光电
2021-05-14,508.39,525.81,528.04,504.83,76129,528281408.0,002179,中航光电
2021-05-17,535.38,549.69,564.67,531.75,119507,884443056.0,002179,中航光电
2021-05-18,542.87,567.11,570.75,528.48,120658,888394016.0,002179,中航光电
2021-05-19,561.33,552.88,562.22,549.54,84072,622926928.0,002179,中航光电
2021-05-20,549.17,569.86,575.27,548.95,111961,846153584.0,002179,中航光电
2021-05-21,569.86,539.46,574.46,537.68,112372,819548272.0,002179,中航光电
2021-05-24,537.97,545.91,553.17,537.53,71091,518697312.0,002179,中航光电
2021-05-25,543.91,563.41,567.78,542.2,97550,725381936.0,002179,中航光电
2021-05-26,565.63,560.37,571.04,557.77,67661,510100240.0,002179,中航光电
2021-05-27,555.4,565.41,567.78,553.1,65977,495717056.0,002179,中航光电
2021-05-28,565.33,569.78,572.23,559.92,55779,422147040.0,002179,中航光电
2021-05-31,569.93,576.98,578.53,563.63,97685,747068240.0,002179,中航光电
2021-06-01,576.23,588.25,591.14,574.6,102306,801548576.0,002179,中航光电
2021-06-02,589.21,580.76,598.18,569.93,81637,636971664.0,002179,中航光电
2021-06-03,576.68,560.66,576.68,556.21,90544,681761232.0,002179,中航光电
2021-06-04,559.11,555.84,567.26,553.17,101024,754937520.0,002179,中航光电
2021-06-07,559.77,569.26,579.2,559.77,63377,481378192.0,002179,中航光电
2021-06-08,572.53,574.97,580.54,567.78,72862,557897888.0,002179,中航光电
2021-06-09,579.94,595.66,598.03,573.71,120323,946883680.0,002179,中航光电
2021-06-10,598.48,585.5,598.48,579.13,87135,680891760.0,002179,中航光电
2021-06-11,586.91,562.07,586.91,553.77,157892,1184809168.0,002179,中航光电
2021-06-15,557.4,545.24,558.36,541.16,122987,897370256.0,002179,中航光电
2021-06-16,546.58,542.87,564.22,541.09,94682,696160112.0,002179,中航光电
2021-06-17,544.05,545.17,549.47,537.75,78737,567697664.0,002179,中航光电
2021-06-18,545.91,557.1,560.66,542.35,76010,559774768.0,002179,中航光电
2021-06-21,555.47,582.31,584.69,551.77,111526,846651616.0,002179,中航光电
2021-06-22,582.31,582.91,592.33,573.42,120882,938523232.0,002179,中航光电
2021-06-23,584.09,584.61,590.32,570.08,85633,661353632.0,002179,中航光电
2021-06-24,584.76,588.1,608.49,584.61,104053,820528624.0,002179,中航光电
2021-06-25,584.61,596.25,598.26,579.27,88692,697942720.0,002179,中航光电
2021-06-28,599.29,596.63,610.34,588.99,77860,617092768.0,002179,中航光电
2021-06-29,596.7,581.94,600.18,580.68,78425,612279552.0,002179,中航光电
2021-06-30,589.8,594.18,594.4,577.05,67835,530382080.0,002179,中航光电
2021-07-01,600.33,563.63,600.33,563.63,91764,698826208.0,002179,中航光电
2021-07-02,563.63,546.35,567.26,540.64,95047,691710864.0,002179,中航光电
2021-07-05,540.64,565.85,577.12,538.72,116995,878780704.0,002179,中航光电
2021-07-06,566.67,567.26,576.68,560.22,62423,471362960.0,002179,中航光电
2021-07-07,562.0,597.66,602.56,557.7,103006,806889760.0,002179,中航光电
2021-07-08,597.66,632.74,646.75,597.66,185524,1554594864.0,002179,中航光电
2021-07-09,634.81,610.49,642.97,608.12,125876,1035796256.0,002179,中航光电
2021-07-12,617.16,621.84,630.22,594.77,139246,1136209472.0,002179,中航光电
2021-07-13,622.65,615.98,630.14,605.15,87342,714405184.0,002179,中航光电
2021-07-14,613.9,602.48,613.9,586.76,84289,672701008.0,002179,中航光电
2021-07-15,597.37,607.6,610.34,594.18,66742,535892400.0,002179,中航光电
2021-07-16,603.08,626.95,640.74,594.92,118112,982188192.0,002179,中航光电
2021-07-19,632.66,620.72,645.93,615.39,100840,838823680.0,002179,中航光电
2021-07-20,611.6,628.88,634.44,602.93,93309,775457248.0,002179,中航光电
2021-07-21,628.51,633.92,639.11,613.31,98708,828065216.0,002179,中航光电
2021-07-22,631.1,624.21,633.92,610.57,88254,726825472.0,002179,中航光电
2021-07-23,616.28,639.26,644.97,606.78,127960,1066342096.0,002179,中航光电
2021-07-26,636.81,650.01,693.09,632.74,328640,2884337200.0,002179,中航光电
2021-07-27,642.82,624.58,674.56,623.76,216144,1859127984.0,002179,中航光电
2021-07-28,605.15,595.81,617.68,575.34,143156,1134136576.0,002179,中航光电
2021-07-29,607.38,636.07,645.93,604.41,148275,1247368688.0,002179,中航光电
2021-07-30,634.74,622.95,638.52,617.09,108761,904001968.0,002179,中航光电
2021-08-02,626.29,645.93,657.5,622.21,130730,1119680752.0,002179,中航光电
2021-08-03,645.93,628.81,672.63,620.72,139413,1202154608.0,002179,中航光电
2021-08-04,631.18,660.76,661.51,624.43,116114,998291648.0,002179,中航光电
2021-08-05,665.81,689.01,721.64,651.87,218754,1995137344.0,002179,中航光电
2021-08-06,693.91,706.37,708.15,672.78,140582,1298292352.0,002179,中航光电
2021-08-09,706.37,696.58,749.74,680.49,189672,1806121104.0,002179,中航光电
2021-08-10,699.47,720.68,736.32,689.53,197594,1901526368.0,002179,中航光电
2021-08-11,722.38,725.87,731.21,709.04,116311,1112780736.0,002179,中航光电
2021-08-12,714.15,712.74,725.2,694.13,110007,1041796880.0,002179,中航光电
2021-08-13,705.25,708.22,721.57,697.99,85986,812018800.0,002179,中航光电
2021-08-16,706.07,676.04,706.07,671.15,140239,1274339776.0,002179,中航光电
2021-08-17,682.56,676.34,686.57,665.06,106255,954331504.0,002179,中航光电
2021-08-18,676.26,683.53,697.1,671.37,80631,736440208.0,002179,中航光电
2021-08-19,688.94,704.22,715.41,680.19,124898,1169936720.0,002179,中航光电
2021-08-20,712.59,713.63,734.76,688.05,103986,983087760.0,002179,中航光电
2021-08-23,723.42,770.58,784.15,720.08,215578,2201314448.0,002179,中航光电
2021-08-24,732.69,767.02,773.92,697.84,178239,1760398400.0,002179,中航光电
2021-08-25,754.86,749.15,779.18,743.66,118713,1200397216.0,002179,中航光电
2021-08-26,749.74,737.36,764.28,725.2,83785,832230976.0,002179,中航光电
2021-08-27,741.36,726.09,742.4,709.85,112270,1079190640.0,002179,中航光电
2021-08-30,727.5,758.42,775.69,727.5,152511,1546683200.0,002179,中航光电
2021-08-31,758.42,751.6,771.99,738.77,99516,1001522464.0,002179,中航光电
2021-09-01,742.33,708.44,749.74,697.1,131981,1255589440.0,002179,中航光电
2021-09-02,708.37,692.8,724.31,690.28,90418,844088912.0,002179,中航光电
2021-09-03,709.55,654.76,714.08,642.67,185444,1634034688.0,002179,中航光电
2021-09-06,646.16,667.81,671.96,642.97,93962,823992816.0,002179,中航光电
2021-09-07,668.25,664.99,685.46,653.57,93937,834205216.0,002179,中航光电
2021-09-08,661.36,645.04,663.14,632.74,125756,1082156560.0,002179,中航光电
2021-09-09,644.45,642.97,646.53,616.87,132872,1117668848.0,002179,中航光电
2021-09-10,642.97,645.93,657.5,619.98,140697,1197539568.0,002179,中航光电
2021-09-13,645.64,627.77,645.71,620.8,90385,755196640.0,002179,中航光电
2021-09-14,627.77,614.57,637.63,613.68,91602,760556704.0,002179,中航光电
2021-09-15,614.05,629.92,635.55,601.52,112775,935170880.0,002179,中航光电
2021-09-16,626.66,621.61,646.6,619.91,102088,862374032.0,002179,中航光电
2021-09-17,621.61,632.07,632.59,602.04,73801,608998896.0,002179,中航光电
2021-09-22,623.99,639.63,648.83,617.02,85456,726988272.0,002179,中航光电
2021-09-23,639.26,652.24,654.76,635.55,82448,713126832.0,002179,中航光电
2021-09-24,653.35,645.79,665.66,645.19,63829,555681232.0,002179,中航光电
2021-09-27,638.59,620.8,644.38,611.68,65461,545496160.0,002179,中航光电
2021-09-28,620.8,644.45,648.16,616.28,68711,582905408.0,002179,中航光电
2021-09-29,638.07,623.54,641.41,616.28,54437,454303456.0,002179,中航光电
2021-09-30,623.69,616.57,638.89,614.57,69331,577000368.0,002179,中航光电
2021-10-08,623.69,598.41,633.33,593.73,71113,578299200.0,002179,中航光电
2021-10-11,597.81,617.39,632.96,597.81,90918,749986912.0,002179,中航光电
2021-10-12,613.23,593.59,626.51,580.02,83670,666509632.0,002179,中航光电
2021-10-13,586.62,605.67,608.93,574.83,82101,646282224.0,002179,中航光电
2021-10-14,603.82,632.14,640.52,601.15,90049,754434464.0,002179,中航光电
2021-10-15,641.49,623.47,641.49,616.13,57401,476393568.0,002179,中航光电
2021-10-18,620.58,647.42,649.49,620.43,107206,913067872.0,002179,中航光电
2021-10-19,647.42,647.79,649.42,633.7,56973,485832960.0,002179,中航光电
2021-10-20,645.86,653.35,657.65,638.52,56689,492408432.0,002179,中航光电
2021-10-21,649.12,638.67,649.12,629.55,59727,506673616.0,002179,中航光电
2021-10-22,629.84,617.39,640.82,608.86,74632,616873792.0,002179,中航光电
2021-10-25,620.72,640.37,645.93,610.19,81968,684407648.0,002179,中航光电
2021-10-26,640.37,649.49,663.14,627.55,86395,743312272.0,002179,中航光电
2021-10-27,659.36,662.25,664.47,652.09,85240,748360688.0,002179,中航光电
2021-10-28,658.98,663.36,674.78,650.83,65118,576374752.0,002179,中航光电
2021-10-29,660.99,691.17,698.21,654.83,103006,931758848.0,002179,中航光电
2021-11-01,691.24,694.65,722.31,682.12,118139,1107016528.0,002179,中航光电
2021-11-02,699.32,699.4,714.89,696.21,86284,812705664.0,002179,中航光电
2021-11-03,699.32,709.92,714.52,690.5,69174,650996560.0,002179,中航光电
2021-11-04,704.51,704.36,714.0,698.51,62748,589490272.0,002179,中航光电
2021-11-05,705.25,697.32,713.78,693.98,51195,479646768.0,002179,中航光电
2021-11-08,690.42,701.32,707.4,688.72,45585,424851632.0,002179,中航光电
2021-11-09,701.4,711.33,718.6,694.13,90340,851333552.0,002179,中航光电
2021-11-10,709.55,718.82,745.89,705.85,86296,834289488.0,002179,中航光电
2021-11-11,711.56,719.12,734.84,711.56,62424,603181408.0,002179,中航光电
2021-11-12,719.12,751.82,759.46,714.0,96688,961797248.0,002179,中航光电
2021-11-15,751.74,736.47,786.82,725.13,102876,1026675440.0,002179,中航光电
2021-11-16,727.5,711.41,746.7,703.62,90299,864908480.0,002179,中航光电
2021-11-17,711.41,741.88,746.63,693.76,88935,858206288.0,002179,中航光电
2021-11-18,739.88,768.72,785.11,725.64,110115,1119639456.0,002179,中航光电
2021-11-19,768.87,751.23,771.99,743.0,89662,903269712.0,002179,中航光电
2021-11-22,751.23,761.61,771.99,735.8,65320,657297888.0,002179,中航光电
2021-11-23,758.12,750.48,766.06,741.44,55554,558528048.0,002179,中航光电
2021-11-24,749.74,734.91,763.31,732.54,41692,414597648.0,002179,中航光电
2021-11-25,733.95,720.08,745.59,717.86,54402,528616576.0,002179,中航光电
2021-11-26,720.53,725.27,738.03,720.53,44356,431708208.0,002179,中航光电
2021-11-29,719.19,747.3,757.16,716.75,66652,662757520.0,002179,中航光电
2021-11-30,749.0,770.5,788.67,747.52,79236,814524000.0,002179,中航光电
2021-12-01,770.06,755.97,770.43,749.74,59789,606322400.0,002179,中航光电
2021-12-02,757.16,750.71,765.68,744.55,42519,425816576.0,002179,中航光电
2021-12-03,749.74,774.43,777.77,746.11,52953,538573104.0,002179,中航光电
2021-12-06,771.99,771.99,791.41,760.87,43312,447575344.0,002179,中航光电
2021-12-07,773.77,737.36,777.47,727.5,92226,912325424.0,002179,中航光电
2021-12-08,736.99,729.35,744.03,716.38,88415,859760592.0,002179,中航光电
2021-12-09,724.46,712.67,733.95,711.26,91208,873090080.0,002179,中航光电
2021-12-10,711.33,715.49,729.35,703.7,114621,1091352496.0,002179,中航光电
2021-12-13,714.89,704.51,715.49,696.58,112643,1056080624.0,002179,中航光电
2021-12-14,704.51,717.04,720.45,695.91,81842,776251584.0,002179,中航光电
2021-12-15,717.71,708.59,717.71,705.7,48018,455482288.0,002179,中航光电
2021-12-16,705.85,738.62,741.59,705.33,82879,805013216.0,002179,中航光电
2021-12-17,737.8,731.5,737.8,722.53,49877,485703616.0,002179,中航光电
2021-12-20,731.87,723.79,746.63,718.67,57761,563987568.0,002179,中航光电
2021-12-21,720.08,724.75,731.21,709.33,56349,542119488.0,002179,中航光电
2021-12-22,724.75,714.97,728.24,712.0,55750,534064560.0,002179,中航光电
2021-12-23,715.63,728.76,748.11,712.67,70261,688091936.0,002179,中航光电
2021-12-24,728.76,742.48,745.89,722.38,51751,509077696.0,002179,中航光电
2021-12-27,735.36,727.5,749.59,715.56,60250,585425968.0,002179,中航光电
2021-12-28,725.94,722.46,733.36,716.45,56878,548047184.0,002179,中航光电
2021-12-29,718.3,733.28,736.62,714.97,60896,590822944.0,002179,中航光电
2021-12-30,734.91,747.89,758.05,722.53,88460,884677440.0,002179,中航光电
2021-12-31,749.74,753.9,761.61,740.4,65666,659453664.0,002179,中航光电
2022-01-04,753.9,733.43,757.38,724.31,61807,605465536.0,002179,中航光电
2022-01-05,733.28,705.25,739.36,688.79,110098,1032377952.0,002179,中航光电
2022-01-06,697.84,701.03,723.72,694.8,75064,706029568.0,002179,中航光电
2022-01-07,705.25,694.87,708.37,694.13,61468,572985248.0,002179,中航光电
2022-01-10,683.01,681.53,697.69,650.68,111331,1006507824.0,002179,中航光电
2022-01-11,681.53,642.6,688.5,632.14,138274,1192623648.0,002179,中航光电
2022-01-12,644.45,671.15,672.48,644.45,91347,805025632.0,002179,中航光电
2022-01-13,669.44,662.02,676.71,653.2,77128,684806960.0,002179,中航光电
2022-01-14,667.96,673.89,683.01,659.5,55742,500463888.0,002179,中航光电
2022-01-17,661.36,686.86,704.81,660.1,68338,625777648.0,002179,中航光电
2022-01-18,697.32,686.12,712.67,675.82,69858,645245056.0,002179,中航光电
2022-01-19,683.01,663.14,690.42,656.91,66474,591511472.0,002179,中航光电
2022-01-20,666.92,646.31,671.52,634.81,125738,1077443904.0,002179,中航光电
2022-01-21,630.22,626.66,638.52,597.37,152425,1260950160.0,002179,中航光电
2022-01-24,627.92,648.38,649.64,620.72,72687,621549776.0,002179,中航光电
2022-01-25,648.83,648.16,664.47,645.93,67231,586940800.0,002179,中航光电
2022-01-26,648.46,635.03,656.76,614.27,157940,1321629264.0,002179,中航光电
2022-01-27,635.03,641.34,663.88,627.03,100160,867706320.0,002179,中航光电
2022-01-28,650.83,665.06,682.19,642.3,107490,948148784.0,002179,中航光电
2022-02-07,675.59,652.09,688.79,650.38,67403,594359104.0,002179,中航光电
2022-02-08,652.01,633.7,658.54,625.02,62630,530938000.0,002179,中航光电
2022-02-09,633.7,664.84,669.96,631.25,81675,715735392.0,002179,中航光电
2022-02-10,665.95,644.23,685.23,635.55,85635,750564336.0,002179,中航光电
2022-02-11,639.85,631.99,654.39,630.44,57969,494633024.0,002179,中航光电
2022-02-14,635.55,632.29,649.64,621.54,62273,527415168.0,002179,中航光电
2022-02-15,632.29,649.57,652.31,627.69,53533,457579968.0,002179,中航光电
2022-02-16,647.42,629.84,648.83,613.16,81661,685088960.0,002179,中航光电
2022-02-17,627.92,627.1,630.59,614.42,69401,574773440.0,002179,中航光电
2022-02-18,624.06,623.25,625.91,615.53,41813,345875184.0,002179,中航光电
2022-02-21,619.69,624.51,635.26,617.76,50089,416153968.0,002179,中航光电
2022-02-22,623.47,614.72,628.14,601.67,83064,677185680.0,002179,中航光电
2022-02-23,610.34,645.19,649.57,610.19,97403,823919024.0,002179,中航光电
2022-02-24,645.12,650.68,665.51,638.96,100036,866032624.0,002179,中航光电
2022-02-25,638.22,645.19,659.58,638.22,52821,455564592.0,002179,中航光电
2022-02-28,648.9,664.25,675.96,645.42,83656,739336336.0,002179,中航光电
2022-03-01,670.92,666.77,678.12,658.91,57988,517674688.0,002179,中航光电
2022-03-02,668.99,662.91,672.63,658.61,32248,284945280.0,002179,中航光电
2022-03-03,664.47,651.94,664.47,645.93,32535,283269840.0,002179,中航光电
2022-03-04,643.71,648.53,657.72,643.71,31304,270813728.0,002179,中航光电
2022-03-07,648.53,640.74,655.57,622.21,60624,516999264.0,002179,中航光电
2022-03-08,646.45,620.13,651.87,619.24,58761,493599072.0,002179,中航光电
2022-03-09,618.2,631.1,639.48,607.97,87392,724961568.0,002179,中航光电
2022-03-10,642.23,654.17,662.84,642.23,66939,585080992.0,002179,中航光电
2022-03-11,652.61,649.64,654.09,633.4,36067,309212960.0,002179,中航光电
2022-03-14,649.57,653.35,677.82,644.45,75708,669930896.0,002179,中航光电
2022-03-15,649.64,642.97,667.73,638.52,57172,496988352.0,002179,中航光电
2022-03-16,648.6,665.58,668.18,631.4,60394,524225792.0,002179,中航光电
2022-03-17,668.18,643.27,678.63,638.15,98487,864860800.0,002179,中航光电
2022-03-18,635.55,611.38,635.55,588.84,155068,1258315168.0,002179,中航光电
2022-03-21,612.57,626.95,633.4,611.38,75251,626387072.0,002179,中航光电
2022-03-22,626.88,605.08,626.88,599.96,84061,678074864.0,002179,中航光电
2022-03-23,605.23,608.86,625.54,595.29,105078,860000752.0,002179,中航光电
2022-03-24,607.67,600.7,607.67,594.4,60162,479544480.0,002179,中航光电
2022-03-25,597.59,597.74,609.97,594.4,47933,383254944.0,002179,中航光电
2022-03-28,594.03,580.83,597.74,577.72,61060,475412784.0,002179,中航光电
2022-03-29,582.91,588.1,601.45,582.76,61056,480272896.0,002179,中航光电
2022-03-30,592.92,594.77,599.52,583.65,76614,604497632.0,002179,中航光电
2022-03-31,599.44,584.32,606.49,580.76,65657,515642608.0,002179,中航光电
2022-04-01,579.35,610.57,612.27,579.35,97986,787250672.0,002179,中航光电
2022-04-06,610.49,619.98,624.43,602.41,63127,517477904.0,002179,中航光电
2022-04-07,619.24,607.01,627.77,605.38,34130,278376624.0,002179,中航光电
2022-04-08,608.86,598.48,608.86,594.77,47137,376077872.0,002179,中航光电
2022-04-11,600.11,568.08,601.45,561.4,78456,596978656.0,002179,中航光电
2022-04-12,568.08,556.88,575.57,553.1,63226,469992112.0,002179,中航光电
2022-04-13,556.96,535.08,557.77,528.11,88559,631262736.0,002179,中航光电
2022-04-14,543.16,546.72,556.88,536.64,82391,600191280.0,002179,中航光电
2022-04-15,546.72,536.79,550.51,529.22,64875,462092656.0,002179,中航光电
2022-04-18,537.68,559.11,561.78,531.0,61338,450102496.0,002179,中航光电
2022-04-19,559.11,558.96,564.0,553.25,30201,224102467.0,002179,中航光电
2022-04-20,559.03,555.92,559.11,550.28,21891,161424264.0,002179,中航光电
2022-04-21,552.66,533.3,561.03,532.49,40743,293916384.0,002179,中航光电
2022-04-22,529.52,531.37,534.86,521.22,40611,285627264.0,002179,中航光电
2022-04-25,527.15,497.71,527.22,491.71,60576,407184736.0,002179,中航光电
2022-04-26,498.01,468.72,504.98,466.72,97571,620195664.0,002179,中航光电
2022-04-27,463.53,511.35,512.91,459.08,78537,510623280.0,002179,中航光电
2022-04-28,509.72,531.75,536.94,494.0,89077,617007440.0,002179,中航光电
2022-04-29,529.97,569.56,571.71,527.3,87529,646244352.0,002179,中航光电
2022-05-05,569.64,593.36,601.45,567.34,123419,973606352.0,002179,中航光电
2022-05-06,578.46,588.54,600.56,571.79,72726,568339600.0,002179,中航光电
2022-05-09,588.54,608.93,619.61,585.21,93254,756457920.0,002179,中航光电
2022-05-10,601.89,602.93,615.24,590.84,104421,833265920.0,002179,中航光电
2022-05-11,597.44,612.94,624.51,597.44,85507,699640640.0,002179,中航光电
2022-05-12,605.38,595.81,610.79,585.13,66332,525031232.0,002179,中航光电
2022-05-13,597.07,591.06,599.0,581.65,39088,306407776.0,002179,中航光电
2022-05-16,595.37,592.7,612.57,584.91,42220,334628592.0,002179,中航光电
2022-05-17,593.29,601.96,611.01,587.36,54242,433345328.0,002179,中航光电
2022-05-18,605.89,601.82,608.12,595.88,31819,254784022.0,002179,中航光电
2022-05-19,597.0,613.31,615.68,594.03,43888,354118544.0,002179,中航光电
2022-05-20,614.35,608.86,614.79,595.59,43111,346876624.0,002179,中航光电
2022-05-23,611.53,602.93,611.83,594.03,40756,324858928.0,002179,中航光电
2022-05-24,599.67,597.0,615.53,586.69,65323,526041120.0,002179,中航光电
2022-05-25,596.18,602.93,604.41,586.39,49957,395930080.0,002179,中航光电
2022-05-26,601.45,628.36,661.21,601.45,143618,1215289136.0,002179,中航光电
2022-05-27,638.52,628.21,640.23,623.32,62405,523512928.0,002179,中航光电
2022-05-30,629.92,622.43,631.85,617.16,59355,492268112.0,002179,中航光电
2022-05-31,622.43,623.62,629.62,617.83,44605,370148528.0,002179,中航光电
2022-06-01,622.95,624.06,627.77,618.72,36281,300946016.0,002179,中航光电
2022-06-02,619.98,645.64,647.79,619.98,58462,496895696.0,002179,中航光电
2022-06-06,652.53,661.73,667.88,646.08,66864,586570544.0,002179,中航光电
2022-06-07,661.21,655.35,663.43,635.41,52150,451671824.0,002179,中航光电
2022-06-08,654.09,649.64,661.95,646.16,67947,592022848.0,002179,中航光电
2022-06-09,647.64,641.71,648.83,632.66,63032,535098576.0,002179,中航光电
2022-06-10,641.49,669.88,670.03,631.85,104008,915371872.0,002179,中航光电
2022-06-13,684.7,652.83,684.7,645.88,137656,852416096.0,002179,中航光电
2022-06-14,645.56,629.99,645.56,610.27,153546,907290096.0,002179,中航光电
2022-06-15,629.89,626.26,641.2,620.44,112943,671990480.0,002179,中航光电
2022-06-16,626.26,633.63,641.93,621.69,114766,687101712.0,002179,中航光电
2022-06-17,635.18,636.22,641.2,624.91,85109,510251552.0,002179,中航光电
2022-06-20,638.4,646.08,654.6,633.52,129294,787282224.0,002179,中航光电
2022-06-21,646.19,643.49,654.8,637.26,87774,535876432.0,002179,中航光电
2022-06-22,642.45,620.65,647.02,617.54,120536,715877168.0,002179,中航光电
2022-06-23,620.75,644.94,647.12,613.07,146063,874082384.0,002179,中航光电
2022-06-24,648.68,676.71,685.01,648.68,214457,1362427776.0,002179,中航光电
2022-06-27,677.23,683.66,688.02,667.99,116261,747280048.0,002179,中航光电
2022-06-28,677.74,699.03,714.8,677.74,134458,891647152.0,002179,中航光电
2022-06-29,697.05,678.47,700.48,677.74,66821,434996048.0,002179,中航光电
2022-06-30,677.02,669.65,685.53,665.08,89954,573120640.0,002179,中航光电
2022-07-01,672.55,660.72,675.67,656.15,84074,526026880.0,002179,中航光电
2022-07-04,663.21,688.13,691.86,650.34,118695,761789264.0,002179,中航光电
2022-07-05,687.09,682.73,687.09,668.51,73205,468261712.0,002179,中航光电
2022-07-06,678.78,675.67,687.5,663.11,88829,564001696.0,002179,中航光电
2022-07-07,675.77,680.65,687.09,658.96,96100,617367664.0,002179,中航光电
2022-07-08,676.71,670.79,684.49,669.13,70334,450377104.0,002179,中航光电
2022-07-11,670.48,682.31,687.5,667.16,76610,492287552.0,002179,中航光电
2022-07-12,685.84,683.25,706.08,677.85,103871,680192344.25,002179,中航光电
2022-07-13,685.11,667.57,685.11,663.21,73459,466153356.9,002179,中航光电
2022-07-14,665.29,678.78,683.97,663.32,63078,403914356.55,002179,中航光电
2022-07-15,678.78,676.71,699.54,672.14,82469,534284024.44,002179,中航光电
2022-07-18,673.49,690.72,690.82,671.52,64516,415596276.18,002179,中航光电
2022-07-19,686.05,692.07,707.43,680.96,89050,583747164.05,002179,中航光电
2022-07-20,689.99,696.53,698.71,684.28,89572,588431345.58,002179,中航光电
2022-07-21,694.87,683.25,696.01,681.07,74930,487102264.47,002179,中航光电
2022-07-22,682.93,674.63,690.2,666.33,66174,422361466.44,002179,中航光电
2022-07-25,674.73,659.89,678.89,655.84,81218,509269852.53,002179,中航光电
2022-07-26,660.2,671.62,678.26,660.1,46116,292102429.96,002179,中航光电
2022-07-27,672.55,666.01,678.57,662.17,55765,352051143.5,002179,中航光电
2022-07-28,669.13,670.58,672.55,655.94,63417,398329826.91,002179,中航光电
2022-07-29,668.4,645.56,668.61,641.52,83521,514960779.37,002179,中航光电
2022-08-01,645.88,657.92,666.22,642.55,64458,398694679.25,002179,中航光电
2022-08-02,661.45,648.68,673.8,641.2,112002,696480962.82,002179,中航光电
2022-08-03,644.32,670.06,680.44,642.03,164112,1039881723.93,002179,中航光电
2022-08-04,672.03,657.61,674.73,654.39,68821,429877607.05,002179,中航光电
2022-08-05,657.92,652.83,662.59,644.32,70000,429622706.82,002179,中航光电
2022-08-08,647.43,659.06,666.33,646.6,81015,505860254.63,002179,中航光电
2022-08-09,660.1,677.74,683.87,656.57,93240,591076989.23,002179,中航光电
2022-08-10,676.71,688.54,690.93,674.42,99214,643208660.13,002179,中航光电
2022-08-11,692.28,687.71,693.32,675.05,67253,435148907.35,002179,中航光电
2022-08-12,686.26,669.44,686.26,666.95,62603,399784582.97,002179,中航光电
2022-08-15,669.34,672.76,675.46,662.17,59202,375106082.76,002179,中航光电
2022-08-16,669.44,671.93,678.26,666.53,46095,293659177.88,002179,中航光电
2022-08-17,670.48,662.69,674.21,654.39,85518,534705735.92,002179,中航光电
2022-08-18,662.59,664.66,670.17,656.57,45937,288728120.52,002179,中航光电
2022-08-19,664.25,654.08,671.1,651.58,55843,347323357.03,002179,中航光电
2022-08-22,652.83,663.21,667.36,647.12,57277,356484716.53,002179,中航光电
2022-08-23,663.21,665.29,670.48,659.06,56998,358058977.8,002179,中航光电
2022-08-24,665.18,667.36,678.26,661.97,76395,483697154.72,002179,中航光电
2022-08-25,667.36,658.75,681.9,655.94,81273,512259712.36,002179,中航光电
2022-08-26,658.75,642.66,661.14,640.37,72196,441318080.15,002179,中航光电
2022-08-29,635.18,647.33,657.81,632.9,83187,511265022.03,002179,中航光电
2022-08-30,645.88,654.7,661.14,645.88,49500,306578451.95,002179,中航光电
2022-08-31,671.41,644.01,685.01,638.82,129179,808632863.95,002179,中航光电
2022-09-01,645.56,657.09,662.07,642.03,96128,595409082.13,002179,中航光电
2022-09-02,659.06,662.8,672.55,654.39,59848,376610332.01,002179,中航光电
2022-09-05,662.38,660.2,672.03,656.98,42456,266208029.98,002179,中航光电
2022-09-06,660.2,676.5,679.3,658.02,71577,456425355.36,002179,中航光电
2022-09-07,676.29,678.89,681.69,672.35,56144,359805330.25,002179,中航光电
2022-09-08,674.94,684.7,687.92,674.94,61370,397731128.99,002179,中航光电
2022-09-09,687.09,678.89,688.13,667.57,56915,363250819.07,002179,中航光电
2022-09-13,676.71,684.49,688.33,672.55,50211,325144154.86,002179,中航光电
2022-09-14,681.9,706.91,714.08,676.91,113593,755973638.41,002179,中航光电
2022-09-15,704.73,687.29,709.92,678.99,68075,445427135.72,002179,中航光电
2022-09-16,687.09,689.47,713.04,684.08,85685,565993030.61,002179,中航光电
2022-09-19,689.58,685.84,702.66,678.57,58896,383804852.52,002179,中航光电
2022-09-20,692.28,692.49,700.37,683.77,55072,361169676.39,002179,中航光电
2022-09-21,688.23,673.07,693.63,672.24,50475,323718464.9,002179,中航光电
2022-09-22,672.55,683.77,690.93,669.23,67467,436816995.52,002179,中航光电
2022-09-23,692.28,688.85,713.45,680.55,136230,894026357.05,002179,中航光电
2022-09-26,683.77,668.92,684.91,664.35,74714,474982483.37,002179,中航光电
2022-09-27,669.44,663.52,671.52,659.58,61429,385874303.01,002179,中航光电
2022-09-28,663.52,637.67,672.03,635.18,109959,672348375.82,002179,中航光电
2022-09-29,637.78,633.63,651.79,631.13,76422,461814702.45,002179,中航光电
2022-09-30,635.18,614.42,638.19,612.45,94195,556117672.47,002179,中航光电
2022-10-10,614.42,620.75,629.06,606.12,76731,448244219.36,002179,中航光电
2022-10-11,617.74,653.35,655.32,617.54,96959,589392046.91,002179,中航光电
2022-10-12,649.3,674.94,682.0,646.08,126347,798041839.66,002179,中航光电
2022-10-13,675.77,669.34,679.61,667.36,50713,321925262.63,002179,中航光电
2022-10-14,675.67,665.39,676.29,659.79,91797,576711379.92,002179,中航光电
2022-10-17,661.14,680.34,685.11,659.99,87651,561979500.5,002179,中航光电
2022-10-18,677.74,680.86,684.18,671.72,58895,378241627.35,002179,中航光电
2022-10-19,679.82,679.3,682.73,668.51,73922,472236685.6,002179,中航光电
2022-10-20,677.02,680.34,682.73,669.54,63961,409790586.73,002179,中航光电
2022-10-21,674.84,675.15,682.83,668.4,51786,330090474.43,002179,中航光电
2022-10-24,679.3,700.58,709.92,679.3,187812,1247485651.23,002179,中航光电
2022-10-25,695.5,706.71,722.9,694.25,151795,1021152836.11,002179,中航光电
2022-10-26,712.94,705.36,713.04,687.61,84628,561960943.77,002179,中航光电
2022-10-27,705.77,706.81,720.31,703.7,68593,460946473.7,002179,中航光电
2022-10-28,708.16,717.19,720.31,705.77,103278,699270007.44,002179,中航光电
2022-10-31,716.98,695.39,727.57,691.24,154527,1031979202.03,002179,中航光电
2022-11-01,695.5,679.41,699.54,661.14,223192,1429581752.77,002179,中航光电
2022-11-02,674.63,675.67,681.38,666.33,140684,895380499.65,002179,中航光电
2022-11-03,673.18,680.55,689.68,670.48,125286,807116350.54,002179,中航光电
2022-11-04,680.55,672.87,681.9,667.99,152248,967689489.32,002179,中航光电
2022-11-07,674.42,654.28,674.63,646.08,216491,1335646979.75,002179,中航光电
2022-11-08,654.39,657.19,657.5,648.26,123699,764319775.63,002179,中航光电
2022-11-09,661.14,656.67,669.44,654.91,120914,756498809.55,002179,中航光电
2022-11-10,652.62,655.94,658.54,649.4,66175,409390850.88,002179,中航光电
2022-11-11,661.65,653.97,664.25,640.89,154869,952079048.26,002179,中航光电
2022-11-14,645.77,646.39,652.42,644.42,77185,472195115.51,002179,中航光电
2022-11-15,644.53,655.94,656.98,640.89,108746,670889279.49,002179,中航光电
2022-11-16,656.46,659.06,663.52,652.83,57132,355847812.24,002179,中航光电
2022-11-17,658.23,654.7,658.85,645.56,51919,319704656.24,002179,中航光电
2022-11-18,654.91,646.08,659.06,645.56,60836,373669977.59,002179,中航光电
2022-11-21,645.56,655.94,661.14,640.37,75549,467312098.03,002179,中航光电
2022-11-22,652.83,647.85,654.7,645.36,46314,283831781.28,002179,中航光电
2022-11-23,647.33,645.36,651.38,641.41,37311,227188506.13,002179,中航光电
2022-11-24,645.77,636.53,647.43,635.91,40965,247717168.93,002179,中航光电
2022-11-25,635.7,629.58,639.13,628.75,50993,304286677.9,002179,中航光电
2022-11-28,629.99,626.57,636.74,612.76,81061,478038844.93,002179,中航光电
2022-11-29,624.8,619.2,630.82,615.04,97278,568514936.38,002179,中航光电
2022-11-30,620.65,621.07,622.73,614.42,79060,461264227.83,002179,中航光电
2022-12-01,621.27,634.56,637.26,621.27,82640,492964422.16,002179,中航光电
2022-12-02,635.18,628.23,637.26,625.94,51241,305662859.95,002179,中航光电
2022-12-05,628.54,616.71,631.86,612.35,117556,684777169.09,002179,中航光电
2022-12-06,615.77,622.73,626.77,605.6,101040,588395993.78,002179,中航光电
2022-12-07,622.0,625.11,626.46,616.81,58632,345131075.52,002179,中航光电
2022-12-08,625.63,619.61,626.05,616.08,76940,449337098.63,002179,中航光电
2022-12-09,619.4,619.61,622.0,611.41,87777,510847109.4,002179,中航光电
2022-12-12,622.21,630.41,634.66,611.93,92291,544271804.84,002179,中航光电
2022-12-13,630.41,619.61,639.02,615.46,58013,343448693.17,002179,中航光电
2022-12-14,619.61,615.46,622.93,614.42,42789,249225634.27,002179,中航光电
2022-12-15,618.05,621.48,621.79,614.42,38880,227009091.37,002179,中航光电
2022-12-16,614.94,615.98,620.65,612.97,51034,296976246.85,002179,中航光电
2022-12-19,613.18,621.38,625.84,613.18,50718,296692442.06,002179,中航光电
2022-12-20,618.37,610.27,623.97,606.22,58664,339153287.23,002179,中航光电
2022-12-21,610.27,597.09,622.93,589.71,71793,409173778.96,002179,中航光电
2022-12-22,598.85,590.65,604.97,588.37,67438,378209886.87,002179,中航光电
2022-12-23,588.37,581.2,590.75,572.9,66413,364337843.73,002179,中航光电
2022-12-26,582.55,604.04,608.92,582.55,99752,567132916.82,002179,中航光电
2022-12-27,604.25,611.2,614.21,604.25,72286,417071447.91,002179,中航光电
2022-12-28,606.64,601.13,612.24,598.95,45361,258393683.14,002179,中航光电
2022-12-29,601.24,611.72,613.69,599.47,51334,294884042.98,002179,中航光电
2022-12-30,611.72,611.93,617.12,606.43,40334,233057503.87,002179,中航光电
2023-01-03,610.48,631.13,633.94,606.53,87651,516679200.01,002179,中航光电
2023-01-04,629.58,636.64,639.34,628.75,77056,462747064.06,002179,中航光电
2023-01-05,636.74,630.3,644.53,627.71,78321,468884552.1,002179,中航光电
2023-01-06,634.14,619.82,634.87,619.51,88555,521791647.31,002179,中航光电
2023-01-09,621.27,607.57,623.87,599.89,120110,690401592.65,002179,中航光电
2023-01-10,607.57,606.01,609.96,594.07,109632,621478831.68,002179,中航光电
2023-01-11,604.97,591.89,608.71,589.2,149307,840305350.78,002179,中航光电
2023-01-12,593.45,592.1,599.89,585.98,83748,467726354.13,002179,中航光电
2023-01-13,591.06,589.3,593.66,583.38,68824,381416565.9,002179,中航光电
2023-01-16,591.58,587.22,593.97,584.32,172308,960333925.3,002179,中航光电
2023-01-17,587.22,592.93,598.85,584.52,119270,668189228.8,002179,中航光电
2023-01-18,592.93,596.98,599.58,585.56,70493,395040929.87,002179,中航光电
2023-01-19,596.98,603.42,605.6,594.28,105727,598935057.61,002179,中航光电
2023-01-20,603.21,608.61,612.97,601.96,87684,501999548.93,002179,中航光电
2023-01-30,615.77,617.12,619.61,611.41,91959,535322819.23,002179,中航光电
2023-01-31,613.18,611.62,618.57,608.19,67274,388290495.45,002179,中航光电
2023-02-01,612.76,612.03,614.42,605.6,92299,530784592.13,002179,中航光电
2023-02-02,612.45,600.41,615.98,599.06,130635,744479255.58,002179,中航光电
2023-02-03,603.94,622.93,624.08,595.22,153755,882936105.83,002179,中航光电
2023-02-06,621.17,614.01,621.17,610.06,90497,524468202.53,002179,中航光电
2023-02-07,615.25,604.87,616.81,601.96,85506,489111656.25,002179,中航光电
2023-02-08,604.87,595.53,605.08,593.66,92446,521265349.39,002179,中航光电
2023-02-09,595.53,613.38,615.25,594.59,145309,834208361.6,002179,中航光电
2023-02-10,612.97,610.48,621.9,607.36,86121,498631378.78,002179,中航光电
2023-02-13,610.58,619.3,620.65,610.58,101191,590315382.06,002179,中航光电
2023-02-14,619.3,614.53,619.61,612.45,56898,330066299.81,002179,中航光电
2023-02-15,614.01,605.18,614.21,603.0,73249,418894601.37,002179,中航光电
2023-02-16,607.67,597.71,608.82,594.39,75119,427049438.4,002179,中航光电
2023-02-17,598.85,590.86,599.68,588.68,61682,345400244.74,002179,中航光电
2023-02-20,593.14,591.69,593.14,574.97,102177,562481759.51,002179,中航光电
2023-02-21,590.34,597.6,603.83,589.92,72769,410066267.44,002179,中航光电
2023-02-22,596.77,593.35,599.16,591.58,53489,300636645.24,002179,中航光电
2023-02-23,594.49,595.01,599.78,591.89,47081,264150686.32,002179,中航光电
2023-02-24,599.78,612.03,618.78,596.88,175650,1015639840.96,002179,中航光电
2023-02-27,608.19,606.01,620.34,605.08,136830,792723857.28,002179,中航光电
2023-02-28,606.43,604.04,609.54,599.58,50058,285235335.61,002179,中航光电
2023-03-01,603.21,607.57,614.11,598.95,67229,385966003.29,002179,中航光电
2023-03-02,607.78,606.12,613.38,604.87,58786,337313563.16,002179,中航光电
2023-03-03,604.14,611.2,615.46,600.51,89409,513713391.73,002179,中航光电
2023-03-06,618.37,615.98,633.73,614.94,180380,1063059575.14,002179,中航光电
2023-03-07,615.67,608.19,619.51,607.99,88654,513455824.92,002179,中航光电
2023-03-08,608.61,615.25,618.37,605.81,83126,481045419.8,002179,中航光电
2023-03-09,615.36,612.55,627.92,611.31,90250,528103600.1,002179,中航光电
2023-03-10,609.85,603.31,612.35,599.78,70392,401255500.23,002179,中航光电
2023-03-13,598.95,604.04,604.97,597.81,42180,239707272.4,002179,中航光电
2023-03-14,603.52,587.85,605.29,587.22,95291,533117908.57,002179,中航光电
2023-03-15,588.88,580.89,592.31,575.91,96177,529011754.97,002179,中航光电
2023-03-16,581.93,564.49,581.93,563.97,131040,702376301.84,002179,中航光电
2023-03-17,565.74,560.54,570.82,559.2,99320,528119717.27,002179,中航光电
2023-03-20,560.54,555.67,560.54,544.04,107320,557499360.36,002179,中航光电
2023-03-21,562.52,573.0,575.8,561.06,108319,583940093.13,002179,中航光电
2023-03-22,572.9,569.58,577.47,565.84,64586,347867487.31,002179,中航光电
2023-03-23,567.92,577.57,579.44,564.59,83499,452380428.84,002179,中航光电
2023-03-24,579.02,570.93,579.02,562.72,85976,461653973.84,002179,中航光电
2023-03-27,569.37,574.77,576.12,562.83,68286,365243860.29,002179,中航光电
2023-03-28,572.9,572.17,577.05,571.03,44808,242169577.85,002179,中航光电
2023-03-29,572.79,564.59,572.79,560.96,69005,366301254.24,002179,中航光电
2023-03-30,564.39,574.56,575.91,563.24,60155,323803014.86,002179,中航光电
2023-03-31,575.18,573.73,577.05,568.02,53809,290560499.5,002179,中航光电
2023-04-03,573.83,576.12,580.16,568.75,65882,357279793.31,002179,中航光电
2023-04-04,570.82,572.48,576.84,569.68,60361,325742605.44,002179,中航光电
2023-04-06,572.59,597.29,603.0,571.86,156785,870636795.59,002179,中航光电
2023-04-07,594.7,597.71,601.96,593.45,61909,349439542.48,002179,中航光电
2023-04-10,598.43,593.66,614.42,590.65,92810,528487667.74,002179,中航光电
2023-04-11,590.96,587.43,601.55,584.21,59519,331488105.64,002179,中航光电
2023-04-12,585.25,584.63,592.62,582.76,44583,246202930.91,002179,中航光电
2023-04-13,583.8,591.58,596.46,583.28,54772,304768426.19,002179,中航光电
2023-04-14,589.09,591.89,595.63,588.99,46810,261338378.12,002179,中航光电
2023-04-17,589.51,599.16,604.04,589.51,54647,308552897.82,002179,中航光电
2023-04-18,598.85,600.72,602.38,588.99,59044,332245047.5,002179,中航光电
2023-04-19,599.78,588.47,600.93,587.85,43164,240958477.52,002179,中航光电
2023-04-20,588.37,576.64,593.66,573.0,96587,526915037.81,002179,中航光电
2023-04-21,579.02,577.67,595.53,576.84,65587,361893201.29,002179,中航光电
2023-04-24,577.78,575.18,584.84,571.65,48171,261563097.91,002179,中航光电
2023-04-25,575.29,570.3,593.66,563.76,84043,457631109.45,002179,中航光电
2023-04-26,570.51,577.88,579.02,560.44,49138,264552261.92,002179,中航光电
2023-04-27,577.88,584.84,585.25,571.65,67982,370990674.15,002179,中航光电
2023-04-28,584.21,582.55,585.36,576.53,59794,327154149.72,002179,中航光电
2023-05-04,598.95,593.45,602.48,586.81,116601,653237018.47,002179,中航光电
2023-05-05,590.55,593.14,597.29,587.95,59805,334274912.18,002179,中航光电
2023-05-08,589.82,603.63,606.95,589.82,112485,638662863.41,002179,中航光电
2023-05-09,605.39,595.32,608.61,593.97,73891,419875326.39,002179,中航光电
2023-05-10,592.41,583.8,593.76,581.31,75582,417452152.34,002179,中航光电
2023-05-11,583.8,577.98,588.99,576.22,52735,288956354.68,002179,中航光电
2023-05-12,578.19,581.72,590.03,578.19,45481,250364451.79,002179,中航光电
2023-05-15,581.83,599.06,601.96,575.49,77307,431582784.26,002179,中航光电
2023-05-16,599.68,589.83,600.76,586.32,68612,291258558.73,002179,中航光电
2023-05-17,589.83,604.27,607.64,585.24,131921,570177376.77,002179,中航光电
2023-05-18,605.08,610.21,613.72,604.27,94260,413337281.03,002179,中航光电
2023-05-19,609.67,612.64,617.49,603.73,70877,312597628.29,002179,中航光电
2023-05-22,611.02,604.81,614.26,601.16,60781,264783509.25,002179,中航光电
2023-05-23,603.05,601.03,608.72,599.95,39771,172362799.34,002179,中航光电
2023-05-24,600.63,596.44,602.92,594.15,39545,169764752.4,002179,中航光电
2023-05-25,596.44,599.95,604.13,596.04,47309,203880799.75,002179,中航光电
2023-05-26,600.49,598.87,601.7,594.28,39153,168261836.45,002179,中航光电
2023-05-29,604.94,600.09,609.8,596.71,39314,169737521.66,002179,中航光电
2023-05-30,598.33,594.15,601.84,588.07,61404,261482835.09,002179,中航光电
2023-05-31,592.93,591.72,602.11,588.07,65637,280350849.5,002179,中航光电
2023-06-01,591.85,586.05,594.69,584.97,56185,237180485.21,002179,中航光电
2023-06-02,585.78,584.3,587.67,581.46,62879,263812255.94,002179,中航光电
2023-06-05,584.43,576.06,588.75,570.4,77577,322218277.83,002179,中航光电
2023-06-06,573.64,571.88,578.09,570.94,56012,230838769.23,002179,中航光电
2023-06-07,572.02,560.27,574.04,556.5,87854,353580961.5,002179,中航光电
2023-06-08,560.14,568.64,571.07,547.45,80938,325518046.08,002179,中航光电
2023-06-09,568.64,590.91,590.91,566.08,174091,729629927.14,002179,中航光电
2023-06-12,588.07,583.49,595.63,583.22,76107,321827214.69,002179,中航光电
2023-06-13,583.35,574.04,585.92,572.02,79670,329098649.13,002179,中航光电
2023-06-14,574.58,574.04,578.63,572.69,34596,142697335.99,002179,中航光电
2023-06-15,574.04,583.62,586.05,572.83,57602,240245346.44,002179,中航光电
2023-06-16,587.53,587.53,592.93,583.62,58383,246820305.77,002179,中航光电
2023-06-19,589.02,581.19,590.23,579.57,61157,255955946.82,002179,中航光电
2023-06-20,581.73,602.38,615.74,581.6,208855,903069937.37,002179,中航光电
2023-06-21,601.7,595.09,611.15,594.01,81519,351773422.58,002179,中航光电
2023-06-26,595.23,590.64,603.05,590.37,88170,377532726.17,002179,中航光电
2023-06-27,593.34,603.59,605.21,592.39,99470,430218555.25,002179,中航光电
2023-06-28,603.73,605.48,610.88,596.98,75955,330210986.98,002179,中航光电
2023-06-29,604.4,613.58,618.57,602.24,128320,566427542.58,002179,中航光电
2023-06-30,616.55,630.04,633.28,615.47,166662,754361376.82,002179,中航光电
2023-07-03,629.91,631.53,646.64,629.37,153276,703198644.85,002179,中航光电
2023-07-04,629.37,639.09,644.75,624.51,129976,595426057.91,002179,中航光电
2023-07-05,636.25,623.84,638.82,622.62,95241,430131123.97,002179,中航光电
2023-07-06,622.62,607.91,627.75,605.08,140950,618854081.86,002179,中航光电
2023-07-07,605.35,601.03,609.8,596.85,73806,318539845.77,002179,中航光电
2023-07-10,605.75,608.05,612.37,598.33,82134,359093003.53,002179,中航光电
2023-07-11,606.43,621.14,628.69,605.75,98875,440590087.74,002179,中航光电
2023-07-12,621.27,615.33,621.68,611.29,63075,279817176.62,002179,中航光电
2023-07-13,616.55,623.84,630.04,616.55,80430,362402084.86,002179,中航光电
2023-07-14,622.22,619.11,625.32,617.22,43421,193891710.62,002179,中航光电
2023-07-17,618.98,616.14,619.92,612.23,53640,237439506.44,002179,中航光电
2023-07-18,618.84,618.84,622.89,612.64,39833,177776085.6,002179,中航光电
2023-07-19,615.47,612.77,622.35,609.4,54010,238019725.1,002179,中航光电
2023-07-20,611.56,612.37,617.63,609.8,52777,233079096.77,002179,中航光电
2023-07-21,612.91,607.91,615.74,605.08,44079,192958288.84,002179,中航光电
2023-07-24,605.62,622.49,628.16,605.35,86819,388777343.49,002179,中航光电
2023-07-25,613.85,624.38,630.58,613.85,94698,425527212.6,002179,中航光电
2023-07-26,623.97,627.35,633.42,621.68,52081,235460416.3,002179,中航光电
2023-07-27,628.02,618.84,630.18,612.23,103522,460754164.06,002179,中航光电
2023-07-28,615.87,595.36,615.87,589.96,241237,1035857467.72,002179,中航光电
2023-07-31,595.23,588.75,598.2,585.11,236227,996666208.47,002179,中航光电
2023-08-01,592.26,602.78,610.21,590.91,158430,685819464.61,002179,中航光电
2023-08-02,603.19,597.93,608.86,594.96,54477,234648526.2,002179,中航光电
2023-08-03,595.77,596.17,601.57,591.31,60715,259730929.19,002179,中航光电
2023-08-04,596.71,596.17,600.63,594.28,55293,237365385.67,002179,中航光电
2023-08-07,594.42,596.31,604.81,594.01,60089,258418115.86,002179,中航光电
2023-08-08,596.98,597.25,601.7,590.23,48901,209638383.2,002179,中航光电
2023-08-09,596.31,589.42,596.58,587.8,62343,264463642.51,002179,中航光电
2023-08-10,589.42,592.93,596.17,588.88,30455,129608047.03,002179,中航光电
2023-08-11,594.01,592.66,600.76,590.37,65405,280484544.21,002179,中航光电
2023-08-14,591.58,597.93,599.01,586.32,51492,218810981.39,002179,中航光电
2023-08-15,598.2,590.23,598.2,582.0,96338,406783811.94,002179,中航光电
2023-08-16,590.23,584.57,594.15,582.41,47561,200808577.86,002179,中航光电
2023-08-17,583.22,597.66,600.36,578.49,96558,412435596.86,002179,中航光电
2023-08-18,597.66,601.43,615.6,596.71,110028,481089181.8,002179,中航光电
2023-08-21,600.63,594.28,601.43,593.07,57818,247827387.89,002179,中航光电
2023-08-22,594.42,609.94,611.02,593.61,93949,408617909.21,002179,中航光电
2023-08-23,606.56,607.1,615.2,600.09,113919,498501586.62,002179,中航光电
2023-08-24,610.48,613.99,618.17,603.86,125674,554214214.69,002179,中航光电
2023-08-25,611.56,622.62,627.35,608.59,158202,709505049.96,002179,中航光电
2023-08-28,641.52,625.32,645.7,619.92,147072,666539368.61,002179,中航光电
2023-08-29,624.92,625.19,636.12,618.57,111007,502649459.58,002179,中航光电
2023-08-30,626.0,621.14,630.18,617.22,88057,393982752.64,002179,中航光电
2023-08-31,620.33,621.54,627.08,616.14,66812,299557448.14,002179,中航光电
2023-09-01,621.68,611.96,625.19,609.26,83325,367720367.26,002179,中航光电
2023-09-04,612.1,611.83,614.8,607.1,94689,416041113.54,002179,中航光电
2023-09-05,612.37,611.15,618.03,609.13,51546,226800107.93,002179,中航光电
2023-09-06,609.26,621.27,623.7,606.97,88713,393972488.23,002179,中航光电
2023-09-07,619.79,620.87,628.02,616.01,70767,316283640.21,002179,中航光电
2023-09-08,620.46,625.32,628.29,616.28,82480,370851762.12,002179,中航光电
2023-09-11,625.32,609.13,626.67,605.75,152536,670331145.31,002179,中航光电
2023-09-12,608.45,607.91,611.42,602.11,79174,345026675.89,002179,中航光电
2023-09-13,605.75,605.62,608.59,602.51,38279,166435999.32,002179,中航光电
2023-09-14,605.75,611.29,613.04,603.46,66346,290641342.91,002179,中航光电
2023-09-15,611.83,613.58,615.87,606.43,47344,208320300.08,002179,中航光电
2023-09-18,613.85,605.21,614.53,604.4,58257,254733259.2,002179,中航光电
2023-09-19,606.43,596.17,606.97,594.96,58305,250704053.49,002179,中航光电
2023-09-20,596.31,593.74,598.33,588.88,65296,278088627.85,002179,中航光电
2023-09-21,596.04,590.5,597.12,590.37,49085,209015049.36,002179,中航光电
2023-09-22,590.37,591.58,594.15,582.68,94433,399413716.32,002179,中航光电
2023-09-25,591.58,576.33,592.26,572.69,137854,573022025.62,002179,中航光电
2023-09-26,580.11,577.01,585.38,574.85,92681,385588454.19,002179,中航光电
2023-09-27,578.22,579.44,582.81,575.12,64092,266152179.68,002179,中航光电
2023-09-28,581.46,588.88,590.91,578.76,83428,351454321.89,002179,中航光电
2023-10-09,589.02,596.44,597.66,586.32,73131,311562759.46,002179,中航光电
2023-10-10,597.25,594.55,598.06,582.95,80760,343033985.89,002179,中航光电
2023-10-11,594.69,574.98,594.69,571.34,128888,535863260.92,002179,中航光电
2023-10-12,572.96,564.05,578.09,556.23,124281,501974631.3,002179,中航光电
2023-10-13,561.22,557.17,561.22,553.12,69247,276732124.43,002179,中航光电
2023-10-16,557.17,548.13,560.01,547.05,79648,315437509.53,002179,中航光电
2023-10-17,548.4,553.39,554.2,541.92,62603,246542870.86,002179,中航光电
2023-10-18,553.66,549.07,553.66,547.18,45327,178730781.56,002179,中航光电
2023-10-19,546.38,540.03,548.4,537.2,60891,236379759.94,002179,中航光电
2023-10-20,537.6,536.66,543.0,535.17,38689,149127714.0,002179,中航光电
2023-10-23,533.69,541.65,551.1,532.34,89705,349414724.12,002179,中航光电
2023-10-24,542.33,549.07,551.1,532.61,85417,330893334.32,002179,中航光电
2023-10-25,550.42,558.79,565.0,550.42,147015,590258700.16,002179,中航光电
2023-10-26,557.85,562.03,564.05,554.61,60607,244093357.29,002179,中航光电
2023-10-27,563.11,561.35,566.75,558.12,69264,279310248.44,002179,中航光电
2023-10-30,557.98,561.89,566.62,557.85,56949,229607262.21,002179,中航光电
2023-10-31,562.16,575.39,575.39,560.54,84365,343450226.91,002179,中航光电
2023-11-01,572.69,556.5,573.77,555.42,80741,324247028.62,002179,中航光电
2023-11-02,556.77,546.91,559.06,542.87,60361,236937022.35,002179,中航光电
2023-11-03,544.49,548.94,549.48,543.0,54166,212641603.87,002179,中航光电
2023-11-06,550.29,551.77,556.09,548.8,82765,327396672.91,002179,中航光电
2023-11-07,551.77,548.8,555.28,546.11,57671,227140494.93,002179,中航光电
2023-11-08,548.94,550.15,553.53,547.05,56014,220758194.04,002179,中航光电
2023-11-09,549.34,551.5,552.72,547.05,46928,185199472.97,002179,中航光电
2023-11-10,549.88,551.5,552.45,545.97,54696,215095052.39,002179,中航光电
2023-11-13,553.66,566.48,569.45,547.18,148369,596800392.23,002179,中航光电
2023-11-14,571.34,567.43,574.04,563.92,78811,321135771.23,002179,中航光电
2023-11-15,568.64,559.87,569.72,558.93,97971,394852543.36,002179,中航光电
2023-11-16,559.87,555.15,561.35,552.18,64905,258619637.42,002179,中航光电
2023-11-17,554.34,560.54,562.3,549.88,61370,244886245.79,002179,中航光电
2023-11-20,560.54,570.13,576.6,558.12,121272,494776590.7,002179,中航光电
2023-11-21,570.13,564.59,571.61,561.89,59789,242663289.65,002179,中航光电
2023-11-22,564.59,567.02,573.37,561.89,61634,251100023.6,002179,中航光电
2023-11-23,565.27,563.51,566.21,560.54,44308,178769698.09,002179,中航光电
2023-11-24,563.11,558.66,563.92,553.93,47198,188614895.12,002179,中航光电
2023-11-27,558.66,560.68,561.22,554.61,44734,178970610.44,002179,中航光电
2023-11-28,558.12,556.9,561.49,553.8,39041,155900817.66,002179,中航光电
2023-11-29,556.9,553.8,557.85,551.1,47502,188985320.11,002179,中航光电
2023-11-30,556.5,553.93,558.52,549.48,37588,149224682.51,002179,中航光电
2023-12-01,552.58,552.72,555.42,547.72,41173,162593498.73,002179,中航光电
2023-12-04,555.82,556.63,562.43,555.15,49765,199711175.53,002179,中航光电
2023-12-05,555.42,551.23,559.47,548.67,61806,245172738.08,002179,中航光电
2023-12-06,549.48,547.59,550.69,540.3,73882,288909420.89,002179,中航光电
2023-12-07,546.64,534.77,549.07,534.63,87464,338030098.58,002179,中航光电
2023-12-08,534.77,495.36,534.77,488.62,411929,1469031684.02,002179,中航光电
2023-12-11,495.36,521.95,526.67,495.09,320118,1174177150.44,002179,中航光电
2023-12-12,521.14,516.82,530.72,513.45,136251,506619300.09,002179,中航光电
2023-12-13,520.06,522.62,542.6,517.77,169122,641225693.2,002179,中航光电
2023-12-14,522.62,527.75,532.88,522.49,103533,391284940.39,002179,中航光电
2023-12-15,525.86,530.18,536.79,524.11,85911,325954645.15,002179,中航光电
2023-12-18,525.46,513.99,527.48,510.07,101954,378129923.59,002179,中航光电
2023-12-19,517.36,510.61,517.36,508.59,73950,270442976.97,002179,中航光电
2023-12-20,511.02,501.98,512.5,501.84,68104,246081742.33,002179,中航光电
2023-12-21,501.71,505.22,509.26,499.14,66274,238657938.25,002179,中航光电
2023-12-22,504.41,522.08,528.83,504.14,152309,564679583.92,002179,中航光电
2023-12-25,522.35,533.15,537.06,521.27,123044,468831243.41,002179,中航光电
2023-12-26,533.01,537.6,539.63,528.83,111114,424734919.07,002179,中航光电
2023-12-27,538.01,534.9,538.95,528.43,65530,249893316.76,002179,中航光电
2023-12-28,534.9,537.2,539.22,531.53,78316,300530036.01,002179,中航光电
2023-12-29,536.25,544.35,546.51,536.25,75570,293262684.61,002179,中航光电
2024-01-02,543.68,544.35,550.96,536.39,105359,411879917.5,002179,中航光电
2024-01-03,541.79,531.53,542.06,529.24,86899,332457870.33,002179,中航光电
2024-01-04,531.53,532.21,535.44,527.48,91278,347533865.51,002179,中航光电
2024-01-05,530.99,514.66,530.99,509.4,114510,422847103.74,002179,中航光电
2024-01-08,511.96,499.55,516.01,497.79,100876,362764470.14,002179,中航光电
2024-01-09,499.55,481.19,503.06,468.24,199408,680152612.64,002179,中航光电
2024-01-10,478.49,470.94,480.79,467.97,136569,461928384.67,002179,中航光电
2024-01-11,471.75,469.59,473.91,468.24,125542,421248463.04,002179,中航光电
2024-01-12,469.72,473.37,475.53,462.98,126908,426267747.22,002179,中航光电
2024-01-15,473.5,465.81,473.64,464.86,110732,369712575.18,002179,中航光电
2024-01-16,464.73,463.65,467.16,457.31,112933,371502969.64,002179,中航光电
2024-01-17,460.55,450.29,464.59,448.13,144682,466440638.12,002179,中航光电
2024-01-18,448.27,460.82,462.03,438.68,126764,402992529.05,002179,中航光电
2024-01-19,460.41,457.98,460.41,451.23,109563,355399957.4,002179,中航光电
2024-01-22,455.69,438.01,456.36,436.53,139745,442999566.44,002179,中航光电
2024-01-23,438.01,441.11,445.16,434.91,87582,274018357.69,002179,中航光电
2024-01-24,446.24,452.45,453.39,440.84,126672,403471919.0,002179,中航光电
2024-01-25,453.53,468.78,473.77,450.69,129853,431402862.33,002179,中航光电
2024-01-26,469.45,468.78,476.2,463.79,95506,318999717.53,002179,中航光电
2024-01-29,472.83,453.93,473.5,452.99,75076,246126235.71,002179,中航光电
2024-01-30,448.27,453.93,460.55,443.54,94119,302730799.06,002179,中航光电
2024-01-31,449.75,435.72,449.75,435.04,97516,305537111.3,002179,中航光电
2024-02-01,435.72,439.36,443.0,425.73,103813,322334609.54,002179,中航光电
2024-02-02,442.46,426.0,444.22,418.44,128889,393133530.73,002179,中航光电
2024-02-05,425.59,439.49,442.87,418.31,151613,463841799.09,002179,中航光电
2024-02-06,433.69,465.27,471.48,432.34,160592,524060146.62,002179,中航光电
2024-02-07,465.4,473.64,478.09,460.68,158419,534807990.67,002179,中航光电
2024-02-08,480.25,489.83,493.34,476.88,143734,500621368.4,002179,中航光电
2024-02-19,493.07,479.03,494.28,474.85,126017,430512402.01,002179,中航光电
2024-02-20,475.93,478.76,479.57,468.64,100648,339628921.69,002179,中航光电
2024-02-21,473.91,479.03,487.54,468.78,118633,405987840.03,002179,中航光电
2024-02-22,476.88,480.65,483.22,475.66,74478,255017425.13,002179,中航光电
2024-02-23,481.46,479.17,481.87,468.1,130423,440106832.36,002179,中航光电
2024-02-26,477.28,473.5,477.28,463.11,172033,576508474.67,002179,中航光电
2024-02-27,466.08,483.22,483.49,466.08,183093,618108376.86,002179,中航光电
2024-02-28,482.81,470.13,485.24,470.13,199373,680905018.33,002179,中航光电
2024-02-29,468.78,481.19,481.19,467.43,170419,579428314.89,002179,中航光电
2024-03-01,482.95,483.89,488.75,477.15,177705,611024102.57,002179,中航光电
2024-03-04,483.35,481.06,483.49,472.83,179725,612224728.43,002179,中航光电
2024-03-05,478.36,499.68,501.03,476.88,333650,1174616888.85,002179,中航光电
2024-03-06,499.14,492.66,499.14,488.35,187412,658226902.49,002179,中航光电
2024-03-07,490.91,476.74,492.12,475.93,175692,605774495.69,002179,中航光电
2024-03-08,476.61,483.22,485.51,471.75,159735,544552595.58,002179,中航光电
2024-03-11,478.49,487.54,488.08,478.22,152661,526967192.47,002179,中航光电
2024-03-12,491.32,500.63,511.42,491.32,257405,925739856.08,002179,中航光电
2024-03-13,503.87,494.82,504.27,493.74,158973,564596878.28,002179,中航光电
2024-03-14,491.99,495.63,505.48,491.85,201164,718354522.27,002179,中航光电
2024-03-15,491.72,494.55,498.2,486.46,130972,458472539.77,002179,中航光电
2024-03-18,498.2,507.78,509.67,492.66,265923,951628972.78,002179,中航光电
2024-03-19,508.32,521.54,531.4,505.35,341458,1272978630.7,002179,中航光电
2024-03-20,526.81,516.42,530.72,510.61,229416,849157053.94,002179,中航光电
2024-03-21,513.04,505.22,516.01,499.55,225337,814350160.28,002179,中航光电
2024-03-22,502.52,516.01,517.9,501.57,232024,845307593.38,002179,中航光电
2024-03-25,517.36,504.14,519.92,504.0,201667,739201109.79,002179,中航光电
2024-03-26,502.52,495.77,506.29,483.89,209981,741373898.13,002179,中航光电
2024-03-27,495.77,474.45,496.31,474.31,182153,627731689.09,002179,中航光电
2024-03-28,473.77,480.25,486.59,472.83,162517,557491309.27,002179,中航光电
2024-03-29,480.11,482.41,482.81,475.26,100148,342863106.21,002179,中航光电
2024-04-01,483.35,486.05,489.7,482.0,151838,525719819.66,002179,中航光电
2024-04-02,486.19,476.88,486.32,474.58,125136,425831083.06,002179,中航光电
2024-04-03,474.31,469.05,475.53,466.21,141144,472168949.73,002179,中航光电
2024-04-08,467.16,469.18,470.94,461.36,118979,395524485.99,002179,中航光电
2024-04-09,469.18,466.75,472.15,464.46,92947,308733298.5,002179,中航光电
2024-04-10,464.73,462.71,465.81,455.82,98752,323137437.12,002179,中航光电
2024-04-11,457.98,453.93,462.44,452.72,137972,448283288.11,002179,中航光电
2024-04-12,452.72,441.65,456.09,439.22,224733,713603833.34,002179,中航光电
2024-04-15,440.44,461.63,462.44,438.82,251100,812481233.71,002179,中航光电
2024-04-16,461.9,458.93,468.78,458.12,206348,680550426.26,002179,中航光电
2024-04-17,460.14,464.86,465.13,451.37,163546,536992615.64,002179,中航光电
2024-04-18,464.86,455.96,466.08,454.47,185493,609861197.67,002179,中航光电
2024-04-19,452.58,459.33,462.03,450.02,144935,470539375.37,002179,中航光电
2024-04-22,462.03,475.8,481.73,460.82,271156,914208220.9,002179,中航光电
2024-04-23,477.82,471.48,477.82,470.13,155390,523917438.51,002179,中航光电
2024-04-24,472.56,478.9,479.03,469.05,149113,505617319.53,002179,中航光电
2024-04-25,478.09,474.99,478.76,471.75,110032,372340236.11,002179,中航光电
2024-04-26,474.18,475.8,475.8,470.8,174515,589255144.08,002179,中航光电
2024-04-29,464.73,472.83,475.26,450.29,348131,1150931372.12,002179,中航光电
2024-04-30,472.96,482.0,484.03,470.13,241242,826766798.12,002179,中航光电
2024-05-06,486.86,482.27,489.7,479.84,189951,655963561.52,002179,中航光电
2024-05-07,480.92,497.12,499.14,478.36,252017,883065474.5,002179,中航光电
2024-05-08,494.69,495.36,500.49,489.29,162298,575189592.53,002179,中航光电
2024-05-09,496.31,515.88,522.22,492.8,292454,1067871528.9,002179,中航光电
2024-05-10,514.8,506.29,516.82,504.14,143552,523171586.83,002179,中航光电
2024-05-13,505.89,504.68,517.23,498.47,142850,519407901.38,002179,中航光电
2024-05-14,504.68,503.33,507.64,501.17,72145,259843430.6,002179,中航光电
2024-05-15,503.46,499.68,510.48,497.52,109184,392773066.03,002179,中航光电
2024-05-16,499.95,506.16,509.4,499.95,122224,441514425.93,002179,中航光电
2024-05-17,506.16,518.98,522.08,505.48,175819,650321653.6,002179,中航光电
2024-05-20,520.06,520.73,533.01,518.98,167432,629807283.79,002179,中航光电
2024-05-21,520.06,514.93,522.49,511.96,101074,367367874.92,002179,中航光电
2024-05-22,518.71,517.23,519.79,511.96,79250,287533059.6,002179,中航光电
2024-05-23,516.28,508.32,519.92,507.37,89749,324144582.15,002179,中航光电
2024-05-24,506.56,501.57,513.99,501.3,82457,292424104.33,002179,中航光电
2024-05-27,502.11,506.56,506.97,492.53,116630,408609917.96,002179,中航光电
2024-05-28,501.71,495.36,508.45,494.28,91303,321317071.52,002179,中航光电
2024-05-29,493.88,493.88,503.33,491.32,78475,273723183.5,002179,中航光电
2024-05-30,493.07,495.77,501.17,491.72,73662,256950569.3,002179,中航光电
2024-05-31,495.09,502.65,508.45,495.09,118920,419969018.85,002179,中航光电
2024-06-03,503.19,504.81,505.62,498.87,59123,208824298.27,002179,中航光电
2024-06-04,500.49,515.47,518.31,500.49,129470,464675334.0,002179,中航光电
2024-06-05,515.47,524.38,536.79,514.26,213311,794838232.21,002179,中航光电
2024-06-06,523.3,519.52,526.13,518.85,113316,416309216.59,002179,中航光电
2024-06-07,522.62,525.46,530.59,518.98,138485,511948081.42,002179,中航光电
2024-06-11,528.29,544.76,549.48,522.49,281331,1068826796.55,002179,中航光电
2024-06-12,543.95,541.79,557.85,539.63,154693,597853241.95,002179,中航光电
2024-06-13,538.95,547.59,548.4,534.09,152658,584762476.03,002179,中航光电
2024-06-14,544.35,554.47,555.55,543.0,176269,687612152.49,002179,中航光电
2024-06-17,554.61,554.34,560.54,548.53,148063,579649878.14,002179,中航光电
2024-06-18,552.31,551.5,555.55,543.81,138214,534771145.06,002179,中航光电
2024-06-19,548.67,534.9,550.02,534.63,140669,534209709.95,002179,中航光电
2024-06-20,538.82,530.59,541.79,529.51,115116,434745439.3,002179,中航光电
2024-06-21,530.59,532.34,540.44,527.08,78110,293160789.84,002179,中航光电
2024-06-24,530.59,529.91,535.31,525.46,109766,410960317.85,002179,中航光电
2024-06-25,529.91,526.94,533.42,524.11,85629,318456363.61,002179,中航光电
2024-06-26,527.75,531.26,533.28,516.15,87160,321263592.5,002179,中航光电
2024-06-27,529.51,524.24,530.86,521.68,61891,229042163.91,002179,中航光电
2024-06-28,522.89,539.63,542.73,521.95,122416,463922379.63,002179,中航光电
2024-07-01,539.63,544.35,545.57,534.36,90157,343317791.28,002179,中航光电
2024-07-02,545.57,543.0,549.21,540.98,61552,236421429.76,002179,中航光电
2024-07-03,541.65,523.43,544.22,519.25,116563,431190524.6,002179,中航光电
2024-07-04,523.16,525.59,530.18,520.73,66941,247831180.0,002179,中航光电
2024-07-05,524.11,519.52,528.43,508.72,108472,392878545.93,002179,中航光电
2024-07-08,517.36,506.97,518.58,505.35,80046,288265342.55,002179,中航光电
2024-07-09,505.22,514.53,517.77,504.14,60196,217099048.0,002179,中航光电
2024-07-10,513.58,515.2,524.24,513.18,78216,285115220.52,002179,中航光电
2024-07-11,519.25,518.98,522.89,512.91,72275,263869455.11,002179,中航光电
2024-07-12,518.58,505.35,518.58,502.65,119110,424404793.64,002179,中航光电
2024-07-15,504.54,504.54,507.51,501.84,60595,214831076.37,002179,中航光电
2024-07-16,502.65,509.4,509.94,499.95,77940,277111929.01,002179,中航光电
2024-07-17,509.26,513.85,519.11,505.75,121046,436921040.36,002179,中航光电
2024-07-18,511.83,540.44,544.35,510.88,228436,854639458.07,002179,中航光电
2024-07-19,540.44,550.42,552.18,534.36,129819,500402972.08,002179,中航光电
2024-07-22,551.77,552.58,561.62,547.72,136146,533539512.97,002179,中航光电
2024-07-23,551.1,539.09,552.45,538.95,88468,339216840.9,002179,中航光电
2024-07-24,538.95,544.49,552.45,537.47,96016,369142579.34,002179,中航光电
2024-07-25,541.52,536.25,542.6,530.86,82760,312129648.6,002179,中航光电
2024-07-26,537.33,556.36,560.01,534.9,129827,505640064.67,002179,中航光电
2024-07-29,557.85,543.0,558.25,541.92,113600,440020615.16,002179,中航光电
2024-07-30,541.52,545.7,553.26,541.52,91257,351751010.97,002179,中航光电
2024-07-31,543.68,552.04,555.15,538.95,126508,490013732.64,002179,中航光电
2024-08-01,552.31,545.7,566.62,543.68,158652,621165219.1,002179,中航光电
2024-08-02,540.44,541.25,553.12,538.55,94166,361961307.9,002179,中航光电
2024-08-05,538.95,526.54,547.32,526.0,112991,424433690.39,002179,中航光电
2024-08-06,528.16,550.83,550.83,527.89,134284,513476186.81,002179,中航光电
2024-08-07,549.75,553.93,557.17,546.11,90380,352711674.85,002179,中航光电
2024-08-08,551.5,538.28,552.18,532.61,88616,337606344.2,002179,中航光电
2024-08-09,538.95,529.78,542.33,526.13,87383,327105071.03,002179,中航光电
2024-08-12,526.27,528.43,530.86,519.25,39809,147652786.28,002179,中航光电
2024-08-13,528.16,535.71,537.33,527.21,59404,223884304.69,002179,中航光电
2024-08-14,535.98,534.36,538.68,530.72,42944,161783008.29,002179,中航光电
2024-08-15,533.15,536.66,540.03,530.59,51938,196282993.21,002179,中航光电
2024-08-16,536.25,526.13,537.6,522.76,84901,315478827.14,002179,中航光电
2024-08-19,524.11,521.27,535.17,520.6,62712,232981591.87,002179,中航光电
2024-08-20,521.95,511.83,524.11,503.87,131743,471312490.71,002179,中航光电
2024-08-21,507.91,503.6,513.18,502.92,61006,217262611.27,002179,中航光电
2024-08-22,503.73,498.74,506.43,488.48,92893,323833383.68,002179,中航光电
2024-08-23,498.47,497.12,502.52,495.77,58991,206595972.67,002179,中航光电
2024-08-26,495.77,489.7,497.12,481.06,92742,316442221.95,002179,中航光电
2024-08-27,487.4,491.32,492.39,483.62,62590,214673283.96,002179,中航光电
2024-08-28,489.02,517.36,519.52,489.02,161551,580708109.86,002179,中航光电
2024-08-29,513.58,524.24,529.24,512.77,103034,380577420.13,002179,中航光电
2024-08-30,524.11,523.97,532.21,520.19,84296,312498408.32,002179,中航光电
2024-09-02,521.41,525.73,533.96,519.52,116166,433789938.24,002179,中航光电
2024-09-03,522.08,531.8,534.9,522.08,65902,247283466.98,002179,中航光电
2024-09-04,531.8,536.12,538.68,524.24,65877,248675598.22,002179,中航光电
2024-09-05,537.33,535.17,540.57,532.21,66767,252405612.55,002179,中航光电
2024-09-06,534.77,530.45,538.95,528.16,43988,165328558.11,002179,中航光电
2024-09-09,528.16,537.06,544.08,526.81,88217,334997966.5,002179,中航光电
2024-09-10,537.87,539.49,544.08,532.21,63696,241446143.05,002179,中航光电
2024-09-11,537.47,539.49,542.73,536.25,49398,188447242.3,002179,中航光电
2024-09-12,540.03,536.39,542.6,535.17,55849,212044580.62,002179,中航光电
2024-09-13,533.55,524.78,540.3,522.89,93782,349082173.51,002179,中航光电
2024-09-18,521.95,526.27,534.63,521.95,63522,236256025.07,002179,中航光电
2024-09-19,529.64,524.38,531.13,516.01,47857,176269742.94,002179,中航光电
2024-09-20,525.32,523.03,528.02,516.01,52096,190614506.99,002179,中航光电
2024-09-23,520.06,523.7,534.77,519.79,68754,255766555.26,002179,中航光电
2024-09-24,523.7,541.11,543.14,520.73,93653,354196675.99,002179,中航光电
2024-09-25,541.11,536.12,553.12,530.72,160848,612716207.78,002179,中航光电
2024-09-26,535.85,544.22,544.22,530.99,164254,624547982.39,002179,中航光电
2024-09-27,547.32,560.27,567.97,537.33,289741,1128294201.28,002179,中航光电
2024-09-30,574.85,613.72,613.72,574.71,336704,1431041245.77,002179,中航光电
2024-10-08,672.42,667.97,672.42,625.32,384870,1793981113.81,002179,中航光电
2024-10-09,660.41,609.13,660.41,607.78,292576,1302858214.88,002179,中航光电
2024-10-10,608.86,617.36,637.47,608.72,202473,897665291.59,002179,中航光电
2024-10-11,617.63,598.33,627.75,590.23,181461,784080367.42,002179,中航光电
2024-10-14,603.73,608.86,619.65,597.79,257337,1104734833.24,002179,中航光电
2024-10-15,605.35,612.1,624.38,597.25,207281,902434227.45,002179,中航光电
2024-10-16,606.43,592.8,612.5,587.27,153154,649962987.96,002179,中航光电
2024-10-17,596.98,604.54,614.53,592.93,163023,702877340.45,002179,中航光电
2024-10-18,605.08,618.3,629.23,601.16,151887,665073700.66,002179,中航光电
2024-10-21,621.68,632.47,648.26,621.54,225991,1024352520.13,002179,中航光电
2024-10-22,633.42,622.49,637.6,616.01,141154,623928783.66,002179,中航光电
2024-10-23,624.51,625.73,645.16,617.49,190511,854915775.76,002179,中航光电
2024-10-24,623.97,612.64,623.97,604.27,133417,578919869.03,002179,中航光电
2024-10-25,612.64,614.12,618.44,605.08,130924,566708499.15,002179,中航光电
2024-10-28,614.53,622.22,625.05,613.18,108541,478236799.44,002179,中航光电
2024-10-29,625.32,622.35,627.89,611.56,115523,509890072.51,002179,中航光电
2024-10-30,619.25,630.31,639.76,615.74,146320,656289303.36,002179,中航光电
2024-10-31,626.67,621.95,629.37,614.93,137119,603047914.45,002179,中航光电
2024-11-01,620.6,609.67,623.7,604.81,127849,555566716.98,002179,中航光电
2024-11-04,613.18,619.25,626.54,608.05,108518,476709795.73,002179,中航光电
2024-11-05,621.41,640.03,642.19,621.41,227323,1027751722.95,002179,中航光电
2024-11-06,643.27,636.79,651.77,632.07,193283,880038649.43,002179,中航光电
2024-11-07,634.36,633.42,634.77,612.91,217501,961231957.98,002179,中航光电
2024-11-08,633.42,636.52,646.91,628.43,217123,985316366.76,002179,中航光电
2024-11-11,641.52,646.64,646.78,624.24,268154,1212497596.24,002179,中航光电
2024-11-12,648.4,621.27,651.91,617.22,275060,1239948041.52,002179,中航光电
2024-11-13,621.81,625.05,628.69,610.34,142559,626688544.33,002179,中航光电
2024-11-14,623.16,594.96,623.16,593.61,249919,1068388168.78,002179,中航光电
2024-11-15,594.01,583.62,597.93,582.81,123043,514205548.18,002179,中航光电
2024-11-18,583.49,577.41,589.96,572.83,128100,526288459.15,002179,中航光电
2024-11-19,579.44,585.65,588.61,570.94,94698,388465673.57,002179,中航光电
2024-11-20,583.35,586.46,587.53,579.71,78036,322506687.62,002179,中航光电
2024-11-21,586.19,582.54,588.88,578.09,77163,318402889.51,002179,中航光电
2024-11-22,581.6,561.08,581.6,560.27,142588,574746017.75,002179,中航光电
2024-11-25,560.41,557.71,566.62,551.1,123229,484679677.29,002179,中航光电
2024-11-26,556.63,560.01,570.8,555.28,96115,383419130.56,002179,中航光电
2024-11-27,559.87,568.51,571.75,549.75,130971,520470488.37,002179,中航光电
2024-11-28,567.29,564.73,576.74,562.7,84488,340423057.13,002179,中航光电
2024-11-29,561.35,566.89,569.86,559.47,91993,367528468.9,002179,中航光电
2024-12-02,567.56,576.06,577.68,563.24,112072,453709220.59,002179,中航光电
2024-12-03,575.39,568.78,576.47,566.89,96827,390398165.99,002179,中航光电
2024-12-04,568.24,565.0,571.21,564.46,58900,236118228.81,002179,中航光电
2024-12-05,564.86,567.02,569.18,562.03,64596,258360011.52,002179,中航光电
2024-12-06,567.29,571.48,572.42,564.86,73987,298036451.43,002179,中航光电
2024-12-09,571.48,564.59,571.48,563.11,80688,322950818.15,002179,中航光电
2024-12-10,579.44,565.81,579.44,563.92,118763,478679458.47,002179,中航光电
2024-12-11,563.24,558.12,567.83,555.15,127275,503034148.65,002179,中航光电
2024-12-12,558.25,568.24,570.94,558.25,158454,634578755.1,002179,中航光电
2024-12-13,564.59,553.26,567.43,553.12,147648,582007641.85,002179,中航光电
2024-12-16,553.53,540.98,555.15,538.82,138497,530340573.21,002179,中航光电
2024-12-17,541.25,543.0,545.3,536.52,78627,300524264.95,002179,中航光电
2024-12-18,545.03,542.06,548.13,539.76,83775,320645573.36,002179,中航光电
2024-12-19,539.76,543.54,545.03,530.72,107955,408827038.18,002179,中航光电
2024-12-20,544.35,553.8,556.23,540.57,127983,497513577.36,002179,中航光电
2024-12-23,552.45,549.07,558.52,547.32,102169,397345965.4,002179,中航光电
2024-12-24,547.86,548.94,551.77,544.08,86367,333098896.5,002179,中航光电
2024-12-25,549.61,543.95,549.75,540.57,91117,349365313.57,002179,中航光电
2024-12-26,544.35,555.42,561.35,544.08,174516,684419175.33,002179,中航光电
2024-12-27,577.82,563.24,579.57,562.03,234860,943186888.64,002179,中航光电
2024-12-30,563.38,562.03,569.05,560.27,134213,535204021.87,002179,中航光电
2024-12-31,559.33,556.5,562.7,550.42,128749,505616860.52,002179,中航光电
2025-01-02,553.93,533.42,556.5,531.13,146656,561079251.34,002179,中航光电
2025-01-03,530.32,524.65,537.87,523.3,139282,519488951.72,002179,中航光电
2025-01-06,524.78,516.82,524.78,513.04,106361,387113148.94,002179,中航光电
2025-01-07,516.96,526.13,526.54,514.66,65511,240189429.28,002179,中航光电
2025-01-08,525.19,518.98,525.19,509.94,88623,322929024.94,002179,中航光电
2025-01-09,518.71,530.99,533.82,511.96,152313,562739978.2,002179,中航光电
2025-01-10,529.51,534.23,546.78,528.16,159668,605148242.1,002179,中航光电
2025-01-13,529.51,529.1,540.03,527.48,87535,328229200.93,002179,中航光电
2025-01-14,529.1,540.03,540.71,526.94,109880,415456366.16,002179,中航光电
2025-01-15,538.95,524.78,539.63,523.43,108412,404498763.17,002179,中航光电
2025-01-16,527.08,521.95,532.61,516.69,133477,491263177.19,002179,中航光电
2025-01-17,518.71,532.21,536.25,517.09,146051,543865482.95,002179,中航光电
2025-01-20,534.5,531.8,538.55,528.7,125081,470930529.37,002179,中航光电
2025-01-21,534.36,527.75,535.31,523.3,113345,419706582.75,002179,中航光电
2025-01-22,537.33,538.28,549.34,532.48,258377,987041550.33,002179,中航光电
2025-01-23,543.68,539.49,554.47,538.95,208958,804812682.7,002179,中航光电
2025-01-24,540.57,539.22,543.81,536.52,134848,513101310.16,002179,中航光电
2025-01-27,539.22,534.77,540.84,532.48,96442,363892922.63,002179,中航光电
2025-02-05,535.85,529.51,536.66,523.97,116164,432243899.25,002179,中航光电
2025-02-06,527.48,536.52,537.6,524.92,141261,531295656.0,002179,中航光电
2025-02-07,536.66,545.7,547.05,534.23,188096,720232679.23,002179,中航光电
2025-02-10,545.84,545.3,547.72,542.33,134054,514917615.59,002179,中航光电
2025-02-11,547.72,540.57,547.72,538.28,120394,458858998.63,002179,中航光电
2025-02-12,540.57,541.38,541.79,535.98,129070,490400161.93,002179,中航光电
2025-02-13,541.52,532.48,546.51,530.99,197318,747145347.88,002179,中航光电
2025-02-14,532.48,526.4,532.61,523.97,173891,645096213.61,002179,中航光电
2025-02-17,527.89,524.92,529.1,521.27,135521,501082028.42,002179,中航光电
2025-02-18,525.05,509.13,525.73,504.27,296181,1071845085.18,002179,中航光电
2025-02-19,508.72,513.31,513.31,506.56,152050,545712675.87,002179,中航光电
2025-02-20,513.45,522.62,526.54,510.75,233391,852621692.17,002179,中航光电
2025-02-21,522.22,527.89,530.86,521.27,244756,909233466.02,002179,中航光电
2025-02-24,530.18,533.96,538.68,522.35,232865,872112204.96,002179,中航光电
2025-02-25,529.24,528.02,531.8,525.73,155258,578438639.14,002179,中航光电
2025-02-26,528.02,550.15,553.8,527.62,418352,1603166288.21,002179,中航光电
2025-02-27,552.31,552.45,557.17,545.7,263514,1025779459.19,002179,中航光电
2025-02-28,550.56,534.77,554.07,533.55,222214,849786160.8,002179,中航光电
2025-03-03,533.55,531.8,544.08,528.83,187878,711220917.4,002179,中航光电
2025-03-04,529.64,554.2,556.09,529.64,309618,1199277412.93,002179,中航光电
2025-03-05,552.58,555.55,566.75,552.45,266372,1056326543.14,002179,中航光电
2025-03-06,555.69,565.13,567.7,555.69,195260,778129691.48,002179,中航光电
2025-03-07,566.62,586.73,592.93,566.62,439842,1820194290.15,002179,中航光电
2025-03-10,592.93,583.22,607.78,578.22,365571,1527059738.08,002179,中航光电
2025-03-11,576.74,600.36,604.54,575.79,315765,1331841325.81,002179,中航光电
2025-03-12,601.97,596.71,615.2,594.96,187386,800462447.46,002179,中航光电
2025-03-13,596.31,598.33,603.73,589.02,187366,790714928.7,002179,中航光电
2025-03-14,598.33,604.54,606.16,592.8,251512,1070008851.12,002179,中航光电
2025-03-17,608.45,605.62,610.48,600.22,120472,515656201.13,002179,中航光电
2025-03-18,606.16,596.04,615.33,595.63,225505,968615178.8,002179,中航光电
2025-03-19,596.85,592.8,598.6,589.15,154974,650470454.66,002179,中航光电
2025-03-20,593.61,597.39,610.07,591.58,174824,744284327.55,002179,中航光电
2025-03-21,594.01,592.93,605.75,586.19,156774,659755611.44,002179,中航光电
2025-03-24,592.93,582.68,594.96,576.74,141175,583677835.67,002179,中航光电
2025-03-25,583.49,591.04,606.43,583.49,238473,1012347286.42,002179,中航光电
2025-03-26,592.8,594.15,606.29,587.8,148927,629205506.9,002179,中航光电
2025-03-27,591.58,587.53,596.31,582.95,122782,511759887.32,002179,中航光电
2025-03-28,587.4,592.26,599.28,585.24,126788,531349789.27,002179,中航光电
2025-03-31,590.1,579.84,596.58,568.91,192788,790505330.66,002179,中航光电
2025-04-01,583.35,589.42,599.68,575.39,167377,698899485.47,002179,中航光电
2025-04-02,587.0,578.76,587.67,572.69,178285,727260300.3,002179,中航光电
2025-04-03,574.71,579.98,587.4,574.17,105678,434782369.27,002179,中航光电
2025-04-07,557.17,559.47,584.57,544.89,338122,1355882347.81,002179,中航光电
2025-04-08,561.35,583.49,585.38,561.35,301037,1223754344.81,002179,中航光电
2025-04-09,579.57,605.62,615.87,576.87,343114,1468729921.7,002179,中航光电
2025-04-10,605.62,603.05,610.48,592.26,205748,881607627.45,002179,中航光电
2025-04-11,600.49,611.15,619.92,595.77,231938,1005880972.39,002179,中航光电
2025-04-14,614.12,608.45,614.8,602.38,134449,578541957.78,002179,中航光电
2025-04-15,606.43,601.03,606.43,591.31,151513,640125547.67,002179,中航光电
2025-04-16,598.74,601.16,606.16,592.39,96334,407691487.07,002179,中航光电
2025-04-17,595.23,594.01,601.84,592.66,88888,375595642.88,002179,中航光电
2025-04-18,591.72,593.34,595.63,586.59,78982,331294438.23,002179,中航光电
2025-04-21,594.28,589.02,600.76,579.84,139532,583926741.58,002179,中航光电
2025-04-22,587.53,586.59,591.31,584.16,69641,289621581.02,002179,中航光电
2025-04-23,587.94,578.09,590.64,577.41,110127,452265060.59,002179,中航光电
2025-04-24,576.74,574.98,581.46,572.42,88322,359742682.21,002179,中航光电
2025-04-25,577.82,576.2,580.79,574.85,80692,329419866.4,002179,中航光电
2025-04-28,576.87,579.44,582.54,575.12,113454,464340700.08,002179,中航光电
2025-04-29,568.64,575.66,582.54,562.3,161114,654743565.06,002179,中航光电
2025-04-30,578.22,574.44,586.19,571.88,127526,521244068.0,002179,中航光电
2025-05-06,575.25,574.04,576.2,569.05,137187,555445975.6,002179,中航光电
2025-05-07,579.44,592.12,592.93,579.44,282710,1174804176.04,002179,中航光电
2025-05-08,590.77,596.71,598.2,582.27,197688,825850248.55,002179,中航光电
2025-05-09,597.93,577.28,599.01,576.74,213267,880111324.68,002179,中航光电
2025-05-12,577.28,596.04,615.2,576.06,470525,1992027566.37,002179,中航光电
2025-05-13,597.79,578.9,597.79,575.12,261775,1078475768.29,002179,中航光电
2025-05-14,576.6,572.15,578.76,570.4,159052,644279732.18,002179,中航光电
2025-05-15,572.02,560.54,572.02,560.54,160687,640343210.04,002179,中航光电
2025-05-16,559.6,563.51,565.81,557.17,105282,418496191.44,002179,中航光电
2025-05-19,563.11,567.16,569.32,560.54,102849,411202562.74,002179,中航光电
2025-05-20,567.29,568.37,569.18,560.14,119765,477741327.47,002179,中航光电
2025-05-21,566.08,569.99,574.98,564.59,115241,464311644.46,002179,中航光电
2025-05-22,568.24,569.18,573.64,563.38,93428,376128723.66,002179,中航光电
2025-05-23,567.29,562.84,569.05,562.84,83794,334948160.21,002179,中航光电
2025-05-26,562.16,560.68,564.59,557.98,76407,302915419.42,002179,中航光电
2025-05-27,560.01,548.94,561.76,547.05,132188,513592867.01,002179,中航光电
2025-05-28,548.26,550.02,554.88,547.32,64977,252852507.47,002179,中航光电
2025-05-29,550.15,555.01,557.31,549.21,70108,274547964.23,002179,中航光电
2025-05-30,554.47,555.42,557.04,549.75,65863,257389477.59,002179,中航光电
2025-06-03,554.47,563.65,565.67,551.37,126721,500265968.18,002179,中航光电
2025-06-04,562.97,561.89,564.59,560.68,59959,238393464.4,002179,中航光电
2025-06-05,561.89,564.19,566.62,558.93,79917,318332644.39,002179,中航光电
2025-06-06,564.19,567.83,570.53,563.51,75005,301306493.26,002179,中航光电
2025-06-09,569.72,564.19,574.85,559.2,150213,601738262.39,002179,中航光电
2025-06-10,559.2,547.05,560.27,546.24,229535,891960294.69,002179,中航光电
2025-06-11,547.45,548.4,553.8,544.76,103834,403270592.43,002179,中航光电
2025-06-12,549.21,543.41,549.34,542.06,98475,377943794.89,002179,中航光电
2025-06-13,545.16,550.29,550.56,542.6,142626,550357834.69,002179,中航光电
2025-06-16,552.18,550.42,552.31,542.6,99700,385665901.23,002179,中航光电
2025-06-17,551.64,547.59,551.64,545.97,81229,307894893.3,002179,中航光电
2025-06-18,547.18,553.12,556.23,547.05,119133,455023288.27,002179,中航光电
2025-06-19,552.31,543.27,552.31,539.9,137971,518736482.9,002179,中航光电
2025-06-20,541.65,537.87,543.41,537.6,71894,268062355.86,002179,中航光电
2025-06-23,537.87,550.96,555.28,537.87,164482,623470715.86,002179,中航光电
2025-06-24,547.05,555.69,560.54,545.3,146886,562314080.42,002179,中航光电
2025-06-25,555.69,565.67,567.29,554.88,174937,681676306.55,002179,中航光电
2025-06-26,565.67,562.57,574.58,562.43,162537,641150499.89,002179,中航光电
2025-06-27,562.7,569.86,573.9,560.41,131522,518413540.46,002179,中航光电
2025-06-30,570.26,581.6,582.54,569.99,175382,705007758.67,002179,中航光电
2025-07-01,581.6,571.48,582.14,567.7,188139,744578218.31,002179,中航光电
2025-07-02,571.48,568.1,571.75,565.27,85079,334848455.91,002179,中航光电
2025-07-03,567.02,566.48,572.15,565.13,87659,344489390.88,002179,中航光电
2025-07-04,565.67,566.75,571.75,563.24,84429,331497441.87,002179,中航光电
2025-07-07,566.62,563.24,567.16,562.97,60200,235459405.33,002179,中航光电
2025-07-08,563.24,576.06,578.76,563.11,188276,751167615.06,002179,中航光电
2025-07-09,576.06,568.24,579.17,566.75,110178,437089520.94,002179,中航光电
2025-07-10,566.62,564.86,567.97,560.81,96993,378588313.62,002179,中航光电
2025-07-11,564.59,566.08,567.97,563.51,82549,323663929.13,002179,中航光电
2025-07-14,566.08,562.97,568.78,562.03,90825,355410712.68,002179,中航光电
2025-07-15,563.11,558.52,563.92,552.45,142113,547933034.22,002179,中航光电
2025-07-16,557.85,556.9,564.86,552.45,123835,477801629.39,002179,中航光电
2025-07-17,556.9,563.24,564.46,555.01,153561,595011010.58,002179,中航光电
2025-07-18,564.05,565.13,566.75,558.66,150067,585799943.82,002179,中航光电
2025-07-21,565.13,566.35,567.29,562.03,125067,489292340.13,002179,中航光电
2025-07-22,563.78,565.13,566.89,562.16,148998,582780246.88,002179,中航光电
2025-07-23,565.13,560.95,572.15,559.33,158061,617437620.1,002179,中航光电
2025-07-24,560.81,562.16,562.43,557.58,170932,661861132.44,002179,中航光电
2025-07-25,563.38,559.2,563.38,558.52,134043,519313044.64,002179,中航光电
2025-07-28,559.6,567.43,572.69,559.2,272309,1070306986.69,002179,中航光电
2025-07-29,567.43,562.84,567.97,556.9,241523,938533561.42,002179,中航光电
2025-07-30,562.97,559.2,566.89,555.55,220452,858199142.57,002179,中航光电
2025-07-31,558.12,552.18,560.68,549.07,195069,747725015.93,002179,中航光电
2025-08-01,552.72,545.97,552.72,543.81,204553,771042402.1,002179,中航光电
2025-08-04,544.22,553.12,553.12,543.0,161341,613170922.85,002179,中航光电
2025-08-05,553.66,555.15,559.74,553.26,168184,647188325.76,002179,中航光电
2025-08-06,555.55,561.49,562.84,552.45,234402,908996376.59,002179,中航光电
2025-08-07,563.24,558.12,563.24,555.15,167300,646387749.92,002179,中航光电
2025-08-08,558.25,554.47,560.54,553.53,139518,537017815.81,002179,中航光电
2025-08-11,556.36,564.32,570.94,552.45,305593,1194387785.86,002179,中航光电
2025-08-12,563.38,560.01,565.27,557.04,170446,660290192.31,002179,中航光电
2025-08-13,560.14,563.78,565.67,558.79,195199,760014893.05,002179,中航光电
2025-08-14,575.52,585.65,612.37,575.52,739548,3050514599.15,002179,中航光电
2025-08-15,580.92,599.28,603.46,577.01,431614,1771076920.23,002179,中航光电
2025-08-18,602.11,600.36,606.83,592.93,339201,1416934711.52,002179,中航光电
2025-08-19,600.76,592.39,603.73,584.7,277800,1146355377.53,002179,中航光电
2025-08-20,590.23,590.64,591.72,582.95,245725,1001738284.26,002179,中航光电
2025-08-21,591.04,595.5,610.21,590.77,301081,1253891672.39,002179,中航光电
2025-08-22,596.31,595.63,596.71,586.73,219544,903513099.51,002179,中航光电
2025-08-25,596.98,604.81,606.16,594.42,315507,1318259691.13,002179,中航光电
2025-08-26,604.67,601.3,606.7,595.77,232415,973985724.17,002179,中航光电
2025-08-27,601.7,589.96,606.43,589.42,263570,1099737266.73,002179,中航光电
2025-08-28,588.34,603.19,603.73,584.43,235192,968125788.32,002179,中航光电
2025-08-29,603.73,601.7,607.1,598.74,264691,1108930802.98,002179,中航光电
2025-09-01,604.4,612.91,617.09,595.9,372811,1576176530.05,002179,中航光电
2025-09-02,613.18,597.66,614.53,588.34,302676,1255635522.7,002179,中航光电
2025-09-03,597.79,571.61,597.79,571.21,275246,1106435457.99,002179,中航光电
2025-09-04,572.02,561.76,575.52,558.52,239597,937973152.5,002179,中航光电
2025-09-05,563.92,564.73,566.89,558.52,247357,963432925.0,002179,中航光电
2025-09-08,564.86,572.83,575.12,558.52,182415,717241219.2,002179,中航光电
2025-09-09,570.8,567.43,572.83,563.24,122094,480299742.3,002179,中航光电
2025-09-10,567.29,562.16,569.72,559.33,106610,416002636.56,002179,中航光电
2025-09-11,562.16,570.67,570.67,558.66,149103,583412867.01,002179,中航光电
2025-09-12,570.67,567.43,571.21,565.54,176415,693997930.64,002179,中航光电
2025-09-15,567.83,561.89,568.24,560.81,139750,544292697.06,002179,中航光电
2025-09-16,561.89,563.11,563.65,558.12,103643,402551986.44,002179,中航光电
2025-09-17,564.46,573.9,574.71,562.97,192239,756802292.19,002179,中航光电
2025-09-18,572.02,581.73,595.09,569.99,293181,1185500043.36,002179,中航光电
2025-09-19,587.8,595.9,596.85,583.08,303969,1252925219.77,002179,中航光电
2025-09-22,596.85,597.52,602.51,589.29,234725,973989029.99,002179,中航光电
2025-09-23,596.98,595.9,602.24,586.73,210367,868679410.99,002179,中航光电
2025-09-24,591.58,595.63,598.06,587.53,142524,588155945.95,002179,中航光电
2025-09-25,595.09,583.62,595.09,580.52,194736,791379485.51,002179,中航光电
2025-09-26,582.14,579.71,593.47,577.41,197500,801253745.13,002179,中航光电
2025-09-29,585.51,588.61,593.34,579.84,175213,713971119.1,002179,中航光电
2025-09-30,587.0,593.88,600.9,584.16,207304,856787563.61,002179,中航光电
2025-10-09,599.95,590.1,599.95,578.9,254557,1038534634.09,002179,中航光电
2025-10-10,590.23,588.21,596.98,586.32,201991,829502047.62,002179,中航光电
2025-10-13,576.74,588.48,591.85,575.39,169117,685707738.94,002179,中航光电
2025-10-14,588.48,571.75,590.1,571.34,267852,1073446510.06,002179,中航光电
2025-10-15,573.37,569.45,573.77,560.01,203061,795267568.94,002179,中航光电
2025-10-16,570.26,566.35,577.28,564.73,137193,540185301.34,002179,中航光电
2025-10-17,565.13,553.39,565.54,551.91,202326,780041359.84,002179,中航光电
2025-10-20,555.69,548.26,557.17,545.43,218720,832808733.07,002179,中航光电
2025-10-21,548.26,545.84,550.29,544.22,281809,1062535408.57,002179,中航光电
2025-10-22,545.7,538.55,545.84,537.33,251038,934787592.02,002179,中航光电
2025-10-23,538.28,536.25,539.22,529.37,236648,872180258.98,002179,中航光电
2025-10-24,539.36,542.33,546.91,539.36,237172,889565355.01,002179,中航光电
2025-10-27,545.97,546.24,550.83,542.33,297182,1120666955.26,002179,中航光电
2025-10-28,546.24,547.18,549.21,541.52,191438,723084232.56,002179,中航光电
2025-10-29,547.32,546.78,548.53,544.62,155309,586103477.46,002179,中航光电
2025-10-30,503.33,511.69,522.49,503.33,701714,2472698708.46,002179,中航光电
2025-10-31,509.4,510.61,513.72,508.86,243269,854133225.22,002179,中航光电
2025-11-03,510.61,509.4,513.18,502.52,251117,874498235.3,002179,中航光电
2025-11-04,507.91,508.45,511.69,506.7,149200,522243628.16,002179,中航光电
2025-11-05,505.35,509.8,511.69,504.68,160531,562648077.26,002179,中航光电
2025-11-06,509.8,512.77,516.01,509.4,175225,618435927.91,002179,中航光电
2025-11-07,511.69,508.05,511.96,505.35,192180,670589782.99,002179,中航光电
2025-11-10,508.05,513.72,513.72,506.97,203270,714616466.36,002179,中航光电
2025-11-11,514.53,518.85,523.97,514.26,222560,794529909.87,002179,中航光电
2025-11-12,518.71,524.65,525.19,517.09,200638,722511756.99,002179,中航光电
2025-11-13,524.11,521.0,524.11,517.5,190036,679215645.13,002179,中航光电
2025-11-14,519.65,521.68,525.05,517.5,141030,507393540.46,002179,中航光电
2025-11-17,526.13,524.38,530.05,522.89,162854,590746266.79,002179,中航光电
2025-11-18,521.41,520.06,526.13,519.52,107904,386951944.32,002179,中航光电
2025-11-19,518.85,516.01,523.43,515.34,118452,423025666.14,002179,中航光电
2025-11-20,518.58,508.99,518.58,508.18,129724,455883322.82,002179,中航光电
2025-11-21,505.48,503.33,508.99,497.66,165631,572499019.83,002179,中航光电
2025-11-24,504.68,514.53,516.42,503.19,145322,509617439.02,002179,中航光电
2025-11-25,514.8,510.61,514.8,509.26,120486,422827805.38,002179,中航光电
2025-11-26,509.26,499.95,509.26,498.47,203726,702706788.34,002179,中航光电
2025-11-27,500.22,494.82,500.36,493.74,147462,502313911.19,002179,中航光电
2025-11-28,494.42,494.96,494.96,486.73,190711,640372177.26,002179,中航光电
2025-12-01,495.36,498.6,499.01,495.23,129771,443067568.29,002179,中航光电
2025-12-02,498.06,491.99,498.06,491.72,131563,446312906.88,002179,中航光电
2025-12-03,493.2,486.46,493.74,485.65,146600,489798414.65,002179,中航光电
2025-12-04,485.65,484.97,488.35,481.73,135202,448533607.5,002179,中航光电
2025-12-05,484.57,488.89,489.16,482.27,136555,454572253.57,002179,中航光电
2025-12-08,489.43,489.02,496.31,488.35,244656,825811038.32,002179,中航光电
2025-12-09,489.97,484.03,490.78,483.22,199935,665284658.54,002179,中航光电
2025-12-10,483.49,486.59,488.08,479.71,152915,507615941.66,002179,中航光电
2025-12-11,486.73,479.84,488.21,479.57,177144,585046002.86,002179,中航光电
2025-12-12,479.57,472.42,479.57,471.07,326977,1057410718.88,002179,中航光电
2025-12-15,472.69,490.24,500.36,472.42,479290,1599715146.12,002179,中航光电
2025-12-16,487.67,480.79,488.89,477.28,257014,845343756.3,002179,中航光电
2025-12-17,479.57,480.65,483.62,472.29,230589,752138712.97,002179,中航光电
2025-12-18,476.74,488.62,494.55,475.93,353098,1180594116.75,002179,中航光电
2025-12-19,488.75,497.66,500.49,488.75,329732,1122967745.02,002179,中航光电
2025-12-22,501.84,498.2,506.16,494.42,351498,1205113040.38,002179,中航光电
2025-12-23,498.2,488.08,498.2,486.86,308304,1037213958.23,002179,中航光电
2025-12-24,486.32,492.39,494.42,485.11,233734,786207151.14,002179,中航光电
2025-12-25,492.26,507.78,509.94,491.45,515920,1786613933.71,002179,中航光电
2025-12-26,509.4,506.43,511.69,501.98,467339,1623486042.26,002179,中航光电
2025-12-29,511.29,523.43,534.63,511.29,744979,2669192349.95,002179,中航光电
2025-12-30,518.58,515.47,523.03,513.04,463737,1651877002.69,002179,中航光电
2025-12-31,513.72,515.2,528.43,506.56,499690,1772155261.6,002179,中航光电
2026-01-05,523.43,519.65,528.02,513.04,664842,2375221714.43,002179,中航光电
2026-01-06,517.09,539.36,541.79,515.47,998558,3656624474.58,002179,中航光电
2026-01-07,543.0,537.33,557.58,531.8,967359,3622234134.42,002179,中航光电
2026-01-08,537.47,556.5,562.57,532.48,958758,3638821375.63,002179,中航光电
2026-01-09,560.81,561.76,581.87,556.5,1243590,4876998080.48,002179,中航光电
2026-01-12,576.33,584.57,589.83,575.39,1109640,4482077227.31,002179,中航光电
2026-01-13,602.92,552.18,602.92,549.48,1240437,4850927536.33,002179,中航光电
2026-01-14,549.34,550.83,567.7,544.08,845475,3254624624.01,002179,中航光电
2026-01-15,544.76,533.15,548.8,532.21,759583,2813145684.44,002179,中航光电
2026-01-16,538.41,534.09,538.95,529.51,459931,1692443644.58,002179,中航光电
2026-01-19,534.09,547.86,554.07,531.67,618771,2318174690.48,002179,中航光电
2026-01-20,544.35,532.74,547.72,530.18,499331,1846269236.24,002179,中航光电
2026-01-21,528.97,528.83,535.44,528.16,339749,1245271765.24,002179,中航光电
2026-01-22,528.43,533.82,537.74,528.43,351583,1294556906.16,002179,中航光电
2026-01-23,536.52,543.95,547.59,531.94,585078,2188891496.14,002179,中航光电
2026-01-26,544.22,523.57,544.22,523.03,622442,2276596212.29,002179,中航光电
2026-01-27,521.41,521.0,525.59,513.72,449831,1609446611.93,002179,中航光电
2026-01-28,525.46,511.96,526.27,511.69,433202,1535617205.15,002179,中航光电
2026-01-29,509.4,501.98,513.04,500.22,552064,1914264260.31,002179,中航光电
2026-01-30,500.9,499.68,503.6,492.66,317766,1087609044.87,002179,中航光电
2026-02-02,502.52,495.63,506.83,495.23,263209,905875135.93,002179,中航光电
2026-02-03,501.03,509.13,509.26,498.33,319323,1107483913.2,002179,中航光电
2026-02-04,506.56,509.4,512.64,505.35,254444,889715710.12,002179,中航光电
2026-02-05,507.37,506.97,513.04,505.35,178959,625104016.52,002179,中航光电
2026-02-06,503.87,504.0,507.1,501.71,165730,574335360.25,002179,中航光电
2026-02-09,508.05,506.56,509.53,504.14,265185,923321880.32,002179,中航光电
2026-02-10,502.52,503.46,504.81,496.58,266265,915461568.49,002179,中航光电
2026-02-11,500.76,499.82,506.16,498.74,225361,777212251.68,002179,中航光电
2026-02-12,499.55,502.65,504.41,498.33,185542,639185434.11,002179,中航光电
2026-02-13,502.92,499.68,506.56,498.87,258388,891056386.74,002179,中航光电
2026-02-24,502.79,507.64,509.53,501.71,258266,898599974.24,002179,中航光电
2026-02-25,508.99,512.23,513.45,506.56,255182,896092916.23,002179,中航光电
2026-02-26,514.66,520.87,523.03,508.72,408412,1453011834.07,002179,中航光电
2026-02-27,519.79,516.69,519.92,514.26,276555,983247043.14,002179,中航光电
2026-03-02,522.49,528.97,529.37,518.17,580538,2100538666.24,002179,中航光电
2026-03-03,529.51,508.32,530.32,507.78,464914,1653514447.05,002179,中航光电
2026-03-04,503.33,510.21,512.91,501.84,272126,949702149.83,002179,中航光电
2026-03-05,512.23,509.4,514.66,506.02,261249,916392501.25,002179,中航光电
2026-03-06,509.26,513.18,516.01,506.56,236542,832371021.98,002179,中航光电
2026-03-09,506.83,501.44,506.97,497.12,289736,996417538.79,002179,中航光电
2026-03-10,503.6,513.99,517.5,503.46,366021,1290438854.06,002179,中航光电
2026-03-11,526.81,540.44,545.43,517.63,1030688,3797102665.36,002179,中航光电
2026-03-12,537.33,546.78,550.56,534.63,800623,3010629498.69,002179,中航光电
2026-03-13,539.09,516.82,540.3,515.74,693047,2516402692.99,002179,中航光电
2026-03-16,516.01,514.12,519.79,507.24,340637,1200732049.81,002179,中航光电
2026-03-17,516.15,503.87,517.09,503.46,310352,1087235319.29,002179,中航光电
2026-03-18,506.29,515.07,515.88,502.52,311644,1092171721.59,002179,中航光电
2026-03-19,507.91,503.33,511.83,500.49,311312,1079959895.55,002179,中航光电
2026-03-20,503.06,489.43,504.41,488.62,325162,1104287993.35,002179,中航光电
2026-03-23,479.84,476.61,486.32,473.91,280834,920283143.71,002179,中航光电
2026-03-24,481.06,482.95,484.97,473.5,207968,681756167.13,002179,中航光电
2026-03-25,484.3,492.12,494.69,484.03,200900,675515314.88,002179,中航光电
2026-03-26,494.96,487.54,495.09,484.97,172714,579280982.48,002179,中航光电
2026-03-27,482.27,485.38,488.89,479.98,133428,443684340.89,002179,中航光电
2026-03-30,479.84,495.09,498.87,479.03,233934,783859002.34,002179,中航光电
2026-03-31,494.96,493.07,501.03,490.78,172678,586725502.41,002179,中航光电
2026-04-01,498.47,497.12,499.28,492.12,186333,633312221.62,002179,中航光电
2026-04-02,494.15,485.78,496.85,484.97,152687,512746820.92,002179,中航光电
2026-04-03,486.73,483.49,489.02,479.84,161490,534290571.91,002179,中航光电
2026-04-07,483.62,510.34,513.72,483.62,543281,1891063605.91,002179,中航光电
2026-04-08,512.37,518.71,522.22,510.48,436507,1553627643.43,002179,中航光电
2026-04-09,514.12,534.63,542.33,513.31,747316,2742451277.26,002179,中航光电
2026-04-10,533.55,534.09,541.52,527.89,601742,2218272600.18,002179,中航光电
2026-04-13,529.78,532.74,542.87,529.51,329606,1218841215.23,002179,中航光电
2026-04-14,535.31,529.64,535.71,526.94,286502,1047768733.9,002179,中航光电
2026-04-15,532.74,521.0,534.9,520.06,267602,970012584.49,002179,中航光电
2026-04-16,521.41,517.63,524.78,516.01,237349,847479384.91,002179,中航光电
2026-04-17,516.69,518.17,524.11,510.61,276183,980720471.25,002179,中航光电
2026-04-20,518.17,532.34,535.58,518.04,426389,1561445357.11,002179,中航光电
2026-04-21,533.42,528.7,533.69,525.05,239494,873069712.22,002179,中航光电
2026-04-22,525.46,528.43,528.7,522.08,236067,854645526.73,002179,中航光电
2026-04-23,528.02,520.73,532.61,516.69,250366,905146448.01,002179,中航光电
2026-04-24,520.6,512.1,528.83,511.69,314347,1122454097.77,002179,中航光电
2026-04-27,503.87,535.44,537.06,498.47,659725,2384917971.73,002179,中航光电
2026-04-28,530.86,516.55,531.53,513.58,354840,1268135898.54,002179,中航光电
2026-04-29,513.18,526.13,529.24,512.91,270610,977273048.44,002179,中航光电
2026-04-30,525.86,530.32,539.22,517.36,338828,1231750773.58,002179,中航光电
2026-05-06,533.55,538.41,543.0,530.45,485629,1801036612.95,002179,中航光电
2026-05-07,539.49,530.99,539.49,528.43,347834,1275366231.79,002179,中航光电
2026-05-08,529.64,535.17,538.01,524.11,380847,1399407988.21,002179,中航光电
2026-05-11,545.43,584.97,584.97,545.43,1098050,4429385719.4,002179,中航光电
2026-05-12,600.63,588.21,610.48,585.78,1410756,5848772195.01,002179,中航光电
2026-05-13,587.8,602.38,610.48,586.32,873659,3625241259.32,002179,中航光电
2026-05-14,610.48,581.87,614.53,581.87,570754,2360759598.95,002179,中航光电
2026-05-15,581.73,569.45,592.93,564.59,480661,1920295725.46,002179,中航光电
2026-05-18,576.87,567.83,584.57,559.87,456908,1801615824.36,002179,中航光电
2026-05-19,565.94,575.12,578.22,557.44,439767,1729094629.49,002179,中航光电
2026-05-20,572.02,596.31,602.38,572.02,676919,2800994377.62,002179,中航光电
2026-05-21,597.66,587.53,613.18,586.19,635466,2664772773.96,002179,中航光电
2026-05-22,591.18,593.88,599.82,587.53,331266,1364307610.64,002179,中航光电
