date,open,close,high,low,volume,amount,amount
2020-01-02,44.44,44.13,44.94,43.44,31895351.0,226357062.0,749852220.0
2020-01-03,44.56,45.62,48.55,44.25,49609652.0,362593242.0,749852220.0
2020-01-06,45.12,44.5,45.31,44.25,31098574.0,223338222.0,749852220.0
2020-01-07,44.44,46.12,46.18,44.44,47764891.0,349545372.0,749852220.0
2020-01-08,45.87,44.87,45.87,44.0,37283309.0,267789691.0,749852220.0
2020-01-09,45.37,46.06,46.37,44.56,53281436.0,388140721.0,749852220.0
2020-01-10,47.3,43.5,47.8,43.44,78085313.0,561364888.0,749852220.0
2020-01-13,43.44,41.95,43.44,41.08,41647175.0,280513655.0,749852220.0
2020-01-14,42.2,41.7,42.51,41.57,31146564.0,210198397.0,749852220.0
2020-01-15,41.45,41.51,42.32,40.95,28156429.0,188835420.0,749852220.0
2020-01-16,41.51,39.96,41.76,39.89,34633855.0,224963721.0,749852220.0
2020-01-17,40.14,39.46,40.33,39.4,18550432.0,118674093.0,749852220.0
2020-01-20,39.15,38.9,39.58,38.65,18494907.0,115674708.0,749852220.0
2020-01-21,35.29,35.04,36.6,35.04,41463855.0,236444998.0,749852220.0
2020-01-22,35.29,35.04,35.6,34.36,23612869.0,133188624.0,749852220.0
2020-01-23,34.79,33.8,35.16,32.74,25880833.0,141233285.0,749852220.0
2020-02-03,30.43,30.43,30.43,30.43,2043500.0,9992715.0,749852220.0
2020-02-04,27.38,28.44,29.07,27.38,32153799.0,146309610.0,749852220.0
2020-02-05,28.82,29.75,30.93,28.82,28083420.0,134656981.0,749852220.0
2020-02-06,29.94,30.0,30.25,29.44,23794082.0,114157722.0,749852220.0
2020-02-07,30.19,30.37,30.37,29.56,22588556.0,108914661.0,749852220.0
2020-02-10,30.25,30.93,30.93,30.06,16843949.0,82806844.0,749852220.0
2020-02-11,30.87,30.75,31.68,30.62,19814476.0,98630825.0,749852220.0
2020-02-12,30.75,32.18,32.86,30.56,33232159.0,170587869.0,749852220.0
2020-02-13,32.11,32.74,34.54,31.87,43310135.0,230127395.0,749852220.0
2020-02-14,32.61,32.36,33.17,32.05,27318698.0,142730002.0,749852220.0
2020-02-17,32.61,34.17,34.23,32.36,31124663.0,166830485.0,749852220.0
2020-02-18,34.23,35.91,37.09,33.48,54968221.0,313280166.0,749852220.0
2020-02-19,37.78,34.92,38.59,34.92,59494544.0,351177554.0,749852220.0
2020-02-20,35.04,36.47,37.97,35.04,50868710.0,298694540.0,749852220.0
2020-02-21,35.79,36.6,37.28,35.48,40326123.0,236526790.0,749852220.0
2020-02-24,35.91,36.41,36.72,35.54,35686911.0,207165860.0,749852220.0
2020-02-25,35.48,35.6,35.97,33.48,40374565.0,226679778.0,749852220.0
2020-02-26,34.85,34.92,36.66,34.67,26790643.0,153188849.0,749852220.0
2020-02-27,34.98,34.23,35.41,34.04,21135581.0,117636207.0,749852220.0
2020-02-28,32.86,30.93,33.3,30.81,29469426.0,151816431.0,749852220.0
2020-03-02,31.55,34.04,34.04,31.55,33281761.0,178658983.0,749852220.0
2020-03-03,34.85,33.73,35.29,33.23,31668661.0,174971658.0,749852220.0
2020-03-04,33.55,33.55,34.23,32.86,18146704.0,98020983.0,749852220.0
2020-03-05,34.23,34.85,35.35,34.17,29141391.0,163162898.0,749852220.0
2020-03-06,34.17,34.92,35.91,33.92,29696050.0,167941450.0,749852220.0
2020-03-09,34.29,32.99,34.98,32.92,23899657.0,130243976.0,749852220.0
2020-03-10,32.74,33.92,33.92,31.55,25402125.0,134413371.0,749852220.0
2020-03-11,34.54,33.48,35.66,33.3,28402738.0,157934433.0,749852220.0
2020-03-12,32.86,33.36,34.48,32.61,25077377.0,134636685.0,749852220.0
2020-03-13,31.43,33.73,34.54,30.93,35559772.0,188406656.0,749852220.0
2020-03-16,34.29,31.68,35.35,31.49,40785739.0,221823835.0,749852220.0
2020-03-17,32.43,32.36,32.74,29.94,27550063.0,139766992.0,749852220.0
2020-03-18,34.11,31.55,34.36,31.43,37089708.0,197118133.0,749852220.0
2020-03-19,31.12,31.8,32.24,30.5,25238045.0,127796359.0,749852220.0
2020-03-20,31.49,29.81,31.8,28.94,43441069.0,210438765.0,749852220.0
2020-03-23,28.69,28.38,30.12,28.26,23837089.0,111253713.0,749852220.0
2020-03-24,28.94,28.88,29.13,27.82,20401863.0,93766457.0,749852220.0
2020-03-25,28.88,29.5,29.81,28.88,16125262.0,76248467.0,749852220.0
2020-03-26,29.31,28.82,29.5,28.5,14621430.0,67994200.0,749852220.0
2020-03-27,29.07,28.19,29.38,28.07,14890424.0,68778892.0,749852220.0
2020-03-30,27.82,27.01,27.82,26.51,15937124.0,69250911.0,749852220.0
2020-03-31,27.32,26.2,27.57,26.14,11993205.0,51567009.0,743504171.0000001
2020-04-01,26.51,26.26,26.89,26.08,10534785.0,44821247.0,743504171.0000001
2020-04-02,26.02,27.01,27.14,25.83,12960910.0,55267993.0,743504171.0000001
2020-04-03,27.26,26.7,27.45,26.39,10685520.0,45955734.0,743504171.0000001
2020-04-07,27.57,29.38,29.38,27.38,17231869.0,79146057.0,743504171.0000001
2020-04-08,30.62,29.0,31.43,28.75,45368698.0,219760982.0,743504171.0000001
2020-04-09,29.13,29.07,30.06,28.75,27327829.0,129201671.0,743504171.0000001
2020-04-10,28.5,28.57,29.94,28.32,22561534.0,105119766.0,743504171.0000001
2020-04-13,28.5,28.01,28.57,27.63,12500853.0,56159214.0,743504171.0000001
2020-04-14,28.26,28.19,28.75,27.76,14968896.0,67755089.0,743504171.0000001
2020-04-15,28.63,28.38,30.31,28.19,25877773.0,120955486.0,743504171.0000001
2020-04-16,28.07,31.24,31.24,27.7,27386817.0,131942472.0,743504171.0000001
2020-04-17,34.36,32.18,34.36,31.8,101588267.0,547490059.0,743504171.0000001
2020-04-20,30.19,32.55,32.8,29.94,63086604.0,316991647.0,743504171.0000001
2020-04-21,31.8,31.43,32.43,30.5,43683941.0,219569189.0,743504171.0000001
2020-04-22,30.37,30.93,31.49,30.37,28922481.0,143903134.0,743504171.0000001
2020-04-23,31.12,30.25,31.31,29.87,26406356.0,129320505.0,743504171.0000001
2020-04-24,30.19,29.44,30.75,29.31,18308860.0,88356341.0,743504171.0000001
2020-04-27,29.56,29.94,30.81,29.13,19406192.0,93893582.0,743504171.0000001
2020-04-28,29.19,27.51,29.63,26.95,29664365.0,132992883.0,743504171.0000001
2020-04-29,27.45,27.01,28.01,26.89,13600181.0,59644076.0,743504171.0000001
2020-04-30,27.38,28.13,28.19,27.14,15588923.0,69722798.0,743504171.0000001
2020-05-06,27.82,28.57,28.57,27.45,14373948.0,65051822.0,743504171.0000001
2020-05-07,28.75,28.01,28.75,27.88,11311600.0,51347161.0,743504171.0000001
2020-05-08,28.13,28.75,29.31,28.13,17815049.0,82373783.0,743504171.0000001
2020-05-11,28.57,28.38,29.13,28.01,12434072.0,56906447.0,743504171.0000001
2020-05-12,28.32,28.5,28.75,27.82,10123539.0,46147102.0,743504171.0000001
2020-05-13,28.44,29.63,30.0,28.19,24454051.0,115404885.0,743504171.0000001
2020-05-14,29.19,29.75,30.37,29.0,19947793.0,95795082.0,743504171.0000001
2020-05-15,29.69,30.81,31.31,29.5,28167416.0,138871722.0,743504171.0000001
2020-05-18,31.31,30.19,31.68,30.06,17920532.0,88082146.0,743504171.0000001
2020-05-19,30.75,30.5,31.06,30.37,13317179.0,65460992.0,743504171.0000001
2020-05-20,30.5,31.43,31.43,29.81,18314350.0,90822666.0,743504171.0000001
2020-05-21,31.49,32.24,32.99,30.99,33162981.0,170917214.0,743504171.0000001
2020-05-22,32.24,31.8,32.86,31.68,25741722.0,133900252.0,743504171.0000001
2020-05-25,32.05,31.18,32.49,30.81,15344119.0,77785409.0,743504171.0000001
2020-05-26,31.12,31.06,31.55,30.56,19841080.0,98843642.0,743504171.0000001
2020-05-27,31.06,30.81,31.31,30.06,15207008.0,74575097.0,743504171.0000001
2020-05-28,30.68,30.19,30.99,28.38,23244873.0,110841026.0,743504171.0000001
2020-05-29,30.0,29.19,30.31,29.0,13146486.0,62686726.0,743504171.0000001
2020-06-01,29.13,30.37,31.62,29.13,21902238.0,106791405.0,743504171.0000001
2020-06-02,30.56,30.81,30.81,30.12,13344045.0,65342519.0,743504171.0000001
2020-06-03,30.81,30.81,31.18,30.12,14050898.0,68717229.0,743504171.0000001
2020-06-04,30.68,29.56,30.75,29.19,16729745.0,80303237.0,743504171.0000001
2020-06-05,29.63,28.75,29.69,28.44,16031496.0,74223583.0,743504171.0000001
2020-06-08,29.0,28.75,29.13,28.44,11304990.0,52209491.0,743504171.0000001
2020-06-09,28.94,28.69,29.13,28.57,7815521.0,36146819.0,743504171.0000001
2020-06-10,28.69,28.57,28.94,28.19,13846539.0,63667451.0,743504171.0000001
2020-06-11,28.63,28.69,29.38,28.07,13167488.0,61224784.0,743504171.0000001
2020-06-12,28.13,29.69,30.12,27.94,30289587.0,142696971.0,743504171.0000001
2020-06-15,29.5,29.69,30.0,28.88,23712646.0,112348440.0,743504171.0000001
2020-06-16,30.0,29.75,30.0,28.88,34793232.0,163121153.0,743504171.0000001
2020-06-17,29.69,28.75,29.69,28.5,21401406.0,99513586.0,743504171.0000001
2020-06-18,28.63,28.32,28.63,28.13,12536523.0,57103875.0,743504171.0000001
2020-06-19,28.38,28.38,28.69,28.01,11998966.0,54649888.0,743504171.0000001
2020-06-22,28.32,27.7,28.5,27.63,14935554.0,67127261.0,743504171.0000001
2020-06-23,27.7,27.01,27.7,27.01,12208099.0,53269240.0,743504171.0000001
2020-06-24,26.95,27.14,27.26,26.89,7731480.0,33670558.0,743504171.0000001
2020-06-29,27.07,27.2,27.7,26.95,7343956.0,32296614.0,743504171.0000001
2020-06-30,27.38,27.38,27.51,27.07,7763701.0,34095424.0,788953036.0
2020-07-01,27.45,27.38,27.51,27.2,7020497.0,30795710.0,788953036.0
2020-07-02,27.32,27.63,27.7,27.26,8719488.0,38577537.0,788953036.0
2020-07-03,27.76,28.01,28.07,27.63,10021964.0,44820256.0,788953036.0
2020-07-06,28.13,28.82,28.94,28.07,18215527.0,83716354.0,788953036.0
2020-07-07,28.94,28.94,29.44,28.57,20506991.0,95767059.0,788953036.0
2020-07-08,29.0,29.44,29.69,28.63,19623006.0,92050392.0,788953036.0
2020-07-09,29.25,30.19,30.19,29.07,26487574.0,126507212.0,788953036.0
2020-07-10,29.87,29.25,30.12,29.25,17927196.0,85448409.0,788953036.0
2020-07-13,29.56,30.31,30.31,29.25,21047114.0,100976890.0,788953036.0
2020-07-14,30.93,29.87,30.93,29.19,28161503.0,135560016.0,788953036.0
2020-07-15,30.12,28.82,30.12,28.82,16217626.0,76472532.0,788953036.0
2020-07-16,28.63,27.45,29.07,27.26,15571110.0,70722719.0,788953036.0
2020-07-17,27.38,27.38,28.13,27.07,12292646.0,53996381.0,788953036.0
2020-07-20,27.63,28.26,28.32,27.45,18447991.0,83019632.0,788953036.0
2020-07-21,28.63,29.31,30.19,28.57,25008270.0,117775799.0,788953036.0
2020-07-22,29.13,29.5,30.12,28.88,23432254.0,111521996.0,788953036.0
2020-07-23,29.44,30.0,30.31,28.63,21859120.0,103495810.0,788953036.0
2020-07-24,30.12,29.13,30.81,28.94,20654015.0,98664894.0,788953036.0
2020-07-27,30.0,31.49,32.05,29.38,61128185.0,307046430.0,788953036.0
2020-07-28,31.12,32.05,32.43,30.19,61603983.0,308877492.0,788953036.0
2020-07-29,31.49,32.24,32.67,31.18,36859280.0,189985251.0,788953036.0
2020-07-30,32.3,31.99,33.23,31.8,25606000.0,132524574.0,788953036.0
2020-07-31,31.68,31.87,32.11,31.06,22548530.0,114479200.0,788953036.0
2020-08-03,32.3,32.55,32.8,31.93,18809985.0,98143921.0,788953036.0
2020-08-04,32.67,32.43,33.17,32.18,20713840.0,108924607.0,788953036.0
2020-08-05,32.8,32.99,33.61,32.24,19314900.0,102148977.0,788953036.0
2020-08-06,33.17,33.3,33.73,32.49,16856374.0,89741811.0,788953036.0
2020-08-07,33.11,32.74,33.8,32.05,17532312.0,92420125.0,788953036.0
2020-08-10,32.86,33.48,34.85,32.36,14822313.0,80196642.0,788953036.0
2020-08-11,33.61,32.05,33.8,31.93,15322720.0,80795475.0,788953036.0
2020-08-12,32.05,32.43,32.67,31.55,15057719.0,77585296.0,788953036.0
2020-08-13,32.8,34.48,34.85,32.49,29211582.0,159917254.0,788953036.0
2020-08-14,34.29,33.92,34.48,33.61,12480533.0,68092808.0,788953036.0
2020-08-17,34.17,33.48,34.23,33.17,16598714.0,89319913.0,788953036.0
2020-08-18,33.67,34.36,35.16,33.55,22424624.0,124176143.0,788953036.0
2020-08-19,33.92,32.67,34.11,32.67,18542405.0,98554177.0,788953036.0
2020-08-20,32.43,32.11,33.11,31.93,9976081.0,52084733.0,788953036.0
2020-08-21,32.18,31.55,32.61,31.24,10491760.0,53642842.0,788953036.0
2020-08-24,32.36,32.43,32.92,31.31,10641593.0,55268200.0,788953036.0
2020-08-25,32.36,34.73,35.04,32.05,30523334.0,166446762.0,788953036.0
2020-08-26,34.6,35.41,37.47,34.42,45261258.0,263423619.0,788953036.0
2020-08-27,36.28,36.47,36.72,34.54,30941931.0,177530101.0,788953036.0
2020-08-28,35.6,35.04,35.72,33.8,29653209.0,166049827.0,788953036.0
2020-08-31,35.41,34.54,37.22,34.54,23232761.0,133685976.0,788953036.0
2020-09-01,34.36,36.28,36.66,34.11,25000867.0,142401429.0,788953036.0
2020-09-02,36.47,37.78,38.59,35.66,40189146.0,241375470.0,788953036.0
2020-09-03,37.84,37.72,38.34,36.97,30030657.0,181356421.0,788953036.0
2020-09-04,36.66,39.09,40.45,36.41,39240756.0,242611255.0,788953036.0
2020-09-07,39.09,39.71,41.08,38.59,43965748.0,282370880.0,788953036.0
2020-09-08,38.84,42.13,42.76,38.46,44161748.0,287212722.0,788953036.0
2020-09-09,41.14,38.03,42.26,35.23,41006488.0,266332878.0,788953036.0
2020-09-10,38.15,33.05,38.34,32.43,34531237.0,195293046.0,788953036.0
2020-09-11,33.3,35.48,37.97,33.23,34574595.0,198375631.0,788953036.0
2020-09-14,35.48,39.71,39.96,34.54,45153896.0,275323110.0,788953036.0
2020-09-15,39.77,38.09,40.52,38.03,37046134.0,233475121.0,788953036.0
2020-09-16,39.21,37.22,39.33,36.16,22488430.0,134884615.0,788953036.0
2020-09-17,36.84,37.9,39.21,36.47,20193306.0,123748376.0,788953036.0
2020-09-18,37.9,37.34,38.21,36.72,16634037.0,99911635.0,788953036.0
2020-09-21,37.65,37.84,40.14,37.22,19218858.0,117472632.0,788953036.0
2020-09-22,36.72,36.41,37.22,35.79,14394840.0,84536819.0,788953036.0
2020-09-23,36.53,36.16,36.78,35.97,9316627.0,54359020.0,788953036.0
2020-09-24,35.91,34.98,36.47,34.42,12154801.0,68558606.0,788953036.0
2020-09-25,34.73,37.53,37.9,34.36,26244246.0,154241747.0,788953036.0
2020-09-28,37.22,37.84,38.53,36.53,26313797.0,159541226.0,788953036.0
2020-09-29,38.46,37.97,38.59,37.28,14917690.0,91025256.0,788953036.0
2020-09-30,37.78,38.34,38.96,37.34,20047927.0,123051878.0,795301085.0
2020-10-09,39.52,40.02,40.58,38.28,26389490.0,167033382.0,795301085.0
2020-10-12,41.26,41.57,44.0,40.95,52395942.0,354634049.0,795301085.0
2020-10-13,41.08,42.51,43.26,40.52,41182971.0,279385060.0,795301085.0
2020-10-14,42.01,42.51,43.44,41.39,27616653.0,187668534.0,795301085.0
2020-10-15,42.32,41.14,42.51,40.7,20160771.0,134432533.0,795301085.0
2020-10-16,41.64,40.95,41.95,40.21,15452970.0,101406898.0,795301085.0
2020-10-19,41.2,40.83,42.32,40.58,17435792.0,115833006.0,795301085.0
2020-10-20,40.83,41.7,42.2,39.89,15707706.0,104511079.0,795301085.0
2020-10-21,41.95,42.7,43.13,41.39,26095966.0,178232100.0,795301085.0
2020-10-22,42.01,41.82,42.38,41.2,16545323.0,110843636.0,795301085.0
2020-10-23,41.89,41.95,43.57,41.2,14001755.0,95279501.0,795301085.0
2020-10-26,42.32,43.82,45.43,41.64,37676363.0,262401919.0,795301085.0
2020-10-27,44.56,38.53,44.62,37.47,68924366.0,448613281.0,795301085.0
2020-10-28,37.34,42.76,42.94,36.84,68780347.0,443889914.0,795301085.0
2020-10-29,41.7,39.83,42.63,39.21,36443193.0,236930210.0,795301085.0
2020-10-30,39.65,39.77,42.45,39.33,27354718.0,179978216.0,795301085.0
2020-11-02,39.71,40.02,41.01,39.21,18754010.0,120415334.0,795301085.0
2020-11-03,40.27,38.9,40.33,38.28,22808090.0,142928888.0,795301085.0
2020-11-04,38.84,38.21,39.27,37.72,16633016.0,102481632.0,795301085.0
2020-11-05,38.53,41.7,43.19,38.34,51734994.0,345900418.0,795301085.0
2020-11-06,41.7,39.71,41.7,38.71,32830792.0,210489255.0,795301085.0
2020-11-09,40.14,39.77,40.77,39.52,20949030.0,134878072.0,795301085.0
2020-11-10,39.89,38.96,40.08,38.46,14365300.0,89861530.0,795301085.0
2020-11-11,38.96,38.53,40.14,38.03,14251426.0,89063323.0,795301085.0
2020-11-12,38.46,38.34,38.96,37.47,12801369.0,78746405.0,795301085.0
2020-11-13,38.53,38.34,39.09,37.78,10316437.0,63526845.0,795301085.0
2020-11-16,38.59,37.84,38.96,36.72,14793007.0,89273803.0,795301085.0
2020-11-17,37.84,37.4,37.84,36.78,7062235.0,42318581.0,795301085.0
2020-11-18,37.4,36.72,37.9,36.6,10444033.0,62315755.0,795301085.0
2020-11-19,36.6,36.41,36.97,35.97,7991451.0,46808635.0,795301085.0
2020-11-20,36.35,37.59,38.15,35.91,12884627.0,76825775.0,795301085.0
2020-11-23,37.4,36.78,37.53,36.35,10697565.0,63238969.0,795301085.0
2020-11-24,37.97,37.03,38.53,36.91,12489693.0,75391341.0,795301085.0
2020-11-25,37.34,36.47,37.72,36.41,11259333.0,66799341.0,795301085.0
2020-11-26,36.66,37.34,37.9,35.91,17707949.0,105614860.0,795301085.0
2020-11-27,37.22,36.53,37.47,36.22,11160672.0,65831281.0,795301085.0
2020-11-30,36.47,35.16,36.72,35.04,12945500.0,74685979.0,795301085.0
2020-12-01,34.17,37.03,37.65,34.17,25501125.0,150375739.0,795301085.0
2020-12-02,38.03,36.6,38.28,36.53,14120314.0,84337038.0,795301085.0
2020-12-03,36.53,36.04,37.09,35.79,6986140.0,40645016.0,795301085.0
2020-12-04,35.85,34.92,36.04,34.85,9496806.0,53968366.0,795301085.0
2020-12-07,35.6,34.36,35.72,33.61,15113605.0,84093700.0,795301085.0
2020-12-08,34.23,34.54,34.98,34.11,8401602.0,46687398.0,795301085.0
2020-12-09,34.85,33.92,34.85,33.8,7845513.0,42991905.0,795301085.0
2020-12-10,33.55,33.67,34.6,33.11,8812806.0,47882533.0,795301085.0
2020-12-11,33.92,32.8,34.04,32.3,9887015.0,52239725.0,795301085.0
2020-12-14,32.99,33.17,34.29,32.61,7969973.0,42779253.0,795301085.0
2020-12-15,33.17,32.86,33.61,32.61,6288212.0,33308023.0,795301085.0
2020-12-16,32.8,32.11,32.86,32.05,6949831.0,36201759.0,795301085.0
2020-12-17,32.18,32.36,32.67,31.18,7536749.0,38661528.0,788953036.0
2020-12-18,32.43,31.93,33.11,31.68,6554044.0,33931298.0,788953036.0
2020-12-21,31.8,32.86,33.67,31.8,8955501.0,47452507.0,788953036.0
2020-12-22,32.86,32.43,33.8,32.18,6861733.0,36212847.0,788953036.0
2020-12-23,32.36,32.86,33.17,32.18,11462657.0,60519463.0,788953036.0
2020-12-24,32.86,32.55,33.23,32.18,7074085.0,37071839.0,788953036.0
2020-12-25,32.67,32.86,33.11,32.3,5848208.0,30766666.0,788953036.0
2020-12-28,32.92,32.11,33.42,32.11,6588604.0,34457855.0,788953036.0
2020-12-29,32.24,32.24,33.11,31.74,9082275.0,47393106.0,788953036.0
2020-12-30,32.24,31.55,32.43,31.55,11359471.0,58378102.0,788953036.0
2020-12-31,31.8,31.8,32.11,31.37,5724438.0,29114625.0,788953036.0
2021-01-04,31.74,31.8,32.18,31.68,6466954.0,33093319.0,788953036.0
2021-01-05,31.74,30.68,31.8,30.31,10337647.0,51329875.0,788953036.0
2021-01-06,30.68,29.31,30.87,28.94,12637418.0,59974554.0,788953036.0
2021-01-07,29.25,28.19,29.5,27.38,11465780.0,51848209.0,788953036.0
2021-01-08,28.13,28.44,29.0,26.89,9741641.0,43929979.0,788953036.0
2021-01-11,28.32,27.26,28.57,26.89,11013898.0,48769058.0,788953036.0
2021-01-12,27.51,27.63,28.13,26.64,6246188.0,27805400.0,788953036.0
2021-01-13,28.13,27.63,28.13,27.2,5512406.0,24342838.0,788953036.0
2021-01-14,27.57,29.56,30.06,27.2,12360034.0,57215627.0,788953036.0
2021-01-15,29.13,30.31,30.75,29.13,9430520.0,45495658.0,788953036.0
2021-01-18,30.43,30.43,30.93,30.06,6876058.0,33663872.0,788953036.0
2021-01-19,30.62,31.37,31.74,30.25,10202838.0,50821101.0,788953036.0
2021-01-20,31.68,31.93,31.93,30.68,10299496.0,51882202.0,788953036.0
2021-01-21,31.99,33.67,34.73,31.43,19661379.0,104544645.0,788953036.0
2021-01-22,34.23,32.55,34.23,31.99,14996354.0,79588261.0,788953036.0
2021-01-25,34.04,30.75,34.04,30.5,15274317.0,77361178.0,788953036.0
2021-01-26,30.81,29.94,32.05,29.75,11405493.0,56274348.0,788953036.0
2021-01-27,30.25,28.88,30.37,28.69,9099133.0,42846955.0,788953036.0
2021-01-28,28.01,28.88,29.44,28.01,6306183.0,29236849.0,788953036.0
2021-01-29,28.82,28.94,29.5,28.38,5722027.0,26513886.0,788953036.0
2021-02-01,28.94,28.88,29.44,28.44,4695623.0,21776271.0,788953036.0
2021-02-02,28.57,28.44,29.13,28.19,4912192.0,22560147.0,788953036.0
2021-02-03,28.69,27.63,29.0,27.14,8333567.0,37361432.0,788953036.0
2021-02-04,27.57,28.13,28.57,27.38,5212397.0,23353719.0,788953036.0
2021-02-05,28.01,28.44,28.88,28.01,5212430.0,23854404.0,788953036.0
2021-02-08,28.32,28.13,29.38,27.94,6832699.0,31532863.0,788953036.0
2021-02-09,28.38,27.88,28.38,27.82,4982794.0,22401561.0,788953036.0
2021-02-10,27.88,28.63,28.82,27.45,6286487.0,28212969.0,788953036.0
2021-02-18,28.5,29.94,30.43,28.44,9775038.0,46503618.0,788953036.0
2021-02-19,29.5,30.25,30.25,29.38,6923772.0,33330596.0,788953036.0
2021-02-22,30.06,30.0,31.12,30.0,8582147.0,42215761.0,788953036.0
2021-02-23,29.94,29.38,30.87,29.31,6124120.0,29303980.0,788953036.0
2021-02-24,29.38,29.44,29.87,29.19,4843997.0,22950566.0,788953036.0
2021-02-25,29.5,29.13,29.75,29.13,5133427.0,24228266.0,788953036.0
2021-02-26,29.13,29.94,30.25,28.82,6810239.0,32521323.0,788953036.0
2021-03-01,30.56,31.68,31.68,30.19,12270539.0,61499114.0,788953036.0
2021-03-02,31.8,33.36,33.55,31.8,20283508.0,107583569.0,788953036.0
2021-03-03,32.99,34.36,34.54,32.74,17377759.0,94948522.0,788953036.0
2021-03-04,33.8,34.36,34.79,33.73,14440407.0,79609845.0,788953036.0
2021-03-05,34.54,37.22,37.78,34.54,32910498.0,194550822.0,788953036.0
2021-03-08,37.22,35.6,37.65,34.79,25213782.0,145500579.0,788953036.0
2021-03-09,35.23,35.29,35.97,33.8,14671098.0,82752376.0,788953036.0
2021-03-10,35.85,33.67,35.85,33.61,10582104.0,58448898.0,788953036.0
2021-03-11,33.92,32.61,33.98,31.43,18607896.0,96777290.0,788953036.0
2021-03-12,32.99,32.43,34.04,32.24,10836466.0,57075112.0,788953036.0
2021-03-15,32.18,32.49,33.05,31.93,8297738.0,42958429.0,822226755.0
2021-03-16,32.24,34.67,35.04,32.11,17277281.0,94718157.0,822226755.0
2021-03-17,34.6,33.55,34.92,33.36,9073308.0,49405798.0,822226755.0
2021-03-18,33.23,33.3,34.11,32.92,6624700.0,35508431.0,822226755.0
2021-03-19,32.92,32.99,34.04,32.74,5738104.0,30788772.0,822226755.0
2021-03-22,32.67,32.92,33.73,32.67,5625603.0,29970757.0,822226755.0
2021-03-23,32.86,32.11,32.86,31.87,6194541.0,32026175.0,822226755.0
2021-03-24,31.87,31.68,32.67,31.55,7148223.0,36778432.0,822226755.0
2021-03-25,31.74,32.11,33.17,31.43,7237492.0,37443870.0,822226755.0
2021-03-26,32.11,32.92,33.48,31.93,7825697.0,41391564.0,822226755.0
2021-03-29,33.17,33.61,34.36,32.99,9325908.0,50563818.0,822226755.0
2021-03-30,33.55,32.43,33.8,32.3,7779711.0,40743619.0,822226755.0
2021-03-31,32.67,32.74,32.92,31.93,5070069.0,26399878.0,822226755.0
2021-04-01,32.8,33.11,33.42,32.18,4255599.0,22342821.0,822226755.0
2021-04-02,33.11,32.3,33.23,32.24,4811352.0,25222713.0,822226755.0
2021-04-06,32.36,32.3,32.61,32.18,4690926.0,24382172.0,822226755.0
2021-04-07,32.55,33.92,34.42,32.05,14606702.0,79058227.0,822226755.0
2021-04-08,33.55,32.92,34.04,32.92,10158154.0,54458635.0,822226755.0
2021-04-09,32.74,32.43,33.3,32.3,5374126.0,28198978.0,822226755.0
2021-04-12,32.61,32.05,32.67,31.8,5875166.0,30288700.0,822226755.0
2021-04-13,32.18,32.24,32.36,31.43,5959650.0,30402992.0,822226755.0
2021-04-14,32.24,32.36,32.92,31.68,6614789.0,34302089.0,822226755.0
2021-04-15,31.99,32.3,33.11,31.87,5824067.0,30485272.0,822226755.0
2021-04-16,32.36,32.74,33.05,32.24,8091880.0,42538368.0,822226755.0
2021-04-19,32.99,33.36,33.92,32.36,16512133.0,88107953.0,822226755.0
2021-04-20,33.23,33.36,34.17,33.23,13394802.0,72479950.0,822226755.0
2021-04-21,33.36,33.61,33.92,33.17,9101890.0,49014391.0,822226755.0
2021-04-22,33.55,32.49,33.86,31.12,15422685.0,80872918.0,822226755.0
2021-04-23,32.67,33.23,33.3,32.18,9069136.0,47893294.0,822226755.0
2021-04-26,34.54,34.17,35.35,33.17,19262368.0,106448160.0,822226755.0
2021-04-27,34.42,35.1,35.29,33.73,17722225.0,98503904.0,822226755.0
2021-04-28,34.79,35.79,36.1,34.42,14499680.0,83117002.0,822226755.0
2021-04-29,35.6,35.16,36.1,35.04,12103485.0,68908772.0,822226755.0
2021-04-30,35.1,35.16,35.85,34.48,9572679.0,53857567.0,822226755.0
2021-05-06,35.35,34.67,35.41,34.36,7065866.0,39416616.0,822226755.0
2021-05-07,34.6,34.67,35.29,34.36,7236541.0,40464003.0,822226755.0
2021-05-10,34.85,35.1,35.35,34.36,6776267.0,38094709.0,822226755.0
2021-05-11,35.23,34.42,35.6,34.29,7925464.0,44385148.0,822226755.0
2021-05-12,34.29,34.67,34.73,33.8,5775256.0,31836952.0,822226755.0
2021-05-13,34.73,34.67,35.48,34.29,7592789.0,42513405.0,822226755.0
2021-05-14,35.1,34.36,35.16,33.61,8689978.0,48228500.0,822226755.0
2021-05-17,34.29,32.11,34.36,31.49,21961133.0,114942827.0,822226755.0
2021-05-18,32.05,31.06,32.49,30.87,12466541.0,62988488.0,822226755.0
2021-05-19,31.43,31.87,32.67,31.37,8796211.0,45165014.0,822226755.0
2021-05-20,32.18,33.92,35.35,31.74,25378597.0,136573527.0,822226755.0
2021-05-21,34.23,34.42,35.41,34.11,17494719.0,97357582.0,822226755.0
2021-05-24,34.29,36.28,36.6,34.29,31018854.0,179383330.0,822226755.0
2021-05-25,36.47,36.28,37.59,36.1,22246374.0,130894405.0,822226755.0
2021-05-26,36.28,36.04,36.78,35.91,13826596.0,80651662.0,822226755.0
2021-05-27,36.35,36.66,36.84,35.97,12705814.0,74466290.0,822226755.0
2021-05-28,36.53,36.47,36.91,35.85,10558887.0,61816032.0,822226755.0
2021-05-31,36.53,38.46,38.77,36.28,19139613.0,116302530.0,822226755.0
2021-06-01,38.71,39.09,40.14,38.46,15080128.0,94800998.0,822226755.0
2021-06-02,39.21,37.72,39.89,37.72,12549562.0,77339239.0,822226755.0
2021-06-03,38.96,37.03,38.96,36.66,12414547.0,74987571.0,822226755.0
2021-06-04,37.16,36.84,37.9,36.6,7839457.0,46712908.0,822226755.0
2021-06-07,36.84,37.53,38.21,36.1,11734059.0,70431038.0,822226755.0
2021-06-08,37.97,36.78,38.03,36.66,7265087.0,43379054.0,822226755.0
2021-06-09,36.6,36.04,36.97,35.66,9328537.0,54108961.0,822226755.0
2021-06-10,36.04,37.09,37.59,35.91,10955975.0,64850862.0,822226755.0
2021-06-11,36.72,36.84,37.78,36.6,11826288.0,70463244.0,822226755.0
2021-06-15,37.03,37.28,38.15,36.16,11559538.0,69007814.0,822226755.0
2021-06-16,37.22,35.35,37.22,35.29,12723884.0,73628738.0,822226755.0
2021-06-17,35.16,35.16,35.85,34.29,11340161.0,63929898.0,822226755.0
2021-06-18,35.23,35.72,36.28,34.79,6981859.0,39940295.0,822226755.0
2021-06-21,35.72,37.72,37.9,35.29,14704498.0,88093047.0,822226755.0
2021-06-22,37.78,37.34,38.03,37.22,10259037.0,61912565.0,822226755.0
2021-06-23,37.47,36.91,37.9,36.6,9588946.0,57010199.0,822226755.0
2021-06-24,36.72,36.66,37.53,36.16,14370076.0,85390709.0,822226755.0
2021-06-25,36.72,36.6,36.91,35.97,10556991.0,61781291.0,822226755.0
2021-06-28,36.72,37.22,37.84,36.6,15895140.0,95258737.0,822226755.0
2021-06-29,37.22,36.28,37.22,35.79,9833693.0,57582004.0,822226755.0
2021-06-30,36.28,37.34,37.72,35.1,22612392.0,132858753.0,822226755.0
2021-07-01,37.22,37.09,37.59,36.16,17021456.0,101159031.0,822226755.0
2021-07-02,36.91,38.84,40.02,36.22,60700592.0,375559163.0,822226755.0
2021-07-05,39.58,39.21,39.65,38.34,38227619.0,238950457.0,822226755.0
2021-07-06,39.21,39.02,40.45,38.09,38353830.0,241747300.0,822226755.0
2021-07-07,38.77,40.58,40.7,38.15,46924716.0,298884943.0,822226755.0
2021-07-08,40.39,38.9,40.39,38.84,32668743.0,207670019.0,822226755.0
2021-07-09,38.9,41.08,41.2,38.9,41512960.0,268416491.0,822226755.0
2021-07-12,41.39,41.33,42.2,40.83,35963029.0,239234731.0,822226755.0
2021-07-13,41.33,42.57,43.13,40.95,30571638.0,206301949.0,822226755.0
2021-07-14,42.57,42.13,43.57,41.82,30288208.0,206719099.0,822226755.0
2021-07-15,42.13,41.64,42.82,40.83,25045472.0,168285717.0,822226755.0
2021-07-16,41.39,41.7,42.2,41.08,23803433.0,158935175.0,822226755.0
2021-07-19,41.39,40.95,41.51,40.45,16926913.0,111229971.0,822226755.0
2021-07-20,41.26,40.45,41.26,39.77,17972180.0,116453783.0,822226755.0
2021-07-21,40.58,42.01,42.26,40.14,31776461.0,210394287.0,822226755.0
2021-07-22,41.82,41.26,44.06,41.08,30477434.0,205869084.0,822226755.0
2021-07-23,41.64,40.58,41.82,39.96,26540321.0,174165927.0,822226755.0
2021-07-26,40.77,40.77,41.76,40.02,29108466.0,190596883.0,822226755.0
2021-07-27,40.95,38.84,41.51,38.28,28043722.0,180168064.0,822226755.0
2021-07-28,38.59,36.84,38.9,36.28,16556610.0,99514624.0,822226755.0
2021-07-29,37.53,40.52,41.01,37.03,29750107.0,188464578.0,822226755.0
2021-07-30,40.45,42.32,42.76,40.45,44265129.0,298475094.0,822226755.0
2021-08-02,42.7,42.32,43.44,41.64,44404911.0,303792853.0,822226755.0
2021-08-03,42.88,41.7,43.44,41.33,42080779.0,286584137.0,822226755.0
2021-08-04,41.76,43.63,43.75,41.08,52390505.0,362767375.0,822226755.0
2021-08-05,43.07,43.32,43.69,42.7,32805102.0,227503407.0,822226755.0
2021-08-06,44.0,44.0,45.43,43.38,45004613.0,321829733.0,822226755.0
2021-08-09,43.88,43.26,44.94,42.94,39366148.0,276141066.0,822226755.0
2021-08-10,43.57,47.49,50.79,42.7,114963632.0,869413143.0,822226755.0
2021-08-11,50.41,52.9,54.58,47.43,214707235.0,1747118817.0,822226755.0
2021-08-12,51.03,56.01,61.62,49.98,221320426.0,1998556027.0,822226755.0
2021-08-13,54.15,56.33,60.06,53.59,156963867.0,1421794768.0,822226755.0
2021-08-16,54.77,60.87,61.3,53.21,162498099.0,1486924536.0,822226755.0
2021-08-17,59.06,54.77,60.06,52.96,135389097.0,1227559431.0,822226755.0
2021-08-18,55.02,52.72,55.89,51.35,94758306.0,810215898.0,822226755.0
2021-08-19,51.97,50.29,52.65,49.73,72736954.0,594400496.0,822226755.0
2021-08-20,50.16,47.11,50.91,45.37,105737244.0,809002472.0,822226755.0
2021-08-23,47.18,48.79,49.91,46.18,94867608.0,731686340.0,822226755.0
2021-08-24,48.42,49.79,50.97,46.68,92622934.0,731961581.0,822226755.0
2021-08-25,50.91,50.54,51.97,49.42,81015836.0,660330816.0,822226755.0
2021-08-26,50.47,54.89,59.13,49.91,129181729.0,1137632250.0,822226755.0
2021-08-27,53.28,49.29,54.52,49.17,104434849.0,850862763.0,822226755.0
2021-08-30,49.17,51.1,53.21,48.79,97113294.0,807077866.0,822226755.0
2021-08-31,51.72,53.15,54.46,49.79,96011736.0,816185758.0,822226755.0
2021-09-01,53.46,48.86,53.77,47.8,78297493.0,628205336.0,822226755.0
2021-09-02,48.86,52.59,54.15,47.67,77675332.0,641408474.0,822226755.0
2021-09-03,52.59,52.9,56.82,51.78,83970065.0,729141791.0,822226755.0
2021-09-06,53.9,51.03,54.77,49.91,55934226.0,460277017.0,822226755.0
2021-09-07,50.6,54.27,54.89,50.16,86182378.0,728772251.0,822226755.0
2021-09-08,53.96,53.96,56.08,53.15,77158473.0,675566991.0,822226755.0
2021-09-09,53.65,52.28,54.46,51.72,54977930.0,465466386.0,822226755.0
2021-09-10,52.47,53.46,55.14,52.47,68945374.0,595836475.0,822226755.0
2021-09-13,53.65,56.64,57.2,51.03,107583218.0,946202304.0,822226755.0
2021-09-14,55.95,56.82,59.31,55.02,86877803.0,799072933.0,822226755.0
2021-09-15,56.51,60.18,60.87,55.95,91593068.0,871282580.0,822226755.0
2021-09-16,59.5,55.02,59.69,54.77,78882537.0,722141601.0,822226755.0
2021-09-17,55.52,53.15,55.83,52.34,53942114.0,467068376.0,822226755.0
2021-09-22,51.66,54.46,54.77,50.47,42903747.0,366050533.0,822226755.0
2021-09-23,54.15,52.16,55.14,52.03,44172012.0,378600336.0,822226755.0
2021-09-24,52.09,51.91,52.96,51.03,31022391.0,259023929.0,822226755.0
2021-09-27,52.72,47.8,53.03,45.31,51343867.0,401270412.0,822226755.0
2021-09-28,47.55,46.37,48.36,46.12,26532140.0,201820789.0,822226755.0
2021-09-29,46.62,44.13,47.86,44.06,31418744.0,232092465.0,822226755.0
2021-09-30,45.12,48.55,49.29,45.06,47661839.0,361829799.0,822226755.0
2021-10-08,50.04,49.98,52.16,48.61,39189466.0,313444563.0,822226755.0
2021-10-11,49.67,47.74,49.91,47.18,26617542.0,205858885.0,822226755.0
2021-10-12,47.43,45.06,48.17,44.19,31976400.0,234310912.0,822226755.0
2021-10-13,45.37,44.44,45.43,42.94,24040899.0,169912546.0,822226755.0
2021-10-14,44.44,45.62,47.3,43.32,33098211.0,242225472.0,822226755.0
2021-10-15,45.25,44.06,45.81,43.94,19708771.0,141748464.0,822226755.0
2021-10-18,44.06,45.93,46.87,44.0,29522329.0,217785967.0,822226755.0
2021-10-19,46.74,46.18,48.11,46.12,27289704.0,206210531.0,822226755.0
2021-10-20,45.56,48.11,48.48,45.56,32443961.0,247722711.0,822226755.0
2021-10-21,47.67,50.85,51.41,47.11,50860257.0,409579257.0,822226755.0
2021-10-22,50.47,49.17,50.79,49.11,27185576.0,218135403.0,822226755.0
2021-10-25,50.04,52.16,53.28,49.98,48643654.0,405322261.0,822226755.0
2021-10-26,53.28,54.08,56.01,52.72,70887875.0,618269027.0,822226755.0
2021-10-27,52.9,53.21,55.64,51.66,45764813.0,393727026.0,822226755.0
2021-10-28,53.21,50.91,53.21,49.29,42401028.0,347929748.0,822226755.0
2021-10-29,51.28,50.04,51.97,47.74,38722181.0,307986135.0,822226755.0
2021-11-01,49.48,52.09,52.16,48.61,47289815.0,384118583.0,822226755.0
2021-11-02,51.16,49.91,52.22,48.86,36440748.0,294833219.0,822226755.0
2021-11-03,49.79,49.48,50.29,48.05,25869215.0,203311370.0,822226755.0
2021-11-04,49.11,50.54,51.16,48.98,27420861.0,221890480.0,822226755.0
2021-11-05,50.41,46.68,50.47,46.62,40162819.0,311093601.0,822226755.0
2021-11-08,46.68,45.74,47.18,45.31,26551221.0,196790645.0,822226755.0
2021-11-09,46.18,46.55,47.11,45.43,25310173.0,188303918.0,822226755.0
2021-11-10,46.18,45.81,46.3,45.31,19669721.0,144511439.0,822226755.0
2021-11-11,46.3,46.06,47.05,45.62,24780054.0,183812729.0,822226755.0
2021-11-12,45.62,48.98,49.54,45.62,40511752.0,311672970.0,822226755.0
2021-11-15,49.11,47.61,49.23,47.11,27087500.0,208055871.0,822226755.0
2021-11-16,46.99,46.49,47.3,46.06,24274445.0,181279834.0,822226755.0
2021-11-17,46.37,47.3,47.74,45.99,36581468.0,275677650.0,822226755.0
2021-11-18,46.68,47.61,49.11,45.87,51107704.0,391255670.0,822226755.0
2021-11-19,47.36,47.8,48.92,47.11,29217961.0,225491724.0,822226755.0
2021-11-22,47.8,48.3,48.79,46.87,33426301.0,257311058.0,822226755.0
2021-11-23,48.3,50.54,50.54,47.55,56290205.0,446144078.0,822226755.0
2021-11-24,49.79,49.29,50.41,48.79,35897094.0,284769845.0,822226755.0
2021-11-25,49.79,51.6,51.84,49.17,61714148.0,502945351.0,822226755.0
2021-11-26,50.91,51.35,53.28,50.41,62924582.0,524268339.0,822226755.0
2021-11-29,51.16,48.36,53.84,47.99,120232610.0,985150846.0,822226755.0
2021-11-30,48.05,48.42,50.04,47.55,68948608.0,537927143.0,822226755.0
2021-12-01,47.92,47.3,48.79,45.93,60729547.0,456242975.0,822226755.0
2021-12-02,46.68,45.25,46.93,45.12,45827029.0,338182668.0,822226755.0
2021-12-03,45.25,45.99,46.43,44.94,30980259.0,227387844.0,822226755.0
2021-12-06,46.12,46.06,46.74,45.5,31317199.0,232559013.0,822226755.0
2021-12-07,46.68,44.56,46.68,43.57,35841111.0,258262912.0,822226755.0
2021-12-08,44.19,44.5,44.94,44.0,24513400.0,174806804.0,822226755.0
2021-12-09,44.44,44.38,44.75,44.0,23214784.0,165384695.0,822226755.0
2021-12-10,44.38,44.69,45.31,44.19,23781124.0,171028152.0,822226755.0
2021-12-13,44.69,44.87,45.06,44.19,19629272.0,140801714.0,822226755.0
2021-12-14,44.69,45.81,46.06,44.56,30819336.0,225564821.0,822226755.0
2021-12-15,45.81,46.24,47.24,45.18,34554993.0,256159982.0,822226755.0
2021-12-16,46.43,45.87,46.68,45.74,18842348.0,139136467.0,822226755.0
2021-12-17,45.81,45.81,47.24,45.5,33748451.0,251837156.0,822226755.0
2021-12-20,45.81,44.0,46.18,43.57,37877853.0,269592951.0,822226755.0
2021-12-21,43.63,44.06,44.56,43.63,17097640.0,120681609.0,822226755.0
2021-12-22,44.31,43.82,44.38,43.69,14599656.0,102952171.0,822226755.0
2021-12-23,43.75,42.07,43.82,42.01,35841809.0,245126893.0,822226755.0
2021-12-24,41.89,39.89,42.26,39.83,32171908.0,210275249.0,822226755.0
2021-12-27,39.71,39.77,40.39,39.33,18879876.0,120730483.0,822226755.0
2021-12-28,39.83,40.45,40.52,39.52,15734421.0,101095210.0,822226755.0
2021-12-29,40.21,40.14,40.58,39.71,15038063.0,97212465.0,822226755.0
2021-12-30,40.21,40.39,41.08,40.08,11899100.0,77639909.0,822226755.0
2021-12-31,40.52,40.89,41.51,40.45,16531122.0,109107651.0,822226755.0
2022-01-04,40.89,41.14,41.33,40.21,16031247.0,105138539.0,822226755.0
2022-01-05,40.95,39.89,41.08,39.58,16169995.0,104427402.0,822226755.0
2022-01-06,39.71,39.96,40.52,39.58,12984308.0,83495219.0,822226755.0
2022-01-07,39.96,38.34,40.33,37.34,24619061.0,154594624.0,822226755.0
2022-01-10,38.15,38.46,38.65,37.65,15475950.0,95031563.0,822226755.0
2022-01-11,38.65,38.28,38.77,37.9,15716017.0,96915742.0,822226755.0
2022-01-12,38.59,39.71,39.89,38.59,18898590.0,119450889.0,822226755.0
2022-01-13,39.46,39.33,39.71,38.96,12387020.0,78277153.0,822226755.0
2022-01-14,39.21,39.27,39.89,39.02,11710991.0,74245797.0,822226755.0
2022-01-17,39.71,40.02,40.14,39.21,18197644.0,116122546.0,822226755.0
2022-01-18,40.21,39.15,40.27,38.77,16426682.0,104049214.0,822226755.0
2022-01-19,39.27,38.77,39.4,38.4,9664464.0,60353278.0,822226755.0
2022-01-20,38.59,37.72,38.77,37.65,15024204.0,91752163.0,822226755.0
2022-01-21,37.84,38.15,38.21,37.22,12846739.0,77771454.0,822226755.0
2022-01-24,38.34,37.9,38.59,37.84,11240800.0,68882159.0,822226755.0
2022-01-25,37.4,35.1,37.84,34.85,19027428.0,110171359.0,822226755.0
2022-01-26,35.16,36.04,36.53,35.16,14928621.0,86241523.0,822226755.0
2022-01-27,36.35,34.36,36.35,34.36,12666277.0,71474301.0,822226755.0
2022-01-28,34.73,35.48,35.85,33.92,13761622.0,77364320.0,822226755.0
2022-02-07,36.22,35.85,36.41,35.35,8678125.0,50009228.0,822226755.0
2022-02-08,35.91,36.16,36.6,35.6,9137003.0,52963650.0,822226755.0
2022-02-09,36.1,36.47,36.53,36.04,9773500.0,57009611.0,822226755.0
2022-02-10,36.47,35.85,36.47,35.54,10728600.0,61828714.0,822226755.0
2022-02-11,35.66,34.6,35.66,34.48,12055600.0,67570193.0,822226755.0
2022-02-14,34.29,34.73,35.1,33.98,8832516.0,49205223.0,822226755.0
2022-02-15,34.67,34.79,34.98,34.23,7381855.0,41112943.0,822226755.0
2022-02-16,34.92,35.54,35.6,34.85,9522200.0,53992181.0,822226755.0
2022-02-17,35.29,35.79,36.84,35.16,16952600.0,98120785.0,822226755.0
2022-02-18,35.66,35.72,36.04,35.35,8724156.0,49997944.0,822226755.0
2022-02-21,35.79,36.78,36.97,35.35,15272260.0,89443673.0,822226755.0
2022-02-22,36.78,36.28,36.97,35.91,12831282.0,74920025.0,822226755.0
2022-02-23,36.84,37.03,37.09,36.35,13788405.0,81379424.0,822226755.0
2022-02-24,36.84,37.03,38.03,36.35,25764200.0,154275769.0,822226755.0
2022-02-25,37.34,36.97,37.53,36.6,12043400.0,71838212.0,822226755.0
2022-02-28,36.72,36.91,37.09,35.97,10855900.0,63949568.0,822226755.0
2022-03-01,37.09,37.4,38.15,36.84,13482971.0,81386015.0,822226755.0
2022-03-02,37.09,37.53,37.84,36.91,7454271.0,44828677.0,822226755.0
2022-03-03,37.84,37.09,38.03,36.91,9122279.0,54604960.0,822226755.0
2022-03-04,36.78,36.22,37.09,35.91,11641808.0,68173830.0,822226755.0
2022-03-07,36.1,35.6,36.28,35.29,8658097.0,49816850.0,822226755.0
2022-03-08,35.41,34.23,35.66,33.98,11758109.0,65522019.0,822226755.0
2022-03-09,34.48,32.99,34.48,31.12,17545815.0,93083151.0,822226755.0
2022-03-10,33.67,34.42,34.92,33.67,20238636.0,112221387.0,822226755.0
2022-03-11,33.98,34.73,34.92,33.3,16459729.0,90083650.0,822226755.0
2022-03-14,34.48,33.42,34.67,33.42,13369972.0,73094968.0,822226755.0
2022-03-15,33.23,31.31,33.55,31.24,15794700.0,82318929.0,822226755.0
2022-03-16,32.11,32.3,32.43,30.68,17501200.0,89464150.0,822226755.0
2022-03-17,32.55,32.3,33.36,32.18,17206166.0,90404132.0,822226755.0
2022-03-18,32.18,33.23,33.36,31.87,12527677.0,65972645.0,822226755.0
2022-03-21,33.05,33.98,34.17,33.05,14151713.0,76613253.0,822226755.0
2022-03-22,33.98,33.67,34.17,33.42,8403889.0,45589318.0,822226755.0
2022-03-23,33.73,33.67,34.17,33.42,8658237.0,47048016.0,822226755.0
2022-03-24,33.61,32.86,33.61,32.67,9642829.0,51134571.0,822226755.0
2022-03-25,32.92,32.49,33.23,32.36,6819393.0,35865993.0,822226755.0
2022-03-28,32.24,32.05,32.55,31.87,6411000.0,33062826.0,822226755.0
2022-03-29,32.3,31.49,32.3,31.31,7713665.0,39231434.0,822226755.0
2022-03-30,31.74,31.87,32.05,31.49,6001200.0,30664806.0,822226755.0
2022-03-31,31.68,31.55,32.05,31.43,6927600.0,35343860.0,822226755.0
2022-04-01,31.31,31.8,33.3,31.06,18026514.0,92552715.0,822226755.0
2022-04-06,31.99,32.05,32.18,31.55,10406438.0,53444139.0,822226755.0
2022-04-07,31.93,30.87,31.93,30.87,10039200.0,50525580.0,822226755.0
2022-04-08,30.99,30.31,31.18,29.81,8260600.0,40135576.0,822226755.0
2022-04-11,30.06,29.31,30.25,29.19,10384524.0,49172665.0,822226755.0
2022-04-12,29.31,29.81,30.0,29.13,8288737.0,39389107.0,822226755.0
2022-04-13,29.75,28.75,29.75,28.69,5866740.0,27463211.0,822226755.0
2022-04-14,29.07,29.0,29.13,28.32,7101812.0,32849330.0,822226755.0
2022-04-15,28.75,28.19,28.82,28.07,5943012.0,27138821.0,822226755.0
2022-04-18,28.07,28.57,28.94,27.38,7305172.0,33347389.0,822226755.0
2022-04-19,28.57,28.82,29.13,28.44,5445308.0,25228378.0,822226755.0
2022-04-20,28.94,28.19,29.19,27.88,6650116.0,30518878.0,822226755.0
2022-04-21,28.13,26.89,28.26,26.76,7925141.0,35018849.0,822226755.0
2022-04-22,27.07,26.82,27.26,26.45,5414600.0,23386308.0,822226755.0
2022-04-25,26.33,24.4,26.58,24.27,11502613.0,46621031.0,822226755.0
2022-04-26,24.58,23.21,24.71,23.09,10069265.0,38645070.0,822226755.0
2022-04-27,22.84,24.27,24.4,22.28,10498095.0,39469137.0,822226755.0
2022-04-28,23.65,23.34,24.15,23.15,7779781.0,29609409.0,822226755.0
2022-04-29,23.9,24.65,24.9,23.4,8856712.0,34537944.0,822226755.0
2022-05-05,24.65,24.52,25.08,24.09,8628678.0,34221904.0,822226755.0
2022-05-06,24.27,24.15,24.52,23.84,5396830.0,20973410.0,822226755.0
2022-05-09,24.71,24.27,24.71,23.9,5160208.0,20165937.0,822226755.0
2022-05-10,23.96,24.9,25.02,23.84,7490582.0,29567048.0,822226755.0
2022-05-11,25.02,24.9,25.7,24.83,10213976.0,41548953.0,822226755.0
2022-05-12,24.9,25.08,25.58,24.58,7777871.0,31301420.0,822226755.0
2022-05-13,25.02,25.08,25.46,24.77,5988500.0,24106333.0,822226755.0
2022-05-16,25.46,25.21,25.52,24.9,8341418.0,33779771.0,822226755.0
2022-05-17,25.14,25.39,25.46,24.77,6981476.0,28274362.0,822226755.0
2022-05-18,25.52,26.02,26.33,25.08,11650158.0,48527733.0,822226755.0
2022-05-19,25.83,26.2,26.33,25.64,7056500.0,29543568.0,822226755.0
2022-05-20,26.26,26.51,26.7,26.26,10320100.0,43996668.0,822226755.0
2022-05-23,26.58,27.2,27.38,26.58,8307416.0,35945194.0,822226755.0
2022-05-24,27.45,25.7,27.63,25.64,11296228.0,48268868.0,822226755.0
2022-05-25,25.7,26.82,26.95,25.7,8828838.0,37323233.0,822226755.0
2022-05-26,27.38,27.32,28.01,26.64,22638071.0,99295656.0,822226755.0
2022-05-27,27.2,26.51,27.32,26.2,13864678.0,59423040.0,822226755.0
2022-05-30,26.45,26.89,27.07,25.89,12045220.0,51216585.0,822226755.0
2022-05-31,27.14,27.07,27.38,26.45,10340051.0,44663547.0,822226755.0
2022-06-01,26.89,27.82,28.38,26.89,16561603.0,73579775.0,822226755.0
2022-06-02,27.76,28.57,28.94,27.26,20483438.0,92900777.0,822226755.0
2022-06-06,28.57,28.44,28.75,28.26,12350400.0,56524384.0,822226755.0
2022-06-07,28.32,28.07,28.57,27.82,9524200.0,42992080.0,822226755.0
2022-06-08,28.07,27.82,28.32,27.01,11903281.0,52821696.0,822226755.0
2022-06-09,27.57,26.95,27.88,26.76,7220200.0,31512592.0,822226755.0
2022-06-10,26.89,27.88,27.94,26.7,9650912.0,42756487.0,822226755.0
2022-06-13,27.76,28.94,29.19,27.45,18759700.0,86147764.0,822226755.0
2022-06-14,28.63,28.44,28.63,27.7,13000332.0,58850873.0,822226755.0
2022-06-15,28.26,28.07,28.69,28.07,11202808.0,51019554.0,822226755.0
2022-06-16,28.19,27.88,28.44,27.82,8665124.0,39186974.0,822226755.0
2022-06-17,27.82,28.57,28.94,27.57,12840512.0,58650745.0,822226755.0
2022-06-20,28.75,29.44,29.5,28.57,16928360.0,79205195.0,822226755.0
2022-06-21,31.99,29.5,33.3,29.44,47727281.0,236425969.0,822226755.0
2022-06-22,29.5,30.0,31.74,28.63,40573111.0,196406752.0,822226755.0
2022-06-23,29.81,30.06,30.31,29.31,24705695.0,118666623.0,822226755.0
2022-06-24,30.25,30.37,30.68,30.12,17930973.0,87635708.0,822226755.0
2022-06-27,30.37,30.12,30.75,29.94,14803532.0,71710682.0,822226755.0
2022-06-28,30.0,30.31,30.56,29.87,12846410.0,62519654.0,822226755.0
2022-06-29,30.31,29.19,30.43,29.13,15146046.0,72151126.0,822226755.0
2022-06-30,29.25,30.81,30.99,28.94,28402021.0,136914282.0,822226755.0
2022-07-01,29.87,29.69,30.43,29.25,20148010.0,96563571.0,822226755.0
2022-07-04,29.63,29.94,30.37,29.07,15716721.0,74986460.0,822226755.0
2022-07-05,29.94,29.56,30.75,29.19,12403378.0,59514988.0,822226755.0
2022-07-06,29.63,29.19,29.75,28.88,8670883.0,40757256.0,822226755.0
2022-07-07,29.19,30.5,30.81,29.07,21681740.0,105213817.0,822226755.0
2022-07-08,30.75,30.06,31.12,30.0,14588032.0,71496676.0,822226755.0
2022-07-11,29.81,30.5,30.81,29.81,18066555.0,88362396.0,822226755.0
2022-07-12,30.56,30.12,30.81,30.0,13401970.0,65464069.0,822226755.0
2022-07-13,30.06,31.87,32.24,30.06,32079570.0,161764165.0,822226755.0
2022-07-14,31.87,33.67,34.17,31.37,42673659.0,226576585.0,822226755.0
2022-07-15,33.98,32.43,34.23,32.24,38517035.0,205065737.0,822226755.0
2022-07-18,32.61,34.48,34.98,32.36,41727514.0,225657932.0,822226755.0
2022-07-19,33.98,33.67,34.54,33.36,32078466.0,174390465.0,822226755.0
2022-07-20,33.98,33.42,34.36,33.11,25072588.0,135233310.0,822226755.0
2022-07-21,33.36,33.17,34.11,32.92,22240533.0,119740156.0,822226755.0
2022-07-22,33.36,33.42,34.98,33.05,23590335.0,127849229.0,822226755.0
2022-07-25,33.36,32.11,33.61,31.87,19332347.0,100916476.0,822226755.0
2022-07-26,32.11,32.49,32.55,31.68,11020284.0,56998584.0,822226755.0
2022-07-27,32.3,32.55,32.86,31.99,12117134.0,63068495.0,822226755.0
2022-07-28,32.86,33.36,33.92,32.49,24461237.0,130761585.0,822226755.0
2022-07-29,33.61,33.48,34.48,33.23,26000553.0,141441382.0,822226755.0
2022-08-01,33.67,32.92,33.73,32.49,16564781.0,87596758.0,822226755.0
2022-08-02,32.49,31.06,32.55,30.62,22233899.0,112209695.0,822226755.0
2022-08-03,31.43,30.68,32.55,30.5,20988829.0,106791952.0,822226755.0
2022-08-04,31.12,31.93,32.74,31.12,24582216.0,126194117.0,822226755.0
2022-08-05,32.49,31.37,32.55,30.75,21306415.0,107128819.0,822226755.0
2022-08-08,31.43,31.62,31.74,30.93,11521237.0,58279661.0,822226755.0
2022-08-09,31.43,31.62,32.11,31.31,11986875.0,61147463.0,822226755.0
2022-08-10,31.8,31.68,31.99,31.37,10282740.0,52376457.0,822226755.0
2022-08-11,31.8,32.24,32.36,31.62,15222142.0,78252848.0,822226755.0
2022-08-12,32.18,31.55,32.61,31.49,14976596.0,76817783.0,822226755.0
2022-08-15,31.55,32.05,32.11,31.24,11502848.0,58880964.0,822226755.0
2022-08-16,32.24,32.49,32.99,31.93,13998708.0,73234616.0,822226755.0
2022-08-17,32.67,33.3,33.3,32.55,17164323.0,90974722.0,822226755.0
2022-08-18,33.05,34.04,34.79,33.05,26130444.0,143029242.0,822226755.0
2022-08-19,33.98,33.48,34.23,32.99,20896500.0,112656242.0,822226755.0
2022-08-22,33.92,33.3,34.11,32.86,17956633.0,96257920.0,822226755.0
2022-08-23,32.99,34.36,34.48,32.99,23633008.0,129294374.0,822226755.0
2022-08-24,34.42,32.55,34.67,32.36,19361716.0,103152949.0,822226755.0
2022-08-25,32.61,31.8,32.92,31.31,17681346.0,90352566.0,822226755.0
2022-08-26,32.18,32.8,33.73,31.8,26304461.0,139338443.0,822226755.0
2022-08-29,32.99,33.48,33.67,32.11,20213925.0,107758562.0,822226755.0
2022-08-30,33.36,32.49,33.86,32.3,18028393.0,95390818.0,822226755.0
2022-08-31,32.24,30.12,32.3,30.0,26488100.0,131277985.0,822226755.0
2022-09-01,30.06,29.69,30.56,29.56,13412367.0,64583344.0,822226755.0
2022-09-02,29.87,30.25,30.31,29.25,10186742.0,48933280.0,822226755.0
2022-09-05,30.25,30.19,30.56,29.94,7858493.0,38082631.0,822226755.0
2022-09-06,30.19,31.49,31.55,30.0,15106226.0,75133862.0,822226755.0
2022-09-07,31.18,34.11,34.48,31.18,44512420.0,238534293.0,822226755.0
2022-09-08,34.36,33.98,35.85,33.73,48442709.0,270546719.0,822226755.0
2022-09-09,34.67,32.99,34.67,32.61,29138078.0,154281918.0,822226755.0
2022-09-13,33.3,32.3,33.3,31.87,21038541.0,109381767.0,822226755.0
2022-09-14,31.74,30.99,32.05,30.93,20249300.0,101824519.0,822226755.0
2022-09-15,31.31,29.07,31.55,28.94,28048026.0,134231932.0,822226755.0
2022-09-16,29.07,27.51,29.07,27.45,18756792.0,84917265.0,822226755.0
2022-09-19,27.76,26.82,27.76,26.58,11004900.0,47854320.0,822226755.0
2022-09-20,27.07,27.57,27.94,27.01,10396842.0,46062951.0,822226755.0
2022-09-21,27.57,27.7,27.82,26.89,8333213.0,36674670.0,822226755.0
2022-09-22,27.45,27.45,28.01,27.32,9098551.0,40414045.0,822226755.0
2022-09-23,27.38,27.14,27.82,26.7,10239175.0,44958792.0,822226755.0
2022-09-26,27.14,26.7,27.38,26.7,7178518.0,31157812.0,822226755.0
2022-09-27,26.82,27.26,27.45,26.76,7082870.0,30827846.0,822226755.0
2022-09-28,27.32,27.57,28.01,26.82,15299546.0,67630584.0,822226755.0
2022-09-29,27.82,26.26,27.82,26.26,14019703.0,60355818.0,822226755.0
2022-09-30,26.2,26.14,26.7,25.83,8293335.0,35050211.0,822226755.0
2022-10-10,26.14,25.27,26.14,25.14,10858745.0,44544943.0,822226755.0
2022-10-11,25.21,25.58,25.83,25.21,6957501.0,28575628.0,822226755.0
2022-10-12,25.83,26.82,26.89,25.33,10470034.0,43903492.0,822226755.0
2022-10-13,26.7,27.07,27.38,26.51,8015068.0,34875138.0,822226755.0
2022-10-14,27.32,28.07,29.07,27.32,17781000.0,80329087.0,822226755.0
2022-10-17,28.13,28.5,28.82,27.88,13433918.0,61062794.0,822226755.0
2022-10-18,28.5,29.56,30.12,28.38,19776732.0,93092448.0,822226755.0
2022-10-19,29.31,29.69,30.68,29.25,20277300.0,97843595.0,822226755.0
2022-10-20,29.31,28.94,29.75,28.75,15616406.0,73222565.0,822226755.0
2022-10-21,29.19,28.94,29.75,28.75,10095768.0,47384637.0,822226755.0
2022-10-24,29.0,28.38,29.5,27.94,11071692.0,51087733.0,822226755.0
2022-10-25,28.32,28.5,28.88,27.63,11315238.0,51365037.0,822226755.0
2022-10-26,28.38,29.13,30.19,28.38,15816335.0,74194273.0,822226755.0
2022-10-27,29.0,28.57,29.44,28.44,10331908.0,47958105.0,822226755.0
2022-10-28,28.44,27.14,28.44,26.89,11489416.0,51193709.0,822226755.0
2022-10-31,27.32,27.45,27.82,27.07,9169413.0,40514085.0,822226755.0
2022-11-01,27.57,28.82,28.94,27.51,14130910.0,64480428.0,822226755.0
2022-11-02,28.63,28.69,28.94,28.5,10863357.0,50011696.0,822226755.0
2022-11-03,28.5,29.07,29.13,28.44,11429698.0,53024973.0,822226755.0
2022-11-04,29.07,29.25,29.5,28.94,9814827.0,46151355.0,822226755.0
2022-11-07,29.25,29.31,29.63,29.0,10901968.0,51278640.0,822226755.0
2022-11-08,29.38,29.25,29.44,28.88,10283890.0,48093776.0,822226755.0
2022-11-09,29.38,29.44,29.69,28.88,9361767.0,44175883.0,822226755.0
2022-11-10,29.19,29.44,29.69,29.07,10010822.0,47265315.0,822226755.0
2022-11-11,29.75,29.5,30.25,29.44,13611832.0,65069149.0,822226755.0
2022-11-14,29.63,30.25,31.06,29.19,23211359.0,112530144.0,822226755.0
2022-11-15,30.31,30.68,30.93,29.87,15314322.0,74756982.0,822226755.0
2022-11-16,30.75,30.75,31.55,30.62,19496422.0,97321760.0,822226755.0
2022-11-17,30.87,30.5,30.87,30.06,12255850.0,59831242.0,822226755.0
2022-11-18,30.62,31.31,31.99,30.5,21674407.0,109403054.0,822226755.0
2022-11-21,31.24,31.99,32.05,31.18,17356073.0,88397399.0,822226755.0
2022-11-22,31.8,32.61,32.74,31.43,24406203.0,126316653.0,822226755.0
2022-11-23,32.36,32.11,32.61,31.43,15063094.0,77413385.0,822226755.0
2022-11-24,32.24,32.92,34.42,32.11,35987269.0,192993352.0,822226755.0
2022-11-25,32.67,33.17,34.17,32.36,27011027.0,144744851.0,822226755.0
2022-11-28,32.86,34.42,34.48,32.74,32891309.0,177412793.0,822226755.0
2022-11-29,34.11,33.36,36.04,33.11,54054833.0,297832507.0,822226755.0
2022-11-30,33.3,32.49,34.11,32.18,40543612.0,215092764.0,822226755.0
2022-12-01,32.43,33.3,34.73,32.18,33169349.0,177363264.0,822226755.0
2022-12-02,33.3,35.66,35.79,32.99,43960039.0,246080869.0,822226755.0
2022-12-05,35.16,34.6,35.72,33.73,42347900.0,234114924.0,822226755.0
2022-12-06,34.36,33.92,34.36,33.48,22717157.0,123669576.0,822226755.0
2022-12-07,33.61,32.99,33.92,32.8,19164108.0,102216378.0,822226755.0
2022-12-08,32.8,33.61,34.54,32.74,24938128.0,135502510.0,822226755.0
2022-12-09,33.67,32.74,33.86,32.74,20404887.0,108506163.0,822226755.0
2022-12-12,33.48,33.61,34.42,32.67,21176589.0,114657630.0,822226755.0
2022-12-13,33.73,32.99,33.92,32.61,13137049.0,69544387.0,822226755.0
2022-12-14,32.74,32.36,33.17,31.99,13218632.0,68608480.0,822226755.0
2022-12-15,32.55,32.43,32.74,32.18,6676312.0,34813507.0,822226755.0
2022-12-16,32.05,31.74,32.61,31.74,8719257.0,44914549.0,822226755.0
2022-12-19,31.8,31.37,32.05,31.12,10986803.0,55649427.0,822226755.0
2022-12-20,31.24,32.3,32.92,31.12,11736844.0,60637976.0,822226755.0
2022-12-21,32.11,31.74,32.43,31.43,7365516.0,37680204.0,822226755.0
2022-12-22,31.99,31.43,32.05,31.18,5974613.0,30170682.0,822226755.0
2022-12-23,31.24,31.12,31.43,30.37,9253132.0,45857757.0,822226755.0
2022-12-26,31.31,33.05,33.42,31.12,19958750.0,104528589.0,822226755.0
2022-12-27,33.42,33.05,33.42,32.36,10177200.0,53811986.0,822226755.0
2022-12-28,33.05,32.61,33.05,32.24,9373703.0,48949454.0,822226755.0
2022-12-29,32.61,32.74,33.05,32.36,9598347.0,50467143.0,822226755.0
2022-12-30,32.36,33.3,33.86,32.36,13394668.0,71798313.0,822226755.0
2023-01-03,33.3,33.8,34.04,32.99,11495121.0,61963265.0,822226755.0
2023-01-04,33.61,33.42,34.36,32.99,10423156.0,56332472.0,822226755.0
2023-01-05,33.42,34.73,35.16,32.99,31445878.0,173181796.0,822226755.0
2023-01-06,34.36,35.1,35.6,34.23,29267485.0,164962555.0,822226755.0
2023-01-09,35.04,34.67,36.1,34.54,18981980.0,107391309.0,822226755.0
2023-01-10,34.79,35.23,35.72,34.42,19489602.0,109885371.0,822226755.0
2023-01-11,35.29,34.79,35.54,34.73,10448671.0,58973617.0,822226755.0
2023-01-12,35.16,34.79,35.29,34.54,12330972.0,69052990.0,822226755.0
2023-01-13,35.97,37.59,37.97,35.6,83983270.0,500785473.0,822226755.0
2023-01-16,37.97,37.72,39.09,37.22,54967187.0,335215071.0,822226755.0
2023-01-17,38.09,38.09,39.27,37.34,39094495.0,240940657.0,822226755.0
2023-01-18,38.9,39.46,39.65,38.15,50590190.0,317122427.0,822226755.0
2023-01-19,38.9,38.09,39.09,37.72,34263297.0,211011934.0,822226755.0
2023-01-20,37.78,39.21,39.52,37.53,32912916.0,204274405.0,822226755.0
2023-01-30,39.77,39.21,40.33,39.02,36289366.0,230433677.0,822226755.0
2023-01-31,39.21,39.46,39.77,38.65,24550721.0,154737836.0,822226755.0
2023-02-01,39.21,39.33,39.96,38.84,31806599.0,200825330.0,822226755.0
2023-02-02,39.15,39.83,41.26,39.09,35707093.0,230496818.0,822226755.0
2023-02-03,39.83,39.09,39.83,38.09,28550317.0,178281488.0,822226755.0
2023-02-06,39.21,39.65,40.33,39.02,28078430.0,178790044.0,822226755.0
2023-02-07,39.71,39.21,40.45,38.77,31164844.0,198392262.0,822226755.0
2023-02-08,38.96,40.02,40.45,38.77,27396700.0,175281957.0,822226755.0
2023-02-09,39.83,40.77,41.51,39.46,34630377.0,226463153.0,822226755.0
2023-02-10,40.58,39.09,40.64,38.59,27876157.0,176454005.0,822226755.0
2023-02-13,39.02,39.09,40.02,38.77,22434388.0,142044968.0,822226755.0
2023-02-14,39.27,39.4,40.39,38.34,27444359.0,173617493.0,822226755.0
2023-02-15,39.4,41.95,42.94,39.21,61281488.0,407422698.0,822226755.0
2023-02-16,41.45,40.14,41.7,39.58,49851028.0,325724671.0,822226755.0
2023-02-17,40.14,38.21,40.7,38.21,31927013.0,201406077.0,822226755.0
2023-02-20,38.15,39.33,39.83,38.09,26373111.0,165392635.0,822226755.0
2023-02-21,39.21,39.33,39.52,38.53,16647386.0,104364343.0,822226755.0
2023-02-22,38.96,39.21,40.08,38.9,15851539.0,100470844.0,822226755.0
2023-02-23,39.09,39.27,39.46,38.53,15779093.0,98984099.0,822226755.0
2023-02-24,39.15,37.34,39.4,37.09,39646631.0,241120300.0,822226755.0
2023-02-27,37.34,37.47,38.15,36.6,21126373.0,127436679.0,822226755.0
2023-02-28,39.21,38.4,40.27,37.84,50754538.0,318336157.0,822226755.0
2023-03-01,38.4,37.65,38.96,37.53,29394380.0,179131499.0,822226755.0
2023-03-02,37.65,37.03,37.97,36.72,22305349.0,133398691.0,822226755.0
2023-03-03,36.84,36.6,37.34,36.22,16513919.0,97420808.0,822226755.0
2023-03-06,36.41,36.41,37.03,35.29,29894944.0,173990429.0,822226755.0
2023-03-07,36.22,36.16,36.84,36.04,15774961.0,92426950.0,822226755.0
2023-03-08,35.97,36.28,36.72,35.79,11872173.0,69108022.0,822226755.0
2023-03-09,36.16,35.97,36.35,35.48,11044281.0,63684644.0,822226755.0
2023-03-10,35.85,35.04,35.97,34.92,15455665.0,87585880.0,822226755.0
2023-03-13,35.16,35.41,35.66,34.6,16974722.0,95859874.0,822226755.0
2023-03-14,35.41,34.11,35.54,33.73,16353100.0,90135583.0,822226755.0
2023-03-15,34.36,34.6,35.16,34.17,10296558.0,57403084.0,822226755.0
2023-03-16,34.42,33.55,34.42,33.36,11300697.0,61387771.0,822226755.0
2023-03-17,33.8,33.61,34.23,33.55,9267289.0,50458846.0,822226755.0
2023-03-20,33.61,33.86,34.29,33.05,16779438.0,91062125.0,822226755.0
2023-03-21,33.98,34.79,34.92,33.8,14093181.0,77627581.0,822226755.0
2023-03-22,34.98,34.79,35.35,34.42,13493022.0,75557433.0,822226755.0
2023-03-23,34.48,34.48,34.73,34.29,10885007.0,60326603.0,822226755.0
2023-03-24,34.48,34.11,34.6,33.86,16636881.0,91162380.0,822226755.0
2023-03-27,34.11,34.04,34.54,33.67,15233088.0,83364909.0,822226755.0
2023-03-28,33.92,33.23,34.11,33.17,13051500.0,70439090.0,822226755.0
2023-03-29,33.23,33.11,33.73,32.99,10306200.0,55012212.0,822226755.0
2023-03-30,33.11,33.05,33.48,32.8,10994871.0,58374389.0,822226755.0
2023-03-31,33.05,33.55,33.67,32.86,9678281.0,51848449.0,822226755.0
2023-04-03,33.55,33.86,33.92,32.8,15884630.0,85184692.0,822226755.0
2023-04-04,33.8,32.49,33.8,32.36,18274250.0,96372284.0,822226755.0
2023-04-06,32.67,32.3,32.67,31.93,9795186.0,50701939.0,822226755.0
2023-04-07,32.24,32.36,32.8,32.11,13065129.0,67967211.0,822226755.0
2023-04-10,32.36,32.24,32.92,32.18,12651199.0,65974980.0,822226755.0
2023-04-11,32.24,31.93,32.3,31.49,15166300.0,77430353.0,822226755.0
2023-04-12,31.93,31.8,32.36,31.68,10662681.0,54609613.0,822226755.0
2023-04-13,31.87,31.37,31.87,31.24,13135762.0,66486378.0,822226755.0
2023-04-14,31.43,31.74,31.87,31.37,9597590.0,48765546.0,822226755.0
2023-04-17,31.62,32.24,32.67,31.55,17457100.0,90176708.0,822226755.0
2023-04-18,31.93,32.36,33.11,31.93,25643497.0,134106287.0,822226755.0
2023-04-19,32.11,31.93,32.36,31.43,17842636.0,91430788.0,822226755.0
2023-04-20,31.93,31.49,32.05,31.12,14033200.0,70916179.0,822226755.0
2023-04-21,31.37,30.5,31.8,30.43,15848072.0,78732689.0,822226755.0
2023-04-24,30.5,30.31,30.5,29.94,9964992.0,48443295.0,822226755.0
2023-04-25,30.37,29.19,30.62,28.75,19389801.0,91683801.0,822226755.0
2023-04-26,29.25,30.99,31.31,29.07,23077111.0,113323105.0,822226755.0
2023-04-27,30.81,30.5,30.99,29.69,20929816.0,102007653.0,822226755.0
2023-04-28,30.56,31.55,31.68,30.43,18618997.0,93173151.0,822226755.0
2023-05-04,31.8,32.05,32.49,31.49,20791903.0,106939560.0,822226755.0
2023-05-05,31.74,31.93,32.11,31.24,13113200.0,66828431.0,822226755.0
2023-05-08,32.43,33.17,33.42,32.3,32831501.0,173602263.0,822226755.0
2023-05-09,33.23,31.99,33.3,31.99,20200639.0,105164365.0,822226755.0
2023-05-10,32.18,34.29,34.73,31.87,55384343.0,298107387.0,822226755.0
2023-05-11,34.17,33.86,34.73,33.48,38377585.0,209626227.0,822226755.0
2023-05-12,33.86,33.67,34.29,33.48,20584710.0,111777587.0,822226755.0
2023-05-15,33.86,35.72,36.72,33.8,63356612.0,361268173.0,822226755.0
2023-05-16,36.04,35.91,37.53,35.72,67886232.0,397357345.0,822226755.0
2023-05-17,35.91,37.16,37.22,35.41,60689833.0,355819833.0,822226755.0
2023-05-18,36.66,36.35,36.84,35.72,38593619.0,224467695.0,822226755.0
2023-05-19,36.6,35.91,36.6,35.48,24488307.0,141463039.0,822226755.0
2023-05-22,35.66,35.91,36.84,35.6,30637655.0,178939244.0,822226755.0
2023-05-23,35.91,35.48,36.1,35.41,19676100.0,112904583.0,822226755.0
2023-05-24,35.23,35.97,37.09,34.85,34206628.0,200096597.0,822226755.0
2023-05-25,43.19,43.19,43.19,43.19,47561542.0,330077101.0,822226755.0
2023-05-26,46.62,51.84,51.84,45.18,267295612.0,2110812543.0,822226755.0
2023-05-29,49.85,50.41,54.58,48.17,218460567.0,1782357165.0,822226755.0
2023-05-30,48.48,51.66,51.72,47.43,186805641.0,1491480803.0,822226755.0
2023-05-31,50.41,46.62,50.97,45.43,160837925.0,1233796855.0,822226755.0
2023-06-01,45.56,43.01,46.3,42.94,122289228.0,863447340.0,822226755.0
2023-06-02,43.01,46.74,47.11,42.63,146802579.0,1061598793.0,822226755.0
2023-06-05,47.43,48.98,50.72,47.43,137838930.0,1083141709.0,822226755.0
2023-06-06,48.23,50.04,53.96,48.23,158851010.0,1308196701.0,822226755.0
2023-06-07,50.04,48.3,50.97,47.49,116995376.0,914442797.0,822226755.0
2023-06-08,47.92,45.56,49.48,45.5,104823645.0,790970278.0,822226755.0
2023-06-09,46.74,45.56,47.11,45.43,78121337.0,577007426.0,822226755.0
2023-06-12,45.56,45.06,46.43,44.31,76602879.0,557812860.0,822226755.0
2023-06-13,45.12,44.87,46.18,44.5,70451294.0,510737584.0,822226755.0
2023-06-14,44.5,43.07,44.94,42.94,78508941.0,550527143.0,822226755.0
2023-06-15,44.13,45.68,46.37,44.06,111263819.0,808949773.0,822226755.0
2023-06-16,45.18,44.69,45.43,43.69,72956633.0,522200134.0,822226755.0
2023-06-19,44.62,44.31,45.25,44.19,49681118.0,355929608.0,822226755.0
2023-06-20,46.37,44.31,47.43,44.25,100631336.0,740885039.0,822226755.0
2023-06-21,44.0,43.13,45.0,43.07,62885888.0,441354460.0,822226755.0
2023-06-26,42.32,41.51,42.88,41.39,51000309.0,343308404.0,822226755.0
2023-06-27,41.82,42.94,43.07,41.82,44210024.0,303016452.0,822226755.0
2023-06-28,42.51,43.07,43.44,41.7,36667252.0,250664675.0,822226755.0
2023-06-29,42.63,42.88,43.32,42.32,30659400.0,211510465.0,822226755.0
2023-06-30,42.88,43.44,43.88,42.63,38936646.0,271460014.0,822226755.0
2023-07-03,43.57,43.82,44.31,43.13,37106622.0,261494183.0,822226755.0
2023-07-04,43.69,43.63,45.06,43.13,50039191.0,355165422.0,822226755.0
2023-07-05,43.69,43.32,44.19,43.13,32220545.0,225986522.0,822226755.0
2023-07-06,43.13,43.32,44.13,43.01,25629389.0,178702760.0,822226755.0
2023-07-07,43.13,42.51,43.13,42.38,24728634.0,169769473.0,822226755.0
2023-07-10,42.32,42.57,43.38,42.26,18976360.0,130295902.0,822226755.0
2023-07-11,42.7,42.76,42.94,42.01,22541402.0,153793049.0,822226755.0
2023-07-12,43.19,45.37,45.37,42.57,107077702.0,761815882.0,822226755.0
2023-07-13,44.81,45.81,46.62,44.44,99218117.0,727410455.0,822226755.0
2023-07-14,45.31,44.5,45.31,43.88,61208470.0,436507191.0,822226755.0
2023-07-17,44.87,47.3,47.8,44.25,112148434.0,836319720.0,822226755.0
2023-07-18,46.37,45.81,46.49,44.75,66615726.0,485882471.0,822226755.0
2023-07-19,45.43,44.06,45.93,44.0,43583545.0,313220847.0,822226755.0
2023-07-20,43.63,41.57,43.94,41.45,51898801.0,352939251.0,822226755.0
2023-07-21,41.2,38.4,41.2,37.97,64667766.0,406244756.0,822226755.0
2023-07-24,38.28,38.15,38.84,37.78,22906400.0,140903413.0,822226755.0
2023-07-25,38.46,38.59,38.84,38.28,22475437.0,139148672.0,822226755.0
2023-07-26,38.65,38.53,39.52,38.09,24269056.0,151089840.0,822226755.0
2023-07-27,38.34,39.27,39.52,38.34,26767779.0,168094363.0,822226755.0
2023-07-28,38.84,39.89,40.64,37.84,36846230.0,232074922.0,822226755.0
2023-07-31,40.27,39.89,40.89,39.77,24195700.0,156341714.0,822226755.0
2023-08-01,39.4,39.09,39.65,38.59,22926681.0,143296417.0,822226755.0
2023-08-02,39.02,38.96,39.4,38.59,18267040.0,114092647.0,822226755.0
2023-08-03,39.71,44.25,44.31,39.27,100610878.0,681268817.0,822226755.0
2023-08-04,43.88,44.19,44.62,43.75,63696070.0,451595613.0,822226755.0
2023-08-07,43.82,43.69,44.69,43.38,36390300.0,256818580.0,822226755.0
2023-08-08,44.94,42.45,46.18,42.2,65853070.0,462640500.0,822226755.0
2023-08-09,42.26,41.45,42.76,41.26,32529604.0,218539208.0,822226755.0
2023-08-10,41.7,42.63,43.57,41.57,39286985.0,269909043.0,822226755.0
2023-08-11,43.32,43.19,44.19,42.63,47283237.0,330561999.0,822226755.0
2023-08-14,43.5,45.37,47.3,43.19,77649356.0,566982856.0,822226755.0
2023-08-15,45.43,43.57,45.93,43.38,56689933.0,403567817.0,822226755.0
2023-08-16,44.0,42.38,44.31,42.13,42901404.0,296166885.0,822226755.0
2023-08-17,42.63,43.32,43.57,41.57,31076742.0,213842074.0,822226755.0
2023-08-18,43.88,43.88,45.93,43.44,50067978.0,358536803.0,822226755.0
2023-08-21,43.57,42.2,43.82,42.13,38279151.0,263647212.0,822226755.0
2023-08-22,42.07,41.82,42.7,40.33,42098772.0,279616518.0,822226755.0
2023-08-23,41.39,39.71,41.76,39.46,29687403.0,191278270.0,822226755.0
2023-08-24,39.71,40.21,40.95,39.52,21827912.0,141345426.0,822226755.0
2023-08-25,39.4,39.71,40.58,38.96,20823536.0,132501534.0,822226755.0
2023-08-28,42.26,41.45,42.63,40.52,31579024.0,210244311.0,822226755.0
2023-08-29,41.2,42.45,42.76,41.01,33194070.0,223871087.0,822226755.0
2023-08-30,42.2,41.57,42.82,41.08,37439835.0,251579477.0,822226755.0
2023-08-31,41.14,42.63,42.7,39.77,40316199.0,265698246.0,822226755.0
2023-09-01,42.7,44.75,45.43,42.38,64128570.0,458362065.0,822226755.0
2023-09-04,44.94,44.94,45.56,43.94,45299627.0,324776539.0,822226755.0
2023-09-05,44.38,44.38,44.94,44.0,31676300.0,225720786.0,822226755.0
2023-09-06,43.94,44.56,44.81,43.13,27782798.0,196811258.0,822226755.0
2023-09-07,44.19,43.44,45.31,43.44,29484964.0,210545575.0,822226755.0
2023-09-08,43.44,44.06,44.56,43.07,22249538.0,156802138.0,822226755.0
2023-09-11,44.44,44.0,44.75,43.26,22157000.0,156130588.0,822226755.0
2023-09-12,43.82,43.32,43.88,42.63,25216480.0,174850048.0,822226755.0
2023-09-13,43.19,41.82,43.19,41.45,24382813.0,164465561.0,822226755.0
2023-09-14,42.01,40.95,42.07,40.64,17370833.0,114660395.0,822226755.0
2023-09-15,41.57,41.39,42.13,40.83,16195000.0,107653318.0,822226755.0
2023-09-18,41.26,42.13,42.63,40.95,19369033.0,130978575.0,822226755.0
2023-09-19,41.76,41.01,42.13,40.89,15981809.0,106166553.0,822226755.0
2023-09-20,40.95,40.39,41.2,40.27,12098458.0,78980214.0,822226755.0
2023-09-21,40.64,41.82,41.95,40.21,21922900.0,145132329.0,822226755.0
2023-09-22,41.7,42.13,42.51,41.26,16617000.0,111883126.0,822226755.0
2023-09-25,41.76,41.01,41.95,40.83,17330800.0,114712288.0,822226755.0
2023-09-26,41.01,41.51,42.26,40.7,15896921.0,105958198.0,822226755.0
2023-09-27,41.33,43.94,43.94,40.95,44973666.0,310405719.0,822226755.0
2023-09-28,43.5,44.06,44.25,43.32,27477092.0,193989394.0,822226755.0
2023-10-09,44.06,44.06,45.25,43.69,27149201.0,192601748.0,822226755.0
2023-10-10,43.69,44.25,44.56,43.57,24062936.0,170514538.0,822226755.0
2023-10-11,44.19,47.67,48.98,43.44,75199303.0,564819799.0,822226755.0
2023-10-12,46.74,48.86,48.92,46.55,53952316.0,416866594.0,822226755.0
2023-10-13,48.86,48.61,49.73,48.3,47083548.0,369828051.0,822226755.0
2023-10-16,48.3,45.56,48.36,45.18,57321565.0,427127454.0,822226755.0
2023-10-17,45.99,46.3,46.8,45.0,35486601.0,262482462.0,822226755.0
2023-10-18,45.81,42.51,46.24,42.2,52462204.0,367007998.0,822226755.0
2023-10-19,42.76,42.38,43.63,42.2,30926771.0,212598248.0,822226755.0
2023-10-20,42.38,41.14,42.88,40.83,32095508.0,214599664.0,822226755.0
2023-10-23,40.7,38.46,40.7,38.09,40387141.0,254436570.0,822226755.0
2023-10-24,38.15,38.71,39.15,38.09,23370905.0,145086734.0,822226755.0
2023-10-25,38.9,39.27,40.08,38.77,22700100.0,144012361.0,822226755.0
2023-10-26,38.9,39.4,39.58,38.28,20186944.0,126105862.0,822226755.0
2023-10-27,39.09,39.83,39.96,38.65,21232115.0,134101493.0,822226755.0
2023-10-30,39.65,39.96,40.33,39.4,23352600.0,149586530.0,822226755.0
2023-10-31,39.71,39.09,39.83,38.84,21526775.0,135547449.0,822226755.0
2023-11-01,39.27,39.21,39.52,38.9,12753100.0,80403916.0,822226755.0
2023-11-02,39.4,39.02,39.46,38.65,17934717.0,112427428.0,822226755.0
2023-11-03,39.46,39.77,40.02,39.21,19274041.0,123108083.0,822226755.0
2023-11-06,39.65,40.33,40.77,39.65,21779225.0,141052280.0,822226755.0
2023-11-07,40.39,40.39,40.83,39.96,20710600.0,134258055.0,822226755.0
2023-11-08,40.27,40.7,41.08,40.08,21954671.0,143361626.0,822226755.0
2023-11-09,40.7,40.14,40.83,39.83,20389745.0,131688579.0,822226755.0
2023-11-10,39.83,39.83,40.14,39.58,13184075.0,84326033.0,822226755.0
2023-11-13,40.14,39.89,40.21,38.77,31309864.0,198397361.0,822226755.0
2023-11-14,39.71,40.21,40.27,39.46,26788600.0,171974907.0,822226755.0
2023-11-15,40.45,41.33,41.45,40.33,35259579.0,231967528.0,822226755.0
2023-11-16,41.14,40.39,41.14,40.33,24621538.0,160699065.0,822226755.0
2023-11-17,40.08,41.39,41.64,39.96,29201809.0,192449518.0,822226755.0
2023-11-20,41.57,40.89,41.64,40.7,20153600.0,132634851.0,822226755.0
2023-11-21,40.89,40.02,41.08,39.96,28504300.0,184925016.0,822226755.0
2023-11-22,39.96,38.46,39.96,38.4,37139900.0,231666845.0,822226755.0
2023-11-23,38.34,38.71,38.96,38.09,16867473.0,104649696.0,822226755.0
2023-11-24,38.71,37.47,38.84,37.22,30335515.0,183831115.0,822226755.0
2023-11-27,37.34,37.84,38.03,37.09,17069382.0,103028071.0,822226755.0
2023-11-28,37.72,38.21,38.53,37.72,15822915.0,97094745.0,822226755.0
2023-11-29,38.84,38.34,39.15,38.28,21626764.0,134643922.0,822226755.0
2023-11-30,38.09,38.46,38.59,37.28,22499856.0,136999046.0,822226755.0
2023-12-01,38.34,38.09,38.59,37.84,16095400.0,98472607.0,822226755.0
2023-12-04,38.03,37.9,38.28,37.72,11896346.0,72468288.0,822226755.0
2023-12-05,37.78,37.09,37.78,37.03,15172500.0,91082898.0,822226755.0
2023-12-06,36.97,37.03,37.53,36.91,12027766.0,71989493.0,822226755.0
2023-12-07,37.09,36.6,37.16,36.41,15090124.0,88906635.0,822226755.0
2023-12-08,36.6,36.53,36.97,36.22,14684435.0,86251283.0,822226755.0
2023-12-11,36.16,36.84,36.91,35.97,14183600.0,83274729.0,822226755.0
2023-12-12,36.78,36.28,37.03,35.79,19151727.0,111622356.0,822226755.0
2023-12-13,36.22,35.91,36.41,35.91,10631530.0,61658680.0,822226755.0
2023-12-14,35.97,35.91,36.47,35.85,10085271.0,58557341.0,822226755.0
2023-12-15,35.97,35.85,36.28,35.72,8619300.0,49779231.0,822226755.0
2023-12-18,35.72,34.98,35.91,34.98,11718300.0,66465916.0,822226755.0
2023-12-19,34.98,35.04,35.29,34.73,7769900.0,43726129.0,822226755.0
2023-12-20,35.1,34.36,35.23,34.36,8967916.0,49968929.0,822226755.0
2023-12-21,34.36,34.79,35.04,33.92,11794200.0,65366359.0,822226755.0
2023-12-22,34.79,34.23,34.92,33.92,10697597.0,58964997.0,822226755.0
2023-12-25,34.36,34.42,34.6,34.11,6846291.0,37757596.0,822226755.0
2023-12-26,34.42,33.92,34.54,33.61,8243732.0,44920455.0,822226755.0
2023-12-27,34.11,34.23,34.6,33.86,8096940.0,44390794.0,822226755.0
2023-12-28,34.23,35.72,35.79,34.04,20687664.0,117385351.0,822226755.0
2023-12-29,35.6,37.16,37.47,35.6,27628025.0,162261261.0,822226755.0
2024-01-02,37.09,36.53,37.09,36.41,16560093.0,97621384.0,822226755.0
2024-01-03,36.28,36.28,36.78,35.85,11498893.0,66919378.0,822226755.0
2024-01-04,36.22,36.41,36.41,35.66,10908750.0,63091495.0,822226755.0
2024-01-05,36.35,35.29,36.41,35.1,12095271.0,69471831.0,822226755.0
2024-01-08,35.1,34.48,35.23,34.42,9309493.0,52100189.0,822226755.0
2024-01-09,34.48,34.79,35.54,34.48,10851371.0,61013752.0,822226755.0
2024-01-10,34.73,34.98,35.41,33.86,12789265.0,71512529.0,822226755.0
2024-01-11,34.98,35.48,35.6,34.54,15196005.0,85699636.0,822226755.0
2024-01-12,35.72,35.48,36.35,35.23,14539500.0,83660023.0,822226755.0
2024-01-15,35.23,34.92,35.6,34.79,9749311.0,54959598.0,822226755.0
2024-01-16,35.04,35.23,35.48,34.48,11153000.0,62632849.0,822226755.0
2024-01-17,35.16,34.23,35.29,34.23,8977670.0,50052069.0,822226755.0
2024-01-18,33.92,33.73,34.42,32.55,16426850.0,88033367.0,822226755.0
2024-01-19,33.92,32.99,34.11,32.99,8086537.0,43431828.0,822226755.0
2024-01-22,32.74,30.75,32.92,30.06,15691297.0,79643737.0,822226755.0
2024-01-23,30.68,30.87,31.24,30.31,8713000.0,43126231.0,822226755.0
2024-01-24,30.93,31.06,31.43,29.75,11995700.0,58997888.0,822226755.0
2024-01-25,30.99,32.05,32.18,30.62,11395900.0,58030173.0,822226755.0
2024-01-26,31.99,32.05,32.55,31.8,7700271.0,39898950.0,822226755.0
2024-01-29,32.05,30.75,32.24,30.75,9736324.0,48994931.0,822226755.0
2024-01-30,30.62,30.25,31.43,30.25,8248534.0,40854301.0,822226755.0
2024-01-31,30.19,28.32,30.43,28.32,12909400.0,60427338.0,822226755.0
2024-02-01,27.88,27.45,28.5,27.38,12689446.0,56658442.0,822226755.0
2024-02-02,27.63,26.26,28.19,25.27,16769281.0,71701814.0,822226755.0
2024-02-05,25.95,23.46,25.95,22.97,21055200.0,81526502.0,822226755.0
2024-02-06,23.46,25.33,25.83,22.72,18144580.0,71280899.0,822226755.0
2024-02-07,25.33,24.83,26.02,24.4,15924469.0,64560737.0,822226755.0
2024-02-08,24.9,27.51,27.63,24.9,18056413.0,75679251.0,822226755.0
2024-02-19,28.26,27.76,28.5,27.26,17542540.0,78270247.0,822226755.0
2024-02-20,27.57,27.88,28.01,26.58,14441748.0,63959973.0,822226755.0
2024-02-21,27.51,28.01,28.75,27.38,19079336.0,86550266.0,822226755.0
2024-02-22,27.88,28.57,28.63,27.88,16261600.0,74035929.0,822226755.0
2024-02-23,28.75,29.63,29.81,28.32,24231421.0,113072834.0,822226755.0
2024-02-26,29.87,29.69,30.43,29.44,18707042.0,89856626.0,822226755.0
2024-02-27,29.44,30.43,30.43,29.25,15304739.0,73826954.0,822226755.0
2024-02-28,30.43,28.57,31.8,28.5,30770981.0,150143298.0,822226755.0
2024-02-29,28.32,29.56,29.63,28.07,16112781.0,75435718.0,822226755.0
2024-03-01,29.69,30.99,31.62,29.5,26172034.0,129179988.0,822226755.0
2024-03-04,30.62,30.56,31.24,29.94,19236441.0,94152923.0,822226755.0
2024-03-05,30.37,29.69,30.43,29.63,13018926.0,62610185.0,822226755.0
2024-03-06,29.75,30.56,30.99,29.63,16408288.0,80108444.0,822226755.0
2024-03-07,30.56,30.0,30.93,29.81,15055779.0,73097970.0,822226755.0
2024-03-08,30.0,30.31,30.62,29.87,11924600.0,57893369.0,822226755.0
2024-03-11,30.5,31.87,31.87,30.25,24917154.0,125120360.0,822226755.0
2024-03-12,31.87,31.49,31.87,31.06,18228300.0,92031093.0,822226755.0
2024-03-13,31.37,31.49,31.74,31.31,11951700.0,60505622.0,822226755.0
2024-03-14,31.31,31.31,31.62,30.75,11427481.0,57312820.0,822226755.0
2024-03-15,31.06,31.49,31.49,30.87,8880900.0,44524545.0,822226755.0
2024-03-18,31.62,31.87,31.93,31.43,15938100.0,81105332.0,822226755.0
2024-03-19,31.74,31.74,32.18,31.74,12130432.0,62215262.0,822226755.0
2024-03-20,31.87,32.05,32.05,31.74,11452602.0,58731184.0,822226755.0
2024-03-21,32.05,31.87,32.24,31.37,13474134.0,68816847.0,822226755.0
2024-03-22,31.8,31.31,31.87,30.93,15913100.0,79985281.0,822226755.0
2024-03-25,31.12,30.31,31.37,30.25,12130293.0,60108519.0,822226755.0
2024-03-26,30.25,30.31,30.75,29.63,14537275.0,70698464.0,822226755.0
2024-03-27,30.19,28.88,30.37,28.88,12891086.0,61476400.0,822226755.0
2024-03-28,28.88,29.69,30.25,28.88,11817212.0,56389022.0,822226755.0
2024-03-29,29.87,30.37,30.43,29.81,8441100.0,40922434.0,822226755.0
2024-04-01,30.37,31.49,31.55,30.31,13341016.0,67033479.0,822226755.0
2024-04-02,31.62,31.99,31.99,31.24,15129073.0,76916358.0,822226755.0
2024-04-03,31.99,31.37,31.99,31.18,9578600.0,48375256.0,822226755.0
2024-04-08,31.24,30.56,31.37,30.56,9531102.0,47232935.0,822226755.0
2024-04-09,30.43,31.18,31.37,30.43,8775563.0,43717575.0,822226755.0
2024-04-10,31.18,30.25,31.31,30.0,10304316.0,50396283.0,822226755.0
2024-04-11,30.06,30.56,30.93,29.63,8174056.0,40032763.0,822226755.0
2024-04-12,30.5,29.81,30.75,29.75,8119700.0,39372549.0,822226755.0
2024-04-15,29.81,28.5,30.19,27.88,14559100.0,67570419.0,822226755.0
2024-04-16,28.94,25.95,29.25,25.89,20654786.0,89591822.0,822226755.0
2024-04-17,26.2,27.76,27.82,26.2,17030669.0,75057156.0,822226755.0
2024-04-18,27.82,27.94,28.38,27.38,12236600.0,54990628.0,822226755.0
2024-04-19,27.82,27.26,28.07,27.07,11141942.0,49099888.0,822226755.0
2024-04-22,27.51,27.2,27.63,26.39,8579700.0,37359986.0,822226755.0
2024-04-23,26.89,27.38,27.57,26.76,8620574.0,37879589.0,822226755.0
2024-04-24,27.32,28.13,28.26,27.14,8760824.0,39124092.0,822226755.0
2024-04-25,27.94,29.0,29.87,27.82,18578652.0,86468709.0,822226755.0
2024-04-26,26.82,26.76,27.14,26.26,37617300.0,161067411.0,822226755.0
2024-04-29,26.39,27.7,27.76,26.39,23540878.0,102914531.0,822226755.0
2024-04-30,27.63,27.14,27.88,26.76,15739373.0,68736976.0,822226755.0
2024-05-06,27.57,27.14,27.7,27.14,13068608.0,57381751.0,822226755.0
2024-05-07,27.2,27.01,27.26,26.82,12754296.0,55392953.0,822226755.0
2024-05-08,27.07,26.33,27.2,26.2,14526031.0,62150005.0,822226755.0
2024-05-09,26.39,27.07,27.32,26.39,15110573.0,65618194.0,822226755.0
2024-05-10,27.2,28.13,28.63,26.45,32404587.0,143984006.0,822226755.0
2024-05-13,27.94,27.82,28.44,27.2,23032668.0,102503987.0,822226755.0
2024-05-14,27.63,28.38,28.94,27.51,28399458.0,129487779.0,822226755.0
2024-05-15,28.19,27.14,28.5,27.14,24467091.0,108780431.0,822226755.0
2024-05-16,27.07,26.95,27.38,26.76,15598156.0,67935244.0,822226755.0
2024-05-17,26.76,27.01,27.26,26.58,12852836.0,55536207.0,822226755.0
2024-05-20,26.89,26.51,27.07,26.33,16719621.0,71607061.0,822226755.0
2024-05-21,26.45,26.33,26.51,26.14,9191309.0,38808596.0,822226755.0
2024-05-22,26.14,26.45,26.64,26.14,10690424.0,45333326.0,822226755.0
2024-05-23,26.33,25.21,26.45,25.08,18829824.0,77260777.0,822226755.0
2024-05-24,25.33,25.7,26.51,25.21,19006283.0,79499081.0,822226755.0
2024-05-27,25.7,26.26,26.58,25.39,16858367.0,70523509.0,822226755.0
2024-05-28,26.08,26.82,26.95,25.83,29235466.0,125076429.0,822226755.0
2024-05-29,26.51,26.33,26.95,25.89,24123168.0,102265384.0,822226755.0
2024-05-30,26.45,25.7,26.76,25.58,18582016.0,77601480.0,824690700.0000001
2024-05-31,25.58,25.52,25.83,25.39,11653600.0,47859290.0,824690700.0000001
2024-06-03,25.39,24.46,25.58,24.21,17209600.0,68124907.0,824690700.0000001
2024-06-04,24.4,24.09,24.46,23.34,16952100.0,64623992.0,824690700.0000001
2024-06-05,23.96,23.09,24.02,23.09,13296100.0,50005654.0,824690700.0000001
2024-06-06,23.03,21.91,23.4,21.85,20287887.0,72928133.0,824690700.0000001
2024-06-07,22.41,22.65,22.97,22.22,12300711.0,44683216.0,824690700.0000001
2024-06-11,22.65,22.41,22.65,21.97,11691100.0,41961454.0,824690700.0000001
2024-06-12,22.41,22.47,22.65,22.16,9727529.0,35173391.0,824690700.0000001
2024-06-13,22.41,22.22,22.59,22.09,11607555.0,41595319.0,824690700.0000001
2024-06-14,22.16,23.84,25.33,21.91,36737868.0,140128537.0,824690700.0000001
2024-06-17,23.4,23.09,23.96,22.59,21081437.0,78810637.0,824690700.0000001
2024-06-18,22.9,23.28,23.46,22.78,14357084.0,53405934.0,824690700.0000001
2024-06-19,23.21,23.03,23.4,22.9,9765770.0,36219181.0,824690700.0000001
2024-06-20,22.78,22.53,23.09,22.41,11048827.0,40163828.0,824690700.0000001
2024-06-21,22.22,22.34,22.59,22.22,7002137.0,25202820.0,824690700.0000001
2024-06-24,22.22,21.1,22.22,21.04,11833552.0,40912539.0,824690700.0000001
2024-06-25,21.1,21.16,21.6,20.97,6447498.0,21999227.0,824690700.0000001
2024-06-26,20.97,21.78,21.78,20.85,8748298.0,30068627.0,824690700.0000001
2024-06-27,21.6,21.29,21.91,21.29,6846915.0,23701950.0,824690700.0000001
2024-06-28,21.22,21.78,22.34,21.22,12774438.0,44897170.0,824690700.0000001
2024-07-01,21.72,21.91,22.03,21.47,7782100.0,27210825.0,824690700.0000001
2024-07-02,21.91,22.47,23.03,21.72,16305197.0,58681355.0,824690700.0000001
2024-07-03,22.47,21.85,22.47,21.85,11942132.0,42201505.0,824690700.0000001
2024-07-04,21.66,21.04,21.91,21.04,8528100.0,29276894.0,824690700.0000001
2024-07-05,21.04,21.41,21.53,20.85,5710681.0,19485695.0,824690700.0000001
2024-07-08,21.41,20.48,21.41,20.35,9481881.0,31527135.0,824690700.0000001
2024-07-09,20.48,20.6,20.79,19.6,11796432.0,38387185.0,824690700.0000001
2024-07-10,20.41,20.17,20.6,20.04,7626800.0,24899921.0,824690700.0000001
2024-07-11,20.6,21.35,21.35,20.6,13174100.0,44630797.0,824690700.0000001
2024-07-12,21.41,21.97,22.28,21.29,19282162.0,67461512.0,824690700.0000001
2024-07-15,21.47,20.97,21.72,20.97,11645700.0,39734543.0,824690700.0000001
2024-07-16,20.79,20.85,21.16,20.73,6371600.0,21366713.0,824690700.0000001
2024-07-17,20.97,20.79,21.1,20.73,6768200.0,22738033.0,824690700.0000001
2024-07-18,20.54,20.66,20.79,19.92,8586573.0,28150177.0,824690700.0000001
2024-07-19,20.73,20.54,20.79,20.23,6701785.0,22117778.0,824690700.0000001
2024-07-22,20.91,20.91,21.22,20.79,8322400.0,28060173.0,824690700.0000001
2024-07-23,21.04,20.73,21.29,20.73,8078900.0,27297089.0,824690700.0000001
2024-07-24,20.73,20.17,20.91,20.17,7388118.0,24241915.0,824690700.0000001
2024-07-25,20.1,20.6,20.73,19.92,6092607.0,20031532.0,824690700.0000001
2024-07-26,20.73,20.97,21.1,20.66,5937100.0,19965013.0,824690700.0000001
2024-07-29,21.16,21.16,21.29,20.79,6051958.0,20479366.0,824690700.0000001
2024-07-30,21.1,21.53,21.53,20.91,7104500.0,24306103.0,824690700.0000001
2024-07-31,21.47,22.09,22.09,21.35,9993324.0,35100864.0,824690700.0000001
2024-08-01,22.09,21.97,22.22,21.85,8271600.0,29304955.0,824690700.0000001
2024-08-02,21.91,21.72,22.34,21.66,9120100.0,32178132.0,824690700.0000001
2024-08-05,21.6,21.04,21.97,21.04,8863092.0,30608601.0,824690700.0000001
2024-08-06,21.22,21.6,21.66,21.22,7288900.0,25123910.0,824690700.0000001
2024-08-07,22.03,21.97,22.22,21.78,11256200.0,39811692.0,824690700.0000001
2024-08-08,21.78,21.72,21.91,21.35,9198000.0,31976932.0,824690700.0000001
2024-08-09,21.78,21.41,22.03,21.41,6331222.0,22081944.0,824690700.0000001
2024-08-12,21.53,21.16,21.78,21.1,5382793.0,18463170.0,824690700.0000001
2024-08-13,21.35,21.47,21.53,20.85,6457709.0,22056874.0,824690700.0000001
2024-08-14,21.6,21.47,21.78,21.29,8709179.0,30107988.0,824690700.0000001
2024-08-15,21.41,22.03,22.09,21.1,14362398.0,50001100.0,824690700.0000001
2024-08-16,21.97,21.66,22.16,21.6,11895358.0,41900442.0,824690700.0000001
2024-08-19,22.03,21.35,22.03,21.35,9101100.0,31545303.0,824690700.0000001
2024-08-20,21.29,20.73,21.53,20.66,10587812.0,35674752.0,824690700.0000001
2024-08-21,20.66,20.54,20.91,20.48,6072300.0,20126765.0,824690700.0000001
2024-08-22,20.66,20.23,20.97,20.17,8875300.0,29345744.0,824690700.0000001
2024-08-23,20.35,19.85,20.35,19.67,7808600.0,25008420.0,824690700.0000001
2024-08-26,19.85,20.41,20.54,19.85,7707400.0,25176041.0,824690700.0000001
2024-08-27,20.41,19.85,20.41,19.67,7466121.0,23941891.0,824690700.0000001
2024-08-28,19.73,19.85,20.1,19.23,6908700.0,21921178.0,824690700.0000001
2024-08-29,19.85,20.41,20.54,19.73,9879300.0,32085352.0,824690700.0000001
2024-08-30,20.29,20.79,21.16,20.1,9692500.0,32489325.0,824690700.0000001
2024-09-02,20.91,20.41,21.16,20.41,9105300.0,30427737.0,824690700.0000001
2024-09-03,20.48,20.73,20.91,20.41,7427300.0,24639983.0,824690700.0000001
2024-09-04,20.73,20.73,20.97,20.48,8527800.0,28418647.0,824690700.0000001
2024-09-05,20.73,20.66,20.91,20.54,7064012.0,23466776.0,824690700.0000001
2024-09-06,20.66,20.17,20.79,19.98,7703612.0,25138843.0,824690700.0000001
2024-09-09,20.17,19.98,20.23,19.79,6793208.0,21799545.0,824690700.0000001
2024-09-10,20.1,23.96,23.96,19.73,56664719.0,206372603.0,824690700.0000001
2024-09-11,24.27,28.75,28.75,24.09,104791546.0,453147321.0,824690700.0000001
2024-09-12,27.38,31.31,34.04,26.58,198605144.0,959359062.0,824690700.0000001
2024-09-13,29.63,27.57,29.63,26.64,147447716.0,660418642.0,824690700.0000001
2024-09-18,25.39,23.84,25.77,22.41,107329982.0,417332941.0,824690700.0000001
2024-09-19,24.96,24.58,26.02,24.27,96960369.0,388050857.0,824690700.0000001
2024-09-20,23.77,23.53,24.46,23.34,84450687.0,322824172.0,824690700.0000001
2024-09-23,23.09,23.53,23.65,22.72,52871311.0,197674763.0,824690700.0000001
2024-09-24,23.34,24.02,24.15,22.28,78394645.0,292846364.0,824690700.0000001
2024-09-25,23.71,24.21,24.71,23.53,72897297.0,284042052.0,824690700.0000001
2024-09-26,24.15,24.33,24.4,23.53,50241618.0,194060316.0,824690700.0000001
2024-09-27,24.9,26.14,26.82,24.4,85492642.0,352527883.0,824690700.0000001
2024-09-30,27.38,30.31,30.87,26.76,101524655.0,466371343.0,824690700.0000001
2024-10-08,36.22,34.11,36.22,30.5,109886265.0,588045974.0,824690700.0000001
2024-10-09,32.36,28.26,32.36,28.26,81960112.0,395399747.0,824690700.0000001
2024-10-10,28.63,28.13,29.63,27.76,46390964.0,214134192.0,824690700.0000001
2024-10-11,28.26,26.51,28.38,26.14,35185400.0,152292748.0,824690700.0000001
2024-10-14,26.64,27.57,27.57,26.2,31290273.0,135648144.0,824690700.0000001
2024-10-15,27.45,27.38,28.44,26.82,38582309.0,171381872.0,824690700.0000001
2024-10-16,26.89,27.14,27.63,26.58,26468465.0,115630307.0,824690700.0000001
2024-10-17,27.45,26.95,27.88,26.95,23915977.0,105441488.0,824690700.0000001
2024-10-18,26.89,27.51,28.13,26.64,39255264.0,171887749.0,824690700.0000001
2024-10-21,27.88,28.01,28.26,27.51,38125369.0,170968034.0,824690700.0000001
2024-10-22,27.94,29.07,29.19,27.63,46694462.0,214768618.0,824690700.0000001
2024-10-23,29.13,29.0,29.38,28.57,37142046.0,172660784.0,824690700.0000001
2024-10-24,28.88,28.13,29.13,27.88,32325232.0,147353833.0,824690700.0000001
2024-10-25,28.01,28.88,29.13,28.01,34859051.0,160937722.0,824690700.0000001
2024-10-28,28.75,29.75,29.87,28.63,36007843.0,169453423.0,824690700.0000001
2024-10-29,29.75,28.13,29.94,28.07,45524190.0,210320689.0,824690700.0000001
2024-10-30,27.88,27.76,28.19,27.26,30865917.0,137362101.0,824690700.0000001
2024-10-31,27.82,28.88,29.56,27.82,43909801.0,203848803.0,824690700.0000001
2024-11-01,28.63,26.89,28.88,26.82,41439730.0,183091528.0,824690700.0000001
2024-11-04,26.95,27.51,27.82,26.76,21731916.0,95821413.0,824690700.0000001
2024-11-05,27.38,28.38,28.5,27.38,29064943.0,131177747.0,824690700.0000001
2024-11-06,28.69,29.0,29.38,28.38,35104594.0,162989090.0,824690700.0000001
2024-11-07,29.0,30.87,31.37,28.57,63708074.0,309052006.0,824690700.0000001
2024-11-08,30.75,30.43,31.55,30.31,53533349.0,265920587.0,824690700.0000001
2024-11-11,30.12,31.37,31.55,30.0,44767434.0,221790223.0,824690700.0000001
2024-11-12,31.49,30.62,31.55,30.06,37916917.0,188171065.0,824690700.0000001
2024-11-13,30.31,30.81,30.87,29.63,32049180.0,155985695.0,824690700.0000001
2024-11-14,30.93,29.94,32.67,29.81,56057995.0,282063957.0,824690700.0000001
2024-11-15,29.69,28.88,30.19,28.88,34845965.0,165610011.0,824690700.0000001
2024-11-18,29.07,28.19,29.56,27.51,27849892.0,126700412.0,824690700.0000001
2024-11-19,28.13,29.63,29.69,27.94,27466431.0,127259664.0,824690700.0000001
2024-11-20,29.63,30.31,30.43,29.5,26860121.0,129551194.0,824690700.0000001
2024-11-21,30.19,30.99,31.12,30.0,35062500.0,172812434.0,824690700.0000001
2024-11-22,30.81,29.63,31.31,29.56,35999049.0,177104904.0,824690700.0000001
2024-11-25,29.87,30.68,30.68,29.07,27384095.0,131614079.0,824690700.0000001
2024-11-26,30.99,29.94,30.99,29.75,25487423.0,123591649.0,824690700.0000001
2024-11-27,29.69,30.19,30.25,28.75,21564204.0,102192107.0,824690700.0000001
2024-11-28,30.12,30.43,30.87,30.12,25880901.0,126885929.0,824690700.0000001
2024-11-29,30.5,30.37,30.68,29.5,31125847.0,150801252.0,824690700.0000001
2024-12-02,30.43,31.18,31.31,30.12,32636137.0,161897261.0,824690700.0000001
2024-12-03,31.31,31.06,31.31,30.75,25304366.0,126191441.0,824690700.0000001
2024-12-04,30.87,30.25,30.99,30.0,24648275.0,120928540.0,824690700.0000001
2024-12-05,30.81,31.06,31.62,30.68,43670270.0,218128758.0,824690700.0000001
2024-12-06,31.31,31.49,31.62,30.19,46903760.0,233997615.0,824690700.0000001
2024-12-09,31.55,31.55,32.11,31.12,35016678.0,177968478.0,824690700.0000001
2024-12-10,32.49,31.31,32.74,31.24,35493124.0,181594661.0,824690700.0000001
2024-12-11,31.24,31.62,31.68,31.12,22732933.0,114832204.0,824690700.0000001
2024-12-12,31.62,31.49,31.74,31.12,22715937.0,114714216.0,824690700.0000001
2024-12-13,31.43,31.18,32.8,31.06,47943894.0,245151766.0,824690700.0000001
2024-12-16,30.81,30.5,31.55,30.31,28391739.0,140781296.0,824690700.0000001
2024-12-17,30.31,29.19,30.43,29.07,25808271.0,122775179.0,824690700.0000001
2024-12-18,29.13,29.94,30.43,28.5,27908781.0,133513947.0,824690700.0000001
2024-12-19,29.63,30.06,30.19,29.25,19669677.0,94077517.0,824690700.0000001
2024-12-20,30.06,29.63,30.19,29.5,21513245.0,103024870.0,824690700.0000001
2024-12-23,29.75,27.63,29.75,27.45,27994577.0,127066376.0,824690700.0000001
2024-12-24,27.7,27.63,28.57,27.32,18985766.0,84759903.0,824690700.0000001
2024-12-25,27.51,26.89,27.76,26.2,17501164.0,75279153.0,824690700.0000001
2024-12-26,26.76,27.01,27.38,26.76,12025174.0,52466132.0,824690700.0000001
2024-12-27,27.07,27.7,28.19,26.95,16613022.0,74117518.0,824690700.0000001
2024-12-30,27.7,27.14,27.7,26.7,13306801.0,58125286.0,824690700.0000001
2024-12-31,27.07,26.39,27.57,26.26,13798734.0,59283263.0,824690700.0000001
2025-01-02,26.2,25.77,26.7,25.39,14420700.0,60327924.0,824690700.0000001
2025-01-03,25.83,24.46,25.95,24.4,16396971.0,65750761.0,824690700.0000001
2025-01-06,24.4,24.77,24.77,23.4,11275608.0,44115189.0,824690700.0000001
2025-01-07,24.77,25.7,25.77,24.65,14489620.0,58882061.0,824690700.0000001
2025-01-08,25.7,25.39,25.7,24.52,14252823.0,57586584.0,824690700.0000001
2025-01-09,25.39,25.46,25.89,25.14,9337300.0,38422119.0,824690700.0000001
2025-01-10,25.39,24.46,25.64,24.46,10745549.0,43216168.0,824690700.0000001
2025-01-13,23.9,24.58,24.83,23.53,10609914.0,41450200.0,824690700.0000001
2025-01-14,24.83,25.64,25.7,24.71,13149600.0,53509732.0,824690700.0000001
2025-01-15,25.7,25.58,26.33,25.21,14857500.0,61275071.0,824690700.0000001
2025-01-16,25.83,25.95,26.45,25.64,11566000.0,48357310.0,824690700.0000001
2025-01-17,25.83,25.58,25.95,25.46,10388549.0,42901557.0,824690700.0000001
2025-01-20,25.83,25.95,26.2,25.64,12650284.0,52848466.0,824690700.0000001
2025-01-21,26.08,25.64,26.39,25.39,11264508.0,46435689.0,824690700.0000001
2025-01-22,23.65,24.21,24.83,23.28,27391329.0,106489888.0,824690700.0000001
2025-01-23,24.4,23.77,24.96,23.77,19613178.0,77128577.0,824690700.0000001
2025-01-24,24.21,24.27,24.33,23.65,14310845.0,55248901.0,824690700.0000001
2025-01-27,24.4,23.9,24.71,23.77,11397765.0,44284556.0,824690700.0000001
2025-02-05,23.96,24.58,24.65,23.96,11922400.0,46822758.0,824690700.0000001
2025-02-06,24.65,25.02,25.08,24.21,15522160.0,61698786.0,824690700.0000001
2025-02-07,25.02,25.58,25.83,24.9,16199587.0,66356118.0,824690700.0000001
2025-02-10,25.95,26.2,26.2,25.64,14602971.0,60846117.0,824690700.0000001
2025-02-11,26.14,26.02,26.26,25.77,11599079.0,48381195.0,824690700.0000001
2025-02-12,26.2,26.58,26.58,25.95,13405900.0,56715321.0,824690700.0000001
2025-02-13,26.58,26.08,26.64,26.02,11670856.0,49320673.0,824690700.0000001
2025-02-14,26.02,26.08,26.33,25.89,9434807.0,39597036.0,824690700.0000001
2025-02-17,26.02,26.39,26.76,25.95,17900531.0,75731695.0,824690700.0000001
2025-02-18,26.76,25.7,27.01,25.58,19529022.0,82896812.0,824690700.0000001
2025-02-19,25.58,26.14,26.2,25.58,13057832.0,54521709.0,824690700.0000001
2025-02-20,26.26,26.14,26.26,25.7,12584500.0,52559790.0,824690700.0000001
2025-02-21,26.08,26.33,26.51,25.7,16190268.0,68127962.0,824690700.0000001
2025-02-24,26.33,26.64,26.89,26.14,18882746.0,80526267.0,824690700.0000001
2025-02-25,26.39,26.45,26.95,26.08,15328063.0,65331361.0,824690700.0000001
2025-02-26,26.39,26.82,26.89,26.39,15049545.0,64507867.0,824690700.0000001
2025-02-27,26.89,26.39,27.01,25.89,17533371.0,74297469.0,824690700.0000001
2025-02-28,26.45,25.58,26.64,25.52,18324500.0,76670110.0,824690700.0000001
2025-03-03,25.95,25.89,26.64,25.7,18829477.0,79403593.0,824690700.0000001
2025-03-04,25.83,26.14,26.2,25.64,13302085.0,55581017.0,824690700.0000001
2025-03-05,26.14,25.7,26.2,25.33,15579513.0,64149028.0,824690700.0000001
2025-03-06,25.77,26.39,26.51,25.64,18175695.0,76669729.0,824690700.0000001
2025-03-07,26.33,25.46,26.33,25.33,23675272.0,97713354.0,824690700.0000001
2025-03-10,25.52,25.46,25.77,25.21,12585365.0,51494666.0,824690700.0000001
2025-03-11,25.14,25.64,25.64,24.96,13816575.0,56154380.0,824690700.0000001
2025-03-12,25.64,26.02,26.33,25.58,23326975.0,97354942.0,824690700.0000001
2025-03-13,25.95,25.64,26.02,25.14,17001503.0,69604044.0,824690700.0000001
2025-03-14,25.52,26.02,26.08,25.27,18399616.0,75956318.0,824690700.0000001
2025-03-17,26.14,26.14,26.45,26.02,16635300.0,70084453.0,824690700.0000001
2025-03-18,27.32,31.37,31.37,27.32,81231893.0,395034283.0,824690700.0000001
2025-03-19,31.93,30.0,33.11,29.94,183111656.0,933389797.0,824690700.0000001
2025-03-20,30.37,30.37,31.55,29.38,104065296.0,510385947.0,824690700.0000001
2025-03-21,29.56,28.57,29.87,28.32,81381404.0,378173198.0,824690700.0000001
2025-03-24,28.57,27.32,29.0,26.7,57230931.0,254211579.0,824690700.0000001
2025-03-25,27.57,28.01,28.32,27.26,53004076.0,237293429.0,824690700.0000001
2025-03-26,28.94,28.75,30.37,28.63,69683681.0,328441583.0,824690700.0000001
2025-03-27,29.07,27.57,29.5,27.51,50054900.0,227193610.0,824690700.0000001
2025-03-28,27.51,26.76,27.94,26.76,34014508.0,149119494.0,824690700.0000001
2025-03-31,26.7,25.95,26.7,25.7,29703541.0,124202376.0,824690700.0000001
2025-04-01,26.33,26.89,27.38,26.14,31918530.0,137559453.0,824690700.0000001
2025-04-02,27.07,27.32,27.94,26.45,33931881.0,148453566.0,824690700.0000001
2025-04-03,26.95,27.14,27.76,26.76,27452581.0,120163489.0,824690700.0000001
2025-04-07,24.9,22.16,25.39,21.78,47095739.0,176757001.0,824690700.0000001
2025-04-08,22.78,22.9,23.84,22.41,32326040.0,119686905.0,824690700.0000001
2025-04-09,22.59,23.59,23.9,20.79,37267800.0,134783760.0,824690700.0000001
2025-04-10,24.21,24.09,24.65,23.84,30525400.0,118901555.0,824690700.0000001
2025-04-11,23.84,24.09,24.33,23.53,19141800.0,74286205.0,824690700.0000001
2025-04-14,24.52,24.33,24.77,24.21,19118716.0,75230638.0,824690700.0000001
2025-04-15,24.4,24.33,24.58,23.96,16150200.0,62935599.0,824690700.0000001
2025-04-16,24.21,23.59,24.21,23.15,21704000.0,82467202.0,824690700.0000001
2025-04-17,23.46,23.71,24.15,23.34,16343100.0,62513690.0,824690700.0000001
2025-04-18,24.02,23.96,24.83,23.71,25880849.0,100261798.0,824690700.0000001
2025-04-21,24.02,24.46,25.02,23.84,24663700.0,97123251.0,824690700.0000001
2025-04-22,24.27,24.52,24.71,24.02,24936000.0,97957148.0,824690700.0000001
2025-04-23,24.71,24.71,25.02,24.27,26990912.0,106699993.0,824690700.0000001
2025-04-24,24.65,24.33,24.71,24.15,16921300.0,66322566.0,824690700.0000001
2025-04-25,24.33,24.58,24.71,24.15,17350588.0,68389468.0,824690700.0000001
2025-04-28,24.65,24.02,24.83,23.96,16854781.0,65762977.0,824690700.0000001
2025-04-29,24.27,24.4,24.71,23.96,19161926.0,75317113.0,824690700.0000001
2025-04-30,24.46,24.58,24.9,24.27,18555249.0,73517479.0,824690700.0000001
2025-05-06,25.02,25.46,25.46,24.96,21504372.0,87233484.0,824690700.0000001
2025-05-07,25.7,25.58,25.89,25.33,20592897.0,84550126.0,824690700.0000001
2025-05-08,25.7,26.64,26.76,25.58,30928894.0,130644608.0,824690700.0000001
2025-05-09,26.51,25.95,26.58,25.89,18811354.0,78890619.0,824690700.0000001
2025-05-12,26.14,26.14,26.26,25.83,18373967.0,76858095.0,824690700.0000001
2025-05-13,26.45,26.02,26.58,25.95,15801574.0,66426288.0,824690700.0000001
2025-05-14,25.95,25.83,26.08,25.64,16913374.0,70129344.0,824690700.0000001
2025-05-15,25.83,25.52,25.83,25.46,17633800.0,72484185.0,824690700.0000001
2025-05-16,25.39,25.64,26.02,25.39,16327300.0,67640141.0,824690700.0000001
2025-05-19,25.64,26.14,26.2,25.39,19299500.0,80296168.0,824690700.0000001
2025-05-20,26.14,26.58,26.58,26.08,16765302.0,71074112.0,824690700.0000001
2025-05-21,26.58,26.2,26.58,26.08,14190536.0,59857406.0,824690700.0000001
2025-05-22,26.08,25.77,26.76,25.7,20327841.0,85322046.0,824690700.0000001
2025-05-23,25.77,25.39,26.14,25.33,17893581.0,73902217.0,824690700.0000001
2025-05-26,25.39,25.95,26.02,25.39,15097794.0,62480897.0,824690700.0000001
2025-05-27,27.14,27.14,28.88,26.82,75478004.0,333226870.0,824690700.0000001
2025-05-28,27.14,26.95,27.51,26.7,45022800.0,195803051.0,824690700.0000001
2025-05-29,26.95,27.82,28.32,26.7,47749189.0,211007007.0,824690700.0000001
2025-05-30,27.82,27.07,28.01,26.95,33876058.0,148678580.0,824690700.0000001
2025-06-03,26.95,27.01,27.2,26.14,24574515.0,106343812.0,824690700.0000001
2025-06-04,27.14,27.14,27.63,27.01,28417415.0,124363311.0,824690700.0000001
2025-06-05,28.01,27.88,28.57,27.51,45746085.0,204618291.0,824690700.0000001
2025-06-06,27.7,27.51,27.88,27.2,36027088.0,159084425.0,824690700.0000001
2025-06-09,27.63,27.7,27.82,27.38,26858564.0,119073004.0,824690700.0000001
2025-06-10,27.7,27.32,27.7,26.95,24647612.0,108354902.0,824690700.0000001
2025-06-11,27.26,27.07,27.51,27.01,18921400.0,82813616.0,824690700.0000001
2025-06-12,27.01,27.14,27.14,26.76,17284700.0,74801934.0,824690700.0000001
2025-06-13,26.89,26.33,26.95,26.26,21008700.0,89483446.0,824690700.0000001
2025-06-16,26.14,26.58,26.64,25.89,12931173.0,55017737.0,824690700.0000001
2025-06-17,26.58,26.7,26.7,26.26,12809327.0,54545713.0,824690700.0000001
2025-06-18,26.51,27.01,27.51,26.45,29169032.0,126780659.0,824690700.0000001
2025-06-19,27.01,26.26,27.26,26.08,17584273.0,74906840.0,824690700.0000001
2025-06-20,26.14,26.33,26.89,26.14,20315949.0,86717875.0,824690700.0000001
2025-06-23,26.08,27.26,27.38,25.95,28589525.0,123852423.0,824690700.0000001
2025-06-24,27.32,28.01,28.07,27.26,31264847.0,139512299.0,824690700.0000001
2025-06-25,28.01,28.26,28.82,27.94,29106504.0,132026276.0,824690700.0000001
2025-06-26,28.75,28.57,29.75,28.44,44219937.0,205931386.0,824690700.0000001
2025-06-27,28.75,28.5,29.56,28.38,29642676.0,137196705.0,824690700.0000001
2025-06-30,28.57,28.5,28.69,28.32,23552908.0,107622447.0,824690700.0000001
2025-07-01,28.5,28.32,28.75,28.01,20500271.0,93239551.0,824690700.0000001
2025-07-02,28.13,28.57,28.63,28.01,19507897.0,88915719.0,824690700.0000001
2025-07-03,28.5,28.75,28.82,28.26,17094771.0,78344335.0,824690700.0000001
2025-07-04,28.69,28.26,28.82,28.13,15711200.0,71656071.0,824690700.0000001
2025-07-07,28.19,29.13,29.25,28.13,25616993.0,118316334.0,824690700.0000001
2025-07-08,29.19,29.56,29.94,28.75,32741600.0,154122979.0,824690700.0000001
2025-07-09,29.56,29.31,29.81,29.13,25990224.0,123226256.0,824690700.0000001
2025-07-10,29.19,29.07,29.5,28.94,17401126.0,81481408.0,824690700.0000001
2025-07-11,29.0,28.94,29.13,28.69,18084000.0,84053356.0,824690700.0000001
2025-07-14,29.0,29.44,29.69,28.82,22441200.0,105987359.0,824690700.0000001
2025-07-15,29.31,28.88,29.44,28.5,21932063.0,101826384.0,824690700.0000001
2025-07-16,28.88,29.0,29.31,28.75,14971449.0,69857137.0,824690700.0000001
2025-07-17,29.0,29.19,29.44,28.82,15975181.0,74718258.0,824690700.0000001
2025-07-18,29.19,30.31,30.62,29.19,60771840.0,292609347.0,824690700.0000001
2025-07-21,30.93,30.81,31.06,30.31,44384982.0,218388235.0,824690700.0000001
2025-07-22,30.75,30.56,30.93,30.25,27068839.0,132846028.0,824690700.0000001
2025-07-23,30.75,30.0,30.75,29.94,23370496.0,113578653.0,824690700.0000001
2025-07-24,30.06,30.25,30.37,30.0,18665081.0,90583332.0,824690700.0000001
2025-07-25,30.25,30.25,30.87,30.12,22098800.0,107710676.0,824690700.0000001
2025-07-28,30.25,30.75,30.99,30.19,25274856.0,124561249.0,824690700.0000001
2025-07-29,30.68,31.18,31.74,30.62,31626106.0,157829530.0,824690700.0000001
2025-07-30,30.99,30.99,31.31,30.62,24349673.0,121173275.0,824690700.0000001
2025-07-31,30.87,31.06,31.37,30.56,23345765.0,116149045.0,824690700.0000001
2025-08-01,30.93,31.74,31.74,30.75,30815709.0,154948879.0,824690700.0000001
2025-08-04,31.37,32.55,32.8,30.99,39762992.0,204848397.0,824690700.0000001
2025-08-05,32.55,32.24,33.23,32.05,41500046.0,217537559.0,824690700.0000001
2025-08-06,32.3,34.17,34.36,32.11,59506043.0,318620940.0,824690700.0000001
2025-08-07,34.17,34.42,34.98,33.98,50443410.0,279197790.0,824690700.0000001
2025-08-08,34.29,35.85,36.1,33.67,63510858.0,360401496.0,824690700.0000001
2025-08-11,36.28,37.09,37.84,35.91,73403390.0,436458464.0,824690700.0000001
2025-08-12,36.47,36.04,36.84,35.85,44086280.0,256960252.0,824690700.0000001
2025-08-13,35.97,36.1,36.41,35.41,35254244.0,203291482.0,824690700.0000001
2025-08-14,36.04,35.29,36.28,34.85,40419405.0,230629346.0,824690700.0000001
2025-08-15,35.29,36.47,36.47,35.1,38192676.0,220111600.0,824690700.0000001
2025-08-18,36.72,38.03,38.34,36.28,50342005.0,304316801.0,824690700.0000001
2025-08-19,38.03,37.47,38.46,37.28,36909511.0,223876175.0,824690700.0000001
2025-08-20,37.47,38.34,38.53,37.03,35965264.0,219194307.0,824690700.0000001
2025-08-21,38.03,38.15,38.28,37.47,35441873.0,215863208.0,824690700.0000001
2025-08-22,38.03,39.21,39.4,37.84,57021509.0,354518440.0,824690700.0000001
2025-08-25,38.96,35.48,39.21,35.23,101368114.0,596978944.0,824690700.0000001
2025-08-26,35.41,33.11,35.91,32.99,122757473.0,674824460.0,824690700.0000001
2025-08-27,32.8,29.75,33.17,29.63,154677542.0,779538571.0,824690700.0000001
2025-08-28,29.87,29.81,30.06,28.44,93063819.0,438996169.0,824690700.0000001
2025-08-29,29.56,28.94,29.56,28.75,62396673.0,292382635.0,824690700.0000001
2025-09-01,29.07,29.07,29.31,28.82,49013397.0,228802387.0,824690700.0000001
2025-09-02,29.0,28.5,29.0,28.01,49989260.0,228232552.0,824690700.0000001
2025-09-03,28.44,27.76,28.57,27.57,34744107.0,156575329.0,824690700.0000001
2025-09-04,27.76,28.13,28.5,27.76,48831078.0,221845709.0,824690700.0000001
2025-09-05,28.13,28.44,28.5,27.88,37680479.0,171389354.0,824690700.0000001
2025-09-08,28.5,28.94,28.94,28.13,46547000.0,213344248.0,824690700.0000001
2025-09-09,29.25,28.69,29.5,28.44,61663381.0,286223995.0,824690700.0000001
2025-09-10,28.38,28.44,28.63,28.19,32092715.0,146309364.0,824690700.0000001
2025-09-11,28.44,28.63,28.75,27.88,33334462.0,151623999.0,824690700.0000001
2025-09-12,28.57,28.32,28.63,28.26,29001100.0,132347359.0,824690700.0000001
2025-09-15,28.19,28.07,28.44,28.01,22407306.0,101457605.0,824690700.0000001
2025-09-16,28.07,28.75,28.82,27.94,35542168.0,162208057.0,824690700.0000001
2025-09-17,28.69,28.63,28.88,28.38,26523155.0,121923207.0,824690700.0000001
2025-09-18,28.5,28.13,28.82,28.01,39648512.0,180905336.0,824690700.0000001
2025-09-19,28.13,27.7,28.19,27.51,27287340.0,121748176.0,824690700.0000001
2025-09-22,27.57,27.32,27.7,27.14,17848600.0,78438352.0,824690700.0000001
2025-09-23,27.38,26.95,27.45,26.26,28879076.0,123968642.0,824690700.0000001
2025-09-24,26.7,27.82,27.88,26.7,25982197.0,114546221.0,824690700.0000001
2025-09-25,27.7,27.51,28.26,27.51,22495341.0,100452086.0,824690700.0000001
2025-09-26,27.51,27.51,28.13,27.32,21038324.0,93850198.0,824690700.0000001
2025-09-29,27.51,27.82,28.13,27.01,23065762.0,102801876.0,824690700.0000001
2025-09-30,27.88,27.63,27.94,27.63,18181822.0,81126991.0,824690700.0000001
2025-10-09,27.7,27.51,27.88,27.38,21059315.0,93151235.0,824690700.0000001
2025-10-10,27.45,27.76,28.07,27.2,27900376.0,124255201.0,824690700.0000001
2025-10-13,26.76,27.57,27.63,26.26,23651584.0,103253147.0,824690700.0000001
2025-10-14,27.7,27.38,28.26,27.32,26517426.0,118497143.0,824690700.0000001
2025-10-15,27.38,28.07,28.13,27.14,24951788.0,111144394.0,824690700.0000001
2025-10-16,29.5,28.5,30.19,28.32,70425470.0,327179544.0,824690700.0000001
2025-10-17,28.5,27.01,28.75,26.95,47110395.0,208444967.0,824690700.0000001
2025-10-20,27.32,27.07,27.45,26.95,22659295.0,98951032.0,824690700.0000001
2025-10-21,27.2,27.51,27.51,26.95,23367100.0,102551050.0,824690700.0000001
2025-10-22,27.38,27.38,27.63,27.14,18624400.0,82134509.0,824690700.0000001
2025-10-23,27.32,27.57,27.57,26.95,19926069.0,87077310.0,824690700.0000001
2025-10-24,27.57,27.32,27.7,27.26,16267113.0,71715793.0,824690700.0000001
2025-10-27,27.38,27.26,27.45,27.14,16320166.0,71446939.0,824690700.0000001
2025-10-28,27.26,27.32,27.51,27.07,15767884.0,69228892.0,824690700.0000001
2025-10-29,27.2,27.26,27.32,26.95,16666330.0,72707370.0,824690700.0000001
2025-10-30,27.01,26.51,27.01,26.45,24614744.0,105598747.0,824690700.0000001
2025-10-31,26.45,26.82,26.89,26.39,16002386.0,68719235.0,824690700.0000001
2025-11-03,26.82,27.38,27.38,26.7,19873195.0,86521768.0,824690700.0000001
2025-11-04,27.26,27.94,28.13,27.26,39511000.0,176907840.0,824690700.0000001
2025-11-05,27.57,29.19,29.5,27.51,78250386.0,362803359.0,824690700.0000001
2025-11-06,29.19,29.07,29.69,28.94,57103859.0,268100757.0,824690700.0000001
2025-11-07,29.0,30.25,31.43,28.69,104156734.0,505735307.0,824690700.0000001
2025-11-10,29.75,29.87,30.31,28.94,70304690.0,334820209.0,824690700.0000001
2025-11-11,29.94,30.0,30.68,29.87,45525264.0,220429809.0,824690700.0000001
2025-11-12,29.81,29.38,30.06,29.19,35836124.0,169670643.0,824690700.0000001
2025-11-13,29.31,29.69,29.94,29.0,34994108.0,166288342.0,824690700.0000001
2025-11-14,29.56,29.5,29.81,29.25,26764508.0,127244369.0,824690700.0000001
2025-11-17,29.44,29.44,29.5,29.13,25861222.0,121756512.0,824690700.0000001
2025-11-18,29.38,28.57,29.38,28.38,28017008.0,129022292.0,824690700.0000001
2025-11-19,28.57,27.94,28.75,27.82,23222710.0,104766309.0,824690700.0000001
2025-11-20,28.01,27.51,28.19,27.45,19268500.0,85686556.0,824690700.0000001
2025-11-21,27.38,25.83,27.51,25.77,40674910.0,171806705.0,824690700.0000001
2025-11-24,26.02,26.33,26.45,25.64,24546848.0,102851094.0,824690700.0000001
2025-11-25,26.45,26.58,26.76,26.14,17996000.0,76739931.0,824690700.0000001
2025-11-26,26.45,26.33,26.76,26.2,15014800.0,63870991.0,824690700.0000001
2025-11-27,26.39,26.51,26.7,26.26,12084500.0,51458720.0,824690700.0000001
2025-11-28,26.33,26.89,27.01,26.33,12118308.0,51994074.0,824690700.0000001
2025-12-01,26.89,26.76,27.2,26.76,14581500.0,63165013.0,824690700.0000001
2025-12-02,26.7,26.76,26.89,26.39,12651100.0,54184305.0,824690700.0000001
2025-12-03,26.82,26.33,26.89,26.26,14086632.0,59960746.0,824690700.0000001
2025-12-04,26.26,25.95,26.39,25.89,11537000.0,48388304.0,824690700.0000001
2025-12-05,26.02,26.95,27.07,25.83,20153189.0,85939401.0,824690700.0000001
2025-12-08,26.95,27.01,27.14,26.82,13544187.0,58748835.0,824690700.0000001
2025-12-09,27.01,26.76,27.2,26.7,10922690.0,47243311.0,824690700.0000001
2025-12-10,26.82,26.45,26.89,26.26,12132830.0,51618524.0,824690700.0000001
2025-12-11,26.45,26.14,27.01,26.14,16617200.0,70842658.0,824690700.0000001
2025-12-12,26.14,26.7,27.07,26.14,24547760.0,105476233.0,824690700.0000001
2025-12-15,26.7,26.95,27.26,26.51,19222352.0,83189200.0,824690700.0000001
2025-12-16,26.76,26.14,26.89,26.14,18735808.0,79242214.0,824690700.0000001
2025-12-17,26.14,25.64,26.2,24.9,27673016.0,113287450.0,824690700.0000001
2025-12-18,25.58,25.64,26.08,25.33,16035358.0,66485277.0,824690700.0000001
2025-12-19,25.7,26.26,26.39,25.64,16573408.0,69532997.0,824690700.0000001
2025-12-22,26.33,26.26,26.39,26.14,13169535.0,55566648.0,824690700.0000001
2025-12-23,26.26,25.77,26.33,25.7,13054800.0,54394008.0,824690700.0000001
2025-12-24,25.77,26.39,26.45,25.64,18616016.0,78486524.0,824690700.0000001
2025-12-25,26.39,26.58,26.64,26.14,14035830.0,59449089.0,824690700.0000001
2025-12-26,26.58,26.45,26.64,26.2,15337311.0,65267510.0,824690700.0000001
2025-12-29,26.51,26.26,26.51,26.14,13042316.0,55146636.0,824690700.0000001
2025-12-30,26.14,25.83,26.33,25.77,13466500.0,56279508.0,824690700.0000001
2025-12-31,25.89,25.7,25.95,25.39,14702211.0,60654718.0,824690700.0000001
2026-01-05,25.7,26.14,26.26,25.7,16430616.0,68870960.0,824690700.0000001
2026-01-06,26.14,26.33,26.45,26.02,17633200.0,74497559.0,824690700.0000001
2026-01-07,26.26,26.33,26.64,26.2,16512112.0,70041195.0,824690700.0000001
2026-01-08,26.33,26.76,26.82,26.2,21213108.0,90738079.0,824690700.0000001
2026-01-09,26.64,26.76,26.89,26.51,18051565.0,77433098.0,824690700.0000001
2026-01-12,26.7,27.38,27.38,26.64,26042400.0,113379456.0,824690700.0000001
2026-01-13,27.32,27.88,28.69,26.89,61322299.0,274039774.0,824690700.0000001
2026-01-14,27.88,28.13,28.5,27.57,56816490.0,256235064.0,824690700.0000001
2026-01-15,28.01,27.63,28.13,27.26,32792324.0,145621466.0,824690700.0000001
2026-01-16,29.25,27.88,29.5,27.88,58800112.0,269131120.0,824690700.0000001
2026-01-19,27.82,30.25,30.87,27.76,121559829.0,583648967.0,824690700.0000001
2026-01-20,29.63,30.12,30.62,29.07,86256861.0,416167581.0,824690700.0000001
2026-01-21,29.75,28.94,29.75,28.75,54561445.0,255122430.0,824690700.0000001
2026-01-22,28.94,28.69,29.13,28.38,38057173.0,175120391.0,824690700.0000001
2026-01-23,28.75,29.25,29.69,28.63,43579363.0,204107544.0,824690700.0000001
2026-01-26,29.19,28.5,29.25,28.32,36651846.0,169674108.0,824690700.0000001
2026-01-27,28.32,28.13,28.5,27.26,34886600.0,155815836.0,824690700.0000001
2026-01-28,27.94,27.82,28.44,27.76,22004003.0,98851097.0,824690700.0000001
2026-01-29,27.63,27.57,28.01,27.45,25099432.0,111902944.0,824690700.0000001
2026-01-30,27.45,27.2,27.7,26.76,22102637.0,96289232.0,824690700.0000001
2026-02-02,27.2,27.51,28.26,26.89,34537564.0,154158686.0,824690700.0000001
2026-02-03,27.57,27.88,27.88,27.2,25517081.0,112979883.0,824690700.0000001
2026-02-04,27.7,28.26,28.5,27.57,27141639.0,122851067.0,824690700.0000001
2026-02-05,28.07,27.32,28.13,27.26,25036346.0,111000828.0,824690700.0000001
2026-02-06,27.2,27.76,28.01,27.07,23643827.0,105185524.0,824690700.0000001
2026-02-09,28.13,28.5,28.57,28.01,26271193.0,119676262.0,824690700.0000001
2026-02-10,28.5,28.44,28.69,28.26,18358752.0,84003966.0,824690700.0000001
2026-02-11,28.38,28.32,28.69,28.26,15705137.0,71698770.0,824690700.0000001
2026-02-12,28.38,28.69,29.13,27.94,31239493.0,143635942.0,824690700.0000001
2026-02-13,28.57,28.07,28.75,28.01,17005600.0,77589229.0,824690700.0000001
2026-02-24,28.5,29.0,29.19,28.5,31741863.0,147815793.0,824690700.0000001
2026-02-25,29.07,29.07,29.25,28.88,23822376.0,111244228.0,824690700.0000001
2026-02-26,29.07,29.19,29.38,28.88,22702000.0,106347561.0,824690700.0000001
2026-02-27,29.13,29.38,29.38,28.88,25539270.0,119961454.0,824690700.0000001
2026-03-02,28.94,28.75,29.38,28.19,32010815.0,148072182.0,824690700.0000001
2026-03-03,28.82,28.01,29.38,27.76,28707600.0,131776310.0,824690700.0000001
2026-03-04,27.57,28.5,28.82,27.45,32220951.0,147291436.0,824690700.0000001
2026-03-05,29.0,30.93,32.43,29.0,125343787.0,618690624.0,824690700.0000001
2026-03-06,30.81,31.43,32.74,30.75,113279119.0,576433237.0,824690700.0000001
2026-03-09,31.12,31.49,31.87,30.93,77070847.0,388401507.0,824690700.0000001
2026-03-10,31.43,31.8,32.11,31.18,56779610.0,289074141.0,824690700.0000001
2026-03-11,31.74,31.55,32.24,31.24,56434839.0,287481077.0,824690700.0000001
2026-03-12,31.37,31.06,31.87,30.93,48979562.0,246035637.0,824690700.0000001
2026-03-13,31.06,30.31,31.06,30.12,39260881.0,193050775.0,824690700.0000001
2026-03-16,30.12,30.56,30.56,29.87,30581132.0,148819246.0,824690700.0000001
2026-03-17,30.56,29.44,30.68,29.31,32066706.0,154511182.0,824690700.0000001
2026-03-18,29.5,30.06,30.75,29.5,35167100.0,170100622.0,824690700.0000001
2026-03-19,29.63,29.44,30.37,29.31,28116573.0,134753854.0,824690700.0000001
2026-03-20,29.81,29.44,31.12,29.31,57235709.0,275888816.0,824690700.0000001
2026-03-23,27.82,27.32,28.94,27.14,51877521.0,234348108.0,824690700.0000001
2026-03-24,28.32,29.07,29.07,27.7,53410488.0,244057675.0,824690700.0000001
2026-03-25,28.88,29.38,29.75,28.82,32840251.0,155110101.0,824690700.0000001
2026-03-26,29.25,28.19,29.38,28.07,29276346.0,134657738.0,824690700.0000001
2026-03-27,27.7,28.82,29.13,27.45,28788522.0,131974028.0,824690700.0000001
2026-03-30,28.57,27.82,28.82,26.95,41747300.0,184774565.0,824690700.0000001
2026-03-31,27.7,26.45,28.13,26.45,39052441.0,170826475.0,824690700.0000001
2026-04-01,27.07,26.82,27.32,26.51,21989200.0,94832177.0,824690700.0000001
2026-04-02,26.76,26.14,27.26,25.95,25378500.0,108110026.0,824690700.0000001
2026-04-03,26.26,24.71,26.26,24.65,25953446.0,104892079.0,824690700.0000001
2026-04-07,24.9,25.64,25.77,24.71,22672900.0,92552472.0,824690700.0000001
2026-04-08,26.08,26.45,26.45,26.02,19074000.0,80587906.0,824690700.0000001
2026-04-09,26.33,25.77,26.33,25.7,16923000.0,70575873.0,824690700.0000001
2026-04-10,26.02,25.95,26.45,25.89,16540000.0,69600801.0,824690700.0000001
2026-04-13,25.89,26.08,26.14,25.7,15923562.0,66324958.0,824690700.0000001
2026-04-14,26.39,26.26,26.58,25.83,14741100.0,61907480.0,824690700.0000001
2026-04-15,26.39,26.08,26.7,26.02,19754475.0,83620809.0,824690700.0000001
2026-04-16,26.33,26.45,26.58,25.77,16891000.0,71082790.0,824690700.0000001
2026-04-17,26.45,26.2,26.58,25.95,14845221.0,62487005.0,824690700.0000001
2026-04-20,26.02,26.14,26.26,25.95,13483697.0,56577990.0,824690700.0000001
2026-04-21,26.02,25.52,26.08,25.39,19105600.0,78528737.0,824690700.0000001
2026-04-22,25.39,25.39,25.64,25.21,14272725.0,58185591.0,824690700.0000001
2026-04-23,25.39,25.02,25.7,24.96,20012000.0,80976405.0,824690700.0000001
2026-04-24,25.14,25.14,25.33,24.77,19500532.0,78475471.0,824690700.0000001
2026-04-27,25.02,25.64,25.77,24.83,24509845.0,99369937.0,824690700.0000001
2026-04-28,25.27,25.21,25.52,25.08,21621759.0,87698164.0,824690700.0000001
2026-04-29,25.14,26.02,26.14,25.08,23575044.0,97837531.0,824690700.0000001
2026-04-30,25.95,26.02,26.2,25.83,15480563.0,64748261.0,824690700.0000001
2026-05-06,26.2,26.33,26.39,26.08,17465159.0,73554855.0,824690700.0000001
2026-05-07,26.39,26.14,26.82,26.08,16981600.0,71786811.0,824690700.0000001
2026-05-08,26.64,26.45,26.89,26.26,18893465.0,80336473.0,824690700.0000001
2026-05-11,26.7,26.58,26.76,26.39,21927440.0,93769105.0,824690700.0000001
2026-05-12,26.58,26.45,26.89,26.26,24316927.0,103841071.0,824690700.0000001
2026-05-13,26.45,27.26,27.38,26.26,37864104.0,164956343.0,824690700.0000001
2026-05-14,27.32,26.08,27.38,26.08,32125413.0,137251501.0,824690700.0000001
2026-05-15,26.02,25.7,26.39,25.46,24020183.0,99431997.0,824690700.0000001
2026-05-18,25.58,26.08,26.14,25.52,23437697.0,97472812.0,824690700.0000001
2026-05-19,26.08,26.58,26.58,25.95,24072568.0,101858508.0,824690700.0000001
2026-05-20,26.51,25.58,26.51,25.46,24637032.0,102247703.0,824690700.0000001
2026-05-21,25.64,24.27,25.83,24.21,34963500.0,140538114.0,824690700.0000001
2026-05-22,24.46,24.77,25.02,24.02,22405686.0,88224878.0,824690700.0000001
