date,open,close,high,low,volume,amount,code,name
2020-01-02,5970.88,5980.93,6056.61,5910.59,148099,16696837120.0,600519,贵州茅台
2020-01-03,5915.61,5722.46,5915.61,5714.12,130319,14266380544.0,600519,贵州茅台
2020-01-06,5683.77,5719.6,5794.51,5665.88,63415,6853917696.0,600519,贵州茅台
2020-01-07,5717.13,5802.71,5825.17,5711.61,47854,5220697088.0,600519,贵州茅台
2020-01-08,5755.07,5770.6,5807.58,5742.66,25008,2720371920.0,600519,贵州茅台
2020-01-09,5800.04,5843.76,5857.27,5779.94,37406,4110949808.0,600519,贵州茅台
2020-01-10,5875.41,5893.0,5910.54,5842.75,35976,3993457120.0,600519,贵州茅台
2020-01-13,5893.0,5952.14,5976.91,5890.49,38516,4325688064.0,600519,贵州茅台
2020-01-14,5951.79,5867.37,5955.26,5845.27,35145,3916300784.0,600519,贵州茅台
2020-01-15,5875.46,5891.14,5938.73,5855.31,26029,2895603680.0,600519,贵州茅台
2020-01-16,5925.01,5865.36,5925.01,5843.15,23192,2571593136.0,600519,贵州茅台
2020-01-17,5880.44,5867.88,5894.41,5835.27,23473,2599645152.0,600519,贵州茅台
2020-01-20,5889.78,5784.97,5889.78,5739.74,35391,3858246848.0,600519,贵州茅台
2020-01-21,5734.72,5706.08,5764.87,5691.0,32874,3542441312.0,600519,贵州茅台
2020-01-22,5679.45,5707.13,5749.79,5605.98,36200,3875275072.0,600519,贵州茅台
2020-01-23,5709.6,5593.02,5709.6,5513.63,53468,5638945792.0,600519,贵州茅台
2020-02-03,5252.34,5347.41,5381.38,5227.22,123443,12314991872.0,600519,贵州茅台
2020-02-04,5403.08,5518.7,5614.12,5383.03,62624,6490469120.0,600519,贵州茅台
2020-02-05,5578.95,5578.9,5599.05,5493.68,47418,4956355328.0,600519,贵州茅台
2020-02-06,5626.33,5684.47,5704.57,5589.1,47171,5011246336.0,600519,贵州茅台
2020-02-07,5679.5,5709.6,5714.62,5634.32,31279,3348894576.0,600519,贵州茅台
2020-02-10,5639.25,5661.81,5702.56,5615.13,30533,3251908512.0,600519,贵州茅台
2020-02-11,5644.27,5820.14,5828.58,5643.27,47918,5222918912.0,600519,贵州茅台
2020-02-12,5774.92,5816.47,5824.11,5759.24,28125,3072293968.0,600519,贵州茅台
2020-02-13,5820.14,5784.97,5899.99,5769.94,30357,3335277424.0,600519,贵州茅台
2020-02-14,5782.2,5769.89,5797.58,5745.32,23288,2534568400.0,600519,贵州茅台
2020-02-17,5742.26,5799.14,5811.05,5741.75,27028,2946182656.0,600519,贵州茅台
2020-02-18,5779.99,5749.79,5814.51,5744.77,26665,2897729696.0,600519,贵州茅台
2020-02-19,5754.82,5812.6,5837.73,5719.65,37051,4052365600.0,600519,贵州茅台
2020-02-20,5813.61,5920.64,5950.79,5807.13,46803,5220660992.0,600519,贵州茅台
2020-02-21,5887.77,5894.91,5948.47,5880.49,28940,3225337168.0,600519,贵州茅台
2020-02-24,5857.83,5765.77,5880.44,5757.33,38650,4221857472.0,600519,贵州茅台
2020-02-25,5719.65,5703.62,5740.2,5668.79,38386,4127432128.0,600519,贵州茅台
2020-02-26,5639.25,5698.04,5749.79,5604.08,43561,4663278336.0,600519,贵州茅台
2020-02-27,5709.6,5766.83,5805.02,5709.6,34498,3758783808.0,600519,贵州茅台
2020-02-28,5680.95,5614.12,5739.74,5578.8,49947,5307929344.0,600519,贵州茅台
2020-03-02,5579.5,5759.89,5812.86,5579.0,47663,5154329088.0,600519,贵州茅台
2020-03-03,5820.14,5895.51,5925.06,5820.14,50250,5585227776.0,600519,贵州茅台
2020-03-04,5955.81,5975.51,6026.16,5911.79,53793,6080149248.0,600519,贵州茅台
2020-03-05,6012.64,6186.95,6207.0,5983.75,62426,7210484992.0,600519,贵州茅台
2020-03-06,6146.75,6109.07,6212.07,6091.38,30641,3553622352.0,600519,贵州茅台
2020-03-09,6006.06,5900.59,6006.06,5887.02,43404,4865288448.0,600519,贵州茅台
2020-03-10,5895.51,6111.58,6171.88,5895.51,58063,6635936256.0,600519,贵州茅台
2020-03-11,6109.07,6124.24,6179.82,6036.21,35548,4124607952.0,600519,贵州茅台
2020-03-12,6037.31,6023.65,6096.5,5956.31,36631,4172606112.0,600519,贵州茅台
2020-03-13,5779.94,5890.64,5975.81,5729.69,75885,8348496384.0,600519,贵州茅台
2020-03-16,5850.19,5664.37,5870.14,5639.25,51233,5548946688.0,600519,贵州茅台
2020-03-17,5604.08,5554.33,5719.65,5383.59,79359,8277472768.0,600519,贵州茅台
2020-03-18,5528.7,5367.86,5629.2,5367.86,73460,7582762496.0,600519,贵州茅台
2020-03-19,5297.51,5307.61,5403.08,5127.22,102265,10075880448.0,600519,贵州茅台
2020-03-20,5382.98,5504.99,5543.78,5382.98,60139,6169094400.0,600519,贵州茅台
2020-03-23,5327.71,5423.18,5504.99,5285.1,48472,4918121984.0,600519,贵州茅台
2020-03-24,5543.78,5609.1,5623.57,5503.58,46651,4900364032.0,600519,贵州茅台
2020-03-25,5769.79,5730.2,5786.78,5700.55,37049,4015061216.0,600519,贵州茅台
2020-03-26,5696.18,5653.92,5785.97,5639.25,30049,3231754304.0,600519,贵州茅台
2020-03-27,5754.82,5707.08,5789.99,5704.62,36261,3931759360.0,600519,贵州茅台
2020-03-30,5630.46,5689.5,5714.62,5614.12,30687,3279823024.0,600519,贵州茅台
2020-03-31,5739.74,5885.46,5905.56,5738.74,47984,5293170688.0,600519,贵州茅台
2020-04-01,5915.61,5845.27,5975.91,5845.27,33205,3700184240.0,600519,贵州茅台
2020-04-02,5850.29,6056.31,6056.31,5849.69,45206,5095167488.0,600519,贵州茅台
2020-04-03,6026.31,6030.13,6071.18,5990.88,27618,3148421872.0,600519,贵州茅台
2020-04-07,6141.48,6131.43,6164.34,6075.85,43488,5041525504.0,600519,贵州茅台
2020-04-08,6091.48,6130.47,6163.38,6091.48,24224,2809422096.0,600519,贵州茅台
2020-04-09,6161.83,6124.14,6176.9,6071.18,22817,2640230496.0,600519,贵州茅台
2020-04-10,6121.03,6156.8,6239.71,6099.02,27804,3252600672.0,600519,贵州茅台
2020-04-13,6156.8,6143.24,6181.83,6073.89,15981,1854563728.0,600519,贵州茅台
2020-04-14,6212.07,6257.8,6290.21,6161.83,36800,4340858624.0,600519,贵州茅台
2020-04-15,6292.47,6280.41,6352.72,6267.85,29332,3501318256.0,600519,贵州茅台
2020-04-16,6297.35,6318.1,6318.1,6252.78,21728,2588431840.0,600519,贵州茅台
2020-04-17,6382.92,6463.31,6506.33,6357.84,38246,4676618240.0,600519,贵州茅台
2020-04-20,6438.19,6469.85,6490.95,6417.09,24239,2963483328.0,600519,贵州茅台
2020-04-21,6438.29,6332.67,6453.21,6297.5,29224,3517018480.0,600519,贵州茅台
2020-04-22,6362.82,6556.27,6581.4,6343.82,44035,5430377728.0,600519,贵州茅台
2020-04-23,6583.91,6595.27,6662.7,6572.7,26899,3377042464.0,600519,贵州茅台
2020-04-24,6573.86,6586.72,6633.6,6509.44,19122,2390444032.0,600519,贵州茅台
2020-04-27,6619.08,6714.55,6725.46,6588.73,25904,3284513344.0,600519,贵州茅台
2020-04-28,6761.33,6730.28,6834.85,6693.85,34662,4458549504.0,600519,贵州茅台
2020-04-29,6723.6,6709.03,6775.35,6624.11,23444,2976724960.0,600519,贵州茅台
2020-04-30,6689.43,6662.8,6759.83,6628.53,24661,3134408880.0,600519,贵州茅台
2020-05-06,6588.93,6835.15,6835.15,6583.91,35835,4598589696.0,600519,贵州茅台
2020-05-07,6832.13,6895.45,6910.47,6799.98,27935,3647628304.0,600519,贵州茅台
2020-05-08,6920.57,6908.56,7026.09,6877.91,29079,3839218032.0,600519,贵州茅台
2020-05-11,6935.64,6950.77,7011.02,6903.84,23671,3135990960.0,600519,贵州茅台
2020-05-12,6925.6,7000.97,7010.97,6915.55,19722,2621824688.0,600519,贵州茅台
2020-05-13,7000.97,7015.79,7026.04,6950.12,22014,2931464944.0,600519,贵州茅台
2020-05-14,6985.89,6968.76,7010.41,6961.32,18575,2467976352.0,600519,贵州茅台
2020-05-15,6980.87,6900.47,7003.48,6844.6,26398,3469736816.0,600519,贵州茅台
2020-05-18,6865.3,7067.34,7093.93,6860.93,34362,4587989760.0,600519,贵州茅台
2020-05-19,7156.74,7066.84,7156.74,7026.09,24787,3342210480.0,600519,贵州茅台
2020-05-20,7066.84,7091.41,7132.52,7020.11,21183,2859455104.0,600519,贵州茅台
2020-05-21,7111.51,7167.29,7196.73,7100.76,23052,3147105456.0,600519,贵州茅台
2020-05-22,7166.79,6976.85,7167.29,6950.12,34427,4608696064.0,600519,贵州茅台
2020-05-25,6985.89,7151.21,7169.7,6940.67,31561,4260387680.0,600519,贵州茅台
2020-05-26,7186.28,7126.59,7186.63,7111.51,22470,3056188320.0,600519,贵州茅台
2020-05-27,7131.61,7026.09,7136.64,7000.97,26777,3596654304.0,600519,贵州茅台
2020-05-28,7025.94,7056.24,7071.01,6941.32,26486,3536546896.0,600519,贵州茅台
2020-05-29,6996.44,7169.8,7186.78,6996.44,30444,4144247216.0,600519,贵州茅台
2020-06-01,7242.16,7435.61,7438.63,7242.16,35480,4986178816.0,600519,贵州茅台
2020-06-02,7418.08,7391.44,7477.82,7371.09,25960,3679210592.0,600519,贵州茅台
2020-06-03,7413.0,7334.11,7425.56,7316.37,23557,3308382800.0,600519,贵州茅台
2020-06-04,7317.53,7377.78,7392.9,7317.53,18037,2534459744.0,600519,贵州茅台
2020-06-05,7364.01,7463.25,7482.74,7343.06,18347,2597524608.0,600519,贵州茅台
2020-06-08,7463.25,7368.28,7513.5,7347.73,29300,4145298448.0,600519,贵州茅台
2020-06-09,7377.83,7420.79,7463.25,7341.05,22612,3199849664.0,600519,贵州茅台
2020-06-10,7463.25,7456.51,7505.1,7423.05,22701,3234843856.0,600519,贵州茅台
2020-06-11,7392.95,7339.94,7428.02,7322.5,30712,4314846208.0,600519,贵州茅台
2020-06-12,7273.16,7419.88,7419.88,7253.76,28427,3992323392.0,600519,贵州茅台
2020-06-15,7347.68,7252.21,7395.92,7242.16,34615,4819512320.0,600519,贵州茅台
2020-06-16,7330.09,7357.12,7407.98,7303.11,29207,4099718928.0,600519,贵州茅台
2020-06-17,7397.22,7362.75,7397.42,7312.6,19453,2730097120.0,600519,贵州茅台
2020-06-18,7362.25,7402.95,7403.96,7338.13,21010,2956800080.0,600519,贵州茅台
2020-06-19,7438.12,7537.82,7564.75,7413.5,38958,5603232768.0,600519,贵州茅台
2020-06-22,7514.0,7533.6,7558.17,7504.45,23247,3343536640.0,600519,贵州茅台
2020-06-23,7513.5,7711.98,7749.66,7506.06,33934,4963194624.0,600519,贵州茅台
2020-06-24,7742.75,7724.71,7753.35,7649.29,25139,3663537120.0,600519,贵州茅台
2020-06-29,7664.37,7740.59,7754.81,7609.14,28081,4064048240.0,600519,贵州茅台
2020-06-30,7740.34,7739.13,7769.79,7700.14,22446,3281641200.0,600519,贵州茅台
2020-07-01,7764.86,7896.86,7956.31,7744.86,38682,5759640320.0,600519,贵州茅台
2020-07-02,7920.63,8146.75,8181.42,7900.53,45884,7014289664.0,600519,贵州茅台
2020-07-03,8176.89,8135.64,8189.46,8010.47,35126,5395636992.0,600519,贵州茅台
2020-07-06,8116.6,8428.13,8508.53,8085.49,51822,8228069120.0,600519,贵州茅台
2020-07-07,8443.66,8870.32,9155.82,8433.16,66664,11219852032.0,600519,贵州茅台
2020-07-08,8830.12,8836.85,9026.08,8729.62,53170,8963188992.0,600519,贵州茅台
2020-07-09,8885.39,8960.76,8990.91,8840.17,35033,5951732736.0,600519,贵州茅台
2020-07-10,8875.34,9000.21,9114.52,8875.04,37100,6352507392.0,600519,贵州茅台
2020-07-13,9004.38,9342.6,9367.77,9004.38,60727,10679460352.0,600519,贵州茅台
2020-07-14,9342.6,9242.15,9342.8,9173.81,46094,8135834880.0,600519,贵州茅台
2020-07-15,9156.13,9194.57,9345.66,9155.27,40713,7176560640.0,600519,贵州茅台
2020-07-16,9080.9,8498.48,9080.9,8428.13,102242,16901373184.0,600519,贵州茅台
2020-07-17,8528.63,8669.57,8792.88,8528.63,65902,10863420160.0,600519,贵州茅台
2020-07-20,8691.94,8613.85,8749.67,8372.26,45280,7363823104.0,600519,贵州茅台
2020-07-21,8662.49,8769.82,8944.68,8583.85,41970,7026353152.0,600519,贵州茅台
2020-07-22,8719.57,8820.47,8980.86,8719.57,39201,6637265408.0,600519,贵州茅台
2020-07-23,8789.92,8810.02,8885.39,8679.37,34321,5739050240.0,600519,贵州茅台
2020-07-24,8703.74,8404.52,8759.77,8352.76,78752,12705942016.0,600519,贵州茅台
2020-07-27,8508.58,8541.44,8577.87,8428.13,38788,6279664384.0,600519,贵州茅台
2020-07-28,8578.88,8779.87,8830.12,8578.88,54912,9133721856.0,600519,贵州茅台
2020-07-29,8880.37,8789.92,8880.37,8593.95,50748,8411790080.0,600519,贵州茅台
2020-07-30,8785.9,8830.12,8933.58,8782.38,38373,6486855424.0,600519,贵州茅台
2020-07-31,8855.24,8820.97,8955.74,8659.27,40685,6846747392.0,600519,贵州茅台
2020-08-03,8864.69,8769.82,8913.43,8729.62,34661,5790041344.0,600519,贵州茅台
2020-08-04,8804.99,8779.82,8845.14,8729.62,31941,5337185792.0,600519,贵州茅台
2020-08-05,8740.12,8769.82,8795.4,8645.76,25522,4236612464.0,600519,贵州茅台
2020-08-06,8779.87,8618.87,8800.12,8578.88,32649,5372942592.0,600519,贵州茅台
2020-08-07,8653.09,8583.9,8677.72,8420.6,34242,5560065792.0,600519,贵州茅台
2020-08-10,8568.68,8598.93,8654.05,8468.88,23624,3857721120.0,600519,贵州茅台
2020-08-11,8629.13,8641.74,8761.93,8629.13,35818,5936904960.0,600519,贵州茅台
2020-08-12,8593.95,8563.55,8634.15,8454.51,27934,4529267456.0,600519,贵州茅台
2020-08-13,8578.88,8604.0,8623.5,8473.36,20541,3341652192.0,600519,贵州茅台
2020-08-14,8628.62,8734.65,8758.26,8583.9,37653,6230475520.0,600519,贵州茅台
2020-08-17,8799.97,8880.37,8952.47,8779.87,43572,7363610880.0,600519,贵州茅台
2020-08-18,8917.45,8955.74,9031.11,8885.39,30423,5192751872.0,600519,贵州茅台
2020-08-19,8930.61,8865.29,9016.03,8845.14,26915,4578143744.0,600519,贵州茅台
2020-08-20,8799.97,8749.72,8825.09,8709.52,22382,3727183936.0,600519,贵州茅台
2020-08-21,8794.94,8810.02,8920.56,8784.89,25082,4217048416.0,600519,贵州茅台
2020-08-24,8930.61,8912.27,8970.81,8885.44,30933,5260286464.0,600519,贵州茅台
2020-08-25,8954.73,9066.28,9165.67,8923.73,41872,7227309824.0,600519,贵州茅台
2020-08-26,9101.46,9066.28,9156.73,9006.09,26216,4530374144.0,600519,贵州茅台
2020-08-27,9091.36,9086.38,9101.36,8955.74,22636,3896759440.0,600519,贵州茅台
2020-08-28,9086.38,9217.03,9252.2,9038.65,42300,7389242368.0,600519,贵州茅台
2020-08-31,9285.26,9365.26,9513.49,9285.26,47810,8608932608.0,600519,贵州茅台
2020-09-01,9392.89,9443.04,9443.14,9307.52,31640,5661594368.0,600519,贵州茅台
2020-09-02,9558.71,9407.97,9573.79,9282.35,32009,5746351872.0,600519,贵州茅台
2020-09-03,9407.97,9397.92,9493.39,9331.09,30437,5471333888.0,600519,贵州茅台
2020-09-04,9262.25,9282.35,9317.47,9161.75,30858,5433479424.0,600519,贵州茅台
2020-09-07,9232.1,9048.7,9322.5,8950.56,31112,5446354688.0,600519,贵州茅台
2020-09-08,9091.41,8987.9,9120.55,8815.39,34472,5865962752.0,600519,贵州茅台
2020-09-09,8928.95,8870.32,8985.89,8830.32,25964,4401806080.0,600519,贵州茅台
2020-09-10,8949.41,8959.76,9031.11,8930.61,24778,4236694400.0,600519,贵州茅台
2020-09-11,8870.32,9096.43,9111.51,8870.32,31088,5339883520.0,600519,贵州茅台
2020-09-14,9156.73,9262.25,9277.32,9084.27,31056,5448188928.0,600519,贵州茅台
2020-09-15,9282.3,9232.1,9282.3,9170.55,20821,3654872016.0,600519,贵州茅台
2020-09-16,9232.1,9056.74,9256.27,9026.08,22516,3916457760.0,600519,贵州茅台
2020-09-17,8930.61,8782.48,8930.61,8719.57,63680,10683350272.0,600519,贵州茅台
2020-09-18,8754.75,8905.49,8905.49,8604.05,47201,7853673216.0,600519,贵州茅台
2020-09-21,8894.23,8763.79,8894.23,8763.09,22444,3756765104.0,600519,贵州茅台
2020-09-22,8679.37,8758.21,8865.19,8679.37,23265,3890070208.0,600519,贵州茅台
2020-09-23,8604.0,8679.27,8759.82,8533.75,35726,5878691072.0,600519,贵州茅台
2020-09-24,8608.88,8575.46,8723.99,8562.8,30051,4915392256.0,600519,贵州茅台
2020-09-25,8578.88,8604.55,8679.37,8553.75,22583,3700843488.0,600519,贵州茅台
2020-09-28,8604.96,8734.65,8772.33,8604.96,24232,4019640144.0,600519,贵州茅台
2020-09-29,8776.5,8690.93,8776.85,8690.93,17431,2895081360.0,600519,贵州茅台
2020-09-30,8729.62,8772.33,8889.91,8729.62,27088,4536012544.0,600519,贵州茅台
2020-10-09,8890.41,8910.51,8962.87,8870.32,34240,5817280512.0,600519,贵州茅台
2020-10-12,8930.61,9184.92,9184.92,8930.61,43729,7597987840.0,600519,贵州茅台
2020-10-13,9184.97,9126.58,9184.97,9106.48,22944,3995560512.0,600519,贵州茅台
2020-10-14,9131.6,9076.33,9166.68,9061.26,20481,3554316592.0,600519,贵州茅台
2020-10-15,9036.79,9056.23,9106.48,9036.13,16204,2801250560.0,600519,贵州茅台
2020-10-16,9056.23,8990.91,9104.37,8945.69,17377,2991246896.0,600519,贵州茅台
2020-10-19,9056.23,8925.59,9101.36,8889.91,19226,3284383408.0,600519,贵州茅台
2020-10-20,8930.56,9101.46,9106.33,8905.49,27735,4787807488.0,600519,贵州茅台
2020-10-21,9101.96,9098.09,9142.41,9046.18,18901,3275357440.0,600519,贵州茅台
2020-10-22,9081.36,9144.17,9156.73,9008.55,22481,3897729792.0,600519,贵州茅台
2020-10-23,9135.52,9007.64,9169.74,9000.96,19292,3339987456.0,600519,贵州茅台
2020-10-26,8523.6,8644.2,8744.29,8428.13,66015,10821908224.0,600519,贵州茅台
2020-10-27,8644.2,8553.75,8649.22,8509.13,43944,7156688384.0,600519,贵州茅台
2020-10-28,8558.78,8753.79,8815.04,8554.16,34637,5739452160.0,600519,贵州茅台
2020-10-29,8703.69,8810.02,8970.81,8664.3,39374,6633168640.0,600519,贵州茅台
2020-10-30,8820.07,8779.97,8910.51,8754.75,26055,4379602176.0,600519,贵州茅台
2020-11-02,8804.99,8800.02,8905.49,8789.92,21066,3544422240.0,600519,贵州茅台
2020-11-03,8855.19,8905.49,8960.26,8807.51,23497,3976621216.0,600519,贵州茅台
2020-11-04,8930.61,8928.5,8950.71,8855.24,16444,2788396256.0,600519,贵州茅台
2020-11-05,9016.03,9040.66,9093.82,8991.41,23524,4053043264.0,600519,贵州茅台
2020-11-06,9084.12,8933.73,9089.35,8880.37,23052,3932702368.0,600519,贵州茅台
2020-11-09,8937.55,9144.52,9185.27,8933.73,41470,7198679808.0,600519,贵州茅台
2020-11-10,9196.52,9156.73,9254.61,9111.51,30189,5287968256.0,600519,贵州茅台
2020-11-11,9156.73,9088.14,9320.03,9086.38,34851,6122365440.0,600519,贵州茅台
2020-11-12,9081.41,9105.43,9181.85,9042.52,23473,4071729792.0,600519,贵州茅台
2020-11-13,9051.21,8955.74,9075.73,8885.39,28155,4791276544.0,600519,贵州茅台
2020-11-16,8985.89,9081.61,9081.61,8916.84,30613,5247897088.0,600519,贵州茅台
2020-11-17,9131.6,9010.0,9143.41,8935.99,25224,4355288064.0,600519,贵州茅台
2020-11-18,9005.98,8898.71,9033.77,8846.0,35179,5973146880.0,600519,贵州茅台
2020-11-19,8852.73,9032.06,9056.23,8833.13,27816,4767508736.0,600519,贵州茅台
2020-11-20,9031.11,9030.91,9111.51,8994.18,21875,3771894864.0,600519,贵州茅台
2020-11-23,9287.42,9383.9,9482.84,9287.42,66637,11926870528.0,600519,贵州茅台
2020-11-24,9282.3,9249.69,9345.16,9189.24,32465,5736960256.0,600519,贵州茅台
2020-11-25,9239.64,9065.68,9276.72,9051.21,28226,4910540800.0,600519,贵州茅台
2020-11-26,9061.26,9103.42,9131.55,9057.14,23228,4027749312.0,600519,贵州茅台
2020-11-27,9094.72,9121.05,9131.76,9021.06,21569,3737697984.0,600519,贵州茅台
2020-11-30,9106.48,9000.51,9126.08,9000.51,31940,5520322304.0,600519,贵州茅台
2020-12-01,9061.26,9116.53,9126.53,9031.16,28196,4891829248.0,600519,贵州茅台
2020-12-02,9161.75,9121.61,9176.83,9086.38,23572,4101369312.0,600519,贵州茅台
2020-12-03,9121.61,9176.83,9210.29,9091.91,29506,5147357696.0,600519,贵州茅台
2020-12-04,9191.9,9398.47,9433.59,9191.9,62491,11176048896.0,600519,贵州茅台
2020-12-07,9446.66,9495.4,9636.04,9435.86,58331,10617305088.0,600519,贵州茅台
2020-12-08,9508.46,9684.33,9809.95,9498.41,61454,11333352192.0,600519,贵州茅台
2020-12-09,9764.48,9634.08,9764.73,9629.06,31152,5766037504.0,600519,贵州茅台
2020-12-10,9634.08,9598.41,9683.18,9573.79,32654,6009239808.0,600519,贵州茅台
2020-12-11,9607.85,9533.59,9620.62,9457.26,30776,5595359744.0,600519,贵州茅台
2020-12-14,9572.63,9578.81,9583.74,9508.46,33052,6026813440.0,600519,贵州茅台
2020-12-15,9601.42,9513.54,9620.11,9458.22,29605,5383582208.0,600519,贵州茅台
2020-12-16,9586.35,9634.08,9662.57,9534.64,32150,5901298176.0,600519,贵州茅台
2020-12-17,9661.72,9762.27,9774.78,9634.08,36031,6683421952.0,600519,贵州茅台
2020-12-18,9693.43,9659.21,9779.85,9639.51,27077,5020968960.0,600519,贵州茅台
2020-12-21,9634.08,9646.65,9690.51,9622.02,30697,5663526912.0,600519,贵州茅台
2020-12-22,9684.18,9840.1,9930.5,9646.7,40651,7618583552.0,600519,贵州茅台
2020-12-23,9925.47,9642.37,9966.72,9538.71,47706,8901002240.0,600519,贵州茅台
2020-12-24,9523.54,9585.54,9728.95,9408.07,37857,6921989376.0,600519,贵州茅台
2020-12-25,9448.12,9583.84,9669.26,9433.09,23088,4218997632.0,600519,贵州茅台
2020-12-28,9566.75,9799.9,9879.29,9563.99,30080,5616528640.0,600519,贵州茅台
2020-12-29,9799.9,9769.75,9869.24,9709.46,22868,4275994832.0,600519,贵州茅台
2020-12-30,9784.83,10101.39,10101.39,9784.78,34452,6604461312.0,600519,贵州茅台
2020-12-31,10141.59,10428.0,10432.93,10131.54,38860,7682300672.0,600519,贵州茅台
2021-01-04,10437.95,10422.98,10463.12,10356.7,43514,8686920192.0,600519,贵州茅台
2021-01-05,10387.8,10736.77,10736.77,10349.92,52116,10592557312.0,600519,贵州茅台
2021-01-06,10763.66,10940.53,11066.15,10619.09,47410,9882593792.0,600519,贵州茅台
2021-01-07,10925.46,11141.52,11141.52,10814.91,37931,7991178752.0,600519,贵州茅台
2021-01-08,11151.57,10890.28,11196.19,10754.71,53862,11345202944.0,600519,贵州茅台
2021-01-11,10890.28,10939.17,11194.28,10732.5,51080,10768565504.0,600519,贵州茅台
2021-01-12,10880.23,11246.54,11246.54,10865.16,41059,8800558336.0,600519,贵州茅台
2021-01-13,11262.12,11262.12,11309.0,11116.4,34390,7418330880.0,600519,贵州茅台
2021-01-14,11221.92,11111.37,11257.09,11021.48,36152,7722089728.0,600519,贵州茅台
2021-01-15,11015.9,10850.08,11113.13,10583.77,59509,12372103168.0,600519,贵州茅台
2021-01-18,10744.86,10754.61,10897.72,10640.4,39144,8076715776.0,600519,贵州茅台
2021-01-19,10805.41,10485.33,10921.94,10472.47,46345,9479278592.0,600519,贵州茅台
2021-01-20,10478.25,10642.21,10716.88,10350.12,45082,9126453248.0,600519,贵州茅台
2021-01-21,10679.24,10789.79,10890.38,10644.07,38310,7953455872.0,600519,贵州茅台
2021-01-22,10784.76,10839.78,10940.53,10740.04,29248,6090260480.0,600519,贵州茅台
2021-01-25,10855.11,11317.39,11340.0,10855.11,55957,12029474560.0,600519,贵州茅台
2021-01-26,11367.64,11151.02,11377.69,11066.7,31747,6820173312.0,600519,贵州茅台
2021-01-27,11151.02,10885.26,11151.02,10865.16,37120,7809446400.0,600519,贵州茅台
2021-01-28,10840.03,10880.23,10989.07,10739.64,35129,7337084416.0,600519,贵州茅台
2021-01-29,10946.51,11021.83,11189.16,10891.39,33701,7166179328.0,600519,贵州茅台
2021-02-01,11091.27,10987.36,11242.02,10915.41,29341,6219639040.0,600519,贵州茅台
2021-02-02,11001.93,11166.65,11191.72,10951.08,34582,7372233472.0,600519,贵州茅台
2021-02-03,11191.77,11392.31,11434.32,11141.52,38714,8384049408.0,600519,贵州茅台
2021-02-04,11397.79,12050.25,12096.23,11397.79,63851,14596930304.0,600519,贵州茅台
2021-02-05,12071.11,12010.81,12270.09,11900.26,39729,9253566208.0,600519,贵州茅台
2021-02-08,12131.41,12291.19,12341.84,12010.81,35786,8420758528.0,600519,贵州茅台
2021-02-09,12291.19,12731.52,12731.52,12196.73,33297,7972930048.0,600519,贵州茅台
2021-02-10,12875.07,13457.95,13458.96,12875.07,61371,15675929600.0,600519,贵州茅台
2021-02-18,13392.53,12804.73,13593.02,12774.58,65912,16704135168.0,600519,贵州茅台
2021-02-19,12705.04,12749.45,12933.66,12355.51,59385,14525164544.0,600519,贵州茅台
2021-02-22,12724.33,11885.29,12724.33,11836.05,78935,18498777344.0,600519,贵州茅台
2021-02-23,11770.32,11980.66,12171.05,11769.62,57455,13316110848.0,600519,贵州茅台
2021-02-24,11985.64,11387.74,12035.93,11244.53,82116,18195034368.0,600519,贵州茅台
2021-02-25,11488.23,11191.77,11566.12,11047.11,59726,12982145792.0,600519,贵州茅台
2021-02-26,10940.53,11054.99,11342.26,10776.22,66525,14097015552.0,600519,贵州茅台
2021-03-01,11337.49,11231.97,11337.49,11041.03,44916,9686945536.0,600519,贵州茅台
2021-03-02,11342.51,10729.49,11342.51,10603.87,70765,14796698624.0,600519,贵州茅台
2021-03-03,10639.04,11141.52,11190.61,10603.87,54215,11366685440.0,600519,贵州茅台
2021-03-04,10915.41,10603.87,10920.43,10488.8,65088,13297304320.0,600519,贵州茅台
2021-03-05,10438.05,10740.09,10915.41,10377.75,63779,13100315904.0,600519,贵州茅台
2021-03-08,10814.71,10237.06,10865.16,10237.06,63100,12724246016.0,600519,贵州茅台
2021-03-09,10211.93,10121.44,10438.05,9936.48,82266,16100769536.0,600519,贵州茅台
2021-03-10,10322.48,10287.36,10437.4,10272.23,51172,10136910336.0,600519,贵州茅台
2021-03-11,10312.43,10679.24,10839.98,10244.5,56769,11521736448.0,600519,贵州茅台
2021-03-12,10789.79,10568.7,10824.96,10448.15,40323,8181594624.0,600519,贵州茅台
2021-03-15,10689.29,10314.69,10788.78,10192.59,62485,12459955712.0,600519,贵州茅台
2021-03-16,10312.08,10490.81,10538.5,10262.18,34649,6918600704.0,600519,贵州茅台
2021-03-17,10438.05,10590.6,10689.29,10317.51,31375,6352656640.0,600519,贵州茅台
2021-03-18,10613.92,10788.28,10871.99,10613.92,33865,6997030400.0,600519,贵州茅台
2021-03-19,10613.92,10488.3,10654.12,10399.01,35781,7211521792.0,600519,贵州茅台
2021-03-22,10438.55,10387.75,10569.15,10214.7,36914,7323391232.0,600519,贵州茅台
2021-03-23,10432.42,10417.95,10482.27,10287.31,27446,5459520768.0,600519,贵州茅台
2021-03-24,10342.58,10382.78,10503.37,10342.58,29357,5857848064.0,600519,贵州茅台
2021-03-25,10287.36,10292.33,10382.17,10170.73,31575,6216733184.0,600519,贵州茅台
2021-03-26,10362.68,10503.37,10548.6,10227.01,50016,9987629568.0,600519,贵州茅台
2021-03-29,10655.12,10609.4,10922.19,10569.45,56992,11740129536.0,600519,贵州茅台
2021-03-30,10639.04,10719.69,10870.18,10614.32,32627,6717493248.0,600519,贵州茅台
2021-03-31,10664.67,10483.27,10669.29,10438.05,37154,7489086208.0,600519,贵州茅台
2021-04-01,10543.57,10661.65,10673.21,10444.18,26588,5379776000.0,600519,贵州茅台
2021-04-02,10719.44,11252.07,11267.14,10719.44,52028,10981752576.0,600519,贵州茅台
2021-04-06,11247.04,11071.32,11251.97,10952.09,32742,6967525120.0,600519,贵州茅台
2021-04-07,10960.93,10744.56,11027.46,10689.29,40201,8317799936.0,600519,贵州茅台
2021-04-08,10674.37,10789.79,10835.01,10659.14,28548,5893307648.0,600519,贵州茅台
2021-04-09,10649.09,10538.55,10709.39,10463.22,28809,5832453888.0,600519,贵州茅台
2021-04-12,10493.32,10482.72,10588.79,10396.34,31943,6409917440.0,600519,贵州茅台
2021-04-13,10538.55,10543.57,10688.29,10483.27,28992,5883787264.0,600519,贵州茅台
2021-04-14,10613.92,10674.22,10679.24,10518.45,24115,4908790016.0,600519,贵州茅台
2021-04-15,10593.32,10516.44,10673.71,10387.8,34366,6903769600.0,600519,贵州茅台
2021-04-16,10564.07,10714.31,10779.74,10498.35,30294,6183895040.0,600519,贵州茅台
2021-04-19,10714.41,10880.23,10932.29,10603.87,31754,6610577920.0,600519,贵州茅台
2021-04-20,10795.31,10914.4,11086.25,10789.79,28290,5949669888.0,600519,贵州茅台
2021-04-21,10819.93,10840.03,10929.48,10765.16,26150,5446146048.0,600519,贵州茅台
2021-04-22,10889.78,10716.93,10935.5,10696.83,26850,5539295744.0,600519,贵州茅台
2021-04-23,10719.29,10985.45,11040.42,10701.85,33463,7002695424.0,600519,贵州茅台
2021-04-26,11101.32,10829.08,11116.4,10807.88,34045,7160836864.0,600519,贵州茅台
2021-04-27,10875.61,10912.59,10916.66,10765.11,22108,4607779072.0,600519,贵州茅台
2021-04-28,10488.3,10649.09,10676.73,10453.12,81343,16463574528.0,600519,贵州茅台
2021-04-29,10674.42,10570.5,10688.99,10508.4,41284,8370431232.0,600519,贵州茅台
2021-04-30,10568.7,10472.12,10618.94,10456.69,38401,7723747072.0,600519,贵州茅台
2021-05-06,10438.05,10232.03,10472.42,10201.89,53546,10584968960.0,600519,贵州茅台
2021-05-07,10262.18,9950.65,10277.16,9940.6,52493,10101703424.0,600519,贵州茅台
2021-05-10,9935.57,9830.2,9980.79,9764.78,46003,8677753600.0,600519,贵州茅台
2021-05-11,9814.98,10232.03,10267.21,9801.41,42494,8209251840.0,600519,贵州茅台
2021-05-12,10182.19,10357.65,10433.03,10181.79,32699,6473203200.0,600519,贵州茅台
2021-05-13,10265.95,10294.84,10362.93,10201.89,25078,4934955008.0,600519,贵州茅台
2021-05-14,10347.6,10487.54,10591.31,10317.46,35611,7150301952.0,600519,贵州茅台
2021-05-17,10564.17,10729.29,10866.16,10564.17,44524,9178510080.0,600519,贵州茅台
2021-05-18,10764.66,10736.07,10824.96,10664.47,17504,3595891744.0,600519,贵州茅台
2021-05-19,10734.51,10684.27,10813.96,10639.04,22410,4606452480.0,600519,贵州茅台
2021-05-20,10809.89,10733.91,10810.39,10665.98,21857,4500663296.0,600519,贵州茅台
2021-05-21,10714.82,10649.59,10839.43,10624.07,24248,4976601344.0,600519,贵州茅台
2021-05-24,10694.31,10796.27,10840.34,10593.82,32548,6705879296.0,600519,贵州茅台
2021-05-25,10865.16,11415.37,11443.51,10865.16,67757,14636718848.0,600519,贵州茅台
2021-05-26,11483.11,11543.5,11653.05,11408.24,38604,8558038272.0,600519,贵州茅台
2021-05-27,11498.38,11669.12,12045.98,11448.54,45373,10240368896.0,600519,贵州茅台
2021-05-28,11648.87,11593.75,11694.25,11470.7,25807,5741331968.0,600519,贵州茅台
2021-05-31,11520.89,11533.46,11535.21,11302.31,31739,6960864256.0,600519,贵州茅台
2021-06-01,11553.55,11648.77,11688.97,11473.16,30616,6832594432.0,600519,贵州茅台
2021-06-02,11694.25,11553.55,11764.6,11484.11,22863,5088908288.0,600519,贵州茅台
2021-06-03,11543.5,11554.66,11746.2,11493.66,23450,5242452992.0,600519,贵州茅台
2021-06-04,11518.38,11701.79,11885.19,11513.56,31422,7058715136.0,600519,贵州茅台
2021-06-07,11769.62,11799.77,11839.97,11644.05,25466,5756592640.0,600519,贵州茅台
2021-06-08,11744.5,11397.79,11844.94,11247.8,47314,10479943168.0,600519,贵州茅台
2021-06-09,11402.81,11440.5,11513.36,11242.57,25502,5591378944.0,600519,贵州茅台
2021-06-10,11417.88,11636.36,11701.13,11393.16,25567,5707338496.0,600519,贵州茅台
2021-06-11,11638.98,11336.53,11664.1,11336.53,33971,7513797120.0,600519,贵州茅台
2021-06-15,11418.39,11407.84,11487.63,11181.72,29361,6412821504.0,600519,贵州茅台
2021-06-16,11402.81,11231.97,11417.88,11181.72,27593,5978924544.0,600519,贵州茅台
2021-06-17,11220.16,11226.49,11382.71,11163.43,21068,4558702592.0,600519,贵州茅台
2021-06-18,11176.69,10895.01,11224.43,10764.66,54028,11329180928.0,600519,贵州茅台
2021-06-21,10865.16,10848.27,10938.97,10689.29,35488,7367986432.0,600519,贵州茅台
2021-06-22,10900.33,10814.76,10930.48,10708.84,33228,6900830720.0,600519,贵州茅台
2021-06-23,10840.03,10628.99,10855.11,10609.65,37079,7596735744.0,600519,贵州茅台
2021-06-24,10639.09,10779.99,10840.03,10543.57,31474,6452557056.0,600519,贵州茅台
2021-06-25,10786.03,10997.27,11082.7,10749.05,35875,7459680512.0,600519,贵州茅台
2021-06-28,11037.47,11052.6,11127.92,10901.8,27452,5750241280.0,600519,贵州茅台
2021-06-29,11077.67,10846.53,11112.84,10791.26,33031,6835635200.0,600519,贵州茅台
2021-06-30,10861.61,10819.9,10906.83,10767.64,21916,4511484160.0,600519,贵州茅台
2021-07-01,10836.33,11062.6,11087.72,10693.78,33701,6970731008.0,600519,贵州茅台
2021-07-02,10911.85,10600.32,10911.85,10592.78,46275,9388640256.0,600519,贵州茅台
2021-07-05,10534.99,10504.85,10634.89,10459.62,34421,6872797696.0,600519,贵州茅台
2021-07-06,10509.87,10599.81,10605.34,10334.05,35283,7015883008.0,600519,贵州茅台
2021-07-07,10585.24,10555.09,10680.11,10530.02,28122,5658210816.0,600519,贵州茅台
2021-07-08,10535.5,10459.62,10555.09,10374.2,35517,7027713792.0,600519,贵州茅台
2021-07-09,10356.71,10394.85,10464.19,10258.63,30908,6072340992.0,600519,贵州茅台
2021-07-12,10412.14,10339.03,10528.86,10236.02,39010,7658786304.0,600519,贵州茅台
2021-07-13,10374.2,10449.07,10562.63,10359.13,29925,5946287360.0,600519,贵州茅台
2021-07-14,10404.35,10344.05,10406.86,10258.63,30771,6011814912.0,600519,贵州茅台
2021-07-15,10308.98,10524.89,10600.32,10286.77,42190,8391506176.0,600519,贵州茅台
2021-07-16,10434.5,10313.4,10517.91,10283.75,35408,6958296832.0,600519,贵州茅台
2021-07-19,10313.35,10409.37,10464.65,10238.53,30052,5900348160.0,600519,贵州茅台
2021-07-20,10409.37,10434.5,10479.37,10341.09,23475,4639300864.0,600519,贵州茅台
2021-07-21,10479.72,10379.23,10565.14,10344.1,29780,5902656256.0,600519,贵州茅台
2021-07-22,10334.0,10233.56,10403.85,10228.28,39090,7619076864.0,600519,贵州茅台
2021-07-23,10222.55,10032.51,10222.55,10007.84,47585,9057761792.0,600519,贵州茅台
2021-07-26,9926.99,9550.69,9926.99,9429.54,98619,17894360832.0,600519,贵州茅台
2021-07-27,9545.11,9092.33,9580.28,9042.63,86577,15230805760.0,600519,贵州茅台
2021-07-28,9042.63,9373.76,9470.74,8937.71,85369,14792471040.0,600519,贵州茅台
2021-07-29,9580.33,9277.74,9645.61,9200.11,63864,11299569920.0,600519,贵州茅台
2021-07-30,9153.18,8921.99,9153.18,8815.31,77736,13109724928.0,600519,贵州茅台
2021-08-02,8846.66,9303.92,9308.84,8629.19,97401,16515259136.0,600519,贵州茅台
2021-08-03,9178.3,9275.28,9374.22,8971.28,54375,9447823360.0,600519,贵州茅台
2021-08-04,9198.7,9148.15,9329.04,9118.0,38175,6614683392.0,600519,贵州茅台
2021-08-05,8991.78,9022.53,9253.67,8908.77,48060,8177369856.0,600519,贵州茅台
2021-08-06,8972.28,8881.84,8997.46,8759.23,45686,7616109568.0,600519,贵州茅台
2021-08-09,8781.34,8996.4,9072.78,8776.32,47698,8028155392.0,600519,贵州茅台
2021-08-10,9027.56,9525.01,9544.51,8901.94,83285,14549496576.0,600519,贵州茅台
2021-08-11,9429.59,9281.31,9454.71,9278.85,38663,6821292800.0,600519,贵州茅台
2021-08-12,9188.35,8977.31,9273.77,8958.16,47551,8130692608.0,600519,贵州茅台
2021-08-13,8977.31,9027.76,9092.88,8922.04,37905,6418412544.0,600519,贵州茅台
2021-08-16,9007.46,9023.54,9095.89,8952.59,28057,4773049856.0,600519,贵州茅台
2021-08-17,9027.56,8700.94,9027.56,8670.19,61201,10140292096.0,600519,贵州茅台
2021-08-18,8648.99,8625.57,8741.09,8525.08,59970,9701556224.0,600519,贵州茅台
2021-08-19,8636.73,8625.42,8742.15,8525.08,41292,6682355712.0,600519,贵州茅台
2021-08-20,8299.82,8263.79,8512.77,8150.73,114545,17825198336.0,600519,贵州茅台
2021-08-23,8212.94,8375.29,8520.05,8207.36,71597,11218832896.0,600519,贵州茅台
2021-08-24,8399.46,8651.6,8738.88,8353.08,72594,11703813888.0,600519,贵州茅台
2021-08-25,8764.46,8851.79,8931.43,8741.14,54239,9037626368.0,600519,贵州茅台
2021-08-26,8851.64,8499.95,8851.64,8498.55,54020,8722233088.0,600519,贵州茅台
2021-08-27,8469.8,8505.13,8650.7,8445.18,36095,5791426304.0,600519,贵州茅台
2021-08-30,8550.2,8454.73,8590.4,8253.49,51588,8098190336.0,600519,贵州茅台
2021-08-31,8473.82,8314.04,8607.23,8299.46,43677,6888080896.0,600519,贵州茅台
2021-09-01,8319.06,8635.67,8700.89,8178.87,77316,12370243328.0,600519,贵州茅台
2021-09-02,8690.84,8619.54,8741.14,8529.55,42837,6939707392.0,600519,贵州茅台
2021-09-03,8575.43,8817.62,8825.51,8434.63,52835,8631165696.0,600519,贵州茅台
2021-09-06,8771.29,8880.18,9068.56,8656.48,55338,9306030592.0,600519,贵州茅台
2021-09-07,8831.74,8871.79,8949.57,8781.34,31211,5204051712.0,600519,贵州茅台
2021-09-08,8826.56,8691.4,8882.74,8666.17,33064,5428265728.0,600519,贵州茅台
2021-09-09,8655.72,8696.32,8751.19,8645.72,19950,3257785760.0,600519,贵州茅台
2021-09-10,8696.32,8839.53,8870.78,8690.9,33388,5528034048.0,600519,贵州茅台
2021-09-13,8851.69,8796.42,8947.16,8726.57,27720,4605031680.0,600519,贵州茅台
2021-09-14,8821.54,8811.49,8942.13,8791.39,33761,5638962688.0,600519,贵州茅台
2021-09-15,8776.32,8604.17,8826.56,8575.32,41570,6781755392.0,600519,贵州茅台
2021-09-16,8540.15,8716.37,8746.17,8449.71,45968,7458455040.0,600519,贵州茅台
2021-09-17,8625.57,8957.21,9055.7,8625.57,55130,9242101504.0,600519,贵州茅台
2021-09-22,8820.69,8714.46,8967.26,8700.94,31743,5227723008.0,600519,贵州茅台
2021-09-23,8716.02,8700.94,8805.86,8651.1,30342,4964210176.0,600519,贵州茅台
2021-09-24,8665.77,8997.41,9127.95,8665.77,69537,11756596224.0,600519,贵州茅台
2021-09-27,9278.8,9806.4,9848.61,9278.8,126869,23270689792.0,600519,贵州茅台
2021-09-28,9771.23,9640.88,9831.52,9504.91,49221,8973408768.0,600519,贵州茅台
2021-09-29,9575.26,9630.53,9756.2,9459.19,43291,7870151680.0,600519,贵州茅台
2021-09-30,9621.39,9680.78,9782.38,9547.12,40539,7411735808.0,600519,贵州茅台
2021-10-08,9642.69,9729.02,9921.97,9566.36,47452,8780381184.0,600519,贵州茅台
2021-10-11,9728.56,9867.3,9981.76,9685.85,37676,7040475392.0,600519,贵州茅台
2021-10-12,9861.67,9886.75,9916.94,9743.19,30606,5688160768.0,600519,贵州茅台
2021-10-13,9881.77,10182.76,10283.5,9841.57,50143,9625769216.0,600519,贵州茅台
2021-10-14,10177.88,10087.79,10242.55,10012.42,26623,5097602304.0,600519,贵州茅台
2021-10-15,9982.77,10117.79,10183.21,9982.77,28561,5452953856.0,600519,贵州茅台
2021-10-18,9972.22,9530.04,9972.22,9464.71,69652,12651498496.0,600519,贵州茅台
2021-10-19,9530.04,9591.24,9725.0,9529.43,40315,7330114048.0,600519,贵州茅台
2021-10-20,9695.85,9736.05,9780.27,9560.23,28663,5246404608.0,600519,贵州茅台
2021-10-21,9736.55,9751.13,9831.52,9675.75,23019,4238584288.0,600519,贵州茅台
2021-10-22,9806.4,10037.54,10138.09,9801.37,35963,6794850048.0,600519,贵州茅台
2021-10-25,9932.02,9897.0,9957.19,9821.47,32461,6076219904.0,600519,贵州茅台
2021-10-26,9851.77,9836.8,9926.94,9751.13,21130,3934223712.0,600519,贵州茅台
2021-10-27,9792.83,9625.51,9822.98,9530.54,34647,6302270976.0,600519,贵州茅台
2021-10-28,9656.66,9658.12,9750.02,9540.08,29491,5383196160.0,600519,贵州茅台
2021-10-29,9655.66,9661.08,9771.23,9595.36,28776,5266898944.0,600519,贵州茅台
2021-11-01,9429.54,9545.11,9662.19,9329.04,41690,7486936320.0,600519,贵州茅台
2021-11-02,9513.45,9553.35,9752.23,9469.74,32500,5875341312.0,600519,贵州茅台
2021-11-03,9530.04,9354.17,9580.18,9335.02,27829,4958314496.0,600519,贵州茅台
2021-11-04,9419.19,9551.14,9610.43,9376.38,31130,5592211712.0,600519,贵州茅台
2021-11-05,9551.19,9630.23,9756.1,9551.19,27077,4956331264.0,600519,贵州茅台
2021-11-08,9630.53,9631.03,9684.8,9540.34,17706,3220439328.0,600519,贵州茅台
2021-11-09,9630.43,9479.84,9670.08,9439.59,27352,4915170048.0,600519,贵州茅台
2021-11-10,9479.84,9298.84,9504.91,9203.42,35349,6204803328.0,600519,贵州茅台
2021-11-11,9293.52,9377.28,9377.28,9236.09,22652,3987243280.0,600519,贵州茅台
2021-11-12,9419.49,9398.29,9454.91,9362.51,17607,3124400976.0,600519,贵州茅台
2021-11-15,9397.78,9334.77,9449.64,9278.8,24947,4410975488.0,600519,贵州茅台
2021-11-16,9369.24,9570.23,9620.48,9354.17,33526,6033536256.0,600519,贵州茅台
2021-11-17,9555.16,9504.91,9633.04,9479.84,24505,4411450880.0,600519,贵州茅台
2021-11-18,9435.67,9489.84,9565.21,9379.29,19521,3485674960.0,600519,贵州茅台
2021-11-19,9500.84,9672.79,9776.25,9470.74,31156,5699883776.0,600519,贵州茅台
2021-11-22,9776.25,9802.73,10077.74,9771.23,42573,7994018304.0,600519,贵州茅台
2021-11-23,9791.32,10014.58,10117.94,9791.32,45782,8676297728.0,600519,贵州茅台
2021-11-24,10032.51,10238.53,10364.15,10017.44,54512,10555736832.0,600519,贵州茅台
2021-11-25,10298.83,10314.05,10465.65,10264.91,39753,7803035392.0,600519,贵州茅台
2021-11-26,10358.27,10238.58,10369.18,10158.13,32656,6337346304.0,600519,贵州茅台
2021-11-29,10334.0,10459.62,10484.75,10289.18,42399,8372476160.0,600519,贵州茅台
2021-11-30,10461.63,10187.13,10484.24,10170.7,36925,7192172544.0,600519,贵州茅台
2021-12-01,10283.75,10198.28,10333.75,10128.09,26254,5071457024.0,600519,贵州茅台
2021-12-02,10233.51,10203.36,10244.31,10131.0,20422,3939731536.0,600519,贵州茅台
2021-12-03,10193.31,10393.7,10477.81,10188.53,35818,7045848064.0,600519,贵州茅台
2021-12-06,10449.57,10370.68,10484.75,10283.75,31064,6122543872.0,600519,贵州茅台
2021-12-07,10438.22,10313.25,10474.04,10267.32,36980,7286659584.0,600519,贵州茅台
2021-12-08,10358.52,10751.06,10761.11,10283.75,61048,12285102080.0,600519,贵州茅台
2021-12-09,10811.06,10969.89,11122.49,10761.11,64239,13404724480.0,600519,贵州茅台
2021-12-10,10836.48,10987.23,11016.27,10816.38,43148,8944582400.0,600519,贵州茅台
2021-12-13,11308.81,11128.92,11439.46,11127.92,65807,14139012352.0,600519,贵州茅台
2021-12-14,11128.92,11288.71,11378.66,11037.47,40449,8673733632.0,600519,贵州茅台
2021-12-15,11249.27,11213.34,11363.83,11163.19,30078,6444715008.0,600519,贵州茅台
2021-12-16,11112.84,11132.89,11258.82,10968.28,37211,7865499392.0,600519,贵州茅台
2021-12-17,11039.99,10789.75,11077.67,10715.89,48403,9988869888.0,600519,贵州茅台
2021-12-20,10789.75,10831.26,10965.42,10741.01,32258,6654596608.0,600519,贵州茅台
2021-12-21,10761.11,10726.94,10882.36,10599.46,26286,5354186496.0,600519,贵州茅台
2021-12-22,10735.99,10776.18,10851.56,10735.99,17431,3570928368.0,600519,贵州茅台
2021-12-23,10801.31,11137.97,11137.97,10660.61,39099,8126298112.0,600519,贵州茅台
2021-12-24,11283.08,11510.26,11625.17,11283.08,56130,12295953408.0,600519,贵州茅台
2021-12-27,11379.16,11197.36,11379.16,11097.77,37556,8020677632.0,600519,贵州茅台
2021-12-28,11203.29,11229.32,11316.35,11120.88,27651,5901940736.0,600519,贵州茅台
2021-12-29,11288.71,10741.01,11310.07,10741.01,54049,11195625216.0,600519,贵州茅台
2021-12-30,10741.01,10911.85,10982.1,10675.69,35261,7272866560.0,600519,贵州茅台
2021-12-31,10886.73,10786.23,10901.7,10675.69,29665,6061415424.0,600519,贵州茅台
2022-01-04,10811.36,10792.41,10881.45,10605.34,33843,6913653248.0,600519,贵州茅台
2022-01-05,10761.11,10655.59,10861.61,10625.44,28396,5774992128.0,600519,贵州茅台
2022-01-06,10645.59,10445.65,10715.89,10226.02,51795,10226933760.0,600519,贵州茅台
2022-01-07,10409.37,10243.56,10479.12,10230.09,29817,5831695360.0,600519,贵州茅台
2022-01-10,10173.26,10364.15,10419.42,10120.7,29627,5792738048.0,600519,贵州茅台
2022-01-11,10273.7,10236.27,10359.13,10189.14,22277,4332180736.0,600519,贵州茅台
2022-01-12,10273.7,10369.18,10428.47,10273.7,27474,5384359680.0,600519,贵州茅台
2022-01-13,10358.22,9918.9,10374.15,9859.46,56747,10781720576.0,600519,贵州茅台
2022-01-14,9918.9,9866.7,9997.34,9846.6,29322,5506185984.0,600519,贵州茅台
2022-01-17,9871.72,9839.61,9923.48,9707.61,27354,5074077696.0,600519,贵州茅台
2022-01-18,9839.96,9993.67,10076.98,9791.32,31216,5906705920.0,600519,贵州茅台
2022-01-19,10127.99,10092.81,10127.99,9976.64,26371,5026993408.0,600519,贵州茅台
2022-01-20,10112.91,10381.84,10434.45,10112.91,34014,6665294848.0,600519,贵州茅台
2022-01-21,10334.0,10459.57,10502.28,10288.83,30813,6091427584.0,600519,贵州茅台
2022-01-24,10308.88,10284.76,10454.6,10190.49,23986,4685441792.0,600519,贵州茅台
2022-01-25,10248.58,10248.58,10364.15,10188.28,25510,4971078400.0,600519,贵州茅台
2022-01-26,10243.76,10308.88,10379.23,10127.99,23905,4655706624.0,600519,贵州茅台
2022-01-27,10540.07,10359.13,10589.36,10293.8,42665,8450329088.0,600519,贵州茅台
2022-01-28,10308.88,9967.19,10374.2,9932.07,41020,7889492992.0,600519,贵州茅台
2022-02-07,10037.49,9871.52,10100.65,9781.27,35150,6601799680.0,600519,贵州茅台
2022-02-08,9876.14,9726.0,9896.19,9479.79,41713,7585130496.0,600519,贵州茅台
2022-02-09,9726.45,10012.31,10072.71,9665.55,33885,6346699776.0,600519,贵州茅台
2022-02-10,10032.51,9896.85,10062.16,9818.41,23032,4315456768.0,600519,贵州茅台
2022-02-11,9816.45,9781.12,10036.48,9736.05,33746,6296909568.0,600519,贵州茅台
2022-02-14,9731.03,9875.09,9916.94,9717.51,20196,3762313344.0,600519,贵州茅台
2022-02-15,9875.74,9985.38,10087.79,9826.5,27106,5131842048.0,600519,贵州茅台
2022-02-16,10032.51,9995.08,10067.69,9972.22,14587,2769034320.0,600519,贵州茅台
2022-02-17,10035.58,9967.14,10090.2,9937.04,18214,3450265040.0,600519,贵州茅台
2022-02-18,9920.11,10067.69,10072.61,9859.96,19385,3670339744.0,600519,贵州茅台
2022-02-21,10032.51,9916.89,10067.19,9876.49,20816,3920377360.0,600519,贵州茅台
2022-02-22,9831.57,9569.58,9836.55,9530.14,52299,9473992704.0,600519,贵州茅台
2022-02-23,9587.37,9665.76,9700.88,9530.44,28112,5118197760.0,600519,贵州茅台
2022-02-24,9570.23,9349.7,9600.33,9269.25,65359,11578557184.0,600519,贵州茅台
2022-02-25,9404.42,9525.31,9571.64,9404.42,38979,6999524096.0,600519,贵州茅台
2022-02-28,9465.01,9481.8,9514.96,9364.22,28923,5158148352.0,600519,贵州茅台
2022-03-01,9540.08,9823.89,9849.46,9540.08,47379,8721229312.0,600519,贵州茅台
2022-03-02,9731.03,9755.55,9786.25,9655.66,20074,3690612336.0,600519,贵州茅台
2022-03-03,9760.17,9530.04,9782.53,9499.89,31547,5703580672.0,600519,贵州茅台
2022-03-04,9389.34,9432.05,9494.31,9304.42,31047,5509157632.0,600519,贵州茅台
2022-03-07,9330.05,9062.73,9369.24,9046.65,49156,8487507456.0,600519,贵州茅台
2022-03-08,9328.94,9294.88,9463.0,9188.35,57215,10087484416.0,600519,贵州茅台
2022-03-09,9349.65,9425.42,9555.16,9133.63,56434,10018589952.0,600519,贵州茅台
2022-03-10,9570.23,9502.05,9635.56,9484.81,36462,6587438848.0,600519,贵州茅台
2022-03-11,9359.19,9374.32,9414.47,9118.4,47727,8335618304.0,600519,贵州茅台
2022-03-14,9178.3,9027.56,9278.8,9027.56,49007,8416841984.0,600519,贵州茅台
2022-03-15,8776.32,8540.15,8952.18,8540.15,89056,14567142656.0,600519,贵州茅台
2022-03-16,8695.92,8901.69,8946.66,8489.9,77593,12753010176.0,600519,贵州茅台
2022-03-17,9128.05,9128.81,9303.92,9086.15,68352,11843531776.0,600519,贵州茅台
2022-03-18,9118.0,9066.7,9253.67,8988.76,38349,6564085504.0,600519,贵州茅台
2022-03-21,9148.15,9049.16,9156.44,9002.48,27877,4763083264.0,600519,贵州茅台
2022-03-22,9147.55,9002.43,9147.55,8958.87,21054,3578291200.0,600519,贵州茅台
2022-03-23,9052.68,9289.8,9379.29,9012.48,58067,10096341504.0,600519,贵州茅台
2022-03-24,9218.5,9132.73,9228.55,9114.74,25815,4457504512.0,600519,贵州茅台
2022-03-25,9087.85,8977.31,9198.4,8952.18,29709,5054831360.0,600519,贵州茅台
2022-03-28,8650.7,8830.58,8850.68,8545.18,57542,9392007936.0,600519,贵州茅台
2022-03-29,8834.1,8861.74,8984.85,8834.1,25935,4343365376.0,600519,贵州茅台
2022-03-30,9017.51,9178.8,9178.8,9002.43,42433,7276379136.0,600519,贵州茅台
2022-03-31,9128.05,9123.03,9221.51,9071.77,25174,4338022912.0,600519,贵州茅台
2022-04-01,9178.0,9429.59,9494.86,9136.54,44862,7936957184.0,600519,贵州茅台
2022-04-06,9293.87,9354.17,9473.41,9293.87,27820,4910792448.0,600519,贵州茅台
2022-04-07,9318.99,9354.17,9454.66,9279.3,20196,3568182336.0,600519,贵州茅台
2022-04-08,9369.24,9449.64,9473.26,9361.91,22941,4081618544.0,600519,贵州茅台
2022-04-11,9379.29,9128.05,9379.29,9057.86,43864,7568782592.0,600519,贵州茅台
2022-04-12,9173.28,9439.59,9469.59,9067.75,41630,7284546304.0,600519,贵州茅台
2022-04-13,9364.22,9374.27,9504.91,9284.22,31148,5534915840.0,600519,贵州茅台
2022-04-14,9469.74,9575.26,9710.43,9430.54,37650,6834657280.0,600519,贵州茅台
2022-04-15,9541.09,9560.13,9620.48,9509.38,21041,3800797632.0,600519,贵州茅台
2022-04-18,9435.22,9483.91,9519.99,9369.24,19793,3525102976.0,600519,贵州茅台
2022-04-19,9530.04,9481.29,9695.8,9406.93,24205,4359852032.0,600519,贵州茅台
2022-04-20,9538.53,9514.96,9630.53,9372.66,24156,4342043392.0,600519,贵州茅台
2022-04-21,9480.79,9429.44,9560.18,9379.29,28953,5160787968.0,600519,贵州茅台
2022-04-22,9344.12,9394.37,9469.13,9329.95,27900,4955360768.0,600519,贵州茅台
2022-04-25,9278.8,9067.75,9411.95,9037.61,53658,9352986880.0,600519,贵州茅台
2022-04-26,9044.29,9190.76,9273.67,9027.56,44564,7692845312.0,600519,贵州茅台
2022-04-27,9364.82,9504.51,9580.28,9364.82,57402,10289893120.0,600519,贵州茅台
2022-04-28,9494.86,9705.9,9756.15,9462.2,44010,8038681856.0,600519,贵州茅台
2022-04-29,9710.93,9672.64,9776.25,9585.21,34885,6384066560.0,600519,贵州茅台
2022-05-05,9680.78,9715.95,9881.77,9675.65,33661,6235017472.0,600519,贵州茅台
2022-05-06,9605.36,9494.86,9625.51,9434.56,28596,5138176768.0,600519,贵州茅台
2022-05-09,9429.54,9288.85,9429.54,9218.5,30352,5324616192.0,600519,贵州茅台
2022-05-10,9128.05,9360.15,9454.46,9052.73,40119,7018451200.0,600519,贵州茅台
2022-05-11,9303.92,9369.24,9472.15,9288.85,30313,5372950016.0,600519,贵州茅台
2022-05-12,9293.87,9342.46,9419.49,9278.8,22038,3888480080.0,600519,贵州茅台
2022-05-13,9429.54,9420.7,9519.68,9359.19,20731,3690141232.0,600519,贵州茅台
2022-05-16,9514.96,9318.99,9514.96,9241.96,27765,4881208576.0,600519,贵州茅台
2022-05-17,9378.69,9369.24,9404.42,9303.92,20145,3557048800.0,600519,贵州茅台
2022-05-18,9397.68,9334.07,9398.99,9243.72,24850,4362487040.0,600519,贵州茅台
2022-05-19,9253.67,9308.94,9313.97,9223.52,19776,3459059184.0,600519,贵州茅台
2022-05-20,9328.99,9530.09,9535.81,9288.85,41950,7493460224.0,600519,贵州茅台
2022-05-23,9530.04,9434.56,9549.58,9389.34,22157,3950856592.0,600519,贵州茅台
2022-05-24,9459.69,9329.04,9464.71,9306.43,27342,4824599808.0,600519,贵州茅台
2022-05-25,9355.52,9306.48,9389.34,9263.72,22389,3929477104.0,600519,贵州茅台
2022-05-26,9334.07,9242.62,9334.07,9178.3,28053,4888109312.0,600519,贵州茅台
2022-05-27,9328.99,9304.72,9429.54,9293.92,25120,4436904960.0,600519,贵州茅台
2022-05-30,9359.19,9421.55,9482.55,9359.19,34466,6135631360.0,600519,贵州茅台
2022-05-31,9403.26,9550.29,9604.9,9364.12,40751,7329201152.0,600519,贵州茅台
2022-06-01,9540.08,9470.99,9604.3,9424.51,21760,3897858992.0,600519,贵州茅台
2022-06-02,9469.59,9459.69,9508.93,9429.54,16915,3019718032.0,600519,贵州茅台
2022-06-06,9479.79,9469.74,9504.91,9318.99,36741,6535329280.0,600519,贵州茅台
2022-06-07,9450.34,9619.98,9655.66,9380.85,35049,6356030976.0,600519,贵州茅台
2022-06-08,9655.66,9859.66,9942.07,9655.66,44354,8236953856.0,600519,贵州茅台
2022-06-09,9891.82,9796.35,9973.98,9776.25,26329,4897066752.0,600519,贵州茅台
2022-06-10,9756.2,10035.53,10067.69,9705.9,47345,8882462720.0,600519,贵州茅台
2022-06-13,9982.27,9811.42,9992.32,9771.63,36755,6847248896.0,600519,贵州茅台
2022-06-14,9700.88,9886.8,9909.01,9690.83,29416,5467949312.0,600519,贵州茅台
2022-06-15,9881.77,9907.4,10057.64,9846.55,33664,6354868992.0,600519,贵州茅台
2022-06-16,10005.33,9916.94,10070.85,9908.55,26887,5087605504.0,600519,贵州茅台
2022-06-17,9922.42,10288.78,10293.8,9922.42,50542,9749530880.0,600519,贵州茅台
2022-06-20,10283.75,10243.66,10384.25,10183.26,34975,6802792448.0,600519,贵州茅台
2022-06-21,10278.73,10262.35,10369.13,10173.21,23717,4617805056.0,600519,贵州茅台
2022-06-22,10308.88,10213.41,10323.95,10193.31,19647,3813775296.0,600519,贵州茅台
2022-06-23,10247.07,10319.43,10359.33,10233.51,26844,5239860480.0,600519,贵州茅台
2022-06-24,10384.25,10580.27,10635.49,10359.13,39635,7921199872.0,600519,贵州茅台
2022-06-27,10635.19,10588.01,10785.93,10536.5,40115,8124449024.0,600519,贵州茅台
2022-06-28,10634.18,10715.89,10741.01,10540.02,25246,5112298752.0,600519,贵州茅台
2022-06-29,10675.69,10685.74,10746.04,10590.32,30360,6142508544.0,600519,贵州茅台
2022-06-30,10643.91,10870.02,11030.82,10643.86,38982,7984019456.0,600519,贵州茅台
2022-07-01,10920.27,10789.88,10984.44,10720.33,21596,4385555200.0,600519,贵州茅台
2022-07-04,10744.45,10734.35,10765.96,10648.98,25076,5042804224.0,600519,贵州茅台
2022-07-05,10770.93,10809.77,10917.51,10694.15,26329,5345189888.0,600519,贵州茅台
2022-07-06,10804.7,10653.96,10839.87,10573.56,32752,6566374912.0,600519,贵州茅台
2022-07-07,10669.03,10593.66,10690.89,10568.58,20932,4179088240.0,600519,贵州茅台
2022-07-08,10669.03,10638.88,10718.73,10624.61,15644,3134903456.0,600519,贵州茅台
2022-07-11,10594.66,10461.0,10617.63,10395.18,23949,4709248256.0,600519,贵州茅台
2022-07-12,10468.04,10384.68,10507.23,10292.47,23447,4562731381.0,600519,贵州茅台
2022-07-13,10367.54,10437.34,10503.21,10345.79,19854,3893406034.0,600519,贵州茅台
2022-07-14,10442.91,10407.74,10527.33,10347.44,20527,4014985518.0,600519,贵州茅台
2022-07-15,10368.1,10390.15,10642.3,10365.08,33416,6588730699.0,600519,贵州茅台
2022-07-18,10404.53,10401.01,10437.89,10251.97,24221,4701936868.0,600519,贵州茅台
2022-07-19,10367.54,10358.0,10400.96,10272.07,21956,4250852886.0,600519,贵州茅台
2022-07-20,10436.63,10393.17,10493.16,10367.54,18705,3659970961.0,600519,贵州茅台
2022-07-21,10358.0,10337.39,10422.31,10314.83,14061,2735503093.0,600519,贵州茅台
2022-07-22,10388.75,10377.59,10452.96,10317.29,25114,4894378605.0,600519,贵州茅台
2022-07-25,10390.2,10365.78,10404.22,10297.2,16912,3285451347.0,600519,贵州茅台
2022-07-26,10407.69,10393.72,10467.89,10377.69,20685,4041100077.0,600519,贵州茅台
2022-07-27,10352.47,10239.91,10382.62,10226.85,21490,4149807166.0,600519,贵州茅台
2022-07-28,10247.45,10131.38,10332.37,10104.54,34870,6669448409.0,600519,贵州茅台
2022-07-29,10116.81,10133.59,10236.85,10031.38,37032,7028415881.0,600519,贵州茅台
2022-08-01,10091.23,10092.69,10181.63,10046.86,21037,3988198590.0,600519,贵州茅台
2022-08-02,10040.93,10040.83,10081.03,9930.44,28221,5284516568.0,600519,贵州茅台
2022-08-03,10091.13,10066.06,10161.53,10025.86,24598,4642442196.0,600519,贵州茅台
2022-08-04,10091.18,10221.87,10257.5,10041.58,30357,5797110733.0,600519,贵州茅台
2022-08-05,10281.12,10261.82,10317.29,10166.05,20086,3857406327.0,600519,贵州茅台
2022-08-08,10217.55,10199.36,10306.64,10179.16,16799,3220702892.0,600519,贵州茅台
2022-08-09,10199.36,10191.67,10236.85,10166.55,13875,2651800008.0,600519,贵州茅台
2022-08-10,10191.57,10020.83,10231.87,9963.45,27927,5259452686.0,600519,贵州茅台
2022-08-11,10071.08,10176.1,10176.6,10030.93,26061,4940834195.0,600519,贵州茅台
2022-08-12,10176.1,10282.12,10292.17,10141.43,20260,3882570566.0,600519,贵州茅台
2022-08-15,10244.23,10241.37,10339.91,10219.56,19323,3717178491.0,600519,贵州茅台
2022-08-16,10261.72,10231.07,10311.21,10221.82,14836,2854189586.0,600519,贵州茅台
2022-08-17,10292.17,10231.87,10292.17,10116.3,18361,3508295541.0,600519,贵州茅台
2022-08-18,10181.63,10118.82,10207.15,10046.31,23168,4384060205.0,600519,贵州茅台
2022-08-19,10131.38,10116.35,10183.38,10081.13,13544,2572000762.0,600519,贵州茅台
2022-08-22,10066.11,10111.18,10176.6,10047.87,15427,2925285473.0,600519,贵州茅台
2022-08-23,10134.39,9990.73,10134.39,9975.61,23756,4452538978.0,600519,贵州茅台
2022-08-24,9990.63,9911.29,10016.96,9895.21,18728,3486382969.0,600519,贵州茅台
2022-08-25,9935.41,10066.06,10081.13,9911.29,21925,4107597895.0,600519,贵州茅台
2022-08-26,10141.43,10131.38,10201.72,10071.08,23142,4397161135.0,600519,贵州茅台
2022-08-29,10056.01,10035.0,10141.28,10010.78,13570,2555981192.0,600519,贵州茅台
2022-08-30,10052.74,9990.68,10066.06,9911.29,18235,3400091358.0,600519,贵州茅台
2022-08-31,9940.94,10262.02,10269.86,9940.49,44692,8518225337.0,600519,贵州茅台
2022-09-01,10202.48,10045.4,10221.82,10045.4,26845,5088658955.0,600519,贵州茅台
2022-09-02,10090.88,10015.81,10106.05,9971.44,19391,3635162804.0,600519,贵州茅台
2022-09-05,9953.7,9814.82,9985.66,9739.44,36822,6764549173.0,600519,贵州茅台
2022-09-06,9816.62,9865.06,9881.14,9764.57,20830,3832086313.0,600519,贵州茅台
2022-09-07,9814.97,9729.44,9828.18,9694.27,28306,5151537330.0,600519,贵州茅台
2022-09-08,9739.44,9714.32,9799.74,9714.32,16591,3026766448.0,600519,贵州茅台
2022-09-09,9764.57,9864.01,9900.24,9719.34,27090,4991679523.0,600519,贵州茅台
2022-09-13,10040.93,10035.91,10083.04,9931.54,28693,5387987148.0,600519,贵州茅台
2022-09-14,9960.58,9985.66,10040.93,9955.51,16042,3002693247.0,600519,贵州茅台
2022-09-15,9990.68,10040.93,10106.86,9990.48,20810,3917954256.0,600519,贵州茅台
2022-09-16,9999.73,9935.41,10069.07,9915.86,24121,4501527357.0,600519,贵州茅台
2022-09-19,9915.31,9998.92,10084.09,9904.66,18584,3479680771.0,600519,贵州茅台
2022-09-20,9990.58,10030.88,10064.05,9933.15,14116,2645281859.0,600519,贵州茅台
2022-09-21,10024.2,9880.14,10056.01,9880.14,20995,3904096421.0,600519,贵州茅台
2022-09-22,9839.94,9743.51,9845.06,9723.62,22704,4147900996.0,600519,贵州茅台
2022-09-23,9743.51,9811.95,9915.31,9743.51,28288,5191904760.0,600519,贵州茅台
2022-09-26,9739.44,9955.51,10081.13,9739.34,35135,6566771227.0,600519,贵州茅台
2022-09-27,9984.95,10081.13,10126.35,9895.76,28820,5422668135.0,600519,贵州茅台
2022-09-28,10043.44,10056.01,10138.41,10010.83,21446,4042506330.0,600519,贵州茅台
2022-09-29,10131.28,10042.69,10152.38,9996.36,21590,4075515187.0,600519,贵州茅台
2022-09-30,10134.49,10003.25,10151.43,9970.58,21289,4000917951.0,600519,贵州茅台
2022-10-10,10091.18,9568.6,10096.2,9539.46,48584,8865386496.0,600519,贵州茅台
2022-10-11,9583.68,9538.4,9669.1,9437.96,32047,5712249507.0,600519,贵州茅台
2022-10-12,9506.59,9437.96,9533.43,9176.67,48195,8372252823.0,600519,贵州茅台
2022-10-13,9239.28,9136.42,9312.34,9121.39,63969,10919727537.0,600519,贵州茅台
2022-10-14,9186.72,9325.45,9412.83,9146.22,46520,8045032623.0,600519,贵州茅台
2022-10-17,9267.11,9229.43,9277.11,9125.41,33550,5740146639.0,600519,贵州茅台
2022-10-18,9262.09,9165.76,9287.21,9141.49,28083,4800689502.0,600519,贵州茅台
2022-10-19,9146.42,8875.18,9146.42,8875.18,60121,9997656284.0,600519,贵州茅台
2022-10-20,8739.51,8852.57,8977.84,8689.26,42778,7020555512.0,600519,贵州茅台
2022-10-21,8834.98,8754.58,8874.17,8684.24,38907,6317945876.0,600519,贵州茅台
2022-10-24,8483.25,8137.94,8578.72,8071.26,132098,20217576174.0,600519,贵州茅台
2022-10-25,8028.1,8029.76,8206.88,7990.82,81362,12136909034.0,600519,贵州茅台
2022-10-26,8075.23,7951.02,8206.83,7930.52,81781,12120993864.0,600519,贵州茅台
2022-10-27,8031.01,7634.06,8071.11,7547.88,107106,15258551283.0,600519,贵州茅台
2022-10-28,7582.65,7428.04,7659.18,7421.56,93143,12823821843.0,600519,贵州茅台
2022-10-31,7377.79,7377.79,7538.64,7292.37,71847,9758303071.0,600519,贵州茅台
2022-11-01,7423.01,7940.62,7977.75,7423.01,118766,16859775304.0,600519,贵州茅台
2022-11-02,7930.52,7990.62,8161.66,7809.92,79777,11717204099.0,600519,贵州茅台
2022-11-03,7847.96,7827.51,7943.08,7770.23,45160,6509550787.0,600519,贵州茅台
2022-11-04,7819.77,8214.77,8271.05,7819.77,80008,11996968945.0,600519,贵州茅台
2022-11-07,8101.61,8167.24,8224.37,8064.13,42698,6414049133.0,600519,贵州茅台
2022-11-08,8171.71,8055.54,8221.91,7975.54,39325,5842320995.0,600519,贵州茅台
2022-11-09,8050.86,7930.02,8075.63,7880.27,36090,5276777530.0,600519,贵州茅台
2022-11-10,7850.12,8005.89,8056.14,7805.65,37720,5518325849.0,600519,贵州茅台
2022-11-11,8272.2,8272.96,8354.86,8106.29,73947,11252112275.0,600519,贵州茅台
2022-11-14,8350.09,8297.33,8450.74,8272.2,57370,8858049581.0,600519,贵州茅台
2022-11-15,8292.3,8573.69,8628.81,8237.03,56318,8858377894.0,600519,贵州茅台
2022-11-16,8538.52,8559.87,8623.94,8473.2,26848,4250886805.0,600519,贵州茅台
2022-11-17,8586.25,8468.17,8615.4,8397.22,30580,4793001162.0,600519,贵州茅台
2022-11-18,8513.39,8468.82,8553.59,8412.9,23609,3703793426.0,600519,贵州茅台
2022-11-21,8339.29,8231.91,8339.29,8124.12,39096,5917086070.0,600519,贵州茅台
2022-11-22,8219.14,8332.25,8431.69,8212.46,29901,4582790131.0,600519,贵州茅台
2022-11-23,8272.2,8377.73,8417.92,8237.23,22177,3428793052.0,600519,贵州茅台
2022-11-24,8427.97,8231.96,8477.62,8201.76,27687,4241974248.0,600519,贵州茅台
2022-11-25,8234.57,8242.11,8292.3,8181.76,18621,2833988373.0,600519,贵州茅台
2022-11-28,8055.03,8181.16,8206.88,7885.3,47723,7040991068.0,600519,贵州茅台
2022-11-29,8481.03,8628.96,8633.99,8387.77,73420,11587859176.0,600519,贵州茅台
2022-11-30,8569.27,8628.96,8654.09,8558.62,31497,5019450678.0,600519,贵州茅台
2022-12-01,8935.48,8788.75,9035.97,8788.7,51358,8480772923.0,600519,贵州茅台
2022-12-02,8809.86,8804.23,8900.25,8740.51,23884,3910860618.0,600519,贵州茅台
2022-12-05,8975.68,8960.1,9030.95,8880.2,36127,6018521304.0,600519,贵州茅台
2022-12-06,8910.35,9076.17,9271.64,8895.28,44147,7477917194.0,600519,贵州茅台
2022-12-07,9024.97,9056.07,9236.96,8985.88,35526,6012253045.0,600519,贵州茅台
2022-12-08,9046.02,9071.25,9111.34,8960.6,19730,3323420877.0,600519,贵州茅台
2022-12-09,9096.27,9287.21,9287.21,9046.02,39215,6716944493.0,600519,贵州茅台
2022-12-12,9216.16,9332.54,9468.1,9211.84,34755,6063957619.0,600519,贵州茅台
2022-12-13,9322.39,9387.71,9441.42,9287.21,21385,3735089152.0,600519,贵州茅台
2022-12-14,9352.53,9492.58,9542.47,9352.53,29098,5141262368.0,600519,贵州茅台
2022-12-15,9664.07,9573.58,9719.34,9538.45,30634,5497063390.0,600519,贵州茅台
2022-12-16,9504.53,9572.97,9593.72,9352.53,33303,5901587128.0,600519,贵州茅台
2022-12-19,9632.92,9503.28,9632.92,9438.81,24987,4447236356.0,600519,贵州茅台
2022-12-20,9464.74,9211.84,9464.74,9048.28,46198,7944120661.0,600519,贵州茅台
2022-12-21,9257.06,9332.44,9332.44,9225.16,22816,3948926227.0,600519,贵州茅台
2022-12-22,9421.37,9478.15,9553.53,9362.58,23175,4093861570.0,600519,贵州茅台
2022-12-23,9399.77,9493.23,9548.5,9362.58,17319,3063608409.0,600519,贵州茅台
2022-12-26,9493.23,9347.81,9493.23,9312.44,21384,3749121030.0,600519,贵州茅台
2022-12-27,9437.5,9412.38,9483.48,9374.69,17905,3109270166.0,600519,贵州茅台
2022-12-28,9477.1,9412.38,9482.73,9286.81,21438,3699948995.0,600519,贵州茅台
2022-12-29,9331.98,9342.03,9382.18,9251.84,22418,3844499655.0,600519,贵州茅台
2022-12-30,9427.45,9382.23,9512.83,9382.23,25333,4409544297.0,600519,贵州茅台
2023-01-03,9403.34,9397.36,9439.66,9276.76,26034,4487760231.0,600519,贵州茅台
2023-01-04,9397.31,9372.23,9441.02,9326.96,20416,3523582306.0,600519,贵州茅台
2023-01-05,9432.48,9754.07,9754.07,9412.38,47943,8541587089.0,600519,贵州茅台
2023-01-06,9779.79,9767.98,9808.84,9683.72,24904,4480838898.0,600519,贵州茅台
2023-01-09,9924.91,9956.06,10000.18,9788.33,30977,5684181147.0,600519,贵州茅台
2023-01-10,9945.31,10022.64,10073.14,9902.3,22732,4204783734.0,600519,贵州茅台
2023-01-11,10030.43,9974.91,10050.53,9934.15,22720,4201487773.0,600519,贵州茅台
2023-01-12,9990.23,9919.88,10030.43,9914.86,17193,3162637136.0,600519,贵州茅台
2023-01-13,9971.04,10186.2,10191.22,9950.03,31940,5969876222.0,600519,贵州茅台
2023-01-16,10181.17,10316.34,10427.39,10156.05,36848,7059982640.0,600519,贵州茅台
2023-01-17,10317.65,10291.72,10367.09,10226.4,21299,4068321409.0,600519,贵州茅台
2023-01-18,10321.87,10216.35,10378.65,10201.27,21063,4008665438.0,600519,贵州茅台
2023-01-19,10213.83,10152.08,10213.93,10080.68,23439,4401994437.0,600519,贵州茅台
2023-01-20,10197.2,10050.58,10242.73,10040.48,25609,4807356071.0,600519,贵州茅台
2023-01-30,10296.74,10191.22,10296.74,10151.02,35923,6799756571.0,600519,贵州茅台
2023-01-31,10233.93,9978.98,10251.27,9915.21,32991,6128311548.0,600519,贵州茅台
2023-02-01,10025.3,9975.01,10045.5,9806.32,33974,6244678925.0,600519,贵州茅台
2023-02-02,9992.14,9930.49,10045.5,9879.69,29759,5465509510.0,600519,贵州茅台
2023-02-03,9849.54,9839.49,9879.69,9727.33,34945,6324635031.0,600519,贵州茅台
2023-02-06,9648.55,9723.92,9723.92,9548.05,42661,7595739044.0,600519,贵州茅台
2023-02-07,9789.64,9733.97,9793.26,9687.39,24322,4373671735.0,600519,贵州茅台
2023-02-08,9749.09,9668.64,9779.04,9623.42,16676,2980574806.0,600519,贵州茅台
2023-02-09,9638.5,9839.49,9898.53,9623.47,29754,5401399088.0,600519,贵州茅台
2023-02-10,9799.79,9799.29,9841.95,9754.32,17985,3253859317.0,600519,贵州茅台
2023-02-13,9799.29,10032.19,10123.39,9799.29,38147,7058382498.0,600519,贵州茅台
2023-02-14,10032.74,9969.08,10037.46,9924.91,19566,3601769574.0,600519,贵州茅台
2023-02-15,9969.03,9955.06,10026.91,9928.98,18177,3351422211.0,600519,贵州茅台
2023-02-16,9956.77,10059.67,10186.2,9889.74,33246,6196915130.0,600519,贵州茅台
2023-02-17,10001.08,9853.46,10115.85,9849.79,26443,4880328952.0,600519,贵州茅台
2023-02-20,9854.56,10125.9,10144.99,9835.47,29669,5488800056.0,600519,贵州茅台
2023-02-21,10120.88,10085.7,10120.88,10005.31,18751,3491633510.0,600519,贵州茅台
2023-02-22,10025.45,9929.93,10070.13,9908.83,21869,4031016045.0,600519,贵州茅台
2023-02-23,9950.03,9839.49,9994.25,9775.42,21881,3983991208.0,600519,贵州茅台
2023-02-24,9799.84,9688.74,9800.24,9659.5,24635,4415621498.0,600519,贵州茅台
2023-02-27,9641.01,9801.35,9824.41,9623.52,22065,3978128676.0,600519,贵州茅台
2023-02-28,9844.51,9818.08,9859.64,9665.13,23952,4314877096.0,600519,贵州茅台
2023-03-01,9814.36,9942.65,9990.23,9765.27,24458,4475592195.0,600519,贵州茅台
2023-03-02,9894.76,9889.74,9944.96,9855.06,13144,2405292304.0,600519,贵州茅台
2023-03-03,9948.88,9839.69,9958.12,9761.5,16198,2946842659.0,600519,贵州茅台
2023-03-06,9840.39,9784.92,9842.0,9732.81,20646,3730079522.0,600519,贵州茅台
2023-03-07,9779.09,9690.25,9832.45,9688.74,22785,4101302456.0,600519,贵州茅台
2023-03-08,9648.65,9600.41,9678.39,9553.68,22764,4035787172.0,600519,贵州茅台
2023-03-09,9588.25,9598.4,9673.67,9447.55,27612,4881442710.0,600519,贵州茅台
2023-03-10,9505.69,9497.8,9653.57,9497.8,21161,3725139075.0,600519,贵州茅台
2023-03-13,9502.83,9558.1,9623.42,9492.78,20560,3626476291.0,600519,贵州茅台
2023-03-14,9567.04,9578.2,9647.94,9440.02,23705,4177289027.0,600519,贵州茅台
2023-03-15,9640.35,9502.42,9673.07,9498.4,19213,3392698490.0,600519,贵州茅台
2023-03-16,9447.55,9507.8,9598.3,9442.58,17646,3096791142.0,600519,贵州茅台
2023-03-17,9598.3,9457.6,9627.89,9427.45,27023,4744249369.0,600519,贵州茅台
2023-03-20,9502.83,9395.3,9522.93,9387.26,20491,3557872017.0,600519,贵州茅台
2023-03-21,9422.43,9623.42,9677.94,9367.01,31142,5491052284.0,600519,贵州茅台
2023-03-22,9648.55,9615.13,9713.87,9575.94,15330,2727648674.0,600519,贵州茅台
2023-03-23,9578.2,9622.72,9704.37,9573.22,17356,3082821551.0,600519,贵州茅台
2023-03-24,9593.67,9641.61,9666.63,9578.2,12770,2269649179.0,600519,贵州茅台
2023-03-27,9641.51,9587.19,9641.51,9527.95,15296,2700755933.0,600519,贵州茅台
2023-03-28,9598.3,9657.59,9698.79,9573.27,17261,3073113077.0,600519,贵州茅台
2023-03-29,9744.02,9698.79,9749.04,9674.02,15393,2761909333.0,600519,贵州茅台
2023-03-30,9713.87,9749.04,9774.16,9643.52,19257,3453573052.0,600519,贵州茅台
2023-03-31,9874.66,9849.54,9990.23,9844.51,27446,5024790356.0,600519,贵州茅台
2023-04-03,9874.66,9759.44,9888.58,9749.44,21417,3875811673.0,600519,贵州茅台
2023-04-04,9809.34,9822.35,9825.27,9683.72,20066,3614275263.0,600519,贵州茅台
2023-04-06,9774.16,9733.77,9828.94,9689.85,14874,2676251956.0,600519,贵州茅台
2023-04-07,9723.92,9703.77,9779.24,9690.45,13525,2428160574.0,600519,贵州茅台
2023-04-10,9703.21,9606.84,9703.21,9467.65,29418,5171150567.0,600519,贵州茅台
2023-04-11,9713.87,9475.19,9713.87,9467.65,29209,5138854627.0,600519,贵州茅台
2023-04-12,9484.03,9216.92,9497.8,9210.48,51105,8732657376.0,600519,贵州茅台
2023-04-13,9196.31,9362.13,9365.1,9166.22,29543,5049310126.0,600519,贵州茅台
2023-04-14,9377.21,9313.99,9412.38,9270.68,21232,3646526766.0,600519,贵州茅台
2023-04-17,9447.55,9512.88,9512.88,9387.26,30467,5303401395.0,600519,贵州茅台
2023-04-18,9512.88,9538.0,9593.27,9477.8,18314,3220107647.0,600519,贵州茅台
2023-04-19,9558.1,9543.02,9575.69,9497.8,14601,2568632845.0,600519,贵州茅台
2023-04-20,9548.6,9457.0,9573.17,9392.28,19885,3468366835.0,600519,贵州茅台
2023-04-21,9477.7,9374.54,9488.15,9353.49,18518,3210937222.0,600519,贵州茅台
2023-04-24,9352.08,9271.69,9357.11,9251.59,20231,3456728718.0,600519,贵州茅台
2023-04-25,9276.71,9399.21,9427.35,9256.61,20583,3534989917.0,600519,贵州茅台
2023-04-26,9467.65,9467.2,9553.07,9347.06,27892,4861477657.0,600519,贵州茅台
2023-04-27,9487.75,9537.6,9598.3,9397.31,25605,4489906864.0,600519,贵州茅台
2023-04-28,9563.17,9550.66,9662.46,9517.75,26225,4636084177.0,600519,贵州茅台
2023-05-04,9593.27,9497.3,9636.84,9427.45,27466,4818999650.0,600519,贵州茅台
2023-05-05,9578.2,9497.8,9578.2,9429.41,20714,3621305973.0,600519,贵州茅台
2023-05-08,9589.86,9349.67,9593.27,9332.84,33171,5742915994.0,600519,贵州茅台
2023-05-09,9321.93,9357.11,9447.45,9282.09,29378,5057346564.0,600519,贵州茅台
2023-05-10,9322.89,9372.18,9427.45,9321.93,20773,3588550877.0,600519,贵州茅台
2023-05-11,9402.33,9332.33,9422.43,9321.93,15246,2623835905.0,600519,贵州茅台
2023-05-12,9321.93,9278.72,9396.7,9271.74,19460,3335038590.0,600519,贵州茅台
2023-05-15,9256.61,9328.47,9331.98,9202.34,25740,4384647977.0,600519,贵州茅台
2023-05-16,9316.86,9263.09,9347.01,9231.49,22224,3785811907.0,600519,贵州茅台
2023-05-17,9286.76,9251.59,9311.88,9241.59,16777,2858697942.0,600519,贵州茅台
2023-05-18,9271.64,9201.34,9273.7,9196.31,19219,3260170684.0,600519,贵州茅台
2023-05-19,9100.84,9244.05,9268.32,9023.21,26741,4504022549.0,600519,贵州茅台
2023-05-22,9196.36,9477.7,9507.85,9196.31,41284,7165754129.0,600519,贵州茅台
2023-05-23,9517.85,9369.92,9517.9,9369.92,16894,2934118394.0,600519,贵州茅台
2023-05-24,9409.01,9301.33,9415.14,9297.36,18479,3182416491.0,600519,贵州茅台
2023-05-25,9276.66,9251.59,9296.81,9196.31,22466,3814504093.0,600519,贵州茅台
2023-05-26,9256.61,9199.13,9271.69,9120.99,18291,3090691546.0,600519,贵州茅台
2023-05-29,9231.49,9191.29,9238.27,9136.02,17771,2998147159.0,600519,贵州茅台
2023-05-30,9191.29,9087.23,9240.98,9038.33,26453,4424706688.0,600519,贵州茅台
2023-05-31,9050.65,8889.3,9074.31,8878.09,36957,6053737281.0,600519,贵州茅台
2023-06-01,8834.53,8924.57,9120.89,8834.53,28645,4708722933.0,600519,贵州茅台
2023-06-02,8970.2,9098.83,9111.65,8925.53,25058,4163116244.0,600519,贵州茅台
2023-06-05,9076.52,9070.69,9160.54,9060.64,16201,2704294313.0,600519,贵州茅台
2023-06-06,9095.82,9080.69,9166.17,9003.11,19914,3326778183.0,600519,贵州茅台
2023-06-07,9110.84,8999.84,9140.04,8995.32,17890,2971782064.0,600519,贵州茅台
2023-06-08,9024.62,9085.77,9120.94,8995.37,14703,2441569677.0,600519,贵州茅台
2023-06-09,9105.82,9075.72,9135.87,9075.72,17580,2938014322.0,600519,贵州茅台
2023-06-12,9075.82,9226.46,9286.76,9053.21,27029,4562308599.0,600519,贵州茅台
2023-06-13,9215.81,9241.54,9269.73,9171.19,14663,2485398902.0,600519,贵州茅台
2023-06-14,9342.03,9381.63,9418.61,9277.77,31506,5438040356.0,600519,贵州茅台
2023-06-15,9399.01,9522.93,9526.19,9362.13,25223,4395900802.0,600519,贵州茅台
2023-06-16,9532.97,9737.43,9749.04,9498.3,37918,6742301361.0,600519,贵州茅台
2023-06-19,9698.79,9467.65,9738.74,9437.5,31700,5584248725.0,600519,贵州茅台
2023-06-20,9447.55,9464.94,9573.17,9422.43,20947,3659824529.0,600519,贵州茅台
2023-06-21,9447.55,9426.6,9530.96,9422.43,17721,3088635934.0,600519,贵州茅台
2023-06-26,9347.61,9291.78,9397.31,9221.44,23993,4098619510.0,600519,贵州茅台
2023-06-27,9296.76,9302.09,9345.55,9247.01,15174,2598138744.0,600519,贵州茅台
2023-06-28,9312.79,9389.17,9417.4,9301.83,18574,3199294221.0,600519,贵州茅台
2023-06-29,9402.33,9315.45,9422.38,9311.93,14231,2446524134.0,600519,贵州茅台
2023-06-30,9376.76,9331.54,9421.93,9308.82,20459,3472586730.0,600519,贵州茅台
2023-07-03,9371.73,9497.86,9503.79,9336.56,19139,3286737792.0,600519,贵州茅台
2023-07-04,9498.36,9530.52,9549.81,9467.61,12472,2155553635.0,600519,贵州茅台
2023-07-05,9527.5,9454.04,9537.4,9376.76,14745,2523960725.0,600519,贵州茅台
2023-07-06,9422.79,9391.73,9542.58,9376.76,15141,2589459002.0,600519,贵州茅台
2023-07-07,9381.78,9326.66,9421.93,9326.51,15167,2571458553.0,600519,贵州茅台
2023-07-10,9401.88,9381.28,9451.93,9376.76,13477,2298241728.0,600519,贵州茅台
2023-07-11,9427.01,9427.01,9452.99,9387.31,12583,2151079270.0,600519,贵州茅台
2023-07-12,9442.28,9446.1,9492.33,9433.69,13285,2280785351.0,600519,贵州茅台
2023-07-13,9487.25,9569.71,9604.93,9472.28,25807,4479772500.0,600519,贵州茅台
2023-07-14,9658.15,9643.07,9670.71,9583.78,18550,3245530255.0,600519,贵州茅台
2023-07-17,9633.02,9527.35,9633.02,9510.42,14336,2482069846.0,600519,贵州茅台
2023-07-18,9545.49,9491.32,9550.16,9482.28,14738,2544005063.0,600519,贵州茅台
2023-07-19,9452.18,9492.33,9517.45,9446.1,12483,2147704435.0,600519,贵州茅台
2023-07-20,9517.4,9497.35,9622.87,9487.3,16693,2897176490.0,600519,贵州茅台
2023-07-21,9536.95,9735.03,9741.06,9507.4,39377,6931535726.0,600519,贵州茅台
2023-07-24,9630.61,9734.27,9734.27,9630.61,19713,3476648177.0,600519,贵州茅台
2023-07-25,9879.24,10022.7,10024.35,9879.19,43086,7837450019.0,600519,贵州茅台
2023-07-26,10022.7,10022.7,10060.08,9955.01,19611,3580171484.0,600519,贵州茅台
2023-07-27,10060.13,10070.33,10154.55,10023.45,20340,3749635290.0,600519,贵州茅台
2023-07-28,10040.03,10366.64,10381.72,10019.98,39018,7330314112.0,600519,贵州茅台
2023-07-31,10421.92,10284.14,10557.59,10251.07,45379,8615279839.0,600519,贵州茅台
2023-08-01,10271.22,10326.44,10416.64,10270.62,19231,3635857283.0,600519,贵州茅台
2023-08-02,10298.31,10281.22,10331.47,10214.89,18509,3478674239.0,600519,贵州茅台
2023-08-03,10230.97,10273.53,10331.47,10132.99,21543,4031087705.0,600519,贵州茅台
2023-08-04,10320.52,10348.91,10414.48,10291.27,24574,4655813751.0,600519,贵州茅台
2023-08-07,10286.0,10321.07,10371.67,10236.15,23892,4491893140.0,600519,贵州茅台
2023-08-08,10281.37,10331.47,10350.11,10201.23,17736,3333559505.0,600519,贵州茅台
2023-08-09,10331.47,10332.88,10406.84,10296.1,18523,3506306394.0,600519,贵州茅台
2023-08-10,10291.27,10256.1,10326.44,10192.28,18436,3454219140.0,600519,贵州茅台
2023-08-11,10306.35,10050.08,10308.36,10049.48,26786,4959166751.0,600519,贵州茅台
2023-08-14,9929.49,9894.31,10004.76,9859.14,23731,4285362053.0,600519,贵州茅台
2023-08-15,9924.46,9944.46,9969.68,9884.31,14818,2682125119.0,600519,贵州茅台
2023-08-16,9917.33,9979.73,9996.57,9909.39,13184,2396261791.0,600519,贵州茅台
2023-08-17,9909.79,10020.18,10050.08,9887.03,17290,3141408018.0,600519,贵州茅台
2023-08-18,10039.98,9892.25,10055.06,9892.25,17023,3084761577.0,600519,贵州茅台
2023-08-21,9844.06,9834.02,9949.54,9829.34,18912,3405415645.0,600519,贵州茅台
2023-08-22,9884.21,9818.94,9892.1,9733.62,26650,4763131152.0,600519,贵州茅台
2023-08-23,9864.16,9748.59,9879.24,9728.9,19912,3556178584.0,600519,贵州茅台
2023-08-24,9776.83,9961.14,10019.93,9753.62,26055,4703417600.0,600519,贵州茅台
2023-08-25,9923.41,10004.76,10069.02,9909.44,18831,3433296756.0,600519,贵州茅台
2023-08-28,10374.58,10054.96,10374.58,10039.43,41052,7633221012.0,600519,贵州茅台
2023-08-29,10019.93,10137.16,10226.35,10019.93,28950,5371260173.0,600519,贵州茅台
2023-08-30,10220.42,10160.63,10220.92,10098.62,19812,3672570260.0,600519,贵州茅台
2023-08-31,10180.73,10115.4,10180.73,10085.31,14820,2738445519.0,600519,贵州茅台
2023-09-01,10144.7,10135.75,10208.21,10110.53,13145,2438622738.0,600519,贵州茅台
2023-09-04,10193.79,10210.87,10280.92,10148.22,23871,4453823216.0,600519,贵州茅台
2023-09-05,10220.92,10174.19,10220.92,10164.65,15659,2915625961.0,600519,贵州茅台
2023-09-06,10170.68,10185.75,10214.19,10125.5,11121,2067605990.0,600519,贵州茅台
2023-09-07,10143.54,10070.18,10165.1,10035.96,16982,3128587116.0,600519,贵州茅台
2023-09-08,10054.8,9972.2,10054.8,9954.36,12212,2224338144.0,600519,贵州茅台
2023-09-11,9919.44,9990.64,10080.23,9919.44,15926,2902617736.0,600519,贵州茅台
2023-09-12,10012.9,9979.53,10014.81,9959.74,12168,2214514112.0,600519,贵州茅台
2023-09-13,10029.58,9979.28,10029.58,9879.49,19501,3540583633.0,600519,贵州茅台
2023-09-14,9992.45,9973.15,10014.81,9909.39,17505,3180447848.0,600519,贵州茅台
2023-09-15,9974.71,9788.74,9978.63,9785.27,28431,5105749077.0,600519,贵州茅台
2023-09-18,9760.2,10025.96,10027.47,9743.57,32559,5905121000.0,600519,贵州茅台
2023-09-19,9990.79,10014.61,10024.96,9919.44,14990,2727858953.0,600519,贵州茅台
2023-09-20,9989.78,9999.83,10029.98,9969.94,12502,2281583949.0,600519,贵州茅台
2023-09-21,9969.73,9871.15,9989.78,9871.15,19489,3521486755.0,600519,贵州茅台
2023-09-22,9907.53,10125.45,10130.28,9841.1,34390,6287832575.0,600519,贵州茅台
2023-09-25,10117.92,10041.94,10120.43,10012.85,13979,2565773541.0,600519,贵州茅台
2023-09-26,10019.93,9959.63,10054.5,9945.06,15762,2870852363.0,600519,贵州茅台
2023-09-27,9954.61,9949.59,10047.57,9893.31,20880,3791876119.0,600519,贵州茅台
2023-09-28,10004.76,9871.95,10004.76,9868.18,20538,3704812960.0,600519,贵州茅台
2023-10-09,9863.86,9763.67,9863.86,9702.87,29763,5279950406.0,600519,贵州茅台
2023-10-10,9793.26,9728.49,9874.11,9718.44,20284,3615557182.0,600519,贵州茅台
2023-10-11,9802.11,9771.21,9802.11,9718.44,21945,3896568648.0,600519,贵州茅台
2023-10-12,9868.69,9808.89,9870.34,9764.67,14865,2657095942.0,600519,贵州茅台
2023-10-13,9732.92,9633.02,9768.74,9568.66,25028,4387687934.0,600519,贵州茅台
2023-10-16,9632.92,9527.0,9658.15,9489.57,20790,3603604610.0,600519,贵州茅台
2023-10-17,9572.73,9507.4,9574.94,9457.16,14945,2577312288.0,600519,贵州茅台
2023-10-18,9471.23,9517.45,9587.8,9463.09,20318,3511987514.0,600519,贵州茅台
2023-10-19,9376.76,9025.02,9376.91,9005.08,73492,12146921769.0,600519,贵州茅台
2023-10-20,9025.02,9100.4,9150.64,8955.93,45376,7421390806.0,600519,贵州茅台
2023-10-23,9024.87,9095.27,9175.77,8982.82,25234,4138279588.0,600519,贵州茅台
2023-10-24,9115.47,9090.09,9142.4,8980.86,29861,4894807617.0,600519,贵州茅台
2023-10-25,9226.57,9263.7,9366.71,9211.04,36179,6075417064.0,600519,贵州茅台
2023-10-26,9210.94,9237.22,9316.46,9185.87,22386,3741418874.0,600519,贵州茅台
2023-10-27,9195.87,9259.73,9335.96,9178.78,34262,5754795486.0,600519,贵州茅台
2023-10-30,9220.99,9281.29,9320.88,9220.99,24086,4050573178.0,600519,贵州茅台
2023-10-31,9276.26,9299.28,9326.51,9215.21,19859,3335804699.0,600519,贵州茅台
2023-11-01,10130.48,9783.72,10130.48,9747.54,93143,16747292689.0,600519,贵州茅台
2023-11-02,9854.11,9776.23,9854.11,9758.94,27908,4982090753.0,600519,贵州茅台
2023-11-03,9778.74,9935.72,9954.06,9748.59,30176,5433116881.0,600519,贵州茅台
2023-11-06,9979.73,9939.54,9998.78,9884.87,25524,4624102375.0,600519,贵州茅台
2023-11-07,9904.36,9834.87,9929.49,9799.24,19582,3511590028.0,600519,贵州茅台
2023-11-08,9799.09,9870.9,9898.33,9793.16,14546,2610041959.0,600519,贵州茅台
2023-11-09,9829.54,9849.64,9874.21,9793.82,12800,2291996819.0,600519,贵州茅台
2023-11-10,9781.51,9757.84,9818.94,9744.07,16466,2928380668.0,600519,贵州茅台
2023-11-13,9739.95,9698.35,9803.26,9663.07,18370,3244573621.0,600519,贵州茅台
2023-11-14,9698.35,9704.73,9753.57,9678.3,12817,2263963957.0,600519,贵州茅台
2023-11-15,9773.72,9743.22,9793.26,9713.42,18435,3271230275.0,600519,贵州茅台
2023-11-16,9748.59,9678.5,9758.64,9678.5,12558,2215937273.0,600519,贵州茅台
2023-11-17,9638.05,9645.18,9673.22,9567.2,21714,3793781119.0,600519,贵州茅台
2023-11-20,9653.12,9690.81,9725.98,9560.97,18608,3265514010.0,600519,贵州茅台
2023-11-21,9795.93,9828.99,9869.19,9729.0,30098,5383107810.0,600519,贵州茅台
2023-11-22,9795.32,9786.33,9850.85,9781.46,12665,2263460167.0,600519,贵州茅台
2023-11-23,9770.2,9808.89,9818.94,9733.52,11550,2055272193.0,600519,贵州茅台
2023-11-24,9823.97,9763.67,9823.97,9753.62,13085,2329345658.0,600519,贵州茅台
2023-11-27,9745.08,9693.32,9745.08,9653.12,16261,2865075217.0,600519,贵州茅台
2023-11-28,9683.27,9723.67,9747.99,9668.2,14520,2562905659.0,600519,贵州茅台
2023-11-29,9718.44,9752.16,9758.64,9668.2,17149,3034175614.0,600519,贵州茅台
2023-11-30,9762.26,9836.53,9852.91,9733.92,21353,3817513545.0,600519,贵州茅台
2023-12-01,9825.52,9679.65,9827.48,9617.95,33051,5830850111.0,600519,贵州茅台
2023-12-04,9679.65,9631.57,9687.44,9604.28,18440,3233102118.0,600519,贵州茅台
2023-12-05,9621.87,9421.98,9622.37,9417.06,29903,5168983317.0,600519,贵州茅台
2023-12-06,9389.97,9391.83,9474.59,9382.44,23851,4078003022.0,600519,贵州茅台
2023-12-07,9396.86,9376.76,9422.38,9312.94,25042,4249170906.0,600519,贵州茅台
2023-12-08,9376.76,9401.48,9421.18,9337.67,26288,4474160126.0,600519,贵州茅台
2023-12-11,9326.51,9366.71,9396.86,9160.69,36831,6172810248.0,600519,贵州茅台
2023-12-12,9314.45,9426.96,9426.96,9296.36,21011,3564305866.0,600519,贵州茅台
2023-12-13,9402.99,9175.77,9405.5,9161.1,38789,6480807500.0,600519,贵州茅台
2023-12-14,9205.72,9054.67,9225.36,9050.25,40672,6703240107.0,600519,贵州茅台
2023-12-15,9116.63,9100.4,9265.06,9095.42,37093,6140791726.0,600519,贵州茅台
2023-12-18,9075.27,9185.82,9192.5,9050.15,19897,3292194757.0,600519,贵州茅台
2023-12-19,9200.89,9251.14,9275.61,9100.85,22207,3706057587.0,600519,贵州茅台
2023-12-20,9261.72,9220.47,9271.77,9186.35,23092,3816133219.0,600519,贵州茅台
2023-12-21,9171.33,9322.02,9333.68,9171.33,29012,4827827888.0,600519,贵州茅台
2023-12-22,9320.51,9325.29,9367.74,9261.77,21667,3613238325.0,600519,贵州茅台
2023-12-25,9327.04,9332.07,9365.23,9311.97,12471,2086014390.0,600519,贵州茅台
2023-12-26,9334.58,9322.02,9346.64,9259.21,14771,2457177339.0,600519,贵州茅台
2023-12-27,9311.97,9307.25,9357.95,9276.8,16056,2679221365.0,600519,贵州茅台
2023-12-28,9326.99,9598.33,9613.41,9307.25,38338,6537401380.0,600519,贵州茅台
2023-12-29,9573.26,9603.41,9721.89,9573.26,27539,4768857531.0,600519,贵州茅台
2024-01-02,9548.13,9397.44,9564.16,9362.72,32156,5440082548.0,600519,贵州茅台
2024-01-03,9377.84,9442.61,9448.74,9353.83,20229,3411400667.0,600519,贵州茅台
2024-01-04,9437.59,9316.99,9437.59,9286.49,21551,3603970147.0,600519,贵州茅台
2024-01-05,9278.45,9288.65,9365.53,9232.13,20243,3373155627.0,600519,贵州茅台
2024-01-08,9276.8,9191.32,9281.82,9171.33,25586,4211918629.0,600519,贵州茅台
2024-01-09,9176.35,9176.3,9233.18,9146.5,24412,4009826496.0,600519,贵州茅台
2024-01-10,9176.8,9178.81,9269.06,9161.23,17351,2856120718.0,600519,贵州茅台
2024-01-11,9171.78,9204.29,9261.42,9161.53,16441,2708764500.0,600519,贵州茅台
2024-01-12,9171.12,9186.65,9227.85,9168.26,11603,1908084612.0,600519,贵州茅台
2024-01-15,9146.15,9171.28,9246.5,9143.39,17854,2931202343.0,600519,贵州茅台
2024-01-16,9163.74,9168.41,9206.45,9095.6,25903,4236042960.0,600519,贵州茅台
2024-01-17,9121.03,8854.71,9148.56,8854.71,51633,8251735591.0,600519,贵州茅台
2024-01-18,8839.64,9024.9,9034.6,8746.93,60440,9566349514.0,600519,贵州茅台
2024-01-19,9014.85,9146.15,9161.28,8974.71,46378,7550144389.0,600519,贵州茅台
2024-01-22,9116.0,9181.32,9186.35,9065.15,46946,7678297836.0,600519,贵州茅台
2024-01-23,9131.13,9065.75,9171.02,9015.51,34835,5659457115.0,600519,贵州茅台
2024-01-24,9116.0,9100.93,9140.32,8988.17,33216,5373603703.0,600519,贵州茅台
2024-01-25,9105.05,9161.23,9176.3,9080.83,31206,5094508165.0,600519,贵州茅台
2024-01-26,9122.84,9157.81,9191.88,9085.85,26955,4402111882.0,600519,贵州茅台
2024-01-29,9172.78,9221.52,9274.69,9172.73,31421,5189014946.0,600519,贵州茅台
2024-01-30,9221.42,9035.61,9221.42,9020.53,30866,5010784454.0,600519,贵州茅台
2024-01-31,9035.61,8994.96,9070.63,8960.89,29649,4770104891.0,600519,贵州茅台
2024-02-01,8997.92,9020.68,9090.33,8975.31,26485,4272298576.0,600519,贵州茅台
2024-02-02,9045.66,8950.18,9109.87,8874.81,39382,6336691194.0,600519,贵州茅台
2024-02-05,8950.18,9121.08,9158.41,8946.42,53130,8590683071.0,600519,贵州茅台
2024-02-06,9121.08,9352.17,9399.8,9101.43,52472,8740646588.0,600519,贵州茅台
2024-02-07,9377.44,9527.99,9546.07,9279.86,52601,8899606867.0,600519,贵州茅台
2024-02-08,9573.31,9502.91,9598.38,9397.39,46757,7953438044.0,600519,贵州茅台
2024-02-19,9663.05,9449.8,9663.35,9412.47,36977,6288277980.0,600519,贵州茅台
2024-02-20,9459.5,9322.02,9459.5,9254.49,34470,5755266893.0,600519,贵州茅台
2024-02-21,9302.02,9561.5,9628.53,9281.82,46154,7868784082.0,600519,贵州茅台
2024-02-22,9510.45,9565.12,9588.38,9475.43,22794,3905984695.0,600519,贵州茅台
2024-02-23,9528.59,9543.56,9595.27,9472.86,27306,4670706950.0,600519,贵州茅台
2024-02-26,9512.96,9447.54,9516.68,9397.49,27318,4625594409.0,600519,贵州茅台
2024-02-27,9387.34,9420.0,9437.19,9362.22,22080,3718478358.0,600519,贵州茅台
2024-02-28,9417.09,9380.06,9455.53,9342.17,31867,5371312847.0,600519,贵州茅台
2024-02-29,9380.06,9447.64,9455.18,9368.25,24758,4184917973.0,600519,贵州茅台
2024-03-01,9422.51,9397.69,9447.49,9355.58,26868,4526845398.0,600519,贵州茅台
2024-03-04,9367.24,9353.68,9377.24,9322.27,26485,4434401015.0,600519,贵州茅台
2024-03-05,9326.09,9448.14,9457.69,9305.34,36238,6102136582.0,600519,贵州茅台
2024-03-06,9427.54,9375.03,9447.64,9362.32,22142,3725582802.0,600519,贵州茅台
2024-03-07,9372.27,9390.51,9421.51,9362.22,21599,3633934774.0,600519,贵州茅台
2024-03-08,9375.08,9329.2,9405.83,9322.27,22156,3710678522.0,600519,贵州茅台
2024-03-11,9347.14,9445.08,9467.14,9338.0,29895,5048394347.0,600519,贵州茅台
2024-03-12,9442.31,9698.88,9719.48,9425.03,54227,9393309052.0,600519,贵州茅台
2024-03-13,9673.6,9610.69,9713.95,9573.76,26500,4588879420.0,600519,贵州茅台
2024-03-14,9568.23,9556.33,9647.83,9530.55,19405,3338768308.0,600519,贵州茅台
2024-03-15,9535.57,9560.65,9635.57,9533.06,17834,3066692399.0,600519,贵州茅台
2024-03-18,9548.13,9514.27,9572.5,9467.74,26055,4446059130.0,600519,贵州茅台
2024-03-19,9487.84,9513.06,9572.96,9438.14,23948,4093701261.0,600519,贵州茅台
2024-03-20,9489.65,9521.0,9541.5,9473.92,15249,2604543856.0,600519,贵州茅台
2024-03-21,9513.46,9517.99,9568.23,9495.37,16596,2839332631.0,600519,贵州茅台
2024-03-22,9498.04,9479.55,9517.94,9412.47,25456,4318592818.0,600519,贵州茅台
2024-03-25,9465.43,9417.54,9466.58,9375.18,24473,4131446237.0,600519,贵州茅台
2024-03-26,9409.75,9519.44,9537.08,9409.75,28069,4782899074.0,600519,贵州茅台
2024-03-27,9497.89,9477.79,9533.06,9467.74,18113,3087792980.0,600519,贵州茅台
2024-03-28,9447.64,9481.0,9563.21,9438.59,24642,4201857059.0,600519,贵州茅台
2024-03-29,9481.0,9487.33,9527.99,9463.22,13457,2290584417.0,600519,贵州茅台
2024-04-01,9522.96,9579.94,9643.61,9516.48,27131,4679371035.0,600519,贵州茅台
2024-04-02,9583.31,9543.06,9598.33,9498.14,25449,4360973684.0,600519,贵州茅台
2024-04-03,9643.61,9548.69,9670.94,9523.11,29046,5002390042.0,600519,贵州茅台
2024-04-08,9447.64,9305.24,9452.66,9284.84,59167,9907355766.0,600519,贵州茅台
2024-04-09,9275.14,9282.93,9337.09,9263.98,25590,4256226333.0,600519,贵州茅台
2024-04-10,9283.18,9211.37,9296.84,9196.4,27631,4562853880.0,600519,贵州茅台
2024-04-11,9171.83,9211.47,9221.52,9144.59,22766,3736417595.0,600519,贵州茅台
2024-04-12,9226.55,9141.28,9291.87,9141.28,26744,4403968129.0,600519,贵州茅台
2024-04-15,9146.2,9336.99,9350.21,9146.05,35818,5960815532.0,600519,贵州茅台
2024-04-16,9299.36,9322.02,9370.06,9266.75,26266,4382796962.0,600519,贵州茅台
2024-04-17,9311.97,9306.94,9348.15,9261.72,24819,4130322018.0,600519,贵州茅台
2024-04-18,9266.8,9325.94,9387.24,9262.63,26568,4445487745.0,600519,贵州茅台
2024-04-19,9275.69,9204.64,9314.48,9177.71,23500,3879233242.0,600519,贵州茅台
2024-04-22,9241.62,9347.44,9366.64,9196.4,29951,5001684635.0,600519,贵州茅台
2024-04-23,9347.14,9433.97,9447.64,9347.14,24980,4217855279.0,600519,贵州茅台
2024-04-24,9457.59,9440.6,9472.31,9389.0,17086,2893555635.0,600519,贵州茅台
2024-04-25,9424.17,9437.79,9450.65,9383.57,14476,2447183879.0,600519,贵州茅台
2024-04-26,9442.61,9520.15,9543.11,9442.51,30996,5290248521.0,600519,贵州茅台
2024-04-29,9457.44,9492.86,9613.46,9441.71,41332,7072096590.0,600519,贵州茅台
2024-04-30,9497.94,9497.89,9622.9,9497.89,30760,5273902374.0,600519,贵州茅台
2024-05-06,9643.45,9775.26,9799.37,9608.43,59909,10504351712.0,600519,贵州茅台
2024-05-07,9803.34,9824.5,9863.69,9757.57,24925,4413196426.0,600519,贵州茅台
2024-05-08,9822.94,9794.2,9824.35,9752.49,14769,2603293863.0,600519,贵州茅台
2024-05-09,9764.2,9754.15,9799.27,9724.0,22387,3929804849.0,600519,贵州茅台
2024-05-10,9779.78,9668.63,9813.85,9643.56,26207,4571398242.0,600519,贵州茅台
2024-05-13,9633.66,9502.91,9636.87,9478.89,37662,6435415674.0,600519,贵州茅台
2024-05-14,9502.86,9482.71,9539.44,9472.81,21274,3623282672.0,600519,贵州茅台
2024-05-15,9485.73,9472.76,9512.96,9465.68,15739,2677203002.0,600519,贵州茅台
2024-05-16,9497.89,9495.37,9522.41,9422.51,29680,5048754769.0,600519,贵州茅台
2024-05-17,9472.81,9548.13,9556.07,9472.76,28924,4936920634.0,600519,贵州茅台
2024-05-20,9563.16,9517.99,9638.53,9513.51,31426,5401389335.0,600519,贵州茅台
2024-05-21,9512.96,9497.89,9521.65,9463.52,16293,2776847499.0,600519,贵州茅台
2024-05-22,9487.84,9461.26,9522.81,9427.54,20286,3443977767.0,600519,贵州茅台
2024-05-23,9472.76,9432.61,9504.82,9422.92,18885,3199923320.0,600519,贵州茅台
2024-05-24,9437.59,9357.59,9447.64,9357.19,20217,3401323915.0,600519,贵州茅台
2024-05-27,9362.22,9322.62,9409.7,9312.02,25098,4199001866.0,600519,贵州茅台
2024-05-28,9324.03,9295.09,9348.0,9286.85,23521,3923020375.0,600519,贵州茅台
2024-05-29,9301.92,9342.12,9372.27,9296.9,19651,3289173345.0,600519,贵州茅台
2024-05-30,9347.14,9216.5,9349.05,9216.5,32208,5333306808.0,600519,贵州茅台
2024-05-31,9224.04,9213.73,9289.36,9213.73,21857,3617654788.0,600519,贵州茅台
2024-06-03,9221.52,9168.21,9226.15,9146.7,30261,4966041477.0,600519,贵州茅台
2024-06-04,9173.79,9237.6,9251.67,9153.94,20841,3432497303.0,600519,贵州茅台
2024-06-05,9231.57,9191.37,9265.14,9186.5,19056,3140824328.0,600519,贵州茅台
2024-06-06,9189.67,9170.32,9231.52,9150.72,25610,4205700983.0,600519,贵州茅台
2024-06-07,9202.08,9066.66,9202.33,9065.8,33525,5453120695.0,600519,贵州茅台
2024-06-11,8985.31,8814.52,8995.41,8804.47,70247,11090577610.0,600519,贵州茅台
2024-06-12,8819.54,8827.98,8920.04,8819.54,33171,5230086503.0,600519,贵州茅台
2024-06-13,8853.56,8744.22,8854.16,8734.87,36186,5654938942.0,600519,贵州茅台
2024-06-14,8744.17,8744.17,8789.19,8570.61,59514,9177637168.0,600519,贵州茅台
2024-06-17,8630.05,8676.33,8712.86,8523.13,48318,7400883243.0,600519,贵州茅台
2024-06-18,8623.02,8575.84,8741.86,8551.62,41258,6317590943.0,600519,贵州茅台
2024-06-19,8612.85,8627.97,8643.05,8533.01,41262,6167728416.0,600519,贵州茅台
2024-06-20,8622.95,8623.45,8703.4,8612.9,24711,3715924984.0,600519,贵州茅台
2024-06-21,8625.46,8477.23,8647.97,8473.31,43320,6418543742.0,600519,贵州茅台
2024-06-24,8236.04,8505.12,8567.63,8190.87,63840,9319362390.0,600519,贵州茅台
2024-06-25,8507.38,8555.87,8637.97,8507.38,42098,6273919386.0,600519,贵州茅台
2024-06-26,8522.45,8568.78,8628.33,8511.4,29570,4414601922.0,600519,贵州茅台
2024-06-27,8582.75,8575.16,8592.65,8462.16,32822,4857959457.0,600519,贵州茅台
2024-06-28,8522.45,8459.09,8595.26,8442.06,38582,5699649047.0,600519,贵州茅台
2024-07-01,8466.58,8323.37,8487.23,8261.16,32161,4636689118.0,600519,贵州茅台
2024-07-02,8286.29,8576.22,8612.9,8286.29,51853,7659166816.0,600519,贵州茅台
2024-07-03,8617.93,8622.95,8688.32,8562.75,31573,4740808130.0,600519,贵州茅台
2024-07-04,8648.07,8551.3,8683.25,8528.13,24380,3637968895.0,600519,贵州茅台
2024-07-05,8517.43,8386.78,8588.68,8371.71,38829,5664477336.0,600519,贵州茅台
2024-07-08,8336.54,8220.97,8410.75,8216.65,39527,5657951348.0,600519,贵州茅台
2024-07-09,8220.97,8311.56,8396.28,8171.22,33621,4807957927.0,600519,贵州茅台
2024-07-10,8317.69,8309.35,8451.5,8296.34,23763,3436693365.0,600519,贵州茅台
2024-07-11,8371.56,8432.46,8467.18,8322.52,29020,4236960596.0,600519,贵州茅台
2024-07-12,8487.33,8516.52,8554.61,8449.34,23386,3451132648.0,600519,贵州茅台
2024-07-15,8472.21,8496.83,8562.65,8472.21,19176,2835374730.0,600519,贵州茅台
2024-07-16,8502.35,8502.35,8532.5,8447.33,20316,2998367128.0,600519,贵州茅台
2024-07-17,8502.86,8629.98,8638.02,8472.31,34311,5115680654.0,600519,贵州茅台
2024-07-18,8620.44,8610.44,8698.32,8585.41,28870,4337214601.0,600519,贵州茅台
2024-07-19,8576.77,8751.69,8769.57,8542.6,38943,5888615145.0,600519,贵州茅台
2024-07-22,8748.72,8617.93,8773.59,8580.99,28543,4300813310.0,600519,贵州茅台
2024-07-23,8617.93,8396.83,8627.97,8396.83,30944,4555460198.0,600519,贵州茅台
2024-07-24,8372.72,8321.56,8440.55,8296.34,24123,3490200973.0,600519,贵州茅台
2024-07-25,8321.56,8273.68,8361.66,8221.02,28347,4054086714.0,600519,贵州茅台
2024-07-26,8273.68,8231.97,8310.01,8175.24,32354,4594928574.0,600519,贵州茅台
2024-07-29,8195.84,8110.52,8230.97,8110.42,30869,4342610100.0,600519,贵州茅台
2024-07-30,8050.02,8019.92,8071.58,7926.01,51779,7103491566.0,600519,贵州茅台
2024-07-31,7985.3,8227.4,8257.5,7985.3,43272,6098149721.0,600519,贵州茅台
2024-08-01,8210.92,8050.93,8220.97,8043.59,32038,4470988088.0,600519,贵州茅台
2024-08-02,7987.82,8047.36,8105.25,7987.82,21928,3041726372.0,600519,贵州茅台
2024-08-05,8064.6,8170.77,8251.12,8047.71,37736,5327127147.0,600519,贵州茅台
2024-08-06,8231.02,8144.09,8241.07,8090.37,27444,3860735014.0,600519,贵州茅台
2024-08-07,8148.11,8198.36,8230.97,8111.93,20622,2910580747.0,600519,贵州茅台
2024-08-08,8175.74,8274.68,8362.57,8165.69,25131,3592705430.0,600519,贵州茅台
2024-08-09,8422.11,8305.38,8467.18,8305.38,30138,4368705515.0,600519,贵州茅台
2024-08-12,8271.21,8301.87,8336.54,8254.03,13632,1956573438.0,600519,贵州茅台
2024-08-13,8286.29,8236.09,8296.34,8180.82,16308,2317037756.0,600519,贵州茅台
2024-08-14,8236.09,8187.3,8245.59,8180.87,13414,1898377426.0,600519,贵州茅台
2024-08-15,8145.75,8255.59,8301.31,8140.32,23039,3275699572.0,600519,贵州茅台
2024-08-16,8255.08,8277.24,8300.96,8205.94,16455,2349825846.0,600519,贵州茅台
2024-08-19,8281.26,8248.3,8416.33,8246.09,20433,2942106435.0,600519,贵州茅台
2024-08-20,8270.71,8234.63,8270.86,8190.82,18591,2644814344.0,600519,贵州茅台
2024-08-21,8220.97,8208.81,8261.06,8199.31,15092,2144746551.0,600519,贵州茅台
2024-08-22,8200.87,8170.97,8220.97,8120.52,19527,2750868073.0,600519,贵州茅台
2024-08-23,8160.67,8195.79,8238.55,8151.22,15320,2166499202.0,600519,贵州茅台
2024-08-26,8205.89,8180.77,8240.36,8136.3,15628,2207595461.0,600519,贵州茅台
2024-08-27,8180.77,8140.92,8185.79,8126.05,13657,1920770570.0,600519,贵州茅台
2024-08-28,8140.92,8065.2,8150.62,7994.85,31664,4388025875.0,600519,贵州茅台
2024-08-29,8019.97,8187.3,8210.92,8019.97,27472,3864270621.0,600519,贵州茅台
2024-08-30,8185.79,8337.49,8412.26,8145.59,38739,5576118649.0,600519,贵州茅台
2024-09-02,8271.21,8095.35,8311.41,8095.35,34135,4801049927.0,600519,贵州茅台
2024-09-03,8110.42,8170.72,8195.74,8085.4,17888,2516125842.0,600519,贵州茅台
2024-09-04,8130.52,8120.47,8216.9,8119.16,14211,1995221417.0,600519,贵州茅台
2024-09-05,8122.98,8144.99,8155.64,8105.4,14503,2033680839.0,600519,贵州茅台
2024-09-06,8145.59,8110.42,8150.62,8110.42,10321,1445537257.0,600519,贵州茅台
2024-09-09,8020.03,7994.85,8088.86,7970.13,28638,3950086825.0,600519,贵州茅台
2024-09-10,7969.83,8009.93,8085.3,7969.83,19803,2737295644.0,600519,贵州茅台
2024-09-11,7997.87,8019.97,8049.52,7944.6,20996,2892932794.0,600519,贵州茅台
2024-09-12,8019.97,7794.16,8045.1,7793.41,47948,6482445000.0,600519,贵州茅台
2024-09-13,7773.76,7638.74,7778.78,7604.42,56005,7329376917.0,600519,贵州茅台
2024-09-18,7617.99,7451.67,7618.04,7450.47,46185,5895948011.0,600519,贵州茅台
2024-09-19,7427.05,7422.02,7582.22,7345.8,59988,7623739997.0,600519,贵州茅台
2024-09-20,7424.54,7436.7,7486.84,7366.9,39982,5038507835.0,600519,贵州茅台
2024-09-23,7457.2,7424.74,7585.33,7420.32,45550,5809791682.0,600519,贵州茅台
2024-09-24,7543.07,7982.79,7984.8,7442.58,100413,13297277523.0,600519,贵州茅台
2024-09-25,8120.72,8115.45,8256.14,8103.94,73954,10420109655.0,600519,贵州茅台
2024-09-26,8120.27,8768.67,8773.04,8100.37,97278,14269262657.0,600519,贵州茅台
2024-09-27,9125.43,9272.15,9272.15,8951.37,87922,14050260569.0,600519,贵州茅台
2024-09-30,9587.71,9869.1,9928.79,9386.72,157293,26982747037.0,600519,贵州茅台
2024-10-08,10683.11,9743.48,10683.11,9528.32,194709,35114075007.0,600519,贵州茅台
2024-10-09,9627.91,9101.06,9627.91,9075.18,120197,19708432734.0,600519,贵州茅台
2024-10-10,9237.28,9326.42,9467.52,9080.21,74603,12198964035.0,600519,贵州茅台
2024-10-11,9202.81,9150.5,9326.22,9075.18,41915,6764982707.0,600519,贵州茅台
2024-10-14,9190.75,9135.43,9229.09,9030.81,44812,7181350822.0,600519,贵州茅台
2024-10-15,9120.4,8895.54,9130.4,8889.31,43571,6884141869.0,600519,贵州茅台
2024-10-16,8828.36,8736.01,8873.18,8673.2,46664,7140169692.0,600519,贵州茅台
2024-10-17,8808.87,8595.82,8812.18,8589.84,39460,5964778958.0,600519,贵州茅台
2024-10-18,8587.78,8828.97,8963.83,8517.23,68619,10418043492.0,600519,贵州茅台
2024-10-21,8830.02,8767.66,8874.04,8729.53,42008,6433918335.0,600519,贵州茅台
2024-10-22,8756.41,8839.02,8925.34,8744.55,36269,5607826492.0,600519,贵州茅台
2024-10-23,8844.59,8962.12,9009.61,8783.74,40088,6259600035.0,600519,贵州茅台
2024-10-24,8929.46,8885.24,8999.81,8849.12,23923,3723973209.0,600519,贵州茅台
2024-10-25,8859.12,8918.66,8998.75,8854.14,27745,4328271351.0,600519,贵州茅台
2024-10-28,8924.44,8949.56,8949.56,8734.65,39121,6064453668.0,600519,贵州茅台
2024-10-29,8924.44,8781.83,9024.93,8773.69,41166,6368105233.0,600519,贵州茅台
2024-10-30,8748.57,8783.74,8880.17,8740.58,32006,4913175983.0,600519,贵州茅台
2024-10-31,8784.5,8762.59,8823.94,8723.45,29957,4575545180.0,600519,贵州茅台
2024-11-01,8728.47,8792.54,8849.72,8727.47,32284,4954302212.0,600519,贵州茅台
2024-11-04,8848.71,8865.14,8874.19,8763.95,29093,4481761764.0,600519,贵州茅台
2024-11-05,8823.94,9009.81,9013.38,8803.89,45640,7134443464.0,600519,贵州茅台
2024-11-06,8999.81,8979.71,9070.11,8930.57,37631,5916917616.0,600519,贵州茅台
2024-11-07,8936.8,9372.35,9394.26,8935.99,74739,12074951757.0,600519,贵州茅台
2024-11-08,9431.39,9175.53,9462.64,9130.5,60771,9885645907.0,600519,贵州茅台
2024-11-11,9075.18,9115.43,9175.43,8960.57,43854,6957095385.0,600519,贵州茅台
2024-11-12,9070.16,9010.86,9241.0,8994.53,49223,7844798676.0,600519,贵州茅台
2024-11-13,8964.64,9017.4,9058.4,8930.87,29125,4594445032.0,600519,贵州茅台
2024-11-14,8974.69,8993.78,9097.54,8952.83,29248,4617144097.0,600519,贵州茅台
2024-11-15,8969.66,8919.41,9044.03,8889.26,33761,5295326892.0,600519,贵州茅台
2024-11-18,8934.49,8919.41,9004.78,8899.31,27092,4237197499.0,600519,贵州茅台
2024-11-19,8949.56,8833.59,8971.52,8748.57,33266,5138831155.0,600519,贵州茅台
2024-11-20,8839.02,8848.11,8894.14,8780.23,21345,3292675257.0,600519,贵州茅台
2024-11-21,8843.39,8849.72,8869.11,8783.74,18262,2810933515.0,600519,贵州茅台
2024-11-22,8829.72,8662.24,8862.98,8662.24,33436,5107288992.0,600519,贵州茅台
2024-11-25,8678.22,8615.76,8783.74,8606.22,33186,5011136234.0,600519,贵州茅台
2024-11-26,8615.76,8668.17,8717.82,8567.07,25745,3876885984.0,600519,贵州茅台
2024-11-27,8668.17,8718.67,8734.25,8648.07,25934,3927607772.0,600519,贵州茅台
2024-11-28,8733.5,8713.4,8748.52,8633.0,23952,3627662382.0,600519,贵州茅台
2024-11-29,8708.37,8752.29,8899.31,8689.33,36088,5534035503.0,600519,贵州茅台
2024-12-02,8753.59,8748.57,8773.64,8698.82,26820,4086609952.0,600519,贵州茅台
2024-12-03,8743.54,8757.31,8768.17,8703.75,24807,3777197199.0,600519,贵州茅台
2024-12-04,8723.8,8723.45,8741.84,8673.2,23924,3626565544.0,600519,贵州茅台
2024-12-05,8677.52,8678.22,8712.69,8673.2,16141,2441318387.0,600519,贵州茅台
2024-12-06,8688.27,8728.52,8818.41,8663.5,32040,4883148600.0,600519,贵州茅台
2024-12-09,8733.6,8717.42,8772.29,8689.28,19800,3008173586.0,600519,贵州茅台
2024-12-10,8974.69,8857.05,9023.58,8849.97,60312,9421340719.0,600519,贵州茅台
2024-12-11,8823.94,8801.83,8899.31,8778.62,29671,4569662604.0,600519,贵州茅台
2024-12-12,8783.84,8953.58,8954.59,8768.67,41937,6510547810.0,600519,贵州茅台
2024-12-13,8874.24,8718.42,8899.26,8717.82,49512,7580908315.0,600519,贵州茅台
2024-12-16,8728.47,8759.62,8768.67,8676.77,32537,4945298799.0,600519,贵州茅台
2024-12-17,8753.54,8914.39,8969.66,8728.52,54172,8398945449.0,600519,贵州茅台
2024-12-18,8914.24,8982.22,9009.86,8859.62,41162,6440801971.0,600519,贵州茅台
2024-12-19,8950.26,8879.26,8964.28,8875.85,24809,3862602665.0,600519,贵州茅台
2024-12-20,8899.37,8853.5,8952.99,8843.55,28158,4307425535.0,600519,贵州茅台
2024-12-23,8858.52,8875.86,8933.89,8828.37,21603,3300971424.0,600519,贵州茅台
2024-12-24,8868.57,8938.01,8964.04,8851.44,22105,3394160299.0,600519,贵州茅台
2024-12-25,8937.91,8893.7,8937.91,8874.1,17123,2621061878.0,600519,贵州茅台
2024-12-26,8913.79,8882.59,8937.81,8858.52,18287,2798840003.0,600519,贵州茅台
2024-12-27,8888.17,8888.52,8923.84,8840.94,20759,3170191445.0,600519,贵州茅台
2024-12-30,8913.64,8868.57,8963.84,8868.57,25130,3849542646.0,600519,贵州茅台
2024-12-31,8870.58,8863.55,8969.07,8853.55,39354,6033540366.0,600519,贵州茅台
2025-01-02,8863.55,8682.65,8866.01,8642.46,50029,7490883773.0,600519,贵州茅台
2025-01-03,8715.32,8617.33,8717.78,8577.18,32628,4836610288.0,600519,贵州茅台
2025-01-06,8506.79,8441.46,8555.33,8405.29,44255,6392479712.0,600519,贵州茅台
2025-01-07,8464.88,8442.47,8501.21,8436.44,24221,3494634227.0,600519,贵州茅台
2025-01-08,8441.46,8454.03,8500.86,8374.43,35258,5071821246.0,600519,贵州茅台
2025-01-09,8486.64,8461.56,8564.97,8406.19,29706,4295852736.0,600519,贵州茅台
2025-01-10,8477.14,8421.37,8501.51,8421.37,21872,3154677598.0,600519,贵州茅台
2025-01-13,8366.09,8461.46,8463.77,8351.07,21083,3030806870.0,600519,贵州茅台
2025-01-14,8466.34,8604.77,8635.82,8451.51,30957,4535651504.0,600519,贵州茅台
2025-01-15,8577.13,8598.59,8615.32,8542.01,18399,2701518712.0,600519,贵州茅台
2025-01-16,8612.31,8473.52,8655.82,8451.51,26342,3840411437.0,600519,贵州茅台
2025-01-17,8473.57,8515.58,8546.99,8473.52,18309,2663227309.0,600519,贵州茅台
2025-01-20,8546.99,8616.33,8691.65,8541.96,31410,4647626351.0,600519,贵州茅台
2025-01-21,8647.48,8582.91,8652.51,8567.08,16856,2481821229.0,600519,贵州茅台
2025-01-22,8558.39,8446.49,8581.91,8431.41,28294,4088101682.0,600519,贵州茅台
2025-01-23,8491.56,8456.54,8582.16,8431.41,27125,3932700850.0,600519,贵州茅台
2025-01-24,8451.51,8421.37,8480.61,8392.77,31360,4515322685.0,600519,贵州茅台
2025-01-27,8426.39,8416.29,8461.41,8376.24,29356,4213534543.0,600519,贵州茅台
2025-02-05,8441.46,8259.57,8456.54,8251.58,40757,5753730034.0,600519,贵州茅台
2025-02-06,8240.52,8304.99,8350.97,8240.52,27356,3859568163.0,600519,贵州茅台
2025-02-07,8309.21,8421.37,8454.93,8257.61,37242,5310850624.0,600519,贵州茅台
2025-02-10,8431.41,8398.8,8441.46,8376.59,20840,2988101756.0,600519,贵州茅台
2025-02-11,8416.09,8330.92,8421.16,8320.37,23573,3348668867.0,600519,贵州茅台
2025-02-12,8330.92,8456.54,8466.59,8325.29,25476,3644170477.0,600519,贵州茅台
2025-02-13,8456.64,8567.39,8618.59,8413.88,43385,6335985851.0,600519,贵州茅台
2025-02-14,8567.39,8617.33,8627.38,8533.02,27100,3978694098.0,600519,贵州茅台
2025-02-17,8647.48,8600.35,8717.73,8577.64,32471,4804663813.0,600519,贵州茅台
2025-02-18,8592.21,8617.33,8707.73,8552.41,27800,4113845397.0,600519,贵州茅台
2025-02-19,8617.58,8697.73,8715.01,8566.58,32393,4803378441.0,600519,贵州茅台
2025-02-20,8657.53,8612.31,8702.6,8609.24,23750,3513552984.0,600519,贵州茅台
2025-02-21,8642.46,8683.71,8726.52,8607.33,36418,5418169587.0,600519,贵州茅台
2025-02-24,8682.65,8637.78,8740.54,8612.31,34744,5157907322.0,600519,贵州茅台
2025-02-25,8592.26,8511.81,8609.24,8501.76,28387,4142814459.0,600519,贵州茅台
2025-02-26,8519.1,8542.01,8566.88,8466.59,26366,3835949041.0,600519,贵州茅台
2025-02-27,8542.06,8670.39,8692.2,8511.81,49762,7368002361.0,600519,贵州茅台
2025-02-28,8670.09,8746.92,8885.56,8652.51,56129,8475738166.0,600519,贵州茅台
2025-03-03,8756.02,8677.73,8848.42,8649.99,31596,4736679903.0,600519,贵州茅台
2025-03-04,8667.58,8592.76,8672.6,8568.14,25211,3710675863.0,600519,贵州茅台
2025-03-05,8602.26,8573.97,8612.31,8542.46,24605,3606932152.0,600519,贵州茅台
2025-03-06,8612.31,8773.0,8794.2,8602.66,42168,6297117400.0,600519,贵州茅台
2025-03-07,8758.03,8848.47,8885.46,8758.03,37991,5760608729.0,600519,贵州茅台
2025-03-10,8842.49,8858.02,8878.02,8773.8,31369,4758789260.0,600519,贵州茅台
2025-03-11,8828.37,8987.56,8987.56,8803.25,39776,6094007854.0,600519,贵州茅台
2025-03-12,8978.92,8956.91,8992.58,8875.36,29604,4552923644.0,600519,贵州茅台
2025-03-13,8964.04,8932.74,9021.83,8898.12,25724,3966369271.0,600519,贵州茅台
2025-03-14,8982.43,9386.18,9386.18,8948.97,92913,14882842708.0,600519,贵州茅台
2025-03-17,9531.84,9435.67,9536.82,9380.5,54689,8985138902.0,600519,贵州茅台
2025-03-18,9471.75,9366.03,9506.72,9354.47,31613,5153210436.0,600519,贵州茅台
2025-03-19,9367.48,9424.87,9486.62,9361.0,27390,4477128770.0,600519,贵州茅台
2025-03-20,9424.87,9265.53,9434.36,9220.66,36737,5903879207.0,600519,贵州茅台
2025-03-21,9240.41,9113.53,9306.73,9088.81,33614,5324973190.0,600519,贵州茅台
2025-03-24,9094.69,9160.01,9193.47,9056.4,25566,4032223482.0,600519,贵州茅台
2025-03-25,9185.13,9122.32,9209.25,9077.9,17674,2783286813.0,600519,贵州茅台
2025-03-26,9108.61,9124.84,9157.9,9099.71,14324,2257639750.0,600519,贵州茅台
2025-03-27,9124.84,9190.16,9236.64,9111.67,17956,2848889210.0,600519,贵州茅台
2025-03-28,9199.86,9171.11,9210.26,9124.84,16228,2569470015.0,600519,贵州茅台
2025-03-31,9149.86,9049.46,9179.91,9044.74,21085,3311857714.0,600519,贵州茅台
2025-04-01,9064.54,9024.44,9094.13,9005.3,18556,2893739955.0,600519,贵州茅台
2025-04-02,9034.39,8989.27,9083.63,8971.58,21674,3371883024.0,600519,贵州茅台
2025-04-03,8893.7,9089.06,9175.08,8888.72,35481,5557442052.0,600519,贵州茅台
2025-04-07,8843.5,8742.95,8928.12,8552.01,101953,15314738235.0,600519,贵州茅台
2025-04-08,8808.27,8969.07,8969.07,8717.83,73876,11226977557.0,600519,贵州茅台
2025-04-09,8868.67,8949.17,9028.36,8846.21,55630,8562928225.0,600519,贵州茅台
2025-04-10,8999.17,8989.17,9019.32,8883.65,38620,5963650791.0,600519,贵州茅台
2025-04-11,9144.78,9089.56,9144.78,8969.07,32634,5087359924.0,600519,贵州茅台
2025-04-14,9049.31,9004.19,9074.59,9001.88,21711,3379425640.0,600519,贵州茅台
2025-04-15,9004.24,9034.39,9069.56,8969.07,21489,3339942729.0,600519,贵州茅台
2025-04-16,9004.24,9040.27,9124.84,8928.87,31156,4834880596.0,600519,贵州茅台
2025-04-17,9014.29,9094.69,9127.35,8994.14,23846,3733924973.0,600519,贵州茅台
2025-04-18,9074.59,9074.29,9119.81,9024.34,20298,3179974340.0,600519,贵州茅台
2025-04-21,9072.08,8999.22,9072.08,8999.22,18057,2808158177.0,600519,贵州茅台
2025-04-22,8994.19,8988.16,9025.85,8960.07,18432,2857525967.0,600519,贵州茅台
2025-04-23,9039.41,9004.24,9040.52,8969.07,18669,2895468892.0,600519,贵州茅台
2025-04-24,9004.24,9005.5,9047.86,8989.07,14872,2313372072.0,600519,贵州茅台
2025-04-25,9029.87,8994.19,9050.47,8994.19,14765,2295029705.0,600519,贵州茅台
2025-04-28,9004.24,8994.19,9019.32,8977.11,14660,2274252465.0,600519,贵州茅台
2025-04-29,8994.19,8964.04,9006.95,8903.85,18922,2917422938.0,600519,贵州茅台
2025-04-30,8994.14,8979.12,9077.9,8975.6,25754,4005439429.0,600519,贵州茅台
2025-05-06,9039.41,8995.2,9039.41,8965.7,18300,2838614215.0,600519,贵州茅台
2025-05-07,9094.69,9019.32,9094.69,8995.2,27462,4275142569.0,600519,贵州茅台
2025-05-08,9009.27,9135.84,9209.15,8993.34,33481,5265446444.0,600519,贵州茅台
2025-05-09,9139.86,9201.11,9232.62,9120.06,23672,3757574546.0,600519,贵州茅台
2025-05-12,9235.38,9268.04,9340.55,9228.4,24735,3967785800.0,600519,贵州茅台
2025-05-13,9290.25,9196.69,9290.25,9170.61,21258,3386617848.0,600519,贵州茅台
2025-05-14,9195.18,9421.25,9471.55,9186.04,39460,6394735058.0,600519,贵州茅台
2025-05-15,9420.29,9406.27,9464.46,9366.68,24733,4043402636.0,600519,贵州茅台
2025-05-16,9416.22,9316.43,9431.3,9316.43,22935,3714508659.0,600519,贵州茅台
2025-05-19,9225.33,9139.81,9245.43,9114.18,38063,6021950010.0,600519,贵州茅台
2025-05-20,9144.94,9175.08,9219.3,9120.31,19522,3095742637.0,600519,贵州茅台
2025-05-21,9170.06,9149.81,9225.03,9149.81,19795,3143941416.0,600519,贵州茅台
2025-05-22,9149.91,9144.94,9170.01,9095.19,15090,2381236586.0,600519,贵州茅台
2025-05-23,9120.82,9107.75,9184.63,9103.03,21537,3399424961.0,600519,贵州茅台
2025-05-26,9094.69,8996.7,9117.95,8969.07,27087,4212944430.0,600519,贵州茅台
2025-05-27,8999.22,8963.54,9037.4,8961.58,17752,2748945675.0,600519,贵州茅台
2025-05-28,8963.99,8928.87,8976.4,8908.77,16266,2504624605.0,600519,贵州茅台
2025-05-29,8943.94,8943.94,9019.32,8903.75,21860,3375465796.0,600519,贵州茅台
2025-05-30,8944.7,8853.5,8969.07,8819.53,31239,4764875947.0,600519,贵州茅台
2025-06-03,8783.2,8788.18,8838.42,8768.18,28979,4377892799.0,600519,贵州茅台
2025-06-04,8795.71,8793.0,8858.52,8789.28,23008,3480363797.0,600519,贵州茅台
2025-06-05,8813.3,8813.3,8823.35,8754.01,23214,3504925524.0,600519,贵州茅台
2025-06-06,8812.29,8775.06,8838.27,8758.03,25023,3777727616.0,600519,贵州茅台
2025-06-09,8768.18,8673.16,8786.67,8671.0,44959,6723839138.0,600519,贵州茅台
2025-06-10,8672.6,8617.38,8702.75,8616.33,30492,4511934584.0,600519,贵州茅台
2025-06-11,8626.38,8642.46,8712.8,8622.86,30893,4585522755.0,600519,贵州茅台
2025-06-12,8642.46,8536.94,8661.9,8512.31,49904,7306800800.0,600519,贵州茅台
2025-06-13,8463.62,8375.89,8491.56,8366.39,59113,8466515559.0,600519,贵州茅台
2025-06-16,8246.5,8352.48,8366.29,8246.4,42888,6060448438.0,600519,贵州茅台
2025-06-17,8340.97,8376.14,8376.14,8301.67,27232,3868364671.0,600519,贵州茅台
2025-06-18,8441.46,8366.09,8458.75,8346.04,30761,4404131364.0,600519,贵州茅台
2025-06-19,8371.12,8371.12,8409.66,8326.8,24501,3490268568.0,600519,贵州茅台
2025-06-20,8358.96,8384.48,8447.19,8341.97,34816,4990683314.0,600519,贵州茅台
2025-06-23,8340.97,8340.97,8406.29,8266.5,26723,3794012343.0,600519,贵州茅台
2025-06-24,8357.8,8427.4,8500.15,8357.8,36312,5229183514.0,600519,贵州茅台
2025-06-25,8436.99,8420.66,8487.69,8343.53,41050,5869292227.0,600519,贵州茅台
2025-06-26,8454.53,8479.65,8519.85,8429.81,34860,4955829982.0,600519,贵州茅台
2025-06-27,8479.7,8394.68,8494.73,8394.68,38250,5404312675.0,600519,贵州茅台
2025-06-30,8396.74,8426.99,8445.64,8389.21,30457,4287373691.0,600519,贵州茅台
2025-07-01,8424.38,8404.78,8439.15,8395.79,19878,2794423203.0,600519,贵州茅台
2025-07-02,8426.89,8427.4,8453.52,8379.16,26218,3689246316.0,600519,贵州茅台
2025-07-03,8439.45,8457.54,8493.17,8419.36,24413,3456733002.0,600519,贵州茅台
2025-07-04,8458.05,8490.81,8539.4,8429.46,28767,4086547268.0,600519,贵州茅台
2025-07-07,8491.11,8432.92,8497.24,8429.46,23855,3370562659.0,600519,贵州茅台
2025-07-08,8432.97,8460.11,8479.65,8432.92,18674,2643302691.0,600519,贵州茅台
2025-07-09,8454.53,8474.03,8529.75,8450.36,27745,3950810723.0,600519,贵州茅台
2025-07-10,8474.48,8512.31,8560.95,8431.41,38725,5503329754.0,600519,贵州茅台
2025-07-11,8495.53,8514.83,8670.6,8495.53,57243,8239010390.0,600519,贵州茅台
2025-07-14,8529.9,8497.74,8554.92,8487.69,27781,3961736006.0,600519,贵州茅台
2025-07-15,8484.58,8434.43,8494.38,8420.96,35406,5005150165.0,600519,贵州茅台
2025-07-16,8429.46,8434.58,8467.04,8429.15,21286,3006882579.0,600519,贵州茅台
2025-07-17,8449.4,8461.31,8494.78,8443.88,23106,3273100406.0,600519,贵州茅台
2025-07-18,8479.65,8565.07,8569.14,8461.46,41823,5984949774.0,600519,贵州茅台
2025-07-21,8565.02,8595.22,8614.32,8555.02,26203,3779891829.0,600519,贵州茅台
2025-07-22,8600.25,8705.67,8713.81,8583.57,42119,6127636851.0,600519,贵州茅台
2025-07-23,8725.87,8758.53,8856.51,8725.62,45045,6676301462.0,600519,贵州茅台
2025-07-24,8761.04,8838.93,8876.61,8756.02,38804,5786337377.0,600519,贵州茅台
2025-07-25,8838.42,8655.52,8838.42,8645.47,41911,6140078741.0,600519,贵州茅台
2025-07-28,8645.47,8573.42,8655.47,8561.56,38586,5560966386.0,600519,贵州茅台
2025-07-29,8578.14,8575.12,8624.32,8555.08,26304,3785848102.0,600519,贵州茅台
2025-07-30,8600.25,8627.58,8666.37,8565.07,31868,4612883040.0,600519,贵州茅台
2025-07-31,8595.22,8488.04,8604.62,8469.6,51798,7386302758.0,600519,贵州茅台
2025-08-01,8489.05,8464.58,8509.6,8449.5,29636,4200850790.0,600519,贵州茅台
2025-08-04,8454.53,8474.63,8478.65,8449.5,18688,2647105740.0,600519,贵州茅台
2025-08-05,8484.68,8518.54,8529.6,8465.13,25342,3607931488.0,600519,贵州茅台
2025-08-06,8524.88,8499.15,8524.88,8476.14,23699,3372334940.0,600519,贵州茅台
2025-08-07,8499.15,8491.46,8518.34,8479.95,28001,3988765795.0,600519,贵州茅台
2025-08-08,8494.98,8484.53,8512.31,8469.6,18655,2651478118.0,600519,贵州茅台
2025-08-11,8497.24,8605.27,8640.4,8494.73,47159,6794034090.0,600519,贵州茅台
2025-08-12,8625.37,8565.28,8706.12,8560.05,42019,6095342036.0,600519,贵州茅台
2025-08-13,8504.78,8479.9,8548.39,8479.65,65528,9325460101.0,600519,贵州茅台
2025-08-14,8484.38,8514.78,8617.88,8484.38,48129,6897535330.0,600519,贵州茅台
2025-08-15,8509.85,8490.1,8523.17,8480.76,47582,6772436997.0,600519,贵州茅台
2025-08-18,8514.78,8522.36,8563.27,8495.23,47378,6773477871.0,600519,贵州茅台
2025-08-19,8547.49,8570.1,8613.61,8539.95,46372,6678541001.0,600519,贵州茅台
2025-08-20,8570.1,8630.4,8644.47,8530.0,45805,6623095725.0,600519,贵州茅台
2025-08-21,8647.73,8621.6,8655.47,8598.49,30891,4470441662.0,600519,贵州茅台
2025-08-22,8624.77,8700.49,8700.74,8604.12,44971,6544867368.0,600519,贵州茅台
2025-08-25,8730.94,8833.05,8861.54,8710.79,65325,9676719498.0,600519,贵州茅台
2025-08-26,8833.0,8789.23,8852.64,8781.19,39602,5883917000.0,600519,贵州茅台
2025-08-27,8790.59,8620.35,8805.91,8620.35,56006,8184169113.0,600519,贵州茅台
2025-08-28,8620.2,8610.8,8661.05,8573.97,39282,5683673273.0,600519,贵州茅台
2025-08-29,8645.47,8781.14,8794.1,8640.45,62256,9159701454.0,600519,贵州茅台
2025-09-01,8792.19,8761.54,8821.34,8709.29,45123,6658918555.0,600519,贵州茅台
2025-09-02,8774.41,8837.92,8926.86,8771.09,56688,8470012816.0,600519,贵州茅台
2025-09-03,8836.41,8783.9,8899.22,8710.79,45045,6656011145.0,600519,贵州茅台
2025-09-04,8740.94,8744.26,8777.62,8683.01,47747,7017084750.0,600519,贵州茅台
2025-09-05,8735.92,8796.21,8816.16,8700.74,37388,5519312163.0,600519,贵州茅台
2025-09-08,8796.21,8887.82,8914.0,8768.58,51383,7682065696.0,600519,贵州茅台
2025-09-09,8906.76,8906.76,8931.63,8848.57,35743,5366650005.0,600519,贵州茅台
2025-09-10,8915.1,8992.23,9032.13,8861.54,49663,7541460049.0,600519,贵州茅台
2025-09-11,8992.23,8999.72,9012.38,8924.35,37239,5642778456.0,600519,贵州茅台
2025-09-12,9012.28,8962.03,9072.68,8934.55,33722,5132184935.0,600519,贵州茅台
2025-09-15,8961.38,8957.51,8969.47,8889.17,25827,3901929718.0,600519,贵州茅台
2025-09-16,8957.51,8881.54,8987.11,8862.59,32718,4928374478.0,600519,贵州茅台
2025-09-17,8881.59,8846.46,8933.29,8831.44,30331,4534770634.0,600519,贵州茅台
2025-09-18,8841.44,8720.64,8870.58,8698.23,49721,7347477479.0,600519,贵州茅台
2025-09-19,8720.79,8720.69,8758.53,8665.62,32637,4784528851.0,600519,贵州茅台
2025-09-22,8706.22,8647.23,8720.69,8630.45,34947,5085057536.0,600519,贵州茅台
2025-09-23,8632.91,8617.43,8668.08,8580.15,38663,5588384388.0,600519,贵州茅台
2025-09-24,8550.35,8590.2,8664.46,8550.35,30744,4443052872.0,600519,贵州茅台
2025-09-25,8594.37,8575.12,8606.33,8560.05,33870,4873274661.0,600519,贵州茅台
2025-09-26,8586.08,8555.02,8615.88,8519.9,45121,6480889597.0,600519,贵州茅台
2025-09-29,8577.03,8684.97,8730.84,8555.02,53684,7798434586.0,600519,贵州茅台
2025-09-30,8680.64,8600.2,8684.46,8580.15,39364,5687474876.0,600519,贵州茅台
2025-10-09,8560.05,8563.97,8577.03,8479.65,54918,7845448947.0,600519,贵州茅台
2025-10-10,8568.09,8529.9,8579.85,8517.34,36001,5157459262.0,600519,贵州茅台
2025-10-13,8458.05,8475.63,8493.97,8455.13,46069,6533147458.0,600519,贵州茅台
2025-10-14,8529.85,8635.52,8700.74,8529.85,66672,9639484605.0,600519,贵州茅台
2025-10-15,8635.32,8690.69,8695.72,8605.67,42785,6233407482.0,600519,贵州茅台
2025-10-16,8690.29,8805.81,8806.01,8675.02,45730,6749162949.0,600519,贵州茅台
2025-10-17,8796.72,8655.52,8821.34,8650.65,38086,5594724900.0,600519,贵州茅台
2025-10-20,8655.52,8670.24,8728.38,8654.92,25950,3793283759.0,600519,贵州茅台
2025-10-21,8675.62,8692.0,8730.59,8658.03,25443,3727984130.0,600519,贵州茅台
2025-10-22,8691.1,8674.11,8709.44,8660.55,18195,2657486636.0,600519,贵州茅台
2025-10-23,8655.52,8720.74,8724.86,8616.33,29322,4274652090.0,600519,贵州茅台
2025-10-24,8720.59,8630.4,8775.51,8627.08,38226,5578603148.0,600519,贵州茅台
2025-10-27,8580.15,8582.21,8642.91,8560.0,37102,5352667152.0,600519,贵州茅台
2025-10-28,8590.2,8605.27,8636.43,8585.68,27124,3923817140.0,600519,贵州茅台
2025-10-29,8580.25,8539.45,8613.06,8530.1,33937,4868780319.0,600519,贵州茅台
2025-10-30,8488.75,8513.52,8563.22,8488.75,47456,6768821311.0,600519,贵州茅台
2025-10-31,8489.7,8529.95,8559.95,8480.21,35694,5109623861.0,600519,贵州茅台
2025-11-03,8534.93,8555.02,8620.35,8480.16,34548,4945310830.0,600519,贵州茅台
2025-11-04,8555.53,8524.88,8558.94,8498.65,26566,3793892903.0,600519,贵州茅台
2025-11-05,8509.25,8480.05,8534.88,8479.7,34475,4908475373.0,600519,贵州茅台
2025-11-06,8529.9,8555.68,8587.43,8529.85,38348,5505960415.0,600519,贵州茅台
2025-11-07,8555.58,8546.63,8579.04,8535.48,18861,2704995856.0,600519,贵州茅台
2025-11-10,8555.02,8692.2,8699.19,8554.92,49452,7181246441.0,600519,贵州茅台
2025-11-11,8690.69,8675.57,8691.6,8615.32,26692,3882776772.0,600519,贵州茅台
2025-11-12,8680.54,8706.52,8772.9,8676.68,32992,4849073051.0,600519,贵州茅台
2025-11-13,8691.3,8732.8,8748.88,8670.6,31179,4569178269.0,600519,贵州茅台
2025-11-14,8730.89,8663.56,8775.86,8662.05,27473,4031007106.0,600519,贵州茅台
2025-11-17,8650.5,8735.92,8745.97,8609.24,34462,5035780027.0,600519,贵州茅台
2025-11-18,8734.41,8761.04,8811.64,8725.87,34205,5055675474.0,600519,贵州茅台
2025-11-19,8750.99,8735.97,8778.78,8730.69,22045,3249449214.0,600519,贵州茅台
2025-11-20,8740.94,8716.37,8780.64,8705.92,24002,3531653943.0,600519,贵州茅台
2025-11-21,8733.4,8713.81,8781.14,8660.55,42607,6259873433.0,600519,贵州茅台
2025-11-24,8715.82,8640.45,8735.92,8636.07,33607,4901903705.0,600519,贵州茅台
2025-11-25,8670.6,8603.51,8670.6,8602.76,28441,4119930011.0,600519,贵州茅台
2025-11-26,8624.77,8626.13,8647.93,8598.14,20306,2938818095.0,600519,贵州茅台
2025-11-27,8627.88,8616.83,8630.4,8575.32,22287,3216797187.0,600519,贵州茅台
2025-11-28,8612.81,8632.91,8658.03,8595.22,23211,3366696622.0,600519,贵州茅台
2025-12-01,8635.42,8620.35,8692.05,8590.2,27333,3961994999.0,600519,贵州茅台
2025-12-02,8620.35,8560.2,8640.04,8555.13,25047,3607543825.0,600519,贵州茅台
2025-12-03,8559.09,8525.38,8559.9,8519.85,23573,3370080066.0,600519,贵州茅台
2025-12-04,8525.38,8499.65,8542.46,8471.51,29075,4134921902.0,600519,贵州茅台
2025-12-05,8499.65,8529.95,8545.43,8477.14,25402,3622681597.0,600519,贵州茅台
2025-12-08,8525.88,8470.71,8563.42,8469.6,33603,4789155770.0,600519,贵州茅台
2025-12-09,8470.76,8384.23,8484.68,8379.41,42634,5995722121.0,600519,贵州茅台
2025-12-10,8379.16,8393.23,8393.23,8294.64,33133,4625906139.0,600519,贵州茅台
2025-12-11,8412.62,8439.4,8439.4,8386.95,22385,3149974074.0,600519,贵州茅台
2025-12-12,8469.6,8482.92,8504.78,8447.34,37159,5273563274.0,600519,贵州茅台
2025-12-15,8578.09,8509.8,8580.1,8507.64,33359,4774362060.0,600519,贵州茅台
2025-12-16,8510.81,8489.7,8523.77,8454.53,23964,3403139194.0,600519,贵州茅台
2025-12-17,8504.78,8545.48,8579.85,8468.0,31382,4489482138.0,600519,贵州茅台
2025-12-18,8547.49,8534.93,8574.52,8510.35,17830,2551177659.0,600519,贵州茅台
2025-12-19,8549.78,8549.78,8562.09,8504.61,26509,3733028357.0,600519,贵州茅台
2025-12-22,8549.78,8541.04,8570.59,8532.6,20426,2881636856.0,600519,贵州茅台
2025-12-23,8541.04,8539.03,8564.51,8485.42,24507,3445377032.0,600519,贵州茅台
2025-12-24,8524.61,8504.06,8531.49,8499.54,25187,3533253565.0,600519,贵州茅台
2025-12-25,8524.66,8570.74,8597.42,8506.47,23386,3299572096.0,600519,贵州茅台
2025-12-26,8570.74,8570.54,8595.71,8549.78,17803,2520605635.0,600519,贵州茅台
2025-12-29,8570.54,8509.59,8570.54,8504.56,26308,3694660107.0,600519,贵州茅台
2025-12-30,8504.56,8447.88,8509.08,8429.19,33792,4702489813.0,600519,贵州茅台
2025-12-31,8449.29,8384.87,8469.39,8384.82,34766,4799456452.0,600519,贵州茅台
2026-01-05,8424.16,8630.18,8659.73,8424.16,70949,10018086372.0,600519,贵州茅台
2026-01-06,8663.09,8640.28,8685.3,8582.6,39586,5649710153.0,600519,贵州茅台
2026-01-07,8664.75,8616.92,8675.4,8601.04,29684,4234255286.0,600519,贵州茅台
2026-01-08,8616.76,8561.34,8616.92,8540.44,29135,4117925041.0,600519,贵州茅台
2026-01-09,8584.96,8595.51,8643.25,8579.98,29848,4243865418.0,600519,贵州茅台
2026-01-12,8595.51,8616.26,8655.3,8585.46,36083,5135636033.0,600519,贵州茅台
2026-01-13,8634.15,8554.81,8647.87,8544.71,39169,5555633779.0,600519,贵州茅台
2026-01-14,8554.81,8489.54,8611.34,8480.34,51758,7285041159.0,600519,贵州茅台
2026-01-15,8479.54,8443.71,8513.76,8442.15,40907,5698739671.0,600519,贵州茅台
2026-01-16,8474.41,8409.09,8486.97,8399.04,55121,7643061998.0,600519,贵州茅台
2026-01-19,8408.59,8378.94,8436.68,8373.92,42286,5833745442.0,600519,贵州茅台
2026-01-20,8396.53,8366.63,8406.98,8359.09,36484,5021900765.0,600519,贵州茅台
2026-01-21,8366.68,8253.62,8370.9,8248.3,64516,8775880803.0,600519,贵州茅台
2026-01-22,8258.4,8198.35,8307.39,8185.39,59011,7962441434.0,600519,贵州茅台
2026-01-23,8198.55,8182.97,8238.25,8160.21,61949,8301311489.0,600519,贵州茅台
2026-01-26,8200.61,8208.1,8273.42,8123.28,80166,10751225525.0,600519,贵州茅台
2026-01-27,8223.07,8213.17,8266.89,8188.0,48416,6514513216.0,600519,贵州茅台
2026-01-28,8213.32,8116.09,8231.76,8107.65,76218,10135019524.0,600519,贵州茅台
2026-01-29,8172.92,8689.07,8725.65,8143.08,189534,26305591086.0,600519,贵州茅台
2026-01-30,8675.4,8504.56,8675.4,8504.56,94480,13366329414.0,600519,贵州茅台
2026-02-02,8625.16,8635.21,8793.89,8557.92,85724,12312646443.0,600519,贵州茅台
2026-02-03,8725.65,8875.99,8885.49,8715.75,86321,12628439703.0,600519,贵州茅台
2026-02-04,8926.64,9127.63,9169.19,8871.37,109123,16444345980.0,600519,贵州茅台
2026-02-05,9102.51,9278.38,9328.63,9077.39,91623,14183456476.0,600519,贵州茅台
2026-02-06,9278.38,9077.44,9343.7,9031.56,78965,12019878669.0,600519,贵州茅台
2026-02-09,9092.46,9127.43,9217.48,9069.8,51168,7809067705.0,600519,贵州茅台
2026-02-10,9127.48,9026.13,9127.48,8984.43,39576,5953269321.0,600519,贵州茅台
2026-02-11,9026.13,9023.77,9072.36,8981.92,30928,4648360030.0,600519,贵州茅台
2026-02-12,9003.02,8934.68,9016.19,8868.15,46246,6874370113.0,600519,贵州茅台
2026-02-13,8934.68,8928.15,9041.21,8854.19,41679,6216379203.0,600519,贵州茅台
2026-02-24,9107.54,8835.19,9124.62,8819.11,41913,6198840572.0,600519,贵州茅台
2026-02-25,8851.27,8960.11,9050.55,8840.62,36881,5490316149.0,600519,贵州茅台
2026-02-26,8934.68,8832.23,8949.2,8824.49,32958,4855471430.0,600519,贵州茅台
2026-02-27,8836.15,8776.0,8882.48,8776.0,32160,4697692477.0,600519,贵州茅台
2026-03-02,8750.78,8701.08,8785.95,8683.74,35454,5115063511.0,600519,贵州茅台
2026-03-03,8701.03,8631.14,8765.2,8610.73,45891,6565381648.0,600519,贵州茅台
2026-03-04,8574.91,8505.47,8615.11,8459.79,48014,6743267103.0,600519,贵州茅台
2026-03-05,8529.68,8494.71,8564.66,8474.41,30505,4276226062.0,600519,贵州茅台
2026-03-06,8474.41,8509.59,8537.22,8439.24,29154,4072328833.0,600519,贵州茅台
2026-03-09,8449.29,8484.46,8524.16,8415.12,37442,5220095639.0,600519,贵州茅台
2026-03-10,8524.16,8508.98,8547.22,8489.49,24626,3457808916.0,600519,贵州茅台
2026-03-11,8514.56,8499.54,8529.63,8489.59,24457,3425363892.0,600519,贵州茅台
2026-03-12,8474.41,8459.34,8519.38,8454.36,27586,3850521717.0,600519,贵州茅台
2026-03-13,8461.75,8568.07,8588.07,8459.34,33608,4738808558.0,600519,贵州茅台
2026-03-16,8600.03,8801.93,8831.17,8600.03,60086,8711525836.0,600519,贵州茅台
2026-03-17,8841.22,8926.64,8992.32,8807.0,49454,7347310632.0,600519,贵州茅台
2026-03-18,8946.74,8845.24,8984.43,8816.85,35551,5239992522.0,600519,贵州茅台
2026-03-19,8866.14,8765.2,8866.35,8730.68,30319,4404953481.0,600519,贵州茅台
2026-03-20,8765.65,8725.65,8813.59,8695.5,26132,3782818260.0,600519,贵州茅台
2026-03-23,8667.01,8540.09,8675.4,8499.69,47256,6669708665.0,600519,贵州茅台
2026-03-24,8579.93,8536.37,8587.92,8500.44,28562,4017694387.0,600519,贵州茅台
2026-03-25,8550.34,8551.14,8589.33,8504.61,26093,3677905549.0,600519,贵州茅台
2026-03-26,8544.76,8505.47,8569.38,8501.04,23093,3243387502.0,600519,贵州茅台
2026-03-27,8499.54,8580.03,8630.18,8482.75,30087,4257499781.0,600519,贵州茅台
2026-03-30,8534.71,8600.03,8655.3,8512.2,28685,4060684934.0,600519,贵州茅台
2026-03-31,8841.22,8750.78,8901.17,8742.79,61691,9015486797.0,600519,贵州茅台
2026-04-01,8823.58,8798.21,8851.22,8765.25,29125,4256185472.0,600519,贵州茅台
2026-04-02,8798.21,8800.42,8825.54,8761.33,21064,3071809846.0,600519,贵州茅台
2026-04-03,8798.71,8801.02,8851.07,8775.9,20194,2953993081.0,600519,贵州茅台
2026-04-07,8801.27,8700.63,8851.27,8675.65,24152,3507471653.0,600519,贵州茅台
2026-04-08,8801.02,8826.25,8846.65,8761.48,33836,4947937007.0,600519,贵州茅台
2026-04-09,8826.25,8803.49,8826.25,8738.21,20705,3012278579.0,600519,贵州茅台
2026-04-10,8796.7,8770.67,8799.57,8706.05,28866,4187181529.0,600519,贵州茅台
2026-04-13,8720.63,8717.16,8733.19,8665.35,25214,3629675490.0,600519,贵州茅台
2026-04-14,8713.59,8735.2,8743.74,8675.4,24233,3492544230.0,600519,贵州茅台
2026-04-15,8725.55,8838.71,8855.24,8710.58,34553,5049317187.0,600519,贵州茅台
2026-04-16,8838.46,8815.29,8888.51,8801.02,24513,3597294838.0,600519,贵州茅台
2026-04-17,8499.54,8535.92,8605.06,8498.88,96825,13631929446.0,600519,贵州茅台
2026-04-20,8514.61,8554.26,8569.58,8499.54,36451,5127146041.0,600519,贵州茅台
2026-04-21,8554.81,8559.88,8599.53,8549.78,21754,3074595192.0,600519,贵州茅台
2026-04-22,8574.91,8547.27,8595.01,8524.56,26916,3793827534.0,600519,贵州茅台
2026-04-23,8539.73,8595.01,8598.52,8525.16,37701,5332831151.0,600519,贵州茅台
2026-04-24,8565.36,8793.44,8795.4,8565.36,55455,8003410999.0,600519,贵州茅台
2026-04-27,8600.03,8515.62,8600.03,8510.59,72798,10239763452.0,600519,贵州茅台
2026-04-28,8509.59,8524.66,8546.72,8500.09,34004,4772513712.0,600519,贵州茅台
2026-04-29,8524.66,8505.42,8548.53,8500.94,34813,4881691348.0,600519,贵州茅台
2026-04-30,8499.54,8423.11,8505.42,8399.04,52753,7316111748.0,600519,贵州茅台
2026-05-06,8324.17,8373.92,8394.02,8298.8,47806,6550750940.0,600519,贵州茅台
2026-05-07,8373.92,8354.07,8439.24,8348.84,40461,5573286315.0,600519,贵州茅台
2026-05-08,8357.13,8363.82,8412.96,8348.79,33369,4582855939.0,600519,贵州茅台
2026-05-11,8363.31,8305.23,8363.31,8303.57,57135,7790721392.0,600519,贵州茅台
2026-05-12,8308.59,8271.16,8316.53,8250.81,50837,6886304982.0,600519,贵州茅台
2026-05-13,8270.91,8218.6,8291.51,8188.0,56968,7653257144.0,600519,贵州茅台
2026-05-14,8188.0,8208.95,8344.07,8173.83,55244,7428592859.0,600519,贵州茅台
2026-05-15,8173.68,8162.62,8194.43,8133.28,58184,7749366540.0,600519,贵州茅台
2026-05-18,8177.95,8112.63,8211.51,8095.59,49661,6594983723.0,600519,贵州茅台
2026-05-19,8107.1,8119.16,8147.75,8087.5,43255,5719170335.0,600519,贵州茅台
2026-05-20,8102.58,8072.43,8162.82,8067.4,47487,6271273748.0,600519,贵州茅台
2026-05-21,8062.28,8052.33,8115.24,8052.33,38868,5112740391.0,600519,贵州茅台
2026-05-22,8052.08,7947.81,8056.9,7947.41,49157,6372389482.0,600519,贵州茅台
