date,open,close,high,low,volume,amount,amount
2020-01-02,2785.36,2767.55,2804.79,2710.22,16734111.0,1429489079.0,1460105295.0
2020-01-03,2785.36,2778.56,2826.82,2759.12,12465768.0,1074108106.0,1460105295.0
2020-01-06,2753.29,2773.05,2801.55,2739.69,8720029.0,746499549.0,1460105295.0
2020-01-07,2750.7,2785.36,2799.93,2743.25,9184292.0,787221009.0,1460105295.0
2020-01-08,2763.01,2748.11,2781.47,2738.72,7214211.0,613110043.0,1460105295.0
2020-01-09,2765.93,2833.94,2868.92,2740.02,17676365.0,1534393828.0,1460105295.0
2020-01-10,2832.65,2931.1,2961.55,2827.46,21465711.0,1930197066.0,1460105295.0
2020-01-13,2931.1,3013.05,3063.25,2927.87,18976029.0,1772030180.0,1460105295.0
2020-01-14,2992.64,2981.95,3026.0,2963.49,8973223.0,826979621.0,1460105295.0
2020-01-15,2982.93,2990.7,3052.56,2979.69,8907122.0,827445730.0,1460105295.0
2020-01-16,2986.16,3000.74,3015.64,2973.21,4994819.0,462384652.0,1460105295.0
2020-01-17,3012.07,2973.21,3031.51,2957.99,5357166.0,493419304.0,1460105295.0
2020-01-20,2973.21,2934.02,2989.4,2914.91,10856796.0,983616733.0,1460105295.0
2020-01-21,2914.91,2826.17,2914.91,2803.82,15672876.0,1373275614.0,1460105295.0
2020-01-22,2781.8,2834.26,2852.4,2772.73,8619480.0,749282295.0,1460105295.0
2020-01-23,2829.73,2676.86,2829.73,2642.2,18786248.0,1570885072.0,1460105295.0
2020-02-03,2409.34,2409.34,2409.34,2409.34,4440800.0,330351112.0,1460105295.0
2020-02-04,2299.54,2335.81,2470.55,2263.27,43100487.0,3077752929.0,1460105295.0
2020-02-05,2332.58,2344.88,2396.7,2301.81,30688674.0,2230127432.0,1460105295.0
2020-02-06,2343.91,2393.14,2407.07,2325.77,18376932.0,1341103279.0,1460105295.0
2020-02-07,2380.83,2421.32,2425.53,2340.03,17671559.0,1299849780.0,1460105295.0
2020-02-10,2396.7,2387.64,2412.9,2348.77,17208674.0,1265595980.0,1460105295.0
2020-02-11,2396.38,2506.82,2526.26,2388.61,21626058.0,1651211782.0,1460105295.0
2020-02-12,2506.82,2509.74,2534.68,2465.69,13689545.0,1057427614.0,1460105295.0
2020-02-13,2496.46,2510.06,2584.55,2490.63,12912409.0,1010605021.0,1460105295.0
2020-02-14,2519.78,2517.19,2528.2,2481.56,8064951.0,623526998.0,1460105295.0
2020-02-17,2500.35,2533.38,2533.38,2489.98,11316808.0,876266923.0,1460105295.0
2020-02-18,2536.3,2516.54,2541.48,2495.81,8625404.0,669853136.0,1460105295.0
2020-02-19,2506.5,2559.62,2587.79,2494.52,15259006.0,1203962408.0,1460105295.0
2020-02-20,2555.4,2680.75,2681.72,2555.4,17795715.0,1458378225.0,1460105295.0
2020-02-21,2655.48,2678.15,2710.87,2641.23,9530994.0,786572220.0,1460105295.0
2020-02-24,2671.68,2626.98,2671.68,2591.03,11973734.0,968352955.0,1460105295.0
2020-02-25,2567.71,2576.46,2602.69,2519.78,14748412.0,1167207849.0,1460105295.0
2020-02-26,2531.11,2542.45,2602.37,2513.3,9747071.0,767928168.0,1460105295.0
2020-02-27,2545.36,2559.29,2589.41,2545.36,8134393.0,645001018.0,1460105295.0
2020-02-28,2507.79,2422.61,2508.12,2401.24,18180146.0,1375582293.0,1460105295.0
2020-03-02,2419.38,2520.43,2532.09,2416.14,12266848.0,940271453.0,1460105295.0
2020-03-03,2535.97,2558.64,2581.32,2535.97,11582835.0,917306973.0,1460105295.0
2020-03-04,2543.42,2554.76,2582.93,2532.41,8122225.0,640139054.0,1460105295.0
2020-03-05,2574.19,2701.15,2741.96,2564.8,23267771.0,1917881184.0,1460105295.0
2020-03-06,2659.05,2635.73,2741.96,2631.84,13730391.0,1133973492.0,1460105295.0
2020-03-09,2590.71,2519.78,2591.03,2516.54,11568965.0,911081063.0,1460105295.0
2020-03-10,2519.45,2630.54,2637.02,2506.82,11413086.0,910343409.0,1460105295.0
2020-03-11,2655.81,2639.94,2707.63,2629.25,15241879.0,1256478635.0,1460105295.0
2020-03-12,2607.23,2599.13,2607.23,2546.34,9107640.0,725465649.0,1460105295.0
2020-03-13,2490.63,2556.05,2616.29,2469.58,10726399.0,839818424.0,1460105295.0
2020-03-16,2571.27,2398.32,2571.27,2376.62,16372454.0,1244996637.0,1460105295.0
2020-03-17,2381.16,2320.59,2457.59,2254.2,17335056.0,1245893269.0,1460105295.0
2020-03-18,2328.69,2259.7,2386.34,2254.52,11627586.0,834043147.0,1460105295.0
2020-03-19,2234.76,2154.12,2250.31,2101.33,21292069.0,1420215229.0,1460105295.0
2020-03-20,2182.94,2223.43,2257.11,2169.99,14614535.0,997565591.0,1460105295.0
2020-03-23,2145.7,2158.01,2200.11,2136.63,9490790.0,636917243.0,1460105295.0
2020-03-24,2206.59,2272.66,2272.98,2199.79,13797781.0,954421130.0,1460105295.0
2020-03-25,2351.36,2361.4,2375.65,2325.45,12701351.0,923055558.0,1460105295.0
2020-03-26,2341.97,2363.67,2420.67,2321.56,8624617.0,634785282.0,1460105295.0
2020-03-27,2393.79,2412.9,2469.9,2390.55,11730975.0,883326876.0,1460105295.0
2020-03-30,2364.32,2329.01,2385.04,2325.45,10235600.0,742051237.0,1460105295.0
2020-03-31,2363.34,2385.37,2410.95,2348.45,7910758.0,582476020.0,1460105295.0
2020-04-01,2386.02,2391.52,2420.35,2348.45,6979037.0,515435371.0,1460105295.0
2020-04-02,2364.64,2404.8,2404.8,2348.12,7791504.0,571797868.0,1460105295.0
2020-04-03,2404.8,2406.42,2444.64,2391.85,6515759.0,487033910.0,1460105295.0
2020-04-07,2454.03,2469.25,2504.56,2454.03,9742247.0,745392715.0,1460105295.0
2020-04-08,2445.29,2465.37,2478.0,2435.57,6048346.0,459439096.0,1460105295.0
2020-04-09,2493.87,2472.82,2506.82,2453.38,5608460.0,428244616.0,1460105295.0
2020-04-10,2461.16,2489.01,2538.24,2447.23,8810659.0,680797869.0,1460105295.0
2020-04-13,2476.38,2530.47,2541.48,2461.48,8348621.0,648227874.0,1460105295.0
2020-04-14,2552.49,2538.89,2561.56,2521.4,8480988.0,665249767.0,1460105295.0
2020-04-15,2550.55,2546.66,2590.06,2537.92,7704333.0,610438478.0,1460105295.0
2020-04-16,2528.85,2499.7,2542.45,2475.41,8279059.0,639544834.0,1460105295.0
2020-04-17,2523.02,2536.94,2563.83,2509.74,9211819.0,724039519.0,1460105295.0
2020-04-20,2549.25,2527.88,2556.38,2510.06,9030201.0,702719953.0,1460105295.0
2020-04-21,2509.09,2420.35,2509.09,2397.35,18723008.0,1401405482.0,1460105295.0
2020-04-22,2406.1,2502.94,2517.19,2390.55,14521815.0,1107057869.0,1460105295.0
2020-04-23,2507.47,2517.83,2574.84,2507.47,11053173.0,866873705.0,1460105295.0
2020-04-24,2531.44,2522.37,2568.04,2500.35,10494142.0,823115997.0,1460105295.0
2020-04-27,2526.26,2531.11,2551.19,2502.94,6184828.0,483897445.0,1460105295.0
2020-04-28,2561.88,2672.0,2706.98,2539.53,22674277.0,1842985873.0,1460105295.0
2020-04-29,2623.42,2561.56,2668.11,2548.93,19125475.0,1533385301.0,1460105295.0
2020-04-30,2563.5,2564.15,2601.72,2542.45,12166719.0,963624323.0,1460105295.0
2020-05-06,2555.4,2559.62,2576.46,2532.09,13513840.0,1064831935.0,1460105295.0
2020-05-07,2571.6,2600.75,2625.36,2545.04,13661283.0,1093461521.0,1460105295.0
2020-05-08,2610.79,2644.15,2697.26,2584.88,17433201.0,1424080536.0,1460105295.0
2020-05-11,2662.61,2681.72,2737.42,2647.71,16281186.0,1358074520.0,1460105295.0
2020-05-12,2671.03,2724.47,2729.65,2665.52,11402709.0,956082503.0,1460105295.0
2020-05-13,2723.82,2871.51,2897.1,2720.58,21101970.0,1851767530.0,1460105295.0
2020-05-14,2862.77,2843.66,2882.52,2816.78,12572562.0,1104577661.0,1460105295.0
2020-05-15,2829.73,2835.88,2877.66,2784.71,12514531.0,1093160701.0,1460105295.0
2020-05-18,2835.88,2898.72,2936.29,2818.39,14443255.0,1290973952.0,1460105295.0
2020-05-19,2934.34,2885.76,2935.96,2863.09,12246629.0,1090639043.0,1460105295.0
2020-05-20,2886.41,2844.63,2895.15,2833.94,8743251.0,771074221.0,1460105295.0
2020-05-21,2858.23,2838.15,2885.76,2820.99,10029224.0,882224583.0,1460105295.0
2020-05-22,2836.53,2723.17,2836.53,2716.7,15070420.0,1278682509.0,1460105295.0
2020-05-25,2722.85,2745.85,2761.07,2687.87,11850972.0,998913437.0,1460105295.0
2020-05-26,2752.97,2764.31,2772.4,2707.63,10181592.0,864403059.0,1460105295.0
2020-05-27,2764.95,2725.77,2778.88,2714.11,9360761.0,793573425.0,1460105295.0
2020-05-28,2720.58,2720.58,2779.21,2702.77,10356429.0,875050849.0,1460105295.0
2020-05-29,2718.64,2762.69,2777.26,2700.5,10280271.0,873471469.0,1460105295.0
2020-06-01,2782.44,2889.65,2933.05,2775.64,19428871.0,1732255695.0,1460105295.0
2020-06-02,2911.67,2853.7,2930.46,2840.42,14156520.0,1257946656.0,1460105295.0
2020-06-03,2853.7,2833.29,2876.37,2810.95,11673975.0,1020901634.0,1460105295.0
2020-06-04,2848.52,2885.11,2924.63,2848.19,11935685.0,1063820937.0,1460105295.0
2020-06-05,2915.88,3031.18,3053.21,2877.99,22100803.0,2040668091.0,1460105295.0
2020-06-08,3060.66,3077.82,3144.86,3044.79,16911016.0,1614017643.0,1460105295.0
2020-06-09,3077.82,3102.44,3151.34,3048.67,12271867.0,1175393450.0,1460105295.0
2020-06-10,3103.08,3107.62,3110.86,3064.22,8899663.0,849527240.0,1460105295.0
2020-06-11,3107.62,3073.61,3129.32,3033.77,13144567.0,1248677073.0,1460105295.0
2020-06-12,3012.07,3076.85,3076.85,2995.88,11237461.0,1057203331.0,1460105295.0
2020-06-15,3028.59,2926.57,3040.9,2908.11,21658456.0,1981368928.0,1460105295.0
2020-06-16,2943.41,2930.78,3009.16,2919.77,21207336.0,1930997720.0,1460105295.0
2020-06-17,2931.1,2901.96,2953.45,2866.33,14118116.0,1260156860.0,1460105295.0
2020-06-18,2898.72,2911.35,2926.89,2879.28,10198024.0,914980931.0,1460105295.0
2020-06-19,2916.21,2976.12,3005.6,2916.21,17514570.0,1608157572.0,1460105295.0
2020-06-22,2984.22,2928.19,2989.4,2901.96,17722751.0,1601264757.0,1460105295.0
2020-06-23,2925.6,3021.14,3028.27,2901.96,20411774.0,1883997774.0,1460105295.0
2020-06-24,3020.5,2994.58,3050.94,2963.49,16271170.0,1505023473.0,1460105295.0
2020-06-29,2955.4,2943.41,2965.11,2908.43,17522854.0,1580141213.0,1460105295.0
2020-06-30,2953.78,2951.18,2975.48,2943.41,14172903.0,1293655357.0,1460139889.0
2020-07-01,2966.08,3246.24,3246.24,2963.49,44045748.0,4325700545.0,1460139889.0
2020-07-02,3286.72,3485.26,3567.53,3271.18,42630227.0,4531835303.0,1460139889.0
2020-07-03,3530.6,3565.91,3604.12,3418.54,32762607.0,3551127730.0,1460139889.0
2020-07-06,3565.58,3610.28,3685.74,3523.8,29037010.0,3219090179.0,1460139889.0
2020-07-07,3588.58,3719.75,3822.42,3526.07,25357226.0,2909119732.0,1460139889.0
2020-07-08,3642.67,3721.05,3789.38,3640.72,17645951.0,2016555481.0,1460139889.0
2020-07-09,3721.05,3870.35,3870.35,3706.47,15741084.0,1855568247.0,1460139889.0
2020-07-10,3863.88,3935.13,4053.99,3802.66,18574463.0,2266892209.0,1460139889.0
2020-07-13,3886.55,4045.57,4113.26,3866.47,26357105.0,3285481213.0,1460139889.0
2020-07-14,4048.49,4009.62,4110.35,3886.55,17993461.0,2224227305.0,1460139889.0
2020-07-15,3999.9,4141.76,4249.29,3993.1,20954235.0,2665744811.0,1460139889.0
2020-07-16,4074.4,3727.52,4076.02,3727.52,31038000.0,3701452157.0,1460139889.0
2020-07-17,3601.86,3692.54,3829.87,3601.86,24605965.0,2826244378.0,1460139889.0
2020-07-20,3724.61,3653.35,3757.0,3462.27,23736061.0,2627571586.0,1460139889.0
2020-07-21,3649.79,3725.58,3791.97,3620.97,17606188.0,2023786552.0,1460139889.0
2020-07-22,3713.27,3792.62,3848.01,3662.1,16171128.0,1895812195.0,1460139889.0
2020-07-23,3757.0,3886.55,3899.5,3743.39,17110866.0,2021801413.0,1460139889.0
2020-07-24,3858.69,3691.57,3882.66,3632.95,17377032.0,2004207836.0,1460139889.0
2020-07-27,3691.25,3726.23,3769.95,3659.83,10637324.0,1223095268.0,1460139889.0
2020-07-28,3692.54,3786.14,3860.31,3692.22,15761948.0,1841111103.0,1460139889.0
2020-07-29,3822.42,3827.93,3841.2,3704.53,14406790.0,1675632715.0,1460139889.0
2020-07-30,3789.71,3827.93,3886.55,3789.38,12843554.0,1526305773.0,1460139889.0
2020-07-31,3821.45,3821.12,3871.0,3749.55,12196683.0,1437328638.0,1460139889.0
2020-08-03,3825.01,3805.9,3867.11,3766.71,11479257.0,1347943355.0,1460139889.0
2020-08-04,3806.23,3792.62,3870.03,3775.78,11355598.0,1337898155.0,1460139889.0
2020-08-05,3757.0,3849.63,3853.84,3708.74,13093258.0,1533987546.0,1460139889.0
2020-08-06,3821.77,3715.86,3837.97,3693.52,14812183.0,1708921400.0,1460139889.0
2020-08-07,3708.41,3595.06,3741.45,3533.52,18874577.0,2109676427.0,1460139889.0
2020-08-10,3617.73,3624.21,3645.26,3531.9,10129063.0,1126482088.0,1460139889.0
2020-08-11,3659.83,3655.3,3734.97,3627.44,10070798.0,1147950769.0,1460139889.0
2020-08-12,3651.74,3591.82,3667.61,3531.9,8996729.0,995644169.0,1460139889.0
2020-08-13,3627.44,3600.89,3659.18,3565.91,7090476.0,792081678.0,1460139889.0
2020-08-14,3627.44,3808.49,3821.77,3591.82,18751742.0,2169435336.0,1460139889.0
2020-08-17,3886.55,4012.86,4030.35,3882.66,22855529.0,2806963521.0,1460139889.0
2020-08-18,3996.34,4069.86,4145.65,3963.95,14535415.0,1822961850.0,1460139889.0
2020-08-19,4069.54,4141.44,4259.01,4032.62,18994119.0,2454475493.0,1460139889.0
2020-08-20,4132.7,4060.15,4132.7,3981.12,11801929.0,1478639757.0,1460139889.0
2020-08-21,4113.26,4141.12,4222.09,4082.49,10011996.0,1282198830.0,1460139889.0
2020-08-24,4186.37,4199.82,4247.05,4093.89,10491794.0,1341276822.0,1460139889.0
2020-08-25,4230.65,4537.94,4570.41,4229.01,18986466.0,2592306370.0,1460139889.0
2020-08-26,4538.27,4532.37,4591.4,4440.54,19277494.0,2653631533.0,1460139889.0
2020-08-27,4516.3,4672.73,4673.39,4479.24,13518207.0,1893430993.0,1460139889.0
2020-08-28,4727.18,4968.22,5082.68,4634.04,24987476.0,3709824523.0,1460139889.0
2020-08-31,5004.63,4902.96,5112.2,4887.22,17873829.0,2720569911.0,1460139889.0
2020-09-01,4811.13,4846.22,4865.9,4640.6,19234506.0,2791262161.0,1460139889.0
2020-09-02,4855.08,4824.25,4904.6,4758.66,11441885.0,1679346255.0,1460139889.0
2020-09-03,4820.97,4936.08,5029.88,4791.46,17035218.0,2566440371.0,1460139889.0
2020-09-04,4811.13,4997.41,5001.35,4692.08,14442850.0,2128322498.0,1460139889.0
2020-09-07,4982.33,4984.95,5148.27,4870.17,18044450.0,2766991726.0,1460139889.0
2020-09-08,4984.62,4645.19,5014.47,4558.93,22197845.0,3169807081.0,1460139889.0
2020-09-09,4476.62,4539.26,4682.57,4412.99,12780258.0,1778906206.0,1460139889.0
2020-09-10,4640.6,4643.22,4753.74,4624.2,11849841.0,1690981843.0,1460139889.0
2020-09-11,4624.2,4788.18,4800.64,4592.39,12400515.0,1780244803.0,1460139889.0
2020-09-14,4820.97,4802.61,4870.17,4706.19,11220412.0,1641405039.0,1460139889.0
2020-09-15,4791.46,4795.06,4820.64,4732.42,6554940.0,956306376.0,1460139889.0
2020-09-16,4790.8,4705.53,4869.51,4689.79,7970419.0,1154021483.0,1460139889.0
2020-09-17,4643.87,4591.4,4683.23,4463.83,14998785.0,2087169765.0,1464306555.0
2020-09-18,4566.15,4662.57,4666.83,4527.12,9270294.0,1300664761.0,1464306555.0
2020-09-21,4640.6,4607.8,4655.35,4570.41,6170337.0,867316081.0,1464306555.0
2020-09-22,4555.33,4589.11,4661.58,4542.54,5795572.0,814183617.0,1464306555.0
2020-09-23,4460.22,4579.6,4607.47,4372.65,11551371.0,1590902707.0,1464306555.0
2020-09-24,4588.12,4516.63,4631.74,4512.69,5694904.0,791958033.0,1464306555.0
2020-09-25,4542.21,4554.67,4635.02,4529.42,5367121.0,749939738.0,1464306555.0
2020-09-28,4624.2,4734.39,4804.57,4591.4,12308484.0,1777367685.0,1464306555.0
2020-09-29,4786.54,4722.58,4794.73,4660.27,7580772.0,1091190572.0,1464306555.0
2020-09-30,4820.64,4707.83,4820.64,4673.39,7420918.0,1070197824.0,1464306555.0
2020-10-09,4748.82,4775.06,4837.37,4687.82,8824656.0,1283376129.0,1464306555.0
2020-10-12,4775.71,4978.06,5018.73,4775.39,14152982.0,2136058600.0,1464306555.0
2020-10-13,4978.06,4999.71,5076.12,4921.98,11584864.0,1774698773.0,1464306555.0
2020-10-14,4984.95,4942.32,5065.63,4909.19,9436544.0,1431349475.0,1464306555.0
2020-10-15,4946.91,4975.11,5050.54,4942.97,6277401.0,954764443.0,1464306555.0
2020-10-16,4970.85,4915.42,5003.97,4870.17,5946783.0,893831745.0,1464306555.0
2020-10-19,4926.25,4919.36,5011.19,4887.22,5636005.0,850067862.0,1464306555.0
2020-10-20,4899.68,5151.88,5167.95,4890.83,14313592.0,2220129327.0,1464306555.0
2020-10-21,5141.71,5178.44,5214.52,5117.77,9714207.0,1531108806.0,1464306555.0
2020-10-22,5191.56,5312.91,5375.22,5079.07,14330700.0,2292322159.0,1464306555.0
2020-10-23,5282.08,5103.01,5345.05,5018.4,13304049.0,2098804524.0,1464306555.0
2020-10-26,4921.33,5100.06,5101.37,4821.3,9480006.0,1445325629.0,1464306555.0
2020-10-27,5090.55,5112.85,5191.56,5059.07,7300993.0,1138359548.0,1464306555.0
2020-10-28,5105.97,5335.86,5378.5,5087.27,12498495.0,2012278373.0,1464306555.0
2020-10-29,5578.55,5869.45,5869.45,5544.45,22856709.0,4035633573.0,1464306555.0
2020-10-30,5742.86,5657.26,5792.38,5575.93,21286877.0,3684657368.0,1464306555.0
2020-11-02,5702.85,5834.36,5885.19,5660.54,16150046.0,2846013323.0,1464306555.0
2020-11-03,5834.36,5982.92,5994.73,5806.48,14248055.0,2558190305.0,1464306555.0
2020-11-04,5962.26,6019.33,6054.09,5912.74,7884856.0,1440218305.0,1464306555.0
2020-11-05,6083.61,6013.42,6111.81,5958.66,10777758.0,1981915631.0,1464306555.0
2020-11-06,5981.94,5995.06,6008.18,5873.71,10662872.0,1929476017.0,1464306555.0
2020-11-09,6011.13,6098.37,6121.32,5953.08,11041092.0,2037415250.0,1464306555.0
2020-11-10,6099.35,6213.15,6312.52,6034.74,10886005.0,2056055708.0,1464306555.0
2020-11-11,6191.83,6254.14,6406.97,6167.24,12771725.0,2455961335.0,1464306555.0
2020-11-12,6231.19,6300.39,6378.77,6168.55,9208832.0,1762895851.0,1464306555.0
2020-11-13,6200.03,6122.63,6247.91,5911.43,13479786.0,2511258468.0,1464306555.0
2020-11-16,6139.36,6492.57,6492.57,6132.8,15008609.0,2911358956.0,1464306555.0
2020-11-17,6477.16,6460.76,6585.05,6297.11,15512782.0,3058210662.0,1464306555.0
2020-11-18,6461.09,6280.38,6490.27,6136.08,14741995.0,2828979825.0,1464306555.0
2020-11-19,6167.24,6285.63,6329.57,6101.64,9001349.0,1714647378.0,1464306555.0
2020-11-20,6319.08,6367.29,6509.62,6263.98,8339923.0,1626273710.0,1464306555.0
2020-11-23,6432.23,6488.96,6575.54,6398.45,9866144.0,1957944087.0,1464306555.0
2020-11-24,6493.55,6518.81,6542.09,6369.26,6868404.0,1353802886.0,1464306555.0
2020-11-25,6532.25,6304.98,6536.52,6296.78,9655653.0,1871224859.0,1464306555.0
2020-11-26,6263.98,6321.38,6376.14,6100.33,9932602.0,1898444633.0,1464306555.0
2020-11-27,6321.38,6326.3,6362.04,6231.19,7261442.0,1397210359.0,1464306555.0
2020-11-30,6319.74,6012.44,6323.02,5958.33,19313032.0,3573186901.0,1464306555.0
2020-12-01,6034.41,6043.27,6090.17,5968.82,12951579.0,2379129500.0,1464306555.0
2020-12-02,6067.21,6031.46,6077.38,5968.82,9017117.0,1652281413.0,1464306555.0
2020-12-03,6076.72,6112.47,6141.98,6019.66,8754054.0,1622940612.0,1464306555.0
2020-12-04,6100.0,6257.42,6328.59,6086.23,12155824.0,2315888319.0,1464306555.0
2020-12-07,6258.41,6256.77,6438.13,6234.47,12695853.0,2455493940.0,1464306555.0
2020-12-08,6296.78,6291.86,6350.24,6218.07,9795369.0,1882026750.0,1464306555.0
2020-12-09,6312.19,6231.52,6370.57,6214.13,8648915.0,1651998644.0,1464306555.0
2020-12-10,6198.39,6254.14,6325.97,6172.48,8881802.0,1692812394.0,1464306555.0
2020-12-11,6254.14,6280.38,6381.06,6198.39,9339248.0,1788738302.0,1464306555.0
2020-12-14,6297.44,6491.91,6493.55,6259.06,12374432.0,2423301656.0,1464306555.0
2020-12-15,6412.22,6352.86,6413.86,6110.5,23250398.0,4437597104.0,1464306555.0
2020-12-16,6362.7,6500.77,6546.03,6362.37,18455859.0,3648541106.0,1464306555.0
2020-12-17,6591.61,6716.56,6826.43,6529.63,17917421.0,3652006430.0,1464306555.0
2020-12-18,6716.56,6710.99,6952.69,6641.79,19229990.0,3992411838.0,1464306555.0
2020-12-21,6731.98,7005.17,7015.66,6660.16,15023178.0,3159837917.0,1464306555.0
2020-12-22,6974.34,7054.36,7198.01,6964.5,12397839.0,2682152357.0,1464306555.0
2020-12-23,7116.34,7085.52,7305.25,6788.72,18645852.0,4020415536.0,1464306555.0
2020-12-24,6969.42,7018.29,7165.87,6781.5,12661076.0,2699651043.0,1464306555.0
2020-12-25,6985.49,6982.21,7051.08,6870.7,8380171.0,1781089201.0,1464306555.0
2020-12-28,7008.45,7373.46,7479.07,7008.45,16079524.0,3578931826.0,1464306555.0
2020-12-29,7398.06,7251.13,7434.79,7136.35,14199008.0,3142682945.0,1464306555.0
2020-12-30,7250.81,7375.76,7470.21,7250.81,10445525.0,2345753459.0,1464306555.0
2020-12-31,7348.87,7417.08,7493.82,7297.7,12259622.0,2763455546.0,1464306555.0
2021-01-04,7477.43,7898.85,7998.22,7477.43,15433467.0,3669628522.0,1464306555.0
2021-01-05,7898.85,8471.14,8476.71,7848.02,15640878.0,3914144971.0,1464306555.0
2021-01-06,8494.09,8602.32,8798.77,8202.21,17394704.0,4518171110.0,1464306555.0
2021-01-07,8586.25,8690.87,8693.49,8299.94,14960633.0,3882804110.0,1464306555.0
2021-01-08,8675.78,8378.32,8756.46,8248.45,17889445.0,4607199522.0,1464306555.0
2021-01-11,8354.71,8097.26,8371.11,7805.38,19056773.0,4719071338.0,1464306555.0
2021-01-12,7958.21,8602.32,8625.28,7928.37,17049828.0,4373373070.0,1464306555.0
2021-01-13,8631.83,8730.22,8836.15,8493.76,16606668.0,4394991622.0,1464306555.0
2021-01-14,8625.6,8460.64,8736.45,8300.6,13578459.0,3523821262.0,1464306555.0
2021-01-15,8264.52,7985.76,8264.52,7655.83,30672796.0,7394308747.0,1464306555.0
2021-01-18,7875.24,7608.94,7925.74,7470.87,24130848.0,5628705058.0,1464306555.0
2021-01-19,7739.79,7538.75,7934.93,7431.51,18849555.0,4410572940.0,1464306555.0
2021-01-20,7458.4,7510.22,7608.61,7182.26,19820072.0,4494726611.0,1464306555.0
2021-01-21,7470.87,7831.29,7898.52,7461.03,18901986.0,4450523806.0,1464306555.0
2021-01-22,7821.45,7841.13,7915.25,7658.79,12712220.0,3025040296.0,1464306555.0
2021-01-25,7841.13,8625.28,8625.28,7838.18,23918262.0,6109499429.0,1464306555.0
2021-01-26,8654.46,8634.79,8740.06,8467.53,16187892.0,4263858129.0,1464306555.0
2021-01-27,8468.18,8330.11,8557.72,7947.39,18629495.0,4701857740.0,1464306555.0
2021-01-28,8132.68,8198.93,8395.38,8053.97,13278373.0,3328071267.0,1464306555.0
2021-01-29,8330.11,8451.46,8754.16,8330.11,16025788.0,4174569531.0,1464306555.0
2021-02-01,8458.35,8371.11,8656.43,8308.8,11786784.0,3050204597.0,1464306555.0
2021-02-02,8387.18,9155.91,9182.8,8386.85,22842030.0,6178093023.0,1464306555.0
2021-02-03,9084.09,9150.01,9237.9,9021.45,13975944.0,3896260793.0,1464306555.0
2021-02-04,9084.42,9151.97,9572.42,9037.85,17701582.0,5013852404.0,1464306555.0
2021-02-05,9156.57,9438.28,9735.41,9084.42,17166124.0,4948264063.0,1464306555.0
2021-02-08,9543.56,9527.16,9792.15,9182.8,13474409.0,3905771220.0,1464306555.0
2021-02-09,9574.71,9776.41,9799.69,9466.81,10425006.0,3082766676.0,1464306555.0
2021-02-10,9761.98,10297.53,10445.44,9743.94,17446413.0,5409428180.0,1464306555.0
2021-02-18,10658.28,9589.47,10745.85,9559.95,23651442.0,7192593163.0,1464306555.0
2021-02-19,9543.56,9773.45,9904.31,9117.21,18174712.0,5297220791.0,1464306555.0
2021-02-22,9543.56,8899.78,9609.15,8854.85,24874236.0,6932055100.0,1464306555.0
2021-02-23,8690.87,9001.11,9082.12,8608.88,15568563.0,4241905803.0,1464306555.0
2021-02-24,8999.15,8100.87,8999.15,8100.87,27269550.0,6890041305.0,1464306555.0
2021-02-25,8136.62,7974.94,8327.49,7805.71,19751749.0,4822339804.0,1464306555.0
2021-02-26,7713.55,7713.88,7969.36,7279.67,24991604.0,5821867186.0,1464306555.0
2021-03-01,7904.1,7816.86,8017.9,7625.01,17618691.0,4208813072.0,1464306555.0
2021-03-02,7909.67,7444.3,7943.12,7346.24,22073558.0,5102249442.0,1464306555.0
2021-03-03,7384.61,7608.94,7645.34,7258.68,15146478.0,3464897260.0,1464306555.0
2021-03-04,7411.83,7034.68,7415.11,6956.63,22648399.0,4929040489.0,1464306555.0
2021-03-05,6821.84,7128.48,7313.45,6821.51,22537141.0,4856252956.0,1464306555.0
2021-03-08,7148.16,6415.5,7222.93,6415.5,28309372.0,5796655571.0,1464306555.0
2021-03-09,6296.78,6139.69,6467.32,5972.76,28998554.0,5508978541.0,1464306555.0
2021-03-10,6362.37,6424.35,6537.83,6263.98,23736844.0,4637555842.0,1464306555.0
2021-03-11,6423.04,6789.37,6985.49,6344.66,23710809.0,4853324612.0,1464306555.0
2021-03-12,6854.31,6909.73,6925.47,6629.66,17584101.0,3665764560.0,1464306555.0
2021-03-15,6821.51,6427.96,6954.01,6231.52,19842859.0,3924974806.0,1464306555.0
2021-03-16,6458.46,6591.61,6649.66,6359.09,13448116.0,2673225469.0,1464306555.0
2021-03-17,6520.45,6888.74,6948.76,6372.21,15180611.0,3138541077.0,1464306555.0
2021-03-18,6870.7,7182.26,7346.24,6866.44,15580525.0,3407893913.0,1464306555.0
2021-03-19,6956.3,7035.01,7178.33,6913.67,14799504.0,3169662272.0,1464306555.0
2021-03-22,7004.51,7090.11,7163.57,6821.51,10786818.0,2306817160.0,1464306555.0
2021-03-23,7060.59,7211.78,7213.42,6929.74,9572786.0,2076480009.0,1464306555.0
2021-03-24,7123.23,7047.47,7476.77,6982.54,15535259.0,3429067914.0,1464306555.0
2021-03-25,6887.1,6910.06,7051.08,6695.25,13224417.0,2763583679.0,1464306555.0
2021-03-26,6986.47,7376.09,7411.83,6986.47,14820108.0,3267704193.0,1464306555.0
2021-03-29,7507.93,7361.98,7641.4,7289.51,18706714.0,4267214436.0,1464306555.0
2021-03-30,7480.05,7506.94,7722.08,7407.9,14557225.0,3346332044.0,1464306555.0
2021-03-31,7444.63,7379.69,7467.91,7253.1,10627678.0,2381316437.0,1464306555.0
2021-04-01,7444.63,7629.6,7634.84,7395.44,8418673.0,1929489331.0,1464306555.0
2021-04-02,7772.59,8130.06,8133.34,7772.59,13788301.0,3347161185.0,1464306555.0
2021-04-06,8198.93,7998.88,8264.52,7932.63,12925807.0,3185396649.0,1464306555.0
2021-04-07,7903.77,7510.22,7938.21,7461.03,18978534.0,4377400858.0,1464306555.0
2021-04-08,7345.91,7647.96,7693.88,7290.49,13081503.0,3006419130.0,1464306555.0
2021-04-09,7510.22,7341.98,7608.61,7280.98,11757416.0,2645355695.0,1464306555.0
2021-04-12,7412.16,7395.44,7529.24,7330.5,14415420.0,3273126323.0,1464306555.0
2021-04-13,7353.13,7670.92,7781.44,7353.13,13396772.0,3122781070.0,1464306555.0
2021-04-14,7674.2,7665.67,7724.05,7442.33,9242999.0,2151467768.0,1464306555.0
2021-04-15,7608.61,7597.79,7670.92,7349.19,10296105.0,2354927202.0,1464306555.0
2021-04-16,7729.3,7763.08,7969.36,7677.81,12716129.0,3027724689.0,1464306555.0
2021-04-19,7667.64,7842.77,7887.37,7510.55,12843645.0,3043457239.0,1464306555.0
2021-04-20,7723.39,7855.89,8122.85,7718.8,14389659.0,3487370829.0,1464306555.0
2021-04-21,7716.83,8021.83,8118.25,7716.83,13328051.0,3238403014.0,1464306555.0
2021-04-22,8100.87,7883.44,8116.61,7776.19,11481844.0,2768176943.0,1464306555.0
2021-04-23,7874.58,8186.14,8192.37,7874.58,14945017.0,3682469765.0,1464306555.0
2021-04-26,8198.93,8115.3,8447.19,8079.55,13470436.0,3394292597.0,1464306555.0
2021-04-27,8166.46,8231.73,8231.73,7972.64,8435415.0,2089277687.0,1464306555.0
2021-04-28,8113.66,8559.68,8564.93,7988.38,14031376.0,3575539599.0,1464306555.0
2021-04-29,8526.89,8624.62,8657.74,8362.91,11522005.0,2995080756.0,1464306555.0
2021-04-30,8494.09,8381.93,8585.92,8313.72,13574238.0,3495598038.0,1464306555.0
2021-05-06,8215.66,7867.04,8297.32,7801.45,16247668.0,3962110290.0,1464306555.0
2021-05-07,7871.3,7785.71,8034.95,7756.84,10420747.0,2505159901.0,1464306555.0
2021-05-10,7701.09,7412.82,7804.07,7346.24,16688080.0,3822935515.0,1464306555.0
2021-05-11,7376.41,7768.32,7797.84,7351.49,14003624.0,3254747656.0,1464306555.0
2021-05-12,7745.69,7979.2,8034.62,7693.88,9682283.0,2341943148.0,1464306555.0
2021-05-13,7870.97,7972.97,8021.18,7739.79,7442029.0,1791812090.0,1464306555.0
2021-05-14,8071.36,8126.78,8282.56,7920.17,10165224.0,2528236290.0,1464306555.0
2021-05-17,8135.31,8455.07,8574.11,8135.31,14757035.0,3788481680.0,1464306555.0
2021-05-18,8455.39,8458.02,8574.11,8301.58,7557045.0,1935662090.0,1464306555.0
2021-05-19,8395.05,8462.28,8625.6,8331.75,7898046.0,2051079647.0,1464306555.0
2021-05-20,8418.66,8510.49,8654.14,8418.66,10051757.0,2621554720.0,1464306555.0
2021-05-21,8517.05,8444.9,8690.87,8362.91,10547624.0,2738400457.0,1464306555.0
2021-05-24,8563.95,8683.32,8700.05,8313.72,12616998.0,3289981563.0,1464306555.0
2021-05-25,8723.99,9315.63,9322.84,8723.99,20285346.0,5680389908.0,1464306555.0
2021-05-26,9315.95,9048.01,9373.02,8969.63,17310154.0,4809844160.0,1464306555.0
2021-05-27,9051.62,9045.06,9313.99,8805.65,12410602.0,3426533307.0,1464306555.0
2021-05-28,9015.54,9002.1,9084.09,8909.94,8206796.0,2247678575.0,1464306555.0
2021-05-31,8887.64,9017.18,9018.5,8758.1,11167013.0,3025006717.0,1464306555.0
2021-06-01,9017.18,9107.7,9132.3,8886.99,11861677.0,3270365350.0,1464306555.0
2021-06-02,9084.42,9012.27,9179.52,8953.56,9059630.0,2500673009.0,1464306555.0
2021-06-03,9021.12,9084.09,9317.59,8920.77,13233210.0,3688072740.0,1464306555.0
2021-06-04,8953.23,9169.68,9291.03,8927.98,10380608.0,2891265104.0,1464306555.0
2021-06-07,9124.43,9288.41,9346.78,9056.54,12672016.0,3567826170.0,1464306555.0
2021-06-08,9248.39,8593.14,9253.97,8395.71,23291852.0,6217301406.0,1464306555.0
2021-06-09,8526.89,8599.04,8690.21,8420.3,12035105.0,3148550729.0,1464306555.0
2021-06-10,8568.87,8746.95,8821.72,8533.78,8615467.0,2296731804.0,1464306555.0
2021-06-11,8757.11,8469.5,8789.25,8382.59,16697134.0,4319519736.0,1464306555.0
2021-06-15,8460.97,8194.34,8460.97,7985.76,21565069.0,5359971198.0,1464306555.0
2021-06-16,8198.93,7955.59,8263.87,7870.97,15016349.0,3656585035.0,1464306555.0
2021-06-17,7936.57,7951.32,8074.31,7903.77,14129267.0,3433652522.0,1464306555.0
2021-06-18,7951.32,7634.84,7962.8,7494.48,23360700.0,5450532523.0,1464306555.0
2021-06-21,7645.01,7756.19,7870.97,7602.05,18270417.0,4303519343.0,1464306555.0
2021-06-22,7834.57,7609.26,7854.58,7464.96,24971471.0,5748178596.0,1464306555.0
2021-06-23,7576.14,7411.18,7634.84,7379.04,17964254.0,4081289116.0,1464306555.0
2021-06-24,7483.98,7575.81,7672.56,7379.37,16629430.0,3813008295.0,1464306555.0
2021-06-25,7510.22,7704.7,7777.51,7339.68,23727273.0,5494646816.0,1464306555.0
2021-06-28,7690.6,7723.39,7815.22,7647.96,13190220.0,3102280854.0,1464306555.0
2021-06-29,7739.14,7482.34,7772.59,7461.03,16425529.0,3781616490.0,1464306555.0
2021-06-30,7543.02,7737.82,7880.81,7510.22,17633056.0,4166882772.0,1464240554.9999998
2021-07-01,7737.82,7739.79,7739.79,7559.41,11952296.0,2788051846.0,1464240554.9999998
2021-07-02,7641.4,7431.51,7641.4,7421.34,13584164.0,3095966081.0,1464240554.9999998
2021-07-05,7369.2,7313.45,7510.22,7266.88,12879413.0,2889101282.0,1464240554.9999998
2021-07-06,7280.65,7395.76,7411.51,7110.11,15545235.0,3438588456.0,1464240554.9999998
2021-07-07,7434.79,7465.95,7565.32,7349.85,10532156.0,2403680695.0,1464240554.9999998
2021-07-08,7493.82,7238.02,7500.38,7195.71,13091117.0,2920498837.0,1464240554.9999998
2021-07-09,7236.38,7100.6,7238.02,6951.71,11469328.0,2478389803.0,1464240554.9999998
2021-07-12,7117.0,7339.68,7345.91,6891.37,16135948.0,3533011640.0,1464240554.9999998
2021-07-13,7379.04,7358.05,7559.41,7319.35,11521877.0,2609689181.0,1464240554.9999998
2021-07-14,7329.84,7399.37,7464.31,7198.99,10569402.0,2375855079.0,1464240554.9999998
2021-07-15,7374.77,7481.03,7543.02,7267.86,12105227.0,2745328641.0,1464240554.9999998
2021-07-16,7477.43,7287.21,7542.69,7280.32,9728497.0,2185357729.0,1464240554.9999998
2021-07-19,7191.77,7493.17,7529.24,7126.51,12705570.0,2847462962.0,1464240554.9999998
2021-07-20,7575.81,7413.15,7644.36,7382.32,11806031.0,2685304288.0,1464240554.9999998
2021-07-21,7378.38,7304.26,7493.82,7280.65,12514553.0,2808791763.0,1464240554.9999998
2021-07-22,7265.89,7101.91,7369.86,7059.28,15672673.0,3423397229.0,1464240554.9999998
2021-07-23,7051.08,7100.27,7163.57,6954.66,13207324.0,2836461623.0,1464240554.9999998
2021-07-26,6996.31,6548.65,6998.28,6427.96,21413531.0,4359446898.0,1464240554.9999998
2021-07-27,6546.03,6231.19,6611.29,6165.6,21229594.0,4144275924.0,1464240554.9999998
2021-07-28,6100.0,6273.49,6388.61,5903.23,20309348.0,3806113725.0,1464240554.9999998
2021-07-29,6411.56,6078.69,6493.55,6018.02,19947422.0,3762130572.0,1464240554.9999998
2021-07-30,5936.03,5611.35,5936.03,5575.27,28613862.0,4981863763.0,1464240554.9999998
2021-08-02,5575.6,5932.42,6001.62,5465.74,33813636.0,5907235464.0,1464240554.9999998
2021-08-03,5870.76,6160.68,6198.39,5779.59,23372527.0,4305394941.0,1464240554.9999998
2021-08-04,6103.28,5927.17,6218.07,5906.51,18509642.0,3379870020.0,1464240554.9999998
2021-08-05,5803.53,5792.38,5995.06,5678.25,19423084.0,3446369917.0,1464240554.9999998
2021-08-06,5837.64,5855.35,5886.5,5680.22,14589395.0,2580363855.0,1464240554.9999998
2021-08-09,5823.86,5893.39,6000.96,5823.86,17650899.0,3180942793.0,1464240554.9999998
2021-08-10,5936.03,6385.0,6428.29,5890.11,31529091.0,5936893640.0,1464240554.9999998
2021-08-11,6231.19,6237.75,6476.83,6204.3,20197122.0,3878509770.0,1464240554.9999998
2021-08-12,6270.54,6117.39,6314.82,6077.38,14661109.0,2760808871.0,1464240554.9999998
2021-08-13,6132.8,6195.11,6309.9,6073.11,13436058.0,2531664647.0,1464240554.9999998
2021-08-16,6234.47,6181.34,6329.57,6139.36,13150792.0,2500488999.0,1464240554.9999998
2021-08-17,6165.6,5882.9,6218.07,5843.87,16185836.0,2962176361.0,1464240554.9999998
2021-08-18,5943.57,5888.47,5982.27,5729.41,14487803.0,2589833944.0,1464240554.9999998
2021-08-19,5980.63,5798.94,5997.68,5772.05,14501646.0,2588473263.0,1464240554.9999998
2021-08-20,5541.16,5354.69,5684.17,5335.11,25572964.0,4209818501.0,1464240554.9999998
2021-08-23,5381.23,5563.39,5640.7,5326.48,20568791.0,3424646180.0,1464240554.9999998
2021-08-24,5619.13,5776.74,5894.87,5572.68,16897793.0,2937771946.0,1464240554.9999998
2021-08-25,5839.79,5844.76,5972.51,5806.6,14456888.0,2559604777.0,1464240554.9999998
2021-08-26,5836.47,5641.7,5836.47,5620.46,10206352.0,1749028235.0,1464240554.9999998
2021-08-27,5665.26,5620.13,5811.58,5552.11,15087095.0,2575914054.0,1464240554.9999998
2021-08-30,5806.6,5877.94,5999.05,5614.16,23014073.0,4019309885.0,1464240554.9999998
2021-08-31,5839.79,5640.7,5954.26,5544.48,17435412.0,2976155018.0,1464240554.9999998
2021-09-01,5609.51,6044.84,6143.39,5478.12,29330914.0,5216352925.0,1464240554.9999998
2021-09-02,6044.84,5942.98,6105.23,5874.96,21329967.0,3832689679.0,1464240554.9999998
2021-09-03,5856.38,6115.18,6156.0,5723.32,23660590.0,4271739494.0,1464240554.9999998
2021-09-06,6009.34,6204.77,6470.22,5975.16,29222544.0,5530538132.0,1464240554.9999998
2021-09-07,6203.11,6203.44,6281.09,6138.41,15942444.0,2976099864.0,1464240554.9999998
2021-09-08,6201.45,6035.88,6201.45,5979.14,15003058.0,2744686697.0,1464240554.9999998
2021-09-09,6006.02,6019.29,6087.64,5922.74,10247966.0,1851247355.0,1464240554.9999998
2021-09-10,5982.79,6217.71,6238.95,5939.33,18238704.0,3372838314.0,1464240554.9999998
2021-09-13,6171.59,6136.09,6283.74,6072.05,10595785.0,1967024754.0,1464240554.9999998
2021-09-14,6136.75,6022.94,6198.47,6012.66,11085572.0,2036174638.0,1464240554.9999998
2021-09-15,5972.51,5735.93,5998.72,5673.88,18220562.0,3198477189.0,1464240554.9999998
2021-09-16,5672.89,5780.06,5862.35,5576.33,15293633.0,2642349649.0,1464240554.9999998
2021-09-17,5708.72,6038.54,6121.82,5670.56,16423524.0,2933551583.0,1464240554.9999998
2021-09-22,5879.6,5787.36,5997.06,5745.55,11005505.0,1931294450.0,1464240554.9999998
2021-09-23,5800.96,5876.95,5990.09,5740.58,9975986.0,1772753298.0,1464240554.9999998
2021-09-24,5843.44,6184.86,6285.73,5842.44,23048021.0,4273299278.0,1464240554.9999998
2021-09-27,6636.12,6803.35,6803.35,6636.12,14133314.0,2885827874.0,1464240554.9999998
2021-09-28,6802.02,7068.46,7263.23,6669.3,45991379.0,9737615873.0,1464240554.9999998
2021-09-29,7129.52,7017.7,7251.62,6868.38,28186736.0,5981219610.0,1464240554.9999998
2021-09-30,6934.75,7352.16,7498.82,6918.49,28411679.0,6256662874.0,1464240554.9999998
2021-10-08,7366.09,7476.58,7719.8,7285.8,22617622.0,5167261789.0,1464240554.9999998
2021-10-11,7498.82,7449.04,7664.72,7366.09,15531629.0,3504445000.0,1464240554.9999998
2021-10-12,7442.74,7470.61,7565.51,7263.9,11490605.0,2578356677.0,1464240554.9999998
2021-10-13,7465.63,7906.27,8162.43,7415.86,21931916.0,5143609813.0,1464240554.9999998
2021-10-14,7919.55,7926.51,8115.97,7654.43,14915230.0,3540118949.0,1464240554.9999998
2021-10-15,7764.26,7787.15,7941.11,7565.84,13510583.0,3158303642.0,1464240554.9999998
2021-10-18,7631.87,7462.98,7654.76,7143.78,24444266.0,5446849381.0,1464240554.9999998
2021-10-19,7366.09,7677.0,7741.03,7366.09,14676861.0,3368282748.0,1464240554.9999998
2021-10-20,7797.44,7702.21,7893.66,7618.27,10430217.0,2430024408.0,1464240554.9999998
2021-10-21,7697.9,7694.58,7762.6,7515.41,9048912.0,2085988178.0,1464240554.9999998
2021-10-22,7764.26,7694.91,7845.22,7582.1,10014047.0,2329154625.0,1464240554.9999998
2021-10-25,7653.44,7651.45,7740.37,7544.27,8516350.0,1957281086.0,1464240554.9999998
2021-10-26,7631.54,7727.76,7914.9,7548.59,9966985.0,2320919879.0,1464240554.9999998
2021-10-27,7697.9,7469.95,7697.9,7367.75,11160944.0,2518039158.0,1464240554.9999998
2021-10-28,7469.62,7541.62,7726.43,7450.7,8356695.0,1904842425.0,1464240554.9999998
2021-10-29,7691.26,7596.7,7959.36,7558.54,17029287.0,3967048135.0,1464240554.9999998
2021-11-01,7432.79,7671.35,7786.49,7176.96,14142845.0,3221780002.0,1464240554.9999998
2021-11-02,7559.54,7432.45,7656.75,7299.73,13742496.0,3084690001.0,1464240554.9999998
2021-11-03,7432.12,7399.61,7499.81,7301.39,7529719.0,1685176415.0,1464240554.9999998
2021-11-04,7465.97,7789.81,7863.8,7422.5,14249145.0,3308513324.0,1464240554.9999998
2021-11-05,7789.48,7621.58,7856.17,7615.28,10397633.0,2419406942.0,1464240554.9999998
2021-11-08,7614.62,7681.31,7790.8,7548.59,8366436.0,1940822828.0,1464240554.9999998
2021-11-09,7664.72,7531.0,7808.39,7517.73,8655226.0,1986235330.0,1464240554.9999998
2021-11-10,7600.02,7268.21,7600.02,7170.33,11748430.0,2593735092.0,1464240554.9999998
2021-11-11,7264.23,7259.91,7306.37,7067.47,8993040.0,1951204070.0,1464240554.9999998
2021-11-12,7292.1,6967.93,7391.64,6858.43,18999671.0,4013527753.0,1464240554.9999998
2021-11-15,7034.29,7016.37,7129.85,6928.11,9037375.0,1914795251.0,1464240554.9999998
2021-11-16,7100.65,7359.46,7432.45,7066.47,14156038.0,3118274993.0,1464240554.9999998
2021-11-17,7316.65,7387.0,7482.23,7274.18,7759073.0,1728554792.0,1464240554.9999998
2021-11-18,7356.14,7404.25,7483.88,7281.48,5239234.0,1166569404.0,1464240554.9999998
2021-11-19,7334.57,7649.12,7793.46,7334.57,12851030.0,2966579816.0,1464240554.9999998
2021-11-22,7648.79,7547.92,7917.22,7518.06,15424897.0,3564570597.0,1464240554.9999998
2021-11-23,7498.82,7500.47,7676.66,7440.09,8742354.0,1992945885.0,1464240554.9999998
2021-11-24,7565.18,7795.78,7963.34,7545.6,21943330.0,5173554038.0,1464240554.9999998
2021-11-25,7830.62,7795.45,8086.11,7770.9,15389988.0,3656938631.0,1464240554.9999998
2021-11-26,7795.78,7753.64,7830.62,7665.05,7622769.0,1776291695.0,1464240554.9999998
2021-11-29,7674.67,7814.03,7830.62,7614.95,9762013.0,2279079295.0,1464240554.9999998
2021-11-30,7790.8,7633.2,7850.53,7613.62,10256231.0,2382385704.0,1464240554.9999998
2021-12-01,7740.7,7701.55,7793.79,7598.36,6761525.0,1567198891.0,1464240554.9999998
2021-12-02,7701.55,7869.77,7900.63,7664.72,9530593.0,2241999928.0,1464240554.9999998
2021-12-03,7903.62,8371.47,8427.87,7903.62,23446929.0,5856889385.0,1464240554.9999998
2021-12-06,8444.46,8108.67,8457.73,8099.38,17014192.0,4224829850.0,1464240554.9999998
2021-12-07,8199.92,8178.02,8378.76,8129.25,14770630.0,3666434568.0,1464240554.9999998
2021-12-08,8130.24,8390.38,8580.17,8079.81,18248567.0,4609795289.0,1464240554.9999998
2021-12-09,8460.06,8404.65,8626.96,8361.51,19497098.0,4996530603.0,1464240554.9999998
2021-12-10,8321.36,8367.15,8475.32,8206.56,12707982.0,3193365563.0,1464240554.9999998
2021-12-13,8527.41,8442.14,8681.04,8437.83,15543017.0,4006423455.0,1464240554.9999998
2021-12-14,8400.0,8640.23,8709.91,8368.15,12625438.0,3277151935.0,1464240554.9999998
2021-12-15,8639.56,8667.44,8693.98,8487.6,8040745.0,2085645181.0,1464240554.9999998
2021-12-16,8662.79,8556.61,8662.79,8261.97,13181047.0,3366538010.0,1464240554.9999998
2021-12-17,8521.11,8245.71,8556.61,8215.52,12104503.0,3028576182.0,1464240554.9999998
2021-12-20,8194.61,8217.18,8444.46,8169.4,8253173.0,2060307776.0,1464240554.9999998
2021-12-21,8187.64,8228.79,8328.0,8059.57,7722227.0,1909425104.0,1464240554.9999998
2021-12-22,8252.01,8370.8,8446.12,8195.94,7621115.0,1923149696.0,1464240554.9999998
2021-12-23,8386.4,8726.5,8764.66,8345.25,13577381.0,3497651729.0,1464240554.9999998
2021-12-24,8726.17,8666.77,9036.07,8597.42,13701815.0,3637742915.0,1464240554.9999998
2021-12-27,8606.72,8666.44,8759.68,8531.06,7498507.0,1953107420.0,1464240554.9999998
2021-12-28,8651.51,8653.5,8855.24,8603.4,7759484.0,2034387951.0,1464240554.9999998
2021-12-29,8695.64,8062.89,8739.44,8027.38,17935972.0,4448622106.0,1464240554.9999998
2021-12-30,8140.2,8427.87,8512.81,8132.9,11570897.0,2912695830.0,1464240554.9999998
2021-12-31,8427.87,8423.56,8527.41,8238.74,9975719.0,2516428018.0,1464504555.0
2022-01-04,8394.69,8316.39,8421.24,8064.88,8944097.0,2219385580.0,1464504555.0
2022-01-05,8228.79,8224.48,8423.89,8103.37,7056065.0,1754157610.0,1464504555.0
2022-01-06,8210.87,8021.41,8270.6,7817.35,10785593.0,2597882164.0,1464504555.0
2022-01-07,7962.68,7853.18,8051.6,7708.85,8978967.0,2121261908.0,1464504555.0
2022-01-10,7731.08,7870.44,7918.55,7556.88,7801688.0,1828744478.0,1464504555.0
2022-01-11,7841.57,7664.72,7890.35,7632.2,5928627.0,1383213751.0,1464504555.0
2022-01-12,7731.08,7636.85,7757.96,7574.8,8963264.0,2065516128.0,1464504555.0
2022-01-13,7651.45,7432.45,7720.13,7418.52,12080667.0,2744953537.0,1464504555.0
2022-01-14,7432.45,7536.97,7655.43,7432.45,7966141.0,1818364673.0,1464504555.0
2022-01-17,7528.68,7620.92,7640.83,7374.72,6549307.0,1491417553.0,1464504555.0
2022-01-18,7630.54,7821.33,7896.98,7551.9,8727508.0,2053400218.0,1464504555.0
2022-01-19,7833.94,7627.89,7870.44,7520.71,8177996.0,1888235423.0,1464504555.0
2022-01-20,7616.61,7837.26,7903.29,7565.18,9610122.0,2267297525.0,1464504555.0
2022-01-21,7792.8,7858.82,8009.46,7747.67,6364017.0,1514268856.0,1464504555.0
2022-01-24,7764.26,7727.76,7930.16,7660.07,6604416.0,1542806545.0,1464504555.0
2022-01-25,7711.5,7531.66,7773.55,7531.66,6135018.0,1415285888.0,1464504555.0
2022-01-26,7531.66,7566.17,7651.45,7373.39,6639053.0,1505263971.0,1464504555.0
2022-01-27,7618.27,7449.04,7775.54,7435.11,8189463.0,1879742297.0,1464504555.0
2022-01-28,7473.6,7177.3,7530.34,7107.62,10476593.0,2306683986.0,1464504555.0
2022-02-07,7349.5,7115.58,7475.26,7034.29,9061610.0,1971650706.0,1464504555.0
2022-02-08,7100.98,6913.51,7140.46,6636.12,11504823.0,2374228148.0,1464504555.0
2022-02-09,6904.88,7106.62,7133.17,6808.0,10076333.0,2129352182.0,1464504555.0
2022-02-10,7067.47,7080.74,7140.46,6881.99,7536154.0,1592037308.0,1464504555.0
2022-02-11,7051.54,7172.98,7432.45,6944.04,11794451.0,2577664900.0,1464504555.0
2022-02-14,7100.65,7279.82,7345.52,7067.47,6986391.0,1529978457.0,1464504555.0
2022-02-15,7358.13,7432.79,7449.04,7270.53,7260463.0,1618131987.0,1464504555.0
2022-02-16,7481.89,7597.03,7663.72,7404.91,6552377.0,1492471074.0,1464504555.0
2022-02-17,7629.88,7549.91,7643.15,7501.8,4430757.0,1010760832.0,1464504555.0
2022-02-18,7554.56,7568.49,7624.9,7432.45,3637130.0,827010989.0,1464504555.0
2022-02-21,7571.81,7554.89,7687.94,7510.43,4172002.0,953068518.0,1464504555.0
2022-02-22,7532.0,7343.53,7551.57,7299.73,5446140.0,1207409500.0,1464504555.0
2022-02-23,7344.19,7381.02,7397.95,7270.53,3826630.0,846927233.0,1464504555.0
2022-02-24,7299.73,7025.99,7299.73,6873.69,12178663.0,2590931113.0,1464504555.0
2022-02-25,7100.65,7143.78,7200.19,7067.47,5950910.0,1281063982.0,1464504555.0
2022-02-28,7144.45,7186.92,7192.56,7069.79,4376998.0,942205875.0,1464504555.0
2022-03-01,7200.19,7325.94,7359.46,7200.19,6100024.0,1341709195.0,1464504555.0
2022-03-02,7256.6,7167.34,7313.0,7107.28,4716747.0,1023154019.0,1464504555.0
2022-03-03,7173.98,6837.86,7223.08,6827.24,9536769.0,1983852813.0,1464504555.0
2022-03-04,6698.17,6744.29,6894.26,6675.94,6079039.0,1237753156.0,1464504555.0
2022-03-07,6633.8,6332.52,6635.79,6277.77,12806647.0,2474574330.0,1464504555.0
2022-03-08,6569.76,6496.76,6735.66,6439.69,11699644.0,2322587022.0,1464504555.0
2022-03-09,6529.94,6647.07,6729.69,6372.33,12212479.0,2432417498.0,1464504555.0
2022-03-10,6933.09,7044.9,7085.05,6868.38,10896493.0,2294381449.0,1464504555.0
2022-03-11,6912.18,6821.93,6967.93,6669.3,9146913.0,1873997685.0,1464504555.0
2022-03-14,6735.66,6469.55,6735.66,6450.31,11194588.0,2203223926.0,1464504555.0
2022-03-15,6304.31,6204.11,6513.35,6174.91,11141287.0,2114182985.0,1464504555.0
2022-03-16,6333.51,6436.7,6478.18,6011.66,11940351.0,2261624453.0,1464504555.0
2022-03-17,6539.56,6765.52,6886.63,6536.58,14131344.0,2857111323.0,1464504555.0
2022-03-18,6690.87,6764.86,6851.79,6636.12,6885561.0,1401913754.0,1464504555.0
2022-03-21,6954.65,6815.29,6967.93,6649.72,5392388.0,1105451785.0,1464504555.0
2022-03-22,6871.04,6714.43,6881.66,6693.52,4296034.0,875574691.0,1464504555.0
2022-03-23,6767.18,6795.39,6929.44,6662.0,6836931.0,1403989552.0,1464504555.0
2022-03-24,6702.48,6632.8,6719.07,6559.8,5958453.0,1188444396.0,1464504555.0
2022-03-25,6665.32,6311.61,6665.32,6277.11,9116773.0,1757345697.0,1464504555.0
2022-03-28,6072.05,6035.55,6138.08,5839.79,14412835.0,2599746148.0,1464504555.0
2022-03-29,6006.02,5931.7,6088.64,5922.74,6582466.0,1186824097.0,1464504555.0
2022-03-30,6049.82,6238.62,6238.62,5985.78,8776075.0,1618545539.0,1464504555.0
2022-03-31,6171.26,6167.61,6226.01,6072.05,5512286.0,1020655432.0,1464504555.0
2022-04-01,6095.28,6327.54,6420.45,6066.08,6904755.0,1315484548.0,1464504555.0
2022-04-06,6264.5,6221.36,6345.13,6171.26,5438454.0,1020557679.0,1464504555.0
2022-04-07,6188.18,6230.32,6370.01,6178.23,3764167.0,710451590.0,1464504555.0
2022-04-08,6304.31,6260.18,6410.49,6237.95,5524879.0,1053211210.0,1464504555.0
2022-04-11,6204.77,5975.83,6237.62,5872.97,8995011.0,1624080190.0,1464504555.0
2022-04-12,6035.22,6403.86,6437.04,5943.31,9922519.0,1859224806.0,1464504555.0
2022-04-13,6335.84,6393.9,6592.98,6285.4,10771393.0,2099972692.0,1464504555.0
2022-04-14,6471.54,6952.33,7033.29,6470.22,15326222.0,3147206514.0,1464504555.0
2022-04-15,6884.97,6918.15,6975.89,6784.44,7523181.0,1560747117.0,1464504555.0
2022-04-18,6804.01,6838.52,6884.97,6632.8,6633250.0,1352710010.0,1464504555.0
2022-04-19,6802.69,6734.0,6986.18,6713.76,4956798.0,1014846904.0,1464504555.0
2022-04-20,6669.3,6732.68,6874.69,6573.74,7123813.0,1443518972.0,1464504555.0
2022-04-21,6635.79,6615.88,6832.55,6586.35,6138024.0,1234526892.0,1464504555.0
2022-04-22,6616.54,6682.57,6801.69,6487.14,6542157.0,1312480722.0,1464504555.0
2022-04-25,6470.55,6393.9,6754.24,6387.27,7797024.0,1538773399.0,1464504555.0
2022-04-26,6437.04,6664.66,6821.93,6437.04,10931682.0,2202759980.0,1464504555.0
2022-04-27,6680.25,6693.52,6845.16,6649.39,9566794.0,1935971211.0,1464504555.0
2022-04-28,6679.25,7100.65,7100.65,6636.12,12163514.0,2536129813.0,1464504555.0
2022-04-29,7266.55,6992.15,7350.83,6802.02,15975239.0,3368644828.0,1464504555.0
2022-05-05,6921.47,6967.59,7150.42,6901.9,9593662.0,2028141791.0,1464504555.0
2022-05-06,6778.8,6633.8,6808.0,6595.97,8899837.0,1796167992.0,1464504555.0
2022-05-09,6437.04,6439.69,6559.8,6271.13,8177869.0,1581245849.0,1464504555.0
2022-05-10,6304.31,6558.48,6631.14,6283.41,7064814.0,1382065554.0,1464504555.0
2022-05-11,6536.58,6685.89,6768.84,6520.32,7036959.0,1418899785.0,1464504555.0
2022-05-12,6702.48,6815.96,6884.97,6629.48,6312428.0,1291859023.0,1464504555.0
2022-05-13,6868.38,6787.09,6921.47,6731.68,3742588.0,767503523.0,1464504555.0
2022-05-16,6875.02,6700.82,6944.7,6669.3,5544917.0,1131789095.0,1464504555.0
2022-05-17,6752.25,6731.68,6787.09,6656.03,4704082.0,949609727.0,1464504555.0
2022-05-18,6682.24,6595.64,6731.68,6470.22,6465533.0,1276932474.0,1464504555.0
2022-05-19,6457.61,6509.04,6552.84,6453.63,4902314.0,958970059.0,1464504555.0
2022-05-20,6569.76,6935.41,6967.93,6536.58,12406364.0,2546193316.0,1464504555.0
2022-05-23,6901.56,6834.54,6962.62,6758.89,6405412.0,1319119298.0,1464504555.0
2022-05-24,6794.06,6694.19,6834.54,6669.3,5998490.0,1212758420.0,1464504555.0
2022-05-25,6669.3,6553.17,6719.07,6430.07,11886832.0,2335282702.0,1464504555.0
2022-05-26,6553.17,6530.27,6636.12,6403.86,8126620.0,1594623988.0,1464504555.0
2022-05-27,6602.94,6549.85,6735.66,6529.28,6770484.0,1352745870.0,1464504555.0
2022-05-30,6619.53,6835.2,6908.2,6616.54,12523459.0,2565073320.0,1464504555.0
2022-05-31,6870.71,7127.19,7185.92,6808.66,12652779.0,2699538951.0,1464504555.0
2022-06-01,7120.22,7115.25,7161.37,6967.93,6607138.0,1412858637.0,1464504555.0
2022-06-02,7084.06,6978.88,7127.19,6938.06,5536273.0,1169574225.0,1464504555.0
2022-06-06,6962.62,7127.19,7145.44,6802.35,8934675.0,1892740048.0,1464504555.0
2022-06-07,7100.98,7203.84,7283.81,7070.12,6865503.0,1492451244.0,1464504555.0
2022-06-08,7256.6,7340.21,7459.0,7169.0,9121593.0,2009840844.0,1464504555.0
2022-06-09,7340.21,7147.1,7402.59,7133.83,6892594.0,1498096246.0,1464504555.0
2022-06-10,7101.31,7269.87,7328.6,7084.72,5736569.0,1246210259.0,1464504555.0
2022-06-13,7200.19,7079.08,7216.78,6987.83,7266988.0,1552821167.0,1464504555.0
2022-06-14,6997.79,7090.69,7153.41,6976.22,6224169.0,1319903147.0,1464504555.0
2022-06-15,7091.03,7243.32,7362.11,7034.29,8780603.0,1912663554.0,1464504555.0
2022-06-16,7266.55,7238.35,7359.12,7183.27,4750097.0,1041612659.0,1464504555.0
2022-06-17,7167.01,7399.27,7441.41,7150.42,6778473.0,1502668985.0,1464504555.0
2022-06-20,7465.63,7535.98,7641.49,7337.23,8202866.0,1858148590.0,1464504555.0
2022-06-21,7498.82,7565.18,7726.1,7492.18,8111426.0,1863801118.0,1464504555.0
2022-06-22,7598.36,7467.63,7660.74,7432.45,5702278.0,1294378995.0,1464504555.0
2022-06-23,7532.0,7511.76,7564.51,7366.09,6595605.0,1482137574.0,1464504555.0
2022-06-24,7544.94,7631.54,7692.92,7498.82,7854485.0,1802875949.0,1464504555.0
2022-06-27,7660.74,7920.54,8029.7,7653.44,9789441.0,2332247293.0,1464504555.0
2022-06-28,7920.21,7863.8,7960.69,7824.65,6205014.0,1474830528.0,1464504555.0
2022-06-29,7862.81,7827.3,7962.02,7764.59,5779214.0,1369565467.0,1464504555.0
2022-06-30,7896.98,8180.34,8345.25,7863.8,11434521.0,2828288825.0,1464504555.0
2022-07-01,8228.46,8147.5,8290.5,7992.54,6533619.0,1593223910.0,1464504555.0
2022-07-04,8147.83,8047.95,8162.1,7940.12,6815355.0,1647513923.0,1464504555.0
2022-07-05,8096.07,8096.07,8177.03,7935.47,6864742.0,1663421010.0,1464504555.0
2022-07-06,8003.82,7808.72,8079.48,7747.34,9192650.0,2179497284.0,1464504555.0
2022-07-07,7764.26,7799.1,7893.0,7631.54,6418922.0,1500980608.0,1464504555.0
2022-07-08,7870.44,7995.53,8090.43,7842.23,7698660.0,1854758875.0,1464504555.0
2022-07-11,7863.8,7770.9,7896.98,7653.44,5313461.0,1241939327.0,1464504555.0
2022-07-12,7731.08,7781.85,7890.35,7651.45,4847996.0,1134004150.0,1464504555.0
2022-07-13,7793.46,7863.8,7946.09,7702.54,5013059.0,1188294949.0,1464504555.0
2022-07-14,7797.77,7773.55,7913.57,7738.38,5289828.0,1245669780.0,1464504555.0
2022-07-15,7773.55,7883.71,8175.37,7733.73,8166375.0,1963522094.0,1464504555.0
2022-07-18,7897.65,7781.85,7897.65,7505.78,8584718.0,1989287627.0,1464504555.0
2022-07-19,7706.19,7790.8,7823.99,7664.72,4848441.0,1131240249.0,1464504555.0
2022-07-20,7864.13,7820.67,7922.86,7801.09,4120470.0,975370993.0,1464504555.0
2022-07-21,7764.59,7760.61,7933.81,7737.72,3407506.0,804040423.0,1464504555.0
2022-07-22,7797.44,7714.49,7842.57,7678.65,3469081.0,808395674.0,1464504555.0
2022-07-25,7715.48,7757.62,7796.78,7582.1,3006880.0,699371073.0,1464504555.0
2022-07-26,7828.96,7876.41,8029.7,7797.44,5201977.0,1242781654.0,1464504555.0
2022-07-27,7830.95,7681.31,7840.24,7651.45,5132388.0,1192969933.0,1464504555.0
2022-07-28,7698.56,7599.68,7749.66,7591.72,3673200.0,847228435.0,1464504555.0
2022-07-29,7541.29,7372.73,7565.18,7246.64,8609777.0,1914333864.0,1464504555.0
2022-08-01,7312.34,7432.45,7545.27,7312.34,7227824.0,1625286645.0,1464504555.0
2022-08-02,7339.22,7273.85,7458.33,7263.23,7774085.0,1714758375.0,1464504555.0
2022-08-03,7332.91,7319.64,7459.99,7292.1,5110680.0,1133401947.0,1464504555.0
2022-08-04,7366.42,7492.18,7498.48,7292.43,5505400.0,1232429169.0,1464504555.0
2022-08-05,7484.55,7481.56,7584.09,7372.73,4185962.0,939629874.0,1464504555.0
2022-08-08,7382.68,7364.43,7475.59,7304.71,5403294.0,1201508434.0,1464504555.0
2022-08-09,7303.05,7306.04,7352.49,7253.28,4484871.0,986186160.0,1464504555.0
2022-08-10,7299.73,7144.45,7339.55,7056.19,8389679.0,1805397114.0,1464504555.0
2022-08-11,7187.25,7327.6,7329.59,7173.65,6245917.0,1371059326.0,1464504555.0
2022-08-12,7333.24,7455.02,7465.3,7266.88,4848619.0,1080015932.0,1464504555.0
2022-08-15,7366.09,7299.73,7422.5,7236.69,6650481.0,1463178568.0,1464504555.0
2022-08-16,7283.81,7246.31,7344.53,7204.5,4299348.0,939329659.0,1464504555.0
2022-08-17,7240.01,7365.43,7431.13,7186.25,5174887.0,1140953510.0,1464504555.0
2022-08-18,7283.14,7160.37,7326.28,7116.91,9014653.0,1948514987.0,1464504555.0
2022-08-19,7100.65,7176.96,7296.41,7080.08,5658320.0,1227481843.0,1464504555.0
2022-08-22,7128.85,7266.22,7292.76,7102.31,4255592.0,928717019.0,1464504555.0
2022-08-23,7233.37,7133.83,7295.75,7060.83,5969429.0,1283553105.0,1464504555.0
2022-08-24,7117.24,7107.28,7191.89,7074.1,4623355.0,994036059.0,1464504555.0
2022-08-25,7133.83,7296.41,7314.66,7104.63,8239918.0,1804006865.0,1464504555.0
2022-08-26,7409.03,7519.16,7678.45,7409.03,10823725.0,2432752406.0,1464504555.0
2022-08-29,7782.51,7567.31,7980.87,7520.5,16422041.0,3771790834.0,1464504555.0
2022-08-30,7654.88,7616.15,7710.44,7488.17,8148188.0,1836098804.0,1464504555.0
2022-08-31,7580.79,7887.25,7927.66,7577.75,12256701.0,2859345354.0,1464504555.0
2022-09-01,7824.61,7768.71,7926.99,7712.13,7376501.0,1708701423.0,1464504555.0
2022-09-02,7762.64,7594.26,7796.32,7511.07,7476734.0,1684150644.0,1464504555.0
2022-09-05,7493.22,7469.65,7509.73,7308.0,7996733.0,1759172241.0,1464504555.0
2022-09-06,7476.72,7446.08,7560.24,7347.06,7649824.0,1682744881.0,1464504555.0
2022-09-07,7409.03,7385.79,7442.71,7279.04,6330297.0,1386729288.0,1464504555.0
2022-09-08,7441.02,7435.3,7577.42,7432.27,4385848.0,975262822.0,1464504555.0
2022-09-09,7442.71,7567.31,7618.5,7378.05,6319102.0,1419268167.0,1464504555.0
2022-09-13,7599.65,7559.91,7657.23,7503.33,6860738.0,1545612686.0,1464504555.0
2022-09-14,7409.03,7452.81,7553.17,7378.72,3796369.0,841912593.0,1464504555.0
2022-09-15,7493.22,7563.61,7659.59,7449.44,7017713.0,1579814516.0,1464504555.0
2022-09-16,7513.43,7341.68,7578.77,7308.0,6040226.0,1326449415.0,1464504555.0
2022-09-19,7343.36,7435.3,7577.42,7310.69,5986268.0,1323655396.0,1464504555.0
2022-09-20,7476.39,7600.99,7644.77,7364.58,6178677.0,1384243387.0,1464504555.0
2022-09-21,7560.58,7486.49,7630.63,7427.55,5196594.0,1157515330.0,1464504555.0
2022-09-22,7425.87,7379.39,7479.75,7346.73,4686661.0,1029381029.0,1464504555.0
2022-09-23,7360.87,7438.33,7515.11,7343.36,4584707.0,1011457027.0,1464504555.0
2022-09-26,7360.2,7648.81,7762.64,7358.51,8530322.0,1934764915.0,1464504555.0
2022-09-27,7683.17,7821.58,7863.68,7551.49,8605361.0,1980144846.0,1464504555.0
2022-09-28,7789.59,7788.24,7974.14,7778.14,7910136.0,1848249966.0,1464504555.0
2022-09-29,7880.51,7779.48,7902.41,7722.57,4568522.0,1057517590.0,1464504555.0
2022-09-30,7857.28,7768.03,7924.3,7740.08,5293590.0,1229039465.0,1464504555.0
2022-10-10,7713.81,7082.7,7745.81,7071.58,14153833.0,3085206414.0,1464504555.0
2022-10-11,7077.98,7286.11,7330.23,6977.96,7967818.0,1704316837.0,1464504555.0
2022-10-12,7258.49,7176.66,7258.49,6984.02,6915158.0,1457878421.0,1464504555.0
2022-10-13,7149.38,7069.23,7223.81,7023.76,6005697.0,1267488735.0,1464504555.0
2022-10-14,7125.13,7147.02,7206.97,7026.46,7881137.0,1670868798.0,1464504555.0
2022-10-17,7142.98,7000.52,7169.92,6913.97,8928716.0,1853813731.0,1464504555.0
2022-10-18,7008.27,7001.53,7140.29,6954.39,5627007.0,1173561576.0,1464504555.0
2022-10-19,6937.21,6621.65,6964.49,6550.26,15914429.0,3153167292.0,1464504555.0
2022-10-20,6503.11,6635.12,6711.23,6399.38,9282699.0,1819487857.0,1464504555.0
2022-10-21,6570.46,6465.05,6630.75,6405.78,8503696.0,1638070495.0,1464504555.0
2022-10-24,6316.2,5994.58,6327.31,5949.45,19402927.0,3494812214.0,1464504555.0
2022-10-25,5860.21,5926.55,6056.21,5845.39,16058430.0,2833821990.0,1464504555.0
2022-10-26,5961.58,5858.19,6003.0,5826.19,13275624.0,2328419647.0,1464504555.0
2022-10-27,5881.09,5364.81,5925.88,5321.03,29744138.0,4888396070.0,1464504555.0
2022-10-28,5365.49,5399.84,5539.26,5321.03,20415335.0,3291542149.0,1464504555.0
2022-10-31,5338.21,5265.46,5417.01,5226.06,12732302.0,2002278772.0,1464504555.0
2022-11-01,5279.61,5725.16,5755.47,5273.88,24578413.0,4059430598.0,1464504555.0
2022-11-02,5714.05,5891.19,6045.1,5657.81,21822499.0,3805151749.0,1464504555.0
2022-11-03,5760.52,5816.09,5854.14,5726.84,8844119.0,1520665757.0,1464504555.0
2022-11-04,5802.62,6188.56,6314.18,5792.52,17743900.0,3245553350.0,1464504555.0
2022-11-07,6129.29,6158.93,6213.48,6047.45,11519734.0,2096080111.0,1464504555.0
2022-11-08,6139.39,6027.92,6217.86,5947.43,12711606.0,2277452318.0,1464504555.0
2022-11-09,6027.25,5910.39,6139.39,5881.76,8399367.0,1482165497.0,1464504555.0
2022-11-10,5862.9,5971.68,5990.54,5844.04,8039611.0,1416015062.0,1464504555.0
2022-11-11,6241.77,6273.77,6301.04,6055.2,18773459.0,3455169027.0,1464504555.0
2022-11-14,6297.68,6168.36,6432.39,6137.04,13472827.0,2509130617.0,1464504555.0
2022-11-15,6137.71,6264.0,6415.55,6078.77,12081205.0,2247367543.0,1464504555.0
2022-11-16,6196.64,6269.72,6418.58,6172.4,7906554.0,1480263797.0,1464504555.0
2022-11-17,6230.32,6160.61,6313.84,6076.42,10396297.0,1900053450.0,1464504555.0
2022-11-18,6179.81,6238.07,6327.31,6130.97,8880433.0,1644173476.0,1464504555.0
2022-11-21,6153.2,5984.48,6157.92,5917.8,10855660.0,1926926844.0,1464504555.0
2022-11-22,5954.17,5991.21,6110.77,5945.07,7165483.0,1276502995.0,1464504555.0
2022-11-23,5945.75,5960.9,6022.2,5863.24,5278560.0,932814165.0,1464504555.0
2022-11-24,5994.58,5848.08,6034.66,5792.52,9027775.0,1570638772.0,1464504555.0
2022-11-25,5848.08,5838.65,5876.71,5752.1,5703511.0,985026623.0,1464504555.0
2022-11-28,5666.56,5838.32,5843.03,5575.97,10889320.0,1842210824.0,1464504555.0
2022-11-29,5994.58,6261.98,6268.04,5908.7,21142673.0,3848338173.0,1464504555.0
2022-11-30,6190.92,6264.34,6351.22,6164.65,9208731.0,1711602834.0,1464504555.0
2022-12-01,6577.54,6580.23,6889.39,6533.75,20541553.0,4071156354.0,1464504555.0
2022-12-02,6535.78,6491.66,6665.77,6472.8,8575406.0,1667831145.0,1464504555.0
2022-12-05,6641.19,6621.99,6759.73,6539.48,11163997.0,2204463452.0,1464504555.0
2022-12-06,6567.43,6853.69,7116.37,6560.36,17026007.0,3496877975.0,1464504555.0
2022-12-07,6832.47,6894.44,7052.05,6724.71,11295772.0,2306556008.0,1464504555.0
2022-12-08,6863.46,6883.66,6943.61,6757.37,6466400.0,1317845556.0,1464504555.0
2022-12-09,6883.66,7169.25,7190.13,6816.31,13666013.0,2857257840.0,1464504555.0
2022-12-12,7159.48,7022.41,7296.89,7018.04,9971887.0,2105720947.0,1464504555.0
2022-12-13,7026.46,7135.23,7228.52,6942.94,8829530.0,1866110784.0,1464504555.0
2022-12-14,7124.46,7432.61,7524.21,7046.66,13744792.0,3013073571.0,1464504555.0
2022-12-15,7539.7,7387.14,7624.57,7345.72,11510335.0,2547041644.0,1464504555.0
2022-12-16,7358.51,7509.73,7541.72,7342.01,8130338.0,1803400301.0,1464504555.0
2022-12-19,7480.43,7411.73,7627.93,7409.03,7629741.0,1692006909.0,1464504555.0
2022-12-20,7397.58,7038.58,7405.33,6971.22,16799972.0,3553372366.0,1464504555.0
2022-12-21,7142.98,7152.41,7236.94,7099.54,8033937.0,1707951211.0,1464504555.0
2022-12-22,7240.64,7318.44,7475.71,7190.13,9390996.0,2049858824.0,1464504555.0
2022-12-23,7274.32,7448.77,7594.26,7241.32,10267271.0,2276356262.0,1464504555.0
2022-12-26,7452.14,7324.84,7510.06,7308.0,7602209.0,1663398174.0,1464504555.0
2022-12-27,7405.66,7492.89,7577.42,7328.54,7251370.0,1614709239.0,1464504555.0
2022-12-28,7459.88,7553.84,7585.84,7395.56,8901144.0,1986366331.0,1464504555.0
2022-12-29,7478.41,7381.08,7486.49,7314.06,8077456.0,1771625586.0,1464504555.0
2022-12-30,7409.03,7553.17,7611.1,7409.03,9934351.0,2222210148.0,1464504555.0
2023-01-03,7543.74,7404.32,7586.85,7334.6,9238152.0,2030869788.0,1464504555.0
2023-01-04,7409.03,7442.71,7550.14,7348.41,6892060.0,1525301301.0,1464504555.0
2023-01-05,7535.99,7900.38,7977.84,7518.48,13553908.0,3156912260.0,1464504555.0
2023-01-06,7900.38,7899.71,7954.94,7767.02,10003539.0,2333063640.0,1464504555.0
2023-01-09,7899.71,8030.72,8146.57,7826.63,10608196.0,2523163703.0,1464504555.0
2023-01-10,8030.38,8048.9,8148.92,7961.68,6772071.0,1620936729.0,1464504555.0
2023-01-11,8015.22,7981.55,8068.1,7933.73,7299567.0,1733483566.0,1464504555.0
2023-01-12,8026.67,7970.1,8142.52,7934.4,5897121.0,1400864763.0,1464504555.0
2023-01-13,7970.43,8227.39,8250.97,7957.97,12072178.0,2927826942.0,1464504555.0
2023-01-16,8309.23,8486.71,8688.44,8284.64,12592279.0,3183135635.0,1464504555.0
2023-01-17,8487.04,8386.01,8591.78,8301.15,9806406.0,2448756430.0,1464504555.0
2023-01-18,8419.35,8301.48,8540.59,8259.39,7766295.0,1930105776.0,1464504555.0
2023-01-19,8304.85,8331.12,8429.46,8166.77,7325245.0,1806513613.0,1464504555.0
2023-01-20,8373.89,8345.26,8533.86,8306.53,8019829.0,2003590392.0,1464504555.0
2023-01-30,8537.56,8393.42,8573.6,8082.58,9945203.0,2459782212.0,1464504555.0
2023-01-31,8385.68,7981.55,8385.68,7916.89,11300743.0,2710907685.0,1464504555.0
2023-02-01,7964.71,8031.39,8079.88,7874.45,10290565.0,2436424033.0,1464504555.0
2023-02-02,8083.59,8049.58,8149.6,7919.92,7121257.0,1699521194.0,1464504555.0
2023-02-03,7947.87,7924.3,7968.08,7695.29,10920147.0,2541131073.0,1464504555.0
2023-02-06,7745.81,7881.53,7909.81,7551.82,11208688.0,2588482868.0,1464504555.0
2023-02-07,7948.21,7843.47,8025.33,7806.76,6683255.0,1559169992.0,1464504555.0
2023-02-08,7876.14,7818.89,7903.42,7749.85,4824898.0,1120885002.0,1464504555.0
2023-02-09,7795.98,8135.45,8166.77,7755.91,11714427.0,2811496460.0,1464504555.0
2023-02-10,8140.17,8318.32,8353.01,8089.65,8919606.0,2190384394.0,1464504555.0
2023-02-13,8486.71,8776.33,8957.52,8389.72,15441549.0,4007305305.0,1464504555.0
2023-02-14,8742.66,8487.72,8789.8,8466.5,11272200.0,2874762379.0,1464504555.0
2023-02-15,8520.39,8439.56,8683.72,8399.15,8850987.0,2238116154.0,1464504555.0
2023-02-16,8453.03,8419.35,8581.0,8325.39,10505653.0,2641993488.0,1464504555.0
2023-02-17,8385.68,8466.5,8674.63,8385.34,14522887.0,3693803516.0,1464519180.0
2023-02-20,8478.96,8680.02,8697.19,8381.63,10052139.0,2559387029.0,1464519180.0
2023-02-21,8671.93,8568.54,8722.45,8463.13,6822068.0,1728700105.0,1464519180.0
2023-02-22,8517.69,8499.51,8638.26,8486.71,5193205.0,1316412378.0,1464519180.0
2023-02-23,8464.48,8469.2,8593.8,8402.18,6020176.0,1516235275.0,1464519180.0
2023-02-24,8389.04,8372.2,8449.33,8195.06,8506948.0,2099915030.0,1464519180.0
2023-02-27,8305.52,8459.77,8587.74,8284.64,7131391.0,1795850100.0,1464519180.0
2023-02-28,8493.44,8419.35,8547.33,8341.9,4568297.0,1140249859.0,1464519180.0
2023-03-01,8442.93,8597.17,8617.71,8329.43,7141967.0,1807044153.0,1464519180.0
2023-03-02,8596.83,8586.39,8637.92,8533.86,3895274.0,991738228.0,1464519180.0
2023-03-03,8643.64,8570.9,8739.96,8522.07,4813749.0,1231260903.0,1464519180.0
2023-03-06,8521.06,8499.17,8688.77,8420.36,6508410.0,1643576962.0,1464519180.0
2023-03-07,8486.71,8331.79,8492.77,8308.22,5866549.0,1462033403.0,1464519180.0
2023-03-08,8284.64,8210.55,8369.51,8150.27,4749946.0,1161086962.0,1464519180.0
2023-03-09,8208.53,8182.94,8257.7,8048.9,4756441.0,1153802942.0,1464519180.0
2023-03-10,8121.64,8014.55,8234.13,7984.91,4577525.0,1097570367.0,1464519180.0
2023-03-13,8023.64,8241.87,8367.15,8015.22,5592884.0,1367779410.0,1464519180.0
2023-03-14,8239.18,8099.42,8239.85,7958.98,4661381.0,1121860026.0,1464519180.0
2023-03-15,8271.17,7977.51,8273.19,7970.77,4445057.0,1064635611.0,1464519180.0
2023-03-16,7947.87,7980.87,8183.61,7844.82,5452615.0,1298977406.0,1464519180.0
2023-03-17,8200.45,7938.44,8218.64,7863.34,6587781.0,1565759172.0,1464519180.0
2023-03-20,7914.19,7779.48,7914.19,7658.24,6603761.0,1523405792.0,1464519180.0
2023-03-21,7813.16,8101.1,8156.67,7776.11,9535382.0,2265934258.0,1464519180.0
2023-03-22,8084.26,8146.23,8314.95,8084.26,6578756.0,1604520656.0,1464519180.0
2023-03-23,8145.89,8218.64,8402.51,8101.1,6741219.0,1654821121.0,1464519180.0
2023-03-24,8183.61,8272.86,8402.18,8149.93,5420078.0,1333681214.0,1464519180.0
2023-03-27,8299.8,8156.33,8299.8,7968.41,5661713.0,1369239672.0,1464519180.0
2023-03-28,8149.93,8376.58,8437.88,8149.93,6380894.0,1581812226.0,1464519180.0
2023-03-29,8486.71,8539.92,8592.79,8412.62,6944860.0,1758892346.0,1464519180.0
2023-03-30,8539.92,8639.6,8755.12,8463.13,6569127.0,1679910931.0,1464519180.0
2023-03-31,8639.6,8580.67,8783.07,8537.22,5445078.0,1397409705.0,1464519180.0
2023-04-03,8594.48,8563.83,8716.72,8540.26,5583392.0,1428301319.0,1464519180.0
2023-04-04,8538.91,8730.2,8744.68,8473.57,6833299.0,1751925321.0,1464519180.0
2023-04-06,8688.77,8420.7,8722.45,8355.37,6392120.0,1611933679.0,1464519180.0
2023-04-07,8352.0,8385.68,8544.63,8277.91,5103385.0,1275060486.0,1464519180.0
2023-04-10,8285.32,8335.16,8362.78,7722.57,12535893.0,3001171751.0,1464519180.0
2023-04-11,8250.97,8048.57,8267.47,8008.49,9188248.0,2202877434.0,1464519180.0
2023-04-12,8048.9,7853.24,8061.03,7821.92,8177404.0,1916586688.0,1464519180.0
2023-04-13,7840.1,7890.62,7940.12,7748.5,6488606.0,1513113607.0,1464519180.0
2023-04-14,7889.94,7730.65,7940.12,7708.09,6264920.0,1448325219.0,1464519180.0
2023-04-17,7780.16,7860.98,8065.4,7779.48,8689856.0,2038268593.0,1464519180.0
2023-04-18,7856.6,7883.21,8001.08,7823.26,7195574.0,1689396114.0,1464519180.0
2023-04-19,7877.15,7816.19,7897.35,7734.35,4393229.0,1017954885.0,1464519180.0
2023-04-20,7818.55,7728.97,7863.34,7617.83,4693860.0,1078579017.0,1464519180.0
2023-04-21,7728.97,7716.17,7835.05,7682.49,3953400.0,911175196.0,1464519180.0
2023-04-24,7678.45,7467.97,7695.29,7409.37,8091053.0,1803951235.0,1464519180.0
2023-04-25,7467.97,7594.93,7607.05,7373.33,7862192.0,1753666181.0,1464519180.0
2023-04-26,7554.18,7597.96,7669.02,7459.55,5696182.0,1279909713.0,1464519180.0
2023-04-27,7577.42,7595.6,7708.09,7446.08,6706405.0,1508154045.0,1464519180.0
2023-04-28,7637.7,7619.18,7711.79,7545.42,7625590.0,1728325423.0,1464519180.0
2023-05-04,7832.36,7448.77,7880.51,7384.11,9033291.0,2032709259.0,1464519180.0
2023-05-05,7429.91,7536.67,7560.58,7359.53,6651739.0,1477643559.0,1464519180.0
2023-05-08,7528.59,7486.49,7640.73,7448.77,4683978.0,1043377302.0,1464519180.0
2023-05-09,7428.56,7451.13,7584.15,7250.75,6180177.0,1365145672.0,1464519180.0
2023-05-10,7439.0,7333.59,7439.0,7268.6,4744833.0,1032698792.0,1464519180.0
2023-05-11,7358.51,7273.98,7400.95,7257.48,3716403.0,807294144.0,1464519180.0
2023-05-12,7270.95,7200.9,7345.04,7189.45,4874049.0,1047753190.0,1464519180.0
2023-05-15,7176.66,7270.28,7290.49,7146.35,4468608.0,958510327.0,1464519180.0
2023-05-16,7308.0,7173.29,7308.0,7135.57,4887294.0,1041005581.0,1464519180.0
2023-05-17,7173.29,7072.26,7205.28,7038.58,4974390.0,1048624716.0,1464519180.0
2023-05-18,7044.98,6983.69,7102.57,6954.39,5516631.0,1148456818.0,1464519180.0
2023-05-19,6965.16,7178.34,7215.05,6879.96,7190120.0,1513798333.0,1464519180.0
2023-05-22,7159.82,7543.74,7678.45,7145.34,12186341.0,2709666223.0,1464519180.0
2023-05-23,7476.39,7432.61,7621.2,7392.19,5546543.0,1230920605.0,1464519180.0
2023-05-24,7413.41,7332.25,7509.73,7331.57,4707597.0,1035666177.0,1464519180.0
2023-05-25,7267.59,7294.53,7371.31,7185.08,4919075.0,1062789231.0,1464519180.0
2023-05-26,7324.84,7211.34,7442.71,7149.71,5402206.0,1162884918.0,1464519180.0
2023-05-29,7210.67,7205.62,7280.72,7151.74,5530168.0,1184015235.0,1464519180.0
2023-05-30,7206.97,7064.17,7270.28,7004.9,6234920.0,1313240329.0,1464519180.0
2023-05-31,6983.35,6871.2,7038.24,6800.14,9628029.0,1964195353.0,1464519180.0
2023-06-01,6903.2,6989.07,7213.37,6885.35,8547942.0,1783304205.0,1464519180.0
2023-06-02,7023.76,7147.02,7186.09,6922.39,6080678.0,1281837041.0,1464519180.0
2023-06-05,7105.93,6963.14,7138.26,6903.87,6901918.0,1429169413.0,1464519180.0
2023-06-06,6983.01,7038.24,7202.59,6898.82,7787865.0,1636679659.0,1464519180.0
2023-06-07,7072.26,6913.3,7138.94,6904.21,5446652.0,1129517879.0,1464519180.0
2023-06-08,6903.53,6947.65,7000.86,6822.71,5363111.0,1101042684.0,1464519180.0
2023-06-09,6980.32,6935.53,7058.11,6903.2,6444914.0,1332448864.0,1464519180.0
2023-06-12,6912.29,7314.73,7409.03,6907.91,10927202.0,2338615836.0,1464519180.0
2023-06-13,7291.16,7439.34,7525.55,7274.32,6972364.0,1535348388.0,1464519180.0
2023-06-14,7476.39,7685.19,7785.88,7476.39,10802384.0,2465965284.0,1464519180.0
2023-06-15,7695.29,7762.64,7845.83,7644.77,8681782.0,1997583817.0,1464519180.0
2023-06-16,7813.16,7833.37,7947.87,7744.79,6320829.0,1469191164.0,1464519180.0
2023-06-19,7813.16,7613.12,7897.35,7502.65,9877368.0,2237649596.0,1464519180.0
2023-06-20,7610.09,7455.84,7636.35,7394.55,6988746.0,1553856826.0,1464519180.0
2023-06-21,7436.65,7405.66,7555.86,7397.58,5598168.0,1240592286.0,1464519180.0
2023-06-26,7318.78,7155.1,7318.78,7073.27,7254056.0,1540994490.0,1464519180.0
2023-06-27,7155.1,7349.09,7368.62,7041.95,7528472.0,1618289784.0,1464519180.0
2023-06-28,7292.17,7336.96,7449.44,7224.82,5829190.0,1269910922.0,1464519180.0
2023-06-29,7341.68,7148.7,7403.98,7124.46,5481918.0,1174707796.0,1464519180.0
2023-06-30,7116.37,7057.78,7172.62,7008.61,7141578.0,1502107540.0,1464519180.0
2023-07-03,7038.58,7341.68,7383.44,6941.93,8836252.0,1903074474.0,1464519180.0
2023-07-04,7341.68,7437.66,7459.55,7263.54,5978460.0,1309876856.0,1464519180.0
2023-07-05,7409.03,7231.21,7437.66,7178.68,5401112.0,1161297045.0,1464519180.0
2023-07-06,7206.63,7162.51,7331.24,7145.34,3535368.0,756527249.0,1464519180.0
2023-07-07,7140.29,7117.72,7196.19,7077.31,3618420.0,766973161.0,1464519180.0
2023-07-10,7218.75,7173.29,7293.85,7142.98,3977822.0,852086963.0,1464519180.0
2023-07-11,7215.05,7154.09,7223.47,7082.36,3355463.0,711732025.0,1464519180.0
2023-07-12,7154.09,7201.91,7261.19,7133.21,3829705.0,821018520.0,1464519180.0
2023-07-13,7273.98,7653.19,7674.07,7267.59,10443162.0,2338475731.0,1464519180.0
2023-07-14,7690.57,7711.79,7745.47,7588.19,5025760.0,1142234848.0,1464519180.0
2023-07-17,7649.15,7509.73,7651.85,7416.44,4873006.0,1085353276.0,1464519180.0
2023-07-18,7543.4,7486.49,7543.74,7438.67,2988277.0,664492621.0,1464519180.0
2023-07-19,7442.71,7447.76,7509.05,7365.25,4043415.0,891879587.0,1464519180.0
2023-07-20,7502.65,7484.47,7656.9,7465.95,5904047.0,1325949956.0,1464519180.0
2023-07-21,7486.83,7643.09,7755.91,7425.53,7107610.0,1611673986.0,1464519180.0
2023-07-24,7611.77,7512.42,7661.27,7443.72,5227138.0,1168852338.0,1464519180.0
2023-07-25,7887.92,8040.82,8106.83,7887.92,13488695.0,3215186972.0,1464519180.0
2023-07-26,8018.93,8005.12,8142.19,7914.19,7372092.0,1752337391.0,1464519180.0
2023-07-27,8006.13,8074.83,8227.39,7944.5,7609299.0,1832446992.0,1464519180.0
2023-07-28,8032.4,8249.96,8291.72,8015.22,9510828.0,2313427340.0,1464519180.0
2023-07-31,8318.32,8119.96,8581.0,8115.92,10613901.0,2610152205.0,1464519180.0
2023-08-01,8096.39,8001.42,8199.44,7974.81,7081244.0,1692895189.0,1464519180.0
2023-08-02,7961.34,7995.69,8099.42,7936.76,4147739.0,984230268.0,1464519180.0
2023-08-03,7993.33,8011.18,8066.41,7897.35,4575146.0,1084149966.0,1464519180.0
2023-08-04,8149.93,8079.21,8198.43,8042.17,5382400.0,1298302063.0,1464519180.0
2023-08-07,7998.39,7921.26,8031.39,7876.81,5693102.0,1340377518.0,1464519180.0
2023-08-08,7913.86,7944.5,8012.19,7848.18,3884026.0,915342777.0,1464519180.0
2023-08-09,7914.53,7991.65,8007.48,7897.35,4036682.0,953723001.0,1464519180.0
2023-08-10,7964.71,7981.55,8029.37,7898.36,4115066.0,974117236.0,1464519180.0
2023-08-11,8045.53,7836.06,8059.34,7836.06,4147354.0,973863951.0,1464519180.0
2023-08-14,7745.81,7742.44,7756.25,7597.62,4943138.0,1128152541.0,1464519180.0
2023-08-15,7816.19,7723.24,7816.19,7650.16,3135484.0,717508538.0,1464519180.0
2023-08-16,7678.79,7735.03,7799.35,7655.55,2932687.0,674118040.0,1464519180.0
2023-08-17,7687.88,7916.55,7918.23,7648.81,4336506.0,1008108875.0,1464519180.0
2023-08-18,7914.19,7735.7,7923.96,7731.66,4139405.0,959168072.0,1464519180.0
2023-08-21,7679.12,7708.76,7836.06,7613.79,3765777.0,865096216.0,1464519180.0
2023-08-22,7753.89,7706.4,7775.1,7604.36,4746465.0,1083230811.0,1464519180.0
2023-08-23,7706.4,7559.91,7725.94,7559.91,4059179.0,921093823.0,1464519180.0
2023-08-24,7606.72,7856.94,7917.56,7547.45,7067245.0,1631358664.0,1464519180.0
2023-08-25,7856.94,7799.69,7874.79,7732.33,4925393.0,1139143465.0,1464519180.0
2023-08-28,8249.92,7831.08,8283.19,7759.04,9000703.0,2075561311.0,1464519180.0
2023-08-29,7855.43,8021.8,8077.72,7837.94,6640487.0,1547753789.0,1464519180.0
2023-08-30,8079.09,8001.56,8088.69,7993.33,5196311.0,1217004961.0,1464519180.0
2023-08-31,8034.84,7968.63,8061.25,7959.03,3831586.0,893542260.0,1464519180.0
2023-09-01,8111.68,8157.3,8273.93,8095.55,6076764.0,1449373598.0,1464519180.0
2023-09-04,8251.29,8273.24,8404.28,8206.35,7420132.0,1798867077.0,1464519180.0
2023-09-05,8228.99,8166.9,8317.5,8150.44,4766435.0,1141658439.0,1464519180.0
2023-09-06,8147.35,8167.25,8197.78,8112.71,2682478.0,637295933.0,1464519180.0
2023-09-07,8161.07,8012.2,8167.25,7975.49,4760734.0,1116080606.0,1464519180.0
2023-09-08,7992.3,8002.94,8057.13,7941.19,2747014.0,640619745.0,1464519180.0
2023-09-11,7981.32,8074.63,8147.01,7958.34,4269187.0,1003697121.0,1464519180.0
2023-09-12,8061.94,7995.73,8083.89,7958.68,3279212.0,766080822.0,1464519180.0
2023-09-13,8060.56,7966.23,8102.41,7924.38,3640881.0,848373503.0,1464519180.0
2023-09-14,7968.29,7966.57,8016.31,7927.47,2786985.0,647388597.0,1464519180.0
2023-09-15,7992.3,7773.1,8031.06,7742.57,6947380.0,1587897202.0,1464519180.0
2023-09-18,7718.22,7798.15,7848.57,7690.09,5673193.0,1288494681.0,1464519180.0
2023-09-19,7769.67,7800.2,7809.12,7677.05,3820160.0,863619270.0,1464519180.0
2023-09-20,7786.83,7791.97,7819.76,7754.24,2582861.0,586857548.0,1464519180.0
2023-09-21,7771.39,7570.03,7795.06,7567.97,5715886.0,1274276673.0,1464519180.0
2023-09-22,7611.88,7786.83,7820.79,7553.91,5836218.0,1313776558.0,1464519180.0
2023-09-25,7819.41,7728.51,7821.13,7686.66,3590723.0,810130643.0,1464519180.0
2023-09-26,7692.83,7630.4,7758.7,7608.79,3409454.0,761742299.0,1464519180.0
2023-09-27,7649.27,7619.08,7721.65,7560.42,4023652.0,894344102.0,1464519180.0
2023-09-28,7648.93,7431.79,7679.8,7409.49,7090457.0,1544838085.0,1464519180.0
2023-10-09,7416.35,7373.47,7430.07,7215.33,6499790.0,1388825897.0,1464519180.0
2023-10-10,7498.34,7247.92,7505.54,7217.74,7675118.0,1631832868.0,1464519180.0
2023-10-11,7303.15,7208.13,7336.08,7177.94,4977156.0,1049244364.0,1464519180.0
2023-10-12,7306.58,7202.98,7323.05,7176.23,4574850.0,961940361.0,1464519180.0
2023-10-13,7158.05,7037.3,7158.05,6977.61,8832665.0,1810385284.0,1464519180.0
2023-10-16,6966.98,6978.64,7077.78,6930.96,5175580.0,1056380884.0,1464519180.0
2023-10-17,6994.42,6992.36,7045.19,6894.94,5192192.0,1057597273.0,1464519180.0
2023-10-18,6963.55,7005.06,7148.44,6946.4,5099166.0,1045896437.0,1464519180.0
2023-10-19,6929.59,6785.51,6963.55,6757.73,8627754.0,1717078751.0,1464519180.0
2023-10-20,6754.99,6757.73,6877.79,6730.97,4915478.0,974356751.0,1464519180.0
2023-10-23,6757.73,6777.97,6905.23,6703.19,5097095.0,1006217952.0,1464519180.0
2023-10-24,6781.74,6819.48,6887.05,6696.67,5649912.0,1119484536.0,1464519180.0
2023-10-25,7135.06,7068.17,7150.16,6999.57,9021455.0,1863232031.0,1464519180.0
2023-10-26,7051.71,7068.52,7109.34,6980.7,5373854.0,1103055292.0,1464519180.0
2023-10-27,7066.46,7168.0,7199.55,7039.02,5851674.0,1219325754.0,1464519180.0
2023-10-30,7189.95,7243.46,7272.28,7166.28,6211247.0,1308985576.0,1464519180.0
2023-10-31,7358.04,7361.81,7481.53,7261.99,7293514.0,1560934292.0,1464519180.0
2023-11-01,7841.71,7612.91,7865.72,7547.39,13943438.0,3126311596.0,1464519180.0
2023-11-02,7615.31,7493.19,7711.36,7493.19,5770867.0,1272176688.0,1464519180.0
2023-11-03,7478.78,7590.61,7615.31,7444.82,4608450.0,1015519605.0,1464519180.0
2023-11-06,7615.31,7567.28,7711.36,7497.31,5606272.0,1234491458.0,1464519180.0
2023-11-07,7546.7,7538.13,7566.94,7443.79,3904918.0,854089095.0,1464519180.0
2023-11-08,7512.4,7440.36,7541.21,7382.05,6574031.0,1425337073.0,1464519180.0
2023-11-09,7409.49,7400.23,7465.4,7358.04,3710249.0,800388231.0,1464519180.0
2023-11-10,7324.76,7274.68,7364.21,7228.71,4952663.0,1049829269.0,1464519180.0
2023-11-13,7302.12,7176.57,7306.24,7113.45,5559436.0,1162975445.0,1464519180.0
2023-11-14,7163.19,7189.26,7220.82,7146.04,3756805.0,787111660.0,1464519180.0
2023-11-15,7306.58,7268.85,7340.88,7233.86,5432677.0,1153558159.0,1464519180.0
2023-11-16,7269.53,7225.62,7312.76,7196.81,3151283.0,665256379.0,1464519180.0
2023-11-17,7187.55,7145.36,7223.57,7092.19,4627906.0,961691181.0,1464519180.0
2023-11-20,7141.58,7164.91,7218.76,7056.51,4185619.0,870587356.0,1464519180.0
2023-11-21,7231.11,7308.98,7377.93,7104.19,7252392.0,1543562409.0,1464519180.0
2023-11-22,7254.78,7229.4,7321.33,7207.1,3030051.0,640752237.0,1464519180.0
2023-11-23,7204.01,7193.38,7237.63,7134.72,3528803.0,737628527.0,1464519180.0
2023-11-24,7189.95,7216.02,7235.57,7146.38,3427614.0,720189859.0,1464519180.0
2023-11-27,7196.81,7083.61,7216.02,7032.15,5174405.0,1068058869.0,1464519180.0
2023-11-28,7071.6,7076.75,7133.35,7027.7,4487087.0,924359432.0,1464519180.0
2023-11-29,7075.03,7044.16,7083.27,6925.82,4763099.0,973664082.0,1464519180.0
2023-11-30,7066.46,7117.91,7135.06,7024.61,3965417.0,820926404.0,1464519180.0
2023-12-01,7101.1,6929.25,7107.62,6904.55,7351532.0,1492204514.0,1464519180.0
2023-12-04,6931.3,6806.78,6936.11,6761.85,6222750.0,1240686652.0,1464519180.0
2023-12-05,6791.69,6607.14,6791.69,6586.21,7684263.0,1500961556.0,1464519180.0
2023-12-06,6580.72,6568.03,6668.54,6555.68,6104318.0,1175702070.0,1464519180.0
2023-12-07,6555.68,6483.3,6613.66,6417.1,8064110.0,1522027054.0,1464519180.0
2023-12-08,6461.35,6517.61,6594.1,6452.43,7039503.0,1340264681.0,1464519180.0
2023-12-11,6277.48,6227.75,6311.79,5969.78,19106023.0,3446298040.0,1464519180.0
2023-12-12,6207.85,6327.57,6358.1,6188.64,10652080.0,1951893207.0,1464519180.0
2023-12-13,6321.05,5979.05,6341.63,5970.81,17463383.0,3083055575.0,1464519180.0
2023-12-14,6037.36,5815.08,6071.67,5799.3,15917700.0,2733669728.0,1464519180.0
2023-12-15,5848.69,5901.86,6057.94,5834.97,12677677.0,2190649203.0,1464519180.0
2023-12-18,5865.85,5926.22,5996.2,5817.82,7740113.0,1337740859.0,1464519180.0
2023-12-19,5917.3,5902.21,5944.74,5797.93,6964525.0,1192958707.0,1464519180.0
2023-12-20,5902.21,5808.22,5962.58,5804.1,6675279.0,1141967918.0,1464519180.0
2023-12-21,5763.28,5857.61,5907.01,5762.94,8313829.0,1416500538.0,1464519180.0
2023-12-22,5848.69,5848.01,5927.59,5802.39,7263875.0,1240278321.0,1464519180.0
2023-12-25,5826.74,5937.54,5938.57,5826.74,6259911.0,1076971893.0,1464519180.0
2023-12-26,5934.45,5870.65,5957.09,5819.54,5284133.0,903699860.0,1464519180.0
2023-12-27,5873.74,5840.8,5900.15,5818.16,5289989.0,902206159.0,1464519180.0
2023-12-28,5865.85,6157.08,6221.57,5822.62,14550131.0,2574498500.0,1464519180.0
2023-12-29,6156.05,6154.68,6239.07,6123.12,7837028.0,1409387165.0,1464519180.0
2024-01-02,6152.28,5929.99,6152.28,5907.7,11708435.0,2033049619.0,1464519180.0
2024-01-03,5914.21,5852.13,5967.38,5800.33,8530447.0,1455270131.0,1464519180.0
2024-01-04,5835.32,5660.03,5850.75,5618.86,12494978.0,2071658718.0,1464519180.0
2024-01-05,5625.72,5594.85,5721.77,5590.73,8059837.0,1329231479.0,1464519180.0
2024-01-08,5581.82,5494.0,5669.29,5489.2,8093736.0,1305199030.0,1464519180.0
2024-01-09,5509.09,5481.65,5546.83,5413.39,7767000.0,1241327530.0,1464519180.0
2024-01-10,5454.21,5506.01,5621.61,5413.04,7106873.0,1143986584.0,1464519180.0
2024-01-11,5498.8,5548.88,5591.42,5431.22,7432187.0,1198260185.0,1464519180.0
2024-01-12,5522.81,5470.67,5551.97,5445.63,7058674.0,1130296530.0,1464519180.0
2024-01-15,5444.95,5428.48,5498.12,5396.24,8316494.0,1318959844.0,1464519180.0
2024-01-16,5419.9,5443.92,5505.66,5390.75,7218562.0,1145707382.0,1464519180.0
2024-01-17,5429.17,5275.83,5433.97,5275.83,10084599.0,1569095092.0,1464519180.0
2024-01-18,5248.39,5372.91,5381.49,5214.43,8876219.0,1366280019.0,1464519180.0
2024-01-19,5372.91,5413.04,5437.06,5319.74,7425837.0,1168824263.0,1464519180.0
2024-01-22,5416.13,5289.9,5418.53,5265.54,7862988.0,1224811063.0,1464519180.0
2024-01-23,5256.28,5268.28,5350.96,5223.0,7641537.0,1173200795.0,1464519180.0
2024-01-24,5282.35,5205.17,5294.01,5078.59,12776821.0,1923356900.0,1464519180.0
2024-01-25,5179.78,5344.44,5361.59,5152.34,12170797.0,1866089716.0,1464519180.0
2024-01-26,5319.74,5323.17,5402.75,5274.12,8520034.0,1323957257.0,1464519180.0
2024-01-29,5327.29,5380.46,5520.76,5324.88,10911918.0,1728877763.0,1464519180.0
2024-01-30,5351.64,5145.48,5356.1,5116.32,10044721.0,1517908080.0,1464519180.0
2024-01-31,5128.33,5035.71,5169.15,5031.94,8983556.0,1328799102.0,1464519180.0
2024-02-01,5036.05,5040.17,5104.32,5020.96,8038203.0,1186615478.0,1464519180.0
2024-02-02,5058.35,4946.86,5109.46,4802.79,10827629.0,1572115106.0,1464519180.0
2024-02-05,4888.89,4964.7,5042.91,4841.55,12918892.0,1866271828.0,1464519180.0
2024-02-06,4938.97,5263.83,5271.03,4911.87,14421104.0,2169139800.0,1464519180.0
2024-02-07,5340.66,5344.44,5380.46,5242.56,13747038.0,2130722517.0,1464519180.0
2024-02-08,5369.82,5271.03,5401.72,5220.95,11505068.0,1775033374.0,1464519180.0
2024-02-19,5488.51,5322.14,5505.66,5268.28,11972115.0,1873501586.0,1464519180.0
2024-02-20,5315.28,5261.08,5362.28,5180.13,9012011.0,1379051518.0,1464530500.0
2024-02-21,5229.52,5593.48,5689.87,5197.96,16941646.0,2713988994.0,1464530500.0
2024-02-22,5523.16,5673.75,5687.47,5509.09,10783604.0,1759632659.0,1467140830.0000002
2024-02-23,5659.0,5797.24,5893.29,5589.71,12765675.0,2152436230.0,1467140830.0000002
2024-02-26,5782.83,5808.9,5964.98,5746.13,10554916.0,1797880492.0,1467140830.0000002
2024-02-27,5780.43,5828.8,5841.49,5733.44,6900187.0,1163239527.0,1467140830.0000002
2024-02-28,5865.85,5807.53,5955.03,5797.58,8642338.0,1479845803.0,1467140830.0000002
2024-02-29,5782.83,6028.79,6033.59,5763.28,9594209.0,1662050403.0,1467140830.0000002
2024-03-01,6029.13,6031.19,6088.82,5949.89,6044708.0,1060963071.0,1467140830.0000002
2024-03-04,5988.99,5852.13,6028.79,5823.65,9553057.0,1639239455.0,1467140830.0000002
2024-03-05,5840.46,5917.3,5931.37,5808.56,7689984.0,1317117055.0,1467140830.0000002
2024-03-06,5916.62,5787.98,5933.08,5779.75,7504580.0,1271872600.0,1467140830.0000002
2024-03-07,5802.39,5737.55,5830.51,5719.03,5243799.0,881856193.0,1467140830.0000002
2024-03-08,5743.73,5688.5,5779.4,5609.26,6994242.0,1155777256.0,1467140830.0000002
2024-03-11,5718.69,5931.02,5934.45,5697.76,10423939.0,1778472006.0,1467140830.0000002
2024-03-12,5983.16,6379.37,6426.7,5951.6,18061801.0,3290011204.0,1467140830.0000002
2024-03-13,6346.09,6365.3,6465.47,6299.1,10430650.0,1944935186.0,1467140830.0000002
2024-03-14,6345.4,6415.38,6531.33,6278.17,12137680.0,2263392825.0,1467140830.0000002
2024-03-15,6410.24,6435.28,6579.01,6370.45,7671098.0,1444274087.0,1467140830.0000002
2024-03-18,6510.06,6387.25,6512.46,6322.08,8414044.0,1568290585.0,1467140830.0000002
2024-03-19,6356.73,6542.99,6576.95,6312.82,11043440.0,2090281353.0,1467140830.0000002
2024-03-20,6483.65,6490.16,6564.6,6467.87,6526747.0,1236440881.0,1467140830.0000002
2024-03-21,6524.81,6527.9,6665.11,6469.24,6164273.0,1174836545.0,1467140830.0000002
2024-03-22,6494.62,6282.29,6517.26,6236.66,9547988.0,1758141806.0,1467140830.0000002
2024-03-25,6260.33,6284.35,6346.78,6165.31,7152988.0,1303116160.0,1467140830.0000002
2024-03-26,6277.48,6425.33,6465.47,6260.33,6833244.0,1273401498.0,1467140830.0000002
2024-03-27,6455.18,6327.22,6455.86,6312.13,4560896.0,848527175.0,1467140830.0000002
2024-03-28,6312.13,6348.15,6437.34,6285.37,4942679.0,917431823.0,1467140830.0000002
2024-03-29,6347.81,6332.03,6410.58,6283.66,3202824.0,591057161.0,1467140830.0000002
2024-04-01,6380.05,6563.92,6689.12,6379.71,9172029.0,1762557751.0,1467140830.0000002
2024-04-02,6617.09,6550.88,6637.67,6523.78,5921008.0,1135811346.0,1467140830.0000002
2024-04-03,6620.52,6605.77,6723.08,6534.76,5712241.0,1104634828.0,1467140830.0000002
2024-04-08,6534.76,6184.87,6534.76,6180.75,13822713.0,2526801079.0,1467140830.0000002
2024-04-09,6174.58,6112.49,6269.25,6098.08,6885682.0,1234023229.0,1467140830.0000002
2024-04-10,6106.31,6027.07,6136.16,5959.49,7959042.0,1397639112.0,1467140830.0000002
2024-04-11,6003.4,6114.2,6157.42,5946.12,7182692.0,1266944532.0,1467140830.0000002
2024-04-12,6104.94,5861.04,6170.46,5848.69,8887567.0,1540563424.0,1467140830.0000002
2024-04-15,5865.85,6206.82,6228.77,5865.85,10051216.0,1799067809.0,1467140830.0000002
2024-04-16,6195.16,6047.65,6197.9,6037.36,5798073.0,1031422900.0,1467140830.0000002
2024-04-17,6037.71,6068.24,6099.11,5989.68,4694972.0,828134716.0,1467140830.0000002
2024-04-18,6057.94,6112.49,6235.63,5970.81,5822460.0,1039986513.0,1467140830.0000002
2024-04-19,6039.08,6026.39,6087.79,5969.44,5599170.0,981325098.0,1467140830.0000002
2024-04-22,6071.67,6113.17,6225.69,6037.36,7078999.0,1268357475.0,1467140830.0000002
2024-04-23,6109.4,6208.88,6225.0,6049.37,7443226.0,1337291907.0,1467140830.0000002
2024-04-24,6240.78,6246.27,6276.8,6176.29,6762313.0,1229583671.0,1467140830.0000002
2024-04-25,6210.94,6173.55,6253.47,6114.2,5464423.0,984211152.0,1467140830.0000002
2024-04-26,6174.58,6394.8,6442.14,6173.89,8698726.0,1605714487.0,1467140830.0000002
2024-04-29,6515.89,6483.3,6678.15,6319.33,15696298.0,2983160453.0,1467140830.0000002
2024-04-30,6483.3,6383.82,6587.24,6383.48,8067781.0,1524012095.0,1467140830.0000002
2024-05-06,6471.64,6639.38,6782.08,6471.64,15205669.0,2958518425.0,1467140830.0000002
2024-05-07,6639.73,6641.78,6664.08,6547.79,7435621.0,1433480841.0,1467140830.0000002
2024-05-08,6642.13,6550.88,6661.68,6503.89,5503315.0,1052275041.0,1467140830.0000002
2024-05-09,6528.58,6536.82,6593.07,6492.91,5463323.0,1039564033.0,1467140830.0000002
2024-05-10,6551.91,6412.64,6579.35,6368.05,8328942.0,1561088278.0,1467140830.0000002
2024-05-13,6346.09,6201.33,6349.52,6146.1,14152557.0,2558830155.0,1467140830.0000002
2024-05-14,6185.55,6240.78,6284.35,6136.84,7703616.0,1395084255.0,1467140830.0000002
2024-05-15,6235.63,6202.7,6269.59,6174.58,4642722.0,839447889.0,1467140830.0000002
2024-05-16,6202.7,6359.13,6407.84,6153.99,9257543.0,1702407346.0,1467140830.0000002
2024-05-17,6331.68,6512.46,6521.72,6324.82,8131801.0,1523526471.0,1467140830.0000002
2024-05-20,6534.07,6611.6,6773.17,6527.9,11069872.0,2149452051.0,1467140830.0000002
2024-05-21,6574.55,6574.89,6616.06,6514.18,4400953.0,842187003.0,1467140830.0000002
2024-05-22,6557.06,6415.04,6582.1,6373.88,6859331.0,1286111964.0,1467140830.0000002
2024-05-23,6397.89,6299.78,6470.95,6288.8,4797446.0,886462763.0,1467140830.0000002
2024-05-24,6294.98,6219.17,6299.1,6178.01,5902297.0,1071190384.0,1467140830.0000002
2024-05-27,6219.17,6199.27,6243.18,6143.02,7197809.0,1297706586.0,1467140830.0000002
2024-05-28,6202.02,6186.58,6292.24,6150.56,5500677.0,995107440.0,1467140830.0000002
2024-05-29,6174.58,6140.61,6222.6,6114.89,5091552.0,914775406.0,1467140830.0000002
2024-05-30,6123.46,5972.19,6138.9,5951.6,10324391.0,1805756354.0,1467140830.0000002
2024-05-31,5994.48,5997.91,6063.78,5980.76,4974678.0,873110646.0,1467140830.0000002
2024-06-03,6020.21,5976.65,6057.94,5934.8,6278177.0,1095347565.0,1467140830.0000002
2024-06-04,5976.65,6020.9,6033.25,5929.65,5376882.0,939068022.0,1467140830.0000002
2024-06-05,6002.03,5899.46,6055.54,5896.38,7852435.0,1362188176.0,1467140830.0000002
2024-06-06,5899.46,5796.55,5916.27,5741.67,10991394.0,1859322332.0,1467140830.0000002
2024-06-07,5820.22,5700.5,5849.04,5678.21,8792197.0,1468307293.0,1467140830.0000002
2024-06-11,5660.03,5468.27,5681.3,5415.79,16667945.0,2664672325.0,1467140830.0000002
2024-06-12,5432.6,5430.2,5530.7,5405.5,9619315.0,1534490956.0,1467140830.0000002
2024-06-13,5438.09,5347.53,5468.96,5330.37,10873633.0,1702512104.0,1467140830.0000002
2024-06-14,5331.06,5351.3,5378.74,5196.59,15498858.0,2388801977.0,1467140830.0000002
2024-06-17,5286.47,5393.83,5413.04,5225.41,10623903.0,1649943749.0,1467140830.0000002
2024-06-18,5382.17,5288.87,5452.15,5275.83,8669240.0,1351009057.0,1467140830.0000002
2024-06-19,5285.09,5259.71,5348.21,5241.53,7712267.0,1188349645.0,1467140830.0000002
2024-06-20,5248.39,5198.99,5292.3,5169.49,7486098.0,1136924282.0,1467140830.0000002
2024-06-21,5191.45,5148.57,5221.29,5071.04,10141964.0,1517417108.0,1467140830.0000002
2024-06-24,5008.61,5128.33,5209.63,4997.98,11597570.0,1724063195.0,1467140830.0000002
2024-06-25,5123.18,5158.86,5193.85,5088.88,8095547.0,1215581583.0,1467140830.0000002
2024-06-26,5121.81,5122.15,5210.66,5077.56,7907701.0,1182813391.0,1467140830.0000002
2024-06-27,5104.32,5083.05,5109.46,5039.14,5600374.0,828964293.0,1467140830.0000002
2024-06-28,5009.98,4922.17,5094.02,4893.35,13164234.0,1904233400.0,1467140830.0000002
2024-07-01,4891.98,4905.36,4938.29,4776.03,12037281.0,1702014331.0,1467140830.0000002
2024-07-02,4880.66,4939.32,5027.13,4854.25,11080352.0,1599850815.0,1467140830.0000002
2024-07-03,4943.09,4891.98,4996.6,4856.65,7411027.0,1063472577.0,1467140830.0000002
2024-07-04,4888.21,4785.64,4918.74,4785.64,8081792.0,1138483178.0,1467140830.0000002
2024-07-05,4771.92,4712.23,4815.83,4662.49,8391987.0,1154001399.0,1467140830.0000002
2024-07-08,4699.54,4607.26,4712.23,4585.99,8128816.0,1098469329.0,1467140830.0000002
2024-07-09,4606.92,4663.52,4696.11,4545.52,10382736.0,1395010629.0,1467140830.0000002
2024-07-10,4631.62,4579.48,4708.8,4562.32,9332737.0,1261295701.0,1467140830.0000002
2024-07-11,4630.93,4694.39,4775.0,4606.23,12913766.0,1771407195.0,1467140830.0000002
2024-07-12,4696.11,4695.42,4731.44,4624.07,10943936.0,1491746945.0,1467140830.0000002
2024-07-15,4658.37,4744.13,4767.46,4646.37,8059207.0,1111495990.0,1467140830.0000002
2024-07-16,4733.84,4719.09,4760.25,4682.39,8052871.0,1107256866.0,1467140830.0000002
2024-07-17,4713.26,4854.59,4871.05,4690.96,11459169.0,1605696455.0,1467140830.0000002
2024-07-18,4853.9,4901.93,4950.29,4819.94,10992666.0,1569427783.0,1467140830.0000002
2024-07-19,4878.6,5041.88,5046.34,4850.47,10743292.0,1561896666.0,1467140830.0000002
2024-07-22,5042.57,4881.34,5067.95,4880.66,10666854.0,1540332610.0,1467140830.0000002
2024-07-23,4867.62,4646.02,4905.36,4646.02,12454860.0,1722736124.0,1467140830.0000002
2024-07-24,4629.22,4595.94,4695.42,4570.21,9110998.0,1228183495.0,1467140830.0000002
2024-07-25,4566.44,4512.93,4627.16,4469.71,11499191.0,1516184640.0,1467140830.0000002
2024-07-26,4511.9,4453.58,4578.1,4425.11,11522174.0,1503397188.0,1467140830.0000002
2024-07-29,4455.64,4330.09,4474.51,4322.2,10746206.0,1371108754.0,1467140830.0000002
2024-07-30,4287.9,4299.22,4310.88,4226.5,10665891.0,1327700252.0,1467140830.0000002
2024-07-31,4297.85,4482.06,4504.01,4234.73,14191851.0,1823517252.0,1467140830.0000002
2024-08-01,4491.66,4280.7,4491.66,4280.7,13410805.0,1701948704.0,1467140830.0000002
2024-08-02,4227.18,4231.3,4314.66,4227.18,8130939.0,1010650366.0,1467140830.0000002
2024-08-05,4227.87,4349.65,4465.93,4219.29,16565741.0,2116471884.0,1467140830.0000002
2024-08-06,4387.72,4352.73,4439.52,4317.74,8952838.0,1139087373.0,1467140830.0000002
2024-08-07,4322.2,4365.42,4400.76,4298.19,7862813.0,996473856.0,1467140830.0000002
2024-08-08,4339.35,4444.66,4528.02,4329.06,12577204.0,1627636373.0,1467140830.0000002
2024-08-09,4499.21,4430.26,4561.64,4430.26,8282825.0,1081258796.0,1467140830.0000002
2024-08-12,4404.87,4427.17,4478.63,4392.52,6332656.0,818247623.0,1467140830.0000002
2024-08-13,4421.0,4359.94,4425.11,4332.84,6644347.0,844900212.0,1467140830.0000002
2024-08-14,4359.94,4294.76,4369.54,4280.01,5213142.0,654518130.0,1467140830.0000002
2024-08-15,4285.5,4340.73,4380.17,4274.18,7180085.0,905745210.0,1467140830.0000002
2024-08-16,4334.21,4296.48,4334.55,4285.84,6150454.0,771073943.0,1467140830.0000002
2024-08-19,4315.34,4280.35,4433.69,4280.35,8893606.0,1123069199.0,1467140830.0000002
2024-08-20,4284.81,4248.45,4305.05,4239.87,5778169.0,717775339.0,1467140830.0000002
2024-08-21,4252.91,4224.1,4266.29,4213.8,5812649.0,717818477.0,1467140830.0000002
2024-08-22,4222.72,4202.14,4235.76,4128.05,12333557.0,1496892597.0,1467140830.0000002
2024-08-23,4202.14,4241.98,4287.91,4202.14,8012162.0,947492927.0,1467140830.0000002
2024-08-26,4248.79,4253.46,4305.85,4216.86,5882754.0,697151826.0,1467140830.0000002
2024-08-27,4234.44,4261.35,4284.68,4179.54,5223446.0,616641009.0,1467140830.0000002
2024-08-28,4214.35,4052.86,4228.34,3992.22,16501518.0,1867574088.0,1467140830.0000002
2024-08-29,4044.61,4136.83,4180.61,4019.13,11544537.0,1326663564.0,1467140830.0000002
2024-08-30,4103.46,4280.37,4355.01,4057.89,16309388.0,1928777281.0,1467140830.0000002
2024-09-02,4162.67,4037.07,4162.67,4037.07,16404147.0,1866603856.0,1467140830.0000002
2024-09-03,4087.31,4099.15,4135.04,4039.58,9071580.0,1035826498.0,1467140830.0000002
2024-09-04,4104.9,4043.89,4160.52,4041.74,6733833.0,764944963.0,1467140830.0000002
2024-09-05,4037.07,4069.37,4077.62,4027.02,5006785.0,565821127.0,1467140830.0000002
2024-09-06,4071.52,3968.89,4075.47,3967.1,6750540.0,755045041.0,1467140830.0000002
2024-09-09,3920.81,3872.0,3930.14,3846.88,9309617.0,1006077442.0,1467140830.0000002
2024-09-10,3872.0,3846.52,3915.78,3825.35,7824236.0,840537509.0,1467140830.0000002
2024-09-11,3821.76,3801.31,3862.31,3796.64,8205586.0,872407832.0,1467140830.0000002
2024-09-12,3801.31,3681.81,3814.59,3679.3,13941480.0,1452114597.0,1467140830.0000002
2024-09-13,3678.22,3617.93,3699.75,3617.22,13941584.0,1419254165.0,1467140830.0000002
2024-09-18,3599.27,3589.23,3629.06,3550.83,11815724.0,1179452905.0,1467140830.0000002
2024-09-19,3605.73,3642.34,3748.92,3549.75,17948051.0,1831435547.0,1467140830.0000002
2024-09-20,3624.39,3637.67,3653.1,3587.79,9624766.0,970342361.0,1467140830.0000002
2024-09-23,3637.67,3672.84,3760.76,3637.67,11036004.0,1139868739.0,1467140830.0000002
2024-09-24,3746.04,3969.61,3983.25,3670.33,25513672.0,2726384794.0,1467140830.0000002
2024-09-25,4065.78,4036.0,4213.99,4035.64,25286986.0,2899963791.0,1467140830.0000002
2024-09-26,4082.65,4439.7,4439.7,4055.02,33127300.0,3963935767.0,1467140830.0000002
2024-09-27,4735.76,4883.6,4883.6,4665.06,38203545.0,5141654808.0,1467155505.0000002
2024-09-30,5372.0,5372.0,5372.0,5203.34,31658417.0,4721294736.0,1467155505.0000002
2024-10-08,5909.2,5705.73,5909.2,5375.59,63281173.0,10149858249.0,1467155505.0000002
2024-10-09,5454.53,5135.16,5490.42,5135.16,45385953.0,6666379302.0,1467290039.0
2024-10-10,5102.86,5285.52,5519.13,5102.86,34967724.0,5193936581.0,1467290039.0
2024-10-11,5167.81,5073.43,5298.43,4997.36,18996266.0,2715729761.0,1467290039.0
2024-10-14,5073.43,5066.97,5122.6,4905.49,22751059.0,3184141638.0,1467290039.0
2024-10-15,5066.97,4822.6,5067.33,4815.78,23013472.0,3168348683.0,1467290039.0
2024-10-16,4736.83,4844.13,4959.68,4730.01,17861507.0,2409565559.0,1467290039.0
2024-10-17,4892.21,4707.77,4907.29,4703.82,13119687.0,1750798396.0,1467290039.0
2024-10-18,4667.21,4853.1,4962.55,4601.55,27618586.0,3664082243.0,1467290039.0
2024-10-21,4836.23,4816.14,4878.58,4732.53,20400856.0,2727021756.0,1467290039.0
2024-10-22,4819.01,4924.51,4952.14,4802.14,18535953.0,2532693925.0,1467290039.0
2024-10-23,4951.42,5028.22,5109.32,4872.12,21210019.0,2965343725.0,1467290039.0
2024-10-24,4988.03,4867.45,4988.03,4862.43,11259632.0,1541394024.0,1467290039.0
2024-10-25,4844.49,4902.62,5000.23,4844.49,11189527.0,1531413858.0,1467290039.0
2024-10-28,4988.03,5118.65,5167.45,4893.29,26045310.0,3673449133.0,1467290039.0
2024-10-29,5069.85,5023.91,5318.17,5016.74,23408902.0,3351119012.0,1467290039.0
2024-10-30,4926.66,4909.44,5052.62,4880.37,12523301.0,1727001290.0,1467290039.0
2024-10-31,4880.73,4862.79,4959.32,4789.58,17676653.0,2394547551.0,1467290039.0
2024-11-01,4844.13,4899.39,5005.97,4815.78,16284065.0,2235368159.0,1467290039.0
2024-11-04,4933.48,4927.02,4943.53,4842.33,13245896.0,1808250251.0,1467290039.0
2024-11-05,4916.26,5064.1,5064.1,4880.37,18439714.0,2567349050.0,1467290039.0
2024-11-06,5059.8,5020.32,5095.68,4966.86,15475954.0,2169595166.0,1467290039.0
2024-11-07,4988.39,5522.36,5522.36,4983.36,37394855.0,5515027483.0,1467290039.0
2024-11-08,5562.19,5418.65,5598.07,5373.07,30631107.0,4676432985.0,1467290039.0
2024-11-11,5310.99,5314.58,5346.88,5153.1,23607510.0,3451768026.0,1467290039.0
2024-11-12,5316.38,5264.34,5432.29,5227.74,20081318.0,2984647599.0,1467290039.0
2024-11-13,5218.05,5235.28,5299.51,5192.57,13546499.0,1978045194.0,1467290039.0
2024-11-14,5203.34,5189.34,5275.11,5167.09,15178644.0,2203876590.0,1467290039.0
2024-11-15,5189.34,5171.04,5310.99,5120.8,16915818.0,2463502208.0,1467290039.0
2024-11-18,5170.68,5119.73,5224.15,5050.47,15618163.0,2235039282.0,1467290039.0
2024-11-19,5149.15,5084.2,5160.99,4952.14,13723759.0,1930522354.0,1467290039.0
2024-11-20,5063.03,5112.55,5132.64,5030.73,9416792.0,1333457075.0,1467290039.0
2024-11-21,5092.81,5084.2,5138.03,5050.11,7631638.0,1079161640.0,1467290039.0
2024-11-22,5082.76,4890.78,5095.68,4886.83,11876596.0,1648594920.0,1467290039.0
2024-11-25,4889.7,4911.95,4961.11,4851.31,9881632.0,1347686514.0,1467290039.0
2024-11-26,4880.73,4911.59,4983.72,4844.49,8314489.0,1142022251.0,1467290039.0
2024-11-27,4885.04,4983.36,5017.45,4844.49,9932129.0,1366303238.0,1467290039.0
2024-11-28,4980.85,4885.4,4980.85,4880.01,7948857.0,1089023947.0,1467290039.0
2024-11-29,4897.96,4978.34,5078.1,4894.73,13763029.0,1910116240.0,1467290039.0
2024-12-02,4971.88,4988.75,5041.86,4911.23,11169728.0,1548482539.0,1467290039.0
2024-12-03,4984.44,4958.6,4984.44,4909.08,8408421.0,1157804272.0,1467290039.0
2024-12-04,4952.14,4919.85,4976.54,4890.42,8357038.0,1147832065.0,1467290039.0
2024-12-05,4898.31,4891.14,4919.13,4869.61,7008900.0,955376051.0,1467290039.0
2024-12-06,4883.96,4959.68,4991.62,4880.37,10118492.0,1394428821.0,1467290039.0
2024-12-09,4959.32,4947.84,5032.88,4909.44,9184620.0,1269885313.0,1467290039.0
2024-12-10,5306.69,5084.56,5382.76,5059.8,33915376.0,4934615475.0,1467290039.0
2024-12-11,5041.86,5070.56,5171.04,5040.42,15351492.0,2177743339.0,1467290039.0
2024-12-12,5059.8,5200.11,5228.46,5033.24,18159864.0,2597459564.0,1467290039.0
2024-12-13,5131.57,4944.61,5135.52,4942.45,21362888.0,2994615724.0,1467290039.0
2024-12-16,4945.68,4758.36,4946.4,4733.6,21151916.0,2830112247.0,1467290039.0
2024-12-17,4767.33,4736.83,4806.09,4725.35,11912011.0,1581527626.0,1467285764.0
2024-12-18,4747.6,4718.89,4771.28,4700.95,9289535.0,1224250357.0,1467285764.0
2024-12-19,4672.24,4663.99,4687.67,4627.02,11995399.0,1558287187.0,1467285764.0
2024-12-20,4665.06,4676.55,4688.75,4615.54,9595491.0,1244293717.0,1467285764.0
2024-12-23,4665.06,4656.45,4704.18,4633.12,9470600.0,1231964284.0,1467285764.0
2024-12-24,4660.04,4669.37,4671.88,4618.41,9024317.0,1168449388.0,1467285764.0
2024-12-25,4684.8,4648.91,4685.16,4643.53,7222381.0,938141337.0,1467285764.0
2024-12-26,4656.09,4639.58,4664.7,4629.54,6460173.0,836105892.0,1467285764.0
2024-12-27,4645.33,4648.91,4683.0,4614.11,8157152.0,1054962468.0,1467285764.0
2024-12-30,4637.79,4552.38,4667.93,4533.0,14711655.0,1879349693.0,1467285764.0
2024-12-31,4557.41,4492.81,4623.79,4491.02,11721767.0,1489825853.0,1467301544.0
2025-01-02,4492.81,4343.89,4506.81,4324.15,14946398.0,1833283731.0,1467301544.0
2025-01-03,4341.38,4296.88,4390.54,4265.3,11343916.0,1370844801.0,1467301544.0
2025-01-06,4236.23,4137.55,4252.38,4126.07,17729562.0,2062769652.0,1467301544.0
2025-01-07,4148.68,4164.46,4166.98,4104.9,9819438.0,1132561017.0,1467301544.0
2025-01-08,4152.98,4148.68,4214.35,4099.87,11938513.0,1382757500.0,1467301544.0
2025-01-09,4156.57,4160.16,4239.46,4112.79,9558611.0,1112558153.0,1467301544.0
2025-01-10,4149.03,4067.22,4154.78,4067.22,7729478.0,884809306.0,1467301544.0
2025-01-13,4019.13,4173.08,4177.02,4018.05,12574333.0,1446736381.0,1467301544.0
2025-01-14,4173.44,4323.44,4342.1,4173.44,14716279.0,1760218169.0,1467301544.0
2025-01-15,4305.85,4277.86,4320.56,4265.3,7092818.0,847765763.0,1467301544.0
2025-01-16,4296.88,4234.08,4323.44,4194.25,7837196.0,929252944.0,1467301544.0
2025-01-17,4216.5,4259.56,4315.9,4206.45,7545791.0,898629087.0,1467301544.0
2025-01-20,4280.73,4276.79,4345.68,4263.51,8825968.0,1057759550.0,1467301544.0
2025-01-21,4308.36,4245.21,4308.36,4223.68,6653920.0,787458148.0,1467301544.0
2025-01-22,4226.19,4180.25,4226.19,4151.91,8029318.0,934256117.0,1467301544.0
2025-01-23,4216.5,4182.05,4245.57,4167.34,8459461.0,990863848.0,1467301544.0
2025-01-24,4181.98,4170.72,4221.19,4157.65,8500157.0,979055089.0,1467301544.0
2025-01-27,4171.08,4195.41,4217.19,4159.1,7507490.0,866950004.0,1467301544.0
2025-02-05,4197.23,4132.23,4208.84,4090.48,7704719.0,876819603.0,1467301544.0
2025-02-06,4120.62,4148.21,4175.44,4110.09,7702120.0,878104669.0,1467301544.0
2025-02-07,4139.13,4193.59,4235.35,4114.81,11616319.0,1337774917.0,1467301544.0
2025-02-10,4208.48,4201.22,4221.55,4172.9,7677833.0,886619960.0,1467301544.0
2025-02-11,4209.93,4149.3,4228.09,4127.51,8184639.0,935901932.0,1467301544.0
2025-02-12,4146.39,4211.02,4211.39,4132.96,7775887.0,891844034.0,1467301544.0
2025-02-13,4211.75,4373.32,4424.88,4197.23,23373329.0,2795205835.0,1467301544.0
2025-02-14,4353.35,4351.9,4375.14,4321.04,9459653.0,1132513846.0,1467301544.0
2025-02-17,4352.99,4374.77,4434.32,4349.72,9604671.0,1161204034.0,1467322833.0
2025-02-18,4364.97,4312.69,4411.44,4302.88,8846745.0,1060957428.0,1467322833.0
2025-02-19,4312.69,4320.67,4338.83,4272.02,7401627.0,877773395.0,1467322833.0
2025-02-20,4298.89,4284.36,4341.37,4280.73,6342073.0,750706333.0,1467322833.0
2025-02-21,4300.7,4323.58,4373.32,4285.09,11507032.0,1371130446.0,1467322833.0
2025-02-24,4323.58,4424.15,4492.05,4313.41,17295187.0,2109821070.0,1469345363.0
2025-02-25,4396.92,4353.35,4406.36,4338.83,8056661.0,970224591.0,1469345363.0
2025-02-26,4342.82,4414.35,4422.7,4288.72,10932675.0,1309093803.0,1469345363.0
2025-02-27,4400.55,4639.46,4647.08,4386.03,28453938.0,3592804209.0,1469345363.0
2025-02-28,4611.14,4591.53,4723.69,4581.73,17523547.0,2251541088.0,1469345363.0
2025-03-03,4591.53,4538.52,4727.32,4514.92,11404355.0,1446117499.0,1469345363.0
2025-03-04,4505.84,4483.33,4538.16,4436.86,8346613.0,1028264086.0,1469345363.0
2025-03-05,4485.88,4492.41,4511.65,4440.13,7712116.0,950391045.0,1469345363.0
2025-03-06,4502.21,4581.37,4592.98,4449.93,9968818.0,1246071771.0,1469345363.0
2025-03-07,4557.4,4771.26,4810.83,4538.89,21551039.0,2798463034.0,1469345363.0
2025-03-10,4771.26,4797.04,4821.0,4713.89,11591899.0,1521876556.0,1469345363.0
2025-03-11,4756.37,4968.05,4974.22,4725.51,20269463.0,2718521350.0,1469345363.0
2025-03-12,4967.68,4929.92,5015.25,4887.81,12472777.0,1697058688.0,1469345363.0
2025-03-13,4921.21,4911.04,5014.89,4901.6,9057499.0,1235748577.0,1469345363.0
2025-03-14,4974.22,5214.22,5282.84,4969.14,28768424.0,4094529607.0,1469345363.0
2025-03-17,5257.42,5189.89,5327.14,5133.98,19066501.0,2733127728.0,1469345363.0
2025-03-18,5200.78,5205.5,5213.85,5103.48,11045871.0,1572953967.0,1469345363.0
2025-03-19,5173.92,5047.56,5201.87,5003.27,17924444.0,2503920519.0,1469345363.0
2025-03-20,5010.53,4907.41,5039.21,4897.97,13324453.0,1813958893.0,1469345363.0
2025-03-21,4880.91,4744.75,4990.2,4744.75,14683607.0,1957010656.0,1469345363.0
2025-03-24,4772.71,4819.91,4846.78,4717.16,12375106.0,1631357989.0,1469345363.0
2025-03-25,4820.27,4777.43,4828.99,4738.58,8309676.0,1091703473.0,1469345363.0
2025-03-26,4774.53,4796.67,4836.25,4764.0,6419199.0,849794823.0,1469345363.0
2025-03-27,4786.51,4869.65,4884.54,4752.01,7732756.0,1028234856.0,1469345363.0
2025-03-28,4871.11,4803.57,4887.08,4779.25,6700212.0,889360403.0,1469345363.0
2025-03-31,4803.57,4709.9,4803.57,4688.47,9044328.0,1177225906.0,1469345363.0
2025-04-01,4709.9,4752.38,4781.79,4693.56,5435270.0,710790599.0,1469345363.0
2025-04-02,4738.94,4709.53,4790.86,4698.64,5768268.0,751703363.0,1469345363.0
2025-04-03,4653.62,4813.74,4828.26,4650.35,8646909.0,1139812266.0,1469345363.0
2025-04-07,4622.03,4558.85,4708.08,4386.03,19007423.0,2399791433.0,1469345363.0
2025-04-08,4556.68,4683.75,4691.02,4549.41,14687467.0,1872162359.0,1469345363.0
2025-04-09,4631.11,4780.7,4810.83,4617.31,12679511.0,1650133238.0,1469345363.0
2025-04-10,4817.37,4821.73,4847.14,4710.26,9945993.0,1314689315.0,1469345363.0
2025-04-11,4789.41,4726.24,4817.37,4661.97,11423449.0,1485622114.0,1469345363.0
2025-04-14,4720.43,4700.82,4787.96,4683.03,8376681.0,1089875358.0,1469345363.0
2025-04-15,4683.75,4727.69,4747.66,4669.59,6460269.0,838970577.0,1469345363.0
2025-04-16,4718.25,4756.37,4770.17,4687.39,6607019.0,859491802.0,1469345363.0
2025-04-17,4735.68,4804.66,4839.88,4716.43,8068659.0,1065566460.0,1469345363.0
2025-04-18,4799.94,4785.42,4833.34,4756.37,5344236.0,705930207.0,1469345363.0
2025-04-21,4777.43,4705.54,4779.97,4688.47,8084330.0,1049070246.0,1469345363.0
2025-04-22,4695.01,4688.84,4732.04,4644.18,8077469.0,1043397052.0,1469345363.0
2025-04-23,4694.28,4671.05,4710.99,4647.45,6976609.0,896879538.0,1469345363.0
2025-04-24,4669.23,4594.8,4676.49,4593.35,8419231.0,1073144321.0,1469345363.0
2025-04-25,4574.83,4551.59,4630.74,4538.89,7813031.0,983745072.0,1469345363.0
2025-04-28,4551.59,4560.31,4644.18,4549.78,7899515.0,997646979.0,1469345363.0
2025-04-29,4534.17,4487.69,4549.05,4473.17,8002169.0,992239046.0,1469345363.0
2025-04-30,4489.14,4492.77,4545.06,4482.61,5804209.0,719742515.0,1469345363.0
2025-05-06,4497.49,4555.59,4562.49,4484.06,6655137.0,830876551.0,1469345363.0
2025-05-07,4594.07,4570.11,4643.45,4557.04,6533192.0,826388322.0,1469345363.0
2025-05-08,4545.06,4617.67,4659.43,4513.83,6790272.0,860485477.0,1469345363.0
2025-05-09,4599.88,4587.9,4606.78,4574.83,4089982.0,516838213.0,1469345363.0
2025-05-12,4599.52,4596.25,4618.4,4567.57,5825960.0,736420642.0,1469345363.0
2025-05-13,4616.95,4574.83,4616.95,4571.2,4992654.0,629994847.0,1469345363.0
2025-05-14,4574.83,4725.15,4781.79,4551.59,14811002.0,1911369040.0,1469345363.0
2025-05-15,4698.28,4657.98,4772.35,4655.8,6572902.0,850790656.0,1469345363.0
2025-05-16,4647.81,4585.36,4665.24,4567.21,6655706.0,842457931.0,1469345363.0
2025-05-19,4476.07,4465.18,4516.37,4448.11,13275845.0,1632175092.0,1469345363.0
2025-05-20,4457.92,4453.92,4472.44,4414.71,7618359.0,932662240.0,1469345363.0
2025-05-21,4454.65,4454.65,4480.07,4449.2,5774194.0,709632020.0,1469345363.0
2025-05-22,4455.01,4433.23,4461.55,4425.97,6158770.0,752066475.0,1469345363.0
2025-05-23,4426.33,4423.79,4471.35,4415.8,5725861.0,701368837.0,1469345363.0
2025-05-26,4411.44,4339.19,4425.6,4331.57,9716283.0,1167391987.0,1469345363.0
2025-05-27,4335.56,4327.21,4370.78,4313.41,6096410.0,727587934.0,1469345363.0
2025-05-28,4327.93,4320.67,4338.46,4299.25,5902907.0,701675421.0,1469345363.0
2025-05-29,4321.04,4323.94,4339.19,4291.63,6133079.0,729378079.0,1469345363.0
2025-05-30,4308.33,4245.15,4316.68,4233.53,11247530.0,1317539135.0,1469345363.0
2025-06-03,4212.11,4189.96,4214.29,4171.81,11254024.0,1297351625.0,1469345363.0
2025-06-04,4188.51,4175.08,4211.75,4160.19,8955388.0,1031072038.0,1469345363.0
2025-06-05,4175.44,4220.83,4226.27,4175.44,8063374.0,933659983.0,1469345363.0
2025-06-06,4220.83,4216.83,4246.24,4204.49,6849326.0,795434429.0,1469345363.0
2025-06-09,4204.85,4220.83,4244.06,4189.96,7539407.0,876567222.0,1469345363.0
2025-06-10,4220.46,4185.61,4220.46,4158.38,11626036.0,1340067174.0,1469345363.0
2025-06-11,4179.07,4181.98,4225.55,4179.07,8678323.0,1002261976.0,1469345363.0
2025-06-12,4175.44,4109.0,4175.44,4107.54,16566381.0,1881159613.0,1469345363.0
2025-06-13,4068.33,3960.5,4082.49,3938.71,21226937.0,2328324173.0,1469345363.0
2025-06-16,3907.12,3950.33,3964.85,3875.9,15101436.0,1629581339.0,1469345363.0
2025-06-17,3945.25,3993.17,4011.33,3924.91,10087128.0,1105573927.0,1469345363.0
2025-06-18,4055.62,4005.52,4066.52,3991.36,11154869.0,1235651927.0,1469345363.0
2025-06-19,3993.54,4030.57,4065.79,3993.17,11736260.0,1306311432.0,1469345363.0
2025-06-20,4030.57,4142.76,4163.82,4030.57,17573822.0,1998163931.0,1469345363.0
2025-06-23,4095.56,4130.42,4153.66,4054.9,8797145.0,998393452.0,1469345363.0
2025-06-24,4132.23,4147.48,4166.73,4119.53,7392221.0,843096904.0,1469345363.0
2025-06-25,4147.48,4128.24,4185.61,4092.66,9476505.0,1075018948.0,1469345363.0
2025-06-26,4129.33,4135.14,4153.66,4108.27,6536483.0,744513203.0,1469345363.0
2025-06-27,4110.81,4096.29,4129.33,4095.56,7530734.0,852899209.0,1469345363.0
2025-06-30,4101.01,4117.35,4128.24,4062.16,9250534.0,1043486207.0,1469164883.0
2025-07-01,4103.19,4084.67,4109.72,4073.78,6346328.0,714049664.0,1469164883.0
2025-07-02,4084.67,4095.56,4148.21,4084.67,9388593.0,1064564219.0,1469164883.0
2025-07-03,4095.93,4099.19,4136.23,4081.77,6967431.0,788405295.0,1469164883.0
2025-07-04,4088.3,4136.59,4152.57,4084.67,8534074.0,969681216.0,1469164883.0
2025-07-07,4136.59,4111.17,4148.94,4104.64,6312691.0,717085195.0,1469164883.0
2025-07-08,4104.64,4139.13,4141.31,4095.56,7544394.0,856436371.0,1469164883.0
2025-07-09,4135.5,4152.2,4199.77,4126.79,10173927.0,1169276359.0,1469164883.0
2025-07-10,4142.76,4235.71,4244.06,4131.87,12748565.0,1471198005.0,1469164883.0
2025-07-11,4207.75,4324.3,4341.73,4207.39,18551460.0,2198987075.0,1469164883.0
2025-07-14,4302.52,4355.89,4376.95,4282.91,10903174.0,1301588787.0,1469164883.0
2025-07-15,4314.14,4318.86,4348.99,4297.44,9361363.0,1113626931.0,1469164883.0
2025-07-16,4309.78,4382.03,4412.9,4305.79,8893021.0,1072314282.0,1469164883.0
2025-07-17,4360.98,4380.58,4411.44,4338.1,8205666.0,987642178.0,1469164883.0
2025-07-18,4380.94,4531.26,4570.47,4362.06,17373392.0,2160435042.0,1469164883.0
2025-07-21,4520.37,4493.14,4538.89,4478.61,8426000.0,1044954659.0,1469164883.0
2025-07-22,4492.41,4697.55,4707.72,4492.41,16783030.0,2140625274.0,1469164883.0
2025-07-23,4697.55,4661.24,4747.29,4647.45,11075931.0,1431571792.0,1469164883.0
2025-07-24,4661.61,4654.35,4668.51,4611.14,8364228.0,1069421963.0,1469164883.0
2025-07-25,4654.71,4532.35,4661.61,4502.21,12016007.0,1513338201.0,1469164883.0
2025-07-28,4524.0,4503.67,4538.16,4443.76,11167554.0,1378012875.0,1469164883.0
2025-07-29,4497.86,4513.11,4524.36,4454.65,7359086.0,909548527.0,1469164883.0
2025-07-30,4513.11,4614.41,4652.17,4513.11,13282781.0,1684252981.0,1469164883.0
2025-07-31,4597.7,4462.28,4597.7,4455.01,11087839.0,1374424288.0,1469164883.0
2025-08-01,4455.01,4468.08,4476.07,4421.25,6948094.0,851642310.0,1469164883.0
2025-08-04,4476.8,4504.03,4513.11,4452.11,5902249.0,729247236.0,1469164883.0
2025-08-05,4505.48,4611.5,4628.93,4505.12,9419227.0,1189113092.0,1469164883.0
2025-08-06,4606.06,4632.2,4647.08,4585.0,5604391.0,712686021.0,1469164883.0
2025-08-07,4617.67,4661.97,4701.55,4617.67,9411529.0,1206534783.0,1469164883.0
2025-08-08,4663.93,4599.54,4663.93,4551.72,8089915.0,990279509.0,1469164883.0
2025-08-11,4602.17,4747.52,4752.04,4602.17,11393331.0,1423819176.0,1469164883.0
2025-08-12,4747.52,4723.05,4921.11,4707.61,17352522.0,2217883734.0,1469164883.0
2025-08-13,4721.92,4735.47,4767.48,4669.58,9070610.0,1135600355.0,1469164883.0
2025-08-14,4735.47,4694.81,4805.89,4689.16,8695593.0,1095877193.0,1469164883.0
2025-08-15,4665.43,4695.56,4714.01,4637.57,8648937.0,1073216766.0,1469164883.0
2025-08-18,4694.05,4700.45,4748.65,4676.73,10087155.0,1261033542.0,1469164883.0
2025-08-19,4699.32,4759.57,4841.28,4678.61,15026308.0,1912980891.0,1469164883.0
2025-08-20,4733.21,4906.8,4989.27,4732.46,22875087.0,2988813923.0,1469164883.0
2025-08-21,4912.07,4881.95,4967.43,4868.02,10027039.0,1306740057.0,1469164883.0
2025-08-22,4881.57,4921.11,4925.25,4848.81,8999500.0,1167787755.0,1469164883.0
2025-08-25,4989.27,5233.65,5234.02,4955.38,21462428.0,2920003065.0,1469164883.0
2025-08-26,5196.37,5302.93,5384.64,5151.93,17817766.0,2488956834.0,1469164883.0
2025-08-27,5264.15,5038.97,5264.9,5016.38,20028507.0,2723404830.0,1469164883.0
2025-08-28,5000.56,5035.2,5070.6,4913.96,12374958.0,1642858625.0,1469164883.0
2025-08-29,5043.49,5165.87,5218.21,5041.98,14416288.0,1978510531.0,1469164883.0
2025-09-01,5121.06,5115.41,5163.98,5053.28,11846641.0,1606474174.0,1469164883.0
2025-09-02,5111.64,5160.6,5312.34,5093.95,16285276.0,2255018925.0,1469164883.0
2025-09-03,5176.41,5105.62,5301.8,5046.12,10301298.0,1407659852.0,1469164883.0
2025-09-04,5083.4,5049.14,5107.13,4977.97,9682423.0,1295665979.0,1469164883.0
2025-09-05,5048.76,5117.29,5129.72,4989.64,8191939.0,1101641244.0,1469164883.0
2025-09-08,5121.06,5267.16,5271.68,5099.59,14216539.0,1972858208.0,1469164883.0
2025-09-09,5249.46,5283.35,5292.76,5181.31,9628793.0,1340138176.0,1469164883.0
2025-09-10,5282.97,5255.86,5360.92,5185.82,12466650.0,1748527537.0,1469164883.0
2025-09-11,5234.02,5289.0,5305.19,5207.66,9278869.0,1294055418.0,1469164883.0
2025-09-12,5289.0,5234.02,5432.84,5230.26,10655893.0,1500553695.0,1469164883.0
2025-09-15,5211.05,5237.79,5264.15,5185.07,7059268.0,980269897.0,1469164883.0
2025-09-16,5240.8,5213.31,5251.34,5154.95,6103958.0,843149567.0,1469164883.0
2025-09-17,5196.37,5158.71,5237.79,5134.99,6988721.0,957885688.0,1469345363.0
2025-09-18,5160.6,5034.45,5180.55,4990.02,11694985.0,1575238206.0,1469345363.0
2025-09-19,5008.09,5077.75,5093.95,4968.56,8542139.0,1139332072.0,1469345363.0
2025-09-22,5064.58,5029.93,5086.42,4965.92,8094116.0,1079352964.0,1469345363.0
2025-09-23,5029.56,4993.41,5063.45,4970.44,6126806.0,813636225.0,1469345363.0
2025-09-24,4978.35,4967.05,5008.09,4944.83,6262095.0,825797269.0,1469345363.0
2025-09-25,4964.79,4874.8,4977.22,4874.04,9712219.0,1266819071.0,1469345363.0
2025-09-26,4851.07,4804.0,4868.77,4775.01,12710627.0,1624513513.0,1469345363.0
2025-09-29,4850.7,5010.35,5037.09,4819.82,16023345.0,2104263963.0,1469446263.0
2025-09-30,4976.09,4967.43,5034.45,4897.01,10255238.0,1356191180.0,1469446263.0
2025-10-09,4895.88,4889.86,4922.62,4784.42,12487311.0,1608055496.0,1469446263.0
2025-10-10,4870.65,4852.58,4919.6,4842.41,7950076.0,1030053388.0,1469446263.0
2025-10-13,4782.16,4793.46,4819.82,4770.87,7787267.0,991675250.0,1469446263.0
2025-10-14,4819.82,4994.91,5032.95,4780.28,18560169.0,2441054495.0,1469446263.0
2025-10-15,4959.14,5069.09,5111.27,4950.1,11413077.0,1528800066.0,1469446263.0
2025-10-16,5038.22,5160.6,5170.01,5038.22,10630292.0,1445763834.0,1469446263.0
2025-10-17,5141.77,5083.4,5182.81,5077.75,7875320.0,1071871669.0,1469446263.0
2025-10-20,5083.4,5013.74,5086.42,4989.27,8147329.0,1089540915.0,1469446263.0
2025-10-21,5008.09,5053.66,5131.98,4992.28,7826160.0,1054380429.0,1469446263.0
2025-10-22,5043.87,5070.98,5131.98,5027.3,5622342.0,757470906.0,1469446263.0
2025-10-23,5045.0,5142.9,5151.18,5018.64,7774581.0,1051123961.0,1469446263.0
2025-10-24,5121.06,4904.17,5132.73,4891.36,15693033.0,2075275159.0,1469446263.0
2025-10-27,4857.47,4872.54,4944.08,4842.41,9415683.0,1221951917.0,1469446263.0
2025-10-28,4872.16,4913.58,4997.93,4870.65,7159421.0,939450038.0,1469446263.0
2025-10-29,4910.19,4890.23,4928.64,4853.33,5785212.0,748797672.0,1469446263.0
2025-10-30,4876.3,4890.61,4977.22,4857.47,7914413.0,1034416876.0,1469446263.0
2025-10-31,4907.55,5066.08,5154.95,4907.55,19063560.0,2571305225.0,1469446263.0
2025-11-03,5045.0,5084.91,5141.77,4982.49,9952938.0,1337358921.0,1469446263.0
2025-11-04,5084.53,5011.86,5087.17,4977.59,6796659.0,907981683.0,1469446263.0
2025-11-05,4970.44,4976.84,5071.35,4950.1,6164267.0,819277229.0,1469446263.0
2025-11-06,5023.16,4966.67,5064.58,4957.64,6784954.0,899097694.0,1469446263.0
2025-11-07,4949.73,4957.26,5016.38,4947.85,5388745.0,712206522.0,1469446263.0
2025-11-10,4957.26,5365.44,5406.1,4936.55,28469814.0,3966471965.0,1469446263.0
2025-11-11,5309.33,5333.43,5362.8,5213.31,16129169.0,2264962244.0,1469446263.0
2025-11-12,5327.78,5342.09,5414.77,5309.33,10080933.0,1435569882.0,1469446263.0
2025-11-13,5334.18,5396.69,5459.2,5280.71,11411556.0,1629260880.0,1469446263.0
2025-11-14,5380.88,5257.37,5493.09,5256.99,9474533.0,1344771101.0,1469446263.0
2025-11-17,5237.79,5271.68,5315.73,5214.07,7802610.0,1091539462.0,1469446263.0
2025-11-18,5269.42,5262.26,5366.94,5230.26,7871781.0,1106104630.0,1469446263.0
2025-11-19,5234.78,5163.98,5270.17,5148.55,7977921.0,1099157151.0,1469446263.0
2025-11-20,5174.9,5153.06,5241.93,5142.14,5630106.0,774675240.0,1469265783.0
2025-11-21,5121.06,5053.28,5229.88,5041.61,10177131.0,1385066930.0,1469265783.0
2025-11-24,5072.11,5005.08,5121.06,4985.88,8916136.0,1193405285.0,1469265783.0
2025-11-25,5005.08,5030.31,5043.49,4970.81,7183720.0,956681331.0,1469265783.0
2025-11-26,5030.31,5080.77,5094.7,5026.92,6171939.0,830061482.0,1469265783.0
2025-11-27,5088.67,5083.78,5124.82,5040.48,6153900.0,829966657.0,1469265783.0
2025-11-28,5084.16,5116.54,5139.13,5053.66,5609216.0,761666394.0,1469265783.0
2025-12-01,5121.06,5112.02,5209.92,5066.46,6305216.0,860191369.0,1469265783.0
2025-12-02,5083.4,5034.08,5127.46,5034.08,4661914.0,627146691.0,1469265783.0
2025-12-03,5045.75,4996.8,5048.76,4970.44,4813797.0,639480775.0,1469265783.0
2025-12-04,4986.25,4808.9,5000.19,4780.66,14035050.0,1801422858.0,1469265783.0
2025-12-05,4807.77,4833.0,4844.67,4782.16,5555184.0,710454515.0,1469265783.0
2025-12-08,4804.76,4721.16,4830.74,4706.85,11742648.0,1481859251.0,1469265783.0
2025-12-09,4706.85,4598.41,4709.11,4560.0,12711894.0,1560058594.0,1469265783.0
2025-12-10,4579.2,4617.24,4642.46,4518.96,8299471.0,1012523217.0,1469265783.0
2025-12-11,4616.48,4571.3,4650.37,4569.79,5169935.0,631421065.0,1469265783.0
2025-12-12,4599.54,4630.79,4686.52,4564.14,12879574.0,1578162847.0,1469265783.0
2025-12-15,4686.9,4624.39,4732.46,4622.13,9519384.0,1183099685.0,1469265783.0
2025-12-16,4594.64,4626.27,4639.83,4581.09,5232686.0,641448192.0,1469265783.0
2025-12-17,4615.73,4598.03,4639.45,4546.82,7840578.0,957540701.0,1469265783.0
2025-12-18,4590.12,4592.76,4625.9,4575.06,5105821.0,623907149.0,1469265783.0
2025-12-19,4592.76,4597.28,4613.47,4569.41,6712305.0,817729627.0,1469265783.0
2025-12-22,4582.22,4568.66,4635.31,4561.51,8054542.0,982406281.0,1469265783.0
2025-12-23,4563.39,4533.64,4568.28,4500.13,7193371.0,866285818.0,1469265783.0
2025-12-24,4523.1,4516.32,4532.89,4492.6,5259257.0,630133981.0,1469265783.0
2025-12-25,4499.38,4545.69,4598.41,4499.38,8192097.0,989236042.0,1469265783.0
2025-12-26,4518.96,4495.61,4546.82,4486.57,7343791.0,879376087.0,1469265783.0
2025-12-29,4490.34,4413.52,4490.34,4405.62,9890591.0,1165557615.0,1469265783.0
2025-12-30,4412.02,4437.62,4447.04,4394.32,5283200.0,621021305.0,1469265783.0
2025-12-31,4425.57,4376.25,4437.25,4371.73,5839418.0,681749500.0,1469265783.0
2026-01-05,4376.25,4443.27,4457.58,4376.25,8781463.0,1032433205.0,1469265783.0
2026-01-06,4443.27,4466.62,4468.12,4393.94,10974756.0,1294015287.0,1469265783.0
2026-01-07,4467.75,4410.13,4473.39,4399.59,9367641.0,1101593073.0,1469265783.0
2026-01-08,4408.63,4390.18,4419.92,4349.89,7233119.0,842213070.0,1469265783.0
2026-01-09,4427.46,4400.34,4464.73,4379.26,8651180.0,1014017208.0,1469265783.0
2026-01-12,4400.72,4491.85,4522.72,4398.08,12964117.0,1541177178.0,1469265783.0
2026-01-13,4491.85,4443.27,4536.65,4429.71,12514426.0,1489341913.0,1469265783.0
2026-01-14,4413.9,4400.34,4497.49,4362.31,13697485.0,1610174502.0,1469265783.0
2026-01-15,4334.07,4343.86,4411.64,4330.68,8774097.0,1015170617.0,1469265783.0
2026-01-16,4351.02,4303.19,4367.58,4282.48,9085101.0,1040329460.0,1469265783.0
2026-01-19,4295.29,4277.21,4315.24,4266.29,7283334.0,829378743.0,1469265783.0
2026-01-20,4270.06,4377.75,4399.97,4253.11,15007920.0,1730220799.0,1469265783.0
2026-01-21,4353.28,4261.77,4367.21,4259.14,10695898.0,1218866555.0,1469265783.0
2026-01-22,4267.42,4230.52,4297.92,4225.63,8235413.0,930191567.0,1469265783.0
2026-01-23,4230.52,4218.85,4276.84,4213.95,8429404.0,948823404.0,1469265783.0
2026-01-26,4219.6,4233.53,4258.39,4119.44,16092518.0,1791130339.0,1469265783.0
2026-01-27,4239.93,4230.9,4272.69,4155.59,12121972.0,1355367046.0,1469265783.0
2026-01-28,4217.34,4252.74,4311.48,4200.4,13800938.0,1559535100.0,1469265783.0
2026-01-29,4276.84,4677.86,4677.86,4258.76,38936289.0,4658942931.0,1469265783.0
2026-01-30,4689.21,4602.78,4750.88,4592.12,31515526.0,3857853385.0,1469265783.0
2026-02-02,4537.3,4644.66,4810.65,4528.93,26849892.0,3306811884.0,1469265783.0
2026-02-03,4604.31,4656.08,4731.08,4581.85,14273630.0,1743384439.0,1469265783.0
2026-02-04,4626.39,4808.37,4849.1,4606.59,22480045.0,2809728295.0,1469265783.0
2026-02-05,4774.1,4776.39,4869.66,4760.78,15871076.0,2005188174.0,1469265783.0
2026-02-06,4777.53,4676.26,4826.64,4660.27,12251527.0,1510280327.0,1469265783.0
2026-02-09,4678.16,4617.63,4698.72,4576.52,14698272.0,1786272442.0,1469265783.0
2026-02-10,4606.59,4499.61,4606.59,4477.15,12866212.0,1522683319.0,1469265783.0
2026-02-11,4499.23,4490.09,4520.55,4454.31,8572875.0,1008430171.0,1469265783.0
2026-02-12,4475.25,4401.77,4490.09,4399.87,9332215.0,1083981222.0,1469265783.0
2026-02-13,4416.62,4425.75,4474.1,4382.35,9280111.0,1080706361.0,1469265783.0
2026-02-24,4448.6,4282.99,4474.1,4282.23,12607302.0,1429254116.0,1471256397.0
2026-02-25,4293.65,4298.98,4331.34,4286.79,8764349.0,990316967.0,1471256397.0
2026-02-26,4284.89,4225.88,4298.98,4204.56,10440141.0,1160864140.0,1471256397.0
2026-02-27,4227.4,4206.85,4244.54,4201.14,6481263.0,717623932.0,1471256397.0
2026-03-02,4148.98,4118.14,4194.66,4096.44,10817375.0,1173149902.0,1471256397.0
2026-03-03,4107.48,4092.63,4203.04,4066.36,12431724.0,1343782991.0,1471256397.0
2026-03-04,4066.36,3945.68,4066.36,3921.31,15604436.0,1626140054.0,1471256397.0
2026-03-05,3970.81,3956.72,3993.27,3937.68,6285320.0,654178830.0,1471256397.0
2026-03-06,3938.06,4034.76,4043.14,3929.31,8045189.0,843683989.0,1471256397.0
2026-03-09,3974.61,3997.84,4028.29,3960.53,6622794.0,695896034.0,1471256397.0
2026-03-10,4017.25,4000.12,4033.62,3991.74,6033692.0,635181567.0,1471256397.0
2026-03-11,4000.5,3989.84,4004.31,3961.67,7111309.0,743948162.0,1471256397.0
2026-03-12,3987.94,4004.31,4026.39,3955.2,7422666.0,776228865.0,1471256397.0
2026-03-13,3986.03,4106.34,4141.74,3982.99,13109496.0,1403484995.0,1471256397.0
2026-03-16,4092.63,4135.27,4200.37,4081.21,11696323.0,1275790059.0,1471256397.0
2026-03-17,4114.71,4116.62,4194.66,4100.25,8206227.0,893272377.0,1471256397.0
2026-03-18,4111.67,4067.89,4127.28,4041.62,5697700.0,609444873.0,1471256397.0
2026-03-19,4035.53,4012.68,4065.98,4002.4,4917486.0,520557068.0,1471256397.0
2026-03-20,4018.39,4005.07,4065.22,3991.74,5104025.0,539004714.0,1471256397.0
2026-03-23,3959.38,3899.99,3965.1,3884.77,8641529.0,890354463.0,1471256397.0
2026-03-24,3945.68,3936.16,3951.77,3878.67,5401255.0,555075560.0,1471256397.0
2026-03-25,3946.06,3953.29,3954.82,3921.31,5071209.0,524534834.0,1471256397.0
2026-03-26,3940.35,3879.44,3973.85,3874.87,7355226.0,755135531.0,1471256397.0
2026-03-27,3860.4,3951.01,3976.14,3852.79,7647566.0,789880653.0,1471256397.0
2026-03-30,3921.31,4008.88,4044.28,3904.56,8062033.0,844382679.0,1471256397.0
2026-03-31,4086.92,3985.27,4130.7,3982.23,8996592.0,957603447.0,1471256397.0
2026-04-01,4028.29,4045.42,4085.02,3959.38,6659368.0,706393522.0,1471256397.0
2026-04-02,4016.11,4034.0,4069.41,4005.83,4483582.0,474937782.0,1471256397.0
2026-04-03,4031.72,3969.66,4054.56,3963.19,4346404.0,454943139.0,1471256397.0
2026-04-07,3969.66,3939.97,3993.65,3912.94,4472673.0,462899721.0,1471256397.0
2026-04-08,3981.47,3998.6,3998.6,3959.77,5664161.0,592784862.0,1471256397.0
2026-04-09,3970.81,3913.7,3989.08,3904.56,7059079.0,728108837.0,1471256397.0
2026-04-10,3939.97,3902.66,3939.97,3890.86,8540755.0,876233499.0,1471256397.0
2026-04-13,3883.24,3899.61,3903.8,3859.64,5596485.0,569689430.0,1471256397.0
2026-04-14,3901.14,3929.31,3933.12,3868.01,7605750.0,779656867.0,1471256397.0
2026-04-15,3929.31,3924.74,3952.15,3890.86,7303144.0,751875387.0,1471256397.0
2026-04-16,3912.56,3923.22,3942.63,3900.37,5950877.0,612408774.0,1471256397.0
2026-04-17,3845.17,3852.79,3864.21,3828.42,9256034.0,935095082.0,1471256397.0
2026-04-20,3845.17,3831.85,3857.73,3814.71,7721370.0,777317193.0,1471256397.0
2026-04-21,3826.14,3830.32,3849.74,3822.33,4455793.0,448686699.0,1471256397.0
2026-04-22,3831.09,3816.24,3831.09,3796.44,8120880.0,812481713.0,1471256397.0
2026-04-23,3826.14,3877.53,3927.4,3825.37,11547755.0,1176539496.0,1471256397.0
2026-04-24,3841.36,3907.23,3942.25,3816.62,10851242.0,1111842858.0,1471256397.0
2026-04-27,3864.21,3820.43,3878.29,3814.71,7379413.0,744773831.0,1471256397.0
2026-04-28,3821.19,3814.71,3859.26,3799.49,6718251.0,673886656.0,1471256397.0
2026-04-29,3826.14,3872.96,3921.31,3821.57,12244425.0,1242514761.0,1471256397.0
2026-04-30,3858.12,3810.91,3887.05,3808.24,8984439.0,904951945.0,1471256397.0
2026-05-06,3692.89,3743.52,3746.19,3635.78,19221474.0,1858175908.0,1471256397.0
2026-05-07,3741.62,3770.93,3820.43,3730.96,11076146.0,1100361985.0,1471256397.0
2026-05-08,3768.65,3713.06,3769.79,3711.92,6855470.0,672134636.0,1471256397.0
2026-05-11,3710.02,3689.46,3743.52,3666.24,9919793.0,961663036.0,1471256397.0
2026-05-12,3685.65,3608.37,3689.08,3590.1,13876336.0,1319939374.0,1471256397.0
2026-05-13,3608.75,3529.18,3623.6,3510.91,11837384.0,1100847346.0,1471256397.0
2026-05-14,3526.52,3592.0,3662.05,3514.72,15180601.0,1425525597.0,1471256397.0
2026-05-15,3532.99,3464.46,3548.22,3454.94,13697805.0,1252907211.0,1471256397.0
2026-05-18,3464.46,3425.25,3483.12,3422.2,8217133.0,742840231.0,1471256397.0
2026-05-19,3430.96,3438.95,3517.76,3430.96,9012175.0,822327359.0,1471256397.0
2026-05-20,3432.1,3510.15,3552.02,3427.53,12216917.0,1126264668.0,1471256397.0
2026-05-21,3502.53,3480.45,3574.11,3472.46,9684505.0,894767421.0,1471256397.0
2026-05-22,3480.07,3427.15,3501.39,3414.59,7819870.0,704539788.0,1471256397.0
