date,open,close,high,low,volume,amount,amount
2020-01-02,24.17,24.28,24.4,24.02,677871.0,12215474.0,104901550.0
2020-01-03,24.28,24.36,24.37,24.17,585110.0,10541515.0,104901550.0
2020-01-06,24.23,24.41,24.56,24.22,690577.0,12496668.0,104901550.0
2020-01-07,24.44,24.72,24.77,24.3,764186.0,13994132.0,104901550.0
2020-01-08,24.71,24.46,24.99,24.4,884327.0,16126553.0,104901550.0
2020-01-09,24.72,24.68,24.87,24.45,602593.0,11031737.0,104901550.0
2020-01-10,24.72,24.53,24.75,24.41,512364.0,9356564.0,104901550.0
2020-01-13,24.63,24.61,24.75,24.44,640140.0,11693195.0,104901550.0
2020-01-14,24.56,24.57,24.79,24.52,354560.0,6486869.0,104901550.0
2020-01-15,24.71,24.29,24.71,24.26,689980.0,12490925.0,104901550.0
2020-01-16,24.28,24.37,24.53,24.13,438560.0,7933630.0,104901550.0
2020-01-17,24.25,24.44,24.77,24.25,556460.0,10110822.0,104901550.0
2020-01-20,24.54,25.03,25.51,24.5,1208043.0,22456160.0,104901550.0
2020-01-21,25.23,24.81,25.43,24.71,666520.0,12324690.0,104901550.0
2020-01-22,24.5,24.91,25.1,24.5,701790.0,12918612.0,104901550.0
2020-01-23,24.91,24.85,25.85,24.61,1739641.0,32669605.0,104901550.0
2020-02-03,22.36,22.36,22.36,22.36,292900.0,4865069.0,104901550.0
2020-02-04,20.13,21.54,21.68,20.13,2081578.0,32255570.0,104901550.0
2020-02-05,21.62,22.07,22.22,21.08,989340.0,16008347.0,104901550.0
2020-02-06,21.99,22.23,22.48,21.56,861600.0,14127105.0,104901550.0
2020-02-07,22.23,22.36,22.43,21.89,735080.0,12104263.0,104901550.0
2020-02-10,22.4,22.47,22.54,22.09,634215.0,10538295.0,104901550.0
2020-02-11,22.55,23.94,24.25,22.55,1799193.0,31390247.0,104901550.0
2020-02-12,26.25,26.34,26.34,25.55,7481351.0,146065353.0,104901550.0
2020-02-13,26.08,25.04,26.52,24.91,6708533.0,127644233.0,104901550.0
2020-02-14,24.64,26.2,26.25,24.19,5156668.0,95788868.0,104901550.0
2020-02-17,25.93,26.38,27.32,25.86,4256471.0,83954032.0,104901550.0
2020-02-18,26.05,26.0,26.51,25.63,2953695.0,56993853.0,104901550.0
2020-02-19,25.92,25.66,26.66,25.3,2529292.0,48673653.0,104901550.0
2020-02-20,25.47,26.59,26.91,25.12,4817831.0,93636189.0,104901550.0
2020-02-21,26.59,26.43,26.59,25.74,2857986.0,55692043.0,104901550.0
2020-02-24,25.8,27.33,27.44,25.8,4405348.0,86792123.0,104901550.0
2020-02-25,26.39,26.66,26.93,25.94,2948116.0,58039480.0,104901550.0
2020-02-26,26.27,25.39,26.55,25.33,2137829.0,41320940.0,104901550.0
2020-02-27,25.65,26.47,26.62,25.02,2579128.0,49782559.0,104901550.0
2020-02-28,25.94,25.33,26.2,25.18,1755606.0,33457263.0,104901550.0
2020-03-02,25.31,26.19,26.4,25.3,1913467.0,36990184.0,104901550.0
2020-03-03,26.63,28.22,28.27,26.23,4603339.0,93145838.0,104901550.0
2020-03-04,27.87,28.26,28.49,27.36,3307235.0,68561210.0,104901550.0
2020-03-05,28.54,28.18,29.08,27.9,2240852.0,46986115.0,104901550.0
2020-03-06,27.82,27.76,28.07,27.45,1419985.0,29300134.0,104901550.0
2020-03-09,27.88,26.62,27.88,26.48,2055886.0,41071281.0,104901550.0
2020-03-10,25.88,26.94,27.59,25.59,1689505.0,33418251.0,104901550.0
2020-03-11,27.06,26.66,27.67,26.66,1336059.0,26861427.0,104901550.0
2020-03-12,26.27,25.99,26.77,25.78,1180870.0,22937455.0,104901550.0
2020-03-13,25.02,26.19,26.24,24.44,1835917.0,34495655.0,104901550.0
2020-03-16,26.54,25.06,26.59,24.95,1322240.0,25262737.0,104901550.0
2020-03-17,25.18,25.26,25.82,23.97,1940058.0,35977299.0,104901550.0
2020-03-18,25.33,25.51,26.25,25.1,1746598.0,33390318.0,104901550.0
2020-03-19,25.5,25.54,25.84,25.11,1406806.0,26605904.0,104901550.0
2020-03-20,25.66,26.24,26.38,25.49,1927783.0,37208691.0,104901550.0
2020-03-23,25.69,25.43,26.16,25.31,963250.0,18452379.0,104901550.0
2020-03-24,25.84,26.48,27.47,25.84,2237861.0,43916561.0,104901550.0
2020-03-25,27.13,28.6,28.95,26.67,4420804.0,91053671.0,104901550.0
2020-03-26,28.3,29.12,29.43,27.82,4463364.0,95197385.0,104901550.0
2020-03-27,29.16,29.07,29.39,28.76,3586662.0,77501187.0,104901550.0
2020-03-30,28.64,26.64,28.64,26.16,3624360.0,72239593.0,104901550.0
2020-03-31,26.73,25.99,27.01,25.99,1350490.0,26512598.0,104901550.0
2020-04-01,26.21,26.12,26.56,25.82,980970.0,19035650.0,104901550.0
2020-04-02,25.72,26.39,26.52,25.51,1241348.0,24115331.0,104901550.0
2020-04-03,26.39,26.05,26.52,26.01,1051950.0,20457424.0,104901550.0
2020-04-07,26.35,27.01,27.13,26.21,1403517.0,27836332.0,104901550.0
2020-04-08,26.81,26.77,27.33,26.63,967227.0,19332438.0,104901550.0
2020-04-09,26.85,27.69,28.44,26.78,1546809.0,31436956.0,104901550.0
2020-04-10,27.82,27.88,28.22,27.26,2250500.0,46671276.0,104901550.0
2020-04-13,26.85,26.39,26.93,25.7,2044205.0,39894075.0,104901550.0
2020-04-14,26.39,26.36,26.52,26.11,958000.0,18724051.0,104901550.0
2020-04-15,29.0,27.05,29.0,26.36,2328560.0,47575540.0,104901550.0
2020-04-16,26.95,26.29,26.95,26.13,1388720.0,27194747.0,104901550.0
2020-04-17,26.54,26.39,26.75,26.0,1821667.0,35601725.0,104901550.0
2020-04-20,26.27,26.36,26.54,26.2,1144080.0,22397106.0,104901550.0
2020-04-21,26.52,25.53,26.52,25.5,1354539.0,25959289.0,104901550.0
2020-04-22,25.3,25.55,25.65,24.88,1670662.0,31325871.0,104901550.0
2020-04-23,25.37,25.51,25.7,25.37,737920.0,13989986.0,104901550.0
2020-04-24,25.51,25.23,25.93,24.92,801980.0,15175848.0,104901550.0
2020-04-27,24.93,25.04,25.31,24.87,665802.0,12399719.0,104901550.0
2020-04-28,25.18,24.91,25.18,23.72,1032780.0,18859628.0,104901550.0
2020-04-29,24.67,24.48,25.15,24.33,823960.0,15059976.0,104901550.0
2020-04-30,24.76,26.2,26.24,24.57,2115512.0,40234336.0,104901550.0
2020-05-06,25.85,26.52,26.56,25.76,1128030.0,22042776.0,104901550.0
2020-05-07,26.52,26.23,27.26,26.2,1281130.0,25290105.0,104901550.0
2020-05-08,26.34,26.66,26.91,26.23,1822420.0,36038864.0,104901550.0
2020-05-11,26.79,26.75,27.41,26.73,896510.0,17963379.0,104901550.0
2020-05-12,26.78,26.91,26.99,26.25,1218550.0,24084824.0,104901550.0
2020-05-13,26.9,26.66,27.02,26.4,763476.0,15157027.0,104901550.0
2020-05-14,26.82,26.82,26.9,26.38,1158250.0,22932701.0,104901550.0
2020-05-15,26.52,26.74,26.86,26.32,1081509.0,21362968.0,104901550.0
2020-05-18,26.44,27.26,27.51,25.94,2036290.0,40765107.0,104901550.0
2020-05-19,26.67,27.86,28.02,26.67,2184130.0,45010457.0,104901550.0
2020-05-20,27.47,27.78,28.52,27.47,3062973.0,64025217.0,104901550.0
2020-05-21,28.21,27.88,28.25,27.6,1705790.0,35422898.0,104901550.0
2020-05-22,27.87,28.13,28.37,27.55,1796197.0,37412458.0,104901550.0
2020-05-25,28.21,29.28,29.69,27.8,4295838.0,92711218.0,104901550.0
2020-05-26,29.22,28.83,29.3,28.57,2886226.0,61735657.0,104901550.0
2020-05-27,28.83,28.54,29.0,28.38,1515080.0,32133975.0,104901550.0
2020-05-28,28.64,28.76,29.63,28.44,3298040.0,71540131.0,104901550.0
2020-05-29,28.22,29.18,29.22,28.0,2292700.0,48981391.0,104901550.0
2020-06-01,29.23,29.26,29.5,28.81,1959230.0,42576982.0,104901550.0
2020-06-02,29.26,30.0,30.24,29.24,3248469.0,71909888.0,104901550.0
2020-06-03,30.0,29.35,30.24,29.11,2433769.0,53207049.0,104901550.0
2020-06-04,29.38,28.8,29.38,28.4,1448190.0,30990986.0,104901550.0
2020-06-05,29.01,28.97,29.75,28.81,1409044.0,30636532.0,104901550.0
2020-06-08,29.18,29.5,29.85,28.65,1803167.0,39372273.0,104901550.0
2020-06-09,29.62,29.0,29.66,28.87,1330200.0,28795362.0,104901550.0
2020-06-10,29.19,28.68,29.19,28.26,1444500.0,30648113.0,104901550.0
2020-06-11,28.99,28.96,29.51,28.66,1670780.0,35535034.0,104901550.0
2020-06-12,28.65,29.65,30.01,28.25,2073030.0,44738753.0,104901550.0
2020-06-15,30.42,29.81,30.44,29.58,2071739.0,45581467.0,104901550.0
2020-06-16,30.36,31.45,31.76,29.95,5056852.0,115501440.0,104901550.0
2020-06-17,31.38,31.56,31.76,30.85,3655878.0,83796866.0,104901550.0
2020-06-18,31.99,30.7,31.99,30.18,3568380.0,80329490.0,104901550.0
2020-06-19,30.7,30.52,31.01,30.31,1969270.0,44194720.0,104901550.0
2020-06-22,30.56,29.92,30.77,29.66,2612597.0,57678260.0,104901550.0
2020-06-23,29.99,30.29,30.31,29.7,2059880.0,45346613.0,104901550.0
2020-06-24,30.29,30.01,30.42,29.56,1707587.0,37365890.0,104901550.0
2020-06-29,29.74,29.54,30.03,29.18,1496965.0,32390505.0,104901550.0
2020-06-30,29.39,30.48,31.11,29.39,3232645.0,71895097.0,104901550.0
2020-07-01,30.49,31.02,31.16,30.29,2659090.0,59838825.0,104901550.0
2020-07-02,31.02,32.03,32.25,30.6,4140943.0,96694594.0,104901550.0
2020-07-03,31.82,31.91,32.47,31.45,3674917.0,85780584.0,104901550.0
2020-07-06,31.92,32.46,32.78,31.71,4655284.0,110124090.0,104901550.0
2020-07-07,32.74,31.45,32.74,31.35,5378634.0,125106375.0,104901550.0
2020-07-08,31.45,31.83,32.01,31.17,4809646.0,111876211.0,104901550.0
2020-07-09,31.99,31.72,32.16,31.5,4720218.0,109926649.0,104901550.0
2020-07-10,31.82,30.59,32.02,30.55,5700317.0,129930179.0,104901550.0
2020-07-13,30.74,32.72,32.74,30.72,11909180.0,278363573.0,104901550.0
2020-07-14,32.74,31.65,32.85,31.11,6958991.0,162231079.0,104901550.0
2020-07-15,31.52,30.9,31.69,30.55,3447274.0,78552648.0,104901550.0
2020-07-16,31.07,29.44,31.24,29.02,3876173.0,85388407.0,104901550.0
2020-07-17,29.44,29.95,30.0,28.72,2546127.0,54570877.0,104901550.0
2020-07-20,30.01,30.51,30.66,29.65,2478644.0,54786984.0,104901550.0
2020-07-21,30.49,30.18,30.9,30.15,2072855.0,46333935.0,104901550.0
2020-07-22,30.18,30.01,30.51,29.86,1568249.0,34718307.0,104901550.0
2020-07-23,29.82,30.34,30.4,28.86,1998185.0,43486924.0,104901550.0
2020-07-24,30.31,29.74,30.7,29.62,2076337.0,45939269.0,104901550.0
2020-07-27,29.89,29.11,29.89,28.65,1940048.0,41443124.0,104901550.0
2020-07-28,29.11,29.06,29.58,28.84,1467067.0,31382702.0,104901550.0
2020-07-29,28.91,29.86,30.1,28.75,1454780.0,31406826.0,104901550.0
2020-07-30,29.95,29.67,30.18,29.63,910460.0,19878300.0,104901550.0
2020-07-31,29.67,30.04,30.11,29.4,1339233.0,29246858.0,104901550.0
2020-08-03,30.04,31.97,32.69,30.04,5429794.0,125747924.0,104901550.0
2020-08-04,31.86,32.17,32.58,31.52,4578509.0,107961309.0,104901550.0
2020-08-05,31.94,33.26,33.83,31.94,5231128.0,127133350.0,104901550.0
2020-08-06,33.45,34.05,34.57,33.13,4775755.0,118495182.0,104901550.0
2020-08-07,34.11,34.8,35.19,33.02,4083331.0,102286187.0,104901550.0
2020-08-10,35.01,33.23,35.2,32.74,5381750.0,132755133.0,104901550.0
2020-08-11,33.44,34.64,36.15,33.44,6141182.0,158600218.0,104901550.0
2020-08-12,34.79,34.39,35.29,33.1,4104876.0,102264180.0,104901550.0
2020-08-13,35.76,34.8,35.76,34.12,3314490.0,85109323.0,104901550.0
2020-08-14,35.24,38.28,38.28,35.24,6176387.0,170317027.0,104901550.0
2020-08-17,39.5,42.12,42.12,38.47,12193995.0,359872622.0,104901550.0
2020-08-18,42.02,46.33,46.33,40.87,8438103.0,276990615.0,104901550.0
2020-08-19,48.71,47.82,50.89,45.2,13859053.0,484354214.0,104901550.0
2020-08-20,45.23,46.52,47.7,44.11,9367571.0,315483500.0,104901550.0
2020-08-21,45.84,44.78,47.31,44.48,8154568.0,274273691.0,104901550.0
2020-08-24,45.28,45.36,46.07,42.29,7127769.0,232621980.0,104901550.0
2020-08-25,45.27,45.75,45.92,44.44,4877679.0,161859916.0,104901550.0
2020-08-26,45.16,44.69,45.68,42.91,4519688.0,148740597.0,104901550.0
2020-08-27,44.52,45.65,46.28,44.52,2933883.0,97771291.0,104901550.0
2020-08-28,45.3,46.93,47.72,44.5,3961810.0,135180332.0,104901550.0
2020-08-31,47.11,51.63,51.63,47.11,2728653.0,100941080.0,104901550.0
2020-09-01,51.68,53.11,55.75,51.63,7637540.0,300857360.0,104901550.0
2020-09-02,52.69,52.03,52.94,49.62,7170290.0,268047257.0,104901550.0
2020-09-03,51.43,50.75,53.04,50.44,3582230.0,134832315.0,104901550.0
2020-09-04,49.65,49.52,51.0,48.91,3727900.0,135390441.0,104901550.0
2020-09-07,50.48,46.9,50.86,45.81,4810210.0,166721344.0,104901550.0
2020-09-08,46.65,42.21,46.65,42.21,4406810.0,139857314.0,104901550.0
2020-09-09,41.34,39.4,42.05,38.91,3937814.0,115271660.0,104901550.0
2020-09-10,39.73,41.87,43.34,39.26,5299520.0,161261323.0,104901550.0
2020-09-11,41.75,41.35,42.39,40.26,3105130.0,94329096.0,104901550.0
2020-09-14,41.35,43.63,44.2,39.97,3253648.0,101642815.0,104901550.0
2020-09-15,45.73,47.27,48.0,44.93,5730978.0,194980120.0,104901550.0
2020-09-16,46.35,45.23,47.68,45.2,4145500.0,140446537.0,104901550.0
2020-09-17,45.13,46.09,47.07,44.89,4698660.0,159527800.0,104901550.0
2020-09-18,46.45,46.54,47.52,45.09,3522136.0,119049557.0,104901550.0
2020-09-21,46.8,47.26,47.86,46.14,2709560.0,93807408.0,104901550.0
2020-09-22,47.74,46.97,48.16,46.48,2805920.0,96978651.0,104901550.0
2020-09-23,46.97,46.02,47.46,45.95,2063810.0,70145895.0,104901550.0
2020-09-24,45.58,44.79,45.72,44.2,2309700.0,76020534.0,104901550.0
2020-09-25,45.16,46.54,47.06,44.09,3308707.0,110703156.0,104901550.0
2020-09-28,46.52,48.57,49.12,46.36,3751268.0,132475677.0,104901550.0
2020-09-29,48.43,49.12,49.89,47.56,3355970.0,119932640.0,104901550.0
2020-09-30,48.91,51.91,52.74,48.43,6475583.0,241928316.0,104901550.0
2020-10-09,51.84,52.39,53.0,50.75,5021855.0,190431496.0,104901550.0
2020-10-12,53.21,53.82,56.16,52.79,5870384.0,232659559.0,104901550.0
2020-10-13,53.64,54.87,55.91,52.66,4286824.0,172166391.0,104901550.0
2020-10-14,55.39,54.07,55.91,53.63,4461685.0,178449020.0,104901550.0
2020-10-15,54.34,51.15,56.09,49.73,6369972.0,241901578.0,104901550.0
2020-10-16,51.84,50.6,51.84,49.66,3610844.0,133388912.0,104901550.0
2020-10-19,51.52,52.43,53.97,50.22,4103957.0,157156371.0,104901550.0
2020-10-20,51.84,52.64,53.82,51.24,3713523.0,142736656.0,104901550.0
2020-10-21,52.77,51.57,53.51,51.43,3037793.0,116991210.0,104901550.0
2020-10-22,52.57,51.37,52.57,50.48,2172150.0,81930507.0,104901550.0
2020-10-23,52.2,50.18,52.4,50.07,2214876.0,82880701.0,104901550.0
2020-10-26,49.43,50.47,51.13,48.95,1732440.0,63780359.0,104901550.0
2020-10-27,50.17,50.48,51.26,49.81,1355590.0,50131491.0,104901550.0
2020-10-28,51.0,50.97,51.05,50.21,1538240.0,57132760.0,104901550.0
2020-10-29,50.27,50.04,50.48,47.21,2853928.0,102905426.0,104901550.0
2020-10-30,49.78,48.46,49.85,48.01,2310690.0,82643786.0,104901550.0
2020-11-02,47.9,48.57,49.5,47.4,1645668.0,58641335.0,104901550.0
2020-11-03,49.18,48.0,49.73,46.71,2638700.0,91605906.0,104901550.0
2020-11-04,48.87,50.32,52.12,48.87,5225789.0,192841202.0,104901550.0
2020-11-05,50.42,53.21,55.12,50.04,6358295.0,246484061.0,104901550.0
2020-11-06,53.04,52.08,53.09,51.03,4080776.0,155526031.0,104901550.0
2020-11-09,52.08,53.02,53.64,50.48,5230554.0,199992543.0,104901550.0
2020-11-10,52.81,54.3,55.24,51.68,4920971.0,193782510.0,104901550.0
2020-11-11,55.95,55.68,58.52,54.33,7071415.0,293763841.0,104901550.0
2020-11-12,55.83,54.55,56.65,53.34,3817846.0,152659700.0,104901550.0
2020-11-13,55.49,56.28,57.03,53.67,3255828.0,132382182.0,104901550.0
2020-11-16,56.86,58.69,59.72,54.85,4810804.0,203962050.0,104901550.0
2020-11-17,58.53,60.06,60.3,57.93,3881760.0,168515772.0,104901550.0
2020-11-18,60.06,59.01,62.31,58.12,5090919.0,224852551.0,104901550.0
2020-11-19,58.67,59.95,60.62,57.3,4610509.0,198961280.0,104901550.0
2020-11-20,59.51,60.11,61.83,59.51,2802330.0,124770801.0,104901550.0
2020-11-23,60.96,61.9,62.01,58.69,3851356.0,170791242.0,104901550.0
2020-11-24,61.08,68.09,68.09,60.92,7420305.0,358499472.0,104901550.0
2020-11-25,70.23,66.35,72.31,66.35,7453414.0,378668896.0,104901550.0
2020-11-26,66.8,61.31,69.33,60.93,6045002.0,280579947.0,104901550.0
2020-11-27,61.41,61.04,61.89,57.61,5202196.0,228672920.0,104901550.0
2020-11-30,61.28,61.49,63.58,60.26,4028516.0,183283295.0,104901550.0
2020-12-01,61.64,61.24,62.21,60.71,2765985.0,124299608.0,104901550.0
2020-12-02,60.97,60.68,63.17,60.04,2827518.0,126877618.0,104901550.0
2020-12-03,60.49,58.54,61.07,57.3,3897042.0,166784229.0,104901550.0
2020-12-04,58.54,59.62,60.0,57.44,2091371.0,90820965.0,104901550.0
2020-12-07,59.17,59.01,60.71,58.95,1967010.0,86326278.0,104901550.0
2020-12-08,59.01,59.03,59.57,58.32,1983740.0,85786047.0,104901550.0
2020-12-09,59.05,57.1,60.71,56.63,2543070.0,109630771.0,104901550.0
2020-12-10,57.07,61.24,62.05,55.94,4538947.0,199178464.0,104901550.0
2020-12-11,61.24,58.71,61.9,57.98,2830090.0,123567437.0,104901550.0
2020-12-14,58.97,60.03,60.41,57.7,1896709.0,83096831.0,104901550.0
2020-12-15,60.03,59.21,63.17,58.8,3331243.0,148199505.0,104901550.0
2020-12-16,59.33,57.03,59.4,54.57,4693670.0,195239254.0,104901550.0
2020-12-17,57.23,57.82,58.84,55.65,3171502.0,133682267.0,104901550.0
2020-12-18,58.12,58.2,60.44,57.31,3509282.0,151988821.0,104901550.0
2020-12-21,57.98,58.6,59.89,57.41,2509342.0,108166616.0,104901550.0
2020-12-22,58.65,56.62,59.05,56.51,3027960.0,127255270.0,104901550.0
2020-12-23,56.62,55.25,57.25,54.35,4277510.0,173816826.0,104901550.0
2020-12-24,54.71,54.41,55.06,53.21,2687732.0,106937195.0,104901550.0
2020-12-25,54.97,53.48,55.17,53.3,2712915.0,107756218.0,104901550.0
2020-12-28,53.97,51.98,55.25,51.41,3005067.0,116670868.0,104901550.0
2020-12-29,51.95,52.57,53.06,51.45,2511772.0,96220925.0,104901550.0
2020-12-30,52.54,53.62,53.81,51.6,1916442.0,74770597.0,104901550.0
2020-12-31,53.41,53.81,54.16,51.71,3419739.0,132062801.0,104901550.0
2021-01-04,53.19,57.64,59.07,53.1,4967600.0,207687531.0,104901550.0
2021-01-05,57.3,58.46,58.67,56.82,2646800.0,112504800.0,104901550.0
2021-01-06,59.12,57.3,59.32,56.66,2093330.0,88226470.0,104901550.0
2021-01-07,57.3,55.38,58.02,54.45,3301470.0,134780257.0,104901550.0
2021-01-08,55.31,53.75,55.31,50.48,2056377.0,81036260.0,104901550.0
2021-01-11,53.74,52.08,53.89,51.3,2304250.0,88222700.0,104901550.0
2021-01-12,52.24,53.25,54.05,50.92,1861260.0,72798133.0,104901550.0
2021-01-13,53.21,51.75,53.96,51.48,1991585.0,76211804.0,104901550.0
2021-01-14,51.57,52.14,55.25,49.37,3103081.0,117953991.0,104901550.0
2021-01-15,53.34,50.51,54.57,50.21,3440093.0,130723213.0,104901550.0
2021-01-18,52.12,54.09,55.04,51.19,3915093.0,153035469.0,104901550.0
2021-01-19,54.3,52.32,54.3,51.03,3345061.0,127788446.0,104901550.0
2021-01-20,52.03,56.37,56.62,51.8,4545567.0,181742997.0,104901550.0
2021-01-21,56.32,54.63,57.56,54.59,3596050.0,147100158.0,104901550.0
2021-01-22,54.83,55.17,55.75,53.36,2456640.0,98032274.0,104901550.0
2021-01-25,54.7,55.38,56.88,54.44,2220040.0,90691309.0,104901550.0
2021-01-26,55.77,54.63,55.77,54.03,1424248.0,57009382.0,104901550.0
2021-01-27,54.64,52.32,55.21,51.98,2256102.0,87674185.0,104901550.0
2021-01-28,51.78,50.55,52.77,50.48,1822080.0,68449411.0,104901550.0
2021-01-29,50.22,49.5,51.52,48.46,1615481.0,59096197.0,104901550.0
2021-02-01,48.87,50.07,50.89,48.87,858445.0,31476134.0,104901550.0
2021-02-02,50.0,50.22,50.82,48.98,1290030.0,47127588.0,104901550.0
2021-02-03,50.07,48.53,50.07,48.36,1241360.0,44788298.0,104901550.0
2021-02-04,48.47,47.36,48.73,46.67,1199200.0,41688752.0,104901550.0
2021-02-05,47.18,45.4,47.86,44.9,1552870.0,52357695.0,104901550.0
2021-02-08,45.54,44.86,45.95,40.86,925000.0,30388563.0,104901550.0
2021-02-09,44.86,45.76,46.2,43.67,1518541.0,49954057.0,104901550.0
2021-02-10,45.76,46.5,47.21,45.57,1387536.0,47397717.0,104901550.0
2021-02-18,46.73,47.71,48.24,46.73,1466221.0,51249782.0,104901550.0
2021-02-19,49.05,47.82,49.05,47.72,1524198.0,54037484.0,104901550.0
2021-02-22,47.82,46.9,48.94,46.8,2109044.0,73567213.0,104901550.0
2021-02-23,47.07,45.81,47.07,45.36,1349730.0,45455232.0,104901550.0
2021-02-24,45.54,45.02,46.02,44.52,1079670.0,35766110.0,104901550.0
2021-02-25,45.36,44.98,45.95,44.49,1004690.0,33179061.0,104901550.0
2021-02-26,44.65,43.93,44.72,43.59,958500.0,30967527.0,104901550.0
2021-03-01,43.99,45.64,45.8,43.99,1026000.0,34044774.0,104901550.0
2021-03-02,45.92,43.79,46.85,43.75,2464626.0,81174398.0,104901550.0
2021-03-03,43.79,43.79,44.12,43.18,1334990.0,42698278.0,104901550.0
2021-03-04,43.79,43.23,44.14,42.88,1275830.0,40673636.0,104901550.0
2021-03-05,42.98,43.29,43.33,42.28,1104550.0,34644516.0,104901550.0
2021-03-08,43.33,42.42,43.73,42.33,1137270.0,35669492.0,104901550.0
2021-03-09,42.17,40.81,42.47,40.67,1105170.0,33411055.0,104901550.0
2021-03-10,41.43,38.72,41.45,38.08,4768189.0,135816742.0,104901550.0
2021-03-11,39.58,38.75,40.62,38.57,4441526.0,127210424.0,104901550.0
2021-03-12,38.53,39.37,39.5,38.06,2342978.0,66800077.0,104901550.0
2021-03-15,39.37,39.59,41.37,39.1,3401620.0,99900810.0,104901550.0
2021-03-16,39.59,38.57,39.97,38.41,2050600.0,58618703.0,104901550.0
2021-03-17,38.6,39.72,39.77,37.86,2180030.0,62456565.0,104901550.0
2021-03-18,39.78,41.3,41.54,39.44,2439957.0,73065670.0,104901550.0
2021-03-19,41.0,41.64,42.35,40.66,2364198.0,72152903.0,104901550.0
2021-03-22,41.43,44.27,44.52,41.04,3151508.0,100047256.0,104901550.0
2021-03-23,44.3,43.94,45.28,43.67,2120440.0,69138903.0,104901550.0
2021-03-24,43.66,44.24,45.84,43.34,2301117.0,75142845.0,104901550.0
2021-03-25,43.96,43.02,44.33,42.7,2192640.0,69512233.0,104901550.0
2021-03-26,43.39,43.86,44.33,42.65,1983250.0,63143090.0,104901550.0
2021-03-29,43.9,44.93,45.13,43.88,2051050.0,66794518.0,104901550.0
2021-03-30,44.67,44.94,45.92,44.08,2287530.0,75081729.0,104901550.0
2021-03-31,46.11,43.79,46.21,43.66,1420560.0,46121038.0,104901550.0
2021-04-01,43.55,42.92,44.04,42.74,1433710.0,45343140.0,104901550.0
2021-04-02,43.34,42.76,43.34,42.09,2017870.0,62912178.0,104901550.0
2021-04-06,43.11,47.03,47.03,42.76,6371029.0,213289289.0,104901550.0
2021-04-07,47.18,44.82,47.33,44.76,5897842.0,195688969.0,104901550.0
2021-04-08,44.56,43.94,45.23,43.93,3188967.0,103720142.0,104901550.0
2021-04-09,43.78,44.14,44.39,43.28,1986000.0,63904800.0,104901550.0
2021-04-12,44.08,41.54,44.5,41.07,4520208.0,140673069.0,104901550.0
2021-04-13,41.34,41.54,42.01,40.41,1773070.0,53526062.0,104901550.0
2021-04-14,41.19,42.09,42.29,40.78,1414087.0,43176716.0,104901550.0
2021-04-15,41.95,42.74,43.18,41.57,1691814.0,52864984.0,104901550.0
2021-04-16,42.74,47.01,47.01,42.73,7106739.0,239702396.0,104901550.0
2021-04-19,49.12,51.72,51.72,47.86,12110011.0,447006993.0,104901550.0
2021-04-20,50.38,50.14,51.35,49.24,7831293.0,288690605.0,104901550.0
2021-04-21,49.78,47.44,50.47,47.29,6923080.0,243945348.0,104901550.0
2021-04-22,47.75,47.61,48.3,47.22,4329440.0,151027911.0,104901550.0
2021-04-23,47.78,47.37,48.16,46.77,3695911.0,128321919.0,104901550.0
2021-04-26,47.34,49.05,49.91,46.67,5614894.0,200421892.0,104901550.0
2021-04-27,48.57,44.15,48.57,44.15,6620400.0,218097180.0,104901550.0
2021-04-28,43.52,44.38,45.27,42.95,2942910.0,95819925.0,104901550.0
2021-04-29,44.33,44.2,45.16,43.66,2263190.0,73584651.0,104901550.0
2021-04-30,44.23,43.37,44.48,42.98,2003750.0,63627554.0,104901550.0
2021-05-06,43.25,42.55,43.52,42.44,1805500.0,56664356.0,104901550.0
2021-05-07,42.69,42.38,43.33,41.84,2065180.0,64293940.0,104901550.0
2021-05-10,42.4,43.39,43.59,41.88,1691000.0,52982533.0,104901550.0
2021-05-11,43.33,42.27,43.33,40.93,2585490.0,79184651.0,104901550.0
2021-05-12,42.03,45.7,46.5,41.37,3943636.0,127911380.0,104901550.0
2021-05-13,46.39,47.01,47.97,45.1,5001162.0,171896654.0,104901550.0
2021-05-14,46.33,50.44,51.72,45.7,10329957.0,376792982.0,104901550.0
2021-05-17,50.33,49.09,51.71,47.96,7726920.0,280578800.0,104901550.0
2021-05-18,48.57,48.54,49.8,48.28,2679000.0,95891948.0,104901550.0
2021-05-19,48.77,48.0,50.41,47.82,3672850.0,131570720.0,104901550.0
2021-05-20,47.86,48.09,49.21,47.86,1983030.0,70351770.0,104901550.0
2021-05-21,47.96,48.02,49.32,47.89,2039700.0,72389236.0,104901550.0
2021-05-24,47.78,45.27,48.6,45.15,4329870.0,147165675.0,104901550.0
2021-05-25,45.43,45.5,46.06,43.94,2733600.0,90386396.0,104901550.0
2021-05-26,45.7,45.79,46.1,44.9,1772559.0,59283659.0,104901550.0
2021-05-27,45.99,45.65,46.78,45.17,2071410.0,69820129.0,104901550.0
2021-05-28,45.65,45.76,46.55,45.43,2222110.0,74875394.0,104901550.0
2021-05-31,45.45,46.36,46.6,44.59,2613160.0,87905506.0,104901550.0
2021-06-01,46.28,48.28,48.31,46.09,3609896.0,125578261.0,104901550.0
2021-06-02,48.84,48.49,49.96,47.63,3787120.0,135144966.0,104901550.0
2021-06-03,48.57,46.86,48.9,46.8,2774720.0,97066181.0,104901550.0
2021-06-04,47.07,49.24,49.82,46.05,4341290.0,154811721.0,104901550.0
2021-06-07,49.25,47.44,49.36,47.22,5585110.0,196164057.0,104901550.0
2021-06-08,47.43,47.99,48.64,46.31,3991530.0,98140364.0,104901550.0
2021-06-09,47.33,46.5,47.43,45.91,3536190.0,85465900.0,146303450.0
2021-06-10,46.52,45.37,46.85,45.08,3950385.0,93731587.0,146303450.0
2021-06-11,45.13,44.13,45.77,44.09,3232580.0,75264885.0,146303450.0
2021-06-15,44.44,44.98,46.19,44.44,2239405.0,52784353.0,146303450.0
2021-06-16,44.36,43.36,44.54,42.98,2744350.0,61820892.0,146303450.0
2021-06-17,43.01,43.05,43.82,42.88,1572892.0,35233182.0,146303450.0
2021-06-18,43.05,45.48,45.85,42.92,3572202.0,82823512.0,146303450.0
2021-06-21,45.48,45.29,46.04,44.86,1991650.0,46820360.0,146303450.0
2021-06-22,45.29,47.06,47.54,44.73,4232011.0,101633376.0,146303450.0
2021-06-23,47.37,47.6,48.32,46.33,4635698.0,114203751.0,146303450.0
2021-06-24,47.64,48.66,50.61,46.48,8121622.0,207871357.0,146303450.0
2021-06-25,48.53,49.22,50.05,48.24,4426460.0,112791319.0,146303450.0
2021-06-28,50.01,50.8,52.58,50.01,11254386.0,299944072.0,146303450.0
2021-06-29,50.71,49.95,50.71,48.68,6506439.0,167646894.0,146303450.0
2021-06-30,49.95,50.8,52.15,49.8,5344901.0,141764330.0,146303450.0
2021-07-01,51.09,51.63,52.54,50.71,6075700.0,163388135.0,146303450.0
2021-07-02,51.67,52.25,52.25,50.63,4775972.0,127888420.0,146303450.0
2021-07-05,52.25,51.84,52.73,50.11,5059864.0,134464829.0,146303450.0
2021-07-06,51.46,50.65,51.67,49.36,4886115.0,127157755.0,146303450.0
2021-07-07,52.35,47.16,52.35,45.58,11989665.0,292004262.0,146303450.0
2021-07-08,46.66,44.96,47.08,44.25,7636420.0,179956927.0,146303450.0
2021-07-09,44.34,46.73,47.31,44.25,5563344.0,133786484.0,146303450.0
2021-07-12,47.27,46.66,47.8,46.04,5472417.0,132549889.0,146303450.0
2021-07-13,46.45,47.14,47.31,45.77,3943087.0,95190480.0,146303450.0
2021-07-14,47.24,45.52,47.24,45.35,3838664.0,91655473.0,160609845.0
2021-07-15,45.39,45.69,46.0,44.73,2954264.0,69519156.0,160609845.0
2021-07-16,45.83,45.77,46.72,45.5,2438799.0,58164285.0,160609845.0
2021-07-19,45.62,46.04,46.04,45.02,2029604.0,48014912.0,160609845.0
2021-07-20,45.52,45.67,46.06,45.33,1557869.0,36855554.0,160609845.0
2021-07-21,45.67,45.58,46.04,45.5,2267530.0,53798676.0,160609845.0
2021-07-22,45.4,48.22,49.74,43.71,10977620.0,264289803.0,160609845.0
2021-07-23,46.56,47.06,48.39,45.94,7363466.0,179137354.0,160609845.0
2021-07-26,46.31,45.04,46.31,44.69,4178635.0,98409483.0,160609845.0
2021-07-27,45.1,45.31,46.56,44.11,4302181.0,101038657.0,160609845.0
2021-07-28,45.31,44.63,45.65,43.96,3284872.0,76278774.0,160609845.0
2021-07-29,44.92,44.73,45.27,44.36,2619455.0,60775794.0,160609845.0
2021-07-30,44.54,43.77,44.94,43.77,3209900.0,73461052.0,160609845.0
2021-08-02,43.75,44.04,44.92,42.99,2941228.0,67540451.0,160609845.0
2021-08-03,44.05,42.99,44.56,42.94,3411368.0,77030027.0,160609845.0
2021-08-04,43.03,42.2,43.38,41.64,5134270.0,112809027.0,160609845.0
2021-08-05,42.18,40.45,42.53,40.3,5776496.0,122685756.0,160609845.0
2021-08-06,40.45,40.1,40.53,38.69,4211115.0,86322224.0,160609845.0
2021-08-09,40.26,40.66,40.93,39.79,2323271.0,48712821.0,160609845.0
2021-08-10,40.66,39.79,40.87,39.45,2712838.0,56264055.0,160609845.0
2021-08-11,39.79,40.2,40.49,39.52,2188647.0,45432676.0,160609845.0
2021-08-12,40.26,41.28,41.45,39.91,3041841.0,64470180.0,160609845.0
2021-08-13,41.07,40.68,41.64,40.22,2497180.0,52928105.0,160609845.0
2021-08-16,40.62,40.49,41.1,40.12,1820102.0,38262894.0,160609845.0
2021-08-17,40.41,39.54,40.78,39.52,1801160.0,37351379.0,160609845.0
2021-08-18,39.35,39.68,39.95,39.06,1645283.0,33585464.0,160609845.0
2021-08-19,39.79,38.95,39.81,38.85,1570680.0,31854155.0,160609845.0
2021-08-20,39.14,37.52,39.14,37.21,2463563.0,48209139.0,160609845.0
2021-08-23,37.71,40.68,40.91,37.71,3801494.0,77848543.0,160609845.0
2021-08-24,40.78,42.32,42.88,40.01,5504214.0,119503139.0,160609845.0
2021-08-25,42.34,40.83,43.51,40.8,5318160.0,115235881.0,160609845.0
2021-08-26,39.97,40.08,41.37,39.81,2597149.0,54438629.0,160609845.0
2021-08-27,40.08,40.26,41.09,39.54,3034516.0,63134228.0,160609845.0
2021-08-30,40.24,38.71,40.68,38.56,2902841.0,59379060.0,160609845.0
2021-08-31,38.33,38.71,39.39,38.33,1427376.0,28713204.0,160609845.0
2021-09-01,38.62,38.66,38.98,37.56,2313750.0,45975312.0,160609845.0
2021-09-02,38.66,38.66,38.89,38.19,1375276.0,27524658.0,160609845.0
2021-09-03,38.75,38.87,39.43,38.48,2010800.0,40581801.0,160609845.0
2021-09-06,40.06,39.76,41.03,39.54,2944299.0,61388721.0,160609845.0
2021-09-07,39.7,40.1,40.26,39.16,2104039.0,43517992.0,160609845.0
2021-09-08,40.1,40.24,40.45,39.77,1857148.0,38585941.0,160609845.0
2021-09-09,40.26,39.81,40.26,39.6,2020798.0,41774878.0,160609845.0
2021-09-10,39.83,39.97,40.31,39.81,1533488.0,31838220.0,160609845.0
2021-09-13,39.95,40.64,40.7,39.27,2106461.0,43894965.0,160609845.0
2021-09-14,40.68,40.33,41.36,40.14,2020206.0,42545771.0,160609845.0
2021-09-15,40.06,39.2,40.3,39.1,3007770.0,61770242.0,160609845.0
2021-09-16,39.23,38.31,39.41,38.0,2801018.0,56046061.0,160609845.0
2021-09-17,38.42,38.44,38.58,37.85,1377644.0,27262901.0,160609845.0
2021-09-22,38.23,38.52,38.81,37.81,1251041.0,24941067.0,160609845.0
2021-09-23,38.52,38.42,38.75,38.39,1340802.0,26774297.0,160609845.0
2021-09-24,38.48,37.79,38.6,37.69,1583280.0,31197577.0,160609845.0
2021-09-27,37.79,37.83,38.25,37.36,1318230.0,25799235.0,160609845.0
2021-09-28,38.1,37.52,38.1,37.21,1252091.0,24375493.0,160609845.0
2021-09-29,37.31,36.27,37.48,36.25,1739395.0,33016393.0,160609845.0
2021-09-30,36.28,36.5,36.82,36.28,864032.0,16383376.0,160609845.0
2021-10-08,36.98,37.02,37.33,36.63,867791.0,16663489.0,160609845.0
2021-10-11,37.27,36.9,37.29,36.79,914434.0,17525536.0,160609845.0
2021-10-12,36.9,36.55,36.9,36.11,1036926.0,19595958.0,160609845.0
2021-10-13,36.38,36.94,37.09,36.25,1107388.0,21060674.0,160609845.0
2021-10-14,36.88,36.9,37.13,36.69,629865.0,12062832.0,160609845.0
2021-10-15,36.9,36.75,37.09,36.65,562966.0,10730888.0,160609845.0
2021-10-18,37.17,38.44,38.95,36.63,2428289.0,48004370.0,160609845.0
2021-10-19,38.29,39.08,39.64,38.0,2222778.0,45137194.0,160609845.0
2021-10-20,39.43,39.29,39.43,38.52,2455172.0,49633877.0,160609845.0
2021-10-21,38.85,39.52,39.64,38.73,2700160.0,55046840.0,160609845.0
2021-10-22,39.83,39.7,40.03,39.18,1971160.0,40519072.0,160609845.0
2021-10-25,39.5,39.0,39.99,38.71,1990108.0,40528859.0,160609845.0
2021-10-26,38.95,37.89,39.08,37.89,2076870.0,41308510.0,160609845.0
2021-10-27,37.83,36.82,38.14,36.63,1644730.0,31621641.0,160609845.0
2021-10-28,36.63,36.88,37.35,36.3,1058748.0,20183945.0,160609845.0
2021-10-29,36.84,37.11,37.25,36.63,1017720.0,19524115.0,160609845.0
2021-11-01,37.11,37.21,37.6,36.5,1060300.0,20430185.0,160609845.0
2021-11-02,37.21,36.46,37.42,36.15,1451090.0,27581062.0,160609845.0
2021-11-03,36.4,36.38,36.69,35.98,1029240.0,19320390.0,160609845.0
2021-11-04,36.38,36.4,36.75,36.25,1362974.0,25790007.0,160609845.0
2021-11-05,36.4,38.0,38.1,36.0,3271686.0,63420885.0,160609845.0
2021-11-08,38.58,39.27,40.26,38.25,3935008.0,80375604.0,160609845.0
2021-11-09,39.72,42.07,42.38,39.16,9516219.0,201679271.0,160609845.0
2021-11-10,41.28,42.82,43.26,41.28,8420594.0,184501349.0,160609845.0
2021-11-11,42.82,40.89,44.54,40.87,8006103.0,175381694.0,160609845.0
2021-11-12,40.72,42.34,43.01,40.53,6566174.0,141952058.0,160609845.0
2021-11-15,42.3,43.09,43.82,42.18,5677462.0,126572875.0,160609845.0
2021-11-16,42.92,41.8,42.99,41.72,4240634.0,92875654.0,160609845.0
2021-11-17,42.82,42.42,42.82,41.37,2841433.0,61863236.0,160609845.0
2021-11-18,42.36,41.05,42.36,41.03,2629228.0,56588463.0,160609845.0
2021-11-19,41.16,41.63,42.47,40.97,3063224.0,66288550.0,160609845.0
2021-11-22,41.63,45.79,45.79,41.45,9704944.0,223443471.0,160609845.0
2021-11-23,48.24,49.68,50.38,48.24,25169170.0,649340925.0,160609845.0
2021-11-24,49.74,51.9,53.39,49.74,22977817.0,615904907.0,160609845.0
2021-11-25,55.93,56.14,57.09,53.21,34357239.0,994037171.0,160609845.0
2021-11-26,54.0,56.86,58.42,53.69,20801331.0,606873929.0,160609845.0
2021-11-29,56.88,62.47,62.54,55.91,30697083.0,966320472.0,160609845.0
2021-11-30,62.18,60.35,63.43,58.67,20862154.0,658101110.0,160609845.0
2021-12-01,60.35,60.73,61.5,58.36,9397741.0,290754227.0,160609845.0
2021-12-02,60.73,58.01,60.73,57.97,8883186.0,272068844.0,160609845.0
2021-12-03,57.49,55.76,58.4,54.37,15215434.0,444136592.0,160609845.0
2021-12-06,56.8,56.47,58.32,55.64,11589134.0,342702479.0,160609845.0
2021-12-07,56.53,56.78,57.8,54.87,9502906.0,276602336.0,160609845.0
2021-12-08,57.38,57.74,58.71,55.91,10668320.0,317857341.0,160609845.0
2021-12-09,57.18,54.0,58.86,53.91,13391734.0,385479151.0,160609845.0
2021-12-10,54.5,52.4,54.5,50.67,12549696.0,337814117.0,160609845.0
2021-12-13,52.54,52.15,53.02,51.07,6778888.0,183017099.0,160609845.0
2021-12-14,52.0,51.13,52.5,50.67,8019305.0,212462516.0,160609845.0
2021-12-15,51.07,51.46,52.13,50.32,8273582.0,220750393.0,160609845.0
2021-12-16,51.69,52.65,53.42,51.23,9092731.0,246355136.0,160609845.0
2021-12-17,52.65,50.19,52.65,50.13,7616195.0,201321822.0,160609845.0
2021-12-20,50.13,50.9,51.75,49.74,7412534.0,195816040.0,160609845.0
2021-12-21,51.57,52.58,53.29,50.34,11518106.0,311234815.0,160609845.0
2021-12-22,52.4,53.5,54.7,51.19,11907194.0,326050148.0,160609845.0
2021-12-23,54.76,54.27,55.1,52.44,10105616.0,283291168.0,160609845.0
2021-12-24,53.98,53.85,56.88,53.21,11198039.0,318567840.0,160609845.0
2021-12-27,54.95,50.69,56.43,50.13,11905958.0,326373126.0,160609845.0
2021-12-28,51.05,48.57,51.05,47.43,11908702.0,300269316.0,160609845.0
2021-12-29,48.86,49.03,49.68,47.45,5552288.0,140449620.0,160609845.0
2021-12-30,48.62,50.32,50.86,48.18,5756726.0,147975225.0,160609845.0
2021-12-31,50.13,49.59,50.49,48.74,4936960.0,126963746.0,160609845.0
2022-01-04,49.47,49.51,50.09,48.93,3423700.0,87909285.0,160609845.0
2022-01-05,49.65,45.79,49.65,45.79,8266359.0,201043284.0,160609845.0
2022-01-06,45.91,50.38,50.38,45.65,9413982.0,237236964.0,160609845.0
2022-01-07,50.71,49.84,51.09,48.6,10522517.0,271974174.0,160609845.0
2022-01-10,49.84,49.13,49.9,47.16,5178703.0,130359681.0,160609845.0
2022-01-11,50.01,47.81,50.03,47.56,3888419.0,97301474.0,160609845.0
2022-01-12,47.89,49.16,49.26,47.68,3671686.0,92239470.0,160609845.0
2022-01-13,48.8,47.37,48.99,47.27,3858584.0,95955384.0,160609845.0
2022-01-14,47.14,52.11,52.11,46.73,15038665.0,399672857.0,160609845.0
2022-01-17,52.46,53.56,55.55,51.59,16220996.0,448822398.0,160609845.0
2022-01-18,53.46,52.09,53.54,50.71,8783600.0,236175918.0,160609845.0
2022-01-19,51.67,50.8,51.69,49.8,5621734.0,147532816.0,160609845.0
2022-01-20,50.17,48.68,50.57,48.3,5486480.0,139483900.0,160609845.0
2022-01-21,48.26,46.46,48.66,46.08,5080278.0,124744946.0,160609845.0
2022-01-24,45.81,46.27,47.2,45.65,3347740.0,80903878.0,160609845.0
2022-01-25,46.04,43.78,46.5,43.57,5629590.0,129953977.0,160609845.0
2022-01-26,43.32,43.24,44.31,42.07,4366268.0,97385572.0,160609845.0
2022-01-27,43.38,42.28,44.19,42.07,4480652.0,99154460.0,160609845.0
2022-01-28,42.13,41.49,42.9,40.8,3032625.0,65607638.0,160609845.0
2022-02-07,42.42,42.22,43.09,42.01,2905205.0,63848864.0,160609845.0
2022-02-08,42.38,42.22,42.78,41.16,2914300.0,63469953.0,160609845.0
2022-02-09,42.24,43.11,43.28,41.39,3700353.0,81584255.0,160609845.0
2022-02-10,42.96,41.51,43.11,40.49,5684800.0,122986759.0,160609845.0
2022-02-11,41.51,40.41,41.76,40.12,3912807.0,82252047.0,160609845.0
2022-02-14,40.39,39.85,40.85,38.56,3726031.0,77374347.0,160609845.0
2022-02-15,40.3,40.91,41.26,39.91,3094029.0,65245003.0,160609845.0
2022-02-16,40.97,41.36,41.51,40.37,2922466.0,62198126.0,160609845.0
2022-02-17,41.36,42.51,43.24,41.26,4937804.0,108132881.0,160609845.0
2022-02-18,41.76,44.54,45.15,41.45,8763887.0,200166569.0,160609845.0
2022-02-21,44.54,42.96,44.54,42.57,4705817.0,105119018.0,160609845.0
2022-02-22,42.55,42.69,42.8,41.57,3148463.0,68862574.0,160609845.0
2022-02-23,42.61,42.92,43.15,42.32,3671989.0,81611964.0,160609845.0
2022-02-24,42.8,41.12,43.07,40.62,3747575.0,81095903.0,160609845.0
2022-02-25,41.41,42.15,42.72,41.41,3306466.0,72437105.0,160609845.0
2022-02-28,42.32,41.49,42.4,41.01,3039946.0,65249092.0,160609845.0
2022-03-01,41.55,41.55,41.93,41.12,2060264.0,44303672.0,160609845.0
2022-03-02,41.18,41.64,42.07,40.93,1864176.0,40203956.0,160609845.0
2022-03-03,41.82,40.8,41.93,40.68,2277480.0,48512396.0,160609845.0
2022-03-04,40.55,39.95,41.03,39.72,2357600.0,49168592.0,160609845.0
2022-03-07,39.66,38.98,40.2,38.56,3315408.0,67526480.0,160609845.0
2022-03-08,38.98,37.58,39.54,37.31,3192265.0,62963441.0,160609845.0
2022-03-09,37.71,36.73,38.14,35.28,2997899.0,57072903.0,160609845.0
2022-03-10,37.6,37.56,38.27,37.02,2649955.0,51938711.0,160609845.0
2022-03-11,37.33,37.75,37.87,36.42,1775956.0,34153396.0,160609845.0
2022-03-14,37.65,35.71,37.71,35.59,3482582.0,65752411.0,160609845.0
2022-03-15,35.55,33.66,35.8,33.59,3020582.0,54406111.0,160609845.0
2022-03-16,34.14,34.59,34.82,32.85,2966613.0,52355647.0,160609845.0
2022-03-17,34.88,35.13,36.01,34.76,3412623.0,62814897.0,160609845.0
2022-03-18,35.24,35.17,35.63,34.72,1831053.0,33482238.0,160609845.0
2022-03-21,35.17,35.63,36.21,35.01,3135336.0,57848755.0,160609845.0
2022-03-22,35.49,35.28,35.71,34.86,1814925.0,33193096.0,160609845.0
2022-03-23,35.46,35.51,35.76,35.09,1575860.0,29031095.0,160609845.0
2022-03-24,35.22,35.07,35.4,34.8,1573380.0,28582202.0,160609845.0
2022-03-25,35.28,35.07,35.96,34.99,1941890.0,35658920.0,160609845.0
2022-03-28,34.68,34.74,35.19,34.13,1501296.0,26998168.0,160609845.0
2022-03-29,34.82,34.45,35.17,34.32,1425960.0,25613456.0,160609845.0
2022-03-30,34.72,35.07,35.28,34.32,1832200.0,33172148.0,160609845.0
2022-03-31,35.75,35.36,36.23,35.28,5717105.0,106012817.0,160609845.0
2022-04-01,35.38,35.03,35.61,34.82,2381680.0,43321078.0,160609845.0
2022-04-06,35.05,38.54,38.54,35.03,5412372.0,103816857.0,160609845.0
2022-04-07,39.22,38.56,39.25,37.77,7835913.0,156339379.0,160609845.0
2022-04-08,39.54,37.75,39.68,37.42,6954970.0,137964379.0,160609845.0
2022-04-11,37.38,36.55,37.6,35.98,4832185.0,91644686.0,160609845.0
2022-04-12,36.05,36.48,36.57,34.78,5373444.0,99718713.0,160609845.0
2022-04-13,36.46,34.47,36.46,34.47,4383822.0,79625954.0,160609845.0
2022-04-14,34.47,35.11,35.96,34.47,3212192.0,58769676.0,160609845.0
2022-04-15,35.11,34.8,35.48,34.13,3355120.0,60464403.0,160609845.0
2022-04-18,35.21,38.29,38.29,34.99,12726794.0,248742122.0,160609845.0
2022-04-19,38.56,38.06,39.14,37.31,13468109.0,265762576.0,160609845.0
2022-04-20,37.4,38.27,39.02,37.4,10248688.0,203438157.0,160609845.0
2022-04-21,37.4,36.55,38.14,36.44,6210257.0,119861479.0,160609845.0
2022-04-22,36.92,37.4,38.46,36.27,8009521.0,156032498.0,160609845.0
2022-04-25,36.15,33.66,36.19,33.66,8021900.0,145082792.0,160609845.0
2022-04-26,32.97,30.46,33.55,30.29,8890163.0,144734696.0,160609845.0
2022-04-27,28.96,31.52,32.06,28.77,6166295.0,96608140.0,160609845.0
2022-04-28,31.43,30.4,31.43,29.59,5257849.0,82494134.0,160609845.0
2022-04-29,29.85,30.94,31.21,29.25,5121880.0,81067272.0,159213045.0
2022-05-05,30.52,30.81,31.41,30.21,3519280.0,56484651.0,159213045.0
2022-05-06,29.88,31.19,31.7,29.54,3968795.0,63525395.0,159213045.0
2022-05-09,30.71,30.85,31.48,30.5,2780322.0,44568987.0,159213045.0
2022-05-10,30.39,30.13,30.81,29.67,8733125.0,136287592.0,159213045.0
2022-05-11,30.08,33.14,33.14,29.67,15617825.0,263458260.0,159213045.0
2022-05-12,32.81,32.18,33.14,31.62,11472488.0,191986630.0,159213045.0
2022-05-13,32.08,32.78,33.12,32.0,8463005.0,142975566.0,159213045.0
2022-05-16,32.97,32.64,33.24,32.27,5043920.0,85305967.0,159213045.0
2022-05-17,32.64,32.39,32.83,31.73,4953220.0,82944074.0,159213045.0
2022-05-18,32.74,32.68,33.53,32.41,6837292.0,116625719.0,159213045.0
2022-05-19,32.14,32.85,33.24,32.0,5531664.0,93619713.0,159213045.0
2022-05-20,33.03,33.62,33.93,32.85,6822260.0,118362137.0,159213045.0
2022-05-23,33.64,34.57,35.63,33.47,9391458.0,167141670.0,159213045.0
2022-05-24,35.24,33.37,35.84,33.1,12467519.0,225033481.0,159213045.0
2022-05-25,32.89,33.47,33.53,32.47,5747320.0,98526728.0,159213045.0
2022-05-26,33.66,33.07,33.66,32.2,4476000.0,76301942.0,159213045.0
2022-05-27,33.41,33.55,34.49,32.78,4888668.0,85464284.0,159213045.0
2022-05-30,33.64,35.11,36.67,32.97,11214062.0,204019388.0,159213045.0
2022-05-31,35.11,34.53,35.4,33.93,6082739.0,108393090.0,159213045.0
2022-06-01,34.7,36.27,37.06,34.32,14617591.0,274644602.0,159213045.0
2022-06-02,36.21,39.89,39.89,35.49,15101339.0,224051101.0,159213045.0
2022-06-06,42.16,43.87,43.87,41.68,17478661.0,296480614.0,206976958.0
2022-06-07,43.87,39.94,43.87,39.68,28257775.0,454610696.0,206976958.0
2022-06-08,40.55,41.14,41.75,39.48,21812460.0,349385616.0,206976958.0
2022-06-09,41.01,42.16,43.03,40.4,22516245.0,368174575.0,206976958.0
2022-06-10,41.34,46.38,46.38,40.88,28474567.0,492770617.0,206976958.0
2022-06-13,47.96,45.89,49.83,45.46,34346687.0,634022545.0,206976958.0
2022-06-14,44.95,49.06,49.83,44.1,29928750.0,548335276.0,206976958.0
2022-06-15,49.34,49.34,52.38,47.71,32240550.0,629921119.0,206976958.0
2022-06-16,48.81,48.96,50.62,48.07,16017099.0,307195228.0,206976958.0
2022-06-17,48.4,46.97,48.63,46.79,17439449.0,324404720.0,206976958.0
2022-06-20,47.32,48.55,49.93,46.38,17078508.0,321360006.0,206976958.0
2022-06-21,48.01,46.28,48.01,45.74,13926346.0,253913926.0,206976958.0
2022-06-22,46.48,46.05,47.71,45.92,10050763.0,184072834.0,206976958.0
2022-06-23,45.87,48.45,48.81,45.48,17525014.0,325513861.0,206976958.0
2022-06-24,48.42,48.17,48.68,46.99,13450628.0,251465845.0,206976958.0
2022-06-27,48.93,53.0,53.0,47.78,19903697.0,395572881.0,206976958.0
2022-06-28,53.28,53.23,57.6,50.24,27227833.0,564749437.0,206976958.0
2022-06-29,52.97,48.93,53.15,48.86,18165385.0,360508774.0,206976958.0
2022-06-30,49.34,48.45,50.47,47.27,11679453.0,223022840.0,206976958.0
2022-07-01,47.86,47.68,48.93,47.02,10433168.0,195147505.0,206976958.0
2022-07-04,47.68,45.25,47.89,44.46,19176946.0,342144841.0,206976958.0
2022-07-05,45.28,44.82,46.17,43.75,15020549.0,263329313.0,206976958.0
2022-07-06,44.82,45.69,46.02,44.0,9459246.0,167680803.0,206976958.0
2022-07-07,45.77,46.71,47.66,44.46,12245754.0,221800859.0,206976958.0
2022-07-08,46.61,46.76,48.22,45.48,11157837.0,203628699.0,206976958.0
2022-07-11,46.02,45.43,46.25,44.56,7172486.0,126615235.0,206976958.0
2022-07-12,45.43,44.23,45.82,43.93,6397801.0,111730961.0,206976958.0
2022-07-13,44.49,44.05,44.72,43.11,5200482.0,89437466.0,206976958.0
2022-07-14,44.05,44.1,44.97,43.57,5052768.0,87829596.0,206976958.0
2022-07-15,44.08,44.54,46.25,43.7,8736050.0,154062259.0,206976958.0
2022-07-18,44.33,45.51,46.1,43.9,8731255.0,153942908.0,206976958.0
2022-07-19,45.92,46.81,48.76,44.97,13885259.0,256214884.0,206976958.0
2022-07-20,46.51,45.89,47.27,45.69,8970407.0,162151076.0,206976958.0
2022-07-21,45.74,48.19,48.3,45.08,14469830.0,267616409.0,206976958.0
2022-07-22,47.94,49.19,49.37,46.79,19633963.0,371239278.0,206976958.0
2022-07-25,48.53,48.09,49.7,48.04,11398207.0,217450299.0,206976958.0
2022-07-26,47.27,47.43,47.99,46.0,8151814.0,150079036.0,206976958.0
2022-07-27,47.12,52.18,52.18,47.12,17854651.0,352585409.0,206976958.0
2022-07-28,54.5,51.11,54.5,50.16,22590936.0,454450913.0,206976958.0
2022-07-29,51.23,51.57,52.13,50.54,13263205.0,266706919.0,206976958.0
2022-08-01,50.34,53.1,53.89,49.32,17650734.0,357659479.0,206976958.0
2022-08-02,51.87,51.74,52.84,49.68,13735008.0,276067958.0,206976958.0
2022-08-03,51.36,50.06,55.32,49.83,18217059.0,376947332.0,206976958.0
2022-08-04,50.06,50.44,50.72,48.12,10872075.0,210000830.0,206976958.0
2022-08-05,50.82,49.52,50.98,48.3,10897190.0,209944545.0,206976958.0
2022-08-08,48.83,51.05,51.39,47.4,12204584.0,238813412.0,206976958.0
2022-08-09,51.05,51.16,52.61,50.47,9496185.0,192200563.0,206976958.0
2022-08-10,50.85,50.8,51.74,49.52,7968077.0,157302109.0,206976958.0
2022-08-11,51.87,52.89,53.66,50.98,14780022.0,303769468.0,206976958.0
2022-08-12,52.13,50.95,54.12,50.9,10756519.0,220455386.0,206976958.0
2022-08-15,50.98,53.51,56.04,50.34,19059011.0,404726812.0,206976958.0
2022-08-16,53.38,53.51,54.2,52.13,15474636.0,321259022.0,206976958.0
2022-08-17,53.15,55.09,55.71,52.41,17829415.0,379191118.0,206976958.0
2022-08-18,55.04,55.99,56.22,54.2,14030109.0,303842403.0,206976958.0
2022-08-19,55.45,52.64,55.88,52.61,10941724.0,231106403.0,206976958.0
2022-08-22,52.08,52.87,53.56,51.21,6495228.0,133146965.0,206976958.0
2022-08-23,52.18,53.79,54.63,52.13,7872772.0,165200748.0,206976958.0
2022-08-24,53.3,50.8,53.61,50.59,9497069.0,191396002.0,206976958.0
2022-08-25,50.47,46.63,51.03,46.0,9630138.0,180489591.0,206976958.0
2022-08-26,46.61,45.61,47.53,45.15,6289166.0,114022819.0,206976958.0
2022-08-29,44.21,45.46,46.12,43.87,3444110.0,61278306.0,206976958.0
2022-08-30,45.02,44.03,45.54,43.44,6137287.0,106050799.0,206976958.0
2022-08-31,44.21,42.47,44.26,42.16,8216696.0,138869593.0,206976958.0
2022-09-01,42.75,42.11,42.93,41.98,3720702.0,61762081.0,206976958.0
2022-09-02,42.16,42.9,43.16,42.16,3176852.0,53103958.0,206976958.0
2022-09-05,42.93,43.57,43.7,42.57,3832082.0,64918546.0,206976958.0
2022-09-06,43.57,44.31,44.51,43.26,3773896.0,64869675.0,206976958.0
2022-09-07,44.31,45.0,45.87,44.05,4284032.0,75604422.0,206976958.0
2022-09-08,44.85,44.05,45.41,43.95,3680558.0,64144175.0,206976958.0
2022-09-09,43.87,43.31,43.95,42.7,3146310.0,53173248.0,206976958.0
2022-09-13,43.36,43.59,44.13,43.34,2760687.0,47080589.0,206976958.0
2022-09-14,42.7,42.62,43.31,42.06,2938280.0,48967487.0,206976958.0
2022-09-15,42.93,40.58,43.18,39.68,5376895.0,86110697.0,206976958.0
2022-09-16,40.58,39.94,40.91,39.79,2398578.0,37923034.0,206976958.0
2022-09-19,39.91,39.99,40.63,39.66,2089344.0,32776203.0,206976958.0
2022-09-20,40.25,41.55,41.65,40.25,3160722.0,51036419.0,206976958.0
2022-09-21,41.32,41.06,41.55,40.63,2406790.0,38681694.0,206976958.0
2022-09-22,40.73,40.76,41.65,40.58,2107937.0,33913451.0,206976958.0
2022-09-23,40.76,39.5,40.94,39.35,2358303.0,36864829.0,206976958.0
2022-09-26,39.48,39.68,40.55,38.87,2423729.0,37783562.0,206976958.0
2022-09-27,39.66,40.58,40.6,39.63,2012794.0,31608551.0,206976958.0
2022-09-28,40.42,38.41,40.58,38.36,2569116.0,39473045.0,206976958.0
2022-09-29,38.97,38.23,39.33,38.15,1850354.0,27940509.0,206976958.0
2022-09-30,37.95,37.51,38.66,37.49,1702782.0,25132907.0,206976958.0
2022-10-10,37.51,36.62,38.3,35.77,1784555.0,25958966.0,206976958.0
2022-10-11,36.34,37.36,37.51,36.34,1486620.0,21570312.0,206976958.0
2022-10-12,37.21,38.59,38.61,36.85,2358252.0,34869091.0,206976958.0
2022-10-13,38.07,38.51,38.87,38.07,1624126.0,24537520.0,206976958.0
2022-10-14,38.71,39.12,39.61,38.56,2062754.0,31562878.0,206976958.0
2022-10-17,38.76,39.38,39.43,38.76,1517708.0,23271974.0,206976958.0
2022-10-18,39.94,39.38,40.25,39.15,1945854.0,30097021.0,206976958.0
2022-10-19,39.2,39.33,39.84,38.74,1982996.0,30650085.0,206976958.0
2022-10-20,38.87,38.59,39.56,37.97,2402660.0,36409424.0,206976958.0
2022-10-21,38.82,38.46,39.15,38.18,1461174.0,22120331.0,206976958.0
2022-10-24,38.61,39.3,41.47,38.61,4208634.0,65574714.0,206976958.0
2022-10-25,38.87,40.22,40.58,38.1,3644796.0,56491983.0,206976958.0
2022-10-26,40.09,40.73,41.78,40.09,4503893.0,72073922.0,206976958.0
2022-10-27,42.16,44.79,44.79,42.16,8592686.0,149158902.0,206976958.0
2022-10-28,43.52,42.49,45.48,42.24,11834226.0,203202021.0,206976958.0
2022-10-31,42.49,42.55,43.11,41.27,5893325.0,97369870.0,206976958.0
2022-11-01,42.93,43.36,43.41,42.03,5119378.0,86216671.0,206976958.0
2022-11-02,43.39,45.36,46.97,42.67,11529687.0,202695072.0,206976958.0
2022-11-03,44.28,44.49,45.18,44.23,5372437.0,93781488.0,206976958.0
2022-11-04,44.51,45.43,46.0,44.28,6132977.0,108626311.0,206976958.0
2022-11-07,45.59,46.0,46.28,44.74,5498547.0,97866171.0,206976958.0
2022-11-08,46.0,44.87,46.0,44.46,3788851.0,66650000.0,206976958.0
2022-11-09,44.95,44.64,45.87,44.59,2580463.0,45499941.0,206976958.0
2022-11-10,44.49,44.54,45.15,44.13,3024022.0,52755650.0,206976958.0
2022-11-11,45.43,44.87,46.4,44.72,4701004.0,83721029.0,206976958.0
2022-11-14,44.64,43.95,45.13,43.7,2836089.0,49180538.0,206976958.0
2022-11-15,44.1,45.15,45.25,43.75,3443516.0,60297769.0,206976958.0
2022-11-16,45.23,44.72,45.33,44.41,2001762.0,35004314.0,206976958.0
2022-11-17,44.67,44.05,44.69,43.47,3178943.0,54598406.0,206976958.0
2022-11-18,43.95,42.93,44.33,42.88,2432885.0,41491937.0,206976958.0
2022-11-21,42.67,43.77,43.87,42.52,2761691.0,46799372.0,206976958.0
2022-11-22,43.82,42.93,43.82,42.75,2046919.0,34530326.0,206976958.0
2022-11-23,42.83,42.88,43.26,41.63,2421600.0,40201023.0,206976958.0
2022-11-24,42.9,42.7,43.67,42.44,1922416.0,32404443.0,206976958.0
2022-11-25,42.7,41.73,42.7,41.68,1525827.0,25075913.0,206976958.0
2022-11-28,41.52,41.52,41.7,40.25,1941846.0,31249821.0,206976958.0
2022-11-29,41.86,42.06,42.29,41.47,1679694.0,27585013.0,206976958.0
2022-11-30,42.16,43.03,43.47,41.8,2917409.0,48952715.0,206976958.0
2022-12-01,43.47,42.85,43.82,42.67,2221612.0,37508228.0,206976958.0
2022-12-02,42.8,42.44,43.34,42.21,1784350.0,29789179.0,206976958.0
2022-12-05,43.13,42.47,43.13,42.24,1588016.0,26420678.0,206976958.0
2022-12-06,42.29,42.26,42.83,41.86,1957879.0,32350763.0,206976958.0
2022-12-07,42.37,41.98,42.78,41.86,1885842.0,31225157.0,206976958.0
2022-12-08,41.93,41.5,42.32,41.4,1986470.0,32436435.0,206976958.0
2022-12-09,41.4,41.22,41.63,41.04,1628183.0,26294378.0,206976958.0
2022-12-12,41.22,40.81,41.34,40.55,2430883.0,38880219.0,206976958.0
2022-12-13,41.01,40.35,41.01,40.12,2164440.0,34364162.0,206976958.0
2022-12-14,40.37,40.25,40.71,40.12,1322990.0,20933037.0,206976958.0
2022-12-15,40.22,41.63,41.78,39.86,3216312.0,51674188.0,206976958.0
2022-12-16,41.32,40.04,41.32,40.02,2176870.0,34488210.0,206976958.0
2022-12-19,40.04,39.4,40.42,39.22,1515461.0,23556572.0,206976958.0
2022-12-20,39.4,39.79,40.3,38.92,1697180.0,26334794.0,206976958.0
2022-12-21,39.61,38.84,39.89,38.64,1750400.0,26754502.0,206976958.0
2022-12-22,38.89,38.33,39.58,38.13,1637382.0,24783579.0,206976958.0
2022-12-23,37.95,37.95,38.3,37.61,1457890.0,21637836.0,206976958.0
2022-12-26,38.28,38.82,38.94,37.31,1580968.0,23869431.0,206976958.0
2022-12-27,38.82,38.99,39.05,38.2,1477462.0,22337003.0,206976958.0
2022-12-28,38.84,38.18,38.84,38.0,1676816.0,25118270.0,206976958.0
2022-12-29,37.82,38.02,38.59,37.82,1109933.0,16599507.0,206976958.0
2022-12-30,38.05,38.15,38.59,37.84,1362480.0,20377482.0,206976958.0
2023-01-03,38.36,39.63,39.81,38.36,3164421.0,48664459.0,206976958.0
2023-01-04,39.5,39.02,39.68,38.76,1762685.0,27014088.0,206976958.0
2023-01-05,39.02,39.71,39.89,38.89,2656377.0,40997348.0,206976958.0
2023-01-06,39.68,39.76,40.3,39.48,2772022.0,43302766.0,206976958.0
2023-01-09,39.48,40.3,40.78,39.38,2470666.0,39049108.0,206976958.0
2023-01-10,40.58,40.35,40.58,39.79,1957412.0,30775867.0,206976958.0
2023-01-11,40.27,39.86,40.53,39.61,1915245.0,30018495.0,206976958.0
2023-01-12,39.68,40.12,40.37,39.68,1560772.0,24486740.0,206976958.0
2023-01-13,40.22,40.04,40.53,39.63,1329985.0,20836607.0,206976958.0
2023-01-16,40.07,40.32,40.45,39.73,1789101.0,28178744.0,206976958.0
2023-01-17,40.37,40.25,40.68,39.99,1733509.0,27336349.0,206976958.0
2023-01-18,39.53,40.42,40.86,39.53,2060694.0,32664588.0,206976958.0
2023-01-19,40.25,40.63,40.76,40.19,1461420.0,23195457.0,206976958.0
2023-01-20,40.58,40.83,40.91,40.55,1867295.0,29764444.0,206976958.0
2023-01-30,41.4,42.01,42.62,41.34,4172160.0,68678589.0,206976958.0
2023-01-31,41.86,42.16,42.42,41.65,2262754.0,37293536.0,206976958.0
2023-02-01,42.42,42.49,42.72,42.06,2216957.0,36790618.0,206976958.0
2023-02-02,42.65,42.49,42.85,42.32,3046919.0,50761464.0,206976958.0
2023-02-03,42.75,42.47,43.85,41.75,4134291.0,68954937.0,206976958.0
2023-02-06,42.6,41.96,42.8,41.78,2283744.0,37551515.0,206976958.0
2023-02-07,42.03,42.83,42.83,41.98,2409922.0,40068306.0,206976958.0
2023-02-08,42.83,42.52,42.88,42.32,1631413.0,27127849.0,206976958.0
2023-02-09,42.19,43.06,43.26,42.16,3234820.0,54409797.0,206976958.0
2023-02-10,43.06,42.49,43.08,42.37,2046217.0,34193041.0,206976958.0
2023-02-13,42.49,43.01,43.26,42.49,2792843.0,46955781.0,206976958.0
2023-02-14,43.31,43.24,43.31,42.85,2238944.0,37830448.0,206976958.0
2023-02-15,43.24,43.21,43.77,42.93,2322140.0,39484847.0,206976958.0
2023-02-16,43.39,42.03,43.64,41.34,2936380.0,49135382.0,206976958.0
2023-02-17,42.16,41.93,42.65,41.8,1975230.0,32618266.0,206976958.0
2023-02-20,42.24,42.52,42.57,41.68,1795689.0,29686425.0,206976958.0
2023-02-21,42.55,46.76,46.76,42.42,15907838.0,286741800.0,206976958.0
2023-02-22,46.76,46.0,46.79,45.31,19866391.0,356830241.0,206976958.0
2023-02-23,46.1,45.36,46.23,44.97,9490641.0,169051335.0,206976958.0
2023-02-24,45.23,44.92,45.61,44.67,6669466.0,117638515.0,206976958.0
2023-02-27,44.67,44.33,45.08,44.23,5452351.0,95049746.0,206976958.0
2023-02-28,44.41,45.2,45.25,44.1,7963532.0,139266651.0,206976958.0
2023-03-01,44.74,44.51,44.79,44.1,7405906.0,128614996.0,206976958.0
2023-03-02,44.44,43.9,44.97,43.75,5066050.0,87610000.0,206976958.0
2023-03-03,43.93,44.49,44.51,43.82,3715405.0,64162703.0,206976958.0
2023-03-06,44.54,43.54,44.69,43.18,4397340.0,75153745.0,206976958.0
2023-03-07,43.54,42.44,43.93,42.44,4166303.0,70008793.0,206976958.0
2023-03-08,42.47,42.72,42.78,42.16,2348280.0,39053140.0,206976958.0
2023-03-09,42.72,42.09,42.8,41.93,2241676.0,37088051.0,206976958.0
2023-03-10,42.09,41.6,42.26,41.19,2933400.0,47793303.0,206976958.0
2023-03-13,41.6,40.65,41.65,40.3,3020575.0,48134415.0,206976958.0
2023-03-14,40.78,39.89,40.78,39.1,2935241.0,45789163.0,206976958.0
2023-03-15,40.09,39.84,40.5,39.68,2662660.0,41717068.0,206976958.0
2023-03-16,40.78,41.22,43.01,40.5,11249028.0,185360099.0,206976958.0
2023-03-17,41.75,40.25,42.14,40.02,6289085.0,99873597.0,206976958.0
2023-03-20,40.02,40.14,40.48,39.56,3128999.0,49015519.0,206976958.0
2023-03-21,40.02,40.58,40.6,39.89,2195010.0,34620010.0,206976958.0
2023-03-22,40.86,41.01,41.63,40.63,2990547.0,48152099.0,206976958.0
2023-03-23,40.71,40.78,40.94,40.45,2173516.0,34592203.0,206976958.0
2023-03-24,40.94,40.78,41.29,40.58,2379736.0,37988993.0,206976958.0
2023-03-27,40.48,40.99,41.27,40.48,2585722.0,41485315.0,206976958.0
2023-03-28,40.88,40.32,40.99,40.27,1963552.0,31122460.0,206976958.0
2023-03-29,40.32,40.14,40.83,40.02,1661799.0,26296571.0,206976958.0
2023-03-30,40.25,40.5,40.73,39.73,2324460.0,36642952.0,206976958.0
2023-03-31,40.58,40.6,40.81,40.17,2161648.0,34248606.0,206976958.0
2023-04-03,40.6,41.63,41.75,40.42,3660990.0,59241058.0,206976958.0
2023-04-04,41.5,41.01,41.57,40.68,2249813.0,36112265.0,206976958.0
2023-04-06,40.78,40.83,41.24,40.63,1538759.0,24650806.0,206976958.0
2023-04-07,40.83,41.11,41.34,40.78,1494133.0,24006315.0,206976958.0
2023-04-10,41.17,39.71,41.45,39.63,3784508.0,59287117.0,206976958.0
2023-04-11,39.71,39.35,39.71,38.94,2015543.0,30929397.0,206976958.0
2023-04-12,39.4,39.81,39.84,38.38,2077012.0,31914878.0,206976958.0
2023-04-13,39.66,39.27,40.42,39.1,1924396.0,29696424.0,206976958.0
2023-04-14,39.3,39.61,39.71,39.05,2076271.0,31981815.0,206976958.0
2023-04-17,39.58,39.68,39.96,39.1,1643223.0,25540239.0,206976958.0
2023-04-18,39.81,39.73,39.96,39.4,1025868.0,15904677.0,206976958.0
2023-04-19,39.66,38.59,39.66,38.43,2357444.0,35856487.0,206976958.0
2023-04-20,38.76,38.3,38.94,38.1,1593230.0,23893382.0,206976958.0
2023-04-21,38.53,37.54,38.53,37.51,1666394.0,24684660.0,206976958.0
2023-04-24,37.51,37.69,38.07,36.9,1483371.0,21775738.0,206976958.0
2023-04-25,37.69,36.44,37.69,36.06,2071843.0,29622625.0,206976958.0
2023-04-26,36.75,37.21,37.44,36.36,1950407.0,28371641.0,206976958.0
2023-04-27,37.31,37.46,37.84,37.08,1188810.0,17454905.0,206976958.0
2023-04-28,37.46,38.36,38.46,37.46,2171612.0,32380306.0,206976958.0
2023-05-04,38.33,37.59,38.53,37.41,2836842.0,41963531.0,206976958.0
2023-05-05,37.59,36.92,37.84,36.82,1919212.0,27822632.0,206976958.0
2023-05-08,36.98,37.61,38.33,36.82,2859372.0,41837572.0,206976958.0
2023-05-09,37.51,36.85,37.51,36.77,1775300.0,25686575.0,206976958.0
2023-05-10,36.62,37.59,37.82,36.54,2098562.0,30536626.0,206976958.0
2023-05-11,37.61,37.54,37.79,37.13,1337930.0,19650013.0,206976958.0
2023-05-12,37.74,37.38,38.02,37.36,1506820.0,22216439.0,206976958.0
2023-05-15,37.41,37.9,37.9,37.28,1275656.0,18746415.0,206976958.0
2023-05-16,37.92,37.74,38.02,37.67,1244289.0,18422492.0,206976958.0
2023-05-17,37.87,38.02,38.13,37.54,1399705.0,20788344.0,206976958.0
2023-05-18,38.18,38.64,39.43,38.02,2316146.0,35091120.0,206976958.0
2023-05-19,38.59,38.46,38.61,38.02,1259670.0,18933749.0,206976958.0
2023-05-22,38.46,38.74,38.84,38.33,1176512.0,17779148.0,206976958.0
2023-05-23,39.05,38.46,39.05,38.41,1159079.0,17548550.0,206976958.0
2023-05-24,38.59,38.3,38.71,38.07,1130110.0,17010742.0,206976958.0
2023-05-25,38.41,38.69,38.79,38.2,1165197.0,17560452.0,206976958.0
2023-05-26,38.59,39.12,39.25,38.07,2021799.0,30729497.0,206976958.0
2023-05-29,39.35,38.69,39.35,38.56,1421806.0,21587038.0,206976958.0
2023-05-30,38.95,38.95,39.36,38.58,1409549.0,21140375.0,206976958.0
2023-05-31,38.95,38.38,38.97,38.22,1379521.0,20467616.0,206976958.0
2023-06-01,38.38,38.9,39.23,38.25,1873135.0,28037904.0,206976958.0
2023-06-02,39.36,39.18,39.52,38.71,1341389.0,20209873.0,206976958.0
2023-06-05,39.26,39.23,39.52,39.13,1183980.0,17884171.0,206976958.0
2023-06-06,39.62,38.48,39.62,38.38,1442800.0,21538896.0,206976958.0
2023-06-07,38.45,37.62,38.56,37.54,1793478.0,26146048.0,206976958.0
2023-06-08,37.83,37.23,37.93,37.15,1577554.0,22716868.0,206976958.0
2023-06-09,37.23,37.57,38.09,37.23,1255340.0,18136221.0,206976958.0
2023-06-12,37.67,39.93,41.08,37.34,8137951.0,124186305.0,206976958.0
2023-06-13,39.41,40.32,40.66,39.41,6163423.0,95622303.0,206976958.0
2023-06-14,40.25,39.99,40.48,39.86,3083472.0,47556960.0,206976958.0
2023-06-15,39.88,39.8,40.45,39.52,2595614.0,39982245.0,206976958.0
2023-06-16,39.83,40.01,40.14,39.49,2932287.0,44906810.0,206976958.0
2023-06-19,40.27,40.97,41.18,40.01,4590788.0,72122177.0,206976958.0
2023-06-20,41.65,45.08,45.08,41.26,24857746.0,420015268.0,206976958.0
2023-06-21,45.13,43.99,45.6,43.62,22034701.0,375735377.0,206976958.0
2023-06-26,43.65,42.95,44.61,42.74,12188484.0,203431148.0,206976958.0
2023-06-27,42.82,42.87,42.95,41.47,11155676.0,181695334.0,206976958.0
2023-06-28,42.32,41.75,42.56,40.14,11388721.0,180511886.0,206976958.0
2023-06-29,41.78,43.1,44.87,41.34,15447149.0,256609679.0,206976958.0
2023-06-30,43.13,43.99,44.35,42.27,11607854.0,194904651.0,206976958.0
2023-07-03,43.42,43.99,45.44,43.39,10232885.0,174548989.0,206976958.0
2023-07-04,43.91,47.29,48.38,43.65,30391361.0,549973217.0,206976958.0
2023-07-05,46.61,44.77,46.85,44.66,22435204.0,392755789.0,206976958.0
2023-07-06,44.92,44.72,45.39,43.52,11531178.0,198210630.0,206976958.0
2023-07-07,44.56,45.78,46.12,44.12,16469581.0,286947626.0,206976958.0
2023-07-10,46.17,48.33,49.18,46.04,28222042.0,516881379.0,206976958.0
2023-07-11,47.31,50.04,50.66,46.2,24169288.0,448515068.0,206976958.0
2023-07-12,49.16,47.96,50.66,47.55,22426045.0,424754728.0,206976958.0
2023-07-13,46.87,46.98,47.96,46.04,16857973.0,304242815.0,206976958.0
2023-07-14,47.57,46.64,49.89,44.95,22457824.0,411398256.0,206976958.0
2023-07-17,46.38,45.08,47.11,44.3,17203213.0,298708144.0,206976958.0
2023-07-18,45.08,45.1,45.99,44.61,9359529.0,162837174.0,206976958.0
2023-07-19,44.69,44.12,45.23,43.73,9202270.0,156564288.0,206976958.0
2023-07-20,44.2,43.6,44.97,43.47,7317551.0,124583653.0,206976958.0
2023-07-21,43.18,42.45,43.57,42.25,7801798.0,128457307.0,206976958.0
2023-07-24,42.66,43.08,43.55,42.22,6614038.0,109601292.0,206976958.0
2023-07-25,43.86,44.4,44.87,43.16,7870519.0,133822423.0,206976958.0
2023-07-26,44.4,44.25,44.56,43.55,5335604.0,90236324.0,206976958.0
2023-07-27,45.0,43.73,45.31,43.73,7482680.0,128478863.0,206976958.0
2023-07-28,44.17,45.91,46.43,43.68,11867471.0,207049203.0,206976958.0
2023-07-31,45.91,45.1,46.77,44.97,9683632.0,169651580.0,206976958.0
2023-08-01,45.03,44.35,45.03,43.83,6933071.0,118266090.0,206976958.0
2023-08-02,44.09,44.56,44.92,43.7,4793778.0,81964017.0,206976958.0
2023-08-03,44.04,44.17,44.82,43.81,3909501.0,66435698.0,206976958.0
2023-08-04,44.2,44.17,44.82,44.09,5893558.0,100916568.0,206976958.0
2023-08-07,43.91,43.94,44.79,43.73,4869271.0,82907820.0,206976958.0
2023-08-08,44.01,44.2,44.95,43.6,4252278.0,72257581.0,206976958.0
2023-08-09,43.94,43.34,44.04,43.16,3797600.0,63588462.0,206976958.0
2023-08-10,43.21,43.26,43.78,42.74,2558759.0,42470747.0,206976958.0
2023-08-11,43.08,42.27,43.21,42.27,3782899.0,62147422.0,206976958.0
2023-08-14,41.99,42.01,42.06,40.82,4544496.0,72592169.0,206976958.0
2023-08-15,41.83,42.09,42.32,41.6,2750043.0,44371398.0,206976958.0
2023-08-16,41.88,41.21,41.94,41.21,2573227.0,41069287.0,206976958.0
2023-08-17,41.26,42.9,43.13,40.92,4382112.0,71575400.0,206976958.0
2023-08-18,43.03,42.25,43.08,42.14,2196867.0,36040970.0,206976958.0
2023-08-21,42.45,42.71,43.31,42.01,3678536.0,60754936.0,206976958.0
2023-08-22,42.84,42.66,43.39,41.7,3571139.0,58608619.0,206976958.0
2023-08-23,42.27,42.35,43.21,41.83,2322520.0,38003544.0,206976958.0
2023-08-24,42.25,42.35,43.13,41.75,3485475.0,57053287.0,206976958.0
2023-08-25,42.27,40.9,42.27,40.53,4611240.0,73229669.0,206976958.0
2023-08-28,43.39,41.1,43.39,41.03,4034230.0,65377024.0,206976958.0
2023-08-29,40.74,43.49,43.7,40.74,6576573.0,108826643.0,206976958.0
2023-08-30,43.81,43.73,44.38,43.36,4872387.0,82259936.0,206976958.0
2023-08-31,43.75,43.44,44.04,43.34,3515200.0,58983132.0,206976958.0
2023-09-01,43.78,43.96,44.12,43.31,3346330.0,56484879.0,206976958.0
2023-09-04,44.22,44.25,44.27,43.68,3243000.0,55004193.0,206976958.0
2023-09-05,44.17,43.88,44.59,43.68,2713970.0,45973229.0,206976958.0
2023-09-06,43.88,44.51,44.51,43.44,3674598.0,62527440.0,206976958.0
2023-09-07,44.43,44.17,44.43,43.39,3377160.0,56881965.0,206976958.0
2023-09-08,43.75,43.44,43.86,42.74,3650984.0,60915193.0,206976958.0
2023-09-11,43.49,44.22,44.59,43.13,4155634.0,70371282.0,206976958.0
2023-09-12,44.25,45.05,45.29,44.25,6200399.0,107307012.0,206976958.0
2023-09-13,44.77,43.78,44.97,43.34,3944442.0,66764140.0,206976958.0
2023-09-14,43.34,42.25,43.6,42.14,3899290.0,64125728.0,206976958.0
2023-09-15,42.27,42.01,42.95,41.91,3051656.0,49555533.0,206976958.0
2023-09-18,41.68,44.07,44.46,41.68,6396469.0,107743673.0,206976958.0
2023-09-19,44.07,43.81,44.56,43.21,4049370.0,68354653.0,206976958.0
2023-09-20,43.52,43.52,44.22,43.39,2841778.0,47804157.0,206976958.0
2023-09-21,43.47,42.22,43.68,42.17,2796699.0,45852199.0,206976958.0
2023-09-22,42.12,43.05,43.1,41.91,2393100.0,39240594.0,206976958.0
2023-09-25,42.97,43.47,43.96,42.9,2757860.0,46149190.0,206976958.0
2023-09-26,43.29,43.18,43.47,42.82,1698219.0,28193420.0,206976958.0
2023-09-27,43.0,42.64,43.57,42.61,2310902.0,38231709.0,206976958.0
2023-09-28,42.66,43.47,43.73,42.66,2669463.0,44650518.0,206976958.0
2023-10-09,43.65,44.53,44.69,43.39,5224800.0,89292262.0,206976958.0
2023-10-10,44.69,44.3,44.72,43.68,4129332.0,69962262.0,206976958.0
2023-10-11,44.61,44.33,44.66,43.94,2860352.0,48798088.0,206976958.0
2023-10-12,44.53,44.87,44.97,44.12,3752520.0,64588270.0,206976958.0
2023-10-13,44.61,44.79,45.47,44.51,4391069.0,75801085.0,206976958.0
2023-10-16,44.79,44.38,44.97,44.25,3218150.0,55051075.0,206976958.0
2023-10-17,44.33,43.62,44.53,43.23,2997389.0,50277500.0,206976958.0
2023-10-18,43.26,43.47,44.12,43.26,2741627.0,46091241.0,206976958.0
2023-10-19,43.13,42.53,43.21,42.45,3042534.0,50124402.0,206976958.0
2023-10-20,42.12,42.35,43.44,42.12,2562073.0,42111459.0,206976958.0
2023-10-23,42.12,40.97,42.43,40.71,3614621.0,57786073.0,206976958.0
2023-10-24,41.18,41.96,42.09,41.05,2611891.0,41942266.0,206976958.0
2023-10-25,42.35,43.23,43.52,42.04,4181346.0,69383236.0,206976958.0
2023-10-26,42.82,44.25,44.4,42.43,4301250.0,72036079.0,206976958.0
2023-10-27,44.43,44.22,44.61,43.78,3570550.0,60927149.0,206976958.0
2023-10-30,44.51,43.83,44.51,42.92,4063294.0,68191618.0,206976958.0
2023-10-31,44.82,44.07,46.38,43.86,7255889.0,124931735.0,206976958.0
2023-11-01,43.78,44.59,45.1,43.78,5517884.0,94661975.0,206976958.0
2023-11-02,44.79,44.69,45.31,44.51,5016436.0,86781683.0,206976958.0
2023-11-03,44.9,44.82,44.97,44.3,4073710.0,70170909.0,206976958.0
2023-11-06,45.16,45.78,46.12,44.82,5543972.0,97152686.0,206976958.0
2023-11-07,45.68,46.48,46.66,45.44,5764013.0,102762417.0,206976958.0
2023-11-08,46.53,45.86,46.53,45.52,4705700.0,83001832.0,206976958.0
2023-11-09,45.83,44.97,45.99,44.87,4327564.0,75353250.0,206976958.0
2023-11-10,45.21,44.69,45.49,44.48,2928237.0,50466769.0,206976958.0
2023-11-13,45.18,45.75,45.99,44.53,4405596.0,77047106.0,206976958.0
2023-11-14,45.75,45.52,45.83,45.31,2549113.0,44659318.0,206976958.0
2023-11-15,45.86,46.04,46.14,45.26,3233552.0,56952661.0,206976958.0
2023-11-16,46.04,45.73,46.38,45.57,2512028.0,44473224.0,206976958.0
2023-11-17,45.55,46.59,46.64,45.49,3607980.0,64375584.0,206976958.0
2023-11-20,46.66,48.07,48.46,46.35,7599220.0,139214941.0,206976958.0
2023-11-21,47.78,46.98,48.2,46.82,5034370.0,91891725.0,206976958.0
2023-11-22,46.85,46.25,47.26,45.96,3943296.0,70769574.0,206976958.0
2023-11-23,46.09,50.28,50.56,45.75,18259610.0,343915842.0,206976958.0
2023-11-24,50.64,50.02,51.44,48.61,23812603.0,459393347.0,206976958.0
2023-11-27,51.83,50.79,54.3,49.89,28584717.0,575150288.0,206976958.0
2023-11-28,50.41,52.28,53.78,50.41,26123311.0,524724893.0,206976958.0
2023-11-29,51.86,51.08,53.6,50.59,19756459.0,392087474.0,206976958.0
2023-11-30,50.41,49.31,51.08,48.59,13236968.0,252982866.0,206976958.0
2023-12-01,49.73,49.34,50.59,48.07,9911936.0,188222069.0,206976958.0
2023-12-04,49.31,48.85,49.7,48.64,6910350.0,130574586.0,206976958.0
2023-12-05,48.69,47.34,48.85,47.24,9165741.0,168881518.0,206976958.0
2023-12-06,47.47,47.42,48.56,47.13,7310268.0,134463975.0,206976958.0
2023-12-07,47.34,46.82,47.42,46.25,6062832.0,109338410.0,206976958.0
2023-12-08,46.82,45.88,47.21,45.73,5348502.0,95070451.0,206976958.0
2023-12-11,45.62,46.77,46.82,45.42,5205524.0,93051993.0,206976958.0
2023-12-12,46.46,46.77,47.08,46.46,3950877.0,71190295.0,206976958.0
2023-12-13,46.61,47.11,48.38,46.35,5217884.0,94921379.0,206976958.0
2023-12-14,47.34,46.56,47.47,46.43,3783655.0,68374697.0,206976958.0
2023-12-15,46.59,46.38,46.95,46.35,3471808.0,62269809.0,206976958.0
2023-12-18,46.43,45.99,47.08,45.86,3749027.0,67112710.0,206976958.0
2023-12-19,46.14,45.83,46.14,45.49,2494913.0,43926960.0,206976958.0
2023-12-20,45.96,45.7,46.66,45.68,2991350.0,53082496.0,206976958.0
2023-12-21,45.7,45.81,46.2,44.77,3456897.0,60456286.0,206976958.0
2023-12-22,45.88,45.18,45.88,44.95,2527800.0,44117561.0,206976958.0
2023-12-25,45.13,45.08,45.39,44.48,2575000.0,44463820.0,206976958.0
2023-12-26,45.16,43.83,45.16,43.44,3665560.0,61965169.0,206976958.0
2023-12-27,43.78,44.4,44.59,43.65,3724995.0,63378864.0,206976958.0
2023-12-28,44.27,44.97,45.21,43.99,2941360.0,50605209.0,206976958.0
2023-12-29,44.79,45.57,45.68,44.48,2836459.0,49448187.0,206976958.0
2024-01-02,45.73,45.78,46.25,45.39,2388252.0,42128964.0,206976958.0
2024-01-03,45.68,44.95,45.94,44.59,2505602.0,43439359.0,206976958.0
2024-01-04,44.77,44.82,45.21,44.64,2377933.0,41122501.0,206976958.0
2024-01-05,45.1,43.73,45.18,43.52,2979136.0,50721983.0,206976958.0
2024-01-08,43.65,42.87,43.83,42.79,3516544.0,58469007.0,206976958.0
2024-01-09,42.95,43.36,43.91,42.95,2532842.0,42383592.0,206976958.0
2024-01-10,43.26,42.87,43.44,42.43,2945556.0,48636192.0,206976958.0
2024-01-11,42.92,44.35,44.69,42.58,5095400.0,86145877.0,206976958.0
2024-01-12,45.6,44.17,46.14,44.09,7715646.0,133697327.0,206976958.0
2024-01-15,43.52,43.31,43.81,42.69,4877450.0,81357819.0,206976958.0
2024-01-16,43.23,43.57,43.86,42.97,3813365.0,63744885.0,206976958.0
2024-01-17,43.29,42.69,43.55,42.69,2806893.0,46646150.0,206976958.0
2024-01-18,42.17,42.09,42.56,40.79,4153237.0,66599152.0,206976958.0
2024-01-19,42.04,41.47,42.58,41.36,2549040.0,41073507.0,206976958.0
2024-01-22,41.36,38.77,41.57,38.45,5014356.0,76911492.0,206976958.0
2024-01-23,38.38,38.56,38.95,37.8,4456508.0,65822312.0,206976958.0
2024-01-24,38.87,39.26,39.65,37.73,4362326.0,65209904.0,206976958.0
2024-01-25,39.23,40.64,40.74,38.92,3916466.0,60292501.0,206976958.0
2024-01-26,40.53,40.14,41.13,39.96,2826464.0,44048232.0,206976958.0
2024-01-29,40.22,38.92,40.38,38.84,3103028.0,47077386.0,206976958.0
2024-01-30,38.32,38.19,39.65,37.99,2706133.0,40183856.0,206976958.0
2024-01-31,37.96,36.04,38.38,35.83,5362161.0,75833704.0,206976958.0
2024-02-01,36.04,35.99,36.71,34.63,4948217.0,68218927.0,206976958.0
2024-02-02,35.99,33.52,36.48,32.43,5975730.0,78625579.0,206976958.0
2024-02-05,33.1,30.17,33.13,30.17,7580222.0,89982799.0,206976958.0
2024-02-06,28.63,31.13,31.7,28.06,7158209.0,82487908.0,206976958.0
2024-02-07,31.31,30.71,32.06,29.88,8350772.0,99530691.0,206976958.0
2024-02-08,31.18,33.78,33.78,30.79,9397092.0,117303192.0,206976958.0
2024-02-19,34.76,35.49,36.22,34.32,9049934.0,122797842.0,206976958.0
2024-02-20,35.26,34.79,35.47,34.61,5261446.0,70834513.0,206976958.0
2024-02-21,34.69,35.73,36.74,34.35,6411674.0,88267826.0,206976958.0
2024-02-22,35.52,36.17,36.37,35.36,3933776.0,54423099.0,206976958.0
2024-02-23,36.24,37.26,37.47,35.86,5240946.0,74193940.0,206976958.0
2024-02-26,37.96,38.56,39.62,37.91,6205337.0,92092533.0,206976958.0
2024-02-27,38.35,39.86,39.93,38.14,4758039.0,72132805.0,206976958.0
2024-02-28,39.88,36.76,40.4,36.56,7955890.0,118060324.0,206976958.0
2024-02-29,36.37,38.38,38.43,36.19,5395529.0,78244312.0,206976958.0
2024-03-01,38.32,39.52,39.57,38.3,4513801.0,67685597.0,206976958.0
2024-03-04,39.49,39.15,39.67,38.48,3841100.0,57615424.0,206976958.0
2024-03-05,38.95,38.66,39.26,38.45,2848866.0,42575839.0,206976958.0
2024-03-06,38.38,39.0,39.28,38.38,2600310.0,38873765.0,206976958.0
2024-03-07,38.97,38.77,39.83,38.58,2584330.0,38959129.0,206976958.0
2024-03-08,38.66,40.92,41.1,38.61,7591829.0,116974085.0,206976958.0
2024-03-11,40.74,41.31,41.44,40.38,6877333.0,108182159.0,206976958.0
2024-03-12,41.34,40.97,41.96,40.17,8145952.0,128681280.0,206976958.0
2024-03-13,40.64,43.86,44.82,40.64,13726115.0,226634253.0,206976958.0
2024-03-14,42.9,42.14,42.92,41.44,8970144.0,145755812.0,206976958.0
2024-03-15,41.68,43.81,44.92,41.52,10257301.0,172175291.0,206976958.0
2024-03-18,43.81,44.07,44.53,43.03,9373206.0,158879566.0,206976958.0
2024-03-19,44.09,43.52,44.38,43.39,5709537.0,96149781.0,206976958.0
2024-03-20,44.12,44.04,44.87,43.55,4460269.0,75427088.0,206976958.0
2024-03-21,43.73,45.94,46.53,43.42,12080080.0,210005030.0,206976958.0
2024-03-22,44.82,47.29,47.29,44.27,13671430.0,241829993.0,206976958.0
2024-03-25,46.95,44.43,48.27,43.99,12854586.0,228702686.0,206976958.0
2024-03-26,44.04,45.0,45.81,43.21,9236519.0,157624132.0,206976958.0
2024-03-27,44.64,43.65,45.34,43.47,6980178.0,118543964.0,206976958.0
2024-03-28,44.01,46.61,47.81,44.01,14267250.0,254399052.0,206976958.0
2024-03-29,46.46,46.38,47.55,45.44,12409694.0,221629396.0,206976958.0
2024-04-01,44.53,45.78,46.33,44.48,10266690.0,179174273.0,206976958.0
2024-04-02,45.88,46.9,47.37,45.75,9574696.0,171508680.0,206976958.0
2024-04-03,46.09,45.31,46.12,44.59,6510709.0,113565679.0,206976958.0
2024-04-08,48.35,45.34,49.11,45.29,8988288.0,161666923.0,206976958.0
2024-04-09,44.85,44.48,45.78,43.86,5290120.0,90728115.0,206976958.0
2024-04-10,44.22,44.43,45.6,43.49,4725129.0,81017819.0,206976958.0
2024-04-11,43.94,43.65,45.0,43.52,4965515.0,84147574.0,206976958.0
2024-04-12,43.26,43.34,44.46,43.26,3232481.0,54499205.0,206976958.0
2024-04-15,43.52,43.7,44.92,42.61,5304368.0,89311367.0,206976958.0
2024-04-16,43.42,41.05,43.44,40.61,6070040.0,96556969.0,206976958.0
2024-04-17,42.51,43.99,45.16,41.78,9132532.0,155230793.0,206976958.0
2024-04-18,43.49,43.57,45.08,43.0,7830171.0,132149900.0,206976958.0
2024-04-19,42.95,43.13,43.44,42.35,3983079.0,65617263.0,206976958.0
2024-04-22,42.4,42.79,44.22,41.39,3871075.0,64129388.0,206976958.0
2024-04-23,42.64,43.05,43.49,42.64,2423549.0,40189387.0,206976958.0
2024-04-24,43.29,45.16,45.29,43.08,6958505.0,119624817.0,206976958.0
2024-04-25,45.83,44.66,46.14,44.43,5516260.0,95584684.0,206976958.0
2024-04-26,44.95,47.21,47.75,44.66,12864886.0,231097843.0,206976958.0
2024-04-29,46.77,46.9,47.52,46.3,7916196.0,142537501.0,206976958.0
2024-04-30,47.31,44.87,47.42,44.85,8500759.0,149469683.0,206976958.0
2024-05-06,45.08,46.66,47.37,44.9,8079828.0,144266359.0,206976958.0
2024-05-07,48.07,46.48,48.07,46.27,5468086.0,98480803.0,206976958.0
2024-05-08,45.99,46.17,46.98,45.49,4314190.0,76918663.0,207510010.0
2024-05-09,45.73,46.9,47.0,45.73,4781749.0,85849207.0,207510010.0
2024-05-10,46.92,45.73,47.13,45.31,5252780.0,92595182.0,207510010.0
2024-05-13,44.97,43.88,45.73,43.81,4594450.0,78162138.0,207510010.0
2024-05-14,43.96,44.38,44.79,43.96,2366890.0,40480972.0,207510010.0
2024-05-15,44.35,43.86,44.64,43.78,2024540.0,34346134.0,207510010.0
2024-05-16,43.86,44.14,44.43,43.36,4213650.0,71258806.0,207510010.0
2024-05-17,45.13,44.53,45.26,43.99,5656518.0,97199322.0,207510010.0
2024-05-20,45.47,45.29,46.2,44.77,6012608.0,105103526.0,207510010.0
2024-05-21,44.77,44.53,45.1,43.94,3413750.0,58380876.0,207510010.0
2024-05-22,44.51,44.87,45.52,44.2,2594000.0,44882970.0,207510010.0
2024-05-23,44.92,44.56,44.97,43.68,2983290.0,50821025.0,207510010.0
2024-05-24,44.12,44.59,44.95,43.86,2481982.0,42381348.0,207510010.0
2024-05-27,44.59,46.33,46.46,44.17,7294145.0,128104253.0,207510010.0
2024-05-28,45.99,44.64,46.17,44.48,4481230.0,78119660.0,207510010.0
2024-05-29,46.77,49.11,49.11,45.34,21607261.0,399206300.0,207510010.0
2024-05-30,49.89,50.66,52.98,47.96,33650682.0,653689729.0,207510010.0
2024-05-31,49.83,47.7,50.79,47.68,25004701.0,472671372.0,207510010.0
2024-06-03,47.6,45.83,47.83,45.52,17430302.0,311505415.0,207510010.0
2024-06-04,45.16,45.7,45.83,44.64,10105334.0,175627510.0,207510010.0
2024-06-05,45.44,44.25,46.2,44.25,9677821.0,168094028.0,207510010.0
2024-06-06,43.94,42.04,44.3,41.73,10412522.0,171182197.0,207510010.0
2024-06-07,42.43,42.71,42.97,42.06,4875785.0,79978921.0,207510010.0
2024-06-11,42.14,42.95,43.05,41.08,5699063.0,92129682.0,207510010.0
2024-06-12,42.35,43.1,43.55,42.35,4777632.0,79451679.0,207510010.0
2024-06-13,43.39,42.9,43.68,42.77,4927400.0,82002249.0,207510010.0
2024-06-14,43.05,42.9,43.05,42.04,3627331.0,59333995.0,207510010.0
2024-06-17,42.51,44.9,46.25,42.35,11059371.0,190708987.0,207510010.0
2024-06-18,44.97,45.94,46.14,44.74,7344190.0,128819192.0,207510010.0
2024-06-19,45.49,45.16,46.14,45.16,5849570.0,102491324.0,207510010.0
2024-06-20,45.05,43.55,45.34,43.47,4648932.0,78997712.0,207510010.0
2024-06-21,43.52,43.31,43.94,42.74,3032719.0,50631389.0,207510010.0
2024-06-24,43.03,41.44,43.13,41.34,5371921.0,86783416.0,207510010.0
2024-06-25,41.29,41.81,42.58,41.26,4113917.0,66355181.0,207510010.0
2024-06-26,41.78,42.79,42.84,41.26,3156278.0,51183805.0,207510010.0
2024-06-27,42.66,41.52,42.69,41.44,3247317.0,52444856.0,207510010.0
2024-06-28,41.7,41.55,42.35,41.36,3626939.0,58510904.0,207510010.0
2024-07-01,42.09,42.19,42.51,41.57,4334127.0,70156413.0,207510010.0
2024-07-02,42.35,45.47,45.65,41.81,12626704.0,212701558.0,207510010.0
2024-07-03,43.55,43.0,43.86,42.32,9328263.0,154787084.0,207510010.0
2024-07-04,42.87,41.6,43.13,41.55,5419696.0,87905192.0,207510010.0
2024-07-05,41.57,41.86,42.38,40.53,3949806.0,63158259.0,207510010.0
2024-07-08,41.99,41.6,42.38,41.31,3003436.0,48334876.0,207510010.0
2024-07-09,41.83,42.32,42.45,41.39,4146810.0,66938050.0,207510010.0
2024-07-10,42.14,43.31,44.07,41.96,7199941.0,120199887.0,207510010.0
2024-07-11,43.39,43.55,43.91,43.26,5623014.0,94411515.0,207510010.0
2024-07-12,43.6,43.79,44.29,43.2,7109710.0,116885151.0,207510010.0
2024-07-15,44.05,42.83,44.1,42.59,4373995.0,71057349.0,207510010.0
2024-07-16,42.53,42.67,42.91,41.92,3596614.0,57311650.0,207510010.0
2024-07-17,42.67,41.58,42.67,41.52,3807912.0,59844064.0,207510010.0
2024-07-18,41.28,41.23,41.39,40.54,2964466.0,45567108.0,207510010.0
2024-07-19,40.99,41.95,42.22,40.78,2739599.0,42932590.0,207510010.0
2024-07-22,41.92,42.64,43.01,41.79,2762914.0,44117852.0,207510010.0
2024-07-23,42.59,41.28,42.72,41.26,2356000.0,37070718.0,207510010.0
2024-07-24,41.23,40.46,41.68,40.46,2374300.0,36631605.0,207510010.0
2024-07-25,40.14,39.13,40.3,38.54,6044690.0,88953616.0,207510010.0
2024-07-26,39.34,40.27,40.38,39.26,2936292.0,44174840.0,207510010.0
2024-07-29,40.51,39.9,40.67,39.82,2146830.0,32370854.0,207510010.0
2024-07-30,40.35,39.9,40.35,39.47,1354800.0,20290332.0,207510010.0
2024-07-31,39.79,41.18,41.2,39.66,3065480.0,47012382.0,207510010.0
2024-08-01,41.26,42.32,42.64,41.26,4773700.0,75486787.0,207510010.0
2024-08-02,41.52,40.96,42.19,40.83,2815280.0,43923583.0,207510010.0
2024-08-05,40.83,39.74,41.42,39.61,3473340.0,52641251.0,207510010.0
2024-08-06,40.17,40.01,40.59,39.53,2466300.0,36924801.0,207510010.0
2024-08-07,39.82,39.85,40.27,39.63,1686750.0,25264958.0,207510010.0
2024-08-08,39.74,39.5,39.85,38.89,1931349.0,28501393.0,207510010.0
2024-08-09,39.47,39.53,40.06,39.45,1452210.0,21628589.0,207510010.0
2024-08-12,39.53,39.02,39.55,38.81,1521224.0,22352764.0,207510010.0
2024-08-13,38.99,39.23,39.26,38.78,1116780.0,16379952.0,207510010.0
2024-08-14,39.47,38.81,39.47,38.73,1223501.0,17872571.0,207510010.0
2024-08-15,38.41,38.86,39.18,38.41,1470100.0,21493880.0,207510010.0
2024-08-16,38.83,39.31,39.61,38.78,1732934.0,25565979.0,207510010.0
2024-08-19,39.05,39.05,39.66,38.99,1343730.0,19840253.0,207510010.0
2024-08-20,39.1,38.54,39.34,38.33,1348756.0,19518110.0,207510010.0
2024-08-21,38.54,38.38,38.75,38.28,839970.0,12168253.0,207510010.0
2024-08-22,38.38,37.69,38.52,37.69,1306650.0,18628150.0,207510010.0
2024-08-23,37.69,37.74,37.96,37.16,1107030.0,15622967.0,207510010.0
2024-08-26,37.77,38.25,38.33,37.5,1043100.0,14909437.0,207510010.0
2024-08-27,38.09,37.88,38.2,37.53,962400.0,13677420.0,207510010.0
2024-08-28,37.93,38.01,38.2,37.66,957200.0,13657949.0,207510010.0
2024-08-29,37.74,38.6,38.75,37.66,1310446.0,18893143.0,207510010.0
2024-08-30,38.65,40.06,40.46,38.46,3814408.0,56983098.0,207510010.0
2024-09-02,39.26,39.95,40.72,39.26,2703030.0,40881255.0,207510010.0
2024-09-03,39.93,40.78,40.83,39.9,3070470.0,46812394.0,207510010.0
2024-09-04,40.43,41.15,41.66,40.43,2920600.0,45068760.0,207510010.0
2024-09-05,40.96,41.74,41.9,40.96,2345602.0,36749282.0,207510010.0
2024-09-06,41.68,40.72,42.11,40.67,3407900.0,52800848.0,207510010.0
2024-09-09,40.41,40.51,41.23,40.27,2347610.0,35861759.0,207510010.0
2024-09-10,40.51,40.72,40.86,40.06,1452090.0,22057842.0,207510010.0
2024-09-11,40.72,40.86,41.07,40.48,1859802.0,28565467.0,207510010.0
2024-09-12,40.83,40.33,41.12,40.3,1424120.0,21716452.0,207510010.0
2024-09-13,40.25,40.06,40.35,39.95,1405654.0,21187529.0,207510010.0
2024-09-18,40.06,40.38,40.51,39.58,2060700.0,30967944.0,207510010.0
2024-09-19,40.41,40.8,41.26,40.41,2036610.0,31235409.0,207510010.0
2024-09-20,40.8,40.41,41.18,40.27,1257000.0,19175325.0,207510010.0
2024-09-23,40.46,40.46,40.67,39.93,1418400.0,21536280.0,207510010.0
2024-09-24,40.46,41.34,41.44,40.25,3172884.0,48908990.0,207510010.0
2024-09-25,41.52,41.52,42.43,41.42,3675140.0,57879569.0,207510010.0
2024-09-26,41.34,42.22,42.24,41.18,3302857.0,51831401.0,207510010.0
2024-09-27,42.45,43.84,44.26,42.45,4457738.0,73068820.0,207510010.0
2024-09-30,45.22,47.38,47.83,44.26,13478023.0,235554897.0,207510010.0
2024-10-08,52.12,49.91,52.12,47.59,17338326.0,323610923.0,207510010.0
2024-10-09,48.34,46.5,49.11,46.21,10975907.0,197118422.0,207510010.0
2024-10-10,46.69,47.38,48.23,46.55,6057268.0,107859413.0,207510010.0
2024-10-11,47.14,45.7,47.27,45.25,5346448.0,92764882.0,207510010.0
2024-10-14,45.7,47.06,47.11,45.65,4257189.0,74404948.0,207510010.0
2024-10-15,47.01,47.06,48.71,46.18,6001382.0,107785445.0,207510010.0
2024-10-16,47.09,47.38,48.12,46.74,4232447.0,75488704.0,207510010.0
2024-10-17,47.51,49.8,51.11,47.51,15124082.0,284409346.0,207510010.0
2024-10-18,49.19,50.39,51.05,48.92,9493598.0,179529019.0,207510010.0
2024-10-21,50.17,49.14,51.05,48.95,12137701.0,226953783.0,207510010.0
2024-10-22,49.24,49.3,50.01,48.58,7370228.0,136506608.0,207510010.0
2024-10-23,49.67,49.38,49.75,48.6,7583722.0,140142250.0,207510010.0
2024-10-24,49.32,53.71,54.19,49.32,19867966.0,387046316.0,207510010.0
2024-10-25,53.69,53.21,53.71,51.85,13942294.0,277346827.0,207510010.0
2024-10-28,52.44,56.32,56.67,52.14,15621118.0,319316076.0,207510010.0
2024-10-29,55.9,56.03,56.3,54.86,9824478.0,205274454.0,207510010.0
2024-10-30,55.98,59.04,59.49,55.66,14166699.0,308080602.0,207510010.0
2024-10-31,58.56,58.74,60.0,57.6,11286362.0,249377197.0,207510010.0
2024-11-01,58.74,53.9,59.14,53.63,16146606.0,336901855.0,207510010.0
2024-11-04,53.85,54.88,55.47,53.85,7502355.0,154007545.0,207510010.0
2024-11-05,55.44,59.33,59.92,55.44,11732809.0,258221996.0,207510010.0
2024-11-06,60.02,59.36,62.02,58.72,11260183.0,255461309.0,207510010.0
2024-11-07,58.56,61.25,61.81,58.48,8237947.0,188202093.0,207510010.0
2024-11-08,61.97,62.55,63.03,60.42,8388116.0,195401654.0,207510010.0
2024-11-11,61.89,64.28,65.4,61.81,9351127.0,224386044.0,207510010.0
2024-11-12,64.33,64.31,65.61,62.9,9115115.0,219630289.0,207510010.0
2024-11-13,63.27,66.73,67.61,63.16,12788186.0,314992443.0,207510010.0
2024-11-14,66.81,66.28,70.7,66.25,16313561.0,415942102.0,207510010.0
2024-11-15,66.38,64.12,66.94,63.54,12049015.0,294057594.0,207510010.0
2024-11-18,64.28,60.85,64.28,59.89,10397768.0,240540556.0,207510010.0
2024-11-19,61.17,63.48,63.48,60.55,6970394.0,162828911.0,207510010.0
2024-11-20,63.48,63.14,64.09,61.73,9160999.0,215292074.0,207510010.0
2024-11-21,63.3,64.6,65.48,62.82,7152802.0,172853889.0,207510010.0
2024-11-22,64.6,65.37,67.95,62.63,13313877.0,328998609.0,207510010.0
2024-11-25,66.28,70.64,71.92,65.4,26912768.0,701805448.0,207510010.0
2024-11-26,69.28,68.46,70.38,66.6,14786931.0,379738625.0,207510010.0
2024-11-27,68.99,67.77,69.02,65.77,10324357.0,260040954.0,207510010.0
2024-11-28,68.94,65.45,68.94,64.52,11401724.0,282857026.0,207510010.0
2024-11-29,65.8,70.24,71.87,64.55,18661006.0,483103283.0,219323348.0
2024-12-02,70.06,74.53,74.71,68.14,17725949.0,478764476.0,219323348.0
2024-12-03,72.72,73.38,74.5,71.57,11881523.0,326259569.0,219323348.0
2024-12-04,72.56,72.13,73.92,70.27,9803509.0,265705124.0,219323348.0
2024-12-05,71.07,72.72,74.4,70.64,7256777.0,198861720.0,219323348.0
2024-12-06,72.67,73.06,74.5,71.04,8277005.0,226769812.0,219323348.0
2024-12-09,71.55,66.97,71.55,65.77,15520746.0,394641041.0,219323348.0
2024-12-10,68.67,66.76,69.15,66.62,10494063.0,266934233.0,219525391.00000003
2024-12-11,67.08,67.85,68.09,65.8,8547923.0,215451372.0,219525391.00000003
2024-12-12,68.7,71.49,72.27,67.87,11524765.0,303289343.0,219525391.00000003
2024-12-13,71.47,70.67,72.53,70.14,6799367.0,181547276.0,219525391.00000003
2024-12-16,70.62,71.97,73.49,70.62,7741924.0,210080172.0,219525391.00000003
2024-12-17,72.85,70.54,72.85,68.14,8074998.0,212985217.0,219525391.00000003
2024-12-18,69.76,70.08,71.73,68.91,6017654.0,157812198.0,219525391.00000003
2024-12-19,69.2,72.08,72.61,68.54,6541544.0,174411336.0,219525391.00000003
2024-12-20,72.08,73.46,74.69,71.36,7290496.0,201693841.0,219557396.0
2024-12-23,73.2,69.02,74.34,68.7,7780790.0,206709183.0,219557396.0
2024-12-24,69.6,62.84,70.14,62.12,21095839.0,505032763.0,219557396.0
2024-12-25,63.08,57.68,63.54,57.31,17854663.0,399022763.0,219557396.0
2024-12-26,58.4,59.09,60.31,57.31,10182217.0,226614333.0,219557396.0
2024-12-27,59.17,56.56,60.9,56.54,10784643.0,236589418.0,219557396.0
2024-12-30,56.56,54.38,56.93,53.5,10609893.0,217367432.0,219557396.0
2024-12-31,54.38,52.44,55.1,52.22,8784076.0,175607422.0,219603746.0
2025-01-02,52.73,52.94,55.04,52.14,9920032.0,199759106.0,219603746.0
2025-01-03,53.15,51.77,53.42,50.97,7799353.0,152236581.0,219603746.0
2025-01-06,52.57,50.49,53.13,49.91,7275497.0,139451375.0,219603746.0
2025-01-07,50.55,52.89,52.92,49.99,7263720.0,141546367.0,219603746.0
2025-01-08,52.86,56.06,56.48,51.42,11732602.0,238720809.0,219603746.0
2025-01-09,55.76,60.02,60.16,55.36,13207861.0,287172065.0,219603746.0
2025-01-10,59.09,58.45,60.31,57.49,12266988.0,270775450.0,219603746.0
2025-01-13,58.56,58.82,61.41,56.69,9638635.0,215542796.0,219603746.0
2025-01-14,59.89,63.64,64.68,57.52,16310047.0,380453362.0,219603746.0
2025-01-15,63.88,61.94,65.9,61.33,18263249.0,434460292.0,219603746.0
2025-01-16,62.82,63.75,65.35,61.49,15338120.0,368279550.0,219603746.0
2025-01-17,63.62,64.12,65.61,62.02,13324127.0,320025615.0,219603746.0
2025-01-20,64.41,66.01,66.49,64.07,12731200.0,313159962.0,219603746.0
2025-01-21,68.46,70.4,71.12,67.4,25656855.0,667483007.0,219603746.0
2025-01-22,69.79,68.38,70.51,67.37,15098147.0,389790043.0,219603746.0
2025-01-23,68.67,67.08,70.4,66.3,15123639.0,386892419.0,219603746.0
2025-01-24,67.05,67.02,68.06,65.85,13582047.0,341677471.0,219603746.0
2025-01-27,66.81,64.39,67.08,63.88,8360098.0,204346175.0,219603746.0
2025-02-05,64.76,68.91,69.23,64.57,14716283.0,373612828.0,219603746.0
2025-02-06,68.94,74.1,75.78,68.46,23314327.0,633676036.0,219603746.0
2025-02-07,73.84,72.21,75.81,71.01,27208585.0,755161473.0,219603746.0
2025-02-10,71.47,73.14,73.62,70.54,14221860.0,385941741.0,219603746.0
2025-02-11,73.2,74.26,76.98,72.59,14533673.0,409047462.0,219603746.0
2025-02-12,73.6,79.72,80.92,71.87,25308182.0,734996348.0,219603746.0
2025-02-13,80.57,84.43,87.7,78.52,43798666.0,1392494555.0,219603746.0
2025-02-14,84.03,83.63,89.38,81.77,29865592.0,957220160.0,219603746.0
2025-02-17,81.02,84.62,84.8,78.52,25852143.0,800327886.0,219603746.0
2025-02-18,82.51,86.24,89.97,81.98,23971925.0,772542771.0,219603746.0
2025-02-19,85.39,94.86,94.86,85.39,35861288.0,1256107770.0,219603746.0
2025-02-20,94.76,99.23,101.65,92.15,34052285.0,1230247787.0,219603746.0
2025-02-21,99.55,103.09,105.48,96.33,26442716.0,1006577082.0,219603746.0
2025-02-24,101.15,96.89,104.58,95.1,29833983.0,1109162401.0,219603746.0
2025-02-25,92.1,104.34,106.58,91.96,34550519.0,1320280030.0,219603746.0
2025-02-26,103.81,106.52,114.77,103.01,43166099.0,1775650531.0,219603746.0
2025-02-27,109.61,116.58,116.96,106.76,42428856.0,1779694033.0,219603746.0
2025-02-28,112.33,104.93,112.72,104.93,21396511.0,858766003.0,230437697.99999997
2025-03-03,102.69,94.44,103.01,94.44,32038776.0,1159370149.0,230437697.99999997
2025-03-04,91.8,95.5,98.99,91.7,24874712.0,898554927.0,230437697.99999997
2025-03-05,95.08,102.21,102.82,95.08,24900399.0,934367643.0,230437697.99999997
2025-03-06,103.81,106.47,110.89,103.01,26970578.0,1085317206.0,230437697.99999997
2025-03-07,107.53,113.87,115.94,104.34,28471774.0,1188511267.0,230437697.99999997
2025-03-10,114.59,106.63,115.25,102.64,23043522.0,933076688.0,230437697.99999997
2025-03-11,104.85,109.26,110.3,99.55,26744288.0,1047159057.0,230437697.99999997
2025-03-12,113.9,110.41,117.01,108.84,28256137.0,1191098488.0,230437697.99999997
2025-03-13,110.22,99.63,110.67,99.36,28113780.0,1081722300.0,230437697.99999997
2025-03-14,99.44,105.64,106.68,97.95,24586813.0,951278783.0,230437697.99999997
2025-03-17,106.74,109.05,110.22,102.16,25155586.0,1005208867.0,230437697.99999997
2025-03-18,108.57,106.68,109.0,103.81,19929445.0,796220277.0,230437697.99999997
2025-03-19,105.62,106.44,108.01,101.81,16843528.0,663950253.0,230437697.99999997
2025-03-20,106.47,109.98,113.1,101.78,33892000.0,1384044724.0,230437697.99999997
2025-03-21,109.13,100.32,109.96,99.89,27565484.0,1072406581.0,230437697.99999997
2025-03-24,102.9,95.82,103.81,92.92,26766675.0,974750947.0,230437697.99999997
2025-03-25,95.05,89.75,97.45,88.96,23392420.0,807415731.0,230437697.99999997
2025-03-26,89.7,90.07,93.67,88.72,16392205.0,561607002.0,230437697.99999997
2025-03-27,88.72,90.13,92.36,88.29,14571961.0,494454690.0,230437697.99999997
2025-03-28,89.19,89.89,92.95,89.19,13969106.0,478125318.0,230437697.99999997
2025-03-31,87.62,85.81,89.14,81.61,25541276.0,808566932.0,239508897.0
2025-04-01,87.33,84.91,87.7,84.19,11764361.0,378500385.0,239508897.0
2025-04-02,85.15,91.06,92.5,84.48,26889972.0,907216572.0,239508897.0
2025-04-03,89.43,87.78,91.78,87.12,17003062.0,569087434.0,239508897.0
2025-04-07,79.0,79.0,79.0,79.0,1796200.0,53311216.0,239508897.0
2025-04-08,74.53,71.09,76.63,71.09,15886670.0,431095104.0,242249770.0
2025-04-09,66.68,71.36,72.53,63.99,27364414.0,700056600.0,242249770.0
2025-04-10,73.7,73.7,77.46,73.17,22745161.0,643713354.0,242249770.0
2025-04-11,72.67,78.12,80.33,72.0,21399278.0,622793876.0,242249770.0
2025-04-14,80.17,82.97,83.84,79.51,20531927.0,634758924.0,242249770.0
2025-04-15,83.66,82.65,83.82,80.33,14296080.0,443712492.0,242249770.0
2025-04-16,82.46,79.53,83.15,78.25,12123300.0,365797402.0,242249770.0
2025-04-17,78.87,79.24,82.35,78.25,11235116.0,340183612.0,242249770.0
2025-04-18,79.21,79.21,80.12,77.83,6454044.0,191083367.0,242249770.0
2025-04-21,77.19,82.67,82.67,76.74,12370730.0,373954246.0,242249770.0
2025-04-22,82.78,81.72,85.12,81.18,9964548.0,308846057.0,242249770.0
2025-04-23,83.45,89.89,89.89,82.57,27412581.0,900891599.0,242249770.0
2025-04-24,90.5,88.64,92.5,88.13,26468041.0,898441117.0,242249770.0
2025-04-25,88.64,92.81,94.84,86.93,21715515.0,746120590.0,242249770.0
2025-04-28,91.83,92.15,94.57,90.1,11986080.0,414846783.0,242249770.0
2025-04-29,91.56,99.18,101.36,90.5,31391469.0,1150627155.0,242249770.0
2025-04-30,98.46,102.18,104.47,97.58,31305868.0,1187209719.0,242249770.0
2025-05-06,103.81,103.83,105.86,101.41,24400969.0,950829978.0,242249770.0
2025-05-07,103.81,100.85,104.79,98.99,19842100.0,756931991.0,242249770.0
2025-05-08,99.81,102.4,103.67,99.34,16988488.0,649839831.0,242249770.0
2025-05-09,102.21,99.95,102.9,97.15,16234923.0,607304102.0,242249770.0
2025-05-12,101.15,104.93,107.27,99.81,22941995.0,890772223.0,242249770.0
2025-05-13,104.5,101.44,104.85,100.61,16360597.0,630257761.0,242249770.0
2025-05-14,99.89,98.48,101.15,97.69,14532180.0,541206683.0,242249770.0
2025-05-15,98.54,98.24,100.75,96.54,10737039.0,396834259.0,242249770.0
2025-05-16,97.15,99.28,102.26,97.07,14156435.0,533061507.0,242249770.0
2025-05-19,98.67,95.42,99.18,92.63,14922645.0,531320902.0,242249770.0
2025-05-20,95.82,95.13,96.43,94.23,8056804.0,288334836.0,242249770.0
2025-05-21,95.74,97.18,99.74,93.16,17136611.0,625984000.0,242249770.0
2025-05-22,96.06,95.64,97.29,94.78,8834127.0,317814509.0,242249770.0
2025-05-23,96.38,98.35,101.97,94.73,20000734.0,741588087.0,242249770.0
2025-05-26,96.41,98.22,99.68,94.17,12560996.0,457769728.0,242249770.0
2025-05-27,98.4,99.5,100.59,95.5,15685330.0,582827271.0,242249770.0
2025-05-28,99.5,99.63,101.41,97.69,12435634.0,466490591.0,242249770.0
2025-05-29,99.68,97.87,102.21,97.37,11057834.0,409135165.0,242249770.0
2025-05-30,97.42,90.5,98.08,89.65,19727299.0,687892918.0,242249770.0
2025-06-03,89.33,92.12,93.35,89.33,8497800.0,292791780.0,242249770.0
2025-06-04,92.1,92.76,93.61,91.83,5173154.0,179902840.0,242249770.0
2025-06-05,93.13,98.24,99.97,91.43,16196374.0,588897687.0,242249770.0
2025-06-06,97.39,95.93,98.16,94.68,7646398.0,275647399.0,242249770.0
2025-06-09,97.13,96.94,99.1,95.08,11816448.0,432850653.0,242249770.0
2025-06-10,97.42,95.16,97.9,93.45,9414992.0,335769577.0,242249770.0
2025-06-11,95.02,95.8,97.47,95.02,7845331.0,283601355.0,242249770.0
2025-06-12,95.77,96.81,98.38,94.86,9197700.0,334327007.0,242249770.0
2025-06-13,95.82,95.72,96.62,93.19,9056593.0,322173709.0,242249770.0
2025-06-16,94.23,96.43,98.11,94.09,7517824.0,272214758.0,242249770.0
2025-06-17,96.57,95.82,98.3,94.81,7883995.0,285007715.0,242249770.0
2025-06-18,95.82,95.02,95.82,93.16,6513726.0,231416984.0,242249770.0
2025-06-19,95.77,92.1,97.31,91.88,12095142.0,430411524.0,242249770.0
2025-06-20,92.28,87.04,92.89,86.77,11321316.0,375243537.0,242249770.0
2025-06-23,87.84,90.55,91.48,87.3,9962256.0,335749309.0,242249770.0
2025-06-24,90.5,92.84,94.2,90.1,9887729.0,344230670.0,242249770.0
2025-06-25,92.84,92.95,94.17,91.88,6759510.0,235860671.0,242249770.0
2025-06-26,93.19,91.54,94.07,91.3,7222100.0,251215396.0,242249770.0
2025-06-27,91.54,90.39,92.63,90.18,6051200.0,206243634.0,242249770.0
2025-06-30,90.63,94.28,95.29,90.39,9653822.0,338523612.0,242249770.0
2025-07-01,94.17,92.73,94.17,92.26,5089518.0,177590578.0,242249770.0
2025-07-02,92.18,90.37,92.31,89.46,5661845.0,192503927.0,242249770.0
2025-07-03,90.76,91.78,92.55,90.02,6297565.0,216862199.0,242249770.0
2025-07-04,91.86,88.45,92.36,88.45,9388960.0,316840957.0,242249770.0
2025-07-07,88.37,86.8,88.37,85.57,6814376.0,222054122.0,242249770.0
2025-07-08,87.76,87.01,88.1,86.19,6405260.0,209484539.0,242249770.0
2025-07-09,88.4,86.71,89.56,86.26,10208539.0,239496875.0,339149678.0
2025-07-10,86.22,87.2,87.87,84.42,10213775.0,234273312.0,339149678.0
2025-07-11,86.56,87.65,88.47,85.66,8125063.0,188486628.0,339149678.0
2025-07-14,88.06,93.01,93.58,87.46,22684406.0,552522914.0,339149678.0
2025-07-15,93.95,95.41,95.83,93.8,18249152.0,461166137.0,339149678.0
2025-07-16,95.26,98.56,99.35,94.51,21776663.0,565578610.0,339149678.0
2025-07-17,98.26,99.54,101.64,97.74,17513737.0,465767246.0,339149678.0
2025-07-18,99.39,97.93,99.58,97.21,15337168.0,400732262.0,339149678.0
2025-07-21,102.31,102.35,104.23,98.53,24413290.0,658765918.0,339149678.0
2025-07-22,104.53,105.13,108.58,103.18,29492503.0,834637053.0,339149678.0
2025-07-23,104.08,103.59,106.48,102.2,17414210.0,482667850.0,339149678.0
2025-07-24,103.36,106.96,108.65,103.36,20457795.0,583237678.0,339149678.0
2025-07-25,108.24,102.76,108.58,100.14,23908983.0,655821888.0,339149678.0
2025-07-28,103.51,101.19,105.65,100.25,18363209.0,502251786.0,339149678.0
2025-07-29,101.26,100.93,103.1,98.56,16758916.0,449460076.0,339149678.0
2025-07-30,100.44,97.14,100.63,96.76,15987009.0,418494425.0,339149678.0
2025-07-31,95.64,98.45,101.38,95.64,16314183.0,431602967.0,339149678.0
2025-08-01,98.26,97.44,99.43,96.31,9027597.0,234931487.0,339149678.0
2025-08-04,95.64,101.23,101.23,95.64,17524091.0,467842185.0,339149678.0
2025-08-05,101.98,101.86,104.64,100.18,12300756.0,333245747.0,339149678.0
2025-08-06,101.53,109.4,109.85,100.93,33519012.0,939848383.0,339149678.0
2025-08-07,109.89,111.35,114.13,108.76,40915733.0,1221166770.0,339149678.0
2025-08-08,111.02,122.49,122.49,110.75,40695531.0,1270577934.0,339149678.0
2025-08-11,124.97,128.16,131.38,120.95,48395333.0,1628547067.0,339149678.0
2025-08-12,128.68,128.91,132.69,127.1,36517557.0,1262618417.0,339149678.0
2025-08-13,127.82,130.56,135.66,126.13,29700697.0,1032895059.0,339149678.0
2025-08-14,130.67,129.06,132.32,128.08,26481717.0,917737114.0,339149678.0
2025-08-15,128.76,129.09,131.27,126.58,20691498.0,712286913.0,339149678.0
2025-08-18,130.14,132.47,134.83,129.99,22865684.0,804909940.0,339149678.0
2025-08-19,130.97,129.43,136.14,126.02,30088500.0,1044852900.0,339149678.0
2025-08-20,129.43,135.73,139.56,129.02,34213801.0,1234546373.0,339149678.0
2025-08-21,135.02,131.19,138.32,130.22,18960032.0,673690150.0,339149678.0
2025-08-22,131.19,137.38,138.66,130.37,24136371.0,866178770.0,339149678.0
2025-08-25,139.14,140.64,144.77,137.49,27476353.0,1034782941.0,339149678.0
2025-08-26,139.97,137.19,140.61,136.11,16779601.0,617709288.0,339149678.0
2025-08-27,137.64,141.47,147.02,136.89,25816675.0,977161718.0,339149678.0
2025-08-28,141.73,138.02,142.52,133.97,33845447.0,1243072323.0,339149678.0
2025-08-29,141.09,140.79,143.87,135.39,27500911.0,1026858478.0,339149678.0
2025-09-01,140.79,143.87,145.52,138.02,23409817.0,885003792.0,339149678.0
2025-09-02,142.52,135.39,142.52,129.47,42197848.0,1498237639.0,339149678.0
2025-09-03,141.02,137.12,148.26,136.52,34918015.0,1327721676.0,339149678.0
2025-09-04,136.56,129.02,138.92,126.13,27008296.0,954905686.0,339149678.0
2025-09-05,129.77,141.43,141.62,127.33,29287406.0,1046727795.0,339149678.0
2025-09-08,139.52,145.26,149.61,138.39,29294326.0,1122401516.0,339149678.0
2025-09-09,144.32,144.36,147.47,140.27,15328632.0,584832906.0,339149678.0
2025-09-10,143.94,140.91,145.67,140.57,13438350.0,510142112.0,339149678.0
2025-09-11,139.52,150.96,150.96,138.58,23485930.0,912669928.0,339149678.0
2025-09-12,149.76,152.65,152.8,148.52,19690057.0,792538757.0,339149678.0
2025-09-15,152.31,149.05,158.98,145.9,23374402.0,943099577.0,339149678.0
2025-09-16,153.02,159.21,159.21,150.02,26644611.0,1102277782.0,339149678.0
2025-09-17,158.98,170.5,175.15,154.97,37376245.0,1643446386.0,339149678.0
2025-09-18,174.77,164.91,175.52,162.73,32670757.0,1477601567.0,339149678.0
2025-09-19,164.61,157.52,164.84,155.57,20683615.0,874580379.0,339149678.0
2025-09-22,157.15,160.07,161.95,155.87,13927532.0,592761020.0,339149678.0
2025-09-23,157.63,158.46,166.52,155.27,17703118.0,760823360.0,339149678.0
2025-09-24,157.52,159.58,160.86,154.6,10600669.0,448542496.0,339149678.0
2025-09-25,160.67,162.43,166.9,158.2,13978874.0,603011241.0,339149678.0
2025-09-26,161.12,165.51,176.91,159.4,31317613.0,1432638076.0,339149678.0
2025-09-29,165.51,168.4,172.04,164.27,16577023.0,743720694.0,339149678.0
2025-09-30,165.62,166.97,168.29,162.58,14011270.0,619376467.0,339149678.0
2025-10-09,165.02,157.07,165.06,156.02,20397924.0,863869358.0,339149678.0
2025-10-10,159.32,152.38,163.07,151.37,17013388.0,712077441.0,339149678.0
2025-10-13,140.53,143.46,147.06,140.34,20610424.0,788391307.0,339149678.0
2025-10-14,146.27,134.04,146.91,132.99,19284155.0,715728871.0,339149678.0
2025-10-15,135.09,138.21,139.52,131.27,18810955.0,679808542.0,339149678.0
2025-10-16,136.22,139.29,141.39,134.72,13009483.0,481416497.0,339149678.0
2025-10-17,138.77,134.04,139.29,134.04,9460272.0,342730196.0,339149678.0
2025-10-20,136.14,138.21,141.39,135.99,14903532.0,552110655.0,339149678.0
2025-10-21,138.21,140.53,142.44,136.52,10622780.0,395250964.0,339149678.0
2025-10-22,139.71,135.62,140.94,135.13,10700912.0,391899677.0,339149678.0
2025-10-23,135.62,132.51,135.62,129.92,13366882.0,468660684.0,339149678.0
2025-10-24,133.33,136.37,138.32,133.22,11669750.0,422476578.0,339149678.0
2025-10-27,138.02,145.9,146.57,135.02,22910840.0,863465923.0,339149678.0
2025-10-28,144.47,142.07,146.57,138.13,21408264.0,814425714.0,339149678.0
2025-10-29,140.01,143.76,150.02,140.01,20465206.0,791532560.0,339149678.0
2025-10-30,143.83,131.49,144.39,130.89,29454801.0,1062578212.0,339149678.0
2025-10-31,132.36,136.86,137.98,131.72,17781453.0,644311378.0,339149678.0
2025-11-03,139.89,136.14,143.49,134.27,15044754.0,554976032.0,339149678.0
2025-11-04,135.77,131.01,138.28,129.58,13557902.0,477160639.0,339149678.0
2025-11-05,130.07,129.54,132.96,127.59,9768206.0,338150351.0,339149678.0
2025-11-06,129.96,134.87,135.96,127.63,12631804.0,447240769.0,339149678.0
2025-11-07,136.14,129.21,136.14,128.57,13464301.0,468318071.0,339149678.0
2025-11-10,127.97,124.52,131.23,122.27,15855403.0,527198195.0,339149678.0
2025-11-11,125.64,123.99,125.75,122.64,6145878.0,203296213.0,339149678.0
2025-11-12,123.95,123.09,125.45,120.62,7370621.0,241161296.0,339149678.0
2025-11-13,123.24,128.01,129.54,122.6,12750405.0,430976554.0,339149678.0
2025-11-14,126.73,129.28,130.89,125.72,10076203.0,347181432.0,339149678.0
2025-11-17,128.34,134.34,138.24,128.27,16870006.0,607191717.0,339149678.0
2025-11-18,138.02,137.34,142.07,137.19,21306745.0,791298579.0,339149678.0
2025-11-19,137.23,134.61,137.34,133.74,9086081.0,327254843.0,339149678.0
2025-11-20,135.17,134.83,140.27,133.52,9417876.0,341530622.0,339149678.0
2025-11-21,132.43,136.86,138.84,130.82,19788872.0,714445447.0,339149678.0
2025-11-24,134.98,131.38,135.51,129.39,12152500.0,427114818.0,339149678.0
2025-11-25,132.77,130.63,134.76,128.83,11210121.0,393511722.0,339149678.0
2025-11-26,129.28,133.52,137.38,129.02,15455192.0,552921180.0,339149678.0
2025-11-27,133.56,131.91,135.21,131.46,8935852.0,316505448.0,339149678.0
2025-11-28,132.06,137.76,140.57,129.39,22339817.0,807727851.0,339149678.0
2025-12-01,140.49,139.97,142.48,136.89,13678590.0,512241049.0,339149678.0
2025-12-02,139.26,142.59,144.02,139.26,16347992.0,617012341.0,339149678.0
2025-12-03,143.46,143.27,145.82,141.39,15372239.0,588300447.0,339149678.0
2025-12-04,146.38,141.58,148.15,140.79,13908298.0,532015642.0,339149678.0
2025-12-05,141.17,145.44,147.58,138.47,14929424.0,569131052.0,339149678.0
2025-12-08,144.39,147.4,148.07,141.06,17605092.0,676339554.0,339149678.0
2025-12-09,146.38,144.39,147.66,144.09,9622300.0,373471221.0,339149678.0
2025-12-10,143.34,148.75,150.58,141.77,14736374.0,578492132.0,339149678.0
2025-12-11,150.02,143.79,150.36,142.97,10463055.0,407567358.0,339149678.0
2025-12-12,144.39,142.78,147.7,141.69,12334822.0,475436321.0,339149678.0
2025-12-15,140.64,136.41,142.44,136.22,13738620.0,507928813.0,339149678.0
2025-12-16,136.33,130.22,137.57,130.22,10260608.0,361920415.0,339149678.0
2025-12-17,130.22,132.28,133.33,128.91,8025333.0,279970088.0,339149678.0
2025-12-18,131.79,133.18,136.74,130.14,7877788.0,282182326.0,339149678.0
2025-12-19,135.13,135.39,139.07,134.31,11843237.0,432533178.0,339149678.0
2025-12-22,136.97,135.06,138.96,133.67,13080820.0,474543942.0,339149678.0
2025-12-23,134.12,131.68,134.64,131.27,9567571.0,337996127.0,339149678.0
2025-12-24,132.66,139.26,141.77,129.54,19033717.0,693850371.0,339149678.0
2025-12-25,139.78,139.89,141.39,135.06,14475981.0,533104793.0,339149678.0
2025-12-26,138.84,139.33,142.82,137.27,12126415.0,452166111.0,339149678.0
2025-12-29,138.24,139.22,141.32,136.89,12109639.0,449359040.0,339149678.0
2025-12-30,138.77,143.57,145.48,136.89,21305847.0,810014169.0,339149678.0
2025-12-31,144.51,137.19,145.11,137.16,19767996.0,735089835.0,339149678.0
2026-01-05,134.94,133.89,135.99,132.66,18028839.0,642934329.0,339149678.0
2026-01-06,133.93,132.58,135.21,131.91,13927994.0,494072244.0,339149678.0
2026-01-07,132.99,129.24,133.41,128.72,17735719.0,615785776.0,339149678.0
2026-01-08,129.39,129.17,131.27,128.27,11144963.0,385489745.0,339149678.0
2026-01-09,129.28,131.91,134.16,129.24,13421567.0,473101451.0,339149678.0
2026-01-12,132.81,130.56,133.86,128.64,16928587.0,588647970.0,339149678.0
2026-01-13,130.56,141.39,143.61,129.88,55857099.0,2093370506.0,339149678.0
2026-01-14,139.59,136.56,139.89,135.43,32489877.0,1194668458.0,339149678.0
2026-01-15,137.49,139.97,141.73,135.62,22310763.0,827754511.0,339149678.0
2026-01-16,142.03,143.83,147.77,141.21,25544188.0,983658265.0,339149678.0
2026-01-19,143.04,147.85,150.43,142.59,24886357.0,974866443.0,339149678.0
2026-01-20,146.83,141.62,149.53,139.26,22068754.0,839007502.0,339149678.0
2026-01-21,140.31,142.29,146.05,139.89,17212387.0,659041352.0,339149678.0
2026-01-22,142.52,140.23,145.29,139.37,12864361.0,483466035.0,339149678.0
2026-01-23,141.73,145.22,149.65,141.73,25058020.0,979680764.0,339149678.0
2026-01-26,148.66,144.91,149.98,142.69,17365874.0,672092436.0,339149678.0
2026-01-27,144.53,154.56,155.46,139.65,30288392.0,1203482062.0,339149678.0
2026-01-28,152.57,147.42,155.34,146.79,20264128.0,807052243.0,339149678.0
2026-01-29,146.41,140.78,149.79,140.4,17170643.0,659246215.0,339149678.0
2026-01-30,141.19,141.38,143.03,137.66,11431345.0,428571539.0,339149678.0
2026-02-02,141.23,136.35,142.66,135.97,11252781.0,416059196.0,339149678.0
2026-02-03,137.02,137.78,138.71,134.58,9659042.0,350965713.0,339149678.0
2026-02-04,137.63,136.16,137.63,134.58,8168679.0,295172935.0,339149678.0
2026-02-05,137.4,140.89,142.58,137.21,15517829.0,580330354.0,339149678.0
2026-02-06,137.1,138.56,144.23,135.9,13321435.0,499279090.0,339149678.0
2026-02-09,139.5,142.24,142.51,138.0,11997675.0,448075992.0,339149678.0
2026-02-10,142.02,140.55,147.46,140.29,11478195.0,436235362.0,339149678.0
2026-02-11,140.78,143.93,146.18,139.28,13597569.0,518888720.0,339149678.0
2026-02-12,142.99,146.0,147.16,142.96,9748934.0,377681870.0,339149678.0
2026-02-13,144.68,144.68,147.95,144.16,7866836.0,305507048.0,339149678.0
2026-02-24,150.13,144.68,150.13,143.82,14411397.0,559294827.0,339149678.0
2026-02-25,143.89,143.59,144.5,141.15,9576239.0,363875329.0,339149678.0
2026-02-26,143.63,142.66,144.8,141.72,9439258.0,359154368.0,339149678.0
2026-02-27,142.43,141.15,142.43,140.03,8754394.0,328892887.0,339149678.0
2026-03-02,138.15,135.71,139.43,135.49,11343054.0,413886894.0,339149678.0
2026-03-03,136.57,133.23,138.15,132.44,9817475.0,353577010.0,339149678.0
2026-03-04,131.02,132.44,134.96,130.64,6767989.0,238588499.0,339149678.0
2026-03-05,134.55,132.44,135.34,131.02,7326824.0,259778464.0,339149678.0
2026-03-06,131.58,134.77,135.41,131.47,5410050.0,193367766.0,339149678.0
2026-03-09,132.9,130.64,133.08,129.4,8496962.0,295860893.0,339149678.0
2026-03-10,133.05,140.97,141.83,130.68,19570003.0,712616215.0,339149678.0
2026-03-11,139.58,139.09,141.45,138.23,9607170.0,357608126.0,339149678.0
2026-03-12,138.83,135.52,139.62,134.96,7998452.0,291334825.0,339149678.0
2026-03-13,134.7,134.02,136.01,132.82,6044510.0,216644615.0,339149678.0
2026-03-16,131.43,132.75,134.02,131.13,5130335.0,180387500.0,339149678.0
2026-03-17,133.08,131.51,134.73,131.09,4947112.0,175072003.0,339149678.0
2026-03-18,131.43,135.45,137.1,130.83,7357537.0,262469896.0,339149678.0
2026-03-19,133.83,131.28,133.91,130.64,6989532.0,245640881.0,339149678.0
2026-03-20,131.39,131.66,134.96,130.23,7501059.0,264630035.0,339149678.0
2026-03-23,132.48,130.23,135.86,128.47,12992884.0,457958637.0,339149678.0
2026-03-24,130.98,127.19,131.62,117.62,13683366.0,454507774.0,339149678.0
2026-03-25,126.78,127.08,128.43,126.48,7568760.0,256579006.0,339149678.0
2026-03-26,127.08,122.38,127.08,122.31,8321652.0,275715280.0,339149678.0
2026-03-27,118.74,119.53,121.07,118.29,8270162.0,263455047.0,339149678.0
2026-03-30,117.69,113.86,119.19,112.17,12370393.0,377688964.0,339149678.0
2026-03-31,113.97,113.56,119.94,113.45,10113108.0,313024687.0,339149678.0
2026-04-01,116.0,119.79,122.5,115.96,14676344.0,465891172.0,339149678.0
2026-04-02,120.32,118.07,120.62,116.94,5356703.0,169306159.0,339149678.0
2026-04-03,118.44,115.44,118.44,115.1,4656900.0,144187121.0,339149678.0
2026-04-07,115.63,114.16,116.75,113.67,4594074.0,140241920.0,339149678.0
2026-04-08,117.13,120.77,121.22,116.9,7878573.0,250089903.0,339149678.0
2026-04-09,119.91,121.86,125.5,118.85,12261790.0,396516769.0,339149678.0
2026-04-10,122.72,124.94,126.25,122.01,14333972.0,473766890.0,339149678.0
2026-04-13,124.64,127.53,130.15,124.64,14022219.0,479366772.0,339149678.0
2026-04-14,127.64,131.62,131.96,127.53,12703736.0,438813272.0,339149678.0
2026-04-15,133.23,130.46,135.45,130.0,15294412.0,541443777.0,339149678.0
2026-04-16,131.39,130.19,132.56,128.88,10881127.0,378199924.0,339149678.0
2026-04-17,130.19,131.28,132.63,129.22,8586929.0,300373553.0,339149678.0
2026-04-20,131.28,127.38,131.96,126.93,14393728.0,493793379.0,339149678.0
2026-04-21,124.64,134.58,136.91,124.45,27522669.0,970866222.0,339149678.0
2026-04-22,133.23,136.09,136.27,132.37,11691985.0,421131225.0,339149678.0
2026-04-23,135.9,141.53,143.22,134.21,25373700.0,941438917.0,339149678.0
2026-04-24,142.69,140.63,143.67,139.65,15488879.0,583474163.0,339149678.0
2026-04-27,140.4,140.67,142.66,139.58,12545253.0,471503243.0,339149678.0
2026-04-28,140.29,134.81,141.08,132.52,17128771.0,619216903.0,339149678.0
2026-04-29,133.98,141.34,143.78,133.98,17730594.0,662502007.0,339149678.0
2026-04-30,141.53,143.44,146.0,141.53,14802059.0,568484147.0,339149678.0
2026-05-06,145.96,143.41,146.22,141.57,18336265.0,702848968.0,339149678.0
2026-05-07,142.66,150.16,151.85,136.57,33098743.0,1287830320.0,339149678.0
2026-05-08,149.53,150.69,151.78,147.12,21672666.0,865181105.0,339149678.0
2026-05-11,150.16,147.2,157.9,143.18,40211974.0,1611312838.0,339149678.0
2026-05-12,157.03,132.71,157.03,132.52,53605071.0,1982868556.0,339149678.0
2026-05-13,131.36,125.54,132.71,125.05,31508911.0,1065883682.0,339149678.0
2026-05-14,125.2,118.25,125.42,117.62,26912473.0,862084095.0,339149678.0
2026-05-15,116.41,121.97,127.08,116.38,26174298.0,852429266.0,339149678.0
2026-05-18,120.77,119.91,121.26,115.06,20459969.0,645395683.0,339149678.0
2026-05-19,120.62,119.68,122.76,119.23,13118184.0,422133863.0,339149678.0
2026-05-20,118.52,113.41,118.52,111.98,21539477.0,655114671.0,339149678.0
2026-05-21,114.84,123.4,124.75,113.37,36642306.0,1186313162.0,339149678.0
2026-05-22,122.01,119.64,124.07,117.95,24489769.0,782735458.0,339149678.0
