date,open,close,high,low,volume,amount,code,name
2020-01-02,298.4,295.39,303.62,294.92,1002915,1646850288.0,600048,保利发展
2020-01-03,297.29,290.49,297.29,287.33,1074824,1713539328.0,600048,保利发展
2020-01-06,288.12,286.22,288.28,284.16,1263365,1978819744.0,600048,保利发展
2020-01-07,286.85,287.96,288.43,284.64,855225,1341480544.0,600048,保利发展
2020-01-08,284.95,283.69,285.43,281.95,882805,1370722672.0,600048,保利发展
2020-01-09,294.13,295.71,297.61,290.65,1946177,3150781872.0,600048,保利发展
2020-01-10,296.03,291.6,296.66,289.7,956771,1538891920.0,600048,保利发展
2020-01-13,292.71,298.87,299.51,292.39,901699,1471326848.0,600048,保利发展
2020-01-14,299.19,296.82,300.62,295.55,598866,980331760.0,600048,保利发展
2020-01-15,296.82,293.34,298.08,292.23,549853,889417408.0,600048,保利发展
2020-01-16,293.81,291.76,295.71,291.12,623516,1002815216.0,600048,保利发展
2020-01-17,292.86,293.18,294.92,291.12,470332,756916800.0,600048,保利发展
2020-01-20,293.18,290.97,293.97,288.12,584888,931786544.0,600048,保利发展
2020-01-21,288.43,282.58,289.38,282.27,910108,1416707760.0,600048,保利发展
2020-01-22,282.42,289.23,289.86,279.89,962109,1510291456.0,600048,保利发展
2020-01-23,285.11,280.68,287.33,279.1,821771,1269876624.0,600048,保利发展
2020-02-03,258.06,259.33,263.44,256.48,1820510,2551879296.0,600048,保利发展
2020-02-04,261.23,264.55,265.66,257.43,1119868,1580250912.0,600048,保利发展
2020-02-05,262.81,267.24,269.45,260.91,1169010,1680553424.0,600048,保利发展
2020-02-06,268.98,268.35,270.4,264.39,1039266,1502684320.0,600048,保利发展
2020-02-07,265.5,265.97,267.55,262.81,688732,986294736.0,600048,保利发展
2020-02-10,262.65,272.77,275.46,261.7,1112296,1628239104.0,600048,保利发展
2020-02-11,270.88,274.99,279.42,270.72,849948,1279273440.0,600048,保利发展
2020-02-12,272.77,274.04,276.73,271.51,648116,965030928.0,600048,保利发展
2020-02-13,277.36,281.63,284.64,277.2,1099935,1697335232.0,600048,保利发展
2020-02-14,282.58,289.7,290.49,281.63,953060,1501176464.0,600048,保利发展
2020-02-17,291.76,287.17,292.86,284.01,987224,1550241008.0,600048,保利发展
2020-02-18,284.32,283.37,286.85,281.95,758721,1175808592.0,600048,保利发展
2020-02-19,282.74,283.06,285.59,280.53,580113,900330208.0,600048,保利发展
2020-02-20,281.95,285.59,285.9,281.79,829784,1288806128.0,600048,保利发展
2020-02-21,284.95,280.68,285.59,278.63,844023,1296802112.0,600048,保利发展
2020-02-24,279.89,276.89,280.37,273.09,842405,1266271856.0,600048,保利发展
2020-02-25,276.25,279.58,283.85,275.94,957682,1463990944.0,600048,保利发展
2020-02-26,277.05,291.12,298.56,275.94,2141587,3422389040.0,600048,保利发展
2020-02-27,291.91,288.59,293.65,286.85,990615,1578365888.0,600048,保利发展
2020-02-28,286.54,294.29,298.72,285.27,1609630,2605740688.0,600048,保利发展
2020-03-02,297.77,302.2,307.26,297.61,1793905,3013621424.0,600048,保利发展
2020-03-03,303.78,300.93,305.52,295.08,1471337,2421028576.0,600048,保利发展
2020-03-04,303.15,304.1,312.64,297.77,1609721,2729215008.0,600048,保利发展
2020-03-05,302.36,307.73,309.79,299.19,1148836,1935314064.0,600048,保利发展
2020-03-06,304.1,299.03,305.52,297.61,875206,1448290704.0,600048,保利发展
2020-03-09,294.29,293.97,297.29,288.75,847580,1366300944.0,600048,保利发展
2020-03-10,295.87,297.45,300.77,290.49,711188,1160198080.0,600048,保利发展
2020-03-11,298.4,295.24,301.72,294.13,746382,1225472016.0,600048,保利发展
2020-03-12,293.02,297.45,299.82,290.17,709346,1153011472.0,600048,保利发展
2020-03-13,285.43,293.02,295.24,281.79,917554,1449691568.0,600048,保利发展
2020-03-16,292.23,280.05,292.39,278.94,1006589,1566768464.0,600048,保利发展
2020-03-17,279.42,276.89,284.64,273.57,875327,1318711216.0,600048,保利发展
2020-03-18,276.41,266.29,278.79,265.97,918667,1361646192.0,600048,保利发展
2020-03-19,263.13,259.65,267.55,250.15,1040890,1448798704.0,600048,保利发展
2020-03-20,262.49,267.4,269.14,258.06,643167,922502944.0,600048,保利发展
2020-03-23,259.33,260.91,263.6,256.48,523403,733869872.0,600048,保利发展
2020-03-24,264.55,267.87,270.09,262.81,547285,789650912.0,600048,保利发展
2020-03-25,271.83,278.15,279.89,268.19,916587,1366868272.0,600048,保利发展
2020-03-26,273.09,277.36,279.73,272.62,608704,916496432.0,600048,保利发展
2020-03-27,280.68,279.42,283.37,277.05,709914,1086520704.0,600048,保利发展
2020-03-30,276.89,278.63,282.9,274.99,788986,1202817776.0,600048,保利发展
2020-03-31,280.21,273.41,281.0,270.72,695372,1041319600.0,600048,保利发展
2020-04-01,273.88,274.99,280.68,272.14,583736,879374640.0,600048,保利发展
2020-04-02,273.88,276.89,276.89,272.62,394513,589874592.0,600048,保利发展
2020-04-03,274.83,275.94,277.99,274.2,333922,501465200.0,600048,保利发展
2020-04-07,280.21,277.99,280.53,276.1,642316,973970128.0,600048,保利发展
2020-04-08,276.89,278.15,279.26,274.99,418136,632473376.0,600048,保利发展
2020-04-09,278.31,274.51,278.31,272.93,386593,578156304.0,600048,保利发展
2020-04-10,273.88,270.56,278.15,268.82,665538,986141312.0,600048,保利发展
2020-04-13,270.56,276.57,277.84,269.29,479215,716821472.0,600048,保利发展
2020-04-14,278.63,284.8,288.59,277.36,824339,1282709648.0,600048,保利发展
2020-04-15,283.37,280.21,285.11,278.79,442485,679066592.0,600048,保利发展
2020-04-16,284.95,287.49,290.17,282.74,838854,1320022688.0,600048,保利发展
2020-04-17,289.38,288.43,289.54,286.06,511058,806717952.0,600048,保利发展
2020-04-20,288.43,289.38,290.02,280.68,669331,1049082048.0,600048,保利发展
2020-04-21,289.7,290.17,293.97,286.69,721011,1148517232.0,600048,保利发展
2020-04-22,288.91,290.49,290.49,284.95,459005,723356368.0,600048,保利发展
2020-04-23,290.49,289.54,291.91,286.22,500669,793240688.0,600048,保利发展
2020-04-24,289.07,288.75,289.7,286.85,342608,541462832.0,600048,保利发展
2020-04-27,288.75,289.86,295.08,288.43,435573,698751328.0,600048,保利发展
2020-04-28,290.81,293.65,296.82,290.17,517666,836452624.0,600048,保利发展
2020-04-29,292.86,299.35,301.72,292.86,507074,832910560.0,600048,保利发展
2020-04-30,299.51,295.08,299.82,293.65,597304,972728320.0,600048,保利发展
2020-05-06,291.44,289.23,293.02,286.06,915526,1449298256.0,600048,保利发展
2020-05-07,287.49,286.85,290.02,286.22,492959,777182560.0,600048,保利发展
2020-05-08,288.75,289.54,290.17,286.38,637561,1009047312.0,600048,保利发展
2020-05-11,289.38,287.33,290.65,286.85,587482,929988240.0,600048,保利发展
2020-05-12,287.64,287.17,288.59,285.75,439948,692382192.0,600048,保利发展
2020-05-13,286.69,286.38,287.33,283.69,457082,714240704.0,600048,保利发展
2020-05-14,285.11,281.0,286.38,279.73,572642,882800592.0,600048,保利发展
2020-05-15,281.79,279.58,282.74,276.89,550221,841400736.0,600048,保利发展
2020-05-18,280.53,282.74,284.32,279.58,512259,792831424.0,600048,保利发展
2020-05-19,286.54,281.0,286.54,280.21,424139,654356896.0,600048,保利发展
2020-05-20,280.37,279.73,282.58,277.84,376923,575269600.0,600048,保利发展
2020-05-21,281.16,276.25,281.47,275.31,383279,580994496.0,600048,保利发展
2020-05-22,276.73,271.51,276.73,271.51,486626,723800352.0,600048,保利发展
2020-05-25,273.88,279.42,279.58,272.62,521357,789514896.0,600048,保利发展
2020-05-26,281.47,280.37,281.63,277.99,331279,505918064.0,600048,保利发展
2020-05-27,280.37,281.63,282.58,278.94,355443,545810736.0,600048,保利发展
2020-05-28,281.63,283.21,287.33,281.16,725713,1131199120.0,600048,保利发展
2020-05-29,284.48,278.31,284.8,277.2,595728,859157520.0,600048,保利发展
2020-06-01,280.21,285.27,285.9,279.1,524767,767402480.0,600048,保利发展
2020-06-02,283.69,291.76,293.02,283.37,722984,1088664864.0,600048,保利发展
2020-06-03,293.65,292.39,300.77,292.23,773456,1197365936.0,600048,保利发展
2020-06-04,295.08,289.86,295.87,287.64,482214,729457184.0,600048,保利发展
2020-06-05,289.86,286.22,289.86,283.37,637147,942334912.0,600048,保利发展
2020-06-08,287.01,287.01,290.65,285.43,629105,938891152.0,600048,保利发展
2020-06-09,287.01,287.64,291.12,286.22,548815,821590000.0,600048,保利发展
2020-06-10,287.64,282.58,287.64,281.79,685705,1007041152.0,600048,保利发展
2020-06-11,282.11,278.15,282.58,277.52,649192,937774640.0,600048,保利发展
2020-06-12,275.78,278.94,280.05,274.99,586457,839913456.0,600048,保利发展
2020-06-15,276.41,277.99,281.32,275.94,485108,698458544.0,600048,保利发展
2020-06-16,281.16,281.0,282.42,279.42,431031,626452544.0,600048,保利发展
2020-06-17,280.21,278.31,281.0,276.57,492703,706211632.0,600048,保利发展
2020-06-18,280.05,282.27,283.06,279.42,579451,844415792.0,600048,保利发展
2020-06-19,282.27,281.47,282.42,278.47,902116,1305574480.0,600048,保利发展
2020-06-22,279.89,279.58,281.63,278.94,590733,854951296.0,600048,保利发展
2020-06-23,278.94,277.52,280.21,276.89,542774,777744352.0,600048,保利发展
2020-06-24,278.47,284.32,284.48,277.84,1042670,1523402272.0,600048,保利发展
2020-06-29,283.06,281.0,283.37,278.47,560535,813047680.0,600048,保利发展
2020-06-30,281.63,284.95,284.95,280.21,611628,894725520.0,600048,保利发展
2020-07-01,285.43,302.67,308.37,283.85,2152274,3366484976.0,600048,保利发展
2020-07-02,304.57,310.11,313.59,303.3,1820543,2963338640.0,600048,保利发展
2020-07-03,310.9,309.79,318.33,303.15,1670760,2727504160.0,600048,保利发展
2020-07-06,315.8,335.73,335.73,315.8,2218365,3885732656.0,600048,保利发展
2020-07-07,343.32,330.51,346.96,328.77,1661575,2987610704.0,600048,保利发展
2020-07-08,331.14,332.57,337.31,326.4,1247970,2212906304.0,600048,保利发展
2020-07-09,335.73,337.95,338.9,326.08,1321336,2345987248.0,600048,保利发展
2020-07-10,331.62,327.03,335.57,323.87,1318418,2315269552.0,600048,保利发展
2020-07-13,324.82,324.98,329.72,317.7,1234972,2126778400.0,600048,保利发展
2020-07-14,323.24,318.96,326.4,313.43,1362884,2309552640.0,600048,保利发展
2020-07-15,321.02,311.37,323.71,310.9,1089905,1826346176.0,600048,保利发展
2020-07-16,313.43,306.47,317.38,306.15,1207633,1986318128.0,600048,保利发展
2020-07-17,308.21,305.36,310.9,301.09,999752,1607750720.0,600048,保利发展
2020-07-20,307.89,318.02,321.18,305.84,1341740,2234004560.0,600048,保利发展
2020-07-21,317.7,313.9,318.96,311.37,971633,1612208704.0,600048,保利发展
2020-07-22,312.32,312.8,318.33,311.21,1047300,1746274992.0,600048,保利发展
2020-07-23,309.32,308.21,311.85,303.62,823223,1333229856.0,600048,保利发展
2020-07-24,307.73,302.2,312.8,299.51,933234,1502624976.0,600048,保利发展
2020-07-27,304.57,296.66,305.04,294.13,918235,1426923408.0,600048,保利发展
2020-07-28,298.72,299.51,300.77,295.08,922071,1436443840.0,600048,保利发展
2020-07-29,298.08,301.09,302.2,294.92,898486,1410254240.0,600048,保利发展
2020-07-30,300.93,296.66,300.93,296.19,1015176,1582952144.0,600048,保利发展
2020-07-31,295.39,297.93,301.41,294.76,976284,1520323056.0,600048,保利发展
2020-08-03,300.3,302.36,305.84,299.67,1288992,2039618224.0,600048,保利发展
2020-08-04,302.67,307.89,309.79,299.98,1489558,2390570384.0,600048,保利发展
2020-08-05,305.04,300.93,305.04,299.51,1397649,2206968576.0,600048,保利发展
2020-08-06,301.09,302.67,303.46,297.77,786213,1239817344.0,600048,保利发展
2020-08-07,300.77,300.61,302.51,297.93,731894,1151745504.0,600048,保利发展
2020-08-10,299.51,308.52,311.37,299.03,1466594,2377737056.0,600048,保利发展
2020-08-11,309.16,308.21,315.17,307.26,1278855,2101462048.0,600048,保利发展
2020-08-12,309.0,312.95,314.38,307.42,976319,1603315568.0,600048,保利发展
2020-08-13,312.32,312.48,314.22,309.79,624093,1028328608.0,600048,保利发展
2020-08-14,312.32,320.39,321.81,310.42,1221908,2057034752.0,600048,保利发展
2020-08-17,320.86,326.56,332.41,317.7,1389529,2422356432.0,600048,保利发展
2020-08-18,326.24,319.44,327.82,316.28,1165665,1981656144.0,600048,保利发展
2020-08-19,319.12,315.64,319.12,313.43,854731,1429437312.0,600048,保利发展
2020-08-20,314.69,314.54,315.96,311.37,682859,1132243504.0,600048,保利发展
2020-08-21,316.43,313.11,316.91,311.06,576909,956204896.0,600048,保利发展
2020-08-24,315.33,311.85,317.54,311.37,635641,1056237088.0,600048,保利发展
2020-08-25,311.85,312.8,314.38,309.79,680465,1124852176.0,600048,保利发展
2020-08-26,312.95,314.38,318.81,311.37,881091,1472931456.0,600048,保利发展
2020-08-27,313.74,307.42,313.74,304.1,1138875,1841509152.0,600048,保利发展
2020-08-28,305.99,311.69,312.8,305.36,929342,1522334928.0,600048,保利发展
2020-08-31,313.59,305.84,316.28,305.36,998986,1635466432.0,600048,保利发展
2020-09-01,306.31,307.58,308.21,304.73,684004,1103472128.0,600048,保利发展
2020-09-02,306.15,308.52,311.37,305.04,868103,1410858656.0,600048,保利发展
2020-09-03,308.52,310.58,312.64,306.78,876217,1437400976.0,600048,保利发展
2020-09-04,308.21,311.69,312.16,305.52,726993,1185646080.0,600048,保利发展
2020-09-07,309.32,313.9,321.97,309.16,1202366,2015511024.0,600048,保利发展
2020-09-08,315.01,313.9,318.17,311.37,749929,1246888464.0,600048,保利发展
2020-09-09,311.37,310.58,313.74,307.58,612641,1003809392.0,600048,保利发展
2020-09-10,313.74,316.43,324.82,313.74,1286606,2178483136.0,600048,保利发展
2020-09-11,316.75,313.43,318.17,311.37,771679,1282971536.0,600048,保利发展
2020-09-14,313.74,312.95,315.8,309.95,585191,965884096.0,600048,保利发展
2020-09-15,312.16,314.69,316.59,309.47,648901,1075533872.0,600048,保利发展
2020-09-16,313.43,317.54,319.6,311.85,785096,1314843264.0,600048,保利发展
2020-09-17,316.28,314.38,318.33,313.74,574411,959643824.0,600048,保利发展
2020-09-18,314.38,325.61,325.61,313.9,1408701,2409709440.0,600048,保利发展
2020-09-21,325.77,321.18,326.08,320.55,750743,1291780800.0,600048,保利发展
2020-09-22,319.44,317.54,321.02,315.96,572056,967309504.0,600048,保利发展
2020-09-23,317.7,315.01,318.33,314.22,530942,887683648.0,600048,保利发展
2020-09-24,314.69,310.11,314.85,309.47,647521,1065772304.0,600048,保利发展
2020-09-25,309.47,302.51,311.37,300.93,934862,1500213104.0,600048,保利发展
2020-09-28,304.1,306.63,307.73,302.67,725703,1168243280.0,600048,保利发展
2020-09-29,306.15,305.36,307.1,304.73,498309,802059024.0,600048,保利发展
2020-09-30,307.42,302.51,308.21,299.98,675892,1077401136.0,600048,保利发展
2020-10-09,304.25,305.2,305.84,302.2,546719,874436432.0,600048,保利发展
2020-10-12,306.47,311.06,311.06,305.84,811522,1323453792.0,600048,保利发展
2020-10-13,309.32,307.58,309.63,305.04,657030,1062210464.0,600048,保利发展
2020-10-14,306.15,306.15,307.1,304.41,434851,699725856.0,600048,保利发展
2020-10-15,306.15,306.15,309.16,305.68,429236,695276592.0,600048,保利发展
2020-10-16,306.31,307.58,308.52,305.52,514729,832468672.0,600048,保利发展
2020-10-19,309.32,308.84,316.28,307.26,880067,1450752320.0,600048,保利发展
2020-10-20,307.58,306.63,308.37,304.73,536028,863183184.0,600048,保利发展
2020-10-21,306.78,307.58,308.52,304.1,554984,893552672.0,600048,保利发展
2020-10-22,307.42,309.0,312.0,306.63,681959,1115156016.0,600048,保利发展
2020-10-23,308.37,310.58,313.11,307.1,777287,1272903856.0,600048,保利发展
2020-10-26,312.16,311.21,314.06,309.0,594439,977022352.0,600048,保利发展
2020-10-27,310.42,305.04,311.21,304.25,869124,1403252176.0,600048,保利发展
2020-10-28,305.04,299.82,305.52,297.61,795669,1253531216.0,600048,保利发展
2020-10-29,297.61,300.46,302.51,296.98,544636,856342064.0,600048,保利发展
2020-10-30,299.35,294.13,304.25,291.91,1039107,1614206112.0,600048,保利发展
2020-11-02,294.92,296.19,298.24,294.13,524322,812795520.0,600048,保利发展
2020-11-03,296.5,297.45,298.24,293.81,560369,869855616.0,600048,保利发展
2020-11-04,296.19,296.98,298.87,295.71,400542,622589136.0,600048,保利发展
2020-11-05,298.08,302.99,304.89,298.08,826035,1308077056.0,600048,保利发展
2020-11-06,303.94,306.78,308.52,302.67,828790,1336891168.0,600048,保利发展
2020-11-09,309.0,307.26,310.11,305.04,771436,1249039968.0,600048,保利发展
2020-11-10,308.37,306.15,311.53,305.04,585628,951190096.0,600048,保利发展
2020-11-11,306.15,310.58,312.16,305.04,991050,1620543184.0,600048,保利发展
2020-11-12,308.84,308.52,310.9,307.1,503399,819309264.0,600048,保利发展
2020-11-13,306.94,300.77,307.1,299.51,787331,1247423488.0,600048,保利发展
2020-11-16,301.09,304.1,305.04,299.82,658905,1046180800.0,600048,保利发展
2020-11-17,304.1,313.11,313.9,303.62,1568110,2573863952.0,600048,保利发展
2020-11-18,313.43,315.8,321.02,308.21,1489607,2490400944.0,600048,保利发展
2020-11-19,316.75,319.91,321.65,315.01,1210508,2049805360.0,600048,保利发展
2020-11-20,321.34,319.44,321.34,315.01,636291,1075326832.0,600048,保利发展
2020-11-23,320.86,319.44,321.97,316.59,727720,1235114048.0,600048,保利发展
2020-11-24,317.7,316.59,320.86,315.33,606149,1019684624.0,600048,保利发展
2020-11-25,318.33,317.38,321.97,315.8,705081,1193514304.0,600048,保利发展
2020-11-26,318.02,318.33,318.96,313.43,549775,922671728.0,600048,保利发展
2020-11-27,319.12,326.4,326.56,318.49,995854,1717255840.0,600048,保利发展
2020-11-30,326.72,323.55,336.05,323.55,1321454,2330027680.0,600048,保利发展
2020-12-01,323.24,324.03,324.82,314.85,1016514,1728916816.0,600048,保利发展
2020-12-02,324.03,325.92,332.09,320.86,837313,1466458128.0,600048,保利发展
2020-12-03,325.92,324.34,327.51,321.81,512634,885030512.0,600048,保利发展
2020-12-04,324.34,319.44,324.82,317.22,565766,957973968.0,600048,保利发展
2020-12-07,318.49,312.8,319.44,311.85,634187,1053190528.0,600048,保利发展
2020-12-08,313.43,311.53,314.22,309.95,483970,796844192.0,600048,保利发展
2020-12-09,312.16,308.84,312.8,307.89,595087,973363728.0,600048,保利发展
2020-12-10,308.68,307.58,310.9,305.52,474265,767836304.0,600048,保利发展
2020-12-11,309.0,303.94,309.0,302.83,535688,858765088.0,600048,保利发展
2020-12-14,307.42,307.58,308.52,304.25,563060,908436304.0,600048,保利发展
2020-12-15,307.1,304.57,307.42,302.67,483407,773621744.0,600048,保利发展
2020-12-16,305.36,305.84,309.0,303.46,495821,797908256.0,600048,保利发展
2020-12-17,305.52,306.78,307.89,303.46,536394,865372576.0,600048,保利发展
2020-12-18,305.99,305.04,306.78,301.56,971686,1556035904.0,600048,保利发展
2020-12-21,303.3,302.83,303.78,299.35,675639,1070674400.0,600048,保利发展
2020-12-22,302.36,303.3,308.84,300.14,828229,1327522000.0,600048,保利发展
2020-12-23,303.94,298.72,304.41,297.13,908582,1425579584.0,600048,保利发展
2020-12-24,298.87,297.93,300.77,296.03,479855,748652832.0,600048,保利发展
2020-12-25,299.82,299.82,299.98,296.34,351813,550758576.0,600048,保利发展
2020-12-28,299.51,298.87,300.61,294.29,695065,1085273728.0,600048,保利发展
2020-12-29,299.51,300.46,302.67,299.19,606107,956988416.0,600048,保利发展
2020-12-30,300.14,297.93,301.09,296.98,553001,864261872.0,600048,保利发展
2020-12-31,298.08,301.41,302.04,296.98,722418,1138146528.0,600048,保利发展
2021-01-04,299.19,293.02,299.19,291.28,1232988,1889996640.0,600048,保利发展
2021-01-05,291.44,290.02,291.6,283.37,1326558,1973875712.0,600048,保利发展
2021-01-06,288.75,292.07,292.71,287.64,1039797,1576764320.0,600048,保利发展
2021-01-07,292.23,289.38,295.55,285.43,1003552,1511452304.0,600048,保利发展
2021-01-08,288.12,291.44,292.55,287.17,774126,1171597296.0,600048,保利发展
2021-01-11,291.44,289.07,295.55,287.8,1236935,1875366192.0,600048,保利发展
2021-01-12,289.23,291.12,291.44,286.22,868819,1303220800.0,600048,保利发展
2021-01-13,292.39,295.55,299.19,290.33,1205710,1861224112.0,600048,保利发展
2021-01-14,295.24,295.87,301.56,294.45,980633,1524049312.0,600048,保利发展
2021-01-15,294.92,296.66,300.3,294.92,858351,1337980656.0,600048,保利发展
2021-01-18,297.77,303.62,304.89,294.6,1277876,2011580672.0,600048,保利发展
2021-01-19,300.3,305.84,310.58,297.93,1821936,2915611184.0,600048,保利发展
2021-01-20,303.78,299.19,303.94,296.5,958791,1505834160.0,600048,保利发展
2021-01-21,297.93,293.5,298.87,292.07,1345816,2071155408.0,600048,保利发展
2021-01-22,290.97,285.75,291.12,285.75,1205636,1800534752.0,600048,保利发展
2021-01-25,284.64,282.58,284.64,278.31,1430846,2078401504.0,600048,保利发展
2021-01-26,281.95,282.11,285.11,280.68,804020,1177228128.0,600048,保利发展
2021-01-27,282.27,278.47,284.64,276.57,941820,1361236416.0,600048,保利发展
2021-01-28,275.94,273.41,275.94,271.51,914567,1284221552.0,600048,保利发展
2021-01-29,274.04,269.61,274.99,268.98,720713,1002283536.0,600048,保利发展
2021-02-01,269.77,269.77,271.98,265.97,646375,889652912.0,600048,保利发展
2021-02-02,269.77,272.62,273.72,268.5,734213,1025701936.0,600048,保利发展
2021-02-03,273.41,268.82,273.41,267.87,543484,750276304.0,600048,保利发展
2021-02-04,268.5,262.81,268.5,261.7,976345,1313817056.0,600048,保利发展
2021-02-05,262.81,268.66,271.19,262.18,883794,1205608240.0,600048,保利发展
2021-02-08,272.3,271.83,276.1,269.45,845103,1185075440.0,600048,保利发展
2021-02-09,271.83,270.72,273.25,268.19,627720,872253968.0,600048,保利发展
2021-02-10,270.56,269.93,272.77,268.98,543457,752943920.0,600048,保利发展
2021-02-18,271.19,278.31,278.94,271.03,925244,1313636864.0,600048,保利发展
2021-02-19,276.89,279.1,280.53,275.46,640121,921006208.0,600048,保利发展
2021-02-22,279.26,283.69,285.43,277.36,904583,1319299664.0,600048,保利发展
2021-02-23,281.47,282.9,285.59,281.0,491777,721243520.0,600048,保利发展
2021-02-24,283.06,285.59,288.28,282.27,961248,1426751328.0,600048,保利发展
2021-02-25,289.23,305.36,309.0,288.28,3864956,6176422144.0,600048,保利发展
2021-02-26,299.19,296.98,305.04,293.18,1798975,2811354368.0,600048,保利发展
2021-03-01,299.35,305.52,308.68,294.92,1425360,2268679056.0,600048,保利发展
2021-03-02,305.2,304.57,314.38,302.67,1296910,2107836752.0,600048,保利发展
2021-03-03,302.04,305.52,309.16,300.61,894751,1430704224.0,600048,保利发展
2021-03-04,303.94,298.24,308.68,296.34,1122718,1775824624.0,600048,保利发展
2021-03-05,296.19,293.65,300.77,290.17,986394,1517109184.0,600048,保利发展
2021-03-08,296.19,291.28,297.93,291.28,650108,1000109904.0,600048,保利发展
2021-03-09,292.55,289.38,296.03,288.43,788235,1201874224.0,600048,保利发展
2021-03-10,291.12,286.85,292.55,285.59,669359,998936368.0,600048,保利发展
2021-03-11,287.49,288.43,292.07,286.85,611528,920079136.0,600048,保利发展
2021-03-12,288.75,291.28,297.93,284.32,790037,1195463152.0,600048,保利发展
2021-03-15,292.23,288.12,292.86,286.22,771002,1157387328.0,600048,保利发展
2021-03-16,288.43,297.61,298.72,286.69,896052,1375189824.0,600048,保利发展
2021-03-17,294.76,293.5,299.35,292.39,579419,893531680.0,600048,保利发展
2021-03-18,294.13,292.39,295.24,291.28,462580,706135792.0,600048,保利发展
2021-03-19,290.17,283.06,290.65,281.63,779136,1152027152.0,600048,保利发展
2021-03-22,280.68,283.37,284.48,280.21,400239,585610368.0,600048,保利发展
2021-03-23,283.37,280.68,284.64,279.73,477572,694425248.0,600048,保利发展
2021-03-24,280.21,277.68,281.16,276.57,499667,717477376.0,600048,保利发展
2021-03-25,277.84,277.99,279.58,276.1,306446,438914144.0,600048,保利发展
2021-03-26,277.99,278.15,279.73,277.36,392819,564426448.0,600048,保利发展
2021-03-29,277.52,278.31,279.42,275.31,488363,699702832.0,600048,保利发展
2021-03-30,277.36,278.79,281.32,276.57,441330,634739664.0,600048,保利发展
2021-03-31,278.47,276.25,278.63,274.04,454187,643623296.0,600048,保利发展
2021-04-01,276.41,274.99,277.2,273.41,333865,472643664.0,600048,保利发展
2021-04-02,275.46,275.78,276.89,274.04,326983,463386320.0,600048,保利发展
2021-04-06,276.57,275.78,277.2,275.31,271952,386657008.0,600048,保利发展
2021-04-07,275.78,276.89,277.36,274.51,335415,476552064.0,600048,保利发展
2021-04-08,275.46,274.99,275.62,273.88,345028,487196016.0,600048,保利发展
2021-04-09,274.83,272.46,274.99,271.03,461723,646077648.0,600048,保利发展
2021-04-12,272.62,277.05,277.52,271.98,584832,829937920.0,600048,保利发展
2021-04-13,276.89,277.84,278.63,274.51,425218,605764688.0,600048,保利发展
2021-04-14,277.84,277.99,279.1,276.57,376039,538429008.0,600048,保利发展
2021-04-15,277.99,277.84,279.26,276.57,311653,446634896.0,600048,保利发展
2021-04-16,278.94,280.37,280.84,277.52,379533,548236208.0,600048,保利发展
2021-04-19,280.53,281.63,281.79,278.94,356401,517225344.0,600048,保利发展
2021-04-20,278.79,274.51,279.26,273.88,864697,1226098944.0,600048,保利发展
2021-04-21,274.36,275.15,275.46,272.3,429920,605285248.0,600048,保利发展
2021-04-22,275.46,275.94,277.36,274.67,414825,588948176.0,600048,保利发展
2021-04-23,275.15,274.51,275.62,271.98,664240,932922960.0,600048,保利发展
2021-04-26,273.72,272.62,274.99,272.3,507474,712300208.0,600048,保利发展
2021-04-27,272.62,274.51,275.46,271.19,449760,632324208.0,600048,保利发展
2021-04-28,275.31,274.67,275.46,273.41,334438,472050224.0,600048,保利发展
2021-04-29,275.31,275.46,275.62,273.57,339106,479619424.0,600048,保利发展
2021-04-30,274.2,272.62,275.46,271.19,514016,720925488.0,600048,保利发展
2021-05-06,271.51,271.98,273.72,271.03,326632,455954848.0,600048,保利发展
2021-05-07,271.19,271.19,273.09,270.4,359141,500927536.0,600048,保利发展
2021-05-10,270.72,268.5,271.03,265.81,493246,675473008.0,600048,保利发展
2021-05-11,266.92,269.45,270.09,266.13,302365,414594464.0,600048,保利发展
2021-05-12,268.03,264.39,268.35,262.97,705036,954131616.0,600048,保利发展
2021-05-13,262.97,263.76,264.39,262.49,344650,461943776.0,600048,保利发展
2021-05-14,263.92,266.76,267.08,262.65,442186,597131712.0,600048,保利发展
2021-05-17,265.97,267.4,268.66,264.87,408658,558256096.0,600048,保利发展
2021-05-18,267.08,268.35,270.09,265.66,407699,558572352.0,600048,保利发展
2021-05-19,268.35,264.55,268.66,263.76,416391,564109664.0,600048,保利发展
2021-05-20,264.87,264.55,265.02,262.97,324413,436281552.0,600048,保利发展
2021-05-21,264.39,260.91,265.34,260.91,533195,712850096.0,600048,保利发展
2021-05-24,260.44,258.06,260.44,257.59,520273,681858864.0,600048,保利发展
2021-05-25,257.91,264.23,264.55,257.27,643661,855660864.0,600048,保利发展
2021-05-26,264.23,268.19,273.57,264.07,1074278,1481795600.0,600048,保利发展
2021-05-27,268.35,268.82,272.14,267.08,553421,764358624.0,600048,保利发展
2021-05-28,269.45,265.97,270.24,264.39,468850,637404992.0,600048,保利发展
2021-05-31,266.13,265.02,267.24,263.28,424993,573770000.0,600048,保利发展
2021-06-01,265.5,262.49,266.61,261.86,427218,571875184.0,600048,保利发展
2021-06-02,262.49,264.07,265.5,260.91,418390,562081312.0,600048,保利发展
2021-06-03,263.92,262.97,265.81,262.81,337210,453955296.0,600048,保利发展
2021-06-04,262.81,263.44,265.02,261.86,394796,529670864.0,600048,保利发展
2021-06-07,262.02,258.38,262.02,256.96,662625,868066864.0,600048,保利发展
2021-06-08,259.17,258.38,260.28,257.75,390369,511842736.0,600048,保利发展
2021-06-09,258.85,259.17,259.8,258.38,357009,469119040.0,600048,保利发展
2021-06-10,259.17,257.59,259.8,257.59,355901,466380848.0,600048,保利发展
2021-06-11,257.59,257.91,258.85,256.48,452378,590105888.0,600048,保利发展
2021-06-15,257.75,251.74,257.75,251.74,555717,713259536.0,600048,保利发展
2021-06-16,250.47,255.06,256.64,249.84,460244,591376928.0,600048,保利发展
2021-06-17,254.58,255.06,256.01,252.84,370888,476960032.0,600048,保利发展
2021-06-18,254.43,253.16,254.74,250.79,398792,507648816.0,600048,保利发展
2021-06-21,252.69,249.21,253.0,248.41,414776,521094752.0,600048,保利发展
2021-06-22,249.21,245.73,251.26,244.93,590467,732184304.0,600048,保利发展
2021-06-23,246.04,247.62,248.41,245.57,513986,636991360.0,600048,保利发展
2021-06-24,247.31,247.31,249.36,246.2,397107,493179280.0,600048,保利发展
2021-06-25,247.62,248.41,248.89,246.67,363426,452460400.0,600048,保利发展
2021-06-28,248.41,243.04,248.73,242.4,636180,777833696.0,600048,保利发展
2021-06-29,243.04,240.98,244.14,240.66,521434,628659152.0,600048,保利发展
2021-06-30,241.61,241.61,242.56,240.66,361091,434201728.0,600048,保利发展
2021-07-01,242.09,249.52,250.47,241.14,927400,1148526816.0,600048,保利发展
2021-07-02,248.57,242.4,248.73,241.93,564497,690484544.0,600048,保利发展
2021-07-05,242.4,239.08,242.88,237.5,609378,723294080.0,600048,保利发展
2021-07-06,238.92,245.88,248.57,237.97,825711,1012673328.0,600048,保利发展
2021-07-07,244.62,243.67,246.99,242.88,385987,470737376.0,600048,保利发展
2021-07-08,243.83,242.88,244.62,239.56,528802,636119056.0,600048,保利发展
2021-07-09,242.09,243.83,245.09,241.45,353687,429528832.0,600048,保利发展
2021-07-12,245.41,241.3,245.41,241.14,479592,581087664.0,600048,保利发展
2021-07-13,241.61,241.61,244.93,240.51,374680,452255472.0,600048,保利发展
2021-07-14,241.77,237.66,241.77,237.18,488949,578637680.0,600048,保利发展
2021-07-15,237.18,237.82,239.24,235.44,483783,570489712.0,600048,保利发展
2021-07-16,236.87,237.66,239.87,236.87,364202,430142368.0,600048,保利发展
2021-07-19,237.5,232.12,238.13,231.01,755384,866498464.0,600048,保利发展
2021-07-20,230.86,231.65,232.6,228.32,647104,733361488.0,600048,保利发展
2021-07-21,231.49,228.48,232.6,228.01,645778,726554704.0,600048,保利发展
2021-07-22,228.48,229.75,231.01,227.22,585340,660017200.0,600048,保利发展
2021-07-23,228.96,227.53,229.12,226.58,510651,569064832.0,600048,保利发展
2021-07-26,225.0,215.83,225.0,215.04,1176456,1246021824.0,600048,保利发展
2021-07-27,215.67,209.34,215.83,208.87,1439794,1459894896.0,600048,保利发展
2021-07-28,209.34,209.98,212.66,207.92,1119895,1128677104.0,600048,保利发展
2021-07-29,212.03,209.66,212.35,206.5,957258,953702848.0,600048,保利发展
2021-07-30,207.13,209.5,210.45,205.7,695392,690819072.0,600048,保利发展
2021-08-02,208.55,212.35,214.4,205.55,1058076,1067850320.0,600048,保利发展
2021-08-03,211.4,210.77,212.98,210.29,549820,556191824.0,600048,保利发展
2021-08-04,210.77,209.18,210.77,208.55,510741,510906720.0,600048,保利发展
2021-08-05,212.51,216.94,222.63,212.51,1784318,1877786192.0,600048,保利发展
2021-08-06,214.4,221.21,222.16,213.14,1167469,1236985648.0,600048,保利发展
2021-08-09,219.78,234.02,238.29,219.31,2131280,2451874240.0,600048,保利发展
2021-08-10,234.81,234.97,236.55,228.48,1329444,1522751040.0,600048,保利发展
2021-08-11,240.82,250.31,253.32,240.82,2816973,3572432432.0,600048,保利发展
2021-08-12,245.73,247.62,254.11,245.25,1230860,1538852240.0,600048,保利发展
2021-08-13,246.99,241.3,248.26,240.66,1544204,1884288752.0,600048,保利发展
2021-08-16,244.46,250.0,253.48,241.3,1519582,1794727888.0,600048,保利发展
2021-08-17,249.21,255.69,259.17,246.99,1718453,2096863248.0,600048,保利发展
2021-08-18,253.79,255.85,260.12,250.63,1236595,1512646288.0,600048,保利发展
2021-08-19,254.11,249.36,254.43,247.15,1076007,1275708048.0,600048,保利发展
2021-08-20,251.42,254.43,256.8,249.52,1093101,1322045568.0,600048,保利发展
2021-08-23,253.32,251.26,255.37,250.63,573851,688914784.0,600048,保利发展
2021-08-24,251.74,249.05,254.11,246.52,823943,972482720.0,600048,保利发展
2021-08-25,250.47,244.46,250.63,243.04,808027,936831200.0,600048,保利发展
2021-08-26,244.46,243.04,250.15,241.93,763494,881340624.0,600048,保利发展
2021-08-27,242.56,239.87,243.67,238.13,771516,864408800.0,600048,保利发展
2021-08-30,238.29,234.34,238.29,230.06,1094610,1187921408.0,600048,保利发展
2021-08-31,234.34,242.88,244.3,233.7,1139729,1272688272.0,600048,保利发展
2021-09-01,241.14,254.74,256.32,241.14,1489566,1787523440.0,600048,保利发展
2021-09-02,256.48,259.33,266.45,254.43,1479116,1840799584.0,600048,保利发展
2021-09-03,257.27,256.96,262.81,253.79,1027467,1266944688.0,600048,保利发展
2021-09-06,255.53,253.16,258.85,252.69,613547,744216432.0,600048,保利发展
2021-09-07,253.63,253.32,254.58,249.68,604540,725022704.0,600048,保利发展
2021-09-08,254.11,251.26,254.74,250.31,397027,475274832.0,600048,保利发展
2021-09-09,251.26,253.79,255.37,248.41,707820,850198432.0,600048,保利发展
2021-09-10,254.11,259.8,260.75,253.95,1045100,1292152320.0,600048,保利发展
2021-09-13,260.44,270.72,273.57,258.22,1733861,2259035184.0,600048,保利发展
2021-09-14,270.24,268.19,274.99,266.45,1042825,1367553632.0,600048,保利发展
2021-09-15,266.61,262.33,270.56,258.06,1131896,1436605968.0,600048,保利发展
2021-09-16,265.02,256.96,265.5,254.9,1002264,1235031392.0,600048,保利发展
2021-09-17,257.11,267.87,269.61,255.06,898521,1152391312.0,600048,保利发展
2021-09-22,262.02,279.58,283.53,260.91,1899572,2587525696.0,600048,保利发展
2021-09-23,281.0,279.1,287.64,277.05,1294994,1802281680.0,600048,保利发展
2021-09-24,279.1,274.99,286.85,273.09,1074143,1472427072.0,600048,保利发展
2021-09-27,276.25,266.92,277.05,264.87,851407,1104506928.0,600048,保利发展
2021-09-28,277.84,278.31,285.75,277.68,1710119,2362467744.0,600048,保利发展
2021-09-29,284.16,281.16,284.95,277.52,1111885,1537895680.0,600048,保利发展
2021-09-30,284.16,284.64,292.86,282.9,1132134,1604766464.0,600048,保利发展
2021-10-08,287.33,277.05,288.43,275.78,712475,978041792.0,600048,保利发展
2021-10-11,277.84,282.42,289.23,277.84,917329,1288098512.0,600048,保利发展
2021-10-12,282.27,285.59,293.34,280.37,1463530,2094511280.0,600048,保利发展
2021-10-13,286.38,282.74,289.54,279.1,869560,1212100496.0,600048,保利发展
2021-10-14,279.73,276.25,283.85,272.77,1113958,1511497008.0,600048,保利发展
2021-10-15,276.25,281.0,282.58,274.36,859138,1177930656.0,600048,保利发展
2021-10-18,278.31,273.09,280.84,263.28,1331382,1744050208.0,600048,保利发展
2021-10-19,271.51,266.61,271.98,262.02,1285941,1656009392.0,600048,保利发展
2021-10-20,266.61,264.55,268.03,262.02,740325,942568640.0,600048,保利发展
2021-10-21,264.39,275.62,276.73,263.6,1226924,1625899040.0,600048,保利发展
2021-10-22,279.1,279.58,292.71,276.73,1655255,2315783536.0,600048,保利发展
2021-10-25,273.25,276.1,288.12,273.09,1157475,1581623568.0,600048,保利发展
2021-10-26,276.25,269.14,278.63,267.71,938118,1236133472.0,600048,保利发展
2021-10-27,271.03,268.5,272.77,265.18,777478,1012053344.0,600048,保利发展
2021-10-28,271.35,267.24,271.35,262.49,701615,904912880.0,600048,保利发展
2021-10-29,267.55,261.39,267.55,256.48,1139962,1420316144.0,600048,保利发展
2021-11-01,261.39,256.48,264.39,254.9,791049,977843584.0,600048,保利发展
2021-11-02,257.27,256.17,262.02,253.0,728656,894689984.0,600048,保利发展
2021-11-03,255.85,266.92,269.14,254.43,1069144,1361918640.0,600048,保利发展
2021-11-04,265.66,262.33,266.13,258.22,726181,915737616.0,600048,保利发展
2021-11-05,260.44,256.32,261.07,256.01,670894,827821680.0,600048,保利发展
2021-11-08,258.54,261.7,262.02,256.01,586721,731687760.0,600048,保利发展
2021-11-09,260.59,261.23,263.92,257.59,523891,657123200.0,600048,保利发展
2021-11-10,264.23,276.25,277.84,258.54,1584488,2076546384.0,600048,保利发展
2021-11-11,279.1,297.61,297.61,278.79,2869468,4173020496.0,600048,保利发展
2021-11-12,299.98,297.93,302.04,292.71,2153699,3200738704.0,600048,保利发展
2021-11-15,297.77,291.91,297.93,285.9,1007850,1451489040.0,600048,保利发展
2021-11-16,290.97,290.65,296.5,290.33,701862,1021992928.0,600048,保利发展
2021-11-17,292.86,289.23,293.02,285.75,569457,812678656.0,600048,保利发展
2021-11-18,290.65,284.16,292.71,281.95,617896,868229104.0,600048,保利发展
2021-11-19,282.74,300.3,303.15,280.21,1458065,2127791920.0,600048,保利发展
2021-11-22,301.25,285.9,301.56,283.69,1522137,2174954768.0,600048,保利发展
2021-11-23,286.85,290.49,294.92,284.32,745268,1072061648.0,600048,保利发展
2021-11-24,290.97,292.86,300.77,289.07,977096,1438019952.0,600048,保利发展
2021-11-25,290.17,288.28,294.45,286.54,545338,780730912.0,600048,保利发展
2021-11-26,287.33,285.11,287.8,282.42,535438,751399936.0,600048,保利发展
2021-11-29,282.9,283.37,286.22,281.0,471249,656043824.0,600048,保利发展
2021-11-30,281.95,281.79,286.38,280.21,535480,744120224.0,600048,保利发展
2021-12-01,280.21,285.59,290.17,280.05,694660,980778960.0,600048,保利发展
2021-12-02,284.16,291.28,295.39,281.32,677923,972988416.0,600048,保利发展
2021-12-03,290.17,295.87,297.29,288.12,795084,1161841200.0,600048,保利发展
2021-12-06,304.25,300.93,313.59,298.4,1440106,2196619280.0,600048,保利发展
2021-12-07,308.68,298.4,311.85,295.24,1324130,2018189328.0,600048,保利发展
2021-12-08,298.4,298.56,301.09,290.17,874496,1287875184.0,600048,保利发展
2021-12-09,297.61,303.78,309.47,296.82,935067,1426791792.0,600048,保利发展
2021-12-10,302.36,299.51,304.41,293.97,867884,1293134992.0,600048,保利发展
2021-12-13,297.61,292.07,299.51,291.28,962201,1411314736.0,600048,保利发展
2021-12-14,290.49,283.85,290.49,282.58,1077613,1512411536.0,600048,保利发展
2021-12-15,283.37,288.43,291.6,282.27,617360,879143680.0,600048,保利发展
2021-12-16,287.49,291.6,292.55,286.22,540427,777721152.0,600048,保利发展
2021-12-17,291.91,290.97,297.61,290.02,587440,856067312.0,600048,保利发展
2021-12-20,291.6,295.24,299.03,290.49,697381,1028087360.0,600048,保利发展
2021-12-21,295.24,306.94,308.68,295.24,1160556,1781316208.0,600048,保利发展
2021-12-22,307.1,307.58,309.63,303.15,828772,1281672112.0,600048,保利发展
2021-12-23,306.63,309.47,311.53,303.3,628125,973479072.0,600048,保利发展
2021-12-24,307.58,309.63,312.95,302.04,607051,941839904.0,600048,保利发展
2021-12-27,312.64,304.57,316.12,302.83,889472,1380720416.0,600048,保利发展
2021-12-28,302.99,303.15,305.2,297.93,602288,910077904.0,600048,保利发展
2021-12-29,303.46,300.77,304.89,299.98,470678,711642288.0,600048,保利发展
2021-12-30,300.14,301.56,305.52,298.87,441429,668620816.0,600048,保利发展
2021-12-31,300.93,309.95,313.9,300.77,654052,1022262208.0,600048,保利发展
2022-01-04,307.89,312.64,314.22,305.36,645214,1013405616.0,600048,保利发展
2022-01-05,310.11,315.8,322.13,309.79,1173398,1883779312.0,600048,保利发展
2022-01-06,315.48,308.05,318.33,306.31,810915,1272033536.0,600048,保利发展
2022-01-07,311.85,318.17,321.18,309.47,950158,1529518640.0,600048,保利发展
2022-01-10,312.32,323.24,325.29,311.37,1224319,1990885856.0,600048,保利发展
2022-01-11,322.13,318.33,332.88,315.96,1356419,2242702144.0,600048,保利发展
2022-01-12,317.07,315.8,318.96,310.11,729317,1164101280.0,600048,保利发展
2022-01-13,315.64,308.68,321.65,308.05,633890,1003299040.0,600048,保利发展
2022-01-14,308.68,299.19,309.32,298.08,983226,1477495648.0,600048,保利发展
2022-01-17,298.56,305.84,310.74,298.56,783321,1206395696.0,600048,保利发展
2022-01-18,306.31,318.17,320.23,303.3,828542,1317079312.0,600048,保利发展
2022-01-19,320.23,317.22,328.46,314.22,710453,1154404496.0,600048,保利发展
2022-01-20,322.13,307.89,323.39,306.63,1233113,1949853536.0,600048,保利发展
2022-01-21,307.89,307.58,312.48,303.94,639860,991202400.0,600048,保利发展
2022-01-24,306.94,315.64,318.81,304.73,849945,1347855664.0,600048,保利发展
2022-01-25,313.9,308.52,316.91,308.05,421763,663756512.0,600048,保利发展
2022-01-26,312.32,308.68,312.48,305.68,448277,696887632.0,600048,保利发展
2022-01-27,308.68,310.26,316.91,303.15,577100,906916192.0,600048,保利发展
2022-01-28,311.85,311.06,317.86,308.84,788065,1251595648.0,600048,保利发展
2022-02-07,311.37,315.17,317.7,304.73,815313,1285701520.0,600048,保利发展
2022-02-08,312.8,312.64,317.86,310.58,830743,1320397424.0,600048,保利发展
2022-02-09,313.59,309.32,323.71,307.42,1130076,1805740816.0,600048,保利发展
2022-02-10,306.31,316.12,323.39,301.72,1348783,2158128032.0,600048,保利发展
2022-02-11,315.33,311.85,323.08,311.06,968452,1554835888.0,600048,保利发展
2022-02-14,309.0,304.89,312.16,303.15,762026,1173056032.0,600048,保利发展
2022-02-15,304.89,305.04,306.78,302.83,510200,780407024.0,600048,保利发展
2022-02-16,305.36,313.27,316.28,303.15,708728,1115952064.0,600048,保利发展
2022-02-17,313.74,307.73,313.74,304.41,682505,1055084464.0,600048,保利发展
2022-02-18,307.89,321.02,321.5,307.89,1293488,2075701520.0,600048,保利发展
2022-02-21,321.5,321.18,322.92,316.75,762471,1239554336.0,600048,保利发展
2022-02-22,321.18,322.92,327.66,317.38,698137,1146587696.0,600048,保利发展
2022-02-23,322.44,317.07,323.39,314.06,607436,976156384.0,600048,保利发展
2022-02-24,316.12,315.33,320.86,313.27,503131,806894944.0,600048,保利发展
2022-02-25,315.01,312.8,321.34,311.37,656160,1046527104.0,600048,保利发展
2022-02-28,311.53,312.95,315.48,307.89,475295,747608336.0,600048,保利发展
2022-03-01,312.95,321.34,322.44,311.53,706499,1141783248.0,600048,保利发展
2022-03-02,322.76,324.5,331.62,321.65,841782,1401918912.0,600048,保利发展
2022-03-03,325.29,333.36,335.26,325.29,1028372,1756733552.0,600048,保利发展
2022-03-04,331.78,331.94,333.99,326.08,677754,1147429040.0,600048,保利发展
2022-03-07,331.62,334.15,341.27,329.88,1059608,1836319456.0,600048,保利发展
2022-03-08,333.2,328.46,335.89,327.03,597473,1014745488.0,600048,保利发展
2022-03-09,329.72,319.28,333.04,310.11,1407799,2295472912.0,600048,保利发展
2022-03-10,322.13,318.33,323.39,313.43,737608,1192062896.0,600048,保利发展
2022-03-11,315.8,319.44,319.76,311.21,504991,807813792.0,600048,保利发展
2022-03-14,314.38,321.18,332.88,312.64,1054908,1753734096.0,600048,保利发展
2022-03-15,318.96,295.39,320.55,295.39,1216108,1866358688.0,600048,保利发展
2022-03-16,292.07,299.82,304.73,278.15,1690200,2448022512.0,600048,保利发展
2022-03-17,309.63,306.94,311.69,303.78,1292185,2002830544.0,600048,保利发展
2022-03-18,303.15,331.3,331.3,301.56,1251615,2019119696.0,600048,保利发展
2022-03-21,328.61,326.4,329.56,318.49,1084380,1787800160.0,600048,保利发展
2022-03-22,321.81,335.1,340.79,320.23,1303666,2237476912.0,600048,保利发展
2022-03-23,335.1,335.26,341.58,326.72,1193403,2040659408.0,600048,保利发展
2022-03-24,330.35,332.73,336.36,329.56,505586,863914288.0,600048,保利发展
2022-03-25,330.2,327.98,335.26,326.87,691026,1167581504.0,600048,保利发展
2022-03-28,327.03,330.67,336.36,323.87,945500,1603628656.0,600048,保利发展
2022-03-29,326.72,328.46,332.88,324.66,620394,1044556352.0,600048,保利发展
2022-03-30,330.04,343.01,347.44,327.19,1247158,2174048576.0,600048,保利发展
2022-03-31,342.69,342.69,350.28,337.95,1002089,1777714800.0,600048,保利发展
2022-04-01,340.0,350.76,353.45,333.99,1392034,2460832400.0,600048,保利发展
2022-04-06,352.18,352.18,361.36,347.91,1313419,2422593744.0,600048,保利发展
2022-04-07,348.07,341.43,351.23,340.32,896583,1597745696.0,600048,保利发展
2022-04-08,339.84,350.76,353.92,336.36,991374,1773260160.0,600048,保利发展
2022-04-11,346.49,346.33,352.18,339.69,835383,1502007392.0,600048,保利发展
2022-04-12,347.6,333.99,350.6,329.72,997225,1747179664.0,600048,保利发展
2022-04-13,333.99,343.96,353.76,327.98,1139071,2009314704.0,600048,保利发展
2022-04-14,343.17,362.15,367.69,340.64,1456511,2689551232.0,600048,保利发展
2022-04-15,357.24,368.32,377.18,356.61,1279742,2472632592.0,600048,保利发展
2022-04-18,361.36,353.61,368.16,350.28,1031606,1925229904.0,600048,保利发展
2022-04-19,355.35,353.45,357.09,345.86,999242,1825888928.0,600048,保利发展
2022-04-20,353.76,338.42,353.76,330.35,1839609,3206246688.0,600048,保利发展
2022-04-21,336.36,339.69,345.54,333.36,967255,1693446864.0,600048,保利发展
2022-04-22,335.57,343.96,350.6,327.98,1181774,2088522576.0,600048,保利发展
2022-04-25,339.37,331.46,350.6,330.83,1162217,2035850688.0,600048,保利发展
2022-04-26,332.41,340.64,347.91,330.35,1059103,1859099744.0,600048,保利发展
2022-04-27,338.58,328.14,346.17,322.13,1488972,2522481776.0,600048,保利发展
2022-04-28,330.83,344.27,347.12,327.35,1236071,2164837552.0,600048,保利发展
2022-04-29,341.11,349.34,355.03,334.78,1508981,2692736832.0,600048,保利发展
2022-05-05,350.28,340.16,352.97,331.3,1316063,2303762288.0,600048,保利发展
2022-05-06,332.09,321.97,337.31,318.65,1111595,1857214288.0,600048,保利发展
2022-05-09,318.81,320.07,325.92,315.33,802087,1304318976.0,600048,保利发展
2022-05-10,315.17,322.92,326.72,306.47,1585818,2536987664.0,600048,保利发展
2022-05-11,320.07,313.11,323.08,310.58,1633026,2600080000.0,600048,保利发展
2022-05-12,314.22,309.47,316.59,303.78,1238632,1938048720.0,600048,保利发展
2022-05-13,313.9,325.13,325.61,310.42,1590424,2572346416.0,600048,保利发展
2022-05-16,334.15,330.67,336.84,318.65,1583296,2651642912.0,600048,保利发展
2022-05-17,326.72,330.83,334.78,324.18,799853,1350312064.0,600048,保利发展
2022-05-18,329.56,327.98,333.52,322.13,787785,1319535488.0,600048,保利发展
2022-05-19,323.87,334.62,338.58,323.24,917256,1573434752.0,600048,保利发展
2022-05-20,339.53,332.25,340.32,328.46,931275,1598708960.0,600048,保利发展
2022-05-23,331.62,317.22,332.25,315.8,1588668,2590509168.0,600048,保利发展
2022-05-24,315.96,318.65,322.13,314.85,949952,1535786960.0,600048,保利发展
2022-05-25,318.65,319.28,321.5,313.27,558389,901412992.0,600048,保利发展
2022-05-26,318.96,322.6,326.72,316.12,817572,1341276336.0,600048,保利发展
2022-05-27,321.5,320.7,323.55,317.07,669632,1088415664.0,600048,保利发展
2022-05-30,318.49,313.59,321.81,310.9,894553,1426827472.0,600048,保利发展
2022-05-31,312.16,308.05,314.54,306.31,1514886,2363333360.0,600048,保利发展
2022-06-01,308.05,311.85,314.22,307.89,837863,1317372672.0,600048,保利发展
2022-06-02,309.47,304.73,311.85,301.56,1210574,1855641376.0,600048,保利发展
2022-06-06,301.72,298.87,302.67,292.07,2173771,3197161488.0,600048,保利发展
2022-06-07,297.13,304.41,305.68,296.5,1132093,1712574848.0,600048,保利发展
2022-06-08,303.94,301.25,304.89,298.87,1291576,1946273584.0,600048,保利发展
2022-06-09,300.77,309.16,313.11,300.14,1577650,2458566464.0,600048,保利发展
2022-06-10,307.89,308.37,311.69,305.68,925013,1434577088.0,600048,保利发展
2022-06-13,305.52,297.29,307.58,295.71,1193076,1781739408.0,600048,保利发展
2022-06-14,296.03,302.2,303.3,295.87,934077,1404991616.0,600048,保利发展
2022-06-15,302.04,313.74,320.7,299.03,1868930,2963580272.0,600048,保利发展
2022-06-16,313.9,309.32,322.76,307.58,1000869,1585705296.0,600048,保利发展
2022-06-17,308.37,309.16,312.16,306.63,750752,1170895856.0,600048,保利发展
2022-06-20,312.0,316.75,321.81,310.26,1479847,2376865728.0,600048,保利发展
2022-06-21,317.7,320.07,330.67,315.8,1498264,2479259616.0,600048,保利发展
2022-06-22,320.23,316.43,324.82,315.17,720542,1166244512.0,600048,保利发展
2022-06-23,316.59,324.82,326.24,314.85,829416,1362694768.0,600048,保利发展
2022-06-24,323.71,319.44,327.66,316.12,972512,1576154960.0,600048,保利发展
2022-06-27,319.76,325.13,329.88,317.38,1146020,1889106976.0,600048,保利发展
2022-06-28,323.08,318.33,325.45,316.59,1018969,1649170352.0,600048,保利发展
2022-06-29,318.49,336.36,342.06,317.22,1889649,3211690816.0,600048,保利发展
2022-06-30,339.53,338.9,343.96,331.62,1150839,2001350432.0,600048,保利发展
2022-07-01,339.05,339.84,348.7,336.84,1191701,2102628176.0,600048,保利发展
2022-07-04,338.58,338.26,342.69,333.52,1019258,1766034080.0,600048,保利发展
2022-07-05,335.89,331.78,338.1,325.29,1638221,2770038000.0,600048,保利发展
2022-07-06,331.94,328.14,332.88,324.98,732714,1184225376.0,600048,保利发展
2022-07-07,331.78,326.4,332.57,324.5,671237,1085809680.0,600048,保利发展
2022-07-08,326.56,328.46,331.62,323.55,678206,1098309984.0,600048,保利发展
2022-07-11,325.29,323.24,330.51,320.55,714855,1145872736.0,600048,保利发展
2022-07-12,323.55,328.3,331.62,323.24,742621,1203321924.0,600048,保利发展
2022-07-13,331.14,334.47,343.17,329.72,1046775,1753735259.0,600048,保利发展
2022-07-14,332.41,334.78,341.58,330.2,1191297,1982650229.0,600048,保利发展
2022-07-15,337.63,321.5,338.26,316.75,1551178,2469435721.0,600048,保利发展
2022-07-18,321.65,332.73,333.68,319.91,1113118,1800748311.0,600048,保利发展
2022-07-19,330.67,332.88,334.15,324.18,826936,1347828801.0,600048,保利发展
2022-07-20,332.25,330.51,335.26,328.3,489704,803402664.0,600048,保利发展
2022-07-21,330.04,321.5,330.04,320.23,964787,1530720586.0,600048,保利发展
2022-07-22,322.29,319.12,325.61,317.7,598281,940821774.0,600048,保利发展
2022-07-25,321.81,326.56,328.77,320.39,819778,1316214620.0,600048,保利发展
2022-07-26,325.29,341.27,342.69,324.98,1246778,2090064838.0,600048,保利发展
2022-07-27,339.21,344.27,346.8,334.47,950655,1621333628.0,600048,保利发展
2022-07-28,342.06,340.48,348.07,337.31,708717,1208269755.0,600048,保利发展
2022-07-29,338.58,335.57,342.06,332.73,737364,1231376506.0,600048,保利发展
2022-08-01,335.42,328.93,335.57,324.34,1278250,2066114274.0,600048,保利发展
2022-08-02,326.24,325.61,328.3,321.81,962334,1541558297.0,600048,保利发展
2022-08-03,325.45,315.33,327.98,312.95,1062622,1653158056.0,600048,保利发展
2022-08-04,314.85,314.38,317.7,309.63,709993,1084517102.0,600048,保利发展
2022-08-05,314.38,314.85,315.96,310.58,612100,933785687.0,600048,保利发展
2022-08-08,314.85,310.9,321.02,309.63,827528,1260958163.0,600048,保利发展
2022-08-09,310.11,311.21,315.17,306.78,513602,778269125.0,600048,保利发展
2022-08-10,310.74,307.89,312.8,306.47,557258,833626226.0,600048,保利发展
2022-08-11,309.0,313.59,314.69,308.52,628487,955966941.0,600048,保利发展
2022-08-12,312.32,317.86,319.28,311.69,628871,971805723.0,600048,保利发展
2022-08-15,315.96,319.28,326.72,315.96,811582,1284963385.0,600048,保利发展
2022-08-16,321.34,320.7,326.72,319.28,515571,816295933.0,600048,保利发展
2022-08-17,320.7,330.67,335.42,318.81,1055229,1715739783.0,600048,保利发展
2022-08-18,330.83,328.3,335.1,325.77,480334,781929633.0,600048,保利发展
2022-08-19,328.46,337.79,339.84,327.98,943452,1578586353.0,600048,保利发展
2022-08-22,337.16,336.05,340.16,333.68,592560,991393326.0,600048,保利发展
2022-08-23,336.05,332.25,338.1,329.88,632781,1041917844.0,600048,保利发展
2022-08-24,332.41,331.62,338.26,330.2,590163,975554549.0,600048,保利发展
2022-08-25,334.47,339.05,339.84,333.04,722811,1215031812.0,600048,保利发展
2022-08-26,338.42,335.73,339.05,332.09,441323,736139882.0,600048,保利发展
2022-08-29,332.57,334.62,337.31,328.3,426695,702731742.0,600048,保利发展
2022-08-30,335.26,340.0,342.53,334.47,535284,904608097.0,600048,保利发展
2022-08-31,340.0,345.54,347.28,338.42,817999,1409226004.0,600048,保利发展
2022-09-01,344.91,345.7,351.39,342.53,651758,1137011143.0,600048,保利发展
2022-09-02,346.33,341.11,347.28,336.84,647454,1099681317.0,600048,保利发展
2022-09-05,342.38,344.27,346.01,338.42,615916,1053455280.0,600048,保利发展
2022-09-06,344.12,350.76,353.92,342.53,946064,1667329699.0,600048,保利发展
2022-09-07,349.49,349.49,352.34,345.54,488417,855442664.0,600048,保利发展
2022-09-08,349.97,349.97,352.02,342.38,544826,951370245.0,600048,保利发展
2022-09-09,348.54,364.05,365.47,347.44,1358947,2486154980.0,600048,保利发展
2022-09-13,361.67,358.04,363.73,356.14,741761,1348840687.0,600048,保利发展
2022-09-14,356.61,358.83,367.37,355.5,697832,1279893857.0,600048,保利发展
2022-09-15,361.36,370.06,373.22,361.36,1026209,1927984183.0,600048,保利发展
2022-09-16,369.27,357.4,371.8,356.14,1306834,2391452357.0,600048,保利发展
2022-09-19,356.3,363.57,364.84,354.4,844590,1543996495.0,600048,保利发展
2022-09-20,364.36,350.92,365.0,347.44,1119874,1991075104.0,600048,保利发展
2022-09-21,350.92,353.92,357.72,347.6,630829,1123776378.0,600048,保利发展
2022-09-22,354.24,349.02,355.03,342.53,828287,1436822266.0,600048,保利发展
2022-09-23,347.75,349.49,357.09,347.75,557436,987855419.0,600048,保利发展
2022-09-26,353.45,351.71,358.67,350.76,645118,1155124888.0,600048,保利发展
2022-09-27,352.18,351.39,354.08,343.48,619438,1085098187.0,600048,保利发展
2022-09-28,349.97,349.02,354.4,345.7,461444,812062535.0,600048,保利发展
2022-09-29,349.18,345.22,350.92,343.48,573235,997017333.0,600048,保利发展
2022-09-30,351.23,356.61,360.88,347.12,959228,1712173406.0,600048,保利发展
2022-10-10,353.45,361.67,372.43,352.82,1112187,2049241050.0,600048,保利发展
2022-10-11,361.67,354.87,362.78,353.13,584191,1051209014.0,600048,保利发展
2022-10-12,353.29,358.67,363.41,352.66,586545,1056581690.0,600048,保利发展
2022-10-13,356.61,351.55,358.51,340.95,964836,1684132388.0,600048,保利发展
2022-10-14,351.55,344.75,358.51,341.74,1078607,1880827424.0,600048,保利发展
2022-10-17,341.11,342.22,344.91,330.51,879592,1479980532.0,600048,保利发展
2022-10-18,342.22,337.47,344.59,334.47,657155,1106480073.0,600048,保利发展
2022-10-19,337.16,338.74,343.01,336.05,554778,940729005.0,600048,保利发展
2022-10-20,338.58,334.47,340.95,331.62,637612,1060228357.0,600048,保利发展
2022-10-21,336.05,337.16,346.65,335.57,791406,1346598334.0,600048,保利发展
2022-10-24,333.04,328.77,334.62,327.03,922177,1505906466.0,600048,保利发展
2022-10-25,329.25,327.35,331.78,324.98,710848,1147468452.0,600048,保利发展
2022-10-26,326.56,316.91,328.14,315.48,1121066,1752722192.0,600048,保利发展
2022-10-27,317.38,320.23,323.55,316.91,685814,1080774116.0,600048,保利发展
2022-10-28,320.23,314.38,323.08,313.11,634439,985624309.0,600048,保利发展
2022-10-31,306.78,290.17,308.37,290.17,1788938,2495909822.0,600048,保利发展
2022-11-01,287.96,287.17,291.28,275.62,2530971,3366806582.0,600048,保利发展
2022-11-02,283.69,292.86,295.39,280.68,1517757,2086048643.0,600048,保利发展
2022-11-03,289.07,287.96,294.6,285.11,949771,1303373973.0,600048,保利发展
2022-11-04,287.33,294.29,298.56,287.01,1051202,1475325053.0,600048,保利发展
2022-11-07,293.81,293.97,295.87,289.7,801048,1118703974.0,600048,保利发展
2022-11-08,293.97,293.34,298.72,290.97,913008,1287795951.0,600048,保利发展
2022-11-09,296.98,298.87,307.26,296.98,1370009,1990921838.0,600048,保利发展
2022-11-10,297.77,299.51,301.72,291.91,658592,940626016.0,600048,保利发展
2022-11-11,304.57,322.29,322.29,304.25,1879573,2896761506.0,600048,保利发展
2022-11-14,334.78,329.56,340.79,322.76,2227121,3670924757.0,600048,保利发展
2022-11-15,327.19,326.56,334.62,322.76,1351787,2184572290.0,600048,保利发展
2022-11-16,325.13,319.44,325.92,315.48,1051834,1645858804.0,600048,保利发展
2022-11-17,318.33,320.23,322.13,315.33,658195,1030497390.0,600048,保利发展
2022-11-18,319.76,318.17,320.7,313.9,765562,1189697957.0,600048,保利发展
2022-11-21,314.69,319.28,319.6,307.73,976896,1489651180.0,600048,保利发展
2022-11-22,320.39,320.55,325.29,317.22,763560,1203228215.0,600048,保利发展
2022-11-23,318.49,322.13,324.5,318.33,501290,792832859.0,600048,保利发展
2022-11-24,326.87,323.87,329.88,318.33,770134,1226574839.0,600048,保利发展
2022-11-25,324.5,338.26,340.64,324.5,1536032,2543876839.0,600048,保利发展
2022-11-28,331.3,330.2,335.1,328.93,751950,1233717956.0,600048,保利发展
2022-11-29,340.0,355.03,355.98,336.36,2011638,3489985279.0,600048,保利发展
2022-11-30,348.54,335.26,354.4,333.2,2044985,3485165453.0,600048,保利发展
2022-12-01,336.84,333.99,338.58,331.46,1236559,2051265544.0,600048,保利发展
2022-12-02,331.3,327.35,331.3,321.02,1466440,2346771709.0,600048,保利发展
2022-12-05,327.51,329.72,334.47,327.51,1245729,2042446201.0,600048,保利发展
2022-12-06,327.35,326.4,328.14,322.13,931381,1489644465.0,600048,保利发展
2022-12-07,324.82,320.23,325.92,316.28,1027783,1611848625.0,600048,保利发展
2022-12-08,320.23,324.18,326.4,319.44,917577,1461476108.0,600048,保利发展
2022-12-09,326.4,332.09,334.78,325.29,1239042,2023666441.0,600048,保利发展
2022-12-12,329.09,321.02,329.09,320.23,757554,1204854750.0,600048,保利发展
2022-12-13,320.55,324.34,327.03,319.28,642747,1022881571.0,600048,保利发展
2022-12-14,324.03,321.34,324.03,319.91,529222,835218196.0,600048,保利发展
2022-12-15,318.65,320.55,322.13,310.74,1038223,1602559398.0,600048,保利发展
2022-12-16,322.76,325.29,328.3,319.44,862157,1378118215.0,600048,保利发展
2022-12-19,324.34,321.34,329.72,318.65,787654,1251188343.0,600048,保利发展
2022-12-20,317.38,315.33,319.76,313.59,501687,774385314.0,600048,保利发展
2022-12-21,314.85,315.17,317.54,313.43,368601,567291905.0,600048,保利发展
2022-12-22,317.38,316.43,319.44,314.69,342934,530720481.0,600048,保利发展
2022-12-23,314.69,319.6,321.5,314.06,454529,710987981.0,600048,保利发展
2022-12-26,319.6,311.21,321.81,310.11,746522,1136678340.0,600048,保利发展
2022-12-27,312.0,313.27,317.54,310.58,501594,768548610.0,600048,保利发展
2022-12-28,312.32,315.01,317.54,310.42,506444,776390289.0,600048,保利发展
2022-12-29,313.59,309.32,314.06,306.78,626668,937285069.0,600048,保利发展
2022-12-30,309.0,311.21,312.32,305.68,614806,923681121.0,600048,保利发展
2023-01-03,314.69,315.8,324.66,312.8,1479636,2313503097.0,600048,保利发展
2023-01-04,315.8,325.29,328.93,314.69,1335057,2129676835.0,600048,保利发展
2023-01-05,325.61,330.67,332.73,323.55,943505,1537877348.0,600048,保利发展
2023-01-06,330.51,327.03,334.94,326.08,912125,1487451141.0,600048,保利发展
2023-01-09,327.51,322.44,329.25,320.39,762475,1212671455.0,600048,保利发展
2023-01-10,323.08,323.39,324.5,319.44,513232,812634446.0,600048,保利发展
2023-01-11,323.71,329.56,334.78,322.6,916147,1494676638.0,600048,保利发展
2023-01-12,329.56,323.39,330.99,322.44,488165,779198448.0,600048,保利发展
2023-01-13,321.97,322.29,324.5,319.91,642921,1014426959.0,600048,保利发展
2023-01-16,322.29,324.34,325.29,318.96,699084,1108929007.0,600048,保利发展
2023-01-17,324.82,325.77,327.19,320.7,549775,878059701.0,600048,保利发展
2023-01-18,325.77,320.86,327.35,319.91,627202,990186239.0,600048,保利发展
2023-01-19,318.81,320.23,320.23,314.69,674019,1047106168.0,600048,保利发展
2023-01-20,319.28,321.81,322.92,318.02,562083,884951711.0,600048,保利发展
2023-01-30,323.87,317.38,324.82,315.48,988673,1537981674.0,600048,保利发展
2023-01-31,316.28,320.7,321.18,315.17,594753,930797235.0,600048,保利发展
2023-02-01,320.23,318.49,321.97,314.38,858347,1330151071.0,600048,保利发展
2023-02-02,318.17,319.44,319.91,314.85,802599,1246487528.0,600048,保利发展
2023-02-03,317.86,314.38,318.02,312.32,778959,1193660522.0,600048,保利发展
2023-02-06,311.37,309.47,312.95,308.84,732886,1104397627.0,600048,保利发展
2023-02-07,309.47,313.59,315.96,309.16,621023,950026245.0,600048,保利发展
2023-02-08,313.43,317.7,319.44,312.64,853320,1325027976.0,600048,保利发展
2023-02-09,317.7,319.91,322.6,316.43,558393,878282870.0,600048,保利发展
2023-02-10,320.23,321.5,324.18,318.33,472529,746506811.0,600048,保利发展
2023-02-13,321.81,318.17,322.76,316.91,658951,1028400686.0,600048,保利发展
2023-02-14,318.49,318.65,321.18,315.17,529632,824350119.0,600048,保利发展
2023-02-15,317.38,311.06,317.54,309.47,1058806,1605631306.0,600048,保利发展
2023-02-16,310.74,309.95,316.12,307.89,877760,1334972388.0,600048,保利发展
2023-02-17,309.79,309.16,311.53,308.37,424679,639383935.0,600048,保利发展
2023-02-20,308.52,313.27,313.9,308.05,682152,1032222327.0,600048,保利发展
2023-02-21,315.48,314.69,317.07,311.85,628192,962997614.0,600048,保利发展
2023-02-22,312.48,312.16,313.74,310.9,341012,518004375.0,600048,保利发展
2023-02-23,312.32,312.8,314.85,311.69,378666,577592154.0,600048,保利发展
2023-02-24,312.32,307.89,312.8,306.15,936808,1398604417.0,600048,保利发展
2023-02-27,307.42,309.47,311.21,307.42,508024,763558213.0,600048,保利发展
2023-02-28,309.16,310.58,310.74,304.73,810694,1208320150.0,600048,保利发展
2023-03-01,310.42,311.21,311.69,308.84,668655,1009456475.0,600048,保利发展
2023-03-02,310.58,307.89,312.95,307.26,927557,1395316334.0,600048,保利发展
2023-03-03,308.21,310.11,310.74,305.36,831085,1240212288.0,600048,保利发展
2023-03-06,309.47,305.36,310.11,302.83,1048921,1550871347.0,600048,保利发展
2023-03-07,304.89,301.88,305.52,301.41,675469,987857291.0,600048,保利发展
2023-03-08,301.25,302.83,303.46,299.35,434244,628981516.0,600048,保利发展
2023-03-09,302.67,300.3,303.62,300.3,388325,562962834.0,600048,保利发展
2023-03-10,298.87,297.93,299.51,296.34,414632,592200684.0,600048,保利发展
2023-03-13,297.13,295.24,298.87,293.34,559286,789866058.0,600048,保利发展
2023-03-14,294.6,295.71,299.03,292.55,509110,721386985.0,600048,保利发展
2023-03-15,296.34,298.72,300.46,296.03,380055,544433461.0,600048,保利发展
2023-03-16,297.61,298.4,301.25,296.03,393124,564641457.0,600048,保利发展
2023-03-17,299.67,299.82,303.3,298.87,575993,836170612.0,600048,保利发展
2023-03-20,300.93,298.56,303.62,297.61,437678,633076284.0,600048,保利发展
2023-03-21,298.4,296.03,299.98,295.24,444190,630923907.0,600048,保利发展
2023-03-22,296.19,301.09,302.2,295.55,556012,801835984.0,600048,保利发展
2023-03-23,300.3,300.14,301.72,297.29,460677,661634448.0,600048,保利发展
2023-03-24,299.67,298.72,300.14,295.71,579089,827053856.0,600048,保利发展
2023-03-27,298.08,295.71,298.72,294.92,399653,566463983.0,600048,保利发展
2023-03-28,296.34,292.86,297.61,292.07,482181,677027649.0,600048,保利发展
2023-03-29,293.34,295.24,298.87,293.34,702897,996280357.0,600048,保利发展
2023-03-30,295.39,299.82,299.98,293.34,557711,794722009.0,600048,保利发展
2023-03-31,299.67,295.39,301.25,293.97,618112,877820388.0,600048,保利发展
2023-04-03,296.19,303.15,304.89,294.45,1206638,1759242468.0,600048,保利发展
2023-04-04,302.83,303.62,304.57,301.09,499602,730221038.0,600048,保利发展
2023-04-06,303.3,302.99,304.89,301.25,406561,593394524.0,600048,保利发展
2023-04-07,303.78,310.9,313.11,303.78,1111960,1680927637.0,600048,保利发展
2023-04-10,310.26,311.53,313.9,306.78,624098,943865365.0,600048,保利发展
2023-04-11,311.69,313.27,313.59,308.05,808039,1225505870.0,600048,保利发展
2023-04-12,313.9,312.16,314.54,309.63,480556,727702986.0,600048,保利发展
2023-04-13,311.53,311.85,313.43,308.68,444913,673352463.0,600048,保利发展
2023-04-14,311.85,310.26,313.27,309.79,377620,570682099.0,600048,保利发展
2023-04-17,306.94,306.94,306.94,301.56,844911,1244143124.0,600048,保利发展
2023-04-18,306.63,304.73,309.0,303.62,592873,876426770.0,600048,保利发展
2023-04-19,305.04,299.35,305.2,298.56,612228,885936540.0,600048,保利发展
2023-04-20,299.82,297.61,300.46,294.92,542049,773465217.0,600048,保利发展
2023-04-21,298.72,299.19,302.67,298.24,702081,1016435810.0,600048,保利发展
2023-04-24,298.08,294.92,299.19,294.13,593367,841943903.0,600048,保利发展
2023-04-25,295.71,293.97,296.19,290.65,421151,589305968.0,600048,保利发展
2023-04-26,291.44,291.6,292.55,288.75,474164,657257079.0,600048,保利发展
2023-04-27,290.81,291.44,292.39,288.91,500167,692188113.0,600048,保利发展
2023-04-28,291.12,291.91,291.91,287.96,552506,763100780.0,600048,保利发展
2023-05-04,288.59,288.75,290.17,283.53,879648,1197532387.0,600048,保利发展
2023-05-05,288.12,297.45,299.35,287.64,991085,1394426965.0,600048,保利发展
2023-05-08,294.92,301.72,303.3,291.12,1073483,1532792470.0,600048,保利发展
2023-05-09,299.98,305.36,312.32,299.19,1337430,1993364989.0,600048,保利发展
2023-05-10,305.84,300.93,306.78,299.51,664621,968488484.0,600048,保利发展
2023-05-11,300.93,298.08,301.09,296.66,416799,597843602.0,600048,保利发展
2023-05-12,298.24,295.71,299.82,295.39,368032,524190922.0,600048,保利发展
2023-05-15,295.87,294.6,296.98,292.23,524010,735200644.0,600048,保利发展
2023-05-16,294.6,292.71,295.71,291.76,374349,523486988.0,600048,保利发展
2023-05-17,292.55,291.12,293.81,288.91,468385,648844899.0,600048,保利发展
2023-05-18,291.12,290.02,292.55,288.91,333046,460512586.0,600048,保利发展
2023-05-19,288.75,286.22,289.38,284.01,602034,817480470.0,600048,保利发展
2023-05-22,284.64,285.9,286.69,283.85,430752,580621178.0,600048,保利发展
2023-05-23,285.43,283.53,286.69,283.53,458492,616808589.0,600048,保利发展
2023-05-24,283.06,275.62,283.21,275.62,727929,949503753.0,600048,保利发展
2023-05-25,274.36,274.83,277.52,272.77,491278,630083815.0,600048,保利发展
2023-05-26,274.51,279.1,279.42,272.46,475340,614292151.0,600048,保利发展
2023-05-29,277.84,276.57,279.1,275.94,382191,496718267.0,600048,保利发展
2023-05-30,276.25,276.73,277.36,266.29,1004314,1265619898.0,600048,保利发展
2023-05-31,275.94,273.41,280.05,273.25,636696,820247017.0,600048,保利发展
2023-06-01,272.77,274.51,275.46,269.29,506922,644780998.0,600048,保利发展
2023-06-02,275.46,286.69,288.59,274.99,1181174,1578417762.0,600048,保利发展
2023-06-05,283.85,285.75,287.01,281.16,713554,958814663.0,600048,保利发展
2023-06-06,286.06,285.9,291.28,285.11,678589,927633469.0,600048,保利发展
2023-06-07,287.49,287.96,292.23,286.69,668283,917877483.0,600048,保利发展
2023-06-08,287.49,293.5,295.55,285.43,906532,1261599701.0,600048,保利发展
2023-06-09,293.5,290.81,294.92,289.86,693267,931651432.0,600048,保利发展
2023-06-12,292.23,291.6,294.6,290.49,534080,721187676.0,600048,保利发展
2023-06-13,292.55,293.65,298.72,291.12,671570,915218130.0,600048,保利发展
2023-06-14,294.92,291.12,295.87,290.81,605997,819794528.0,600048,保利发展
2023-06-15,290.97,292.39,293.97,290.65,494810,666442196.0,600048,保利发展
2023-06-16,292.55,293.34,295.39,291.44,584424,793175059.0,600048,保利发展
2023-06-19,293.81,291.44,294.13,289.38,619149,830398671.0,600048,保利发展
2023-06-20,291.6,287.01,292.23,285.59,718005,948398165.0,600048,保利发展
2023-06-21,285.9,286.54,289.86,285.75,414589,546450390.0,600048,保利发展
2023-06-26,284.64,284.95,286.38,281.95,517178,671666643.0,600048,保利发展
2023-06-27,285.11,291.44,293.34,282.11,723904,963704897.0,600048,保利发展
2023-06-28,291.91,290.97,292.55,288.12,364726,486649150.0,600048,保利发展
2023-06-29,290.81,287.64,291.76,286.22,319052,421287479.0,600048,保利发展
2023-06-30,287.49,285.11,290.33,284.8,464546,610899558.0,600048,保利发展
2023-07-03,284.64,286.54,287.17,283.53,457458,598454730.0,600048,保利发展
2023-07-04,285.75,280.21,285.9,277.84,1074904,1367462986.0,600048,保利发展
2023-07-05,279.58,278.94,280.53,277.36,669370,845816580.0,600048,保利发展
2023-07-06,278.79,282.11,283.53,277.52,584252,747107873.0,600048,保利发展
2023-07-07,284.48,281.47,285.59,279.26,524596,673071085.0,600048,保利发展
2023-07-10,281.79,279.89,283.37,279.26,374664,478331016.0,600048,保利发展
2023-07-11,282.27,280.53,283.85,279.42,412512,527073744.0,600048,保利发展
2023-07-12,279.26,275.78,279.73,274.2,854009,1065413583.0,600048,保利发展
2023-07-13,276.1,277.84,278.31,275.62,463142,579537811.0,600048,保利发展
2023-07-14,277.36,278.31,280.21,275.62,488773,613841350.0,600048,保利发展
2023-07-17,277.84,276.1,277.99,275.15,279678,348303723.0,600048,保利发展
2023-07-18,275.62,277.99,279.1,274.51,464417,581314112.0,600048,保利发展
2023-07-19,277.05,280.68,282.11,276.89,553152,702863230.0,600048,保利发展
2023-07-20,280.68,280.84,283.69,279.26,585961,749964637.0,600048,保利发展
2023-07-21,280.37,282.74,284.01,280.05,600420,771443323.0,600048,保利发展
2023-07-24,283.21,278.47,284.01,276.41,552360,698757851.0,600048,保利发展
2023-07-25,285.43,295.87,296.19,285.43,2117997,2868643833.0,600048,保利发展
2023-07-26,295.55,296.34,297.77,293.34,931753,1277783274.0,600048,保利发展
2023-07-27,295.08,295.87,298.87,291.44,793626,1089772575.0,600048,保利发展
2023-07-28,299.19,306.63,308.68,296.5,1555239,2204091104.0,600048,保利发展
2023-07-31,307.58,304.1,312.64,303.15,1463647,2118326516.0,600048,保利发展
2023-08-01,302.36,303.78,309.16,301.09,1051250,1505965217.0,600048,保利发展
2023-08-02,303.46,303.3,307.89,302.51,669352,954495629.0,600048,保利发展
2023-08-03,302.04,307.42,308.05,300.14,899687,1286146275.0,600048,保利发展
2023-08-04,311.37,306.78,312.48,304.89,1128566,1632157339.0,600048,保利发展
2023-08-07,304.1,299.19,304.41,297.61,863882,1204908253.0,600048,保利发展
2023-08-08,298.08,296.66,301.41,296.34,592067,821894964.0,600048,保利发展
2023-08-09,296.66,300.46,302.04,295.08,589808,823392035.0,600048,保利发展
2023-08-10,299.82,302.51,304.89,299.35,484865,683721159.0,600048,保利发展
2023-08-11,303.78,299.82,305.04,297.61,577519,810413435.0,600048,保利发展
2023-08-14,295.71,300.62,302.83,292.55,724943,1003005225.0,600048,保利发展
2023-08-15,299.19,300.14,303.62,297.29,433636,607195328.0,600048,保利发展
2023-08-16,300.62,304.41,308.37,298.72,1027405,1467361887.0,600048,保利发展
2023-08-17,302.2,304.41,306.15,301.41,550510,781361747.0,600048,保利发展
2023-08-18,306.47,302.99,309.16,302.99,720707,1033425656.0,600048,保利发展
2023-08-21,302.36,298.87,303.46,297.45,594750,831003694.0,600048,保利发展
2023-08-22,299.03,298.72,300.93,296.82,450614,625152475.0,600048,保利发展
2023-08-23,298.4,295.71,300.62,295.71,446477,618476618.0,600048,保利发展
2023-08-24,296.19,293.65,298.56,291.44,461213,627258413.0,600048,保利发展
2023-08-25,294.6,300.14,305.84,293.65,850673,1187881014.0,600048,保利发展
2023-08-28,314.38,306.15,314.54,304.1,1622578,2348171940.0,600048,保利发展
2023-08-29,306.31,308.37,310.11,303.15,1157414,1667809779.0,600048,保利发展
2023-08-30,309.16,312.32,312.64,307.73,1108232,1625886558.0,600048,保利发展
2023-08-31,310.9,300.14,312.16,298.87,986238,1395097145.0,600048,保利发展
2023-09-01,303.78,304.41,305.36,299.67,1043431,1483406473.0,600048,保利发展
2023-09-04,306.94,302.67,310.26,302.36,1102294,1580719684.0,600048,保利发展
2023-09-05,302.67,297.45,302.67,296.03,828665,1146224565.0,600048,保利发展
2023-09-06,296.82,301.88,302.51,294.13,1030024,1429700419.0,600048,保利发展
2023-09-07,300.3,301.09,304.41,298.24,506485,713222787.0,600048,保利发展
2023-09-08,299.98,299.98,301.72,297.61,301815,420789482.0,600048,保利发展
2023-09-11,299.82,296.34,300.62,293.65,725481,994993746.0,600048,保利发展
2023-09-12,295.39,294.13,296.03,293.34,513956,699462621.0,600048,保利发展
2023-09-13,293.97,294.29,296.82,293.18,490252,668650044.0,600048,保利发展
2023-09-14,293.81,293.34,294.6,291.44,478151,645810449.0,600048,保利发展
2023-09-15,294.29,290.33,294.76,289.38,643463,863201777.0,600048,保利发展
2023-09-18,289.38,286.69,289.54,285.11,808815,1061321507.0,600048,保利发展
2023-09-19,287.64,286.06,287.8,285.11,463318,606976570.0,600048,保利发展
2023-09-20,285.75,287.8,290.02,284.8,404081,533572943.0,600048,保利发展
2023-09-21,290.33,288.75,293.34,288.28,513103,685978373.0,600048,保利发展
2023-09-22,287.8,290.17,290.81,287.17,443568,588948762.0,600048,保利发展
2023-09-25,289.07,283.06,289.38,282.42,931652,1208734229.0,600048,保利发展
2023-09-26,283.06,282.11,284.32,281.16,371258,477586802.0,600048,保利发展
2023-09-27,281.63,281.16,282.42,280.05,453787,579854895.0,600048,保利发展
2023-09-28,281.63,280.53,283.06,279.73,345160,440720304.0,600048,保利发展
2023-10-09,279.1,277.84,279.42,276.1,558828,701503648.0,600048,保利发展
2023-10-10,277.99,276.57,279.1,276.1,438528,549328153.0,600048,保利发展
2023-10-11,276.89,275.46,277.52,273.72,566031,702110175.0,600048,保利发展
2023-10-12,275.94,277.68,277.84,274.67,413242,516214411.0,600048,保利发展
2023-10-13,275.94,275.94,277.99,274.83,333293,415671499.0,600048,保利发展
2023-10-16,275.62,270.4,276.89,269.45,645688,786097919.0,600048,保利发展
2023-10-17,270.4,269.14,271.98,266.29,589522,706330757.0,600048,保利发展
2023-10-18,268.35,268.5,269.45,266.76,426572,510687087.0,600048,保利发展
2023-10-19,267.55,262.97,268.35,262.49,532540,624778726.0,600048,保利发展
2023-10-20,262.97,261.39,264.23,259.33,778255,898963736.0,600048,保利发展
2023-10-23,260.12,259.49,262.49,257.43,560832,641183563.0,600048,保利发展
2023-10-24,259.8,260.12,262.33,258.7,511516,586105832.0,600048,保利发展
2023-10-25,261.86,259.17,263.28,258.85,660791,756235572.0,600048,保利发展
2023-10-26,257.91,256.8,258.54,254.9,450563,505108533.0,600048,保利发展
2023-10-27,256.17,256.64,258.06,252.37,709826,796108997.0,600048,保利发展
2023-10-30,253.79,251.42,254.27,248.26,1517986,1651045593.0,600048,保利发展
2023-10-31,250.63,253.32,253.79,250.15,818333,896696687.0,600048,保利发展
2023-11-01,253.0,252.05,255.06,251.42,667130,733431042.0,600048,保利发展
2023-11-02,252.05,251.26,253.63,250.95,546419,598026649.0,600048,保利发展
2023-11-03,251.58,249.84,252.05,249.36,571761,619346948.0,600048,保利发展
2023-11-06,250.31,254.9,256.32,250.0,978006,1082408009.0,600048,保利发展
2023-11-07,255.53,254.74,256.8,253.63,723995,806167162.0,600048,保利发展
2023-11-08,253.63,255.53,258.06,253.32,742897,830474620.0,600048,保利发展
2023-11-09,255.69,256.17,258.38,254.74,534234,598952384.0,600048,保利发展
2023-11-10,255.37,254.58,255.53,252.37,467794,517040524.0,600048,保利发展
2023-11-13,254.58,253.48,255.53,251.74,436555,480083665.0,600048,保利发展
2023-11-14,253.48,254.74,255.69,253.32,436404,484180063.0,600048,保利发展
2023-11-15,256.01,253.48,256.48,253.16,597529,664023153.0,600048,保利发展
2023-11-16,253.0,252.05,253.0,249.21,587984,639908743.0,600048,保利发展
2023-11-17,251.42,250.47,252.21,249.52,496738,538054240.0,600048,保利发展
2023-11-20,250.79,249.52,252.21,248.89,597941,646558908.0,600048,保利发展
2023-11-21,250.63,252.53,255.37,250.47,1053018,1162287517.0,600048,保利发展
2023-11-22,251.42,250.63,253.95,250.63,524890,574524785.0,600048,保利发展
2023-11-23,251.1,256.17,256.96,248.73,1038099,1150031821.0,600048,保利发展
2023-11-24,256.8,256.01,259.17,255.22,668100,751454957.0,600048,保利发展
2023-11-27,254.9,251.58,255.06,249.84,676969,738442834.0,600048,保利发展
2023-11-28,251.58,249.36,251.58,248.57,553123,595943098.0,600048,保利发展
2023-11-29,249.05,242.72,249.52,242.25,896604,936016213.0,600048,保利发展
2023-11-30,242.25,241.3,244.46,241.14,582763,601503719.0,600048,保利发展
2023-12-01,241.3,241.14,242.09,239.71,567583,580941903.0,600048,保利发展
2023-12-04,240.82,236.55,240.98,235.29,1004577,1001601274.0,600048,保利发展
2023-12-05,235.76,231.8,236.71,231.49,762038,746107599.0,600048,保利发展
2023-12-06,231.49,234.81,235.76,229.75,774517,756128011.0,600048,保利发展
2023-12-07,234.18,234.97,235.92,232.91,514919,506342297.0,600048,保利发展
2023-12-08,234.65,233.54,234.81,232.12,721546,704484110.0,600048,保利发展
2023-12-11,232.44,231.01,232.44,227.38,850709,810335385.0,600048,保利发展
2023-12-12,238.77,242.56,245.09,235.76,2377339,2420613048.0,600048,保利发展
2023-12-13,238.45,239.08,240.82,236.87,1630728,1644616170.0,600048,保利发展
2023-12-14,239.4,236.08,241.77,235.92,1081153,1087253146.0,600048,保利发展
2023-12-15,239.4,240.03,242.72,238.13,1555172,1590592021.0,600048,保利发展
2023-12-18,238.13,241.14,246.99,237.5,1513755,1568881796.0,600048,保利发展
2023-12-19,240.35,238.77,242.4,236.71,911703,921970597.0,600048,保利发展
2023-12-20,237.97,234.97,238.29,234.65,897960,891507338.0,600048,保利发展
2023-12-21,233.7,235.6,236.39,233.07,836915,824684515.0,600048,保利发展
2023-12-22,235.29,234.81,235.29,231.8,835637,817471351.0,600048,保利发展
2023-12-25,233.54,232.91,235.44,232.75,499299,488512685.0,600048,保利发展
2023-12-26,232.6,229.91,233.07,229.27,695338,665607172.0,600048,保利发展
2023-12-27,229.59,229.12,231.01,228.48,570609,543298452.0,600048,保利发展
2023-12-28,228.64,236.39,237.03,226.9,1130661,1100645717.0,600048,保利发展
2023-12-29,235.6,235.6,238.29,234.34,754861,749216034.0,600048,保利发展
2024-01-02,234.81,228.17,235.29,228.01,1172786,1120366525.0,600048,保利发展
2024-01-03,227.85,227.85,230.54,226.43,899726,849415732.0,600048,保利发展
2024-01-04,227.38,223.74,227.69,222.16,1050957,962420591.0,600048,保利发展
2024-01-05,223.26,224.05,227.22,222.31,1018852,939879230.0,600048,保利发展
2024-01-08,224.05,222.31,225.16,222.0,674551,615549990.0,600048,保利发展
2024-01-09,222.31,223.26,224.21,220.42,688931,625310675.0,600048,保利发展
2024-01-10,222.31,222.47,224.05,221.36,519695,472137596.0,600048,保利发展
2024-01-11,221.68,223.1,223.9,219.94,715590,646987023.0,600048,保利发展
2024-01-12,222.0,223.58,225.95,221.84,760364,697378368.0,600048,保利发展
2024-01-15,222.63,221.68,223.9,219.94,844442,763114964.0,600048,保利发展
2024-01-16,220.73,220.1,222.16,217.88,1002387,892093276.0,600048,保利发展
2024-01-17,218.99,216.14,219.62,216.14,864157,756874000.0,600048,保利发展
2024-01-18,215.2,218.83,219.15,214.72,1039592,905565987.0,600048,保利发展
2024-01-19,217.88,219.31,220.26,217.25,749155,663930689.0,600048,保利发展
2024-01-22,217.57,216.94,220.26,213.93,1283074,1126749648.0,600048,保利发展
2024-01-23,216.3,217.41,218.2,214.56,965847,841711777.0,600048,保利发展
2024-01-24,217.88,221.05,221.21,215.83,1110589,982457272.0,600048,保利发展
2024-01-25,221.68,230.86,231.96,221.52,1999886,1871343296.0,600048,保利发展
2024-01-26,232.75,235.76,237.03,231.49,2039764,2005773462.0,600048,保利发展
2024-01-29,240.03,237.03,241.14,235.92,1817641,1830629032.0,600048,保利发展
2024-01-30,235.13,233.54,238.45,232.6,1198508,1181375096.0,600048,保利发展
2024-01-31,231.65,229.91,233.86,227.38,1410401,1345109888.0,600048,保利发展
2024-02-01,228.32,225.16,229.27,224.37,1019268,949854167.0,600048,保利发展
2024-02-02,225.16,227.22,231.49,222.16,1130368,1060071784.0,600048,保利发展
2024-02-05,226.27,225.79,228.96,221.84,1215489,1123027075.0,600048,保利发展
2024-02-06,223.42,228.32,230.22,222.16,1173647,1093169079.0,600048,保利发展
2024-02-07,228.48,228.96,229.59,225.48,1173288,1102777606.0,600048,保利发展
2024-02-08,230.22,236.71,236.87,229.59,1193496,1162219179.0,600048,保利发展
2024-02-19,235.44,234.18,235.44,229.75,1357052,1312945140.0,600048,保利发展
2024-02-20,236.39,234.97,241.77,233.23,1230914,1218155964.0,600048,保利发展
2024-02-21,233.39,238.61,242.72,231.49,1617543,1624756619.0,600048,保利发展
2024-02-22,237.03,237.03,238.13,235.76,878801,876266622.0,600048,保利发展
2024-02-23,236.87,237.18,238.29,235.76,755136,754600762.0,600048,保利发展
2024-02-26,236.39,234.34,236.55,233.23,955313,939121341.0,600048,保利发展
2024-02-27,232.75,235.13,235.13,232.75,812332,795023401.0,600048,保利发展
2024-02-28,235.13,232.75,236.23,232.44,1136884,1119529187.0,600048,保利发展
2024-02-29,230.86,233.54,234.34,230.86,944625,917004781.0,600048,保利发展
2024-03-01,232.91,230.54,234.34,228.8,1199335,1155023860.0,600048,保利发展
2024-03-04,229.12,225.0,229.43,223.58,1484765,1372252799.0,600048,保利发展
2024-03-05,223.9,227.38,228.32,223.26,1203137,1114114869.0,600048,保利发展
2024-03-06,226.27,224.53,226.74,223.58,855872,789616440.0,600048,保利发展
2024-03-07,224.53,223.42,225.48,223.26,784598,720239150.0,600048,保利发展
2024-03-08,223.26,222.0,223.74,221.05,733728,663402684.0,600048,保利发展
2024-03-11,222.63,228.8,228.8,222.31,1569678,1460931897.0,600048,保利发展
2024-03-12,228.01,236.55,237.97,227.38,1968065,1920147708.0,600048,保利发展
2024-03-13,234.97,231.96,236.08,231.65,1006850,980873340.0,600048,保利发展
2024-03-14,231.33,233.54,236.08,230.86,970572,949749974.0,600048,保利发展
2024-03-15,232.44,232.28,235.13,231.01,696424,675465322.0,600048,保利发展
2024-03-18,231.65,229.27,232.28,228.17,1020654,969769615.0,600048,保利发展
2024-03-19,228.64,226.43,228.96,226.27,738237,693097786.0,600048,保利发展
2024-03-20,225.95,226.27,227.85,225.16,656059,610263490.0,600048,保利发展
2024-03-21,225.95,228.96,230.22,225.79,1103578,1041930125.0,600048,保利发展
2024-03-22,228.01,227.22,228.48,224.37,890652,829378337.0,600048,保利发展
2024-03-25,226.74,231.96,234.34,226.27,1497738,1440894440.0,600048,保利发展
2024-03-26,231.65,232.6,233.7,229.91,941728,908102258.0,600048,保利发展
2024-03-27,231.96,228.32,232.28,227.22,908197,862272501.0,600048,保利发展
2024-03-28,227.85,226.9,228.96,226.27,886953,832073203.0,600048,保利发展
2024-03-29,224.84,223.42,226.43,221.52,1324120,1207198829.0,600048,保利发展
2024-04-01,222.79,222.79,226.58,221.68,1600343,1459524743.0,600048,保利发展
2024-04-02,222.63,218.52,222.63,217.41,1822328,1612250210.0,600048,保利发展
2024-04-03,217.25,217.73,219.15,216.78,882443,773078852.0,600048,保利发展
2024-04-08,216.94,214.56,217.09,214.25,1088691,938794734.0,600048,保利发展
2024-04-09,215.04,213.3,215.51,212.51,1007964,857681035.0,600048,保利发展
2024-04-10,212.82,207.6,212.98,206.65,1539141,1262771206.0,600048,保利发展
2024-04-11,205.7,208.24,208.55,203.65,1143064,919497870.0,600048,保利发展
2024-04-12,206.97,203.96,208.24,203.81,1080507,862526292.0,600048,保利发展
2024-04-15,203.49,204.44,206.81,202.54,990124,787229449.0,600048,保利发展
2024-04-16,203.33,205.55,207.44,201.43,1185829,937520649.0,600048,保利发展
2024-04-17,204.28,206.81,207.92,204.12,976901,785511834.0,600048,保利发展
2024-04-18,206.02,208.39,209.66,204.76,1072720,872940237.0,600048,保利发展
2024-04-19,207.29,207.13,209.34,206.65,604578,491698249.0,600048,保利发展
2024-04-22,206.65,206.97,208.87,205.55,701180,567151027.0,600048,保利发展
2024-04-23,207.6,206.18,208.08,205.7,652435,526682614.0,600048,保利发展
2024-04-24,205.7,205.55,207.13,204.76,686308,549117511.0,600048,保利发展
2024-04-25,205.55,205.55,207.6,204.28,915473,734610124.0,600048,保利发展
2024-04-26,205.39,215.67,216.3,204.6,2487307,2082799660.0,600048,保利发展
2024-04-29,214.25,225.79,226.9,213.61,3366041,3056897470.0,600048,保利发展
2024-04-30,224.21,219.94,224.37,218.2,2261921,2019301738.0,600048,保利发展
2024-05-06,223.42,218.68,225.64,218.2,2488272,2239792665.0,600048,保利发展
2024-05-07,217.57,225.64,226.74,217.09,2551075,2308420687.0,600048,保利发展
2024-05-08,223.74,221.05,224.21,221.05,1088568,983331535.0,600048,保利发展
2024-05-09,223.26,224.69,228.32,221.84,1662404,1532274078.0,600048,保利发展
2024-05-10,226.58,232.75,232.91,225.0,3011847,2867615353.0,600048,保利发展
2024-05-13,229.59,229.91,232.28,228.64,1482755,1418897756.0,600048,保利发展
2024-05-14,229.27,230.54,232.6,228.32,1272013,1220260326.0,600048,保利发展
2024-05-15,229.91,235.13,241.77,229.75,2750733,2740387428.0,600048,保利发展
2024-05-16,235.13,240.03,243.35,234.18,2611881,2652391358.0,600048,保利发展
2024-05-17,241.77,256.17,256.17,236.87,4272435,4513712143.0,600048,保利发展
2024-05-20,255.37,254.27,264.07,249.84,3670578,4102994669.0,600048,保利发展
2024-05-21,252.69,256.01,258.85,251.26,1736337,1941598160.0,600048,保利发展
2024-05-22,255.22,257.43,267.08,253.95,2471977,2829682028.0,600048,保利发展
2024-05-23,253.48,251.58,255.22,248.73,2178417,2377066905.0,600048,保利发展
2024-05-24,249.84,246.99,250.63,245.88,1354301,1447763570.0,600048,保利发展
2024-05-27,247.15,246.2,248.1,240.66,1556680,1619344100.0,600048,保利发展
2024-05-28,248.1,243.04,249.84,241.61,1500530,1577907055.0,600048,保利发展
2024-05-29,243.83,244.14,246.67,242.88,918618,960445860.0,600048,保利发展
2024-05-30,242.25,240.66,244.93,239.24,1022703,1048180239.0,600048,保利发展
2024-05-31,241.14,240.66,244.14,239.87,1047223,1078332491.0,600048,保利发展
2024-06-03,238.61,240.98,242.56,238.29,817210,833373970.0,600048,保利发展
2024-06-04,241.14,246.04,246.99,239.71,1542425,1613164151.0,600048,保利发展
2024-06-05,245.25,242.4,246.04,242.25,658913,685235176.0,600048,保利发展
2024-06-06,242.25,241.77,243.67,240.03,620701,637758971.0,600048,保利发展
2024-06-07,241.61,243.83,245.41,241.45,741123,771731911.0,600048,保利发展
2024-06-11,242.25,240.82,247.47,240.03,1139823,1184587489.0,600048,保利发展
2024-06-12,240.19,238.92,241.93,237.97,711836,723051555.0,600048,保利发展
2024-06-13,240.51,234.97,240.82,234.02,1075527,1065824002.0,600048,保利发展
2024-06-14,234.18,237.18,240.03,233.07,832243,830796375.0,600048,保利发展
2024-06-17,235.29,234.02,236.71,232.12,873436,853959439.0,600048,保利发展
2024-06-18,233.7,231.65,235.29,231.33,699520,677878877.0,600048,保利发展
2024-06-19,231.96,231.49,233.39,229.27,569661,549174549.0,600048,保利发展
2024-06-20,231.33,227.53,231.65,226.74,723142,682212130.0,600048,保利发展
2024-06-21,228.48,228.32,229.59,227.38,494170,466465454.0,600048,保利发展
2024-06-24,227.38,225.64,227.69,224.69,730738,679082257.0,600048,保利发展
2024-06-25,226.11,227.38,230.7,223.42,855119,802117139.0,600048,保利发展
2024-06-26,226.11,225.16,226.27,223.26,709765,653825059.0,600048,保利发展
2024-06-27,225.32,220.89,226.43,220.73,966695,879896686.0,600048,保利发展
2024-06-28,220.42,217.57,222.31,216.62,1330763,1181005814.0,600048,保利发展
2024-07-01,218.52,226.27,229.12,217.88,1987049,1839742160.0,600048,保利发展
2024-07-02,226.11,221.84,228.8,221.05,1242405,1146322250.0,600048,保利发展
2024-07-03,222.0,223.26,225.95,218.04,1260504,1145107668.0,600048,保利发展
2024-07-04,222.63,218.99,223.42,218.52,935808,837476132.0,600048,保利发展
2024-07-05,219.47,218.2,221.68,216.94,848089,750539528.0,600048,保利发展
2024-07-08,217.73,214.25,217.88,213.14,1066509,914962342.0,600048,保利发展
2024-07-09,214.4,214.4,215.51,211.56,998540,849792364.0,600048,保利发展
2024-07-10,212.66,213.77,215.83,209.82,741834,631114960.0,600048,保利发展
2024-07-11,215.35,216.46,218.04,213.77,954139,827043903.0,600048,保利发展
2024-07-12,220.57,221.68,225.64,218.99,1769039,1605215541.0,600048,保利发展
2024-07-15,219.15,221.36,223.74,218.52,945542,849239164.0,600048,保利发展
2024-07-16,221.05,222.95,225.32,219.31,972812,885309169.0,600048,保利发展
2024-07-17,223.26,226.9,229.12,222.63,1362439,1277473511.0,600048,保利发展
2024-07-18,226.27,228.96,229.59,224.21,1156433,1083802166.0,600048,保利发展
2024-07-19,227.22,224.37,228.01,222.63,1212998,1113361450.0,600048,保利发展
2024-07-22,224.53,223.58,224.69,220.57,857108,778733464.0,600048,保利发展
2024-07-23,223.9,221.52,225.16,221.21,715494,652790916.0,600048,保利发展
2024-07-24,221.52,217.09,223.1,216.3,745847,658866546.0,600048,保利发展
2024-07-25,217.09,218.36,221.36,216.46,795390,703380500.0,600048,保利发展
2024-07-26,218.68,220.1,223.1,218.2,803132,717559330.0,600048,保利发展
2024-07-29,219.94,214.88,220.1,214.25,1028174,888733697.0,600048,保利发展
2024-07-30,215.14,217.2,218.46,214.35,928749,769353658.0,600048,保利发展
2024-07-31,217.51,224.95,225.26,214.66,1334531,1145603821.0,600048,保利发展
2024-08-01,224.31,219.25,225.58,218.78,1255160,1074501832.0,600048,保利发展
2024-08-02,217.51,216.56,218.62,216.09,977492,813851088.0,600048,保利发展
2024-08-05,214.66,216.09,221.15,214.35,1301103,1092174586.0,600048,保利发展
2024-08-06,217.2,221.15,222.26,216.72,1260067,1069015006.0,600048,保利发展
2024-08-07,220.36,219.41,220.68,217.83,658364,556271611.0,600048,保利发展
2024-08-08,220.2,219.57,224.95,217.35,1257316,1075930517.0,600048,保利发展
2024-08-09,218.62,220.68,225.58,218.46,1795180,1561950554.0,600048,保利发展
2024-08-12,219.73,216.09,220.2,215.61,1137056,946782090.0,600048,保利发展
2024-08-13,215.93,215.61,216.25,214.19,617589,505916707.0,600048,保利发展
2024-08-14,215.3,214.51,215.93,213.87,509986,415924235.0,600048,保利发展
2024-08-15,213.87,215.3,217.04,213.24,1093628,897471887.0,600048,保利发展
2024-08-16,214.82,214.82,215.77,213.08,781356,636554936.0,600048,保利发展
2024-08-19,214.19,214.82,216.88,213.24,813330,667042042.0,600048,保利发展
2024-08-20,214.82,212.61,215.77,211.98,792067,638913687.0,600048,保利发展
2024-08-21,211.66,209.92,212.13,208.65,1138394,896617550.0,600048,保利发展
2024-08-22,210.08,211.34,212.92,209.6,1236162,985429545.0,600048,保利发展
2024-08-23,210.39,210.55,213.24,209.6,946571,754348741.0,600048,保利发展
2024-08-26,210.55,212.29,214.82,208.97,1171859,943901354.0,600048,保利发展
2024-08-27,211.98,208.81,212.13,208.34,869706,681645295.0,600048,保利发展
2024-08-28,208.65,207.39,209.13,207.07,641015,495726650.0,600048,保利发展
2024-08-29,207.23,207.39,208.49,206.12,603125,466245375.0,600048,保利发展
2024-08-30,207.7,213.87,219.57,207.23,2956644,2419334698.0,600048,保利发展
2024-09-02,212.13,209.6,212.61,209.29,1294164,1022442168.0,600048,保利发展
2024-09-03,209.29,210.23,212.29,207.55,1225212,965745415.0,600048,保利发展
2024-09-04,209.13,207.23,211.82,206.91,1398239,1088970520.0,600048,保利发展
2024-09-05,208.49,208.65,209.76,207.55,915294,711791939.0,600048,保利发展
2024-09-06,207.86,207.07,208.18,206.91,705935,544099439.0,600048,保利发展
2024-09-09,205.96,204.7,206.12,203.43,745442,561747002.0,600048,保利发展
2024-09-10,204.38,203.27,205.01,200.9,945112,700696026.0,600048,保利发展
2024-09-11,202.8,204.22,205.81,202.17,698622,525280574.0,600048,保利发展
2024-09-12,204.07,203.91,206.44,203.59,504655,380069396.0,600048,保利发展
2024-09-13,204.54,203.75,205.65,203.59,651669,490379058.0,600048,保利发展
2024-09-18,204.22,206.12,207.86,202.01,1223463,925070375.0,600048,保利发展
2024-09-19,207.23,210.55,212.92,206.75,2023201,1593373527.0,600048,保利发展
2024-09-20,207.39,212.77,213.08,207.07,1842986,1464732580.0,600048,保利发展
2024-09-23,211.34,213.24,215.14,210.87,1353166,1096672372.0,600048,保利发展
2024-09-24,215.93,214.66,217.67,210.39,2792525,2267065203.0,600048,保利发展
2024-09-25,215.77,216.56,222.89,215.3,2747567,2327372454.0,600048,保利发展
2024-09-26,215.3,229.69,229.69,215.3,3499781,3063646913.0,600048,保利发展
2024-09-27,237.28,244.09,244.09,236.81,4466307,4385364981.0,600048,保利发展
2024-09-30,259.9,259.9,259.9,247.57,6359777,6876364512.0,600048,保利发展
2024-10-08,277.31,259.27,277.31,249.31,6861208,7761689306.0,600048,保利发展
2024-10-09,253.1,241.87,253.1,241.87,3951320,3955323147.0,600048,保利发展
2024-10-10,237.44,244.09,249.15,235.7,3329523,3317654926.0,600048,保利发展
2024-10-11,242.98,247.57,249.94,239.82,2821757,2864943674.0,600048,保利发展
2024-10-14,252.94,256.11,261.8,250.1,3638269,3894495699.0,600048,保利发展
2024-10-15,252.94,258.32,262.59,251.05,2900894,3183282069.0,600048,保利发展
2024-10-16,261.64,265.6,268.29,257.53,4091581,4598587526.0,600048,保利发展
2024-10-17,264.97,248.67,264.97,248.36,3808817,4068332291.0,600048,保利发展
2024-10-18,245.19,251.05,255.32,242.03,2904481,2985762302.0,600048,保利发展
2024-10-21,251.05,255.63,256.42,247.25,2338117,2486453363.0,600048,保利发展
2024-10-22,254.68,258.8,260.06,253.58,1710525,1857821068.0,600048,保利发展
2024-10-23,258.01,258.48,261.33,257.06,1476060,1618899813.0,600048,保利发展
2024-10-24,257.22,255.0,259.11,254.05,1123162,1212073847.0,600048,保利发展
2024-10-25,254.68,254.84,258.96,254.21,1153327,1245209735.0,600048,保利发展
2024-10-28,254.05,258.01,259.11,253.89,1229096,1333629137.0,600048,保利发展
2024-10-29,255.63,253.42,260.85,253.26,1249561,1348794221.0,600048,保利发展
2024-10-30,253.42,254.21,257.37,251.84,1498619,1604000283.0,600048,保利发展
2024-10-31,253.1,256.27,261.8,251.84,1828836,1989913859.0,600048,保利发展
2024-11-01,257.85,258.48,264.33,257.06,2115002,2339025204.0,600048,保利发展
2024-11-04,259.9,257.53,260.22,254.37,1415145,1523861446.0,600048,保利发展
2024-11-05,256.58,261.64,263.38,255.48,1680474,1856971741.0,600048,保利发展
2024-11-06,261.33,264.81,268.45,256.27,2569238,2858841168.0,600048,保利发展
2024-11-07,261.96,269.71,270.5,260.38,3003947,3455045465.0,600048,保利发展
2024-11-08,271.93,262.28,272.4,261.01,2603126,2942131233.0,600048,保利发展
2024-11-11,258.32,258.01,260.38,254.53,1964767,2125478297.0,600048,保利发展
2024-11-12,257.22,256.58,260.54,255.48,1305692,1423286322.0,600048,保利发展
2024-11-13,255.63,253.58,257.06,252.0,1294202,1378122582.0,600048,保利发展
2024-11-14,256.74,249.62,256.9,249.62,1567192,1653802047.0,600048,保利发展
2024-11-15,248.52,245.35,250.1,245.35,1243184,1270504259.0,600048,保利发展
2024-11-18,246.78,246.46,251.2,245.51,1584104,1630767433.0,600048,保利发展
2024-11-19,246.93,246.46,247.57,242.82,1268355,1275236373.0,600048,保利发展
2024-11-20,245.35,245.98,246.93,243.93,857304,867267203.0,600048,保利发展
2024-11-21,245.35,244.56,246.46,243.3,766748,770771821.0,600048,保利发展
2024-11-22,244.4,239.34,245.19,239.02,1106151,1097490612.0,600048,保利发展
2024-11-25,239.34,239.5,241.4,237.76,917114,893139666.0,600048,保利发展
2024-11-26,239.18,241.24,243.45,238.39,960426,945151344.0,600048,保利发展
2024-11-27,240.92,243.61,244.09,239.18,1210335,1197444720.0,600048,保利发展
2024-11-28,243.3,244.09,245.51,242.5,1068640,1071849603.0,600048,保利发展
2024-11-29,244.09,247.41,250.41,243.61,1664315,1708627654.0,600048,保利发展
2024-12-02,245.98,247.41,248.83,244.24,1329404,1355802174.0,600048,保利发展
2024-12-03,246.93,248.52,250.1,245.98,1078758,1109166370.0,600048,保利发展
2024-12-04,247.72,245.35,248.67,244.72,804686,820150110.0,600048,保利发展
2024-12-05,244.88,244.4,245.51,242.98,636661,638406115.0,600048,保利发展
2024-12-06,244.24,245.98,247.41,243.45,839193,850713199.0,600048,保利发展
2024-12-09,245.98,241.56,246.3,241.08,1289511,1282290730.0,600048,保利发展
2024-12-10,250.73,244.09,250.73,244.09,2194812,2243889133.0,600048,保利发展
2024-12-11,243.77,246.14,247.41,242.98,1312021,1331278643.0,600048,保利发展
2024-12-12,246.14,246.93,247.72,244.09,1016636,1031999453.0,600048,保利发展
2024-12-13,245.67,241.08,245.83,240.45,1814118,1798913611.0,600048,保利发展
2024-12-16,241.24,235.7,242.03,235.07,1478610,1420514728.0,600048,保利发展
2024-12-17,235.7,234.28,235.86,233.8,807136,761540604.0,600048,保利发展
2024-12-18,235.07,234.12,236.34,233.65,750903,708995115.0,600048,保利发展
2024-12-19,231.75,233.96,233.96,231.27,743509,693350916.0,600048,保利发展
2024-12-20,233.33,233.17,234.28,231.27,985490,915459718.0,600048,保利发展
2024-12-23,232.7,231.27,234.6,230.8,950418,882186494.0,600048,保利发展
2024-12-24,230.96,231.59,232.22,230.48,922188,850471644.0,600048,保利发展
2024-12-25,231.27,230.8,231.75,228.74,1094079,999648469.0,600048,保利发展
2024-12-26,230.48,229.06,230.96,228.43,1043387,948933818.0,600048,保利发展
2024-12-27,228.9,229.85,230.64,228.27,869013,792543635.0,600048,保利发展
2024-12-30,229.06,227.64,230.17,227.0,1241941,1118876057.0,600048,保利发展
2024-12-31,227.64,225.58,229.69,225.26,1165446,1045881148.0,600048,保利发展
2025-01-02,225.26,222.73,227.48,221.62,1273311,1121639098.0,600048,保利发展
2025-01-03,222.73,220.52,223.84,219.73,1078567,930058464.0,600048,保利发展
2025-01-06,220.36,220.52,220.52,217.83,1010293,857093438.0,600048,保利发展
2025-01-07,220.04,222.57,223.05,218.3,1042319,895668427.0,600048,保利发展
2025-01-08,221.62,221.47,222.57,219.73,843760,724363005.0,600048,保利发展
2025-01-09,221.31,222.1,222.73,220.2,671247,578095837.0,600048,保利发展
2025-01-10,221.78,219.41,224.0,219.25,738847,631963068.0,600048,保利发展
2025-01-13,218.3,221.94,221.94,217.2,871190,742674003.0,600048,保利发展
2025-01-14,221.47,224.16,224.31,221.47,971042,845954924.0,600048,保利发展
2025-01-15,223.84,223.52,224.47,221.47,690146,600489740.0,600048,保利发展
2025-01-16,223.68,222.42,225.26,220.68,970054,843912398.0,600048,保利发展
2025-01-17,219.09,222.42,224.16,218.94,1065148,917489047.0,600048,保利发展
2025-01-20,222.1,221.47,223.52,218.78,1244044,1067657474.0,600048,保利发展
2025-01-21,221.62,223.05,228.27,220.83,2370145,2085028670.0,600048,保利发展
2025-01-22,220.99,216.72,221.15,216.72,1719081,1447136458.0,600048,保利发展
2025-01-23,217.99,218.14,221.31,217.51,1620107,1373062402.0,600048,保利发展
2025-01-24,218.14,218.62,219.57,217.04,1012360,850806540.0,600048,保利发展
2025-01-27,218.78,217.04,220.99,217.04,1028104,866288861.0,600048,保利发展
2025-02-05,217.51,215.61,217.99,214.66,941531,773236216.0,600048,保利发展
2025-02-06,215.46,216.56,217.99,215.3,930147,770609468.0,600048,保利发展
2025-02-07,216.25,219.09,220.52,215.61,1532734,1293774169.0,600048,保利发展
2025-02-10,218.3,219.41,220.2,218.14,917453,776864272.0,600048,保利发展
2025-02-11,219.88,216.56,220.2,216.25,1095618,913880385.0,600048,保利发展
2025-02-12,216.88,221.31,221.94,214.66,1835008,1534537307.0,600048,保利发展
2025-02-13,219.57,221.31,223.36,218.78,2256344,1941639233.0,600048,保利发展
2025-02-14,220.68,220.2,221.47,218.46,1173623,995076552.0,600048,保利发展
2025-02-17,220.2,219.57,221.47,219.25,1308358,1115031012.0,600048,保利发展
2025-02-18,219.57,217.04,219.57,216.25,1045919,876119069.0,600048,保利发展
2025-02-19,216.72,217.2,218.14,215.93,967870,804220118.0,600048,保利发展
2025-02-20,216.56,215.14,217.04,214.98,1022299,839784232.0,600048,保利发展
2025-02-21,215.14,215.14,216.25,214.51,1147910,942200881.0,600048,保利发展
2025-02-24,215.14,217.51,218.78,214.51,1684540,1401186605.0,600048,保利发展
2025-02-25,216.56,217.35,218.78,215.93,1336695,1117773894.0,600048,保利发展
2025-02-26,218.78,221.94,223.36,218.62,2224850,1913466378.0,600048,保利发展
2025-02-27,222.57,224.79,225.58,222.1,2160757,1895483253.0,600048,保利发展
2025-02-28,224.95,223.05,227.0,222.89,2173808,1916995821.0,600048,保利发展
2025-03-03,224.16,223.68,227.0,223.05,1563042,1377346277.0,600048,保利发展
2025-03-04,222.73,223.84,224.0,220.52,1152797,995884889.0,600048,保利发展
2025-03-05,223.52,221.62,224.16,220.68,1164436,1004629402.0,600048,保利发展
2025-03-06,222.42,226.21,226.21,221.78,1863078,1638145913.0,600048,保利发展
2025-03-07,224.95,224.63,225.26,223.21,1277142,1120141242.0,600048,保利发展
2025-03-10,225.26,222.89,226.21,222.1,925523,808423899.0,600048,保利发展
2025-03-11,221.78,221.94,222.1,220.2,985471,844937013.0,600048,保利发展
2025-03-12,221.62,220.52,221.62,219.88,966980,826411568.0,600048,保利发展
2025-03-13,220.2,219.88,220.99,218.78,730019,620698892.0,600048,保利发展
2025-03-14,219.73,222.89,223.05,219.73,1918306,1654291365.0,600048,保利发展
2025-03-17,223.05,223.84,224.95,223.05,998531,874435312.0,600048,保利发展
2025-03-18,223.84,223.21,224.95,222.57,787958,686764945.0,600048,保利发展
2025-03-19,223.21,222.1,223.36,221.62,676723,585930080.0,600048,保利发展
2025-03-20,222.1,221.62,222.89,221.15,666082,575480169.0,600048,保利发展
2025-03-21,221.31,220.36,221.78,219.25,959054,817589122.0,600048,保利发展
2025-03-24,220.04,219.25,220.2,218.46,676262,571500274.0,600048,保利发展
2025-03-25,219.09,220.2,221.15,218.46,682336,580055029.0,600048,保利发展
2025-03-26,220.04,220.04,221.94,219.41,735712,629168960.0,600048,保利发展
2025-03-27,219.88,219.41,220.36,218.78,569255,482752649.0,600048,保利发展
2025-03-28,219.57,219.09,219.88,218.3,539570,455574023.0,600048,保利发展
2025-03-31,218.62,216.09,218.78,215.61,752910,625423456.0,600048,保利发展
2025-04-01,216.4,215.77,216.72,215.3,694634,573528983.0,600048,保利发展
2025-04-02,215.61,216.56,216.88,215.14,712080,586792614.0,600048,保利发展
2025-04-03,215.77,218.14,220.83,215.61,1380551,1165729801.0,600048,保利发展
2025-04-07,214.19,210.87,215.14,207.23,1936657,1539066262.0,600048,保利发展
2025-04-08,211.03,219.88,220.68,210.87,2438714,2016768610.0,600048,保利发展
2025-04-09,219.25,226.53,226.53,217.83,2560822,2222875399.0,600048,保利发展
2025-04-10,224.63,227.48,227.48,221.47,1815451,1605554229.0,600048,保利发展
2025-04-11,225.9,223.52,225.9,222.57,1184883,1035347771.0,600048,保利发展
2025-04-14,221.94,222.57,223.52,221.62,700634,607478938.0,600048,保利发展
2025-04-15,222.1,222.42,222.57,220.68,636945,547839853.0,600048,保利发展
2025-04-16,222.26,225.1,225.1,221.94,1308311,1143619999.0,600048,保利发展
2025-04-17,224.63,230.96,232.86,224.0,2755596,2510236484.0,600048,保利发展
2025-04-18,229.38,230.96,231.59,228.11,1108919,1014894832.0,600048,保利发展
2025-04-21,230.01,228.74,230.17,228.43,806602,732268795.0,600048,保利发展
2025-04-22,228.58,227.95,229.38,227.32,651845,589346925.0,600048,保利发展
2025-04-23,227.79,225.26,228.27,224.79,969918,864622606.0,600048,保利发展
2025-04-24,225.1,225.58,227.48,223.84,822572,729318324.0,600048,保利发展
2025-04-25,225.9,224.0,230.01,222.73,1943375,1728377785.0,600048,保利发展
2025-04-28,221.62,216.88,222.26,216.4,1878450,1575758680.0,600048,保利发展
2025-04-29,217.51,217.2,218.46,216.88,630725,526073922.0,600048,保利发展
2025-04-30,216.88,217.83,219.88,216.56,869909,731366454.0,600048,保利发展
2025-05-06,217.99,217.51,218.46,217.35,1084298,906379834.0,600048,保利发展
2025-05-07,222.26,219.88,223.21,218.78,1600770,1364689927.0,600048,保利发展
2025-05-08,218.94,218.94,219.73,218.78,748455,632574142.0,600048,保利发展
2025-05-09,219.09,215.93,219.25,215.46,1167040,968421866.0,600048,保利发展
2025-05-12,216.25,216.72,216.88,215.77,798537,660666939.0,600048,保利发展
2025-05-13,217.2,216.72,217.67,216.4,617246,512852063.0,600048,保利发展
2025-05-14,216.56,217.51,218.62,215.46,1013443,841372494.0,600048,保利发展
2025-05-15,216.88,215.93,217.99,215.77,711949,590233501.0,600048,保利发展
2025-05-16,216.09,216.25,216.56,214.98,746578,613823896.0,600048,保利发展
2025-05-19,216.09,216.4,217.04,215.3,648897,536904573.0,600048,保利发展
2025-05-20,216.4,216.09,216.56,215.77,479515,396162432.0,600048,保利发展
2025-05-21,216.09,215.46,216.25,215.14,652931,536759749.0,600048,保利发展
2025-05-22,215.3,214.66,215.46,214.35,654224,535260793.0,600048,保利发展
2025-05-23,214.51,213.4,215.46,213.4,632551,515798810.0,600048,保利发展
2025-05-26,213.08,213.08,213.87,212.29,551791,445274773.0,600048,保利发展
2025-05-27,213.08,213.56,214.19,212.92,410075,332444467.0,600048,保利发展
2025-05-28,213.87,213.24,214.03,213.08,283363,229370795.0,600048,保利发展
2025-05-29,213.4,213.72,214.19,212.92,551531,447365852.0,600048,保利发展
2025-05-30,213.72,214.03,214.19,213.24,528735,429052866.0,600048,保利发展
2025-06-03,213.08,213.72,214.03,212.77,477520,386987306.0,600048,保利发展
2025-06-04,213.72,214.66,214.82,213.56,532558,433569986.0,600048,保利发展
2025-06-05,214.82,214.98,215.93,214.51,635755,521516858.0,600048,保利发展
2025-06-06,214.98,214.51,215.3,214.03,482755,394044444.0,600048,保利发展
2025-06-09,214.66,214.51,214.82,214.03,594009,484387968.0,600048,保利发展
2025-06-10,214.51,213.87,215.77,213.08,754732,615418380.0,600048,保利发展
2025-06-11,213.87,214.51,214.82,213.56,554669,452403540.0,600048,保利发展
2025-06-12,214.51,214.19,214.66,213.72,499356,405852170.0,600048,保利发展
2025-06-13,213.87,212.92,214.03,212.77,749946,606245514.0,600048,保利发展
2025-06-16,213.56,215.77,216.4,213.24,1312419,1077575739.0,600048,保利发展
2025-06-17,215.3,213.87,215.46,213.72,708540,578030818.0,600048,保利发展
2025-06-18,213.87,212.13,214.03,211.66,947166,759980094.0,600048,保利发展
2025-06-19,211.98,210.08,212.13,208.81,914962,722739336.0,600048,保利发展
2025-06-20,210.08,210.23,210.71,209.13,583693,459369993.0,600048,保利发展
2025-06-23,209.29,210.08,210.39,208.49,512218,402181159.0,600048,保利发展
2025-06-24,210.39,211.5,211.5,209.92,697219,553836014.0,600048,保利发展
2025-06-25,211.34,212.77,212.92,210.71,792525,633410322.0,600048,保利发展
2025-06-26,212.77,212.61,213.08,212.29,666681,536414360.0,600048,保利发展
2025-06-27,212.61,212.77,215.14,212.45,951976,771787648.0,600048,保利发展
2025-06-30,212.92,213.56,214.66,212.45,629534,510087312.0,600048,保利发展
2025-07-01,213.72,212.29,213.87,211.82,914308,733977318.0,600048,保利发展
2025-07-02,212.45,213.24,213.56,211.98,826136,664183338.0,600048,保利发展
2025-07-03,213.4,213.72,214.66,213.08,822634,667637251.0,600048,保利发展
2025-07-04,213.56,213.08,214.03,212.92,836676,676800580.0,600048,保利发展
2025-07-07,212.77,214.51,215.14,212.61,1184212,966502694.0,600048,保利发展
2025-07-08,214.35,215.46,215.61,213.87,948738,776945185.0,600048,保利发展
2025-07-09,215.3,214.35,216.09,214.19,1298538,1063609993.0,600048,保利发展
2025-07-10,214.35,217.35,218.78,214.19,2259256,1873291123.0,600048,保利发展
2025-07-11,217.35,216.09,217.99,216.09,1441206,1199874014.0,600048,保利发展
2025-07-14,215.93,214.19,216.72,214.03,1409269,1152182597.0,600048,保利发展
2025-07-15,213.72,212.13,214.03,211.18,1726670,1383517601.0,600048,保利发展
2025-07-16,211.82,211.66,212.61,211.18,918554,733824825.0,600048,保利发展
2025-07-17,211.66,211.82,212.13,211.18,662628,528381237.0,600048,保利发展
2025-07-18,211.98,212.29,212.29,211.66,747759,598139851.0,600048,保利发展
2025-07-21,212.29,212.77,212.92,211.98,983050,789929794.0,600048,保利发展
2025-07-22,212.92,215.14,215.46,211.82,2019345,1638378033.0,600048,保利发展
2025-07-23,215.14,215.14,217.51,214.66,1965463,1622514845.0,600048,保利发展
2025-07-24,214.82,217.35,217.99,214.82,2160834,1797715393.0,600048,保利发展
2025-07-25,217.2,217.99,219.41,216.72,1802133,1513151349.0,600048,保利发展
2025-07-28,217.99,219.73,220.68,215.93,1896973,1600891638.0,600048,保利发展
2025-07-29,219.57,218.62,220.04,217.83,1336830,1125164627.0,600048,保利发展
2025-07-30,218.3,217.04,220.2,216.88,1650388,1388216744.0,600048,保利发展
2025-07-31,216.4,211.66,216.88,211.18,2869598,2313289352.0,600048,保利发展
2025-08-01,211.5,211.18,212.13,210.71,1114413,887515936.0,600048,保利发展
2025-08-04,211.82,211.82,211.82,210.87,899119,715582790.0,600048,保利发展
2025-08-05,211.82,212.61,212.77,211.5,1008545,808491637.0,600048,保利发展
2025-08-06,212.45,212.13,212.45,211.5,790032,631882164.0,600048,保利发展
2025-08-07,211.98,212.61,212.77,211.18,1133345,906715506.0,600048,保利发展
2025-08-08,212.29,212.13,212.61,211.66,744324,595825074.0,600048,保利发展
2025-08-11,212.61,212.45,213.4,212.45,1129446,909883516.0,600048,保利发展
2025-08-12,212.45,212.29,213.08,212.13,974014,782492933.0,600048,保利发展
2025-08-13,212.61,211.98,212.77,211.66,1072511,858448526.0,600048,保利发展
2025-08-14,212.13,212.13,214.03,211.82,1929719,1553063263.0,600048,保利发展
2025-08-15,212.13,214.35,214.98,211.82,2638366,2146463323.0,600048,保利发展
2025-08-18,214.51,212.45,214.82,212.45,2240156,1810093423.0,600048,保利发展
2025-08-19,212.92,211.82,213.87,211.66,2660594,2141878970.0,600048,保利发展
2025-08-20,211.95,212.58,213.53,211.0,1724266,1352321102.0,600048,保利发展
2025-08-21,212.74,213.53,214.32,212.27,1750597,1387634926.0,600048,保利发展
2025-08-22,213.37,214.01,214.17,212.58,1406118,1112227441.0,600048,保利发展
2025-08-25,214.64,219.39,223.34,214.48,5246583,4361891882.0,600048,保利发展
2025-08-26,218.75,218.12,218.91,217.49,1871567,1539192641.0,600048,保利发展
2025-08-27,217.8,214.32,218.12,214.17,2611767,2112402548.0,600048,保利发展
2025-08-28,214.48,214.01,215.27,212.43,2000210,1591961393.0,600048,保利发展
2025-08-29,215.43,214.01,216.22,213.37,3078035,2461717798.0,600048,保利发展
2025-09-01,214.01,212.9,214.8,212.43,2560175,2024778429.0,600048,保利发展
2025-09-02,212.58,211.79,213.22,211.0,2210992,1729956248.0,600048,保利发展
2025-09-03,211.95,210.37,212.27,209.58,1763824,1366476149.0,600048,保利发展
2025-09-04,210.21,210.21,210.84,209.58,1285393,992925159.0,600048,保利发展
2025-09-05,210.21,210.53,210.69,209.74,1369113,1057441297.0,600048,保利发展
2025-09-08,211.16,210.84,211.95,210.37,2361231,1836259500.0,600048,保利发展
2025-09-09,211.16,212.74,212.9,210.69,2842017,2227984950.0,600048,保利发展
2025-09-10,212.27,211.95,212.27,211.32,1450720,1133674957.0,600048,保利发展
2025-09-11,211.48,211.79,211.79,210.69,1595687,1241479498.0,600048,保利发展
2025-09-12,211.95,212.58,214.64,211.95,2926589,2306743161.0,600048,保利发展
2025-09-15,212.43,214.01,214.17,211.63,2472358,1947498645.0,600048,保利发展
2025-09-16,213.69,214.32,214.8,212.74,1906797,1514354510.0,600048,保利发展
2025-09-17,214.01,214.64,215.11,213.06,2039854,1624688631.0,600048,保利发展
2025-09-18,213.85,210.84,214.01,210.37,2606948,2046922099.0,600048,保利发展
2025-09-19,211.0,213.53,213.85,209.74,2611282,2042664011.0,600048,保利发展
2025-09-22,212.43,211.79,212.9,211.16,1740406,1360476419.0,600048,保利发展
2025-09-23,210.84,208.63,211.16,208.0,1940203,1483754652.0,600048,保利发展
2025-09-24,208.0,209.26,211.16,207.84,1461776,1123611697.0,600048,保利发展
2025-09-25,208.95,209.26,209.74,208.15,1423923,1086918516.0,600048,保利发展
2025-09-26,208.79,210.21,213.06,208.63,2159229,1676766902.0,600048,保利发展
2025-09-29,209.89,210.21,211.16,208.47,1629463,1250500543.0,600048,保利发展
2025-09-30,209.89,212.43,212.74,209.74,2508932,1964866940.0,600048,保利发展
2025-10-09,211.79,212.74,212.9,208.63,2745026,2122546022.0,600048,保利发展
2025-10-10,211.32,213.53,214.64,211.16,2325279,1838888495.0,600048,保利发展
2025-10-13,211.16,212.9,214.01,210.05,2387582,1873259662.0,600048,保利发展
2025-10-14,212.74,212.74,214.48,212.11,1887766,1492899090.0,600048,保利发展
2025-10-15,212.43,212.58,213.37,211.16,1371287,1075586575.0,600048,保利发展
2025-10-16,212.11,211.79,212.58,211.0,1316818,1029567464.0,600048,保利发展
2025-10-17,211.63,210.69,213.22,210.53,1797608,1408988197.0,600048,保利发展
2025-10-20,211.16,210.05,211.48,209.74,1186558,918295755.0,600048,保利发展
2025-10-21,210.05,210.21,211.0,209.58,1285502,993734938.0,600048,保利发展
2025-10-22,208.95,208.0,210.05,207.68,2516636,1917879433.0,600048,保利发展
2025-10-23,208.0,206.89,208.15,205.78,1613923,1210242321.0,600048,保利发展
2025-10-24,206.73,206.57,207.05,206.26,866302,649084038.0,600048,保利发展
2025-10-27,206.73,206.41,206.89,206.26,1050489,786538404.0,600048,保利发展
2025-10-28,206.41,205.47,206.57,205.31,1168447,869694698.0,600048,保利发展
2025-10-29,205.47,205.78,205.78,204.52,1160824,859315354.0,600048,保利发展
2025-10-30,205.47,204.04,205.78,203.88,1542014,1137811237.0,600048,保利发展
2025-10-31,204.04,204.04,204.36,203.73,920041,674600073.0,600048,保利发展
2025-11-03,204.36,203.57,204.36,203.09,902242,659008539.0,600048,保利发展
2025-11-04,203.25,202.14,203.41,201.83,1418931,1025493849.0,600048,保利发展
2025-11-05,201.19,201.67,202.14,200.88,817149,586881154.0,600048,保利发展
2025-11-06,201.35,201.51,201.83,201.19,846613,606899806.0,600048,保利发展
2025-11-07,201.19,201.67,202.46,201.19,826693,594405798.0,600048,保利发展
2025-11-10,202.14,203.09,203.25,201.83,1235972,894924600.0,600048,保利发展
2025-11-11,203.25,203.41,203.88,202.78,1029217,749519195.0,600048,保利发展
2025-11-12,203.57,203.09,203.73,202.93,798328,581156580.0,600048,保利发展
2025-11-13,202.93,203.25,203.41,202.14,830746,602462403.0,600048,保利发展
2025-11-14,202.93,202.78,203.73,202.78,1010661,736370176.0,600048,保利发展
2025-11-17,202.62,202.78,203.09,202.46,726013,526164182.0,600048,保利发展
2025-11-18,202.62,200.09,202.78,200.09,1551288,1107177403.0,600048,保利发展
2025-11-19,200.09,198.03,200.25,197.71,1510275,1055118235.0,600048,保利发展
2025-11-20,198.03,199.93,201.67,196.61,2488973,1750588532.0,600048,保利发展
2025-11-21,198.66,197.71,199.93,197.71,1267381,887232561.0,600048,保利发展
2025-11-24,197.71,198.82,199.77,197.71,1095078,767192206.0,600048,保利发展
2025-11-25,198.66,198.51,199.3,198.03,844102,589952818.0,600048,保利发展
2025-11-26,198.51,196.77,198.66,196.77,1060393,733048274.0,600048,保利发展
2025-11-27,195.18,195.18,196.13,193.44,1290221,872132021.0,600048,保利发展
2025-11-28,194.87,195.03,195.34,193.76,983950,661796940.0,600048,保利发展
2025-12-01,194.39,192.81,194.87,192.65,1692909,1128383182.0,600048,保利发展
2025-12-02,192.81,192.34,193.29,192.18,951534,629087563.0,600048,保利发展
2025-12-03,192.34,190.28,192.65,190.12,1393917,906474818.0,600048,保利发展
2025-12-04,190.28,190.6,192.34,190.12,1146289,746108186.0,600048,保利发展
2025-12-05,190.28,191.39,191.55,189.01,1669577,1076248859.0,600048,保利发展
2025-12-08,190.75,191.07,192.02,190.75,1039983,678953539.0,600048,保利发展
2025-12-09,190.75,188.54,190.91,188.38,1449940,926717510.0,600048,保利发展
2025-12-10,188.38,193.76,195.97,187.43,2997737,1973751184.0,600048,保利发展
2025-12-11,192.18,189.65,192.18,189.49,1895096,1227697245.0,600048,保利发展
2025-12-12,190.28,189.65,191.39,189.33,1619174,1043300489.0,600048,保利发展
2025-12-15,188.07,187.27,189.01,187.12,1638749,1035072474.0,600048,保利发展
2025-12-16,187.27,187.43,188.54,186.96,1254961,789640472.0,600048,保利发展
2025-12-17,187.27,187.43,187.91,186.01,1201530,752046921.0,600048,保利发展
2025-12-18,186.96,186.96,187.59,186.64,941182,588792044.0,600048,保利发展
2025-12-19,186.8,188.22,188.54,186.64,1345279,848818943.0,600048,保利发展
2025-12-22,187.91,188.38,188.86,187.27,1066537,675016678.0,600048,保利发展
2025-12-23,187.91,187.27,188.07,187.12,814661,512092331.0,600048,保利发展
2025-12-24,187.27,187.12,187.75,186.64,1058482,662309922.0,600048,保利发展
2025-12-25,187.43,187.43,187.91,186.8,659355,413660865.0,600048,保利发展
2025-12-26,187.12,187.12,187.75,186.96,719823,451612415.0,600048,保利发展
2025-12-29,187.12,186.01,187.59,185.85,1204081,749895043.0,600048,保利发展
2025-12-30,185.85,184.43,185.85,184.43,1146756,702301242.0,600048,保利发展
2025-12-31,185.06,184.59,185.38,184.27,826207,504717620.0,600048,保利发展
2026-01-05,184.74,188.07,189.01,184.59,2518587,1579586260.0,600048,保利发展
2026-01-06,187.75,190.6,191.7,187.43,2481515,1596927903.0,600048,保利发展
2026-01-07,190.44,189.17,191.07,189.01,1428529,917309736.0,600048,保利发展
2026-01-08,189.01,192.34,193.13,188.38,2255804,1470872945.0,600048,保利发展
2026-01-09,192.02,192.02,192.97,190.75,1719972,1127780590.0,600048,保利发展
2026-01-12,191.23,191.07,192.18,190.75,1497822,977158417.0,600048,保利发展
2026-01-13,191.07,190.44,192.65,190.28,1690112,1103625600.0,600048,保利发展
2026-01-14,190.12,187.59,191.39,187.27,2541573,1624106651.0,600048,保利发展
2026-01-15,188.22,189.17,191.23,188.07,2225473,1428050236.0,600048,保利发展
2026-01-16,189.65,186.64,189.96,186.33,1950013,1226299919.0,600048,保利发展
2026-01-19,186.33,187.12,187.75,185.53,1200884,749249139.0,600048,保利发展
2026-01-20,187.59,191.39,193.76,187.43,4203054,2756034671.0,600048,保利发展
2026-01-21,191.07,190.91,192.02,189.81,2109064,1371746058.0,600048,保利发展
2026-01-22,191.07,192.18,193.29,189.65,5202004,3393722712.0,600048,保利发展
2026-01-23,191.86,194.23,194.71,191.07,3682661,2437335178.0,600048,保利发展
2026-01-26,193.44,193.29,195.03,192.81,2403962,1606299222.0,600048,保利发展
2026-01-27,193.44,192.49,194.08,191.55,1938735,1282778736.0,600048,保利发展
2026-01-28,193.44,195.66,197.24,193.13,3581218,2426028483.0,600048,保利发展
2026-01-29,195.5,200.56,201.99,195.03,4383627,3083283161.0,600048,保利发展
2026-01-30,199.61,195.82,200.09,195.5,3217337,2216078946.0,600048,保利发展
2026-02-02,194.08,192.97,196.77,192.81,2223224,1497614631.0,600048,保利发展
2026-02-03,194.08,195.66,195.82,193.6,1674394,1130301210.0,600048,保利发展
2026-02-04,195.03,201.83,202.3,194.87,3972900,2804791359.0,600048,保利发展
2026-02-05,201.04,201.51,202.78,200.56,1909350,1369370910.0,600048,保利发展
2026-02-06,200.56,198.51,201.19,198.35,1909757,1343626748.0,600048,保利发展
2026-02-09,198.98,200.09,203.41,198.66,2339192,1670548992.0,600048,保利发展
2026-02-10,199.77,197.08,200.09,196.92,1840711,1276486361.0,600048,保利发展
2026-02-11,196.77,196.92,197.56,195.97,974946,670007887.0,600048,保利发展
2026-02-12,197.08,195.82,198.35,195.82,1065897,731489687.0,600048,保利发展
2026-02-13,196.13,194.71,196.45,194.23,1143216,774050918.0,600048,保利发展
2026-02-24,194.87,195.5,195.97,194.23,1093562,741073558.0,600048,保利发展
2026-02-25,195.66,198.19,200.56,195.66,2474660,1730941652.0,600048,保利发展
2026-02-26,197.71,195.18,198.03,194.71,1848267,1259499353.0,600048,保利发展
2026-02-27,195.18,195.66,195.97,194.71,870675,590690176.0,600048,保利发展
2026-03-02,194.39,195.5,197.24,194.08,1519497,1035661036.0,600048,保利发展
2026-03-03,195.34,193.76,196.29,193.6,1447820,974183649.0,600048,保利发展
2026-03-04,193.44,192.34,194.08,191.23,1693979,1117473790.0,600048,保利发展
2026-03-05,193.29,192.02,193.76,191.55,1067231,703471517.0,600048,保利发展
2026-03-06,191.7,191.39,192.18,189.49,1544133,1005230959.0,600048,保利发展
2026-03-09,189.65,188.54,189.96,187.43,1749624,1108174160.0,600048,保利发展
2026-03-10,189.01,188.54,189.33,187.91,991203,629118587.0,600048,保利发展
2026-03-11,188.38,189.17,189.81,188.07,953730,608447734.0,600048,保利发展
2026-03-12,189.01,189.17,190.12,188.54,1097309,702304038.0,600048,保利发展
2026-03-13,189.81,190.28,193.29,189.81,2056458,1346676693.0,600048,保利发展
2026-03-16,190.91,190.28,192.65,190.12,1255869,817518807.0,600048,保利发展
2026-03-17,190.6,190.91,193.13,190.44,1847806,1213785657.0,600048,保利发展
2026-03-18,190.91,188.7,191.07,188.38,1389338,886523734.0,600048,保利发展
2026-03-19,187.91,186.8,188.54,186.48,1021317,640194109.0,600048,保利发展
2026-03-20,186.96,185.53,187.43,185.53,770753,478313581.0,600048,保利发展
2026-03-23,184.74,181.74,184.74,181.42,1543434,927657965.0,600048,保利发展
2026-03-24,182.53,182.53,183.0,181.11,970851,576370225.0,600048,保利发展
2026-03-25,182.53,183.16,183.48,182.21,908293,545002929.0,600048,保利发展
2026-03-26,183.16,181.11,183.48,181.11,820543,488226456.0,600048,保利发展
2026-03-27,180.31,181.26,181.42,180.0,672671,394767571.0,600048,保利发展
2026-03-30,180.16,180.47,180.79,179.37,751407,437396134.0,600048,保利发展
2026-03-31,180.63,180.16,181.9,179.68,821569,481561661.0,600048,保利发展
2026-04-01,181.11,181.26,181.58,180.31,695005,408321920.0,600048,保利发展
2026-04-02,180.95,178.26,180.95,177.94,1258619,724782458.0,600048,保利发展
2026-04-03,178.42,175.25,178.73,175.09,1236364,689648535.0,600048,保利发展
2026-04-07,175.25,175.09,175.89,174.62,665344,366014415.0,600048,保利发展
2026-04-08,176.52,178.26,178.26,176.52,1121299,632413781.0,600048,保利发展
2026-04-09,177.47,176.2,177.63,175.57,1088410,606845052.0,600048,保利发展
2026-04-10,176.36,176.68,177.47,176.2,838154,470684666.0,600048,保利发展
2026-04-13,175.89,178.73,179.37,175.73,1461716,830337286.0,600048,保利发展
2026-04-14,179.52,182.21,182.37,178.89,1781586,1043629552.0,600048,保利发展
2026-04-15,182.21,182.05,184.43,180.79,1496301,892479944.0,600048,保利发展
2026-04-16,181.9,182.53,183.48,181.58,700923,418603216.0,600048,保利发展
2026-04-17,182.69,184.11,185.53,182.37,1414256,858050051.0,600048,保利发展
2026-04-20,183.95,182.05,183.95,181.11,1106579,656636027.0,600048,保利发展
2026-04-21,181.9,182.53,183.0,181.58,711361,423906282.0,600048,保利发展
2026-04-22,182.05,181.9,183.0,181.42,672255,399281667.0,600048,保利发展
2026-04-23,181.9,180.95,181.9,180.63,640806,377394165.0,600048,保利发展
2026-04-24,180.47,178.89,180.79,178.1,1010285,581036521.0,600048,保利发展
2026-04-27,179.05,179.52,179.84,178.42,683598,393316188.0,600048,保利发展
2026-04-28,180.79,183.48,184.43,180.63,2148200,1292014482.0,600048,保利发展
2026-04-29,182.85,185.22,185.69,182.85,1504122,920405067.0,600048,保利发展
2026-04-30,184.74,185.22,186.17,183.64,1175674,723230444.0,600048,保利发展
2026-05-06,186.01,189.33,190.6,185.53,2327205,1467785582.0,600048,保利发展
2026-05-07,189.33,189.33,190.12,188.54,1367942,875567589.0,600048,保利发展
2026-05-08,189.01,189.81,190.91,188.22,1354492,868601267.0,600048,保利发展
2026-05-11,189.81,193.13,196.61,189.33,3242314,2163453479.0,600048,保利发展
2026-05-12,193.13,192.81,194.39,191.7,2206678,1461815283.0,600048,保利发展
2026-05-13,192.18,191.07,192.34,189.96,1667340,1086552444.0,600048,保利发展
2026-05-14,191.86,188.07,192.34,187.59,1327250,848715142.0,600048,保利发展
2026-05-15,188.07,186.33,188.38,185.53,984137,614863091.0,600048,保利发展
2026-05-18,186.01,183.79,186.17,183.0,1361967,825805443.0,600048,保利发展
2026-05-19,183.79,185.69,186.17,183.79,1072332,659172257.0,600048,保利发展
2026-05-20,185.38,184.27,185.53,183.16,821374,498153531.0,600048,保利发展
2026-05-21,184.43,180.95,185.38,180.63,1318291,788290037.0,600048,保利发展
2026-05-22,181.42,180.16,181.58,179.84,933670,545539216.0,600048,保利发展
