date,open,close,high,low,volume,amount,amount
2020-01-02,23.25,23.47,23.75,22.94,2771224.0,37250258.0,57460000.0
2020-01-03,23.44,23.4,23.93,23.27,2244937.0,30367858.0,57460000.0
2020-01-06,23.18,23.27,23.53,23.0,2331222.0,31241012.0,57460000.0
2020-01-07,23.44,24.22,24.52,23.35,4171437.0,57752377.0,57460000.0
2020-01-08,23.93,23.04,24.08,22.92,3962657.0,53620829.0,57460000.0
2020-01-09,23.27,23.4,23.7,23.2,1868435.0,25174847.0,57460000.0
2020-01-10,23.7,23.44,23.82,23.25,1779324.0,24074838.0,57460000.0
2020-01-13,23.46,23.49,23.51,22.99,1968793.0,26414370.0,57460000.0
2020-01-14,23.61,23.58,23.91,23.42,1930442.0,26265800.0,57460000.0
2020-01-15,23.54,23.25,23.7,23.16,1399212.0,18771528.0,57460000.0
2020-01-16,23.21,23.07,23.42,23.06,945990.0,12619329.0,57460000.0
2020-01-17,23.06,23.13,23.33,23.06,963719.0,12873085.0,57460000.0
2020-01-20,23.13,23.51,23.53,23.11,1257971.0,16908372.0,57460000.0
2020-01-21,23.61,22.61,23.61,22.59,1816894.0,23996092.0,57460000.0
2020-01-22,22.48,22.57,22.68,21.98,1630090.0,20959239.0,57460000.0
2020-01-23,22.9,21.46,22.9,21.3,1922902.0,24223485.0,57460000.0
2020-02-03,19.31,19.31,19.45,19.31,1280400.0,14242389.0,57460000.0
2020-02-04,19.08,19.36,19.52,18.84,2304836.0,25538642.0,57460000.0
2020-02-05,19.41,19.52,19.98,19.31,1866066.0,21110364.0,57460000.0
2020-02-06,19.48,19.88,20.09,19.38,1896941.0,21544320.0,57460000.0
2020-02-07,19.88,20.23,20.3,19.72,1787223.0,20609663.0,57460000.0
2020-02-10,20.12,20.4,20.54,20.04,1355599.0,15875325.0,57460000.0
2020-02-11,20.49,20.31,20.59,20.28,1082706.0,12720478.0,57460000.0
2020-02-12,20.38,20.56,20.56,20.16,1352088.0,15901281.0,57460000.0
2020-02-13,20.56,20.12,20.63,20.12,1451343.0,16968894.0,57460000.0
2020-02-14,20.05,20.56,21.18,20.04,2182873.0,25807443.0,57460000.0
2020-02-17,20.59,21.16,21.27,20.59,2259364.0,27244993.0,57460000.0
2020-02-18,21.2,21.75,21.89,21.1,2543706.0,31474328.0,57460000.0
2020-02-19,21.58,21.41,21.69,21.36,1589015.0,19694309.0,57460000.0
2020-02-20,21.37,21.81,21.93,21.34,2206325.0,27530316.0,57460000.0
2020-02-21,21.82,22.35,22.57,21.72,2386224.0,30400569.0,57460000.0
2020-02-24,22.35,22.83,23.02,22.14,2355569.0,30667832.0,57460000.0
2020-02-25,22.31,22.5,22.74,21.74,2316465.0,29745419.0,57460000.0
2020-02-26,22.17,22.33,22.97,22.17,1845286.0,23950607.0,57460000.0
2020-02-27,22.29,22.36,22.62,22.1,1563759.0,20180749.0,57460000.0
2020-02-28,21.84,20.9,22.03,20.82,2422713.0,29754134.0,57460000.0
2020-03-02,21.01,22.07,22.17,21.01,2105289.0,26388087.0,57460000.0
2020-03-03,22.19,22.4,22.69,21.96,2043331.0,26348537.0,57460000.0
2020-03-04,22.19,23.06,23.06,22.07,2860215.0,37484895.0,57460000.0
2020-03-05,23.07,23.13,23.21,22.8,2468969.0,32745869.0,57460000.0
2020-03-06,22.83,23.0,23.3,22.73,1954572.0,25900806.0,57460000.0
2020-03-09,22.73,22.68,23.39,22.5,2224662.0,29364005.0,57460000.0
2020-03-10,22.31,23.44,23.58,21.98,3421014.0,45093433.0,57460000.0
2020-03-11,23.42,22.8,23.54,22.71,2248647.0,29945847.0,57460000.0
2020-03-12,22.61,22.43,22.64,22.05,1730243.0,22226360.0,57460000.0
2020-03-13,21.56,21.65,21.95,21.04,2287635.0,28240948.0,57460000.0
2020-03-16,21.88,20.64,21.95,20.64,1655460.0,20359756.0,57460000.0
2020-03-17,20.83,20.64,21.16,20.12,1125568.0,13356750.0,57460000.0
2020-03-18,20.7,20.21,21.15,20.17,1261681.0,15115688.0,57460000.0
2020-03-19,20.4,20.66,20.75,20.05,1028000.0,12075190.0,57460000.0
2020-03-20,20.94,21.16,21.2,20.68,903788.0,10889085.0,57460000.0
2020-03-23,20.68,20.38,20.9,20.19,946990.0,11187058.0,57460000.0
2020-03-24,20.63,21.1,21.1,20.49,940847.0,11264615.0,57460000.0
2020-03-25,21.42,21.16,21.6,21.06,1149068.0,14046022.0,57460000.0
2020-03-26,21.15,20.73,21.15,20.71,874674.0,10535764.0,57460000.0
2020-03-27,21.1,20.97,21.2,20.7,980656.0,11866639.0,57460000.0
2020-03-30,20.77,21.01,21.01,20.4,828334.0,9875757.0,57460000.0
2020-03-31,21.04,21.44,21.7,20.94,1111069.0,13558496.0,57460000.0
2020-04-01,21.32,21.58,21.67,20.9,1745351.0,21509735.0,57460000.0
2020-04-02,21.36,22.05,22.1,21.25,2483056.0,30990775.0,57460000.0
2020-04-03,22.1,22.05,22.31,21.67,1670399.0,21140778.0,57460000.0
2020-04-07,22.29,22.31,22.5,22.15,2273211.0,29252352.0,57460000.0
2020-04-08,22.48,22.36,22.48,22.0,1497330.0,19156260.0,57460000.0
2020-04-09,22.55,21.95,22.55,21.95,1627259.0,20793564.0,57460000.0
2020-04-10,22.05,21.36,22.05,21.3,1354005.0,16817875.0,57460000.0
2020-04-13,21.18,20.83,21.3,20.71,1258607.0,15155045.0,57460000.0
2020-04-14,20.83,21.01,21.06,20.83,839938.0,10145587.0,57460000.0
2020-04-15,20.99,20.71,21.04,20.7,789551.0,9506750.0,57460000.0
2020-04-16,20.71,20.85,20.94,20.5,816457.0,9737665.0,57460000.0
2020-04-17,20.99,20.78,21.03,20.75,793781.0,9556870.0,57460000.0
2020-04-20,20.83,20.97,21.01,20.73,707521.0,8521323.0,57460000.0
2020-04-21,21.01,21.2,21.2,20.77,1070933.0,12961389.0,57460000.0
2020-04-22,20.97,21.11,21.2,20.87,1380235.0,16732100.0,57460000.0
2020-04-23,21.11,20.97,21.18,20.94,709126.0,8586939.0,57460000.0
2020-04-24,20.99,20.77,20.99,20.59,1003991.0,11989674.0,57460000.0
2020-04-27,20.61,21.04,21.2,20.61,1260238.0,15232595.0,57460000.0
2020-04-28,21.04,21.62,21.67,20.66,2586435.0,31657015.0,57460000.0
2020-04-29,21.39,22.5,22.66,21.36,5041189.0,64693697.0,57460000.0
2020-04-30,22.4,22.35,22.52,22.14,2999973.0,38559921.0,57460000.0
2020-05-06,22.19,22.71,22.74,21.77,3958208.0,51120707.0,57460000.0
2020-05-07,22.74,23.09,23.21,22.4,4115483.0,54156019.0,57460000.0
2020-05-08,23.02,23.16,23.35,22.92,2700725.0,35987942.0,57460000.0
2020-05-11,23.42,22.92,23.42,22.85,2350670.0,31161540.0,57460000.0
2020-05-12,23.14,23.13,23.25,22.83,2678366.0,35610390.0,57460000.0
2020-05-13,23.27,23.77,24.29,23.09,3757385.0,51094657.0,57460000.0
2020-05-14,23.75,24.06,24.38,23.75,3949542.0,54888692.0,57460000.0
2020-05-15,24.31,24.76,25.11,23.93,4326710.0,61250780.0,57460000.0
2020-05-18,24.79,24.76,25.07,24.13,4054022.0,57184462.0,57460000.0
2020-05-19,24.88,24.55,25.0,24.31,3137134.0,44521415.0,57460000.0
2020-05-20,24.9,24.45,24.91,23.99,3279888.0,46323134.0,57460000.0
2020-05-21,24.46,24.05,24.6,23.82,2881824.0,40170948.0,57460000.0
2020-05-22,24.13,24.5,24.64,23.8,3062899.0,42800018.0,57460000.0
2020-05-25,24.48,24.5,24.71,24.24,1929550.0,27247634.0,57460000.0
2020-05-26,24.52,24.39,24.85,24.29,2408232.0,33979920.0,57460000.0
2020-05-27,24.36,24.91,25.0,24.29,3461995.0,49251085.0,57460000.0
2020-05-28,24.97,24.74,24.97,24.37,2757660.0,38251794.0,57460000.0
2020-05-29,24.74,25.15,25.38,24.63,2163076.0,30357158.0,57460000.0
2020-06-01,25.45,26.69,26.71,25.09,3939874.0,58321974.0,57460000.0
2020-06-02,26.87,26.63,27.08,26.39,2986337.0,45092997.0,57460000.0
2020-06-03,26.67,27.08,27.08,26.23,2615409.0,39280122.0,57460000.0
2020-06-04,27.08,28.3,28.6,26.99,3695256.0,58291145.0,57460000.0
2020-06-05,28.02,28.35,29.28,27.96,3403885.0,54683430.0,57460000.0
2020-06-08,28.37,29.08,29.29,28.12,4867805.0,79258082.0,57460000.0
2020-06-09,29.35,28.9,29.44,28.2,3049215.0,49351487.0,57460000.0
2020-06-10,28.59,30.68,30.77,28.43,8813113.0,148501114.0,57460000.0
2020-06-11,30.5,31.03,31.21,30.08,6210590.0,107751819.0,57460000.0
2020-06-12,30.82,31.07,31.58,30.59,3987061.0,69982614.0,57460000.0
2020-06-15,31.3,32.27,32.66,31.07,7364048.0,133203041.0,57460000.0
2020-06-16,32.79,33.85,33.96,32.11,3561172.0,66575432.0,57460000.0
2020-06-17,34.01,35.25,35.31,33.36,6573582.0,128161979.0,57460000.0
2020-06-18,35.57,31.72,35.8,31.72,2707219.0,52833854.0,57460000.0
2020-06-19,28.73,30.59,31.69,28.71,8700335.0,147483029.0,57460000.0
2020-06-22,30.5,32.26,33.66,30.5,13828640.0,252746684.0,57460000.0
2020-06-23,32.59,32.49,32.72,31.56,4687632.0,85006691.0,57460000.0
2020-06-24,32.72,32.45,32.81,31.92,3757758.0,68904129.0,57460000.0
2020-06-29,32.36,32.68,33.0,31.55,4064514.0,73922142.0,57460000.0
2020-06-30,32.66,29.42,33.91,29.42,16961402.0,293918676.0,57460000.0
2020-07-01,29.22,28.28,29.22,26.78,5339259.0,84623654.0,57460000.0
2020-07-02,28.34,28.55,28.9,27.49,3836496.0,61488912.0,57460000.0
2020-07-03,28.55,27.96,28.78,27.86,3035779.0,48332347.0,57460000.0
2020-07-06,29.06,28.35,29.44,27.56,3767459.0,60464481.0,57460000.0
2020-07-07,28.5,28.46,29.12,28.18,6318464.0,101761627.0,57460000.0
2020-07-08,28.39,28.27,28.51,27.93,3802976.0,60591990.0,57460000.0
2020-07-09,28.25,29.06,29.26,28.12,6372926.0,103492729.0,57460000.0
2020-07-10,29.08,29.22,29.47,28.55,6660161.0,109151587.0,57460000.0
2020-07-13,29.38,29.7,29.7,29.26,7359824.0,122630418.0,57460000.0
2020-07-14,29.7,28.99,29.72,28.73,5089656.0,83699361.0,57460000.0
2020-07-15,28.99,28.16,29.24,28.16,3382464.0,54553129.0,57460000.0
2020-07-16,28.27,28.04,28.9,28.02,3013673.0,48388128.0,57460000.0
2020-07-17,28.02,28.02,28.28,27.77,2105753.0,33268693.0,57460000.0
2020-07-20,29.26,28.6,29.26,27.68,2310729.0,37082102.0,57460000.0
2020-07-21,28.39,28.64,28.82,27.54,2633841.0,42267976.0,57460000.0
2020-07-22,28.89,28.9,29.4,28.51,6043850.0,99414270.0,57460000.0
2020-07-23,28.55,27.54,28.87,27.01,4715753.0,73740330.0,57460000.0
2020-07-24,27.4,26.05,27.82,26.05,2734934.0,41386144.0,57460000.0
2020-07-27,26.16,25.77,26.3,25.18,1413412.0,20528279.0,57460000.0
2020-07-28,26.0,25.89,26.28,25.66,1014662.0,14839553.0,57460000.0
2020-07-29,25.87,26.76,26.9,25.78,1551097.0,23100967.0,57460000.0
2020-07-30,26.92,27.47,27.79,26.83,2181279.0,33586844.0,57460000.0
2020-07-31,27.47,27.38,27.72,26.99,1429415.0,22005612.0,57460000.0
2020-08-03,27.52,27.66,27.68,27.42,1292346.0,20088721.0,57460000.0
2020-08-04,27.73,27.43,28.0,27.22,1616813.0,25107133.0,57460000.0
2020-08-05,27.43,27.45,27.66,27.17,1150250.0,17785404.0,57460000.0
2020-08-06,27.31,27.66,27.66,27.27,1342363.0,20795561.0,57460000.0
2020-08-07,29.42,28.6,29.42,27.27,16788180.0,274057966.0,57460000.0
2020-08-10,27.65,25.93,27.65,25.75,8406830.0,124365866.0,57460000.0
2020-08-11,25.57,25.45,25.98,25.36,3701023.0,53540409.0,57460000.0
2020-08-12,25.46,25.06,25.61,24.83,2296333.0,32438328.0,57460000.0
2020-08-13,25.09,25.22,25.55,25.09,1281871.0,18253337.0,57460000.0
2020-08-14,25.22,25.3,25.34,24.99,1502390.0,21314912.0,57460000.0
2020-08-17,25.36,25.59,25.71,25.15,2226821.0,31887270.0,57460000.0
2020-08-18,25.59,25.39,25.66,25.2,1861821.0,26702597.0,57460000.0
2020-08-19,25.34,26.71,26.79,25.02,6278504.0,92664676.0,57460000.0
2020-08-20,26.24,29.01,29.22,25.55,11141293.0,175311576.0,57460000.0
2020-08-21,29.01,27.89,31.03,27.24,10671125.0,177103427.0,57460000.0
2020-08-24,27.15,26.42,27.27,26.12,4797508.0,71793369.0,57460000.0
2020-08-25,26.42,26.07,26.58,25.98,2702214.0,39906243.0,57460000.0
2020-08-26,26.07,25.59,26.4,25.46,1807011.0,26387059.0,57460000.0
2020-08-27,25.68,25.96,26.21,25.5,1292769.0,18890294.0,57460000.0
2020-08-28,25.91,26.16,26.16,25.71,1148670.0,16838439.0,57460000.0
2020-08-31,26.23,26.4,26.6,26.07,1511729.0,22536771.0,57460000.0
2020-09-01,26.49,26.35,26.51,26.17,944178.0,14017242.0,57460000.0
2020-09-02,26.35,26.3,26.56,26.12,1150588.0,17041325.0,57460000.0
2020-09-03,26.3,25.91,26.3,25.89,1127636.0,16555414.0,57460000.0
2020-09-04,25.66,26.28,26.32,25.55,1046997.0,15287062.0,57460000.0
2020-09-07,26.3,26.03,26.58,25.82,1674466.0,24853047.0,57460000.0
2020-09-08,26.05,26.03,26.4,25.71,910939.0,13362136.0,57460000.0
2020-09-09,26.14,26.23,26.56,25.89,1755452.0,26011032.0,57460000.0
2020-09-10,26.33,24.33,26.42,24.29,2183050.0,31046815.0,57460000.0
2020-09-11,24.33,24.44,24.54,23.64,1277938.0,17396844.0,57460000.0
2020-09-14,24.51,24.29,24.7,24.17,1243283.0,17113392.0,57460000.0
2020-09-15,24.49,24.01,24.49,23.46,1938125.0,26071068.0,57460000.0
2020-09-16,24.03,23.83,24.13,23.53,881818.0,11790817.0,57460000.0
2020-09-17,23.89,24.52,24.56,23.6,1152868.0,15738661.0,57460000.0
2020-09-18,24.52,24.56,24.67,24.28,810146.0,11184600.0,57460000.0
2020-09-21,24.6,24.33,24.77,24.22,747539.0,10308005.0,57460000.0
2020-09-22,24.22,23.96,24.49,23.94,716539.0,9769789.0,57460000.0
2020-09-23,24.12,24.22,24.22,23.89,555245.0,7537168.0,57460000.0
2020-09-24,24.22,23.53,24.22,23.53,797507.0,10682564.0,57460000.0
2020-09-25,23.5,23.71,24.12,23.41,633300.0,8424143.0,57460000.0
2020-09-28,23.8,23.23,23.94,23.19,678321.0,8990604.0,57460000.0
2020-09-29,23.37,23.51,23.62,23.16,473990.0,6257614.0,57460000.0
2020-09-30,23.57,23.51,23.73,23.32,558805.0,7401915.0,57460000.0
2020-10-09,23.76,23.97,24.03,23.74,761183.0,10284507.0,57460000.0
2020-10-12,24.19,24.42,24.45,23.97,907877.0,12450856.0,57460000.0
2020-10-13,24.6,24.4,24.6,24.21,513438.0,7058708.0,57460000.0
2020-10-14,24.49,23.96,24.49,23.9,808950.0,10964776.0,57460000.0
2020-10-15,23.96,23.58,24.05,23.51,737050.0,9868793.0,57460000.0
2020-10-16,23.62,23.37,23.69,23.14,935435.0,12332193.0,57460000.0
2020-10-19,23.37,23.19,23.69,23.14,1097095.0,14485594.0,57460000.0
2020-10-20,23.19,23.44,23.44,23.12,716050.0,9411970.0,57460000.0
2020-10-21,23.44,23.32,23.66,23.14,819059.0,10767315.0,57460000.0
2020-10-22,23.3,23.46,23.57,23.05,797468.0,10490930.0,57460000.0
2020-10-23,23.44,22.96,23.6,22.91,966900.0,12629607.0,57460000.0
2020-10-26,23.04,22.15,23.04,22.06,1639966.0,20688568.0,57460000.0
2020-10-27,22.15,22.22,22.31,22.04,781030.0,9759077.0,57460000.0
2020-10-28,22.22,22.17,22.25,21.72,793044.0,9830077.0,57460000.0
2020-10-29,21.81,22.17,22.31,21.81,713620.0,8890738.0,57460000.0
2020-10-30,22.27,21.1,22.34,21.1,1150186.0,14064568.0,57460000.0
2020-11-02,21.17,21.63,21.72,20.84,957485.0,11600847.0,57460000.0
2020-11-03,21.63,21.86,22.06,21.39,869870.0,10722057.0,57460000.0
2020-11-04,21.86,21.69,22.04,21.56,638213.0,7825040.0,57460000.0
2020-11-05,21.72,22.01,22.08,21.69,773971.0,9577340.0,57460000.0
2020-11-06,22.08,21.63,22.1,21.46,737800.0,9023970.0,57460000.0
2020-11-09,21.67,22.33,22.43,21.67,1216422.0,15260514.0,57460000.0
2020-11-10,22.43,22.04,22.45,21.88,726760.0,9057583.0,57460000.0
2020-11-11,21.94,21.99,22.38,21.9,675406.0,8430364.0,57460000.0
2020-11-12,21.99,22.18,22.33,21.99,407645.0,5091900.0,57460000.0
2020-11-13,23.05,23.83,23.87,22.54,5460560.0,71782705.0,57460000.0
2020-11-16,23.23,23.18,23.28,22.61,3838584.0,49842682.0,57460000.0
2020-11-17,23.07,22.82,23.07,22.49,1771684.0,22711456.0,57460000.0
2020-11-18,22.8,22.91,22.96,22.7,1120201.0,14419582.0,57460000.0
2020-11-19,22.75,22.88,22.93,22.56,762051.0,9792545.0,57460000.0
2020-11-20,22.88,22.73,22.89,22.66,676130.0,8671653.0,57460000.0
2020-11-23,22.93,22.59,22.93,22.49,761434.0,9704954.0,57460000.0
2020-11-24,22.64,22.45,22.75,22.41,652210.0,8285999.0,57460000.0
2020-11-25,22.47,22.56,22.75,22.38,739584.0,9421459.0,57460000.0
2020-11-26,22.56,22.63,22.68,22.38,530980.0,6755219.0,57460000.0
2020-11-27,22.63,22.93,23.27,22.5,1693616.0,21883482.0,57460000.0
2020-11-30,22.91,22.72,23.04,22.63,1049927.0,13511676.0,169000000.0
2020-12-01,22.56,22.47,22.63,22.17,1044564.0,13187673.0,169000000.0
2020-12-02,22.45,22.41,22.59,22.01,1069264.0,13459465.0,169000000.0
2020-12-03,22.66,22.38,22.68,22.2,555765.0,7005768.0,169000000.0
2020-12-04,22.2,22.24,22.4,21.92,921954.0,11520501.0,169000000.0
2020-12-07,22.29,22.15,22.38,22.11,409990.0,5131870.0,169000000.0
2020-12-08,22.15,22.1,22.25,22.01,433397.0,5410045.0,169000000.0
2020-12-09,22.1,21.53,22.24,21.39,737609.0,9006095.0,169000000.0
2020-12-10,21.44,21.47,21.62,21.31,316200.0,3832050.0,169000000.0
2020-12-11,21.47,21.03,21.55,20.91,609801.0,7258201.0,169000000.0
2020-12-14,20.92,21.08,21.1,20.82,366792.0,4337454.0,169000000.0
2020-12-15,21.23,21.0,21.23,20.96,232008.0,2752433.0,169000000.0
2020-12-16,21.0,20.73,21.33,20.71,389440.0,4572829.0,169000000.0
2020-12-17,20.59,20.68,20.82,19.98,803128.0,9215209.0,169000000.0
2020-12-18,20.84,20.27,20.84,20.23,432990.0,5000994.0,169000000.0
2020-12-21,20.32,20.27,20.64,20.2,380395.0,4357226.0,169000000.0
2020-12-22,20.27,19.65,20.38,19.59,912377.0,10213384.0,169000000.0
2020-12-23,19.65,19.58,19.74,19.4,690861.0,7613088.0,169000000.0
2020-12-24,19.58,19.22,19.75,19.12,894558.0,9729470.0,169000000.0
2020-12-25,19.15,19.74,19.77,18.99,619960.0,6818373.0,169000000.0
2020-12-28,19.77,19.29,19.77,19.2,468182.0,5142063.0,169000000.0
2020-12-29,19.29,19.29,19.65,19.15,432800.0,4735980.0,169000000.0
2020-12-30,19.26,19.36,19.51,19.22,368590.0,4025554.0,169000000.0
2020-12-31,19.4,19.61,19.67,19.35,365128.0,4030848.0,169000000.0
2021-01-04,19.61,19.86,19.93,19.61,546452.0,6104166.0,169000000.0
2021-01-05,19.84,19.81,19.95,19.52,525661.0,5847954.0,169000000.0
2021-01-06,19.68,19.35,19.68,19.31,420322.0,4612824.0,169000000.0
2021-01-07,19.35,18.94,19.54,18.81,942154.0,10118033.0,169000000.0
2021-01-08,18.9,18.57,19.01,18.3,667367.0,7010160.0,169000000.0
2021-01-11,18.62,17.47,18.64,17.47,1259894.0,12660805.0,169000000.0
2021-01-12,17.2,17.43,17.77,17.17,619960.0,6102028.0,169000000.0
2021-01-13,17.45,17.27,17.47,16.85,878353.0,8469284.0,169000000.0
2021-01-14,17.38,17.72,18.03,17.11,965416.0,9603146.0,169000000.0
2021-01-15,17.63,17.77,17.96,17.63,867094.0,8705237.0,169000000.0
2021-01-18,17.91,18.05,18.16,17.64,656916.0,6665456.0,169000000.0
2021-01-19,18.18,18.09,18.32,18.0,505482.0,5166490.0,169000000.0
2021-01-20,18.02,18.02,18.23,17.77,453449.0,4599381.0,169000000.0
2021-01-21,18.05,18.18,18.26,17.95,607042.0,6212685.0,169000000.0
2021-01-22,18.16,18.37,18.48,17.91,828324.0,8515972.0,169000000.0
2021-01-25,18.39,17.86,18.39,17.82,628572.0,6408546.0,169000000.0
2021-01-26,17.73,17.43,18.05,17.43,673938.0,6712436.0,169000000.0
2021-01-27,17.47,17.64,17.87,17.38,473463.0,4718524.0,169000000.0
2021-01-28,17.56,17.7,17.82,17.47,365994.0,3652452.0,169000000.0
2021-01-29,17.8,18.0,18.0,17.17,767340.0,7576636.0,169000000.0
2021-02-01,17.75,17.47,17.93,17.47,617481.0,6139163.0,169000000.0
2021-02-02,17.52,17.13,17.52,17.09,634949.0,6171770.0,169000000.0
2021-02-03,17.15,16.79,17.15,16.72,605449.0,5739013.0,169000000.0
2021-02-04,16.79,16.07,16.79,15.98,743300.0,6802674.0,169000000.0
2021-02-05,16.12,15.94,16.37,15.89,309583.0,2815009.0,169000000.0
2021-02-08,15.94,15.73,15.94,15.62,441237.0,3920404.0,169000000.0
2021-02-09,15.78,16.14,16.23,15.69,452041.0,4077281.0,169000000.0
2021-02-10,16.0,16.39,16.46,16.0,297393.0,2738132.0,169000000.0
2021-02-18,16.49,16.69,16.83,16.49,404196.0,3809796.0,169000000.0
2021-02-19,16.81,17.18,17.25,16.51,539548.0,5166221.0,169000000.0
2021-02-22,17.45,17.52,18.14,17.18,1045940.0,10449095.0,169000000.0
2021-02-23,17.52,17.66,17.75,17.4,363517.0,3603012.0,169000000.0
2021-02-24,17.79,17.72,17.93,17.59,558385.0,5570302.0,169000000.0
2021-02-25,17.77,17.47,17.91,17.41,371090.0,3674672.0,169000000.0
2021-02-26,17.45,17.59,17.72,17.4,343007.0,3389046.0,169000000.0
2021-03-01,17.8,17.84,17.89,17.73,444142.0,4462662.0,169000000.0
2021-03-02,17.82,17.77,18.07,17.61,350163.0,3510832.0,169000000.0
2021-03-03,17.79,17.82,17.84,17.61,318980.0,3194816.0,169000000.0
2021-03-04,17.84,17.77,18.02,17.73,753390.0,7614523.0,169000000.0
2021-03-05,17.89,18.12,18.12,17.8,456373.0,4638526.0,169000000.0
2021-03-08,18.11,18.07,18.51,17.96,678760.0,6991605.0,169000000.0
2021-03-09,18.14,17.98,18.39,17.8,713420.0,7303811.0,169000000.0
2021-03-10,17.98,17.45,18.26,17.38,549710.0,5502854.0,169000000.0
2021-03-11,17.43,17.82,17.96,17.34,457231.0,4555469.0,169000000.0
2021-03-12,17.72,17.8,17.86,17.61,375917.0,3759526.0,169000000.0
2021-03-15,17.68,17.73,17.89,17.64,304306.0,3046033.0,169000000.0
2021-03-16,17.8,18.6,18.64,17.8,981550.0,10126022.0,169000000.0
2021-03-17,18.6,18.5,18.87,18.37,921634.0,9657188.0,169000000.0
2021-03-18,18.5,18.39,18.66,18.26,420575.0,4356511.0,169000000.0
2021-03-19,18.39,18.44,18.81,18.14,602369.0,6288997.0,169000000.0
2021-03-22,18.44,18.48,18.67,18.35,377978.0,3932513.0,169000000.0
2021-03-23,18.48,18.39,18.55,18.28,407800.0,4227707.0,169000000.0
2021-03-24,18.3,18.14,18.53,18.09,414400.0,4283007.0,169000000.0
2021-03-25,18.11,18.58,18.58,18.11,551258.0,5731491.0,169000000.0
2021-03-26,18.62,18.37,18.69,18.3,525085.0,5465532.0,169000000.0
2021-03-29,18.39,18.18,18.44,18.11,376407.0,3869959.0,169000000.0
2021-03-30,18.18,17.89,18.23,17.84,388359.0,3940803.0,169000000.0
2021-03-31,17.89,18.0,18.05,17.61,344394.0,3462534.0,169000000.0
2021-04-01,18.05,17.91,18.05,17.87,349957.0,3542845.0,169000000.0
2021-04-02,17.91,17.95,18.07,17.8,424246.0,4299506.0,169000000.0
2021-04-06,18.16,18.89,19.05,18.0,1453904.0,15294093.0,169000000.0
2021-04-07,18.89,18.97,19.03,18.62,1013187.0,10754937.0,169000000.0
2021-04-08,19.06,18.69,19.06,18.64,750607.0,7934823.0,169000000.0
2021-04-09,18.69,18.81,18.83,18.53,368529.0,3898184.0,169000000.0
2021-04-12,18.81,18.8,18.81,18.39,354051.0,3714151.0,169000000.0
2021-04-13,19.06,19.86,20.32,19.06,4389869.0,49010382.0,169000000.0
2021-04-14,19.61,20.48,21.24,19.51,3508878.0,40487026.0,169000000.0
2021-04-15,20.22,19.86,20.22,19.68,1756519.0,19696690.0,169000000.0
2021-04-16,19.98,20.29,20.3,19.81,1272365.0,14377428.0,169000000.0
2021-04-19,20.27,19.83,20.62,19.79,1616857.0,18343588.0,169000000.0
2021-04-20,19.86,19.88,20.25,19.83,1140130.0,12876796.0,169000000.0
2021-04-21,19.88,19.9,20.3,19.44,1474582.0,16467062.0,169000000.0
2021-04-22,20.0,19.65,20.0,19.59,682728.0,7588401.0,169000000.0
2021-04-23,19.75,19.42,19.75,19.38,502374.0,5534308.0,169000000.0
2021-04-26,19.29,18.89,19.4,18.87,917834.0,9852908.0,169000000.0
2021-04-27,18.89,19.08,19.22,18.5,815764.0,8648557.0,169000000.0
2021-04-28,19.06,19.58,19.67,18.83,807344.0,8825710.0,169000000.0
2021-04-29,20.34,20.3,20.64,19.83,3244106.0,36911059.0,169000000.0
2021-04-30,20.2,20.53,20.82,19.97,2540770.0,29306224.0,169000000.0
2021-05-06,20.43,20.87,21.03,20.39,1975724.0,23046855.0,169000000.0
2021-05-07,20.98,21.79,21.9,20.53,3134502.0,37571664.0,169000000.0
2021-05-10,21.67,22.34,22.88,21.07,4606518.0,57066991.0,169000000.0
2021-05-11,22.34,22.25,22.34,21.9,2209201.0,27498120.0,169000000.0
2021-05-12,22.02,22.4,22.54,21.95,1332691.0,16651130.0,169000000.0
2021-05-13,22.17,22.5,22.7,22.15,1487525.0,18744771.0,169000000.0
2021-05-14,22.64,22.18,22.64,22.17,1160027.0,14546442.0,169000000.0
2021-05-17,22.34,21.67,22.34,21.51,1356184.0,16615740.0,169000000.0
2021-05-18,21.67,21.69,21.83,21.33,1020680.0,12411992.0,169000000.0
2021-05-19,21.47,21.55,21.94,21.39,730233.0,8861347.0,169000000.0
2021-05-20,21.67,21.53,21.74,21.37,659061.0,8009433.0,169000000.0
2021-05-21,21.53,21.49,21.78,21.42,572382.0,6969028.0,169000000.0
2021-05-24,21.72,21.6,21.76,21.51,629454.0,7677309.0,169000000.0
2021-05-25,21.53,21.53,21.79,21.47,772149.0,9392960.0,169000000.0
2021-05-26,21.58,21.62,21.8,21.29,1209292.0,14442920.0,169000000.0
2021-05-27,21.6,21.49,21.67,21.46,494869.0,5908619.0,169000000.0
2021-05-28,21.6,21.08,21.6,21.02,882466.0,10370724.0,169000000.0
2021-05-31,21.19,21.28,21.37,21.02,574492.0,6762572.0,169000000.0
2021-06-01,21.47,21.31,21.55,21.2,684572.0,8093088.0,169000000.0
2021-06-02,21.28,21.26,21.38,21.1,564705.0,6639190.0,169000000.0
2021-06-03,21.29,21.47,21.64,21.1,1400033.0,16637460.0,169000000.0
2021-06-04,21.51,21.17,21.69,21.08,1146989.0,13577225.0,169000000.0
2021-06-07,21.35,21.15,21.35,20.97,502336.0,5889727.0,169000000.0
2021-06-08,21.35,23.26,23.26,21.11,4934109.0,61286059.0,169000000.0
2021-06-09,23.62,22.61,23.62,22.19,4400096.0,54957026.0,169000000.0
2021-06-10,22.43,22.3,22.45,22.14,2518316.0,31091703.0,169000000.0
2021-06-11,22.21,22.3,22.45,22.14,2165765.0,26736408.0,169000000.0
2021-06-15,22.18,22.34,22.56,22.16,1667577.0,20598903.0,169000000.0
2021-06-16,22.38,22.23,22.38,22.14,1022491.0,12593947.0,169000000.0
2021-06-17,22.27,22.25,22.34,21.94,1548862.0,19090111.0,169000000.0
2021-06-18,22.09,22.23,22.3,21.96,1306441.0,15999771.0,169000000.0
2021-06-21,22.21,22.21,22.27,22.1,908681.0,11187622.0,169000000.0
2021-06-22,22.18,22.12,22.43,22.09,1619706.0,19996543.0,169000000.0
2021-06-23,22.01,22.18,22.23,22.01,618311.0,7594715.0,169000000.0
2021-06-24,22.29,22.86,23.26,22.14,2646092.0,33287205.0,169000000.0
2021-06-25,22.9,22.32,22.9,22.14,1769913.0,21943441.0,169000000.0
2021-06-28,22.27,22.27,22.48,22.01,1169400.0,14421423.0,169000000.0
2021-06-29,22.05,22.12,22.32,22.05,609041.0,7483813.0,169000000.0
2021-06-30,22.09,22.01,22.21,21.83,742782.0,9071649.0,169000000.0
2021-07-01,22.0,22.0,22.16,21.83,634593.0,7739698.0,169000000.0
2021-07-02,21.89,21.76,21.94,21.46,926193.0,11124201.0,169000000.0
2021-07-05,21.78,21.98,22.09,21.56,747888.0,9031721.0,169000000.0
2021-07-06,22.14,22.09,22.16,21.82,593031.0,7250838.0,169000000.0
2021-07-07,22.07,22.3,22.36,21.92,916217.0,11288171.0,169000000.0
2021-07-08,22.41,22.41,22.5,22.27,1040501.0,12919011.0,169000000.0
2021-07-09,22.41,22.3,22.61,22.18,672080.0,8332048.0,169000000.0
2021-07-12,22.27,22.14,22.43,22.14,1327091.0,16401741.0,169000000.0
2021-07-13,22.32,22.93,22.99,22.14,2042542.0,25708147.0,169000000.0
2021-07-14,23.04,22.66,23.08,22.54,1320732.0,16647712.0,169000000.0
2021-07-15,22.48,22.25,22.63,22.05,1001438.0,12387343.0,169000000.0
2021-07-16,22.45,22.19,22.45,22.09,629781.0,7755181.0,169000000.0
2021-07-19,22.23,22.21,22.32,21.87,685985.0,8423465.0,169000000.0
2021-07-20,22.09,22.47,22.59,22.01,1073279.0,13239163.0,169000000.0
2021-07-21,22.47,22.3,22.65,22.25,912390.0,11329060.0,169000000.0
2021-07-22,22.41,22.52,22.54,22.29,930645.0,11570348.0,169000000.0
2021-07-23,22.7,22.25,22.72,22.12,1015484.0,12585583.0,169000000.0
2021-07-26,22.23,22.72,22.86,22.09,1902354.0,23691769.0,169000000.0
2021-07-27,22.74,23.53,24.07,22.41,4476365.0,58100713.0,169000000.0
2021-07-28,23.6,22.29,23.62,21.82,3682761.0,45752818.0,169000000.0
2021-07-29,22.43,24.05,24.07,22.23,4963216.0,63882011.0,169000000.0
2021-07-30,23.8,23.96,24.77,23.58,3423169.0,45712772.0,169000000.0
2021-08-02,23.73,24.2,24.29,23.58,2779800.0,36996752.0,169000000.0
2021-08-03,24.23,23.38,24.34,23.19,2360967.0,31051405.0,169000000.0
2021-08-04,23.55,23.67,23.71,23.22,1230381.0,16051898.0,169000000.0
2021-08-05,23.46,23.51,23.69,23.15,1550661.0,20104238.0,169000000.0
2021-08-06,23.51,23.98,24.07,23.2,1466047.0,19277151.0,169000000.0
2021-08-09,24.05,24.02,24.12,23.69,1176642.0,15599143.0,169000000.0
2021-08-10,23.98,24.74,24.97,23.98,2595835.0,35446966.0,169000000.0
2021-08-11,24.74,24.5,24.74,24.23,1316646.0,17839196.0,169000000.0
2021-08-12,24.34,24.14,24.83,24.07,1304603.0,17568118.0,169000000.0
2021-08-13,24.03,24.54,24.65,23.76,1675630.0,22562419.0,169000000.0
2021-08-16,24.52,24.12,24.66,24.07,1298574.0,17496296.0,169000000.0
2021-08-17,24.16,23.02,24.25,23.01,2205478.0,28697766.0,169000000.0
2021-08-18,22.92,23.51,23.73,22.92,1663942.0,21624477.0,169000000.0
2021-08-19,24.59,25.85,25.85,24.48,10684449.0,150016309.0,169000000.0
2021-08-20,25.24,26.11,26.11,24.63,8928772.0,124844171.0,169000000.0
2021-08-23,24.79,25.1,25.19,24.68,6991715.0,96948003.0,169000000.0
2021-08-24,24.86,24.66,24.88,24.11,4272766.0,57948026.0,169000000.0
2021-08-25,24.63,25.06,25.15,24.25,3623670.0,49757456.0,169000000.0
2021-08-26,24.48,24.12,24.74,23.91,3803039.0,51197907.0,169000000.0
2021-08-27,24.12,23.93,24.23,23.76,2155938.0,28609238.0,169000000.0
2021-08-30,23.98,24.61,24.65,23.93,2838520.0,38284384.0,169000000.0
2021-08-31,24.59,23.84,24.59,23.49,2960315.0,39239553.0,169000000.0
2021-09-01,23.91,24.05,24.12,23.22,2176473.0,28687479.0,169000000.0
2021-09-02,23.93,23.66,24.02,23.49,1499002.0,19689409.0,169000000.0
2021-09-03,23.6,23.78,24.0,23.46,1756395.0,23182793.0,169000000.0
2021-09-06,23.87,24.02,24.07,23.55,1422867.0,18825578.0,169000000.0
2021-09-07,24.03,24.07,24.2,23.85,1437613.0,19181163.0,169000000.0
2021-09-08,24.07,24.66,24.76,23.85,2763993.0,37479852.0,169000000.0
2021-09-09,24.52,24.52,24.81,24.2,1906715.0,25867795.0,169000000.0
2021-09-10,24.48,23.87,24.66,23.84,1818212.0,24286242.0,169000000.0
2021-09-13,23.84,23.98,24.05,23.51,1035633.0,13674390.0,169000000.0
2021-09-14,23.82,23.6,24.16,23.44,1320262.0,17447814.0,169000000.0
2021-09-15,23.64,24.0,24.21,23.62,968310.0,12840679.0,169000000.0
2021-09-16,23.98,23.71,24.3,23.69,1291519.0,17186053.0,169000000.0
2021-09-17,23.73,22.56,23.98,22.29,3456701.0,43374601.0,169000000.0
2021-09-22,22.36,22.25,22.57,21.74,1538146.0,18856239.0,169000000.0
2021-09-23,22.18,22.23,22.32,22.1,1123182.0,13834795.0,169000000.0
2021-09-24,22.3,21.71,22.3,21.71,1413100.0,17127375.0,169000000.0
2021-09-27,21.73,21.13,21.92,20.77,1691971.0,19847683.0,169000000.0
2021-09-28,21.13,21.65,21.85,21.02,894195.0,10658480.0,169000000.0
2021-09-29,21.67,21.42,22.27,21.31,844914.0,10100967.0,169000000.0
2021-09-30,21.42,21.6,21.74,21.37,450394.0,5399603.0,169000000.0
2021-10-08,21.71,21.58,21.71,21.53,656114.0,7861291.0,169000000.0
2021-10-11,21.6,21.51,21.69,21.44,609690.0,7279412.0,169000000.0
2021-10-12,21.55,21.13,21.56,21.06,534256.0,6314174.0,169000000.0
2021-10-13,21.1,21.37,21.42,20.95,473272.0,5551562.0,169000000.0
2021-10-14,21.44,21.4,21.44,21.28,420538.0,4988672.0,169000000.0
2021-10-15,21.4,20.88,21.4,20.77,884413.0,10334637.0,169000000.0
2021-10-18,21.04,21.28,21.37,20.82,598720.0,7015108.0,169000000.0
2021-10-19,21.1,21.26,21.33,21.1,308369.0,3634283.0,169000000.0
2021-10-20,21.28,21.17,21.31,21.13,397766.0,4685049.0,169000000.0
2021-10-21,21.2,21.06,21.2,20.93,358180.0,4175707.0,169000000.0
2021-10-22,20.97,20.84,21.13,20.82,271360.0,3152943.0,169000000.0
2021-10-25,20.86,20.37,21.0,20.07,764572.0,8616161.0,169000000.0
2021-10-26,20.37,20.37,20.55,20.27,384300.0,4339974.0,169000000.0
2021-10-27,20.14,19.62,20.41,19.45,940497.0,10290463.0,169000000.0
2021-10-28,19.62,19.56,20.18,19.33,963559.0,10515286.0,169000000.0
2021-10-29,19.56,19.81,19.94,19.36,660114.0,7202928.0,169000000.0
2021-11-01,20.01,20.28,20.28,19.67,645040.0,7177391.0,169000000.0
2021-11-02,20.28,19.94,20.34,19.76,536350.0,5954450.0,169000000.0
2021-11-03,19.96,20.18,20.3,19.85,484866.0,5402662.0,169000000.0
2021-11-04,20.36,20.54,20.66,20.19,715492.0,8122969.0,169000000.0
2021-11-05,20.7,20.41,20.72,20.34,659443.0,7495063.0,169000000.0
2021-11-08,20.46,20.64,20.68,20.1,522593.0,5930042.0,169000000.0
2021-11-09,20.75,20.66,20.77,20.48,688412.0,7894077.0,169000000.0
2021-11-10,20.77,20.68,20.86,20.48,711366.0,8173060.0,169000000.0
2021-11-11,20.77,20.95,21.04,20.75,589000.0,6831765.0,169000000.0
2021-11-12,21.11,21.26,21.33,20.91,891726.0,10472478.0,169000000.0
2021-11-15,21.38,21.58,21.73,21.15,1060060.0,12658839.0,169000000.0
2021-11-16,21.58,21.49,21.91,21.37,884769.0,10627479.0,169000000.0
2021-11-17,21.46,21.89,22.14,21.46,1115590.0,13525495.0,169000000.0
2021-11-18,21.91,21.42,22.1,21.4,894815.0,10779177.0,169000000.0
2021-11-19,21.47,21.94,22.14,21.31,1455505.0,17582524.0,169000000.0
2021-11-22,21.73,21.94,22.12,21.73,742619.0,9034663.0,169000000.0
2021-11-23,22.07,22.29,22.39,21.83,975270.0,12011539.0,169000000.0
2021-11-24,22.32,22.36,22.5,22.03,789160.0,9760937.0,169000000.0
2021-11-25,22.32,22.48,22.68,22.32,830100.0,10364201.0,169000000.0
2021-11-26,22.21,21.89,22.23,21.46,1771902.0,21421687.0,169000000.0
2021-11-29,21.76,21.8,21.96,21.55,888000.0,10727638.0,169000000.0
2021-11-30,21.8,22.14,22.3,21.8,1014120.0,12431526.0,169000000.0
2021-12-01,22.0,22.66,22.66,22.0,1033830.0,12847749.0,169000000.0
2021-12-02,22.61,22.34,22.77,22.25,713693.0,8887603.0,169000000.0
2021-12-03,22.45,22.36,22.52,22.27,618091.0,7674438.0,169000000.0
2021-12-06,22.45,21.71,22.48,21.71,1385470.0,16843638.0,169000000.0
2021-12-07,21.98,21.35,21.98,21.15,1073375.0,12728012.0,169000000.0
2021-12-08,21.35,21.62,21.64,21.26,692359.0,8254823.0,169000000.0
2021-12-09,21.73,21.64,21.78,21.46,700067.0,8380688.0,169000000.0
2021-12-10,21.6,21.53,21.74,21.38,1162592.0,13894449.0,169000000.0
2021-12-13,21.69,21.73,21.85,21.56,698791.0,8412996.0,169000000.0
2021-12-14,21.69,22.23,22.29,21.56,1342716.0,16380651.0,169000000.0
2021-12-15,22.18,21.8,22.18,21.71,1127500.0,13706171.0,169000000.0
2021-12-16,21.83,22.07,22.1,21.82,644860.0,7870414.0,169000000.0
2021-12-17,22.34,21.96,22.41,21.94,750188.0,9181369.0,169000000.0
2021-12-20,21.87,21.91,22.14,21.76,561934.0,6851323.0,169000000.0
2021-12-21,21.83,22.34,22.41,21.8,1032800.0,12713323.0,169000000.0
2021-12-22,22.68,22.25,22.68,22.16,732965.0,9096811.0,169000000.0
2021-12-23,22.41,21.82,22.41,21.82,978800.0,11965782.0,169000000.0
2021-12-24,21.92,21.74,21.98,21.51,1011192.0,12182765.0,169000000.0
2021-12-27,21.76,21.82,22.0,21.56,863485.0,10440546.0,169000000.0
2021-12-28,22.0,21.74,22.0,21.71,690951.0,8376947.0,169000000.0
2021-12-29,21.78,22.21,22.36,21.67,1492929.0,18291388.0,169000000.0
2021-12-30,22.19,22.16,22.32,22.03,711990.0,8759073.0,169000000.0
2021-12-31,22.3,22.57,22.79,22.19,2215874.0,27758419.0,169000000.0
2022-01-04,22.77,23.11,23.15,22.59,2090416.0,26650234.0,169000000.0
2022-01-05,23.08,22.86,23.17,22.61,1125684.0,14255388.0,169000000.0
2022-01-06,22.99,23.1,23.15,22.72,1325135.0,16879499.0,169000000.0
2022-01-07,23.06,22.7,23.13,22.56,1002143.0,12705949.0,169000000.0
2022-01-10,22.68,22.65,22.77,22.34,1437469.0,18050241.0,169000000.0
2022-01-11,22.68,22.52,23.08,22.48,1300600.0,16401289.0,169000000.0
2022-01-12,22.79,22.9,22.93,22.56,1319694.0,16702096.0,169000000.0
2022-01-13,22.9,22.72,23.15,22.72,830290.0,10535385.0,169000000.0
2022-01-14,22.63,22.81,23.11,22.63,1824523.0,23207638.0,169000000.0
2022-01-17,22.84,23.04,23.11,22.65,1413657.0,18040539.0,169000000.0
2022-01-18,23.08,22.21,23.08,22.01,1900757.0,23583285.0,169000000.0
2022-01-19,22.21,22.52,22.63,22.1,1410801.0,17584980.0,169000000.0
2022-01-20,22.61,21.83,22.61,21.8,1342600.0,16471215.0,169000000.0
2022-01-21,21.83,21.91,22.14,21.78,820210.0,9980868.0,169000000.0
2022-01-24,21.91,21.6,21.91,21.42,1057550.0,12682840.0,169000000.0
2022-01-25,21.56,20.72,21.8,20.7,1121038.0,13107516.0,169000000.0
2022-01-26,20.7,20.7,20.91,20.36,1514566.0,17330338.0,169000000.0
2022-01-27,20.46,19.78,20.64,19.72,961590.0,10673931.0,169000000.0
2022-01-28,19.83,20.19,20.43,19.74,777313.0,8680752.0,169000000.0
2022-02-07,20.5,20.37,20.72,20.16,831078.0,9400362.0,169000000.0
2022-02-08,20.23,20.9,20.9,20.23,911220.0,10437042.0,169000000.0
2022-02-09,20.88,20.99,21.08,20.66,605352.0,7034865.0,169000000.0
2022-02-10,21.0,20.88,21.06,20.66,672972.0,7764056.0,169000000.0
2022-02-11,20.64,20.28,21.04,20.23,781508.0,8848986.0,169000000.0
2022-02-14,20.27,20.55,20.68,20.21,1150800.0,13111005.0,169000000.0
2022-02-15,20.54,20.39,20.7,20.12,755629.0,8544887.0,169000000.0
2022-02-16,20.43,20.77,20.9,20.36,1076220.0,12324087.0,169000000.0
2022-02-17,20.82,20.7,21.06,20.57,1257660.0,14558242.0,169000000.0
2022-02-18,20.72,20.81,20.88,20.55,839082.0,9629295.0,169000000.0
2022-02-21,20.81,21.13,21.13,20.57,1167430.0,13566310.0,169000000.0
2022-02-22,21.0,21.04,21.19,20.73,1366900.0,15899105.0,169000000.0
2022-02-23,21.04,21.17,21.28,20.88,882580.0,10332110.0,169000000.0
2022-02-24,21.13,20.82,21.31,20.37,1555890.0,17979985.0,169000000.0
2022-02-25,20.93,21.0,21.1,20.7,921290.0,10722997.0,169000000.0
2022-02-28,21.0,20.95,21.0,20.59,962020.0,11091054.0,169000000.0
2022-03-01,21.0,21.04,21.1,20.88,880850.0,10271589.0,169000000.0
2022-03-02,21.0,21.15,21.22,20.82,940890.0,10999941.0,169000000.0
2022-03-03,21.1,21.29,21.46,21.1,1051356.0,12429608.0,169000000.0
2022-03-04,21.19,21.13,21.35,21.0,630859.0,7397877.0,169000000.0
2022-03-07,21.28,21.19,21.38,20.95,772948.0,9067132.0,169000000.0
2022-03-08,21.06,20.5,21.2,20.34,916205.0,10481433.0,169000000.0
2022-03-09,21.65,20.43,21.65,19.85,1253950.0,14256279.0,169000000.0
2022-03-10,20.61,20.48,20.88,20.39,1548690.0,17732010.0,169000000.0
2022-03-11,20.37,20.63,20.77,20.0,932652.0,10486351.0,169000000.0
2022-03-14,20.72,20.07,20.72,20.07,859900.0,9654269.0,169000000.0
2022-03-15,20.05,19.26,20.12,19.26,1512255.0,16501925.0,169000000.0
2022-03-16,19.26,19.78,19.98,18.86,1449391.0,15614414.0,169000000.0
2022-03-17,19.85,19.83,20.18,19.56,979600.0,10834715.0,169000000.0
2022-03-18,19.74,20.14,20.14,19.6,954711.0,10570508.0,169000000.0
2022-03-21,20.14,20.3,20.37,20.05,935694.0,10504751.0,169000000.0
2022-03-22,20.61,20.39,20.61,20.05,820833.0,9247560.0,169000000.0
2022-03-23,20.61,20.27,20.64,20.25,455300.0,5158592.0,169000000.0
2022-03-24,20.27,20.07,20.37,20.05,480578.0,5366337.0,169000000.0
2022-03-25,19.96,20.0,20.34,19.96,609466.0,6827551.0,169000000.0
2022-03-28,20.0,20.12,20.25,19.83,613873.0,6805933.0,169000000.0
2022-03-29,20.12,19.98,20.16,19.87,713200.0,7900802.0,169000000.0
2022-03-30,19.94,20.07,20.18,19.94,437378.0,4856864.0,169000000.0
2022-03-31,20.09,20.14,20.36,20.01,777760.0,8695866.0,169001292.0
2022-04-01,19.98,20.25,20.25,19.87,758552.0,8459578.0,169001292.0
2022-04-06,20.25,20.48,20.64,20.1,815161.0,9251507.0,169001292.0
2022-04-07,20.45,20.19,20.79,20.16,798751.0,9077305.0,169001292.0
2022-04-08,20.27,20.1,20.63,20.05,868293.0,9713527.0,169001292.0
2022-04-11,20.0,19.71,20.32,19.63,713600.0,7890066.0,169001292.0
2022-04-12,19.71,20.03,20.05,19.26,812853.0,8893450.0,169001292.0
2022-04-13,20.14,19.63,20.14,19.6,481070.0,5276057.0,169001292.0
2022-04-14,19.62,19.74,19.92,19.56,524152.0,5749057.0,169001292.0
2022-04-15,19.67,19.08,19.69,19.04,721100.0,7716115.0,169001292.0
2022-04-18,19.09,19.33,19.38,18.73,493865.0,5258114.0,169001292.0
2022-04-19,19.36,19.38,19.47,19.18,410833.0,4399257.0,169001292.0
2022-04-20,19.42,19.26,19.54,19.26,531122.0,5711311.0,169001292.0
2022-04-21,19.33,18.57,19.42,18.52,852749.0,8929455.0,169001292.0
2022-04-22,18.7,19.06,19.29,18.32,1004774.0,10477265.0,169001292.0
2022-04-25,18.59,17.15,18.64,17.15,1848426.0,18067551.0,169001292.0
2022-04-26,17.15,16.08,17.15,15.97,1575567.0,14362965.0,169001292.0
2022-04-27,16.05,16.5,16.62,15.52,983215.0,8793480.0,169001292.0
2022-04-28,15.72,16.17,16.26,15.6,1664581.0,14682708.0,169001292.0
2022-04-29,16.17,16.32,16.5,15.97,1550600.0,13972335.0,169001292.0
2022-05-05,16.34,16.34,16.59,16.01,1158896.0,10491044.0,169001292.0
2022-05-06,16.12,16.08,16.26,15.94,625573.0,5590094.0,169001292.0
2022-05-09,16.06,16.41,16.55,16.05,762910.0,6945097.0,169001292.0
2022-05-10,16.17,16.5,16.53,16.06,764534.0,6957535.0,169001292.0
2022-05-11,16.55,16.35,16.66,16.35,1443091.0,13261169.0,169001292.0
2022-05-12,16.35,16.53,16.57,16.23,957800.0,8726468.0,169001292.0
2022-05-13,16.52,16.57,16.64,16.34,745920.0,6842050.0,169001292.0
2022-05-16,16.62,16.46,16.68,16.43,701996.0,6442742.0,169001292.0
2022-05-17,16.23,16.52,16.59,16.23,850316.0,7736624.0,169001292.0
2022-05-18,16.53,16.77,16.93,16.41,1480298.0,13720986.0,169001292.0
2022-05-19,16.59,17.06,17.11,16.5,957825.0,8978137.0,169001292.0
2022-05-20,17.06,17.16,17.38,16.95,728373.0,6933204.0,169001292.0
2022-05-23,17.22,17.36,17.54,17.04,931547.0,8941465.0,169001292.0
2022-05-24,17.45,16.77,17.47,16.61,963040.0,9119676.0,169001292.0
2022-05-25,16.68,17.16,17.31,16.66,943959.0,8935486.0,169001292.0
2022-05-26,17.07,17.18,17.34,16.89,1004877.0,9556667.0,169001292.0
2022-05-27,17.22,17.18,17.45,16.86,751887.0,7167444.0,169001292.0
2022-05-30,17.33,17.16,17.33,16.91,587399.0,5566978.0,169001292.0
2022-05-31,17.2,17.33,17.33,16.95,533233.0,5066085.0,169001292.0
2022-06-01,17.29,17.38,17.63,17.0,689867.0,6661531.0,169001292.0
2022-06-02,17.42,17.69,17.78,17.07,871690.0,8463394.0,169001292.0
2022-06-06,17.71,17.85,18.08,17.65,979869.0,9702545.0,169001292.0
2022-06-07,17.89,17.58,17.9,17.49,608876.0,5963176.0,169001292.0
2022-06-08,17.62,17.54,17.72,17.24,598538.0,5789256.0,169001292.0
2022-06-09,17.47,17.18,17.54,17.09,520996.0,4985140.0,169001292.0
2022-06-10,17.13,17.38,17.49,17.06,489000.0,4715068.0,169001292.0
2022-06-13,17.06,17.47,17.58,17.06,385800.0,3720333.0,169001292.0
2022-06-14,17.4,17.47,17.47,16.75,950271.0,9012120.0,169001292.0
2022-06-15,17.4,17.4,17.63,17.38,801439.0,7772590.0,169001292.0
2022-06-16,17.38,17.49,17.62,17.34,415348.0,4029931.0,169001292.0
2022-06-17,17.53,17.54,17.56,17.16,465290.0,4495884.0,169001292.0
2022-06-20,17.58,17.89,18.03,17.47,792700.0,7790619.0,169001292.0
2022-06-21,18.03,17.99,18.14,17.67,868400.0,8635152.0,169001292.0
2022-06-22,18.01,17.76,18.07,17.69,528577.0,5250971.0,169001292.0
2022-06-23,17.8,18.14,18.3,17.78,955470.0,9609213.0,169001292.0
2022-06-24,18.3,18.59,18.64,18.14,890277.0,9140178.0,169001292.0
2022-06-27,18.77,18.5,18.77,18.23,843623.0,8639866.0,169001292.0
2022-06-28,18.68,18.77,18.82,18.39,769902.0,7976896.0,169001292.0
2022-06-29,19.02,18.32,19.02,18.32,699902.0,7206189.0,169001292.0
2022-06-30,18.52,18.5,18.73,18.34,616664.0,6351837.0,169001596.0
2022-07-01,18.64,18.32,18.99,18.17,627696.0,6438280.0,169001596.0
2022-07-04,18.73,18.37,18.73,18.03,836981.0,8482415.0,169001596.0
2022-07-05,18.46,18.19,18.46,17.92,871341.0,8779099.0,169001596.0
2022-07-06,18.21,18.19,18.34,17.99,576841.0,5797820.0,169001596.0
2022-07-07,18.19,18.23,18.44,18.1,674100.0,6811503.0,169001596.0
2022-07-08,18.32,18.79,18.89,18.26,1321266.0,13396569.0,169001596.0
2022-07-11,19.21,18.54,19.21,18.34,1363029.0,13855603.0,169001596.0
2022-07-12,18.39,18.21,18.54,18.06,728100.0,7284098.0,169001596.0
2022-07-13,18.67,18.56,18.67,18.01,574747.0,5817208.0,169001596.0
2022-07-14,18.56,18.56,18.72,18.43,495982.0,5037881.0,169001596.0
2022-07-15,18.37,17.81,18.37,17.81,950757.0,9377777.0,169001596.0
2022-07-18,17.83,18.43,18.48,17.83,1233002.0,12339576.0,169001596.0
2022-07-19,18.43,18.72,18.74,18.43,805567.0,8226530.0,169001596.0
2022-07-20,18.52,18.72,18.83,18.39,514484.0,5233927.0,169001596.0
2022-07-21,18.72,18.54,18.76,18.52,377360.0,3853134.0,169001596.0
2022-07-22,18.61,18.7,18.78,18.48,529233.0,5413714.0,169001596.0
2022-07-25,18.85,18.59,18.94,18.43,404300.0,4140324.0,169001596.0
2022-07-26,18.47,18.63,18.72,18.3,697465.0,7065602.0,169001596.0
2022-07-27,18.63,18.92,18.96,18.43,703876.0,7262387.0,169001596.0
2022-07-28,18.98,19.05,19.07,18.85,608076.0,6326794.0,169001596.0
2022-07-29,19.07,19.07,19.27,18.92,887565.0,9292359.0,169001596.0
2022-08-01,19.09,19.14,19.23,18.89,694666.0,7263097.0,169001596.0
2022-08-02,19.05,18.14,19.05,18.01,1524929.0,15299243.0,169001596.0
2022-08-03,18.19,18.41,18.83,18.12,1380444.0,14004427.0,169001596.0
2022-08-04,18.41,18.67,18.68,18.28,485542.0,4923808.0,169001596.0
2022-08-05,18.74,18.76,18.87,18.56,497979.0,5112112.0,169001596.0
2022-08-08,18.76,19.16,19.16,18.72,559333.0,5831906.0,169001596.0
2022-08-09,19.16,19.34,19.43,18.99,605838.0,6385695.0,169001596.0
2022-08-10,19.29,19.27,19.4,19.14,723069.0,7637095.0,169001596.0
2022-08-11,19.43,19.83,19.93,19.18,1505885.0,16252100.0,169001596.0
2022-08-12,19.83,19.36,19.89,19.32,648100.0,6943633.0,169001596.0
2022-08-15,19.23,19.25,19.4,19.07,755893.0,7956927.0,169001596.0
2022-08-16,19.34,19.85,20.03,19.29,1227936.0,13285004.0,169001596.0
2022-08-17,19.83,19.71,19.89,19.56,605169.0,6532987.0,169001596.0
2022-08-18,19.6,19.72,19.87,19.54,456300.0,4936259.0,169001596.0
2022-08-19,19.71,19.56,20.03,19.56,686000.0,7433358.0,169001596.0
2022-08-22,19.43,19.56,19.8,19.34,501795.0,5380372.0,169001596.0
2022-08-23,19.47,19.38,19.56,19.3,493867.0,5248358.0,169001596.0
2022-08-24,19.49,18.98,19.49,18.87,991631.0,10356764.0,169001596.0
2022-08-25,19.4,18.79,19.41,18.56,798895.0,8215121.0,169001596.0
2022-08-26,18.85,18.68,19.09,18.67,759646.0,7867420.0,169001596.0
2022-08-29,18.41,18.92,18.98,18.16,458800.0,4713597.0,169001596.0
2022-08-30,18.98,18.9,19.16,18.7,586734.0,6090203.0,169001596.0
2022-08-31,18.89,18.23,18.9,18.08,1299190.0,13090402.0,169001596.0
2022-09-01,18.25,18.26,18.68,18.21,901400.0,9103119.0,169001596.0
2022-09-02,18.3,18.56,18.67,18.3,709107.0,7175179.0,169001596.0
2022-09-05,18.67,18.89,18.89,18.47,967440.0,9922065.0,169001596.0
2022-09-06,18.96,18.89,18.96,18.63,704600.0,7265088.0,169001596.0
2022-09-07,18.79,18.92,19.05,18.63,502900.0,5202413.0,169001596.0
2022-09-08,18.81,18.89,19.05,18.74,677500.0,7018908.0,169001596.0
2022-09-09,18.9,18.39,18.9,18.3,915150.0,9286932.0,169001596.0
2022-09-13,18.52,18.52,18.74,18.41,674190.0,6850688.0,169001596.0
2022-09-14,18.59,18.37,18.59,18.25,510600.0,5138847.0,169001596.0
2022-09-15,18.94,17.88,18.94,17.72,1171560.0,11567676.0,169001596.0
2022-09-16,18.01,17.63,18.01,17.55,892179.0,8670181.0,169001596.0
2022-09-19,18.3,17.59,18.3,17.28,1146781.0,11002387.0,169001596.0
2022-09-20,17.59,17.68,18.03,17.46,1083659.0,10488205.0,169001596.0
2022-09-21,17.68,17.81,17.88,17.24,2004238.0,19335848.0,169001596.0
2022-09-22,17.7,17.83,17.97,17.66,1957795.0,19109895.0,169001596.0
2022-09-23,17.79,17.3,17.88,17.24,2076909.0,19937647.0,169001596.0
2022-09-26,17.24,17.01,17.33,16.97,1063263.0,9965625.0,169001596.0
2022-09-27,17.06,17.33,17.41,17.01,898517.0,8474870.0,169001596.0
2022-09-28,17.39,17.39,17.5,17.04,1887361.0,17943712.0,169001596.0
2022-09-29,17.39,17.37,17.5,17.22,773082.0,7366188.0,169001596.0
2022-09-30,17.39,17.74,17.75,17.19,2496487.0,24020708.0,169001827.0
2022-10-10,17.55,17.74,17.85,17.37,1452462.0,14022647.0,169001827.0
2022-10-11,17.63,17.77,17.83,17.46,1128500.0,10950809.0,169001827.0
2022-10-12,17.66,17.92,17.92,17.48,1223100.0,11912037.0,169001827.0
2022-10-13,17.88,18.23,18.34,17.7,1622530.0,16027346.0,169001827.0
2022-10-14,18.23,18.21,18.3,18.08,1267618.0,12637297.0,169001827.0
2022-10-17,18.14,18.26,18.32,17.97,879533.0,8750820.0,169001827.0
2022-10-18,18.3,18.26,18.3,18.16,385725.0,3852962.0,169001827.0
2022-10-19,18.28,18.16,18.28,18.05,407200.0,4045818.0,169001827.0
2022-10-20,18.03,18.21,18.32,17.92,971495.0,9677063.0,169001827.0
2022-10-21,18.12,18.32,18.41,17.66,1061277.0,10607485.0,169001827.0
2022-10-24,18.34,18.12,18.48,17.83,1414080.0,14088631.0,169001827.0
2022-10-25,17.74,17.88,18.25,17.72,904600.0,8886668.0,169001827.0
2022-10-26,17.95,17.94,18.17,17.88,1042500.0,10304269.0,169001827.0
2022-10-27,17.99,17.9,18.06,17.86,507400.0,4995637.0,169001827.0
2022-10-28,17.95,17.3,17.99,17.19,1045535.0,9976437.0,169001827.0
2022-10-31,17.43,17.77,17.79,17.17,680266.0,6530927.0,169001827.0
2022-11-01,17.72,18.16,18.16,17.55,1298300.0,12726509.0,169001827.0
2022-11-02,18.05,18.3,18.34,18.05,1252875.0,12501913.0,169001827.0
2022-11-03,18.25,18.28,18.48,18.06,668800.0,6692204.0,169001827.0
2022-11-04,18.41,18.57,18.67,18.1,1739694.0,17525936.0,169001827.0
2022-11-07,18.43,18.65,18.74,18.37,2257420.0,22988477.0,169001827.0
2022-11-08,18.54,18.59,18.7,18.43,1149450.0,11708916.0,169001827.0
2022-11-09,18.65,18.5,18.7,18.39,1498593.0,15241501.0,169001827.0
2022-11-10,18.48,18.54,18.59,18.34,1604200.0,16260705.0,169001827.0
2022-11-11,18.72,18.39,18.76,18.39,1129790.0,11508171.0,169001827.0
2022-11-14,18.39,18.59,18.68,18.37,1252838.0,12748370.0,169001827.0
2022-11-15,18.68,18.7,18.72,18.45,689100.0,7031785.0,169001827.0
2022-11-16,18.61,18.78,18.89,18.61,1033417.0,10639885.0,169001827.0
2022-11-17,18.78,18.85,18.87,18.52,709666.0,7300804.0,169001827.0
2022-11-18,18.83,18.68,19.03,18.63,1149040.0,11847633.0,169001827.0
2022-11-21,18.68,18.72,18.83,18.52,960700.0,9819583.0,169001827.0
2022-11-22,18.67,18.63,18.89,18.5,744100.0,7635005.0,169001827.0
2022-11-23,18.61,18.37,18.72,18.17,596700.0,5997350.0,169001827.0
2022-11-24,18.41,18.61,18.68,18.39,780700.0,7934486.0,169001827.0
2022-11-25,18.67,18.28,18.67,18.28,543976.0,5483751.0,169001827.0
2022-11-28,18.25,18.06,18.41,17.95,683400.0,6784226.0,169001827.0
2022-11-29,18.16,18.5,18.5,17.9,788235.0,7934152.0,169001827.0
2022-11-30,18.52,18.39,18.65,18.3,763453.0,7722776.0,169001827.0
2022-12-01,18.67,18.48,18.7,18.43,465200.0,4724341.0,169001827.0
2022-12-02,18.54,18.65,18.79,18.41,770877.0,7875751.0,169001827.0
2022-12-05,18.65,18.98,19.16,18.65,1180218.0,12270434.0,169001827.0
2022-12-06,19.03,18.87,19.09,18.76,727384.0,7533056.0,169001827.0
2022-12-07,18.94,18.83,18.99,18.63,623442.0,6411699.0,169001827.0
2022-12-08,18.7,18.83,18.87,18.57,676650.0,6945420.0,169001827.0
2022-12-09,18.85,18.61,18.94,18.52,1061642.0,10864125.0,169001827.0
2022-12-12,18.68,18.87,18.96,18.63,1153081.0,11883421.0,169001827.0
2022-12-13,18.76,18.89,18.98,18.74,771915.0,7971635.0,169001827.0
2022-12-14,18.78,18.68,19.01,18.48,1039900.0,10679523.0,169001827.0
2022-12-15,18.68,18.89,18.96,18.39,836477.0,8624844.0,169001827.0
2022-12-16,18.96,18.79,19.12,18.79,944875.0,9810821.0,169001827.0
2022-12-19,18.9,18.16,18.96,18.03,1036400.0,10406982.0,169001827.0
2022-12-20,18.19,18.16,18.3,17.88,614000.0,6098425.0,169001827.0
2022-12-21,18.14,18.26,18.36,18.06,629832.0,6294663.0,169001827.0
2022-12-22,18.36,17.81,18.41,17.72,637100.0,6290525.0,169001827.0
2022-12-23,17.66,17.83,17.94,17.57,683000.0,6642179.0,169001827.0
2022-12-26,17.81,17.75,17.99,17.63,508190.0,4961864.0,169001827.0
2022-12-27,17.86,17.63,17.95,17.5,460600.0,4450760.0,169001827.0
2022-12-28,17.52,17.22,17.63,17.19,791867.0,7538367.0,169001827.0
2022-12-29,17.32,17.01,17.33,17.01,474138.0,4465748.0,169001827.0
2022-12-30,17.12,17.15,17.22,16.93,583400.0,5471280.0,169001904.0
2023-01-03,17.15,17.5,17.57,17.02,845300.0,8045839.0,169001904.0
2023-01-04,17.43,17.66,17.75,17.37,836220.0,8070125.0,169001904.0
2023-01-05,17.66,17.68,17.7,17.43,584204.0,5636288.0,169001904.0
2023-01-06,17.68,17.61,17.85,17.53,432767.0,4194512.0,169001904.0
2023-01-09,17.68,17.61,17.79,17.48,972034.0,9389897.0,169001904.0
2023-01-10,17.61,17.61,17.72,17.44,979914.0,9445851.0,169001904.0
2023-01-11,17.63,17.33,17.7,17.3,766176.0,7349578.0,169001904.0
2023-01-12,17.43,17.24,17.5,17.21,679189.0,6445794.0,169001904.0
2023-01-13,17.3,17.13,17.33,17.06,467789.0,4404437.0,169001904.0
2023-01-16,17.22,17.57,17.57,17.22,725376.0,6931886.0,169001904.0
2023-01-17,17.46,17.63,17.79,17.46,749004.0,7234925.0,169001904.0
2023-01-18,17.63,17.97,18.1,17.59,1330376.0,13077265.0,169001904.0
2023-01-19,17.95,18.25,18.32,17.79,1334025.0,13256987.0,169001904.0
2023-01-20,18.14,18.23,18.34,18.08,795290.0,7950624.0,169001904.0
2023-01-30,18.32,18.37,18.54,18.23,684090.0,6884114.0,169001904.0
2023-01-31,18.32,18.65,18.9,18.25,1718631.0,17537799.0,169001904.0
2023-02-01,18.7,18.99,19.05,18.52,1473357.0,15237264.0,169001904.0
2023-02-02,18.98,19.2,19.3,18.83,1261675.0,13270923.0,169001904.0
2023-02-03,19.18,19.29,19.43,19.1,986977.0,10421549.0,169001904.0
2023-02-06,19.32,19.45,19.62,19.32,1164000.0,12423951.0,169001904.0
2023-02-07,19.51,19.41,19.52,19.18,867376.0,9202108.0,169001904.0
2023-02-08,19.41,19.51,19.71,19.36,919442.0,9832253.0,169001904.0
2023-02-09,19.6,19.43,19.6,19.29,735080.0,7813725.0,169001904.0
2023-02-10,19.41,20.44,20.62,19.34,5899480.0,64464392.0,169001904.0
2023-02-13,20.18,20.13,20.18,19.67,3333089.0,36240571.0,169001904.0
2023-02-14,19.87,19.78,19.89,19.58,1754341.0,18949027.0,169001904.0
2023-02-15,19.72,19.91,20.33,19.6,2814890.0,30809240.0,169001904.0
2023-02-16,20.03,19.49,20.27,19.49,2077300.0,22570406.0,169001904.0
2023-02-17,19.52,19.74,19.76,19.4,1581652.0,16958581.0,169001904.0
2023-02-20,19.71,19.67,19.78,19.25,1154050.0,12386333.0,169001904.0
2023-02-21,19.54,19.74,19.82,19.54,768790.0,8309455.0,169001904.0
2023-02-22,19.74,19.69,19.78,19.51,524800.0,5653917.0,169001904.0
2023-02-23,19.67,19.58,19.78,19.52,706069.0,7590932.0,169001904.0
2023-02-24,19.62,19.54,19.87,19.51,717900.0,7733718.0,169001904.0
2023-02-27,19.58,19.49,19.83,19.36,2374388.0,25594080.0,169001904.0
2023-02-28,19.58,19.91,19.96,19.58,1512359.0,16417189.0,169001904.0
2023-03-01,19.91,20.05,20.16,19.82,1368324.0,14973280.0,169001904.0
2023-03-02,20.05,20.45,20.76,20.02,2480638.0,27763200.0,169001904.0
2023-03-03,20.6,20.78,21.26,20.6,3879586.0,44414394.0,169001904.0
2023-03-06,20.8,21.51,22.19,20.47,5356809.0,63303316.0,169001904.0
2023-03-07,21.42,21.02,21.66,20.89,1615092.0,18761369.0,169001904.0
2023-03-08,20.98,21.2,21.2,20.66,1381049.0,15842174.0,169001904.0
2023-03-09,21.09,21.38,21.38,20.76,1272809.0,14719745.0,169001904.0
2023-03-10,21.2,21.15,21.59,20.95,829944.0,9612071.0,169001904.0
2023-03-13,21.26,21.53,21.6,20.95,1534989.0,17964910.0,169001904.0
2023-03-14,21.53,21.4,21.82,21.26,1718825.0,20254521.0,169001904.0
2023-03-15,21.37,21.64,21.77,21.37,1159435.0,13715589.0,169001904.0
2023-03-16,21.62,21.33,21.77,21.15,1304090.0,15344135.0,169001904.0
2023-03-17,21.33,20.69,21.6,20.31,2517200.0,28585474.0,169001904.0
2023-03-20,20.69,20.31,20.73,19.4,2539168.0,27831890.0,169001904.0
2023-03-21,20.45,20.69,20.93,20.18,1739704.0,19668430.0,169001904.0
2023-03-22,20.95,20.6,21.09,20.44,822117.0,9326010.0,169001904.0
2023-03-23,20.6,20.67,21.13,20.6,1371240.0,15638001.0,169001904.0
2023-03-24,20.89,20.84,21.04,20.66,1121817.0,12805212.0,169001904.0
2023-03-27,20.87,20.97,21.49,20.78,1928950.0,22363532.0,169001904.0
2023-03-28,21.24,20.22,21.24,20.22,1881234.0,21299384.0,169001904.0
2023-03-29,20.36,19.69,20.55,19.63,1495053.0,16328509.0,169001904.0
2023-03-30,19.67,19.58,20.16,19.47,1425129.0,15437044.0,169001904.0
2023-03-31,20.03,19.91,20.29,19.6,1216545.0,13294212.0,169001904.0
2023-04-03,20.34,20.91,21.07,20.25,3005457.0,34124816.0,169001904.0
2023-04-04,20.91,20.95,21.28,20.53,2036566.0,23267255.0,169001904.0
2023-04-06,20.89,20.8,21.02,20.4,2594588.0,29571223.0,169001904.0
2023-04-07,20.89,21.28,21.44,20.62,2198503.0,25468769.0,169001904.0
2023-04-10,21.28,20.34,21.42,20.31,1736145.0,19632938.0,169001904.0
2023-04-11,20.44,19.93,20.49,19.76,1402145.0,15427730.0,169001904.0
2023-04-12,20.07,21.26,21.62,19.83,3529374.0,40083558.0,169001904.0
2023-04-13,21.31,20.76,21.31,20.4,2842265.0,32280529.0,169001904.0
2023-04-14,20.8,20.38,21.17,20.29,1118800.0,12649403.0,169001904.0
2023-04-17,20.36,20.4,20.8,20.07,1268800.0,14254026.0,169001904.0
2023-04-18,20.34,20.25,20.47,19.94,1470410.0,16258452.0,169001904.0
2023-04-19,19.83,20.36,20.89,19.83,2102969.0,23590800.0,169001904.0
2023-04-20,20.44,20.53,20.78,20.16,1481900.0,16577044.0,169001904.0
2023-04-21,20.44,19.78,20.62,19.58,1309500.0,14423580.0,169001904.0
2023-04-24,19.78,19.87,20.07,19.41,2420237.0,26104054.0,169001904.0
2023-04-25,19.71,19.76,20.49,19.41,2669790.0,29189739.0,169001904.0
2023-04-26,19.69,19.38,19.71,18.79,2397700.0,25150063.0,169001904.0
2023-04-27,19.12,19.49,19.52,18.61,3220838.0,33708214.0,169001904.0
2023-04-28,19.3,20.13,20.42,19.3,6016301.0,65174817.0,169001904.0
2023-05-04,20.31,20.13,20.84,19.54,3289524.0,36384767.0,169001904.0
2023-05-05,20.05,20.0,20.07,19.82,1498136.0,16365874.0,169001904.0
2023-05-10,21.88,22.01,22.01,20.16,12078494.0,142997059.0,169001904.0
2023-05-11,22.06,22.11,22.7,21.57,11174593.0,135861831.0,169001904.0
2023-05-12,21.82,20.87,22.3,20.69,5937436.0,69658392.0,169001904.0
2023-05-15,20.86,20.47,20.86,19.91,4646057.0,51896978.0,169001904.0
2023-05-16,20.47,19.29,20.62,19.16,3573400.0,38659654.0,169001904.0
2023-05-17,19.05,21.22,21.22,18.9,3088216.0,34240243.0,169001904.0
2023-05-18,22.15,23.34,23.34,21.64,14547633.0,180462663.0,169001904.0
2023-05-19,23.36,22.81,23.72,22.75,10878576.0,137814466.0,169001904.0
2023-05-22,23.08,23.06,23.28,22.5,7324359.0,92004936.0,169001904.0
2023-05-23,23.06,24.72,25.36,22.99,12236915.0,162161131.0,169001904.0
2023-05-24,23.63,24.82,26.26,23.54,14090693.0,193578849.0,169001904.0
2023-05-25,24.12,24.27,24.72,23.36,8342949.0,110029508.0,169001904.0
2023-05-26,23.96,24.3,24.56,23.59,5264806.0,69479246.0,169001904.0
2023-05-29,24.32,23.94,24.45,23.76,3429359.0,44987575.0,169001904.0
2023-05-30,23.87,24.1,24.69,23.74,3526100.0,46519867.0,169001904.0
2023-05-31,24.07,24.23,24.67,23.9,2588597.0,34301890.0,169001904.0
2023-06-01,24.6,24.27,24.6,23.9,2600565.0,34633461.0,169001904.0
2023-06-02,24.47,25.09,25.09,24.23,4393650.0,59753477.0,169001904.0
2023-06-05,25.11,25.07,25.51,24.83,3121857.0,42947578.0,169001904.0
2023-06-06,24.91,25.36,25.71,24.71,2904770.0,40224385.0,169001904.0
2023-06-07,25.53,26.55,26.55,25.09,5197409.0,73732202.0,169001904.0
2023-06-08,26.57,26.38,26.75,25.78,3708314.0,53438671.0,169001904.0
2023-06-09,25.84,29.03,29.03,25.62,5778426.0,88120923.0,169001904.0
2023-06-12,29.74,31.17,31.93,27.9,10729858.0,176738048.0,169001904.0
2023-06-13,30.2,29.96,30.53,29.19,7468109.0,122058553.0,169001904.0
2023-06-14,29.81,30.07,31.38,29.27,6394853.0,106865962.0,169001904.0
2023-06-15,29.74,29.07,30.09,28.77,5860250.0,93925243.0,169001904.0
2023-06-16,28.83,28.19,29.19,27.94,4882325.0,76088350.0,169001904.0
2023-06-19,28.34,28.88,28.98,27.37,4088173.0,63795289.0,169001904.0
2023-06-20,28.88,28.61,29.21,28.36,2513523.0,39666875.0,169001904.0
2023-06-21,28.92,27.7,29.05,27.57,2151488.0,33091705.0,169001904.0
2023-06-26,27.81,27.73,28.25,27.37,2241654.0,34109505.0,169001904.0
2023-06-27,27.84,28.17,28.9,27.55,2964119.0,45995296.0,169001904.0
2023-06-28,28.28,28.87,29.07,27.35,3913828.0,60940249.0,169001904.0
2023-06-29,28.61,28.26,29.78,27.97,4470667.0,70127617.0,169001904.0
2023-06-30,28.26,27.55,28.54,27.46,2912200.0,44589729.0,169005457.0
2023-07-03,28.12,27.99,28.28,27.42,2480480.0,38055397.0,169005457.0
2023-07-04,27.83,27.66,27.86,26.88,2341955.0,35174163.0,169005457.0
2023-07-05,27.55,27.13,27.64,27.11,1429030.0,21375824.0,169005457.0
2023-07-06,27.21,27.08,27.55,26.97,1583867.0,23651080.0,169005457.0
2023-07-07,27.06,26.95,27.24,26.46,1518690.0,22325185.0,169005457.0
2023-07-10,26.95,26.57,27.17,26.17,1390848.0,20219460.0,169005457.0
2023-07-11,26.8,26.84,26.91,26.29,729500.0,10696992.0,169005457.0
2023-07-12,27.1,26.59,27.1,26.24,1622500.0,23565342.0,169005457.0
2023-07-13,26.46,27.32,27.46,26.46,1268900.0,18912164.0,169005457.0
2023-07-14,27.59,27.32,27.59,26.99,818500.0,12215494.0,169005457.0
2023-07-17,27.44,27.17,27.44,26.68,777354.0,11476898.0,169005457.0
2023-07-18,27.37,27.3,27.86,27.02,1068600.0,16115736.0,169005457.0
2023-07-19,27.44,27.04,27.99,27.0,1322759.0,19937494.0,169005457.0
2023-07-20,27.22,26.82,27.22,26.68,913669.0,13445278.0,169005457.0
2023-07-21,26.79,26.66,26.84,26.4,1005790.0,14656899.0,169005457.0
2023-07-24,26.68,26.66,26.93,26.35,1019290.0,14878358.0,169005457.0
2023-07-25,26.55,27.11,27.33,26.55,1052190.0,15558408.0,169005457.0
2023-07-26,27.33,25.98,27.33,25.98,1196000.0,17221033.0,169005457.0
2023-07-27,25.98,25.93,26.31,25.55,1169808.0,16602939.0,169005457.0
2023-07-28,25.8,25.87,26.6,25.73,1060700.0,15146099.0,169005457.0
2023-07-31,26.02,26.11,26.75,26.0,1057645.0,15262070.0,169005457.0
2023-08-01,26.44,28.72,28.72,26.11,5329978.0,82048292.0,169005457.0
2023-08-02,28.79,28.61,29.1,28.28,4531780.0,71309082.0,169005457.0
2023-08-03,28.54,27.77,28.54,27.42,2788500.0,42517754.0,169005457.0
2023-08-04,28.01,28.25,28.65,27.64,2895600.0,44750522.0,169005457.0
2023-08-07,28.28,27.94,28.37,27.64,1767890.0,27004382.0,169005457.0
2023-08-08,27.99,28.08,28.54,27.77,1656578.0,25579489.0,169005457.0
2023-08-09,28.26,27.77,28.43,27.57,1043878.0,15876624.0,169005457.0
2023-08-10,27.77,27.86,28.14,27.61,830357.0,12689924.0,169005457.0
2023-08-11,27.86,27.7,28.1,27.57,980757.0,14984571.0,169005457.0
2023-08-14,27.7,29.56,30.23,27.59,5375644.0,85903389.0,169005457.0
2023-08-15,29.01,28.14,29.19,28.03,3277389.0,51312098.0,169005457.0
2023-08-16,27.95,27.19,28.34,27.13,1931700.0,29294144.0,169005457.0
2023-08-17,27.04,28.5,28.57,26.75,2100390.0,32122673.0,169005457.0
2023-08-18,28.39,27.97,28.76,27.95,1199373.0,18618247.0,169005457.0
2023-08-21,27.92,27.73,28.5,27.66,914978.0,14015795.0,169005457.0
2023-08-22,27.92,27.81,27.92,27.15,959789.0,14470354.0,169005457.0
2023-08-23,27.81,27.1,27.84,26.82,1043400.0,15515076.0,169005457.0
2023-08-24,26.4,26.99,27.72,26.4,588500.0,8694348.0,169005457.0
2023-08-25,26.77,26.06,26.93,25.82,883587.0,12724482.0,169005457.0
2023-08-28,27.32,25.4,27.37,25.4,1349049.0,19192777.0,169005457.0
2023-08-29,25.33,26.35,26.64,25.33,2094859.0,30085154.0,169005457.0
2023-08-30,26.27,26.75,27.66,26.27,1363829.0,20074543.0,169005457.0
2023-08-31,26.49,26.77,27.39,26.49,953190.0,14076692.0,169005457.0
2023-09-01,26.86,27.11,27.35,26.73,789500.0,11683115.0,169005457.0
2023-09-04,26.97,28.21,28.57,26.97,1650697.0,25215748.0,169005457.0
2023-09-05,28.12,28.41,29.16,28.08,1880344.0,29420276.0,169005457.0
2023-09-06,28.76,28.15,28.9,27.97,948200.0,14650333.0,169005457.0
2023-09-07,28.25,27.92,28.46,27.77,809890.0,12443839.0,169005457.0
2023-09-08,27.57,27.94,28.1,27.57,669677.0,10250929.0,169005457.0
2023-09-11,27.94,28.36,28.56,27.77,1490247.0,23134401.0,169005457.0
2023-09-12,28.63,28.06,28.63,28.01,668030.0,10294233.0,169005457.0
2023-09-13,28.06,27.79,28.26,27.63,788049.0,12044859.0,169005457.0
2023-09-14,28.01,27.55,28.01,27.46,513276.0,7774715.0,169005457.0
2023-09-15,27.64,27.77,27.94,27.46,617046.0,9371361.0,169005457.0
2023-09-18,27.68,27.99,28.37,27.46,832278.0,12721953.0,169005457.0
2023-09-19,28.12,27.57,28.19,27.48,592200.0,8995027.0,169005457.0
2023-09-20,27.52,27.41,27.83,27.22,420180.0,6345854.0,169005457.0
2023-09-21,27.39,27.41,27.68,27.21,455200.0,6837111.0,169005457.0
2023-09-22,27.22,27.92,28.15,27.22,944111.0,14368041.0,169005457.0
2023-09-25,28.04,26.91,28.04,26.82,806898.0,12075518.0,169005457.0
2023-09-26,26.9,26.4,27.04,26.24,1710097.0,24963806.0,169005457.0
2023-09-27,26.51,26.17,26.9,26.09,1374190.0,19903797.0,169005457.0
2023-09-28,26.26,26.75,27.1,26.26,1386600.0,20256523.0,169005534.0
2023-10-09,26.9,27.17,27.59,26.84,1792860.0,26620355.0,169005534.0
2023-10-10,27.28,27.53,27.83,26.82,2849622.0,42754322.0,169005534.0
2023-10-11,27.53,27.52,27.63,27.11,1461200.0,21911725.0,169005534.0
2023-10-12,27.63,27.7,27.92,27.26,1627300.0,24573383.0,169005534.0
2023-10-13,27.55,27.19,27.61,27.11,964070.0,14409151.0,169005534.0
2023-10-16,27.3,27.39,27.63,27.02,889800.0,13335471.0,169005534.0
2023-10-17,27.39,27.3,27.48,26.95,832000.0,12378411.0,169005534.0
2023-10-18,27.35,26.8,27.44,26.79,703324.0,10375911.0,169005534.0
2023-10-19,26.8,26.84,27.33,26.66,503800.0,7441481.0,169005534.0
2023-10-20,26.84,26.59,27.15,26.38,665080.0,9737446.0,169005534.0
2023-10-23,26.11,25.67,26.57,25.51,971890.0,13812280.0,169005534.0
2023-10-24,25.76,26.64,26.66,25.67,760080.0,10940653.0,169005534.0
2023-10-25,26.75,26.82,27.0,26.53,452900.0,6648371.0,169005534.0
2023-10-26,26.77,26.9,27.1,26.55,689400.0,10136651.0,169005534.0
2023-10-27,26.4,26.93,27.02,26.2,997369.0,14632525.0,169005534.0
2023-10-30,26.88,26.71,27.15,26.48,837007.0,12251153.0,169005534.0
2023-10-31,26.84,27.11,27.35,26.73,1136990.0,16812443.0,169005534.0
2023-11-01,27.22,27.21,27.46,26.13,1206700.0,17938976.0,169005534.0
2023-11-02,27.13,26.84,27.44,26.8,885325.0,13106408.0,169005534.0
2023-11-03,26.82,27.26,27.79,26.75,1171000.0,17592337.0,169005534.0
2023-11-06,27.55,27.53,27.55,26.99,1126605.0,16861693.0,169005534.0
2023-11-07,27.53,27.57,27.63,27.19,758990.0,11413543.0,169005534.0
2023-11-08,27.59,27.63,27.88,27.35,945290.0,14308112.0,169005534.0
2023-11-09,27.63,27.42,27.75,27.22,805200.0,12119797.0,169005534.0
2023-11-10,27.44,27.61,27.73,27.17,732000.0,11066194.0,169005534.0
2023-11-13,27.61,27.81,27.86,27.41,969572.0,14743161.0,169005534.0
2023-11-14,27.81,27.95,28.06,27.7,1128876.0,17258429.0,169005534.0
2023-11-15,28.08,27.75,28.12,27.68,854415.0,13022849.0,169005534.0
2023-11-16,27.75,27.48,27.84,27.48,629100.0,9534263.0,169005534.0
2023-11-17,27.59,27.64,27.73,27.28,692026.0,10455660.0,169005534.0
2023-11-20,27.55,27.79,28.06,27.53,1208400.0,18363780.0,169005534.0
2023-11-21,27.63,27.39,27.75,27.39,890008.0,13422839.0,169005534.0
2023-11-22,27.39,27.04,27.61,27.02,656200.0,9794468.0,169005534.0
2023-11-23,27.1,27.66,28.01,27.1,1362759.0,20635536.0,169005534.0
2023-11-24,27.68,27.22,27.68,27.13,940507.0,14055022.0,169005534.0
2023-11-27,27.24,27.3,27.5,26.93,825330.0,12323222.0,169005534.0
2023-11-28,27.64,28.06,28.08,27.21,1374541.0,20938767.0,169005534.0
2023-11-29,28.08,28.5,29.01,28.08,1593027.0,24880817.0,169005534.0
2023-11-30,28.43,27.57,28.48,27.33,1124730.0,17065371.0,169005534.0
2023-12-01,27.57,27.59,27.79,27.02,1009250.0,15179470.0,169005534.0
2023-12-04,27.59,27.97,28.12,27.39,1163465.0,17778511.0,169005534.0
2023-12-05,27.92,27.44,27.99,27.39,572965.0,8637432.0,169005534.0
2023-12-06,27.44,27.83,27.92,27.41,762100.0,11572360.0,169005534.0
2023-12-07,27.83,27.53,27.83,27.39,716777.0,10806672.0,169005534.0
2023-12-08,27.41,27.08,27.77,27.04,930000.0,13917144.0,169005534.0
2023-12-11,27.24,27.5,27.55,26.97,890094.0,13318372.0,169005534.0
2023-12-12,27.64,27.39,27.7,27.13,745414.0,11151460.0,169005534.0
2023-12-13,27.46,27.26,27.61,27.06,542803.0,8146252.0,169005534.0
2023-12-14,27.26,27.42,27.68,27.21,502524.0,7553880.0,169005534.0
2023-12-15,27.48,27.24,27.5,27.11,594885.0,8882025.0,169005534.0
2023-12-18,27.41,27.21,27.41,26.77,787755.0,11715370.0,169005534.0
2023-12-19,27.17,27.41,27.61,27.02,821080.0,12298741.0,169005534.0
2023-12-20,27.41,27.37,28.08,27.3,1073416.0,16321868.0,169005534.0
2023-12-21,27.24,27.99,28.01,27.0,1593783.0,24046588.0,169005534.0
2023-12-22,28.08,27.24,28.14,27.13,1215088.0,18311070.0,169005534.0
2023-12-25,27.04,26.84,27.35,26.59,1224598.0,18029435.0,169005534.0
2023-12-26,27.04,26.0,27.04,25.91,844590.0,12173923.0,169005534.0
2023-12-27,26.0,27.15,27.15,25.95,877650.0,12835101.0,169005534.0
2023-12-28,27.15,26.84,27.24,26.69,822969.0,12150209.0,169005534.0
2023-12-29,27.46,27.9,27.99,26.86,1603200.0,24353888.0,169005534.0
2024-01-02,28.1,28.41,28.54,27.94,1482759.0,23024241.0,135205153.0
2024-01-03,28.37,28.34,28.56,27.84,1119645.0,17293752.0,135205153.0
2024-01-04,28.1,28.36,28.46,28.06,1156254.0,17904679.0,135205153.0
2024-01-05,28.36,28.1,28.87,27.88,1295300.0,20146026.0,135205153.0
2024-01-08,28.01,27.73,28.08,27.73,909100.0,13887235.0,135205153.0
2024-01-09,27.77,28.03,28.26,27.77,612950.0,9414999.0,135205153.0
2024-01-10,28.43,27.63,28.43,27.59,914768.0,13935557.0,135205153.0
2024-01-11,27.61,28.19,28.19,27.52,726067.0,11157424.0,135205153.0
2024-01-12,28.21,28.21,28.7,27.94,1033289.0,16063615.0,135205153.0
2024-01-15,28.19,28.14,28.21,27.75,895459.0,13729685.0,135205153.0
2024-01-16,28.46,27.99,28.52,27.61,893159.0,13654081.0,135205153.0
2024-01-17,28.23,27.46,28.36,27.44,999900.0,15307113.0,135205153.0
2024-01-18,27.32,26.68,27.37,26.06,1956790.0,28608231.0,135205153.0
2024-01-19,26.93,26.44,27.08,26.35,1111000.0,16207206.0,135205153.0
2024-01-22,26.53,24.94,26.69,24.67,1810500.0,25536659.0,135205153.0
2024-01-23,25.69,24.3,25.69,23.72,1995098.0,26511758.0,135205153.0
2024-01-24,24.18,24.91,25.09,24.01,1372104.0,18399035.0,135205153.0
2024-01-25,24.85,26.09,26.15,24.71,1184672.0,16538220.0,135205153.0
2024-01-26,26.22,26.09,26.62,25.84,1129200.0,16271350.0,135205153.0
2024-01-29,26.46,24.96,26.46,24.74,1099897.0,15150417.0,135205153.0
2024-01-30,25.78,24.49,25.78,24.38,955224.0,12902664.0,135205153.0
2024-01-31,25.55,24.45,26.09,24.38,2816546.0,38746582.0,135205153.0
2024-02-01,24.1,24.82,25.42,24.1,2365460.0,32270349.0,135205153.0
2024-02-02,25.0,24.41,25.23,23.76,2021604.0,27048374.0,135205153.0
2024-02-05,25.53,21.97,25.87,21.97,1679578.0,21200792.0,135205153.0
2024-02-06,21.15,21.15,22.48,19.78,1719910.0,19174301.0,135205153.0
2024-02-07,21.06,19.1,21.2,19.03,2085818.0,22530942.0,135205153.0
2024-02-08,18.94,20.78,21.02,18.94,1832409.0,20005668.0,135205153.0
2024-02-19,20.91,22.04,22.26,20.91,1604262.0,19267056.0,135205153.0
2024-02-20,22.02,21.95,22.02,21.37,717321.0,8557051.0,135205153.0
2024-02-21,21.64,21.91,22.35,21.49,847934.0,10249057.0,135205153.0
2024-02-22,22.11,22.04,22.35,21.49,734141.0,8841667.0,135205153.0
2024-02-23,22.22,22.66,22.81,22.04,1523590.0,18720597.0,135205153.0
2024-02-26,23.12,23.43,23.7,22.72,1400612.0,17767884.0,135205153.0
2024-02-27,23.05,23.63,23.7,23.01,1034800.0,13352826.0,135205153.0
2024-02-28,23.57,21.57,24.18,21.57,1682300.0,21005372.0,135205153.0
2024-02-29,21.37,23.06,23.14,21.37,1262600.0,15648028.0,135205153.0
2024-03-01,23.17,23.03,23.34,22.68,779190.0,9816765.0,135205153.0
2024-03-04,22.94,23.01,23.15,22.53,556459.0,6971093.0,135205153.0
2024-03-05,22.92,22.46,22.92,22.3,625408.0,7741873.0,135205153.0
2024-03-06,22.52,22.46,22.7,22.22,501578.0,6159396.0,135205153.0
2024-03-07,22.37,22.26,22.88,22.1,938852.0,11609030.0,135205153.0
2024-03-08,22.35,22.33,22.72,22.08,420567.0,5137306.0,135205153.0
2024-03-11,22.41,23.3,23.32,22.13,799415.0,10014146.0,135205153.0
2024-03-12,23.74,23.34,23.98,22.81,776390.0,9858689.0,135205153.0
2024-03-13,23.47,23.65,23.92,23.3,793365.0,10257351.0,135205153.0
2024-03-14,23.65,23.98,24.01,23.5,814117.0,10621142.0,135205153.0
2024-03-15,24.07,24.38,24.51,23.7,865207.0,11414156.0,135205153.0
2024-03-18,24.47,25.51,25.78,24.38,1959712.0,27130656.0,135205153.0
2024-03-19,25.38,25.67,25.91,24.91,1310991.0,18467494.0,135205153.0
2024-03-20,25.75,26.42,26.8,25.69,2482640.0,35972655.0,135205153.0
2024-03-21,27.26,26.88,27.26,26.6,1594951.0,23510111.0,135205153.0
2024-03-22,27.21,26.64,27.32,26.2,1417770.0,20673705.0,135205153.0
2024-03-25,26.33,26.33,26.9,26.27,1083046.0,15711862.0,135205153.0
2024-03-26,25.95,25.91,26.49,25.58,1111890.0,15807989.0,135205153.0
2024-03-27,25.69,25.58,26.18,25.58,659507.0,9353479.0,135205153.0
2024-03-28,25.44,25.98,26.33,25.44,1029180.0,14691456.0,135205153.0
2024-03-29,25.95,26.33,27.21,25.95,1145242.0,16580140.0,135205153.0
2024-04-01,26.17,26.95,27.0,26.09,1310500.0,19260562.0,135205153.0
2024-04-02,26.8,26.91,27.22,26.68,1045872.0,15478768.0,135205153.0
2024-04-03,26.97,26.9,27.24,26.57,761200.0,11202238.0,135205153.0
2024-04-08,27.1,26.55,27.1,26.4,812778.0,11935424.0,135205153.0
2024-04-09,26.27,26.62,26.79,26.27,663790.0,9656887.0,135205153.0
2024-04-10,26.33,26.0,26.77,25.84,562256.0,8064342.0,135205153.0
2024-04-11,25.98,26.11,26.64,25.73,556700.0,7998951.0,135205153.0
2024-04-12,25.98,25.87,26.4,25.78,871546.0,12465847.0,135205153.0
2024-04-15,25.75,24.51,25.98,23.9,1769765.0,23969107.0,135205153.0
2024-04-16,24.03,22.06,24.09,22.06,2037978.0,24907187.0,135205153.0
2024-04-17,23.37,23.37,23.54,22.11,2128831.0,26856009.0,135205153.0
2024-04-18,23.41,23.85,24.19,22.88,1268195.0,16419851.0,135205153.0
2024-04-19,23.7,23.26,24.09,23.05,751700.0,9632901.0,135205153.0
2024-04-22,23.63,22.74,23.63,22.33,939800.0,11818674.0,135205153.0
2024-04-23,22.75,23.15,23.63,22.75,964000.0,12270336.0,135205153.0
2024-04-24,23.06,24.4,24.43,23.06,1201400.0,15774684.0,135205153.0
2024-04-25,24.18,23.85,24.63,23.63,981910.0,12954963.0,135205153.0
2024-04-26,23.85,23.74,24.27,23.37,998420.0,12979486.0,135205153.0
2024-04-29,23.7,22.66,23.7,21.68,2875390.0,35384910.0,135205153.0
2024-04-30,22.52,22.46,22.53,22.02,2262494.0,27585328.0,135205153.0
2024-05-06,22.68,23.03,23.06,22.44,2129964.0,26513624.0,135205153.0
2024-05-07,22.79,23.3,23.87,22.75,1806850.0,22895100.0,135205153.0
2024-05-08,23.36,23.23,23.61,22.86,1145219.0,14589250.0,135205153.0
2024-05-09,23.23,23.34,23.59,22.92,913590.0,11671516.0,135205153.0
2024-05-10,23.32,22.64,23.34,22.64,1005590.0,12598168.0,135205153.0
2024-05-13,22.64,21.9,22.68,21.75,1284369.0,15607100.0,135205153.0
2024-05-14,22.11,22.24,22.92,21.93,822390.0,10029439.0,135205153.0
2024-05-15,22.26,22.01,22.48,21.91,749673.0,9093471.0,135205153.0
2024-05-16,22.53,22.21,22.53,22.11,692300.0,8473291.0,135205153.0
2024-05-17,22.5,22.3,22.53,22.06,640200.0,7797520.0,135205153.0
2024-05-20,22.61,22.42,22.86,22.26,1053955.0,12983907.0,135205153.0
2024-05-21,22.48,21.86,22.48,21.73,1307475.0,15752715.0,135205153.0
2024-05-22,22.06,21.99,22.17,21.86,787390.0,9500910.0,135205538.0
2024-05-23,22.02,21.48,22.02,21.38,1069500.0,12651863.0,135205538.0
2024-05-24,21.82,21.59,21.9,21.46,787100.0,9357245.0,135205538.0
2024-05-27,22.06,21.49,22.06,21.02,940629.0,10982531.0,135205538.0
2024-05-28,21.49,21.42,21.75,21.2,728800.0,8589645.0,135205538.0
2024-05-29,21.42,21.53,21.85,21.42,441017.0,5152483.0,135205538.0
2024-05-30,21.72,21.33,21.74,21.31,576900.0,6703797.0,135205538.0
2024-05-31,22.12,21.5,22.31,21.44,1232430.0,14478946.0,135205538.0
2024-06-03,21.27,20.85,21.59,20.68,1239390.0,14093498.0,135205538.0
2024-06-04,20.9,20.26,20.9,20.04,1018935.0,11179381.0,135205538.0
2024-06-05,20.5,19.5,20.5,19.48,1219500.0,13046841.0,135205538.0
2024-06-06,19.72,18.56,19.74,18.41,1738100.0,17726946.0,135205538.0
2024-06-07,18.56,19.41,19.5,18.56,1384692.0,14358923.0,135205538.0
2024-06-11,19.44,19.63,19.85,18.94,910700.0,9558089.0,135205538.0
2024-06-12,19.48,19.72,20.05,19.48,801173.0,8557089.0,135205538.0
2024-06-13,20.55,21.7,21.7,20.11,2100435.0,24163969.0,135205538.0
2024-06-14,23.62,23.86,23.86,23.62,2787279.0,35899153.0,135205538.0
2024-06-17,25.99,26.25,26.25,23.66,14548752.0,199728530.0,135205538.0
2024-06-18,26.25,24.12,27.45,23.92,13285821.0,180088082.0,135205538.0
2024-06-19,23.66,22.97,24.03,22.83,8985426.0,112623372.0,135205538.0
2024-06-20,22.97,23.68,23.99,22.33,8872093.0,111240585.0,135205538.0
2024-06-21,23.05,22.55,23.05,22.33,5048212.0,61716572.0,135205538.0
2024-06-24,22.05,20.65,22.27,20.29,5074914.0,58204593.0,135205538.0
2024-06-25,20.65,20.87,21.13,20.13,3227495.0,35965322.0,135205538.0
2024-06-26,20.65,20.98,21.03,19.96,3254569.0,36148148.0,135205538.0
2024-06-27,20.81,21.31,21.35,20.63,3484008.0,39510532.0,135205538.0
2024-06-28,21.4,21.22,21.96,20.9,3824700.0,44435605.0,135207023.0
2024-07-01,21.33,21.72,21.83,20.94,3102900.0,35913116.0,135207023.0
2024-07-02,21.74,21.62,22.35,21.4,3412085.0,40177728.0,135207023.0
2024-07-03,21.55,20.42,21.62,20.33,3387730.0,37983152.0,135207023.0
2024-07-04,20.4,19.78,20.5,19.72,2350149.0,25511182.0,135207023.0
2024-07-05,19.78,19.87,20.0,19.19,1608469.0,17074931.0,135207023.0
2024-07-08,19.7,19.55,19.83,19.22,1470044.0,15527579.0,135207023.0
2024-07-09,19.68,20.29,20.46,19.31,1721000.0,18629089.0,135207023.0
2024-07-10,20.37,20.15,20.37,20.0,1084800.0,11838204.0,135207023.0
2024-07-11,20.48,20.66,20.74,20.15,1748600.0,19443988.0,135207023.0
2024-07-12,20.5,20.68,20.89,20.5,1104600.0,12368752.0,135207023.0
2024-07-15,20.48,20.39,20.66,20.35,885190.0,9790414.0,135207023.0
2024-07-16,20.33,20.42,20.79,20.18,940200.0,10430716.0,135207023.0
2024-07-17,20.4,19.91,20.52,19.81,1157600.0,12553308.0,135207023.0
2024-07-18,19.92,19.68,19.92,19.04,1258500.0,13205965.0,135207023.0
2024-07-19,19.48,19.83,19.94,19.33,666300.0,7130441.0,135207023.0
2024-07-22,19.92,19.61,19.94,19.43,796676.0,8448444.0,135207023.0
2024-07-23,19.68,19.2,19.7,19.2,938576.0,9880876.0,135207023.0
2024-07-24,19.22,19.02,19.5,19.0,852900.0,8823529.0,135207023.0
2024-07-25,18.82,19.28,19.41,18.72,699300.0,7226479.0,135207023.0
2024-07-26,19.39,19.78,19.87,19.37,1074400.0,11459232.0,135207023.0
2024-07-29,19.74,19.91,20.05,19.57,549400.0,5903464.0,135207023.0
2024-07-30,19.81,19.81,20.05,19.68,525900.0,5662360.0,135207023.0
2024-07-31,19.68,20.13,20.28,19.68,1332409.0,14491665.0,135207023.0
2024-08-01,20.2,20.33,20.55,19.96,1123409.0,12330318.0,135207023.0
2024-08-02,20.15,20.0,20.42,19.87,862800.0,9414771.0,135207023.0
2024-08-05,19.92,19.5,20.15,19.5,840200.0,9012490.0,135207023.0
2024-08-06,19.5,19.74,20.11,19.48,703791.0,7476201.0,135207023.0
2024-08-07,19.63,20.68,21.46,19.63,2421714.0,26963802.0,135207023.0
2024-08-08,20.42,20.4,20.7,19.87,1682000.0,18405362.0,135207023.0
2024-08-09,20.4,20.2,20.68,20.15,1168300.0,12906860.0,135207023.0
2024-08-12,19.96,20.05,20.28,19.61,936800.0,10088015.0,135207023.0
2024-08-13,20.2,21.27,21.46,19.87,2288923.0,25699472.0,135207023.0
2024-08-14,21.66,20.68,21.66,20.52,1797284.0,20216092.0,135207023.0
2024-08-15,20.7,20.35,20.7,20.18,1714003.0,18890656.0,135207023.0
2024-08-16,20.35,20.55,20.61,20.2,1021700.0,11318563.0,135207023.0
2024-08-19,20.37,20.09,20.57,19.98,1369500.0,14952836.0,135207023.0
2024-08-20,20.05,19.85,20.28,19.78,652700.0,7042677.0,135207023.0
2024-08-21,19.74,19.98,20.2,19.59,718700.0,7762200.0,135207023.0
2024-08-22,20.02,19.89,20.26,19.78,717700.0,7773461.0,135207023.0
2024-08-23,19.78,19.67,19.78,19.28,707309.0,7478869.0,135207023.0
2024-08-26,19.54,19.89,19.92,19.54,442600.0,4745899.0,135207023.0
2024-08-27,19.98,19.52,20.0,19.44,692200.0,7360124.0,135207023.0
2024-08-28,19.52,19.92,20.02,19.46,786934.0,8435294.0,135207023.0
2024-08-29,19.83,19.96,20.04,19.78,608900.0,6564407.0,135207023.0
2024-08-30,19.87,20.09,20.37,19.83,1090800.0,11900742.0,135207023.0
2024-09-02,20.05,20.15,20.48,19.89,1032800.0,11350353.0,135207023.0
2024-09-03,20.15,20.39,20.48,20.02,974300.0,10707947.0,135207023.0
2024-09-04,20.37,20.09,20.4,20.04,589021.0,6429260.0,135207023.0
2024-09-05,20.11,20.16,20.29,20.04,456614.0,4972860.0,135207023.0
2024-09-06,20.18,19.79,20.28,19.76,798209.0,8602632.0,135207023.0
2024-09-09,19.65,19.79,20.02,19.54,596100.0,6370828.0,135207023.0
2024-09-10,19.79,19.85,19.96,19.5,701300.0,7478683.0,135207023.0
2024-09-11,19.85,19.55,20.0,19.43,545700.0,5806937.0,135207023.0
2024-09-12,19.55,19.54,19.89,19.5,478064.0,5091633.0,135207023.0
2024-09-13,19.59,19.15,19.68,19.11,555309.0,5817595.0,135207570.0
2024-09-18,19.15,19.19,19.35,18.87,455300.0,4695175.0,135207570.0
2024-09-19,19.3,19.7,19.74,19.17,584200.0,6187411.0,135207570.0
2024-09-20,19.7,19.46,19.78,19.22,571269.0,6029534.0,135207570.0
2024-09-23,19.31,19.54,19.74,19.22,548200.0,5807708.0,135207570.0
2024-09-24,19.61,19.91,19.94,19.46,947569.0,10133145.0,135207570.0
2024-09-25,19.91,19.92,20.33,19.83,1152700.0,12525229.0,135207570.0
2024-09-26,19.91,20.54,20.54,19.8,1374300.0,15071385.0,135207570.0
2024-09-27,20.73,21.06,21.13,20.36,1300024.0,14597542.0,135207570.0
2024-09-30,22.21,22.58,22.87,21.1,3780165.0,45158249.0,135207570.0
2024-10-08,24.65,23.37,24.78,22.13,4473497.0,56772708.0,135207570.0
2024-10-09,23.32,21.93,23.32,21.86,2829431.0,34167421.0,135207570.0
2024-10-10,21.93,22.06,22.58,21.39,1857261.0,22176129.0,135207570.0
2024-10-11,21.99,21.1,22.28,21.08,1588400.0,18448466.0,135207570.0
2024-10-14,21.19,21.75,21.86,21.19,1347400.0,15697131.0,135207570.0
2024-10-15,21.75,21.23,21.91,21.19,1079941.0,12601288.0,135207570.0
2024-10-16,21.15,21.26,21.54,20.86,894950.0,10299208.0,135207570.0
2024-10-17,21.38,21.38,21.99,21.3,1082337.0,12633808.0,135207570.0
2024-10-18,21.36,21.69,21.97,21.21,1558799.0,18190776.0,135207570.0
2024-10-21,21.84,21.76,21.95,21.49,1612300.0,18925832.0,135207570.0
2024-10-22,21.84,22.17,22.28,21.69,1649021.0,19624459.0,135207570.0
2024-10-23,22.43,22.21,22.43,21.93,1404206.0,16795330.0,135207570.0
2024-10-24,22.04,22.13,22.19,21.97,848176.0,10129119.0,135207570.0
2024-10-25,22.21,22.45,22.52,22.21,1127100.0,13668714.0,135207570.0
2024-10-28,22.45,22.93,22.95,22.45,1445178.0,17748770.0,135207570.0
2024-10-29,22.87,22.58,23.32,22.45,1910300.0,23584803.0,135207570.0
2024-10-30,22.91,22.54,23.13,22.12,1856298.0,22663234.0,135207570.0
2024-10-31,22.13,22.47,22.67,21.86,1938709.0,23414478.0,135207570.0
2024-11-01,22.34,21.73,22.58,21.65,1684500.0,19980774.0,135207570.0
2024-11-04,21.71,22.37,22.47,21.6,1259288.0,15082827.0,135207570.0
2024-11-05,22.41,22.52,22.56,22.28,1391828.0,16870496.0,135207570.0
2024-11-06,22.78,22.67,22.8,22.25,1722721.0,21097402.0,135207570.0
2024-11-07,22.71,22.97,22.99,22.54,1451963.0,17948437.0,135207570.0
2024-11-08,22.97,23.32,23.78,22.97,2186052.0,27459527.0,135207570.0
2024-11-11,23.47,23.76,23.87,23.15,1875318.0,23831510.0,135207570.0
2024-11-12,23.76,24.06,24.41,23.54,2614970.0,33917891.0,135207570.0
2024-11-13,24.06,25.22,26.17,23.32,4593042.0,61407839.0,135207570.0
2024-11-14,25.13,25.54,25.87,24.24,5403586.0,73084967.0,135207570.0
2024-11-15,25.1,23.73,25.96,23.54,8080985.0,109368165.0,135207570.0
2024-11-18,24.02,22.69,24.19,22.47,3291643.0,40693528.0,135207570.0
2024-11-19,22.93,23.21,23.23,22.49,1782911.0,22019040.0,135207570.0
2024-11-20,23.19,23.8,23.8,22.76,2282190.0,28861799.0,135207570.0
2024-11-21,23.6,23.65,23.84,23.32,1607400.0,20542132.0,135207570.0
2024-11-22,23.67,22.86,23.98,22.8,1862822.0,23567129.0,135207570.0
2024-11-25,22.95,23.54,23.67,22.95,1324469.0,16693115.0,135207570.0
2024-11-26,23.43,23.28,23.87,22.95,1201400.0,15122387.0,135207570.0
2024-11-27,23.26,23.34,23.39,22.58,1136200.0,14126214.0,135207570.0
2024-11-28,23.28,23.56,23.67,23.26,1058892.0,13457790.0,135207570.0
2024-11-29,23.56,23.87,23.97,23.43,1250666.0,16038542.0,135207570.0
2024-12-02,23.95,24.45,24.63,23.89,1563300.0,20595558.0,135207570.0
2024-12-03,24.71,24.39,24.87,24.24,1339090.0,17703746.0,135207570.0
2024-12-04,24.35,24.0,24.47,23.82,1055780.0,13784670.0,135207570.0
2024-12-05,24.1,24.26,24.54,23.93,869932.0,11425460.0,135207570.0
2024-12-06,24.17,24.17,24.72,24.13,1366990.0,17976435.0,135207570.0
2024-12-09,24.17,24.35,24.5,24.06,901300.0,11818516.0,135207570.0
2024-12-10,24.8,24.78,24.98,24.35,1684561.0,22451962.0,135207570.0
2024-12-11,24.54,25.3,25.32,24.54,2245611.0,30389215.0,135207570.0
2024-12-12,25.3,25.35,25.76,25.17,2592957.0,35720336.0,135207570.0
2024-12-13,25.35,24.95,25.69,24.89,1301122.0,17656260.0,135207570.0
2024-12-16,25.0,25.19,25.45,24.85,1171200.0,15933630.0,135207570.0
2024-12-17,25.17,23.93,25.37,23.67,2312069.0,30279625.0,135207570.0
2024-12-18,23.82,24.28,24.8,23.23,1645230.0,21470767.0,135207570.0
2024-12-19,23.86,24.78,24.89,23.74,2160736.0,28469094.0,135207570.0
2024-12-20,24.61,25.04,25.08,24.43,1994039.0,26821309.0,135207570.0
2024-12-23,24.84,24.61,25.17,23.93,2868090.0,37698548.0,135207570.0
2024-12-24,24.47,23.24,24.85,22.39,7064382.0,91101513.0,135207570.0
2024-12-25,22.67,21.95,22.67,21.49,2896490.0,34483415.0,135207570.0
2024-12-26,21.93,22.49,22.86,21.65,1722480.0,20985944.0,135207570.0
2024-12-27,22.49,22.58,22.91,22.23,978680.0,11979887.0,135207570.0
2024-12-30,22.25,21.97,22.5,21.76,1175200.0,14041720.0,135207570.0
2024-12-31,22.12,21.76,22.21,21.76,1148782.0,13655153.0,135207570.0
2025-01-02,21.56,21.32,21.99,21.1,1483604.0,17255112.0,135207570.0
2025-01-03,21.21,20.34,21.6,20.32,1971400.0,22103037.0,135207570.0
2025-01-06,20.38,20.21,20.41,18.88,1372609.0,14849494.0,135207570.0
2025-01-07,20.12,20.89,20.91,20.1,1272213.0,14148406.0,135207570.0
2025-01-08,20.89,20.95,21.15,20.19,1184100.0,13282583.0,135207570.0
2025-01-09,20.78,21.28,21.71,20.78,1487190.0,17120338.0,135207570.0
2025-01-10,21.1,20.47,21.56,20.39,1461100.0,16430053.0,135207570.0
2025-01-13,20.1,20.36,20.73,19.65,950213.0,10358019.0,135207570.0
2025-01-14,20.01,21.25,21.28,20.01,1658477.0,18763366.0,135207570.0
2025-01-15,21.28,21.1,21.65,21.01,798400.0,9158503.0,135207570.0
2025-01-16,21.12,21.28,21.52,21.04,927700.0,10675379.0,135207570.0
2025-01-17,21.28,21.3,21.45,20.91,779190.0,8959111.0,135207570.0
2025-01-20,21.26,21.76,21.97,21.13,1714880.0,20045266.0,135207570.0
2025-01-21,21.69,21.43,22.19,21.23,1570400.0,18275527.0,135207570.0
2025-01-22,21.41,21.75,21.93,21.1,1375717.0,16013422.0,135207570.0
2025-01-23,21.99,22.02,22.32,21.5,1619230.0,19298647.0,135207570.0
2025-01-24,21.63,22.43,22.5,21.63,1258600.0,15090788.0,135207570.0
2025-01-27,22.5,22.67,23.24,22.21,1756848.0,21634436.0,135207570.0
2025-02-05,23.04,22.26,23.04,22.12,1154738.0,13914084.0,135207570.0
2025-02-06,22.39,22.89,23.1,22.08,1853820.0,22748823.0,135207570.0
2025-02-07,23.13,23.11,23.41,22.76,1615507.0,20197431.0,135207570.0
2025-02-10,23.06,23.15,23.3,22.95,1032823.0,12864593.0,135207570.0
2025-02-11,23.28,22.91,23.28,22.84,906038.0,11228619.0,135207570.0
2025-02-12,23.04,22.93,23.04,22.73,1124600.0,13905089.0,135207570.0
2025-02-13,23.13,22.56,23.21,22.45,903510.0,11074809.0,135207570.0
2025-02-14,22.78,22.52,22.82,22.3,791305.0,9650861.0,135207570.0
2025-02-17,22.65,22.8,22.89,22.43,1205674.0,14828737.0,135207570.0
2025-02-18,22.8,22.23,23.13,22.13,1670718.0,20385049.0,135207570.0
2025-02-19,22.23,22.8,22.87,22.21,1205878.0,14775190.0,135207570.0
2025-02-20,22.8,22.93,23.06,22.62,1136600.0,14035159.0,135207570.0
2025-02-21,22.91,23.02,23.13,22.67,1574360.0,19488240.0,135207570.0
2025-02-24,23.19,23.26,23.32,22.74,1415000.0,17684612.0,135207570.0
2025-02-25,23.28,23.15,23.34,22.87,900499.0,11271640.0,135207570.0
2025-02-26,23.11,23.39,23.39,23.04,1038390.0,13039915.0,135207570.0
2025-02-27,23.23,23.32,23.63,22.95,1312856.0,16425884.0,135207570.0
2025-02-28,23.67,22.8,23.93,22.71,2325866.0,29197171.0,135207570.0
2025-03-03,23.49,23.24,23.6,22.63,1819126.0,22898238.0,135207570.0
2025-03-04,22.99,23.65,23.74,22.99,1732990.0,22036832.0,135207570.0
2025-03-05,23.67,23.54,23.67,23.06,1238188.0,15582503.0,135207570.0
2025-03-06,23.47,23.54,23.71,23.13,1300924.0,16494547.0,135207570.0
2025-03-07,23.54,23.36,23.6,23.26,772900.0,9782368.0,135207570.0
2025-03-10,23.32,23.36,23.6,23.15,992084.0,12513793.0,135207570.0
2025-03-11,23.17,23.36,23.45,22.95,752700.0,9452368.0,135207570.0
2025-03-12,23.28,23.5,23.69,23.28,1046049.0,13287468.0,135207570.0
2025-03-13,23.47,23.45,23.6,22.89,1460300.0,18310739.0,135207570.0
2025-03-14,23.45,23.69,23.69,23.13,1308365.0,16626835.0,135207570.0
2025-03-17,23.84,23.63,23.84,23.47,1155067.0,14720532.0,135207570.0
2025-03-18,23.74,23.91,24.43,23.63,2243842.0,29046068.0,135207570.0
2025-03-19,23.93,23.78,24.6,23.69,2138104.0,27732417.0,135207570.0
2025-03-20,23.73,23.8,24.0,23.54,1655585.0,21268509.0,135207570.0
2025-03-21,23.8,25.22,25.28,23.19,6760740.0,89256091.0,135207570.0
2025-03-24,25.41,23.32,25.45,22.71,10275114.0,134065917.0,135207570.0
2025-03-25,23.84,22.17,24.98,22.04,7473490.0,93902353.0,135207570.0
2025-03-26,21.71,24.39,24.39,21.26,5438877.0,70335904.0,135207570.0
2025-03-27,23.91,23.32,25.69,23.17,10126222.0,131571180.0,135207570.0
2025-03-28,23.61,22.56,23.61,22.36,4369596.0,53771877.0,135207570.0
2025-03-31,22.21,21.56,22.43,21.32,3785121.0,44520714.0,135207570.0
2025-04-01,21.69,22.08,22.39,21.56,2852299.0,33996498.0,135207570.0
2025-04-02,22.02,22.67,23.08,21.97,2910800.0,35622140.0,135207570.0
2025-04-03,22.39,22.41,22.74,21.84,2210000.0,26609854.0,135207570.0
2025-04-07,21.65,20.17,21.65,20.17,2288300.0,25354090.0,135207570.0
2025-04-08,19.99,20.56,20.63,19.28,2538540.0,27355503.0,135207570.0
2025-04-09,19.99,20.75,21.1,19.25,2374700.0,26026453.0,135207570.0
2025-04-10,21.01,21.26,21.56,21.01,1785919.0,20541267.0,135207570.0
2025-04-11,21.1,21.21,21.84,21.1,1645629.0,18998037.0,135207570.0
2025-04-14,21.15,21.34,21.76,21.15,1319468.0,15313179.0,135207570.0
2025-04-15,21.54,21.34,21.56,21.13,932800.0,10743968.0,135207570.0
2025-04-16,21.49,21.1,21.49,20.6,1342200.0,15243544.0,135207570.0
2025-04-17,21.08,21.5,21.75,20.82,1503500.0,17417597.0,135207570.0
2025-04-18,21.5,21.34,21.56,21.02,1253600.0,14408099.0,135207570.0
2025-04-21,21.25,21.54,21.65,21.17,1197729.0,13927338.0,135207570.0
2025-04-22,21.63,21.73,21.91,21.39,1284070.0,15004228.0,135207570.0
2025-04-23,21.63,22.12,22.28,21.63,1187400.0,14148824.0,135207570.0
2025-04-24,22.19,22.37,22.54,21.95,1389000.0,16735426.0,135207570.0
2025-04-25,22.43,22.56,22.84,22.1,1705700.0,20841298.0,135207570.0
2025-04-28,22.45,21.99,22.56,21.84,1862498.0,22225752.0,135207570.0
2025-04-29,21.73,22.49,22.97,21.73,2471800.0,30076298.0,135207570.0
2025-04-30,22.5,22.49,22.76,22.32,1567637.0,19048194.0,135207570.0
2025-05-06,22.5,23.0,23.02,22.5,1814328.0,22409453.0,135207570.0
2025-05-07,23.04,23.15,23.45,22.89,1532690.0,19252223.0,135207570.0
2025-05-08,23.15,23.63,23.67,23.1,1737850.0,22035165.0,135207570.0
2025-05-09,23.65,23.41,23.82,23.32,1290200.0,16363140.0,135207570.0
2025-05-12,23.61,23.37,23.78,23.19,1249355.0,15779118.0,135207570.0
2025-05-13,23.39,23.24,23.73,23.13,1194739.0,15079235.0,135207570.0
2025-05-14,23.26,23.17,23.61,22.97,1202270.0,15092099.0,135207570.0
2025-05-15,23.17,23.47,23.52,22.93,1202921.0,15142698.0,135207570.0
2025-05-16,23.45,23.49,23.78,23.24,1266800.0,16134421.0,135207570.0
2025-05-19,23.61,23.84,23.84,23.37,1213700.0,15499655.0,135207570.0
2025-05-20,24.06,24.15,24.58,23.78,2422560.0,31588718.0,135207570.0
2025-05-21,24.15,24.19,24.5,23.91,1663600.0,21753184.0,135207570.0
2025-05-22,24.95,24.17,24.98,23.5,2371445.0,30765137.0,135207570.0
2025-05-23,23.39,23.37,24.04,23.36,1741234.0,22199915.0,135207570.0
2025-05-26,23.17,23.73,23.98,23.17,1319620.0,16907115.0,135207570.0
2025-05-27,23.73,24.06,24.43,23.49,1786075.0,23162967.0,135207570.0
2025-05-28,24.24,24.1,24.24,23.84,902600.0,11754403.0,135207570.0
2025-05-29,24.11,24.39,24.6,24.06,1363100.0,17959334.0,135207570.0
2025-05-30,24.45,24.13,24.45,23.82,1210200.0,15741613.0,135207570.0
2025-06-03,24.11,23.97,24.15,23.78,966700.0,12503897.0,135207570.0
2025-06-04,24.06,24.04,24.15,23.94,702400.0,9115191.0,135207570.0
2025-06-05,24.13,24.13,24.17,23.81,776344.0,10077572.0,135207570.0
2025-06-06,24.13,24.72,24.96,24.06,2851373.0,37741538.0,135207570.0
2025-06-09,24.59,24.68,24.96,24.26,1700595.0,22497541.0,135207570.0
2025-06-10,24.72,24.33,24.72,23.94,1255050.0,16513564.0,135207570.0
2025-06-11,24.3,24.3,24.48,24.15,1011000.0,13276145.0,135207570.0
2025-06-12,24.11,24.18,24.41,23.85,1575125.0,20527657.0,135207570.0
2025-06-13,24.24,23.57,24.3,23.44,1614400.0,20699936.0,135207570.0
2025-06-16,23.67,23.8,23.91,23.3,1485115.0,18996913.0,135207570.0
2025-06-17,23.91,23.78,24.44,23.54,1615300.0,20815351.0,135207570.0
2025-06-18,23.7,23.78,23.98,23.52,1011900.0,12978155.0,135207570.0
2025-06-19,23.83,26.15,26.15,23.44,6356355.0,88083167.0,135207570.0
2025-06-20,28.76,26.39,28.76,25.17,18488367.0,271310725.0,135207570.0
2025-06-23,24.26,25.48,25.83,24.07,13389784.0,178775850.0,135207570.0
2025-06-24,24.72,25.07,25.28,24.7,9400801.0,126948579.0,135207570.0
2025-06-25,25.22,26.61,27.57,25.09,13608469.0,194642449.0,135207570.0
2025-06-26,25.72,25.89,26.37,25.67,9474103.0,132365928.0,135207570.0
2025-06-27,25.61,26.02,26.2,25.18,7896387.0,109068178.0,135207570.0
2025-06-30,26.07,26.0,26.07,25.57,5468255.0,76338314.0,169009125.0
2025-07-01,25.96,25.46,25.96,25.18,5547620.0,76500987.0,169009125.0
2025-07-02,25.56,25.33,25.87,25.2,4047400.0,55647574.0,169009125.0
2025-07-03,25.18,25.5,25.68,25.07,3507955.0,48073253.0,169009125.0
2025-07-04,25.43,24.89,25.44,24.63,4010451.0,53985009.0,169009125.0
2025-07-07,24.81,25.07,25.15,24.67,2302600.0,31109614.0,169009125.0
2025-07-08,25.15,25.46,25.48,24.91,2457300.0,33622385.0,169009125.0
2025-07-09,25.76,25.41,25.85,25.37,3140200.0,43425372.0,169009125.0
2025-07-10,25.33,25.26,25.59,25.02,2204690.0,30091970.0,169009125.0
2025-07-11,25.26,25.02,25.44,24.85,1964085.0,26560609.0,169009125.0
2025-07-14,24.94,25.46,25.5,24.94,2151500.0,29409728.0,169009125.0
2025-07-15,25.56,25.02,25.56,24.59,2592500.0,34994366.0,169009125.0
2025-07-16,25.06,26.33,26.48,25.06,6887270.0,96389565.0,169009125.0
2025-07-17,26.35,26.94,27.31,25.93,5963700.0,85838250.0,169009125.0
2025-07-18,26.94,26.7,27.13,26.59,2635058.0,38194428.0,169009125.0
2025-07-21,26.91,28.04,28.04,26.54,5377504.0,79376684.0,169009125.0
2025-07-22,27.91,27.57,28.39,27.41,4369323.0,65450048.0,169009125.0
2025-07-23,27.57,27.5,29.55,27.15,5408104.0,81494141.0,169009125.0
2025-07-24,27.63,27.18,27.83,27.06,2717288.0,40256171.0,169009125.0
2025-07-25,27.44,27.26,27.76,26.85,3075699.0,45340154.0,169009125.0
2025-07-28,27.74,29.54,29.83,27.44,10540703.0,163927798.0,169009125.0
2025-07-29,29.26,29.28,29.67,28.7,7373065.0,116399064.0,169009125.0
2025-07-30,29.65,28.57,29.67,28.37,4227432.0,65570544.0,169009125.0
2025-07-31,28.65,29.13,29.41,28.43,3784411.0,59324196.0,169009125.0
2025-08-01,29.0,29.15,29.35,28.7,2993400.0,46977311.0,169009125.0
2025-08-04,28.74,28.17,29.2,27.46,7834539.0,119034686.0,169009125.0
2025-08-05,27.76,28.7,29.02,27.76,4227090.0,64952403.0,169009125.0
2025-08-06,28.67,28.57,29.07,28.22,2745164.0,42523014.0,169009125.0
2025-08-07,28.7,29.35,29.59,28.7,5222459.0,82491974.0,169009125.0
2025-08-08,29.11,29.17,29.26,28.8,3401700.0,53303137.0,169009125.0
2025-08-11,29.07,29.11,29.37,28.74,2911582.0,45581750.0,169009125.0
2025-08-12,28.98,28.8,29.18,28.48,2585320.0,40157414.0,169009125.0
2025-08-13,28.91,28.89,29.31,28.43,3373901.0,52614884.0,169009125.0
2025-08-14,29.05,28.8,29.24,28.52,3301200.0,51435636.0,169009125.0
2025-08-15,29.11,29.24,29.35,28.48,3053972.0,47681199.0,169009125.0
2025-08-18,29.31,29.07,29.8,28.89,3229926.0,51252670.0,169009125.0
2025-08-19,29.22,30.37,31.26,28.68,5708327.0,92761775.0,169009125.0
2025-08-20,30.52,29.7,30.72,29.44,3909754.0,62956635.0,169009125.0
2025-08-21,29.98,30.09,30.52,29.57,2700532.0,43708050.0,169009125.0
2025-08-22,30.18,29.93,30.43,29.61,2463944.0,39812624.0,169009125.0
2025-08-25,29.91,31.15,32.02,29.91,6509083.0,109962608.0,169009125.0
2025-08-26,30.89,34.26,34.26,30.74,7015464.0,124631964.0,169009125.0
2025-08-27,34.48,33.39,35.31,33.28,10735258.0,197908838.0,169009125.0
2025-08-28,34.0,35.44,36.72,34.0,10543460.0,202174500.0,169009125.0
2025-08-29,35.09,35.61,35.72,34.17,7287411.0,137738467.0,169009125.0
2025-09-01,34.44,35.87,36.2,34.44,6772998.0,130142058.0,169009125.0
2025-09-02,35.61,34.67,35.65,34.07,7601491.0,142192430.0,169009125.0
2025-09-03,34.55,33.44,35.0,33.11,4308220.0,79193057.0,169009125.0
2025-09-04,33.18,32.87,33.7,32.43,4290976.0,76576048.0,169009125.0
2025-09-05,33.26,33.54,33.65,32.91,2597447.0,46700787.0,169009125.0
2025-09-08,33.31,34.65,34.81,33.31,3585316.0,66060331.0,169009125.0
2025-09-09,34.44,34.72,34.93,34.33,3290027.0,61562731.0,169009125.0
2025-09-10,34.59,34.83,35.17,34.2,2828039.0,52781917.0,169009125.0
2025-09-11,35.07,34.94,35.07,34.17,2318812.0,43361959.0,169009125.0
2025-09-12,35.09,34.96,35.44,34.46,3315670.0,62325771.0,169009125.0
2025-09-15,35.13,33.61,35.13,33.44,4108759.0,75468855.0,169009125.0
2025-09-16,33.57,33.39,33.78,32.61,3505109.0,63007805.0,169009125.0
2025-09-17,33.55,33.44,33.85,33.13,2219980.0,40057053.0,169009125.0
2025-09-18,33.39,33.15,34.41,32.91,4076044.0,73962399.0,169009125.0
2025-09-19,33.33,32.83,33.67,32.31,2263709.0,40149533.0,169009125.0
2025-09-22,33.3,33.87,34.24,32.67,3467522.0,62860350.0,169009125.0
2025-09-23,33.35,33.31,33.81,32.5,3730448.0,66408799.0,169009125.0
2025-09-24,33.26,33.8,33.85,32.89,2027397.0,36660883.0,169009125.0
2025-09-25,34.09,33.54,34.2,33.24,1701809.0,30971177.0,169009125.0
2025-09-26,33.54,33.41,33.7,32.61,1892751.0,34068582.0,169009125.0
2025-09-29,33.43,33.59,33.59,32.52,2309338.0,41413734.0,169009125.0
2025-09-30,33.31,32.74,33.57,32.67,2601291.0,46186025.0,177386277.0
2025-10-09,32.74,32.83,33.63,32.63,3363671.0,59829769.0,177386277.0
2025-10-10,32.8,32.59,33.0,32.44,2921376.0,51531049.0,177386277.0
2025-10-13,31.91,33.15,33.54,30.8,4662093.0,82051310.0,177386277.0
2025-10-14,32.87,31.67,33.04,31.55,4627122.0,80397351.0,177386277.0
2025-10-15,31.43,31.78,32.11,30.83,5958103.0,100641914.0,187509180.0
2025-10-16,31.78,32.8,33.33,31.54,6227419.0,109725963.0,187509180.0
2025-10-17,32.72,31.74,33.02,31.67,3672512.0,63641169.0,187509180.0
2025-10-20,32.59,34.91,34.91,32.04,4460410.0,82938341.0,187509180.0
2025-10-21,34.5,35.46,35.7,33.35,11100877.0,208714875.0,187509180.0
2025-10-22,35.28,35.18,35.39,34.7,4990526.0,94619296.0,187509180.0
2025-10-23,35.33,35.55,35.67,34.52,4284208.0,81368878.0,187509180.0
2025-10-24,35.55,39.11,39.11,35.28,8667356.0,174553705.0,187509180.0
2025-10-27,40.54,39.93,41.3,38.91,11055618.0,237216143.0,187509180.0
2025-10-28,39.67,41.3,43.02,39.22,11383276.0,249861495.0,187509180.0
2025-10-29,39.65,39.33,40.93,39.07,10947268.0,234035705.0,187509180.0
2025-10-30,39.35,38.57,40.11,38.33,6438152.0,135995052.0,187509180.0
2025-10-31,38.44,38.61,39.5,38.44,4055730.0,85353112.0,187509180.0
2025-11-03,38.91,38.67,39.02,37.44,4191525.0,86414573.0,187509180.0
2025-11-04,38.76,37.54,38.76,37.2,3144534.0,64038022.0,187509180.0
2025-11-05,37.87,37.89,38.61,36.98,2709662.0,55530174.0,187509180.0
2025-11-06,37.67,37.87,38.52,37.37,2177542.0,44258577.0,187509180.0
2025-11-07,37.68,37.87,38.02,37.15,2643400.0,53695974.0,187509180.0
2025-11-10,38.11,38.17,39.07,37.68,3568756.0,73631531.0,187509180.0
2025-11-11,38.15,37.48,38.2,37.07,2805414.0,56928183.0,187509180.0
2025-11-12,37.48,37.2,37.96,36.83,2012574.0,40620583.0,187509180.0
2025-11-13,36.85,38.09,38.33,36.59,2992124.0,60976584.0,187509180.0
2025-11-14,37.94,36.94,37.94,36.91,2918815.0,58679727.0,187509180.0
2025-11-17,36.63,36.37,37.13,35.89,3207485.0,63157316.0,187509180.0
2025-11-18,36.37,35.93,36.44,35.61,2690276.0,52276636.0,187509180.0
2025-11-19,35.26,35.2,36.04,35.18,1900934.0,36353445.0,187509180.0
2025-11-20,35.52,34.65,35.65,34.52,1890407.0,35720404.0,201465747.0
2025-11-21,34.65,33.52,34.91,33.15,3382820.0,61943999.0,201465747.0
2025-11-24,33.8,34.72,35.09,33.8,2570154.0,47706010.0,201465747.0
2025-11-25,34.72,36.11,36.33,34.28,2783204.0,53894819.0,201465747.0
2025-11-26,36.26,37.33,38.2,35.37,4664683.0,94700524.0,201465747.0
2025-11-27,37.05,38.07,38.59,37.0,2972211.0,61095636.0,201465747.0
2025-11-28,38.41,39.24,40.24,37.81,3970079.0,83786892.0,201465747.0
2025-12-01,39.37,39.48,39.52,38.52,2835982.0,59915951.0,201465747.0
2025-12-02,39.48,40.39,40.61,39.41,2974504.0,64261884.0,201465747.0
2025-12-03,40.28,39.57,40.8,39.13,2304007.0,49427092.0,201465747.0
2025-12-04,39.28,38.94,39.57,38.81,1752715.0,36974401.0,201465747.0
2025-12-05,39.39,38.57,39.57,38.33,2959283.0,62144979.0,201465747.0
2025-12-08,39.04,38.3,39.04,38.11,2733806.0,56892659.0,201465747.0
2025-12-09,38.18,37.93,38.87,37.81,2483360.0,51107276.0,201465747.0
2025-12-10,38.33,36.91,38.33,36.67,3412420.0,68514538.0,201465747.0
2025-12-11,37.37,36.3,37.57,36.17,2207933.0,43835363.0,201465747.0
2025-12-12,36.46,36.55,36.94,36.05,1880513.0,37150564.0,201465747.0
2025-12-15,36.67,36.87,37.96,36.5,3311691.0,66497809.0,201465747.0
2025-12-16,37.43,35.15,37.43,34.81,2788647.0,53564380.0,201465747.0
2025-12-17,35.22,36.09,36.41,34.87,2351596.0,45024500.0,201465747.0
2025-12-18,36.54,36.87,37.91,35.59,2342499.0,46685992.0,201465747.0
2025-12-19,36.67,36.44,37.41,36.33,1743592.0,34550859.0,201465747.0
2025-12-22,36.67,35.8,36.7,35.76,2079134.0,40520967.0,201465747.0
2025-12-23,35.8,36.63,37.02,35.63,2329231.0,45746802.0,201465747.0
2025-12-24,36.8,36.3,36.96,36.17,1332489.0,26266999.0,201465747.0
2025-12-25,36.33,35.7,36.87,35.44,2554555.0,49267415.0,201465747.0
2025-12-26,35.98,34.78,35.98,34.28,3821942.0,72162782.0,201465747.0
2025-12-29,34.78,34.8,35.2,34.37,1815851.0,34142701.0,201465747.0
2025-12-30,34.39,34.7,35.04,34.22,1961372.0,36770075.0,201465747.0
2025-12-31,34.68,36.09,36.11,34.37,2410665.0,46063911.0,201465747.0
2026-01-05,36.09,35.78,37.78,35.39,3981176.0,78051307.0,201465747.0
2026-01-06,35.76,35.74,36.81,35.41,4203487.0,81795237.0,201465747.0
2026-01-07,35.87,35.33,36.07,35.07,2742614.0,52462005.0,201465747.0
2026-01-08,35.24,35.39,36.07,35.2,2655307.0,51028559.0,201465747.0
2026-01-09,35.37,35.24,37.02,35.09,4940124.0,95614431.0,201465747.0
2026-01-12,35.28,34.54,35.28,33.74,5199761.0,96336311.0,201465747.0
2026-01-13,34.48,33.89,34.72,33.89,2734987.0,50533886.0,201465747.0
2026-01-14,33.8,33.98,34.22,33.15,3144812.0,57255950.0,201465747.0
2026-01-15,33.94,33.94,34.11,33.67,1994039.0,36530028.0,201465747.0
2026-01-16,34.17,34.02,34.33,33.76,1236525.0,22705733.0,201465747.0
2026-01-19,34.35,34.28,34.7,33.91,2373682.0,43980778.0,201465747.0
2026-01-20,34.46,33.7,34.46,33.39,2115543.0,38491877.0,201465747.0
2026-01-21,33.72,34.11,34.22,33.55,1659175.0,30454628.0,201465747.0
2026-01-22,34.11,36.57,36.61,33.91,6612636.0,127350737.0,201465747.0
2026-01-23,36.5,36.63,37.22,36.11,3524825.0,69702171.0,201465747.0
2026-01-26,36.68,36.24,36.89,35.87,3640690.0,71265679.0,201465747.0
2026-01-27,36.24,37.83,38.5,36.15,5749064.0,116136831.0,201465747.0
2026-01-28,37.39,40.96,41.26,37.39,9298682.0,200836194.0,201465747.0
2026-01-29,41.2,39.13,41.48,39.04,7292346.0,158140191.0,201465747.0
2026-01-30,39.04,39.63,40.46,38.48,4822395.0,103231275.0,201465747.0
2026-02-02,39.7,41.2,42.65,39.7,7141382.0,160067711.0,201465747.0
2026-02-03,41.93,43.46,43.81,41.13,7277871.0,167898133.0,201465747.0
2026-02-04,43.33,42.89,44.65,42.0,5133883.0,118592110.0,201465747.0
2026-02-05,42.57,44.87,45.33,42.22,6742084.0,159895221.0,201465747.0
2026-02-06,44.87,46.59,47.91,43.15,7928422.0,197686998.0,201465747.0
2026-02-09,46.39,45.8,48.59,45.02,7234612.0,181708042.0,201465747.0
2026-02-10,46.44,45.04,46.61,44.93,4506717.0,110757604.0,201465747.0
2026-02-11,44.54,45.8,46.78,44.54,3702132.0,91615652.0,201465747.0
2026-02-12,45.81,44.46,46.24,44.33,4002605.0,96844695.0,201465747.0
2026-02-13,44.46,45.78,46.2,44.09,5541518.0,135019559.0,201465747.0
2026-02-24,46.11,50.35,50.35,46.09,8834723.0,235418101.0,201465747.0
2026-02-25,51.35,51.67,52.37,50.0,9576454.0,265125771.0,201465747.0
2026-02-26,51.67,52.7,53.24,50.37,5202896.0,147157906.0,201465747.0
2026-02-27,52.7,53.3,53.98,51.81,4190484.0,120205738.0,201465747.0
2026-03-02,53.02,53.26,53.52,50.04,7550780.0,211173830.0,201465747.0
2026-03-03,52.92,52.2,55.02,51.85,6235234.0,180004864.0,201465747.0
2026-03-04,51.17,54.26,54.91,51.17,5732562.0,165823413.0,201465747.0
2026-03-05,54.37,55.22,55.67,52.98,7268040.0,213430867.0,201465747.0
2026-03-06,54.07,53.94,55.54,53.48,3978294.0,116800271.0,201465747.0
2026-03-09,53.52,51.55,53.52,50.63,4005013.0,111728429.0,201465747.0
2026-03-10,51.85,52.07,53.07,51.67,2990000.0,84384823.0,201465747.0
2026-03-11,52.46,52.07,53.98,51.63,2821298.0,80091801.0,201465747.0
2026-03-12,51.87,51.7,52.18,51.5,1993400.0,55767374.0,201465747.0
2026-03-13,51.44,50.11,52.22,50.11,3025207.0,83515063.0,201465747.0
2026-03-16,50.7,49.91,50.7,47.98,5141403.0,136161478.0,201465747.0
2026-03-17,49.96,54.91,54.91,49.09,6012633.0,173037964.0,201465747.0
2026-03-18,54.91,55.11,55.3,52.05,7458482.0,219043972.0,201465747.0
2026-03-19,54.92,52.57,54.92,52.15,5127776.0,147200851.0,201465747.0
2026-03-20,52.55,50.13,53.7,50.0,3868694.0,107572967.0,201465747.0
2026-03-23,50.0,47.3,50.0,46.3,3761517.0,98142073.0,201465747.0
2026-03-24,48.7,50.59,50.92,47.81,3456414.0,92373119.0,201465747.0
2026-03-25,50.76,53.33,53.57,50.02,3769490.0,107238746.0,201465747.0
2026-03-26,53.07,51.57,54.76,51.26,2624215.0,74720292.0,201465747.0
2026-03-27,51.33,51.3,51.81,50.07,2062303.0,56844719.0,201465747.0
2026-03-30,50.98,55.02,55.26,50.0,5356043.0,154239993.0,201465747.0
2026-03-31,54.63,55.18,58.13,53.92,5139300.0,156611692.0,201465747.0
2026-04-01,56.48,59.5,60.7,56.22,7396781.0,236706669.0,201465747.0
2026-04-02,60.68,59.7,60.7,57.59,4617312.0,147895313.0,201465747.0
2026-04-03,59.5,57.72,60.74,57.63,3707837.0,116864918.0,201465747.0
2026-04-07,57.39,52.87,57.83,52.5,5946231.0,175457805.0,201465747.0
2026-04-08,54.02,54.05,56.65,53.92,4872816.0,145164330.0,201465747.0
2026-04-09,53.33,52.68,54.17,52.68,2976869.0,85547315.0,201465747.0
2026-04-10,53.94,54.7,56.98,52.15,5493997.0,161358255.0,201465747.0
2026-04-13,54.72,53.85,54.91,53.15,2676227.0,77646382.0,201465747.0
2026-04-14,54.17,54.37,54.92,53.15,3301010.0,96622653.0,201465747.0
2026-04-15,54.63,54.24,55.92,53.87,2578300.0,76060924.0,201465747.0
2026-04-16,54.78,57.37,57.89,53.33,5674142.0,171854598.0,201465747.0
2026-04-17,57.59,58.44,59.09,56.52,5276755.0,165209360.0,201465747.0
2026-04-20,58.72,57.46,59.17,56.72,4346198.0,136167194.0,201465747.0
2026-04-21,56.89,57.26,58.15,56.26,3163181.0,97304520.0,201465747.0
2026-04-22,57.13,59.74,60.09,56.31,4870214.0,153061492.0,201465747.0
2026-04-23,59.5,59.18,60.31,57.15,3689191.0,116565900.0,201465747.0
2026-04-24,59.2,58.74,60.17,57.55,2832100.0,89866535.0,201465747.0
2026-04-27,58.04,62.57,62.76,58.04,5231428.0,172486385.0,201465747.0
2026-04-28,62.05,61.85,63.48,61.3,3703888.0,124343221.0,201465747.0
2026-04-29,60.94,63.41,64.57,60.94,3868189.0,131864145.0,201465747.0
2026-04-30,63.83,60.78,64.74,60.35,4626821.0,155097878.0,201465747.0
2026-05-06,61.17,59.02,61.67,58.26,5084384.0,162756872.0,201465747.0
2026-05-07,59.26,59.81,61.96,57.98,4544827.0,146314970.0,201465747.0
2026-05-08,59.22,60.89,61.22,58.91,2550700.0,83285654.0,201465747.0
2026-05-11,61.31,64.94,65.74,61.11,5553413.0,192673379.0,201465747.0
2026-05-12,65.0,64.74,65.18,62.91,3404497.0,117905272.0,201465747.0
2026-05-13,65.74,63.59,66.48,63.48,4572758.0,159828004.0,201465747.0
2026-05-14,64.04,61.35,64.07,59.78,4059500.0,134737451.0,201465747.0
2026-05-15,60.74,60.05,62.28,59.8,2555010.0,83586549.0,201465747.0
2026-05-18,59.91,59.65,60.04,58.15,2541834.0,81070582.0,201465747.0
2026-05-19,59.65,60.91,62.7,59.07,2445356.0,80578002.0,201465747.0
2026-05-20,61.09,60.7,61.3,59.81,1769056.0,57685633.0,201465747.0
2026-05-21,61.11,58.15,61.74,57.41,2820000.0,91584753.0,201465747.0
2026-05-22,58.15,60.28,60.72,58.11,1951290.0,63039447.0,201465747.0
