date,market_close,mkt_ret
2005-04-11,995.42,-0.00800239174846784
2005-04-12,978.7,-0.016796929939121075
2005-04-13,1000.9,0.022683151118831013
2005-04-14,986.98,-0.013907483265061416
2005-04-15,974.08,-0.013070173661067108
2005-04-18,963.77,-0.010584346254927768
2005-04-19,965.89,0.002199694947964792
2005-04-20,950.87,-0.01555042499663517
2005-04-21,943.98,-0.007245995772292679
2005-04-22,939.1,-0.005169601050869721
2005-04-25,930.07,-0.009615589394100676
2005-04-26,937.08,0.007537067102476147
2005-04-27,926.6,-0.011183676953942068
2005-04-28,942.07,0.016695445715519064
2005-04-29,932.4,-0.01026463001687783
2005-05-09,909.17,-0.024914199914199964
2005-05-10,913.08,0.0043006258455515756
2005-05-11,901.85,-0.012299031848249875
2005-05-12,885.82,-0.017774574485779238
2005-05-13,887.54,0.0019417037321352026
2005-05-16,875.27,-0.013824729026297389
2005-05-17,881.46,0.007072103465216584
2005-05-18,883.2,0.001973997685657869
2005-05-19,884.17,0.001098278985507184
2005-05-20,882.76,-0.001594715948290415
2005-05-23,863.34,-0.02199918437627435
2005-05-24,868.46,0.005930456135473827
2005-05-25,868.45,-1.1514635101184112e-05
2005-05-26,857.33,-0.012804421670792765
2005-05-27,849.51,-0.00912134184036495
2005-05-30,855.61,0.0071806099987050676
2005-05-31,855.95,0.0003973773097556421
2005-06-01,837.53,-0.02151994859512829
2005-06-02,818.38,-0.02286485260229487
2005-06-03,818.03,-0.00042767418558620207
2005-06-06,839.0,0.025634756671515824
2005-06-07,837.28,-0.002050059594755682
2005-06-08,905.77,0.08180059239442006
2005-06-09,912.6,0.007540545613124783
2005-06-10,894.56,-0.019767696690773717
2005-06-13,892.96,-0.0017885888034340214
2005-06-14,883.54,-0.010549184733918748
2005-06-15,866.83,-0.01891255630758082
2005-06-16,879.24,0.014316532653461334
2005-06-17,880.35,0.00126245393749147
2005-06-20,906.26,0.029431476117453226
2005-06-21,896.17,-0.011133670249155903
2005-06-22,900.65,0.0049990515192430696
2005-06-23,893.57,-0.007860989285515929
2005-06-24,898.3,0.0052933737703815265
2005-06-27,916.04,0.01974841367026614
2005-06-28,903.72,-0.013449194358324923
2005-06-29,898.9,-0.00533351037932106
2005-06-30,878.69,-0.022483034820335868
2005-07-01,859.49,-0.021850709579032457
2005-07-04,855.93,-0.0041419911808165955
2005-07-05,849.68,-0.007301998995244974
2005-07-06,842.56,-0.008379625270690139
2005-07-07,844.73,0.002575484238511283
2005-07-08,829.49,-0.01804126762397451
2005-07-11,824.1,-0.0064979686313276774
2005-07-12,851.82,0.033636694575901016
2005-07-13,846.23,-0.0065624192904604195
2005-07-14,849.59,0.003970551741252493
2005-07-15,841.0,-0.010110759307430661
2005-07-18,833.0,-0.009512485136741966
2005-07-19,835.61,0.0031332533013206376
2005-07-20,842.64,0.008413015641268062
2005-07-21,843.99,0.0016021076616348218
2005-07-22,859.69,0.018602116138816793
2005-07-25,856.86,-0.0032918842838698392
2005-07-26,876.48,0.022897556193543833
2005-07-27,894.01,0.02000045637093817
2005-07-28,890.89,-0.0034898938490620646
2005-07-29,888.16,-0.003064351378958108
2005-08-01,891.61,0.0038844352368943014
2005-08-02,903.6,0.013447583584751177
2005-08-03,909.57,0.006606905710491384
2005-08-04,904.15,-0.005958859680948225
2005-08-05,923.8,0.02173311950450696
2005-08-08,927.47,0.003972721368261656
2005-08-09,933.09,0.0060594951858281565
2005-08-10,940.37,0.007802034101747957
2005-08-11,953.99,0.014483660686750888
2005-08-12,938.32,-0.016425748697575404
2005-08-15,954.5,0.01724358427828454
2005-08-16,945.06,-0.009889994761655418
2005-08-17,953.01,0.00841216430702807
2005-08-18,920.67,-0.033934586205811135
2005-08-19,923.04,0.0025742122584639926
2005-08-22,931.67,0.009349540648292631
2005-08-23,923.41,-0.008865800122360934
2005-08-24,930.65,0.007840504218061373
2005-08-25,930.12,-0.0005694944393702661
2005-08-26,928.26,-0.001999741968778279
2005-08-29,917.37,-0.01173162691487295
2005-08-30,914.88,-0.0027142810425455632
2005-08-31,927.92,0.01425323539699197
2005-09-01,944.56,0.017932580394861564
2005-09-02,947.87,0.0035042771237401293
2005-09-05,952.72,0.0051167354173040636
2005-09-06,936.61,-0.016909480225039908
2005-09-07,952.76,0.01724303605556199
2005-09-08,955.28,0.0026449473109702026
2005-09-09,949.07,-0.006500711833179684
2005-09-12,949.51,0.0004636117462357703
2005-09-13,963.77,0.01501827258270061
2005-09-14,970.19,0.006661340361289625
2005-09-15,969.6,-0.0006081283047650876
2005-09-16,967.5,-0.0021658415841584455
2005-09-19,971.14,0.0037622739018088325
2005-09-20,961.92,-0.009493996746092304
2005-09-21,944.41,-0.01820317697937457
2005-09-22,923.27,-0.02238434578202264
2005-09-23,916.15,-0.007711720298504199
2005-09-26,918.49,0.002554166894067622
2005-09-27,904.21,-0.015547256910799168
2005-09-28,903.72,-0.0005419095121708128
2005-09-29,915.98,0.013566148807152567
2005-09-30,917.39,0.0015393349199763762
2005-10-10,907.32,-0.01097679285799924
2005-10-11,919.72,0.013666622580787324
2005-10-12,923.49,0.004099073631105066
2005-10-13,916.5,-0.007569112822012114
2005-10-14,904.83,-0.012733224222585826
2005-10-17,897.62,-0.007968347645414098
2005-10-18,902.37,0.0052917715737170745
2005-10-19,898.74,-0.0040227401176901045
2005-10-20,899.92,0.001312949240047212
2005-10-21,904.41,0.004989332385100909
2005-10-24,906.65,0.002476752800168125
2005-10-25,894.27,-0.013654662769536197
2005-10-26,875.82,-0.020631352947096393
2005-10-27,875.85,3.4253613756307644e-05
2005-10-28,867.73,-0.009270993891648094
2005-10-31,876.28,0.009853295379899318
2005-11-01,872.87,-0.003891450221390369
2005-11-02,882.48,0.011009657795548078
2005-11-03,874.58,-0.008952044238962897
2005-11-04,878.36,0.004322074595805914
2005-11-07,877.28,-0.0012295641878046215
2005-11-08,881.52,0.004833120554440962
2005-11-09,879.25,-0.002575097558762063
2005-11-10,862.97,-0.018515780494739786
2005-11-11,864.79,0.0021089956777176067
2005-11-14,862.15,-0.0030527642549057488
2005-11-15,856.64,-0.006390999246070894
2005-11-16,863.12,0.007564437803511348
2005-11-17,862.66,-0.0005329502270832176
2005-11-18,882.24,0.02269723877309726
2005-11-21,883.87,0.0018475698222706338
2005-11-22,869.62,-0.016122280425854507
2005-11-23,876.23,0.0076010211356685176
2005-11-24,881.49,0.006002990082512483
2005-11-25,884.11,0.0029722401842335877
2005-11-28,880.17,-0.004456459037902594
2005-11-29,871.31,-0.010066237204176431
2005-11-30,873.83,0.0028921968071067283
2005-12-01,873.07,-0.0008697343876955532
2005-12-02,869.94,-0.0035850504541445893
2005-12-05,859.61,-0.011874382141297102
2005-12-06,866.08,0.00752666907085775
2005-12-07,873.84,0.008959911324588843
2005-12-08,874.06,0.0002517623363544885
2005-12-09,887.36,0.015216346703887718
2005-12-12,888.52,0.001307248467363742
2005-12-13,889.1,0.0006527708999235493
2005-12-14,898.15,0.010178832527274695
2005-12-15,896.43,-0.0019150475978400028
2005-12-16,902.56,0.0068382361143648485
2005-12-19,902.91,0.00038778585357213124
2005-12-20,907.32,0.00488420772834508
2005-12-21,903.14,-0.004606974386104246
2005-12-22,908.75,0.00621166153641739
2005-12-23,915.89,0.007856946354882988
2005-12-26,922.38,0.007086003777746264
2005-12-27,919.36,-0.0032741386413408513
2005-12-28,920.92,0.0016968325791855143
2005-12-29,932.03,0.012064022933588214
2005-12-30,923.45,-0.009205712262480792
2006-01-04,941.43,0.019470464020791445
2006-01-05,959.13,0.01880118543067466
2006-01-06,970.03,0.01136446571371974
2006-01-09,975.25,0.005381276867725715
2006-01-10,978.15,0.002973596513714316
2006-01-11,973.48,-0.0047743188672493275
2006-01-12,983.72,0.010518962896002071
2006-01-13,978.81,-0.004991257674948235
2006-01-16,961.44,-0.01774603855702317
2006-01-17,964.29,0.0029643035446829114
2006-01-18,983.62,0.020045836833317843
2006-01-19,991.22,0.007726561070332094
2006-01-20,993.34,0.0021387784750106498
2006-01-23,996.16,0.0028389071214287576
2006-01-24,999.09,0.00294129457115333
2006-01-25,1009.6,0.010519572811258149
2006-02-06,1033.23,0.02340530903328042
2006-02-07,1029.94,-0.003184189386680525
2006-02-08,1033.07,0.003039011981280426
2006-02-09,1019.6,-0.013038806663633551
2006-02-10,1032.34,0.012495096116123872
2006-02-13,1031.61,-0.0007071313714474003
2006-02-14,1038.53,0.00670796134198004
2006-02-15,1041.66,0.0030138753815489583
2006-02-16,1020.12,-0.02067853234260708
2006-02-17,1020.37,0.0002450692075441907
2006-02-20,1021.64,0.0012446465497808479
2006-02-21,1038.82,0.016816099604557433
2006-02-22,1037.89,-0.000895246529716287
2006-02-23,1041.37,0.0033529564790100164
2006-02-24,1049.44,0.0077494070311225904
2006-02-27,1047.85,-0.0015150937642934847
2006-02-28,1053.01,0.004924368945937063
2006-03-01,1056.62,0.0034282675378201066
2006-03-02,1038.67,-0.01698813196797322
2006-03-03,1041.68,0.0028979367845418658
2006-03-06,1038.87,-0.0026975654711621777
2006-03-07,1014.97,-0.023005765880235174
2006-03-08,1009.27,-0.005615929534863118
2006-03-09,1004.34,-0.004884718658039966
2006-03-10,1008.9,0.004540295119182636
2006-03-13,1019.86,0.010863316483298746
2006-03-14,1018.27,-0.00155903751495301
2006-03-15,1028.96,0.010498197923929808
2006-03-16,1027.62,-0.0013022858031411788
2006-03-17,1024.02,-0.0035032404974600917
2006-03-20,1037.66,0.013320052342727706
2006-03-21,1040.76,0.0029874910857119463
2006-03-22,1047.67,0.006639378915408001
2006-03-23,1048.54,0.0008304141571295887
2006-03-24,1042.6,-0.0056650199324775885
2006-03-27,1050.71,0.007778630347208937
2006-03-28,1055.98,0.005015656080174402
2006-03-29,1065.29,0.008816454857099476
2006-03-30,1055.63,-0.009067953327262845
2006-03-31,1061.09,0.0051722667980256265
2006-04-03,1079.32,0.017180446521972703
2006-04-04,1089.37,0.009311418300411267
2006-04-05,1099.97,0.009730394631759731
2006-04-06,1103.24,0.0029728083493185675
2006-04-07,1103.15,-8.157789782814451e-05
2006-04-10,1117.91,0.013379866745229618
2006-04-11,1123.31,0.004830442522206546
2006-04-12,1117.07,-0.00555501152842941
2006-04-13,1093.93,-0.02071490595933989
2006-04-14,1118.61,0.022560858555848995
2006-04-17,1124.41,0.00518500639186148
2006-04-18,1131.28,0.006109870954544849
2006-04-19,1138.24,0.006152323032317497
2006-04-20,1134.38,-0.003391200449817222
2006-04-21,1149.16,0.013029143673195964
2006-04-24,1142.7,-0.0056214974416095576
2006-04-25,1141.93,-0.0006738426533647868
2006-04-26,1155.73,0.012084803797080435
2006-04-27,1155.27,-0.0003980168378427962
2006-04-28,1172.35,0.014784422689068322
2006-05-08,1218.44,0.03931419797841951
2006-05-09,1251.61,0.027223334755917206
2006-05-10,1265.93,0.011441263652415712
2006-05-11,1255.04,-0.008602371379144214
2006-05-12,1296.26,0.03284357470678234
2006-05-15,1352.16,0.0431240646166664
2006-05-16,1331.13,-0.015552893148739755
2006-05-17,1335.52,0.0032979498621470427
2006-05-18,1331.2,-0.0032346951000359336
2006-05-19,1366.1,0.02621694711538458
2006-05-22,1373.67,0.0055413220115658746
2006-05-23,1317.65,-0.04078126478703037
2006-05-24,1308.24,-0.0071415019162904825
2006-05-25,1307.7,-0.000412768299394628
2006-05-26,1331.02,0.017832836277433595
2006-05-29,1366.29,0.026498474853871468
2006-05-30,1378.76,0.009126905708158661
2006-05-31,1365.45,-0.009653601787113053
2006-06-01,1402.88,0.027412208429455465
2006-06-02,1390.12,-0.009095574817518437
2006-06-05,1403.16,0.009380485137973738
2006-06-06,1399.14,-0.0028649619430428652
2006-06-07,1320.23,-0.056398930771759836
2006-06-08,1325.98,0.004355301727729355
2006-06-09,1294.19,-0.023974720584020837
2006-06-12,1297.67,0.0026889405728680593
2006-06-13,1298.28,0.00047007328519566016
2006-06-14,1283.88,-0.01109159811442817
2006-06-15,1285.39,0.0011761223790385245
2006-06-16,1318.01,0.02537751188355286
2006-06-19,1334.89,0.012807186591907493
2006-06-20,1338.22,0.002494587569013218
2006-06-21,1333.53,-0.0035046554378204142
2006-06-22,1331.55,-0.0014847809948033142
2006-06-23,1339.45,0.00593293530096517
2006-06-26,1363.41,0.017887939079472837
2006-06-27,1363.9,0.0003593929925700401
2006-06-28,1362.89,-0.0007405234987902798
2006-06-29,1395.12,0.02364827682351467
2006-06-30,1393.96,-0.0008314696943630961
2006-07-03,1420.33,0.01891732904817922
2006-07-04,1411.01,-0.006561855343476419
2006-07-05,1393.01,-0.01275681958313546
2006-07-06,1418.68,0.018427721265461106
2006-07-07,1410.43,-0.005815264894126981
2006-07-10,1412.12,0.001198216146848674
2006-07-11,1418.58,0.00457468203835365
2006-07-12,1419.2,0.00043705677508509844
2006-07-13,1346.09,-0.0515149379932357
2006-07-14,1357.13,0.008201531844081789
2006-07-17,1372.25,0.011141158179393207
2006-07-18,1373.42,0.000852614319548195
2006-07-19,1336.64,-0.02677986340667815
2006-07-20,1345.19,0.006396636341872153
2006-07-21,1356.03,0.008058341200871233
2006-07-24,1358.12,0.0015412638363456743
2006-07-25,1374.17,0.011817806968456468
2006-07-26,1371.3,-0.0020885334420051027
2006-07-27,1355.55,-0.011485451761102605
2006-07-28,1341.39,-0.010445944450591882
2006-07-31,1294.33,-0.035083010906597045
2006-08-01,1282.06,-0.009479808086036767
2006-08-02,1275.09,-0.005436563031371411
2006-08-03,1271.74,-0.0026272655263549494
2006-08-04,1241.91,-0.02345605233774195
2006-08-07,1224.1,-0.014340813746567926
2006-08-08,1252.39,0.02311085695613113
2006-08-09,1251.3,-0.000870335917725451
2006-08-10,1271.47,0.01611923599456566
2006-08-11,1275.65,0.003287533327565706
2006-08-14,1245.72,-0.02346254850468399
2006-08-15,1265.86,0.01616735703047234
2006-08-16,1283.57,0.013990488679632929
2006-08-17,1271.63,-0.009302180636817536
2006-08-18,1267.87,-0.0029568349283991546
2006-08-21,1270.56,0.0021216686253322514
2006-08-22,1285.27,0.011577572094194633
2006-08-23,1285.68,0.0003189991208074616
2006-08-24,1292.4,0.005226806048161281
2006-08-25,1295.44,0.0023522129371711387
2006-08-28,1325.89,0.023505527079602295
2006-08-29,1330.16,0.0032204783202225418
2006-08-30,1334.67,0.0033905695555422888
2006-08-31,1338.69,0.003011980489559196
2006-09-01,1318.1,-0.015380708005587662
2006-09-04,1337.24,0.014520901297321975
2006-09-05,1340.68,0.002572462684334864
2006-09-06,1346.37,0.004244114926753362
2006-09-07,1328.38,-0.013361854467939582
2006-09-08,1332.15,0.0028380433309744824
2006-09-11,1338.76,0.004961903689524316
2006-09-12,1347.64,0.006633003675042604
2006-09-13,1338.39,-0.006863850880057032
2006-09-14,1338.28,-8.218830086903495e-05
2006-09-15,1362.32,0.017963355949427662
2006-09-18,1375.56,0.009718715133008482
2006-09-19,1378.31,0.0019991857861525464
2006-09-20,1378.46,0.00010882892818031564
2006-09-21,1387.37,0.006463734892561135
2006-09-22,1374.85,-0.009024268940513336
2006-09-25,1372.4,-0.001782012583190773
2006-09-26,1357.65,-0.010747595453220682
2006-09-27,1371.12,0.009921555629212042
2006-09-28,1387.0,0.011581772565494086
2006-09-29,1403.27,0.011730353280461348
2006-10-09,1436.07,0.023373976497751636
2006-10-10,1437.25,0.0008216869651200831
2006-10-11,1435.91,-0.0009323360584448936
2006-10-12,1426.5,-0.006553335515457115
2006-10-13,1430.88,0.003070452155625736
2006-10-16,1418.52,-0.008638040925863844
2006-10-17,1414.45,-0.0028691876039815822
2006-10-18,1437.59,0.016359715790589924
2006-10-19,1439.38,0.0012451394347485767
2006-10-20,1440.18,0.0005557948561185633
2006-10-23,1408.72,-0.02184449166076463
2006-10-24,1440.05,0.02224004770287924
2006-10-25,1446.83,0.004708169855213384
2006-10-26,1456.1,0.006407110717914222
2006-10-27,1439.05,-0.011709360620836495
2006-10-30,1446.24,0.0049963517598416995
2006-10-31,1464.47,0.012605100121694912
2006-11-01,1479.41,0.010201642915184328
2006-11-02,1479.66,0.00016898628507311386
2006-11-03,1488.29,0.0058324209615721045
2006-11-06,1507.89,0.013169476378931622
2006-11-07,1516.1,0.005444694241622194
2006-11-08,1498.17,-0.011826396675680861
2006-11-09,1524.71,0.01771494556692499
2006-11-10,1504.06,-0.013543559103042613
2006-11-13,1475.78,-0.01880244139196574
2006-11-14,1493.78,0.012196939923294847
2006-11-15,1534.76,0.027433758652545936
2006-11-16,1533.29,-0.0009578044775730987
2006-11-17,1562.08,0.01877661760006255
2006-11-20,1593.16,0.01989654819215425
2006-11-21,1612.25,0.011982475080971167
2006-11-22,1624.03,0.007306559156458281
2006-11-23,1634.91,0.006699383632075895
2006-11-24,1636.58,0.0010214629551472676
2006-11-27,1651.8,0.009299881460118176
2006-11-28,1644.01,-0.004716067320498785
2006-11-29,1667.14,0.014069257486268416
2006-11-30,1714.36,0.028323955996496952
2006-12-01,1729.22,0.008667957721832042
2006-12-04,1780.74,0.029793779854500935
2006-12-05,1794.23,0.007575502319260519
2006-12-06,1779.41,-0.008259810615138474
2006-12-07,1775.71,-0.0020793409051315104
2006-12-08,1711.58,-0.03611513141222389
2006-12-11,1789.92,0.045770574556842414
2006-12-12,1802.79,0.007190265486725522
2006-12-13,1803.86,0.0005935244814980756
2006-12-14,1836.14,0.01789495858880419
2006-12-15,1867.64,0.01715555458734075
2006-12-18,1916.11,0.025952539033218258
2006-12-19,1921.44,0.0027816774611062467
2006-12-20,1936.55,0.007863893746356876
2006-12-21,1908.99,-0.014231494151971225
2006-12-22,1895.64,-0.006993226784844264
2006-12-25,1939.1,0.02292629402207158
2006-12-26,1938.24,-0.00044350471868392916
2006-12-27,1982.88,0.023031203566121983
2006-12-28,1979.93,-0.0014877350117001864
2006-12-29,2041.05,0.03086977822448267
2007-01-04,2067.09,0.012758139193062457
2007-01-05,2072.88,0.0028010391419821534
2007-01-08,2131.56,0.028308440430705017
2007-01-09,2200.09,0.03215016232243051
2007-01-10,2255.97,0.025398960951597216
2007-01-11,2231.63,-0.010789150564945338
2007-01-12,2173.75,-0.02593619910110556
2007-01-15,2287.34,0.05225531914893633
2007-01-16,2353.87,0.02908618744917657
2007-01-17,2308.93,-0.01909196344742914
2007-01-18,2317.1,0.0035384355523988553
2007-01-19,2396.09,0.0340900263260111
2007-01-22,2491.31,0.039739742664090194
2007-01-23,2508.13,0.0067514681031264345
2007-01-24,2536.43,0.011283306686654893
2007-01-25,2452.83,-0.03295971108999651
2007-01-26,2512.92,0.024498232653710206
2007-01-29,2576.92,0.02546837941518243
2007-01-30,2551.88,-0.009717026527792827
2007-01-31,2385.34,-0.06526168942113264
2007-02-01,2395.17,0.004121005810492351
2007-02-02,2298.0,-0.040569145405127904
2007-02-05,2271.8,-0.011401218450826756
2007-02-06,2316.04,0.019473545206444065
2007-02-07,2369.79,0.02320771661974752
2007-02-08,2410.6,0.017220935188350106
2007-02-09,2397.25,-0.005538040321911519
2007-02-12,2485.39,0.036767129001981314
2007-02-13,2522.63,0.014983563947710499
2007-02-14,2588.35,0.026052175705513658
2007-02-15,2668.63,0.03101589815905892
2007-02-16,2676.74,0.003039012527026763
2007-02-26,2707.68,0.011558836495139557
2007-02-27,2457.49,-0.09240013590970875
2007-02-28,2544.57,0.03543452872646502
2007-03-01,2473.54,-0.0279143430913672
2007-03-02,2508.73,0.014226574059849506
2007-03-05,2475.61,-0.013201898968800863
2007-03-06,2520.29,0.01804807703959832
2007-03-07,2589.44,0.027437318721258208
2007-03-08,2627.63,0.01474836258032619
2007-03-09,2611.39,-0.00618047441991465
2007-03-12,2616.17,0.0018304427910040832
2007-03-13,2640.17,0.009173715775351088
2007-03-14,2597.36,-0.016214864951878072
2007-03-15,2645.55,0.018553454276650116
2007-03-16,2604.23,-0.015618680425620424
2007-03-19,2659.41,0.021188604693133772
2007-03-20,2672.77,0.005023670663793833
2007-03-21,2702.6,0.011160705934292858
2007-03-22,2711.32,0.0032265226078591613
2007-03-23,2716.27,0.0018256790050601435
2007-03-26,2764.03,0.0175829354224728
2007-03-27,2784.02,0.007232193572428658
2007-03-28,2797.65,0.0048957981623696245
2007-03-29,2783.3,-0.005129304952370739
2007-03-30,2781.78,-0.0005461143247224021
2007-04-02,2850.11,0.02456340904025467
2007-04-03,2888.12,0.013336327369820822
2007-04-04,2911.82,0.008206030220351046
2007-04-05,2945.04,0.011408672239355377
2007-04-06,2972.01,0.00915777035286447
2007-04-09,3038.17,0.022261028731397126
2007-04-10,3081.57,0.014284914932344073
2007-04-11,3121.32,0.01289926887917514
2007-04-12,3176.44,0.017659195468583855
2007-04-13,3169.23,-0.0022698366725013575
2007-04-16,3256.0,0.027378890140507206
2007-04-17,3283.6,0.00847665847665846
2007-04-18,3304.5,0.006364965282007473
2007-04-19,3150.3,-0.04666364049024052
2007-04-20,3289.28,0.044116433355553486
2007-04-23,3431.32,0.04318270259752888
2007-04-24,3445.2,0.004045090519100514
2007-04-25,3448.28,0.000893997445721606
2007-04-26,3493.58,0.01313698423561882
2007-04-27,3470.52,-0.0066006789596917415
2007-04-30,3558.71,0.025411177575694666
2007-05-08,3686.03,0.035777009084752676
2007-05-09,3701.28,0.004137242507521677
2007-05-10,3724.51,0.006276207149958912
2007-05-11,3702.61,-0.005879968103186806
2007-05-14,3734.42,0.008591236992283813
2007-05-15,3604.64,-0.03475238457377594
2007-05-16,3700.29,0.02653524346397984
2007-05-17,3778.61,0.021165908617973184
2007-05-18,3776.63,-0.0005240022124537447
2007-05-21,3831.44,0.014512938784048135
2007-05-22,3870.49,0.010191990478775503
2007-05-23,3938.95,0.01768768295487133
2007-05-24,3919.75,-0.004874395460719216
2007-05-25,3985.25,0.016710249378149022
2007-05-28,4072.58,0.0219133053133429
2007-05-29,4168.29,0.023501073029873032
2007-05-30,3886.46,-0.06761285803051131
2007-05-31,3927.95,0.010675524770613842
2007-06-01,3803.95,-0.03156862994691889
2007-06-04,3511.43,-0.07689901286820278
2007-06-05,3634.63,0.03508542103929169
2007-06-06,3677.58,0.01181688369930356
2007-06-07,3802.3,0.033913606230184135
2007-06-08,3837.87,0.0093548641611656
2007-06-11,3931.86,0.02449014687834672
2007-06-12,4036.11,0.026514168866643262
2007-06-13,4118.27,0.020356234096692294
2007-06-14,4075.82,-0.010307726302549391
2007-06-15,4099.38,0.005780431913087414
2007-06-18,4227.57,0.0312705823807502
2007-06-19,4253.0,0.006015275915005613
2007-06-20,4157.6,-0.022431225017634504
2007-06-21,4197.28,0.009543967673657727
2007-06-22,4051.43,-0.03474869439255901
2007-06-25,3877.59,-0.042908306449821354
2007-06-26,3928.21,0.01305450034686495
2007-06-27,4040.48,0.028580447582995827
2007-06-28,3858.52,-0.045034253356036946
2007-06-29,3764.08,-0.024475705710997997
2007-07-02,3757.66,-0.0017055960553442606
2007-07-03,3832.23,0.019844797027937622
2007-07-04,3743.58,-0.023132745164042845
2007-07-05,3537.44,-0.05506493784024913
2007-07-06,3710.28,0.04886019268171338
2007-07-09,3821.3,0.029922270017357144
2007-07-10,3775.62,-0.011954047052050387
2007-07-11,3789.87,0.0037742145660846216
2007-07-12,3816.92,0.007137447986342638
2007-07-13,3820.12,0.0008383723001792465
2007-07-16,3697.97,-0.031975435326638935
2007-07-17,3789.65,0.024791980464957897
2007-07-18,3807.57,0.00472866887443435
2007-07-19,3807.0,-0.000149701778299538
2007-07-20,3971.88,0.04330969267139473
2007-07-23,4156.72,0.04653715620814336
2007-07-24,4161.35,0.00111385900421479
2007-07-25,4255.46,0.0226152570680187
2007-07-26,4303.19,0.011216178744483551
2007-07-27,4307.14,0.0009179236798748658
2007-07-30,4410.3,0.02395092799398202
2007-07-31,4460.56,0.011396050155318305
2007-08-01,4290.48,-0.03812974155711413
2007-08-02,4436.19,0.03396123510656146
2007-08-03,4598.38,0.03656065227143124
2007-08-06,4703.98,0.022964609275440306
2007-08-07,4724.55,0.004372892741891121
2007-08-08,4668.09,-0.01195034447725185
2007-08-09,4777.29,0.02339286517612127
2007-08-10,4726.68,-0.01059387225812114
2007-08-13,4721.19,-0.0011614917870472752
2007-08-14,4795.57,0.015754502572444595
2007-08-15,4798.75,0.0006631119971141075
2007-08-16,4721.94,-0.016006251628028267
2007-08-17,4626.58,-0.020195089306513814
2007-08-20,4885.43,0.055948454365859934
2007-08-21,4972.71,0.01786536701989383
2007-08-22,5051.69,0.015882687709518395
2007-08-23,5135.93,0.016675607568952255
2007-08-24,5217.58,0.015897802345436807
2007-08-27,5243.15,0.004900739423257416
2007-08-28,5251.77,0.0016440498555259087
2007-08-29,5171.82,-0.015223438954866775
2007-08-30,5241.23,0.013420807375353228
2007-08-31,5296.81,0.010604381032696786
2007-09-03,5419.17,0.02310069645692403
2007-09-04,5360.33,-0.010857751279254924
2007-09-05,5363.25,0.0005447425811471174
2007-09-06,5412.04,0.0090970959772525
2007-09-07,5294.79,-0.02166465879779156
2007-09-10,5377.22,0.015568133958098418
2007-09-11,5124.09,-0.04707451062072965
2007-09-12,5202.86,0.015372485651110601
2007-09-13,5349.97,0.02827483345698334
2007-09-14,5397.28,0.008843040241347078
2007-09-17,5498.91,0.0188298550380932
2007-09-18,5476.84,-0.004013522679949255
2007-09-19,5419.27,-0.01051153584913922
2007-09-20,5494.92,0.013959444722259517
2007-09-21,5468.1,-0.004880871787032337
2007-09-24,5513.9,0.00837585267277463
2007-09-25,5454.62,-0.010751011081085893
2007-09-26,5361.02,-0.01715976548320497
2007-09-27,5427.66,0.012430470320946352
2007-09-28,5580.81,0.02821657952045653
2007-10-08,5653.14,0.012960484230783775
2007-10-09,5675.93,0.00403138786585866
2007-10-10,5685.76,0.0017318747764683007
2007-10-11,5760.08,0.013071251688428598
2007-10-12,5737.22,-0.0039686948792376775
2007-10-15,5821.45,0.014681326496107872
2007-10-16,5877.2,0.00957665186508505
2007-10-17,5824.12,-0.009031511604165265
2007-10-18,5615.75,-0.035777078768981396
2007-10-19,5614.06,-0.00030093932244124044
2007-10-22,5472.68,-0.02518320074954672
2007-10-23,5540.09,0.012317548257891886
2007-10-24,5588.01,0.008649678976334396
2007-10-25,5333.79,-0.04549383411983876
2007-10-26,5394.81,0.011440270426844812
2007-10-29,5508.36,0.021048007251413647
2007-10-30,5596.07,0.015923069661387457
2007-10-31,5688.54,0.016524096374777253
2007-11-01,5605.23,-0.014645234102247717
2007-11-02,5472.93,-0.02360295652453137
2007-11-05,5360.31,-0.02057764305408616
2007-11-06,5317.55,-0.007977150575246617
2007-11-07,5350.63,0.006220910005547697
2007-11-08,5093.67,-0.04802425134984101
2007-11-09,5040.52,-0.010434519707794077
2007-11-12,4978.25,-0.012353884123066705
2007-11-13,4939.24,-0.007836086978355916
2007-11-14,5145.89,0.04183842048574293
2007-11-15,5081.11,-0.0125886872824722
2007-11-16,5007.66,-0.01445550283304231
2007-11-19,4994.42,-0.0026439494694128207
2007-11-20,5069.38,0.015008749764737539
2007-11-21,4997.62,-0.014155577210625436
2007-11-22,4772.62,-0.045021430200775536
2007-11-23,4856.16,0.01750401247113742
2007-11-26,4800.08,-0.011548219169055352
2007-11-27,4711.15,-0.018526774553757508
2007-11-28,4648.75,-0.0132451736837077
2007-11-29,4842.07,0.041585372411938604
2007-11-30,4737.41,-0.02161472262895825
2007-12-03,4772.67,0.007442885458510018
2007-12-04,4829.21,0.01184661834989642
2007-12-05,4965.95,0.028315190269215806
2007-12-06,4971.06,0.001029007541356819
2007-12-07,5041.35,0.014139841402035058
2007-12-10,5133.56,0.018290735616451892
2007-12-11,5140.0,0.0012544900614777088
2007-12-12,5077.39,-0.01218093385214003
2007-12-13,4884.3,-0.03802938123721045
2007-12-14,4977.65,0.019112257641831887
2007-12-17,4857.29,-0.024180084979859906
2007-12-18,4829.91,-0.005636888058979439
2007-12-19,4946.29,0.024095687083196093
2007-12-20,5037.19,0.018377410139720718
2007-12-21,5101.85,0.012836521949737945
2007-12-24,5207.13,0.02063565177337634
2007-12-25,5216.81,0.0018589895009344382
2007-12-26,5265.03,0.009243196512811247
2007-12-27,5367.53,0.019468075205649304
2007-12-28,5338.27,-0.005451296965270691
2008-01-02,5385.1,0.008772504950105509
2008-01-03,5422.03,0.006857811368405242
2008-01-04,5483.65,0.011364747151896948
2008-01-07,5556.59,0.013301359495956344
2008-01-08,5528.05,-0.005136243631435833
2008-01-09,5613.76,0.015504563091867762
2008-01-10,5672.15,0.010401228410191976
2008-01-11,5699.15,0.004760099785795502
2008-01-14,5731.76,0.005721905898248059
2008-01-15,5696.45,-0.006160411461750059
2008-01-16,5505.72,-0.0334822564930789
2008-01-17,5365.62,-0.02544626315904197
2008-01-18,5414.47,0.009104260085507354
2008-01-21,5145.73,-0.04963366682242232
2008-01-22,4753.87,-0.07615246038948797
2008-01-23,4975.11,0.04653892512836899
2008-01-24,5027.21,0.010472130264456592
2008-01-25,5077.43,0.009989636398718194
2008-01-28,4731.88,-0.06805608349105752
2008-01-29,4762.08,0.006382241307894443
2008-01-30,4710.65,-0.010799902563585762
2008-01-31,4620.4,-0.0191587148270409
2008-02-01,4571.94,-0.010488269413903573
2008-02-04,4950.12,0.08271762096615443
2008-02-05,4921.83,-0.0057150129693825935
2008-02-13,4816.08,-0.021485910728326618
2008-02-14,4880.25,0.013324114217371896
2008-02-15,4813.31,-0.013716510424670814
2008-02-18,4910.99,0.020293727185658028
2008-02-19,5020.75,0.022349872428980788
2008-02-20,4908.72,-0.02231339939252097
2008-02-21,4876.03,-0.006659577242132508
2008-02-22,4702.24,-0.03564170031767644
2008-02-25,4519.78,-0.038802783354316195
2008-02-26,4515.53,-0.0009403112540875558
2008-02-27,4639.77,0.02751393524126744
2008-02-28,4622.06,-0.003816999549546618
2008-02-29,4674.55,0.011356408181633304
2008-03-03,4790.74,0.024855868479318755
2008-03-04,4671.15,-0.02496274062044701
2008-03-05,4628.72,-0.009083416289350499
2008-03-06,4685.03,0.012165350248016571
2008-03-07,4621.69,-0.013519657291415466
2008-03-10,4431.59,-0.041132139974771054
2008-03-11,4441.18,0.002164008854609767
2008-03-12,4309.65,-0.029616002954169995
2008-03-13,4198.96,-0.025684220296311677
2008-03-14,4157.87,-0.009785756473031482
2008-03-17,3965.28,-0.04631938949510195
2008-03-18,3763.95,-0.050773211475608426
2008-03-19,3888.86,0.03318588185284077
2008-03-20,4001.83,0.029049644368786653
2008-03-21,4037.83,0.008995884382894781
2008-03-24,3857.09,-0.044761666538710054
2008-03-25,3905.77,0.012620913694002533
2008-03-26,3914.37,0.0022018705658550797
2008-03-27,3748.92,-0.042267338039071345
2008-03-28,3918.16,0.04514366804306302
2008-03-31,3790.53,-0.03257396328889062
2008-04-01,3582.86,-0.054786533809256244
2008-04-02,3547.98,-0.009735239445582633
2008-04-03,3650.7,0.028951685184245735
2008-04-07,3845.82,0.053447284082504876
2008-04-08,3891.06,0.011763421064948432
2008-04-09,3688.13,-0.05215288379002114
2008-04-10,3754.72,0.018055220396244076
2008-04-11,3783.73,0.007726275194954724
2008-04-14,3536.33,-0.06538521511841489
2008-04-15,3583.3,0.013282131475286674
2008-04-16,3494.02,-0.02491558061005228
2008-04-17,3386.63,-0.030735370719114363
2008-04-18,3272.5,-0.03370016801363007
2008-04-21,3267.55,-0.0015126050420167791
2008-04-22,3296.28,0.008792520389894642
2008-04-23,3453.73,0.04776596648342979
2008-04-24,3774.5,0.09287639740222886
2008-04-25,3803.07,0.007569214465492191
2008-04-28,3729.15,-0.01943692858664181
2008-04-29,3776.94,0.012815252805599142
2008-04-30,3959.12,0.048234814426493466
2008-05-05,4055.78,0.02441451635717029
2008-05-06,4010.89,-0.011068154584321754
2008-05-07,3821.32,-0.04726382423851061
2008-05-08,3925.04,0.0271424533930682
2008-05-09,3878.92,-0.011750198724089445
2008-05-12,3904.92,0.006702896682581727
2008-05-13,3851.69,-0.013631521260358714
2008-05-14,3975.78,0.03221702681160732
2008-05-15,3948.09,-0.0069646710834100345
2008-05-16,3936.12,-0.003031845778591724
2008-05-19,3914.07,-0.005601963354775696
2008-05-20,3710.82,-0.051928044209735624
2008-05-21,3783.05,0.019464700524412404
2008-05-22,3711.44,-0.018929170907072357
2008-05-23,3675.15,-0.009777875972668326
2008-05-26,3559.22,-0.03154429070922282
2008-05-27,3576.2,0.004770708188872819
2008-05-28,3676.23,0.027971030702980793
2008-05-29,3580.87,-0.025939617488568434
2008-05-30,3611.33,0.008506312711715314
2008-06-02,3625.83,0.004015141236054287
2008-06-03,3614.11,-0.003232363348529832
2008-06-04,3546.92,-0.018591022409389923
2008-06-05,3512.14,-0.009805690570974357
2008-06-06,3489.5,-0.0064462122808316424
2008-06-10,3206.56,-0.08108324974924774
2008-06-11,3140.3,-0.02066388902749361
2008-06-12,3084.63,-0.01772760564277298
2008-06-13,2979.12,-0.034205074838797644
2008-06-16,2952.24,-0.009022798678804511
2008-06-17,2842.68,-0.03711080399967481
2008-06-18,2991.27,0.05227109628941706
2008-06-19,2773.08,-0.07294226198236875
2008-06-20,2849.67,0.027619109437881484
2008-06-23,2789.94,-0.02096032172146245
2008-06-24,2851.92,0.022215531516806886
2008-06-25,2969.54,0.0412423910909141
2008-06-26,2980.91,0.003828875852825764
2008-06-27,2816.02,-0.05531532317312493
2008-06-30,2791.82,-0.008593688965277124
2008-07-01,2698.35,-0.03347995214591204
2008-07-02,2699.6,0.00046324605777603445
2008-07-03,2760.61,0.022599644391761764
2008-07-04,2741.85,-0.006795599523293894
2008-07-07,2882.76,0.05139230811313533
2008-07-08,2901.84,0.006618657120259774
2008-07-09,3015.13,0.0390407465608027
2008-07-10,2973.73,-0.013730751244556694
2008-07-11,2953.5,-0.0068029040968750065
2008-07-14,2975.87,0.007574064669036762
2008-07-15,2852.98,-0.041295486698007644
2008-07-16,2745.6,-0.03763783833044754
2008-07-17,2718.07,-0.010026952214452156
2008-07-18,2815.46,0.03583057095659781
2008-07-21,2911.05,0.03395182314790479
2008-07-22,2904.74,-0.002167602755019815
2008-07-23,2883.32,-0.007374153969029851
2008-07-24,2977.36,0.032615179723374466
2008-07-25,2939.2,-0.01281672354031771
2008-07-28,2960.85,0.0073659499183451604
2008-07-29,2905.63,-0.018650049816775538
2008-07-30,2884.38,-0.007313388146460542
2008-07-31,2805.21,-0.027447839743723113
2008-08-01,2840.79,0.012683542408589599
2008-08-04,2773.15,-0.023810278126858986
2008-08-05,2703.08,-0.025267295313993188
2008-08-06,2721.69,0.0068847388904509366
2008-08-07,2720.44,-0.00045927346611851494
2008-08-08,2591.46,-0.04741144814809373
2008-08-11,2456.81,-0.05195912728732066
2008-08-12,2444.16,-0.005148953317513416
2008-08-13,2444.67,0.00020866064414781782
2008-08-14,2443.51,-0.00047450167098206375
2008-08-15,2447.62,0.0016820066216221008
2008-08-18,2313.4,-0.054836943643212566
2008-08-19,2348.47,0.01515950548975531
2008-08-20,2532.94,0.07854901276150006
2008-08-21,2443.98,-0.0351212425087053
2008-08-22,2404.93,-0.015978035826807124
2008-08-25,2400.55,-0.0018212588308181843
2008-08-26,2331.53,-0.028751744391910194
2008-08-27,2325.29,-0.0026763541537103697
2008-08-28,2335.87,0.0045499701112550195
2008-08-29,2391.64,0.023875472522015384
2008-09-01,2309.17,-0.03448261444030032
2008-09-02,2285.41,-0.010289411346934285
2008-09-03,2245.96,-0.01726167296021275
2008-09-04,2251.15,0.0023108158649307597
2008-09-05,2183.43,-0.03008240232769932
2008-09-08,2126.52,-0.02606449485442619
2008-09-09,2139.15,0.005939281078946035
2008-09-10,2143.18,0.0018839258584015806
2008-09-11,2072.13,-0.03315167181477974
2008-09-12,2077.85,0.0027604445667017696
2008-09-16,2000.65,-0.03715378877204789
2008-09-17,1929.14,-0.035743383400394846
2008-09-18,1895.99,-0.017183822843339525
2008-09-19,2073.11,0.09341821423108776
2008-09-22,2207.61,0.0648783711428722
2008-09-23,2123.48,-0.03810908629694565
2008-09-24,2138.85,0.007238118560099371
2008-09-25,2223.53,0.039591369193725745
2008-09-26,2243.66,0.009053172208155269
2008-10-06,2128.7,-0.0512377098134299
2008-10-07,2102.45,-0.012331469911213366
2008-10-08,2022.88,-0.037846322147970124
2008-10-09,1995.3,-0.013634026734161253
2008-10-10,1906.96,-0.04427404400340795
2008-10-13,1985.49,0.04118072744053358
2008-10-14,1934.62,-0.025620879480632075
2008-10-15,1914.36,-0.010472340821453319
2008-10-16,1820.9,-0.048820493533086706
2008-10-17,1833.26,0.006787852161019181
2008-10-20,1896.73,0.03462138485539423
2008-10-21,1881.41,-0.008077058938277926
2008-10-22,1833.32,-0.02556061677146404
2008-10-23,1834.78,0.0007963694281412081
2008-10-24,1781.6,-0.028984401399622883
2008-10-27,1654.67,-0.07124494836102369
2008-10-28,1705.82,0.030912508234270275
2008-10-29,1658.22,-0.027904468232287094
2008-10-30,1697.66,0.02378454004896824
2008-10-31,1663.66,-0.020027567357421394
2008-11-03,1653.54,-0.006082973684526927
2008-11-04,1627.76,-0.015590793086348032
2008-11-05,1691.42,0.03910895955177662
2008-11-06,1649.78,-0.02461836799848649
2008-11-07,1677.83,0.017002266968929147
2008-11-10,1801.67,0.07380962314418027
2008-11-11,1781.36,-0.011272874610777861
2008-11-12,1801.82,0.011485606502896761
2008-11-13,1874.08,0.04010389495066091
2008-11-14,1943.65,0.037122214633313444
2008-11-17,1987.23,0.022421732307771336
2008-11-18,1839.82,-0.07417863055610074
2008-11-19,1953.16,0.06160385255079315
2008-11-20,1932.43,-0.010613569804829082
2008-11-21,1920.74,-0.0060493782439726695
2008-11-24,1837.64,-0.043264575111675696
2008-11-25,1834.29,-0.0018229903571973516
2008-11-26,1843.5,0.005021016306036685
2008-11-27,1870.47,0.014629780309194373
2008-11-28,1829.92,-0.021679043235122708
2008-12-01,1864.21,0.018738524088484754
2008-12-02,1868.63,0.0023709775186271376
2008-12-03,1952.67,0.04497412542879009
2008-12-04,1982.93,0.015496730118248259
2008-12-05,2013.18,0.015255203158961672
2008-12-08,2095.04,0.0406620371750166
2008-12-09,2040.85,-0.02586585458988855
2008-12-10,2096.39,0.027214150966509143
2008-12-11,2046.34,-0.02387437452000818
2008-12-12,1960.38,-0.04200670465318557
2008-12-15,1975.03,0.007473040941041953
2008-12-16,1994.45,0.009832762033994413
2008-12-17,2001.42,0.003494697786357248
2008-12-18,2045.1,0.021824504601732686
2008-12-19,2052.11,0.0034277052466873403
2008-12-22,2017.55,-0.01684120246965326
2008-12-23,1918.96,-0.048866199102872265
2008-12-24,1887.08,-0.016613165464626767
2008-12-25,1870.77,-0.008642982809419775
2008-12-26,1862.1,-0.004634455331227305
2008-12-29,1854.76,-0.0039417861554158495
2008-12-30,1833.44,-0.011494748646725172
2008-12-31,1817.72,-0.00857404660092509
2009-01-05,1882.96,0.035891116343551355
2009-01-06,1942.8,0.031779751030292624
2009-01-07,1931.18,-0.005981058266419592
2009-01-08,1887.99,-0.02236456467030523
2009-01-09,1918.37,0.016091186923659517
2009-01-12,1920.69,0.001209360029608586
2009-01-13,1876.19,-0.023168757061264422
2009-01-14,1955.24,0.04213325942468504
2009-01-15,1954.87,-0.0001892350811154575
2009-01-16,1990.21,0.018077928455600745
2009-01-19,2012.47,0.011184749348058798
2009-01-20,2025.19,0.006320591114401752
2009-01-21,2021.71,-0.0017183572899333033
2009-01-22,2044.55,0.011297367080342902
2009-01-23,2032.68,-0.005805678511163759
2009-02-02,2057.06,0.011994017749965558
2009-02-03,2108.91,0.025205876347797362
2009-02-04,2166.41,0.02726526973649901
2009-02-05,2150.97,-0.007126998121315897
2009-02-06,2237.28,0.040126082651083195
2009-02-09,2296.67,0.026545626832582325
2009-02-10,2326.75,0.013097223371228761
2009-02-11,2331.14,0.001886751907166584
2009-02-12,2318.34,-0.005490875708880516
2009-02-13,2399.06,0.03481801633927706
2009-02-16,2462.25,0.026339482964161
2009-02-17,2385.29,-0.031255965072596203
2009-02-18,2275.84,-0.04588540596740853
2009-02-19,2298.41,0.00991721737907758
2009-02-20,2344.32,0.019974678147067104
2009-02-23,2410.48,0.028221403221403207
2009-02-24,2301.85,-0.04506571305300189
2009-02-25,2304.25,0.0010426396159610718
2009-02-26,2190.19,-0.04949983725724205
2009-02-27,2140.49,-0.02269209520635207
2009-03-02,2164.67,0.011296478843629387
2009-03-03,2142.15,-0.010403433317780486
2009-03-04,2285.15,0.06675536260299242
2009-03-05,2304.92,0.008651510841739096
2009-03-06,2286.58,-0.007956892213178857
2009-03-09,2202.53,-0.03675795292532946
2009-03-10,2240.78,0.01736639228523562
2009-03-11,2220.38,-0.009103972723783715
2009-03-12,2215.7,-0.0021077473225304955
2009-03-13,2205.42,-0.004639617276707031
2009-03-16,2241.61,0.01640957277978794
2009-03-17,2322.4,0.03604105977400174
2009-03-18,2332.65,0.004413537719600402
2009-03-19,2382.56,0.02139626604934297
2009-03-20,2379.84,-0.0011416291719830163
2009-03-23,2439.4,0.02502689256420587
2009-03-24,2451.78,0.005075018447159074
2009-03-25,2401.33,-0.02057688699638638
2009-03-26,2479.79,0.03267356006879529
2009-03-27,2498.93,0.0077183955092972045
2009-03-30,2484.49,-0.005778473186523803
2009-03-31,2507.79,0.009378182242633315
2009-04-01,2548.22,0.01612176458156389
2009-04-02,2576.4,0.011058699798290661
2009-04-03,2570.5,-0.002290017078093509
2009-04-07,2576.95,0.002509239447578304
2009-04-08,2479.35,-0.03787423116474897
2009-04-09,2517.67,0.015455663782846463
2009-04-10,2595.53,0.03092541913753588
2009-04-13,2656.52,0.02349809094866928
2009-04-14,2676.87,0.007660397813681108
2009-04-15,2686.99,0.003780534728993201
2009-04-16,2687.11,4.465963773614412e-05
2009-04-17,2650.69,-0.01355359475421547
2009-04-20,2707.67,0.021496289645337674
2009-04-21,2675.44,-0.011903223066326407
2009-04-22,2576.28,-0.03706306252429503
2009-04-23,2593.56,0.0067073454748707295
2009-04-24,2572.89,-0.007969740433998118
2009-04-27,2513.29,-0.023164612556308195
2009-04-28,2518.53,0.0020849165834424532
2009-04-29,2605.37,0.034480431045093685
2009-04-30,2622.93,0.006739925615171671
2009-05-04,2714.3,0.03483508900351917
2009-05-05,2727.01,0.004682606933647637
2009-05-06,2764.98,0.013923674647324358
2009-05-07,2767.08,0.0007594991645509808
2009-05-08,2789.22,0.008001214276421198
2009-05-11,2725.32,-0.022909630649428747
2009-05-12,2788.56,0.02320461450398481
2009-05-13,2814.0,0.009122988208968064
2009-05-14,2792.6,-0.007604832977967324
2009-05-15,2796.12,0.0012604741101482908
2009-05-18,2810.57,0.005167875484600293
2009-05-19,2840.08,0.01049964953728244
2009-05-20,2812.87,-0.009580716036168058
2009-05-21,2750.01,-0.02234728231308225
2009-05-22,2740.68,-0.0033927149355822417
2009-05-25,2752.72,0.004393070332910032
2009-05-26,2719.76,-0.011973611555116226
2009-05-27,2759.71,0.014688796070241317
2009-06-01,2858.34,0.03573926245873671
2009-06-02,2865.1,0.0023650090612032937
2009-06-03,2939.39,0.02592928693588359
2009-06-04,2953.75,0.004885367372141847
2009-06-05,2939.31,-0.004888700804062673
2009-06-08,2948.48,0.0031197798122688525
2009-06-09,2960.56,0.0040970262643802435
2009-06-10,2989.6,0.009808955062555746
2009-06-11,2961.63,-0.009355766657746845
2009-06-12,2906.29,-0.018685656209587287
2009-06-15,2966.19,0.02061046901720065
2009-06-16,2961.22,-0.0016755501164794628
2009-06-17,3010.59,0.016672182411303638
2009-06-18,3057.43,0.015558412138484412
2009-06-19,3080.0,0.007382016922709678
2009-06-22,3082.56,0.0008311688311688492
2009-06-23,3083.9,0.0004347036229628287
2009-06-24,3120.73,0.011942669995784527
2009-06-25,3117.92,-0.0009004303480275588
2009-06-26,3128.42,0.003367629701852559
2009-06-29,3179.97,0.016477966513447573
2009-06-30,3166.47,-0.004245323069085538
2009-07-01,3237.9,0.02255824309088683
2009-07-02,3282.36,0.013731122023533882
2009-07-03,3327.14,0.0136426229907749
2009-07-06,3374.75,0.014309587213041874
2009-07-07,3340.49,-0.010151863100970493
2009-07-08,3352.27,0.0035264287574579
2009-07-09,3396.3,0.013134383566956176
2009-07-10,3398.31,0.0005918205105555074
2009-07-13,3361.01,-0.010976043974799121
2009-07-14,3454.75,0.027890425794627083
2009-07-15,3493.3,0.011158549822707808
2009-07-16,3501.24,0.0022729224515500857
2009-07-17,3519.81,0.005303835212667529
2009-07-20,3591.12,0.020259616286106397
2009-07-21,3539.83,-0.014282452271157764
2009-07-22,3606.92,0.01895288756804714
2009-07-23,3651.97,0.012489880562917888
2009-07-24,3667.56,0.0042689288247166335
2009-07-27,3743.63,0.020741310298945326
2009-07-28,3755.82,0.0032561978614340514
2009-07-29,3558.51,-0.05253446650797955
2009-07-30,3634.82,0.021444368569991434
2009-07-31,3734.62,0.027456655350196035
2009-08-03,3787.03,0.014033556292206484
2009-08-04,3786.62,-0.00010826425985543953
2009-08-05,3740.94,-0.012063528951941294
2009-08-06,3663.12,-0.020802258255946393
2009-08-07,3555.1,-0.029488523444495374
2009-08-10,3544.54,-0.0029703805800117555
2009-08-11,3556.38,0.003340348818182459
2009-08-12,3397.4,-0.04470275954762992
2009-08-13,3440.82,0.012780361452875644
2009-08-14,3344.46,-0.028004952307880138
2009-08-17,3140.27,-0.061053204403700434
2009-08-18,3171.99,0.010101042267066207
2009-08-19,3014.57,-0.049628151412835386
2009-08-20,3144.39,0.0430641849417992
2009-08-21,3203.62,0.01883672190790575
2009-08-24,3229.6,0.008109576042102384
2009-08-25,3109.83,-0.0370850879365866
2009-08-26,3172.39,0.020116855262184652
2009-08-27,3156.3,-0.005071885865230885
2009-08-28,3046.78,-0.03469885625574243
2009-08-31,2830.27,-0.07106190798154122
2009-09-01,2843.7,0.004745130323255298
2009-09-02,2890.93,0.016608643668460044
2009-09-03,3051.96,0.055701798383219314
2009-09-04,3077.14,0.008250435785527976
2009-09-07,3104.21,0.008797129802349035
2009-09-08,3170.97,0.02150627695935503
2009-09-09,3194.91,0.007549740300286656
2009-09-10,3162.91,-0.010015931591187188
2009-09-11,3238.13,0.023781897050501044
2009-09-14,3293.39,0.017065405033151793
2009-09-15,3302.64,0.0028086561263622745
2009-09-16,3258.24,-0.013443790422207669
2009-09-17,3320.1,0.018985710076605766
2009-09-18,3199.69,-0.036266979910243635
2009-09-21,3208.6,0.002784644762461319
2009-09-22,3131.03,-0.024175652932743152
2009-09-23,3060.07,-0.022663468571045287
2009-09-24,3080.93,0.006816837523324626
2009-09-25,3058.53,-0.007270531949768344
2009-09-28,2972.64,-0.02808211788015824
2009-09-29,2972.29,-0.00011774045965873281
2009-09-30,3004.8,0.010937694504910445
2009-10-09,3163.71,0.05288538338658144
2009-10-12,3151.63,-0.003818301930328616
2009-10-13,3198.52,0.01487801550308876
2009-10-14,3227.4,0.009029175993897187
2009-10-15,3239.64,0.003792526491912973
2009-10-16,3241.71,0.0006389598844316335
2009-10-19,3329.16,0.026976503141860286
2009-10-20,3377.57,0.014541205589398087
2009-10-21,3369.28,-0.0024544272953632706
2009-10-22,3347.32,-0.006517712983189261
2009-10-23,3413.25,0.019696354098203805
2009-10-26,3414.24,0.0002900461437045365
2009-10-27,3314.72,-0.029148507427714465
2009-10-28,3329.33,0.004407612105999936
2009-10-29,3247.05,-0.024713681131038334
2009-10-30,3280.37,0.010261622087741173
2009-11-02,3392.8,0.03427357279819043
2009-11-03,3435.43,0.012564843197359066
2009-11-04,3453.89,0.0053734175925574945
2009-11-05,3464.32,0.0030197834904992504
2009-11-06,3483.02,0.005397884721965562
2009-11-09,3495.79,0.003666358504975653
2009-11-10,3503.78,0.0022856064008422994
2009-11-11,3495.67,-0.0023146430426568276
2009-11-12,3499.99,0.0012358145934827647
2009-11-13,3518.72,0.00535144386126829
2009-11-16,3625.8,0.030431520552928415
2009-11-17,3628.35,0.0007032930663577464
2009-11-18,3630.23,0.00051814185511323
2009-11-19,3642.44,0.003363423254173936
2009-11-20,3631.01,-0.003138006391320114
2009-11-23,3665.51,0.009501488566542093
2009-11-24,3548.08,-0.03203646968634655
2009-11-25,3629.63,0.02298426191066727
2009-11-26,3485.77,-0.03963489391480679
2009-11-27,3382.51,-0.029623297004678917
2009-11-30,3511.67,0.03818466168614432
2009-12-01,3560.83,0.013999037494980993
2009-12-02,3597.33,0.010250419143851275
2009-12-03,3590.88,-0.0017929964723836234
2009-12-04,3643.49,0.014651004767633369
2009-12-07,3668.83,0.006954870193139007
2009-12-08,3624.02,-0.012213703006135446
2009-12-09,3554.48,-0.019188635824305633
2009-12-10,3577.24,0.0064031869640566175
2009-12-11,3575.02,-0.0006205901756660692
2009-12-14,3612.75,0.010553787111680535
2009-12-15,3583.34,-0.008140613106359385
2009-12-16,3560.72,-0.006312546395262575
2009-12-17,3480.15,-0.022627446134489526
2009-12-18,3391.74,-0.025404077410456583
2009-12-21,3396.62,0.0014387895298577646
2009-12-22,3305.54,-0.026814892451908046
2009-12-23,3336.48,0.009360044047266092
2009-12-24,3438.82,0.030673044645854297
2009-12-25,3424.78,-0.004082795842760056
2009-12-28,3478.43,0.01566523981102419
2009-12-29,3500.74,0.006413813128336665
2009-12-30,3558.86,0.016602204105417906
2009-12-31,3575.68,0.0047262325576167274
2010-01-04,3535.23,-0.01131253356005002
2010-01-05,3564.04,0.008149399049001138
2010-01-06,3541.73,-0.006259750171154099
2010-01-07,3471.46,-0.019840586380102332
2010-01-08,3480.13,0.002497508253011649
2010-01-11,3482.05,0.0005517035283164606
2010-01-12,3534.92,0.015183584382763016
2010-01-13,3421.14,-0.03218743281318959
2010-01-14,3469.05,0.01400410389519302
2010-01-15,3482.74,0.003946325362851333
2010-01-18,3500.68,0.005151116649534604
2010-01-19,3507.48,0.0019424797467921806
2010-01-20,3394.43,-0.03223111749746266
2010-01-21,3408.57,0.004165647840727482
2010-01-22,3366.2,-0.012430432703450567
2010-01-25,3328.01,-0.011345136949676093
2010-01-26,3242.8,-0.025603889411390024
2010-01-27,3198.57,-0.013639447391143422
2010-01-28,3206.57,0.002501117686966259
2010-01-29,3204.16,-0.0007515819083944164
2010-02-01,3152.71,-0.016057250574253445
2010-02-02,3146.19,-0.002068062079924937
2010-02-03,3230.72,0.02686741741598553
2010-02-04,3218.8,-0.003689580031695616
2010-02-05,3153.09,-0.020414440164036263
2010-02-08,3150.99,-0.0006660133392958345
2010-02-09,3169.19,0.0057759624752855565
2010-02-10,3214.13,0.014180279503595683
2010-02-11,3220.4,0.0019507611702078709
2010-02-12,3251.28,0.009588870947708328
2010-02-22,3233.35,-0.005514751113407712
2010-02-23,3198.63,-0.0107380889789227
2010-02-24,3244.48,0.014334261855857067
2010-02-25,3292.13,0.014686482887858787
2010-02-26,3281.67,-0.003177274287467391
2010-03-01,3324.42,0.013026903984861393
2010-03-02,3311.24,-0.003964601343993901
2010-03-03,3335.08,0.007199719742452926
2010-03-04,3250.57,-0.025339721985679464
2010-03-05,3259.76,0.0028271964609283273
2010-03-08,3286.18,0.008104891157631133
2010-03-09,3305.86,0.0059887163819389855
2010-03-10,3279.69,-0.007916245697034974
2010-03-11,3276.71,-0.0009086224612692151
2010-03-12,3233.13,-0.013299925840248306
2010-03-15,3183.18,-0.015449425170036557
2010-03-16,3203.97,0.006531204644412147
2010-03-17,3273.92,0.0218322893160674
2010-03-18,3267.55,-0.0019456797966962425
2010-03-19,3293.87,0.008054964728925196
2010-03-22,3302.63,0.002659485650617688
2010-03-23,3275.57,-0.008193470052655027
2010-03-24,3276.67,0.0003358194146361182
2010-03-25,3229.13,-0.014508632239438213
2010-03-26,3275.0,0.014205064522022859
2010-03-29,3358.54,0.025508396946564815
2010-03-30,3366.71,0.002432604643684444
2010-03-31,3345.61,-0.006267246065149612
2010-04-01,3391.94,0.013847997824014024
2010-04-02,3407.35,0.004543122814672396
2010-04-06,3405.15,-0.0006456630519318107
2010-04-07,3386.95,-0.005344845307842627
2010-04-08,3346.74,-0.011872038264515328
2010-04-09,3379.17,0.009690026712562139
2010-04-12,3351.48,-0.008194319906959402
2010-04-13,3391.72,0.012006635874300287
2010-04-14,3403.71,0.0035350795466606577
2010-04-15,3394.57,-0.0026853051523190175
2010-04-16,3356.33,-0.011265049770663227
2010-04-19,3176.42,-0.053603191581280685
2010-04-20,3173.37,-0.0009602004772669703
2010-04-21,3236.68,0.019950399732776125
2010-04-22,3201.54,-0.01085680388546284
2010-04-23,3190.0,-0.0036045153269989028
2010-04-26,3172.0,-0.005642633228840177
2010-04-27,3108.41,-0.020047288776797068
2010-04-28,3097.35,-0.0035580891838592477
2010-04-29,3060.06,-0.012039323938205282
2010-04-30,3067.37,0.002388842048848705
2010-05-04,3019.45,-0.015622503969198398
2010-05-05,3036.39,0.005610293265329691
2010-05-06,2896.86,-0.04595259502237847
2010-05-07,2836.79,-0.02073624545197217
2010-05-10,2858.23,0.007557838260851213
2010-05-11,2800.82,-0.02008585733128543
2010-05-12,2818.16,0.00619104405138482
2010-05-13,2886.91,0.024395350157549567
2010-05-14,2868.02,-0.0065433283337547055
2010-05-17,2714.72,-0.05345151010104543
2010-05-18,2771.35,0.020860346555077625
2010-05-19,2762.17,-0.0033124650441119785
2010-05-20,2726.02,-0.013087536248674092
2010-05-21,2768.79,0.015689540062068463
2010-05-24,2873.47,0.03780712874576975
2010-05-25,2813.94,-0.020717112063115217
2010-05-26,2813.94,0.0
2010-05-27,2859.98,0.016361400740598553
2010-05-28,2850.3,-0.0033846390534199022
2010-05-31,2773.26,-0.027028733817492934
2010-06-01,2744.16,-0.01049306592241639
2010-06-02,2757.53,0.004872164888344743
2010-06-03,2736.08,-0.007778700503711766
2010-06-04,2744.39,0.0030371918949738674
2010-06-07,2695.72,-0.01773435991240313
2010-06-08,2699.34,0.0013428694374788552
2010-06-09,2782.13,0.030670460186564164
2010-06-10,2750.02,-0.011541516751553682
2010-06-11,2758.87,0.003218158413393235
2010-06-17,2742.73,-0.005850221286251234
2010-06-18,2696.17,-0.016975786898455136
2010-06-21,2780.66,0.03133704477091559
2010-06-22,2783.72,0.0011004581646083533
2010-06-23,2758.5,-0.009059819234693123
2010-06-24,2757.5,-0.00036251586006885717
2010-06-25,2736.29,-0.007691749773345413
2010-06-28,2716.78,-0.007130092205138938
2010-06-29,2592.02,-0.04592201061550816
2010-06-30,2563.07,-0.011168895301733706
2010-07-01,2526.07,-0.014435813302016709
2010-07-02,2534.11,0.0031828096608566003
2010-07-05,2512.65,-0.008468456381135803
2010-07-06,2562.9,0.01999880604143045
2010-07-07,2580.48,0.006859417066604312
2010-07-08,2575.92,-0.0017671130952380265
2010-07-09,2647.1,0.027632845740550804
2010-07-12,2676.22,0.011000717766612489
2010-07-13,2634.59,-0.015555522341212491
2010-07-14,2653.61,0.007219339631593602
2010-07-15,2608.52,-0.016991946819615578
2010-07-16,2616.13,0.0029173631024490554
2010-07-19,2682.47,0.025358067068532497
2010-07-20,2741.5,0.022005837903126713
2010-07-21,2747.34,0.0021302206821083303
2010-07-22,2781.29,0.01235740752873693
2010-07-23,2793.08,0.004239040157624663
2010-07-26,2811.05,0.006433757715496924
2010-07-27,2795.72,-0.005453478237669285
2010-07-28,2863.72,0.024322893565879244
2010-07-29,2877.98,0.004979537105582965
2010-07-30,2868.85,-0.0031723639497147627
2010-08-02,2917.27,0.016877843038151097
2010-08-03,2865.97,-0.017584933859395968
2010-08-04,2876.43,0.0036497241771547007
2010-08-05,2850.83,-0.008899921082730966
2010-08-06,2897.66,0.016426795003560368
2010-08-09,2918.24,0.007102282531421977
2010-08-10,2832.64,-0.029332748505948802
2010-08-11,2850.21,0.006202694306371548
2010-08-12,2816.39,-0.011865792345125525
2010-08-13,2855.55,0.013904324330082263
2010-08-16,2922.08,0.023298488907565806
2010-08-17,2942.29,0.006916306192848998
2010-08-18,2937.36,-0.0016755656308521383
2010-08-19,2955.4,0.006141569300324168
2010-08-20,2898.33,-0.019310414833863532
2010-08-23,2896.19,-0.0007383562258265197
2010-08-24,2911.83,0.005400198191416905
2010-08-25,2843.02,-0.023631187260245268
2010-08-26,2850.09,0.002486792213913347
2010-08-27,2858.57,0.002975344638239452
2010-08-30,2915.01,0.019744137803167305
2010-08-31,2903.19,-0.0040548745973427724
2010-09-01,2884.04,-0.006596192464151551
2010-09-02,2921.39,0.012950583209664135
2010-09-03,2920.21,-0.0004039173133336682
2010-09-06,2975.09,0.018793168984422293
2010-09-07,2983.11,0.0026957167682322147
2010-09-08,2980.97,-0.0007173721384730047
2010-09-09,2926.46,-0.01828599415626453
2010-09-10,2932.55,0.002081012554417283
2010-09-13,2962.32,0.010151574568208588
2010-09-14,2965.01,0.0009080720516352336
2010-09-15,2913.19,-0.01747717545640659
2010-09-16,2857.79,-0.019016953923362445
2010-09-17,2861.37,0.0012527162597670838
2010-09-20,2849.83,-0.004033033127487817
2010-09-21,2857.48,0.0026843706466701533
2010-09-27,2905.03,0.016640536416702822
2010-09-28,2880.91,-0.008302840246056098
2010-09-29,2874.81,-0.0021173865202314124
2010-09-30,2935.57,0.021135309811779024
2010-10-08,3044.23,0.037014957912773205
2010-10-11,3132.9,0.02912723414459495
2010-10-12,3172.73,0.01271346037217902
2010-10-13,3217.58,0.014136091000494844
2010-10-14,3224.14,0.0020387993460924125
2010-10-15,3327.68,0.03211399008727911
2010-10-18,3306.16,-0.006466967977690197
2010-10-19,3375.67,0.021024390834079476
2010-10-20,3396.88,0.006283197113462036
2010-10-21,3374.69,-0.006532465085608008
2010-10-22,3378.66,0.0011764043512143552
2010-10-25,3481.08,0.030313793042211934
2010-10-26,3466.08,-0.0043090075493812385
2010-10-27,3403.87,-0.017948229700410878
2010-10-28,3397.69,-0.0018155805010179327
2010-10-29,3379.98,-0.0052123648714274
2010-11-01,3473.0,0.0275208729045735
2010-11-02,3463.13,-0.002841923409156344
2010-11-03,3420.34,-0.012355874598989902
2010-11-04,3480.5,0.01758889467128988
2010-11-05,3520.8,0.011578796149978476
2010-11-08,3548.57,0.00788741195182907
2010-11-09,3523.95,-0.006938006013690101
2010-11-10,3499.11,-0.007048908185416813
2010-11-11,3509.98,0.003106504225360185
2010-11-12,3291.83,-0.06215135128975091
2010-11-15,3314.89,0.007005222019363044
2010-11-16,3169.54,-0.043847608819598816
2010-11-17,3103.91,-0.020706474756589266
2010-11-18,3147.96,0.014191777467774669
2010-11-19,3178.85,0.009812704100433223
2010-11-22,3171.94,-0.0021737420765370885
2010-11-23,3107.18,-0.02041652742485678
2010-11-24,3177.04,0.022483409393726728
2010-11-25,3223.48,0.014617379699342736
2010-11-26,3194.85,-0.008881705485996538
2010-11-29,3190.05,-0.001502417953894497
2010-11-30,3136.99,-0.0166329681352958
2010-12-01,3136.02,-0.00030921360922409047
2010-12-02,3155.06,0.00607138985083
2010-12-03,3158.16,0.0009825486678540774
2010-12-06,3165.57,0.0023463029105557087
2010-12-07,3200.34,0.010983803864706765
2010-12-08,3171.88,-0.008892805139453897
2010-12-09,3123.37,-0.015293768995043977
2010-12-10,3161.98,0.01236164783551108
2010-12-13,3261.06,0.03133479655152782
2010-12-14,3269.47,0.002578916057968783
2010-12-15,3247.64,-0.006676923171033855
2010-12-16,3230.67,-0.005225332857090037
2010-12-17,3225.66,-0.0015507619162589137
2010-12-20,3178.66,-0.014570661508032434
2010-12-21,3249.51,0.022289266546280606
2010-12-22,3215.45,-0.010481580299799176
2010-12-23,3188.61,-0.008347198681366463
2010-12-24,3162.96,-0.00804425752914284
2010-12-27,3099.71,-0.01999709133216987
2010-12-28,3044.93,-0.017672620987124632
2010-12-29,3061.83,0.0055502096928337075
2010-12-30,3064.1,0.0007413866870467078
2010-12-31,3128.26,0.02093926438432181
2011-01-04,3189.68,0.019633917896849873
2011-01-05,3175.66,-0.004395425246419671
2011-01-06,3159.64,-0.005044620645787035
2011-01-07,3166.62,0.0022091124305301246
2011-01-10,3108.19,-0.01845185086938117
2011-01-11,3124.92,0.00538255383358166
2011-01-12,3142.34,0.005574542708293384
2011-01-13,3141.28,-0.0003373282331001759
2011-01-14,3091.86,-0.015732440279121906
2011-01-17,2974.35,-0.03800624866585167
2011-01-18,2977.65,0.0011094861062082018
2011-01-19,3044.85,0.0225681325877789
2011-01-20,2944.71,-0.03288831962165617
2011-01-21,2983.46,0.013159190548475141
2011-01-24,2954.23,-0.009797349386283072
2011-01-25,2938.65,-0.005273793848143193
2011-01-26,2978.43,0.013536828135368273
2011-01-27,3026.47,0.016129303022061947
2011-01-28,3036.74,0.003393392301922704
2011-01-31,3076.51,0.013096280880154465
2011-02-01,3077.28,0.0002502836005733311
2011-02-09,3040.95,-0.011805880517860023
2011-02-10,3104.16,0.020786267449316886
2011-02-11,3120.96,0.00541209216019789
2011-02-14,3219.14,0.031458269250487
2011-02-15,3217.67,-0.00045664369987008513
2011-02-16,3248.53,0.009590790851765396
2011-02-17,3245.91,-0.0008065186407391067
2011-02-18,3211.88,-0.01048396289484299
2011-02-21,3257.91,0.014331170529409576
2011-02-22,3163.58,-0.028954145449076263
2011-02-23,3174.74,0.003527649055816484
2011-02-24,3190.94,0.005102780070179058
2011-02-25,3197.62,0.0020934270152368484
2011-02-28,3239.56,0.013116005028740219
2011-03-01,3254.89,0.004732124115620628
2011-03-02,3243.3,-0.0035607962173835883
2011-03-03,3221.72,-0.006653716893287864
2011-03-04,3270.67,0.015193747439256056
2011-03-07,3334.51,0.019518936487019634
2011-03-08,3337.46,0.0008846877052399726
2011-03-09,3338.86,0.00041948068291453033
2011-03-10,3280.26,-0.017550900606793873
2011-03-11,3247.38,-0.01002359569058553
2011-03-14,3262.92,0.004785396227112271
2011-03-15,3203.96,-0.01806970443651701
2011-03-16,3248.2,0.013807912708023728
2011-03-17,3197.1,-0.01573178991441415
2011-03-18,3215.69,0.005814644521597634
2011-03-21,3207.11,-0.0026681676405374555
2011-03-22,3222.96,0.004942144173414764
2011-03-23,3264.93,0.013022190781145193
2011-03-24,3251.36,-0.004156291252798594
2011-03-25,3294.48,0.013262142611091932
2011-03-28,3290.57,-0.0011868337340035229
2011-03-29,3257.98,-0.00990405917515813
2011-03-30,3256.08,-0.0005831834449566697
2011-03-31,3223.29,-0.010070391390874955
2011-04-01,3272.73,0.015338365458894554
2011-04-06,3311.07,0.011714990237508216
2011-04-07,3324.42,0.004031929255497335
2011-04-08,3353.36,0.008705277913139797
2011-04-11,3333.43,-0.005943292697473623
2011-04-12,3326.77,-0.00199794205968018
2011-04-13,3372.03,0.013604787827231846
2011-04-14,3353.56,-0.005477412715782504
2011-04-15,3358.94,0.0016042653180501354
2011-04-18,3359.44,0.00014885648448625943
2011-04-19,3295.81,-0.01894065677612944
2011-04-20,3295.76,-1.5170777441619876e-05
2011-04-21,3317.37,0.006556909483700135
2011-04-22,3299.94,-0.005254162182692812
2011-04-25,3249.57,-0.01526391388934345
2011-04-26,3230.96,-0.005726911560606562
2011-04-27,3209.5,-0.006641988758758988
2011-04-28,3161.78,-0.014868359557563382
2011-04-29,3192.72,0.009785627083478188
2011-05-03,3211.13,0.005766243203287669
2011-05-04,3129.03,-0.025567323652421425
2011-05-05,3126.12,-0.0009300006711345787
2011-05-06,3121.4,-0.00150985886658217
2011-05-09,3129.76,0.0026782853847633348
2011-05-10,3153.22,0.007495782424211228
2011-05-11,3145.09,-0.0025783167682558172
2011-05-12,3101.6,-0.013827903176061862
2011-05-13,3128.09,0.00854075315965952
2011-05-16,3100.46,-0.008832866062037925
2011-05-17,3116.03,0.005021835469575464
2011-05-18,3139.38,0.007493509369293605
2011-05-19,3120.64,-0.005969331524058985
2011-05-20,3121.6,0.00030762920426585794
2011-05-23,3022.98,-0.03159277293695539
2011-05-24,3026.22,0.0010717900879264608
2011-05-25,2990.34,-0.011856375280052234
2011-05-26,2978.38,-0.003999545202217791
2011-05-27,2963.31,-0.0050597976080957174
2011-05-30,2954.51,-0.0029696521794884134
2011-05-31,3001.56,0.015924806482292997
2011-06-01,3004.17,0.0008695478351257169
2011-06-02,2955.71,-0.016130911366533884
2011-06-03,2986.35,0.010366375591651433
2011-06-07,3004.26,0.005997287658847883
2011-06-08,3008.65,0.0014612583464812534
2011-06-09,2951.89,-0.018865604174629902
2011-06-10,2961.93,0.0034012107497229938
2011-06-13,2950.35,-0.003909612988828193
2011-06-14,2993.56,0.014645719999322182
2011-06-15,2963.12,-0.010168495036010694
2011-06-16,2917.58,-0.015368935446421372
2011-06-17,2892.16,-0.008712700251578442
2011-06-20,2874.9,-0.005967857933171006
2011-06-21,2909.07,0.011885630804549852
2011-06-22,2908.58,-0.00016843871065330696
2011-06-23,2957.63,0.016863899222300915
2011-06-24,3027.47,0.02361350135074347
2011-06-27,3036.49,0.002979385427436032
2011-06-28,3041.73,0.0017256766859103934
2011-06-29,3000.17,-0.013663277148201813
2011-06-30,3044.09,0.014639170447008132
2011-07-01,3049.75,0.0018593405582620903
2011-07-04,3121.98,0.02368390851709168
2011-07-05,3122.5,0.0001665609645160604
2011-07-06,3113.71,-0.002815052041633348
2011-07-07,3101.68,-0.003863558263293654
2011-07-08,3109.18,0.002418044414639775
2011-07-11,3113.21,0.0012961616889342054
2011-07-12,3056.91,-0.0180842281760627
2011-07-13,3106.25,0.01614048172828131
2011-07-14,3115.75,0.003058350100603624
2011-07-15,3128.89,0.004217283158148177
2011-07-18,3122.6,-0.0020102975815704527
2011-07-19,3095.13,-0.008797156215973767
2011-07-20,3091.57,-0.0011501940144679201
2011-07-21,3059.14,-0.010489815854080708
2011-07-22,3067.99,0.00289296991965049
2011-07-25,2968.29,-0.032496846469512564
2011-07-26,2977.77,0.003193758022295601
2011-07-27,3000.05,0.007482109095061196
2011-07-28,2981.0,-0.00634989416843057
2011-07-29,2972.08,-0.0029922844682992444
2011-08-01,2977.72,0.001897660897418607
2011-08-02,2956.38,-0.007166556963045467
2011-08-03,2954.87,-0.0005107597805424913
2011-08-04,2960.31,0.0018410285393266612
2011-08-05,2897.42,-0.021244396701696755
2011-08-08,2793.9,-0.035728337624507334
2011-08-09,2798.19,0.0015354880274884852
2011-08-10,2824.12,0.009266704548297255
2011-08-11,2866.92,0.015155163378326675
2011-08-12,2875.37,0.002947413949464961
2011-08-15,2917.88,0.014784184296281921
2011-08-16,2897.58,-0.006957105843969025
2011-08-17,2886.01,-0.00399298725143038
2011-08-18,2834.25,-0.01793479579072843
2011-08-19,2807.66,-0.00938167063597073
2011-08-22,2777.79,-0.010638752555508835
2011-08-23,2821.0,0.01555553155566125
2011-08-24,2810.02,-0.003892236795462578
2011-08-25,2903.84,0.033387662721261924
2011-08-26,2901.22,-0.0009022535676898036
2011-08-29,2852.81,-0.016686083785441896
2011-08-30,2841.74,-0.003880384603250908
2011-08-31,2846.78,0.00177356126880035
2011-09-01,2834.53,-0.004303107370432602
2011-09-02,2803.85,-0.010823663887840396
2011-09-05,2743.82,-0.02140984717442085
2011-09-06,2723.3,-0.007478624691124036
2011-09-07,2779.09,0.02048617486138138
2011-09-08,2756.11,-0.008268893774580843
2011-09-09,2751.1,-0.0018177794064824226
2011-09-13,2720.28,-0.011202791610628315
2011-09-14,2733.11,0.0047164262502388254
2011-09-15,2729.05,-0.00148548722883457
2011-09-16,2733.99,0.0018101537164945114
2011-09-19,2679.27,-0.02001470378457848
2011-09-20,2689.85,0.003948836810026668
2011-09-21,2771.01,0.030172686209268385
2011-09-22,2685.69,-0.030790217285394217
2011-09-23,2669.48,-0.006035692875946186
2011-09-26,2610.92,-0.021936856616269762
2011-09-27,2637.88,0.010325862148208298
2011-09-28,2610.59,-0.010345428905029763
2011-09-29,2588.19,-0.008580435840174094
2011-09-30,2581.35,-0.0026427735212639636
2011-10-10,2557.08,-0.00940205706316466
2011-10-11,2551.99,-0.001990551723059175
2011-10-12,2644.76,0.03635202332297549
2011-10-13,2662.6,0.006745413572498027
2011-10-14,2653.78,-0.00331255164125277
2011-10-17,2666.95,0.00496273240434375
2011-10-18,2592.21,-0.028024522394495488
2011-10-19,2583.08,-0.0035220911885996964
2011-10-20,2520.53,-0.02421527788531508
2011-10-21,2507.88,-0.005018785731572328
2011-10-24,2576.67,0.027429542083353242
2011-10-25,2625.43,0.018923649516624064
2011-10-26,2651.65,0.009986935473427216
2011-10-27,2657.48,0.002198631041049781
2011-10-28,2709.02,0.01939431340969633
2011-10-31,2695.31,-0.005060870720777322
2011-11-01,2697.53,0.0008236529378811142
2011-11-02,2742.39,0.016630028210992798
2011-11-03,2744.3,0.0006964727846878738
2011-11-04,2763.75,0.00708741755638953
2011-11-07,2736.25,-0.00995024875621886
2011-11-08,2727.71,-0.0031210598446779203
2011-11-09,2751.65,0.008776592819617957
2011-11-10,2699.59,-0.018919557356495198
2011-11-11,2695.0,-0.0017002581873544198
2011-11-14,2750.2,0.020482374768088896
2011-11-15,2744.68,-0.0020071267544178317
2011-11-16,2670.12,-0.027165279741172
2011-11-17,2662.02,-0.003033571524875267
2011-11-18,2606.5,-0.020856342176242104
2011-11-21,2609.69,0.0012238634183772135
2011-11-22,2609.48,-8.046932777461269e-05
2011-11-23,2584.01,-0.009760565323359338
2011-11-24,2588.92,0.0019001474452498002
2011-11-25,2569.97,-0.007319654527756847
2011-11-28,2573.32,0.0013035171616790908
2011-11-29,2608.57,0.013698257503924838
2011-11-30,2521.52,-0.03337077402561561
2011-12-01,2583.61,0.024624036295567864
2011-12-02,2557.31,-0.010179554963791082
2011-12-05,2521.39,-0.014046009283192107
2011-12-06,2516.34,-0.002002863499894758
2011-12-07,2528.23,0.00472511663765629
2011-12-08,2525.0,-0.0012775736384743608
2011-12-09,2503.46,-0.008530693069306872
2011-12-12,2477.69,-0.010293753445231757
2011-12-13,2421.93,-0.022504833130859936
2011-12-14,2397.48,-0.010095254610992033
2011-12-15,2340.79,-0.023645661277674868
2011-12-16,2390.13,0.021078353889071755
2011-12-19,2384.41,-0.00239317526661742
2011-12-20,2377.07,-0.0030783296496825763
2011-12-21,2339.11,-0.015969239441833816
2011-12-22,2341.34,0.00095335405346475
2011-12-23,2359.16,0.007611026164503931
2011-12-26,2335.7,-0.009944217433323743
2011-12-27,2305.03,-0.013130967161878448
2011-12-28,2307.93,0.0012581181155992827
2011-12-29,2311.36,0.0014861802567669447
2011-12-30,2345.74,0.014874359684341476
2012-01-04,2298.75,-0.02003205811385733
2012-01-05,2276.39,-0.009727025557368152
2012-01-06,2290.6,0.006242339845105693
2012-01-09,2368.57,0.03403911638871926
2012-01-10,2447.35,0.03326057494606438
2012-01-11,2435.61,-0.00479702535395421
2012-01-12,2435.22,-0.00016012415780863876
2012-01-13,2394.33,-0.016791090743341397
2012-01-16,2345.65,-0.020331366185947553
2012-01-17,2460.6,0.04900560612197036
2012-01-18,2422.19,-0.015610013817767943
2012-01-19,2468.35,0.019057134246281304
2012-01-20,2504.09,0.014479308039783811
2012-01-30,2460.72,-0.017319665028014297
2012-01-31,2464.26,0.0014386033356093009
2012-02-01,2428.99,-0.014312613117122508
2012-02-02,2486.24,0.023569467144780365
2012-02-03,2506.09,0.007983943625716083
2012-02-06,2504.32,-0.0007062795031304026
2012-02-07,2457.95,-0.018516004344492853
2012-02-08,2528.24,0.028597001566345925
2012-02-09,2529.23,0.0003915767490429989
2012-02-10,2533.62,0.0017357061239982041
2012-02-13,2531.98,-0.0006472951744933564
2012-02-14,2522.11,-0.0038981350563590533
2012-02-15,2549.61,0.01090356883720367
2012-02-16,2536.07,-0.005310616133447854
2012-02-17,2537.09,0.00040219710023770006
2012-02-20,2540.71,0.001426831527458594
2012-02-21,2562.45,0.008556663294905675
2012-02-22,2597.48,0.013670510644110179
2012-02-23,2606.26,0.0033801992700617234
2012-02-24,2648.02,0.01602296010375004
2012-02-27,2656.57,0.0032288275768310726
2012-02-28,2662.46,0.0022171446639840386
2012-02-29,2634.14,-0.01063677951969233
2012-03-01,2633.35,-0.0002999081294084993
2012-03-02,2679.93,0.017688495642432578
2012-03-05,2662.7,-0.006429272406368813
2012-03-06,2621.05,-0.015642017501032668
2012-03-07,2603.0,-0.006886553098948922
2012-03-08,2635.79,0.012597003457548883
2012-03-09,2664.3,0.010816491450381216
2012-03-12,2654.4,-0.003715797770521334
2012-03-13,2681.07,0.010047468354430489
2012-03-14,2605.11,-0.02833197193657755
2012-03-15,2585.55,-0.007508320186095818
2012-03-16,2623.52,0.014685463441047375
2012-03-19,2630.01,0.002473775690675195
2012-03-20,2584.45,-0.017323128048942982
2012-03-21,2587.79,0.0012923445994312832
2012-03-22,2583.75,-0.0015611776844334235
2012-03-23,2552.94,-0.011924528301886728
2012-03-26,2555.44,0.0009792631240843619
2012-03-27,2547.14,-0.0032479729518205547
2012-03-28,2474.9,-0.028361220820213973
2012-03-29,2443.12,-0.01284092286557037
2012-03-30,2454.9,0.004821703395658128
2012-04-05,2512.83,0.02359770255407545
2012-04-06,2519.83,0.0027857037682612606
2012-04-09,2495.15,-0.009794311521015286
2012-04-10,2519.79,0.009875157806143786
2012-04-11,2520.04,9.921461709105905e-05
2012-04-12,2570.44,0.01999968254472151
2012-04-13,2580.45,0.003894274910132056
2012-04-16,2574.04,-0.002484062857253555
2012-04-17,2541.88,-0.012493978337554945
2012-04-18,2599.91,0.022829559223881413
2012-04-19,2596.06,-0.0014808204899400268
2012-04-20,2626.84,0.011856428587937229
2012-04-23,2606.04,-0.007918259201169509
2012-04-24,2604.87,-0.00044895703826497435
2012-04-25,2625.99,0.008107890221008995
2012-04-26,2631.49,0.002094448189063902
2012-04-27,2626.16,-0.002025468460833957
2012-05-02,2683.49,0.021830353063027275
2012-05-03,2691.52,0.0029923718739404137
2012-05-04,2715.88,0.009050647961003522
2012-05-07,2717.78,0.0006995890834646801
2012-05-08,2709.12,-0.003186424213880601
2012-05-09,2657.51,-0.01905046657217091
2012-05-10,2657.21,-0.00011288762789229967
2012-05-11,2636.92,-0.007635828557020274
2012-05-14,2615.53,-0.008111736419762372
2012-05-15,2617.37,0.0007034903059799369
2012-05-16,2574.65,-0.016321727535655972
2012-05-17,2613.94,0.01526032664634025
2012-05-18,2573.98,-0.015287267496576051
2012-05-21,2587.23,0.005147670145067229
2012-05-22,2627.52,0.01557263946382803
2012-05-23,2616.87,-0.0040532517354768816
2012-05-24,2595.26,-0.008257957024995433
2012-05-25,2573.1,-0.008538643527045586
2012-05-28,2614.69,0.016163382690140393
2012-05-29,2650.85,0.013829555320133524
2012-05-30,2642.26,-0.0032404700379122797
2012-05-31,2632.04,-0.0038679009635691486
2012-06-01,2633.0,0.00036473609823550746
2012-06-04,2559.03,-0.028093429548043947
2012-06-05,2558.84,-7.424688260793122e-05
2012-06-06,2557.4,-0.0005627549983586722
2012-06-07,2542.18,-0.005951356846797595
2012-06-08,2524.33,-0.00702153270028083
2012-06-11,2558.26,0.013441190335653497
2012-06-12,2540.18,-0.007067303557887095
2012-06-13,2580.64,0.015928005102000764
2012-06-14,2560.42,-0.007835265670531277
2012-06-15,2568.05,0.0029799798470564465
2012-06-18,2581.21,0.005124510815599281
2012-06-19,2558.62,-0.008751709469589919
2012-06-20,2552.61,-0.0023489224660167007
2012-06-21,2512.19,-0.015834773036225713
2012-06-25,2456.52,-0.02215994809309807
2012-06-26,2454.92,-0.0006513278947454237
2012-06-27,2447.2,-0.0031447053264466174
2012-06-28,2425.73,-0.00877329192546572
2012-06-29,2461.61,0.014791423612685817
2012-07-02,2465.24,0.0014746446431399551
2012-07-03,2468.72,0.0014116272654995932
2012-07-04,2464.92,-0.0015392592112510872
2012-07-05,2430.37,-0.014016682082988563
2012-07-06,2472.61,0.017380069701321332
2012-07-09,2416.04,-0.02287865858344018
2012-07-10,2406.71,-0.0038616910316053854
2012-07-11,2425.57,0.00783642399790585
2012-07-12,2449.18,0.009733794530770057
2012-07-13,2450.63,0.000592034885145365
2012-07-16,2399.73,-0.020770169303403696
2012-07-17,2414.2,0.006029845024231761
2012-07-18,2414.34,5.799022450525548e-05
2012-07-19,2424.32,0.004133634865014946
2012-07-20,2398.46,-0.010666908658922947
2012-07-23,2365.43,-0.013771336607656615
2012-07-24,2375.99,0.004464304587326495
2012-07-25,2360.08,-0.006696156128603192
2012-07-26,2347.49,-0.0053345649300023945
2012-07-27,2349.11,0.0006900987863633912
2012-07-30,2335.79,-0.005670232556159616
2012-07-31,2332.92,-0.0012287063477453009
2012-08-01,2358.65,0.01102909658282325
2012-08-02,2334.88,-0.010077798740805166
2012-08-03,2353.74,0.008077502912355206
2012-08-06,2385.61,0.013540153118016596
2012-08-07,2388.87,0.00136652680027316
2012-08-08,2389.79,0.00038511932419926787
2012-08-09,2411.7,0.009168169588122721
2012-08-10,2399.75,-0.004955010988099584
2012-08-13,2351.93,-0.019927075737055988
2012-08-14,2357.02,0.0021641800563791946
2012-08-15,2331.62,-0.010776319250579203
2012-08-16,2319.67,-0.00512519192664318
2012-08-17,2313.48,-0.0026684830169808604
2012-08-20,2301.79,-0.005052993758320801
2012-08-21,2313.7,0.005174233965739683
2012-08-22,2295.59,-0.007827289622682088
2012-08-23,2302.2,0.0028794340452780176
2012-08-24,2275.68,-0.011519416210581168
2012-08-27,2228.2,-0.02086409336989381
2012-08-28,2238.41,0.004582173952069057
2012-08-29,2214.81,-0.010543198073632576
2012-08-30,2211.37,-0.0015531806340047805
2012-08-31,2204.87,-0.0029393543369042874
2012-09-03,2228.37,0.010658224747944312
2012-09-04,2204.41,-0.010752253889614427
2012-09-05,2199.88,-0.00205497162506052
2012-09-06,2217.82,0.008154990272196683
2012-09-07,2317.18,0.044800750286317026
2012-09-10,2326.67,0.004095495386633896
2012-09-11,2311.89,-0.00635242642918854
2012-09-12,2320.07,0.0035382306251596773
2012-09-13,2298.46,-0.00931437413526326
2012-09-14,2315.54,0.007431062537525124
2012-09-17,2258.71,-0.024542871209307537
2012-09-18,2235.24,-0.010390886833635204
2012-09-19,2246.24,0.004921171775737809
2012-09-20,2195.95,-0.022388524823705347
2012-09-21,2199.06,0.0014162435392428563
2012-09-24,2215.52,0.00748501632515719
2012-09-25,2210.15,-0.0024238102115980986
2012-09-26,2184.89,-0.011429088523403519
2012-09-27,2251.72,0.030587352223681696
2012-09-28,2293.11,0.01838150391700588
2012-10-08,2270.05,-0.010056211869469811
2012-10-09,2320.16,0.022074403647496688
2012-10-10,2324.12,0.00170677884283843
2012-10-11,2302.53,-0.009289537545393411
2012-10-12,2304.53,0.0008686097466699128
2012-10-15,2294.86,-0.004196083366239556
2012-10-16,2298.16,0.0014379962176340744
2012-10-17,2300.8,0.001148745083022984
2012-10-18,2336.08,0.015333796940194544
2012-10-19,2332.47,-0.0015453237902811612
2012-10-22,2341.59,0.003910018135281579
2012-10-23,2312.08,-0.012602547841424117
2012-10-24,2307.78,-0.0018597972388497697
2012-10-25,2291.24,-0.007167060985016072
2012-10-26,2247.91,-0.018911157277282098
2012-10-29,2235.85,-0.005364983473537643
2012-10-30,2239.88,0.0018024464968580123
2012-10-31,2254.82,0.006670000178581104
2012-11-01,2297.88,0.019096868042681958
2012-11-02,2306.77,0.003868783400351683
2012-11-05,2301.88,-0.0021198472322770945
2012-11-06,2292.21,-0.00420091403548406
2012-11-07,2287.5,-0.002054785556297234
2012-11-08,2245.41,-0.018400000000000083
2012-11-09,2240.92,-0.001999634810568973
2012-11-12,2251.85,0.004877461042785969
2012-11-13,2212.44,-0.017501165708195376
2012-11-14,2223.11,0.004822729655945546
2012-11-15,2193.62,-0.013265200552379453
2012-11-16,2177.24,-0.007467109162024421
2012-11-19,2174.99,-0.001033418456394375
2012-11-20,2164.88,-0.004648297233550314
2012-11-21,2194.9,0.01386681940800405
2012-11-22,2177.55,-0.007904688140689786
2012-11-23,2192.68,0.006948175702050419
2012-11-26,2175.6,-0.007789554335333904
2012-11-27,2150.64,-0.01147269718698296
2012-11-28,2129.16,-0.009987724584309743
2012-11-29,2115.68,-0.006331135283398126
2012-11-30,2139.66,0.011334417303183963
2012-12-03,2108.85,-0.014399484030172993
2012-12-04,2131.47,0.010726225193826044
2012-12-05,2207.88,0.03584849892327835
2012-12-06,2203.6,-0.001938511150968436
2012-12-07,2246.76,0.01958613178435309
2012-12-10,2271.05,0.010811123573501336
2012-12-11,2258.5,-0.005526078245745469
2012-12-12,2267.77,0.0041044941332741836
2012-12-13,2242.64,-0.011081370685739778
2012-12-14,2355.87,0.050489601541040985
2012-12-17,2366.7,0.0045970278495841566
2012-12-18,2368.12,0.0005999915494148134
2012-12-19,2371.11,0.0012626049355608515
2012-12-20,2384.82,0.005782102053468741
2012-12-21,2372.0,-0.005375667765282199
2012-12-24,2381.22,0.003887015177065578
2012-12-25,2448.4,0.028212428922989252
2012-12-26,2457.62,0.0037657245548112783
2012-12-27,2444.59,-0.005301877426127644
2012-12-28,2480.05,0.014505499899778673
2012-12-31,2522.95,0.017298038346000855
2013-01-04,2524.41,0.0005786876473969915
2013-01-07,2535.99,0.00458721047690358
2013-01-08,2525.33,-0.00420348660680836
2013-01-09,2526.13,0.0003167902808742795
2013-01-10,2530.57,0.0017576292589851494
2013-01-11,2483.23,-0.01870724777421695
2013-01-14,2577.73,0.03805527478324611
2013-01-15,2595.86,0.007033320014121047
2013-01-16,2577.09,-0.007230744339063011
2013-01-17,2552.76,-0.009440880993678902
2013-01-18,2595.44,0.016719158871182582
2013-01-21,2610.9,0.0059566008075702115
2013-01-22,2596.9,-0.0053621356620322524
2013-01-23,2607.46,0.004066386845854586
2013-01-24,2582.75,-0.009476655442461235
2013-01-25,2571.67,-0.0042900009679605056
2013-01-28,2651.86,0.031182072349873913
2013-01-29,2675.87,0.009054022459707545
2013-01-30,2688.71,0.004798439386068942
2013-01-31,2686.88,-0.0006806237935663706
2013-02-01,2743.32,0.021005776216280525
2013-02-04,2748.03,0.001716897773500703
2013-02-05,2771.68,0.00860616514375745
2013-02-06,2775.84,0.0015008947641863557
2013-02-07,2759.87,-0.0057532134416969916
2013-02-08,2771.73,0.004297303858515011
2013-02-18,2737.47,-0.012360511305213762
2013-02-19,2685.61,-0.018944499848400076
2013-02-20,2702.64,0.006341203674397944
2013-02-21,2610.55,-0.03407409051889998
2013-02-22,2596.6,-0.005343701518837118
2013-02-25,2604.96,0.0032195948548101594
2013-02-26,2567.6,-0.014341870892451425
2013-02-27,2594.68,0.010546814145505401
2013-02-28,2673.33,0.03031202306257419
2013-03-01,2668.84,-0.0016795532164004534
2013-03-04,2545.72,-0.046132402092294855
2013-03-05,2622.81,0.030282199142089627
2013-03-06,2650.2,0.010442998158463501
2013-03-07,2619.48,-0.011591577994113589
2013-03-08,2606.93,-0.004791027226777933
2013-03-11,2592.37,-0.005585113524336993
2013-03-12,2555.62,-0.014176217129499236
2013-03-13,2527.49,-0.011007113733653706
2013-03-14,2534.27,0.002682503194869401
2013-03-15,2539.87,0.0022097093048489835
2013-03-18,2502.49,-0.014717288680129337
2013-03-19,2525.1,0.009035001138865795
2013-03-20,2610.17,0.03368975486119363
2013-03-21,2614.99,0.0018466230168914244
2013-03-22,2618.31,0.0012696033254429029
2013-03-25,2613.1,-0.0019898331366415833
2013-03-26,2575.05,-0.014561249091117778
2013-03-27,2583.53,0.003293139939030354
2013-03-28,2499.3,-0.032602679279900015
2013-03-29,2495.08,-0.0016884727723763815
2013-04-01,2493.19,-0.000757490741779776
2013-04-02,2486.39,-0.002727429518007085
2013-04-03,2483.55,-0.001142218236077075
2013-04-08,2472.3,-0.004529806124297875
2013-04-09,2489.43,0.006928770780245008
2013-04-10,2485.31,-0.0016549973287057762
2013-04-11,2477.88,-0.0029895666938932752
2013-04-12,2462.11,-0.006364311427510594
2013-04-15,2436.82,-0.010271677544870017
2013-04-16,2459.59,0.009344145238466606
2013-04-17,2458.47,-0.00045536044625338334
2013-04-18,2464.85,0.002595109966768039
2013-04-19,2533.83,0.027985475789601866
2013-04-22,2530.67,-0.0012471239191262917
2013-04-23,2449.47,-0.03208636448055269
2013-04-24,2495.58,0.01882448039780038
2013-04-25,2467.88,-0.011099624135471386
2013-04-26,2447.31,-0.008335089226380599
2013-05-02,2449.64,0.0009520657374830765
2013-05-03,2492.91,0.017663819989875984
2013-05-06,2525.98,0.013265621302012587
2013-05-07,2529.94,0.0015677083745715414
2013-05-08,2542.8,0.005083124500976366
2013-05-09,2527.79,-0.005902941639138071
2013-05-10,2540.84,0.0051626124005554885
2013-05-13,2530.77,-0.00396325624596594
2013-05-14,2493.34,-0.014789965109432979
2013-05-15,2506.93,0.005450520185774854
2013-05-16,2552.71,0.018261379456147697
2013-05-17,2592.05,0.015411072938171566
2013-05-20,2609.61,0.006774560675912866
2013-05-21,2614.85,0.002007962875678615
2013-05-22,2618.03,0.0012161309444136403
2013-05-23,2582.85,-0.013437584748837939
2013-05-24,2597.23,0.005567493272935042
2013-05-27,2599.59,0.0009086603804824289
2013-05-28,2644.36,0.017221946537723243
2013-05-29,2642.56,-0.0006806940053548649
2013-05-30,2634.32,-0.0031181884233469903
2013-05-31,2606.43,-0.010587172401226974
2013-06-03,2602.62,-0.0014617695468513991
2013-06-04,2565.67,-0.014197232020041306
2013-06-05,2560.54,-0.0019994777192702262
2013-06-06,2527.85,-0.012766838245057754
2013-06-07,2484.16,-0.017283462230749502
2013-06-13,2399.94,-0.033902808192708966
2013-06-14,2416.77,0.007012675316882877
2013-06-17,2403.84,-0.005350116064002708
2013-06-18,2418.75,0.006202575878594185
2013-06-19,2400.76,-0.007437726098191155
2013-06-20,2321.47,-0.03302704143687851
2013-06-21,2317.39,-0.0017575070967963402
2013-06-24,2171.21,-0.06307958522303103
2013-06-25,2165.42,-0.0026667157944187947
2013-06-26,2168.3,0.0013299960284840484
2013-06-27,2160.74,-0.0034866024074161617
2013-06-28,2200.64,0.018465895943056587
2013-07-01,2213.32,0.005761960157045332
2013-07-02,2221.98,0.003912674172735997
2013-07-03,2203.83,-0.008168390354548638
2013-07-04,2221.98,0.008235662460353232
2013-07-05,2226.85,0.002191738899540052
2013-07-08,2163.62,-0.02839436872712575
2013-07-09,2162.67,-0.0004390789510172466
2013-07-10,2224.06,0.02838620778944545
2013-07-11,2326.69,0.0461453378056349
2013-07-12,2275.37,-0.022057085387395925
2013-07-15,2307.3,0.01403288256415447
2013-07-16,2317.85,0.004572443982143515
2013-07-17,2282.84,-0.015104514959984328
2013-07-18,2245.33,-0.01643128734383492
2013-07-19,2190.48,-0.02442848044608137
2013-07-22,2202.19,0.005345860268069158
2013-07-23,2265.85,0.02890758744704125
2013-07-24,2249.15,-0.007370302535472217
2013-07-25,2237.68,-0.0050997043327480895
2013-07-26,2224.01,-0.006109005755961405
2013-07-29,2175.97,-0.021600622299360328
2013-07-30,2189.39,0.006167364439767065
2013-07-31,2193.02,0.001657996062830236
2013-08-01,2245.36,0.0238666314032705
2013-08-02,2247.26,0.0008461894751843335
2013-08-05,2278.33,0.013825725550225432
2013-08-06,2293.64,0.006719834264570901
2013-08-07,2280.62,-0.005676566505641634
2013-08-08,2276.78,-0.001683752663749205
2013-08-09,2286.01,0.004053970958985964
2013-08-12,2352.79,0.029212470636611254
2013-08-13,2359.07,0.0026691714942685962
2013-08-14,2349.08,-0.0042347196140852805
2013-08-15,2321.58,-0.0117067107122788
2013-08-16,2304.14,-0.007512125362899469
2013-08-19,2331.43,0.01184389837423061
2013-08-20,2312.47,-0.008132347958120123
2013-08-21,2308.59,-0.001677859604665044
2013-08-22,2303.93,-0.0020185481181155263
2013-08-23,2286.93,-0.007378696401366347
2013-08-26,2335.62,0.02129055108814004
2013-08-27,2340.88,0.0022520786771822454
2013-08-28,2328.06,-0.005476572912750832
2013-08-29,2318.31,-0.0041880363908146645
2013-08-30,2313.91,-0.001897934271085422
2013-09-02,2320.34,0.00277884619540103
2013-09-03,2354.5,0.014721980399424073
2013-09-04,2350.7,-0.001613930770864358
2013-09-05,2341.74,-0.0038116305781257243
2013-09-06,2357.78,0.006849607556774107
2013-09-09,2440.61,0.03513050411828078
2013-09-10,2474.89,0.014045668910641185
2013-09-11,2482.89,0.003232466897518771
2013-09-12,2507.46,0.009895726351147216
2013-09-13,2488.9,-0.007401912692525436
2013-09-16,2478.39,-0.004222749005584836
2013-09-17,2427.32,-0.02060611929518752
2013-09-18,2432.51,0.0021381606051118496
2013-09-23,2472.29,0.01635347850574087
2013-09-24,2443.89,-0.011487325516019609
2013-09-25,2429.03,-0.006080470070256694
2013-09-26,2384.44,-0.018357121978732294
2013-09-27,2394.97,0.0044161312509434225
2013-09-30,2409.04,0.005874812628133164
2013-10-08,2441.81,0.013602928967555439
2013-10-09,2453.58,0.004820194855455595
2013-10-10,2429.32,-0.009887592823547564
2013-10-11,2468.51,0.016132086345150176
2013-10-14,2472.54,0.0016325637732881315
2013-10-15,2467.52,-0.0020303008242535947
2013-10-16,2421.37,-0.01870298923615621
2013-10-17,2413.33,-0.0033204342995907243
2013-10-18,2426.05,0.005270725512051877
2013-10-21,2471.32,0.018659961666082747
2013-10-22,2445.89,-0.01029004742404882
2013-10-23,2418.49,-0.011202466177955728
2013-10-24,2400.51,-0.007434390880259767
2013-10-25,2368.56,-0.013309671694764935
2013-10-28,2365.95,-0.0011019353531259712
2013-10-29,2372.05,0.0025782455250535907
2013-10-30,2407.47,0.014932231614004587
2013-10-31,2373.72,-0.01401886627870752
2013-11-01,2384.96,0.004735183593684189
2013-11-04,2380.45,-0.0018910170401181814
2013-11-05,2383.77,0.0013946942804932139
2013-11-06,2353.57,-0.01266900749652855
2013-11-07,2340.55,-0.0055320215672362005
2013-11-08,2307.95,-0.013928350174104542
2013-11-11,2315.89,0.003440282501787406
2013-11-12,2340.0,0.01041068444528892
2013-11-13,2288.12,-0.022170940170940234
2013-11-14,2304.5,0.0071587154519867635
2013-11-15,2350.73,0.020060750705142016
2013-11-18,2428.9,0.033253499976602985
2013-11-19,2412.16,-0.006892008728231036
2013-11-20,2424.85,0.005260845051737961
2013-11-21,2409.99,-0.006128214116337127
2013-11-22,2397.96,-0.004991721957352424
2013-11-25,2388.63,-0.003890807186108125
2013-11-26,2387.42,-0.0005065665255816754
2013-11-27,2414.48,0.011334411205401684
2013-11-28,2439.53,0.010374904741393687
2013-11-29,2438.94,-0.00024184986452313595
2013-12-02,2418.79,-0.008261785857790693
2013-12-03,2442.78,0.009918182231611672
2013-12-04,2475.14,0.013247201958424215
2013-12-05,2468.2,-0.0028038818006254074
2013-12-06,2452.29,-0.006445993031358843
2013-12-09,2450.87,-0.000579050601682507
2013-12-10,2453.32,0.0009996450240119525
2013-12-11,2412.76,-0.016532698547274682
2013-12-12,2410.01,-0.0011397735373597229
2013-12-13,2406.64,-0.0013983344467451975
2013-12-16,2367.92,-0.016088820928763625
2013-12-17,2356.38,-0.004873475455251852
2013-12-18,2357.23,0.00036072280362242637
2013-12-19,2332.41,-0.010529307704381874
2013-12-20,2278.14,-0.023267778821047802
2013-12-23,2284.6,0.0028356466240002653
2013-12-24,2288.25,0.001597653856254988
2013-12-25,2305.11,0.0073680760406424906
2013-12-26,2265.33,-0.017257310930931746
2013-12-27,2303.48,0.01684081347971378
2013-12-30,2299.46,-0.0017451855453487486
2013-12-31,2330.03,0.013294425647760955
2014-01-02,2321.98,-0.0034548911387407566
2014-01-03,2290.78,-0.01343680824124227
2014-01-06,2238.64,-0.022760806362898345
2014-01-07,2238.0,-0.0002858878604866666
2014-01-08,2241.91,0.0017470956210901
2014-01-09,2222.22,-0.008782689760070683
2014-01-10,2204.85,-0.007816507816507778
2014-01-13,2193.68,-0.005066104270131766
2014-01-14,2212.85,0.008738740381459609
2014-01-15,2208.94,-0.0017669521205684324
2014-01-16,2211.84,0.0013128468858367714
2014-01-17,2178.49,-0.015077944155092782
2014-01-20,2165.99,-0.005737919384527834
2014-01-21,2187.41,0.009889242332605352
2014-01-22,2243.8,0.025779346350250032
2014-01-23,2231.89,-0.005307959711204346
2014-01-24,2245.68,0.0061786199140638765
2014-01-27,2215.92,-0.013252110719247479
2014-01-28,2219.86,0.0017780425286111345
2014-01-29,2227.78,0.0035677925634949315
2014-01-30,2202.45,-0.011370063471258574
2014-02-07,2212.48,0.004554019387500441
2014-02-10,2267.53,0.024881580850448337
2014-02-11,2285.56,0.007951383223154584
2014-02-12,2291.25,0.0024895430441556066
2014-02-13,2279.55,-0.005106382978723345
2014-02-14,2295.58,0.007032089666820118
2014-02-17,2311.65,0.007000409482570857
2014-02-18,2282.44,-0.01263599593364051
2014-02-19,2308.66,0.011487706139044151
2014-02-20,2287.44,-0.00919147903978923
2014-02-21,2264.29,-0.0101204840345539
2014-02-24,2214.51,-0.021984816432524035
2014-02-25,2157.91,-0.02555870147346384
2014-02-26,2163.41,0.002548762459972931
2014-02-27,2154.11,-0.004298769072898723
2014-02-28,2178.97,0.011540729117825776
2014-03-03,2190.37,0.005231829717710745
2014-03-04,2184.27,-0.0027849176166583334
2014-03-05,2163.98,-0.009289144657025017
2014-03-06,2173.63,0.004459375779813257
2014-03-07,2168.36,-0.0024245156719404637
2014-03-10,2097.79,-0.03254533380066049
2014-03-11,2108.66,0.005181643539152958
2014-03-12,2114.13,0.00259406447696664
2014-03-13,2140.33,0.012392804605203978
2014-03-14,2122.84,-0.008171637084000927
2014-03-17,2143.04,0.009515554634357715
2014-03-18,2138.13,-0.0022911378229056867
2014-03-19,2120.87,-0.008072474545514186
2014-03-20,2086.97,-0.01598400656334431
2014-03-21,2158.8,0.0344183193816876
2014-03-24,2176.55,0.008222160459514516
2014-03-25,2174.44,-0.0009694240885805838
2014-03-26,2171.05,-0.001559022093044593
2014-03-27,2155.71,-0.0070657055341886155
2014-03-28,2151.97,-0.0017349272397494397
2014-03-31,2146.3,-0.0026347950947269716
2014-04-01,2163.12,0.007836742300703303
2014-04-02,2180.73,0.008141018528791788
2014-04-03,2165.01,-0.007208595286899211
2014-04-04,2185.47,0.009450302769963947
2014-04-08,2237.32,0.0237248738257676
2014-04-09,2238.62,0.0005810523304667914
2014-04-10,2273.76,0.015697170578302888
2014-04-11,2270.67,-0.0013589824783618587
2014-04-14,2268.61,-0.0009072212166453264
2014-04-15,2229.46,-0.017257263258118494
2014-04-16,2232.53,0.0013770150619434318
2014-04-17,2224.8,-0.003462439474497536
2014-04-18,2224.48,-0.00014383315354193904
2014-04-21,2187.25,-0.016736495720348188
2014-04-22,2196.79,0.004361641330437704
2014-04-23,2194.67,-0.0009650444512219192
2014-04-24,2190.47,-0.0019137273485309025
2014-04-25,2167.83,-0.010335681383447315
2014-04-28,2134.97,-0.015158015158015181
2014-04-29,2158.47,0.011007180428764807
2014-04-30,2158.66,8.802531422724691e-05
2014-05-05,2156.47,-0.0010145182659613283
2014-05-06,2157.33,0.00039879989056190723
2014-05-07,2137.32,-0.009275354257345825
2014-05-08,2135.5,-0.0008515336964048936
2014-05-09,2133.91,-0.0007445563099977015
2014-05-12,2180.05,0.021622280227376223
2014-05-13,2174.85,-0.0023852663929727624
2014-05-14,2172.37,-0.001140308527024847
2014-05-15,2144.08,-0.013022643472336615
2014-05-16,2145.95,0.0008721689489197271
2014-05-19,2115.14,-0.014357277662573664
2014-05-20,2115.77,0.00029785262441262006
2014-05-21,2135.91,0.00951899308525972
2014-05-22,2130.87,-0.002359649985252177
2014-05-23,2148.41,0.008231379671214123
2014-05-26,2155.98,0.0035235360103518243
2014-05-27,2147.28,-0.004035287896919204
2014-05-28,2169.35,0.010278119295108024
2014-05-29,2155.16,-0.006541129831516335
2014-05-30,2156.46,0.0006032034744520853
2014-06-03,2149.92,-0.0030327481149662328
2014-06-04,2128.27,-0.010070142144824046
2014-06-05,2150.6,0.010492089819430728
2014-06-06,2134.72,-0.007383985864410025
2014-06-09,2134.28,-0.0002061160245838689
2014-06-10,2161.27,0.012645950859305977
2014-06-11,2160.77,-0.00023134545892000702
2014-06-12,2153.41,-0.003406193162622695
2014-06-13,2176.24,0.010601789719560939
2014-06-16,2191.86,0.007177517185604776
2014-06-17,2169.67,-0.01012382177693838
2014-06-18,2160.24,-0.00434628307530649
2014-06-19,2126.91,-0.015428841239862212
2014-06-20,2136.73,0.004617026578463745
2014-06-23,2134.11,-0.0012261727031491754
2014-06-24,2144.82,0.0050184854576380555
2014-06-25,2133.37,-0.005338443319253039
2014-06-26,2149.08,0.007363935932351184
2014-06-27,2150.26,0.0005490721611109972
2014-06-30,2165.12,0.006910792183270731
2014-07-01,2164.56,-0.0002586461720366362
2014-07-02,2170.87,0.002915142107402957
2014-07-03,2180.19,0.004293209634846917
2014-07-04,2178.7,-0.0006834266738221517
2014-07-07,2176.29,-0.0011061642263734406
2014-07-08,2180.47,0.0019206999067218344
2014-07-09,2148.71,-0.014565667035088659
2014-07-10,2142.85,-0.0027272177259844987
2014-07-11,2148.01,0.0024080080266934978
2014-07-14,2171.76,0.011056745545877433
2014-07-15,2174.98,0.0014826684348177022
2014-07-16,2170.87,-0.001889672548713195
2014-07-17,2157.07,-0.0063568983863611095
2014-07-18,2164.14,0.003277594143908047
2014-07-21,2166.29,0.000993466226769213
2014-07-22,2192.7,0.012191350188571093
2014-07-23,2197.83,0.002339581338076435
2014-07-24,2237.01,0.017826674492567696
2014-07-25,2260.45,0.010478272336734928
2014-07-28,2323.9,0.028069632152889934
2014-07-29,2331.37,0.0032144240285725267
2014-07-30,2322.01,-0.004014806744532029
2014-07-31,2350.25,0.012161876994500442
2014-08-01,2329.4,-0.008871396659929753
2014-08-04,2375.62,0.01984201940413821
2014-08-05,2369.35,-0.0026393110009176324
2014-08-06,2363.22,-0.002587207461962171
2014-08-07,2327.46,-0.015131896310965454
2014-08-08,2331.13,0.001576826239763518
2014-08-11,2365.35,0.01467957599962233
2014-08-12,2357.05,-0.0035089944405689577
2014-08-13,2358.9,0.000784879404340133
2014-08-14,2335.95,-0.009729111026325898
2014-08-15,2360.64,0.010569575547421772
2014-08-18,2374.56,0.005896705978039929
2014-08-19,2374.77,8.843743683040195e-05
2014-08-20,2366.14,-0.0036340361382365405
2014-08-21,2354.24,-0.005029288207798355
2014-08-22,2365.36,0.00472339268723676
2014-08-25,2342.86,-0.009512294111678532
2014-08-26,2324.09,-0.008011575595639475
2014-08-27,2327.6,0.001510268535211523
2014-08-28,2311.28,-0.007011514005842767
2014-08-29,2338.29,0.011686165241770796
2014-09-01,2355.32,0.007283100043194102
2014-09-02,2386.46,0.013221133434098142
2014-09-03,2408.84,0.009377907025468701
2014-09-04,2426.22,0.007215091081184122
2014-09-05,2449.26,0.009496253431263701
2014-09-09,2445.22,-0.001649477801458521
2014-09-10,2432.43,-0.005230613196358647
2014-09-11,2423.45,-0.0036917814695592854
2014-09-12,2438.36,0.0061523860611938375
2014-09-15,2437.19,-0.00047983070588430987
2014-09-16,2388.76,-0.019871245163487372
2014-09-17,2401.33,0.0052621443761615705
2014-09-18,2408.66,0.0030524750867226835
2014-09-19,2425.21,0.006871040329477829
2014-09-22,2378.92,-0.019087006898371617
2014-09-23,2399.46,0.00863417012762091
2014-09-24,2441.86,0.017670642561242955
2014-09-25,2436.97,-0.0020025718100138423
2014-09-26,2437.2,9.437949584945038e-05
2014-09-29,2447.8,0.004349253241424655
2014-09-30,2450.99,0.0013032110466539848
2014-10-08,2478.38,0.011175076193701505
2014-10-09,2481.96,0.0014444919665264067
2014-10-10,2466.79,-0.006112104949314245
2014-10-13,2454.95,-0.004799760011999443
2014-10-14,2446.56,-0.0034175848795290342
2014-10-15,2463.87,0.007075240337453437
2014-10-16,2444.4,-0.007902202632444011
2014-10-17,2441.73,-0.001092292587137944
2014-10-20,2454.71,0.00531590306872598
2014-10-21,2433.39,-0.008685343686219649
2014-10-22,2418.64,-0.006061502677334962
2014-10-23,2395.94,-0.009385439751265046
2014-10-24,2390.71,-0.0021828593370452065
2014-10-27,2368.83,-0.009152092892906305
2014-10-28,2416.65,0.02018718101341177
2014-10-29,2451.38,0.014371133594024865
2014-10-30,2468.93,0.007159232758690903
2014-10-31,2508.33,0.015958330126816023
2014-11-03,2512.55,0.0016823942623180876
2014-11-04,2513.17,0.0002467612584824419
2014-11-05,2503.45,-0.0038676253496581214
2014-11-06,2506.07,0.001046555753061007
2014-11-07,2502.15,-0.0015642021172592724
2014-11-10,2565.73,0.025410147273344785
2014-11-11,2558.61,-0.002775038682947928
2014-11-12,2594.32,0.013956796854542208
2014-11-13,2579.75,-0.005616115205525962
2014-11-14,2581.09,0.0005194301773427945
2014-11-17,2567.1,-0.005420190694629068
2014-11-18,2541.42,-0.010003505901600929
2014-11-19,2537.22,-0.0016526194017518758
2014-11-20,2537.1,-4.729585924745372e-05
2014-11-21,2583.46,0.018272831185211613
2014-11-24,2649.26,0.02546971890410532
2014-11-25,2685.56,0.013701939409495267
2014-11-26,2723.02,0.013948673647209642
2014-11-27,2754.49,0.011557021248466803
2014-11-28,2808.82,0.019724159463276436
2014-12-01,2819.81,0.003912675073518335
2014-12-02,2923.94,0.0369280199729769
2014-12-03,2967.55,0.014914806733380415
2014-12-04,3104.35,0.04609863355293076
2014-12-05,3124.89,0.006616521977225398
2014-12-08,3252.88,0.04095824173010887
2014-12-09,3106.91,-0.04487408081453981
2014-12-10,3221.55,0.036898397443118736
2014-12-11,3183.01,-0.011963185423165879
2014-12-12,3193.23,0.0032107973270583123
2014-12-15,3217.23,0.007515900827688604
2014-12-16,3303.4,0.026783910382534026
2014-12-17,3360.6,0.017315493128291948
2014-12-18,3345.93,-0.00436529191215862
2014-12-19,3383.17,0.011129939956902923
2014-12-22,3394.48,0.0033430185299585524
2014-12-23,3324.92,-0.020492093045179183
2014-12-24,3230.39,-0.028430759236312553
2014-12-25,3335.42,0.03251310213317904
2014-12-26,3445.84,0.033105276097163294
2014-12-29,3455.46,0.0027917721078170032
2014-12-30,3457.55,0.0006048398766012042
2014-12-31,3533.71,0.022027157958670163
2015-01-05,3641.54,0.030514671549165095
2015-01-06,3641.06,-0.00013181236509829386
2015-01-07,3643.79,0.0007497816569899118
2015-01-08,3559.26,-0.023198373122490512
2015-01-09,3546.72,-0.0035232042615600534
2015-01-12,3513.58,-0.00934384445346681
2015-01-13,3514.04,0.00013092059950259305
2015-01-14,3502.42,-0.003306735267669114
2015-01-15,3604.12,0.029037065800218143
2015-01-16,3635.15,0.008609591245574588
2015-01-19,3355.16,-0.07702295641170243
2015-01-20,3396.22,0.012237866450482304
2015-01-21,3548.89,0.04495291824440106
2015-01-22,3567.61,0.005274888768037389
2015-01-23,3571.73,0.0011548347493139932
2015-01-26,3607.99,0.01015194317599577
2015-01-27,3574.93,-0.009162996571498216
2015-01-28,3525.32,-0.013877194798219694
2015-01-29,3481.8,-0.012344978611870672
2015-01-30,3434.39,-0.013616520190706027
2015-02-02,3353.96,-0.02341900599524216
2015-02-03,3437.45,0.024892962348984415
2015-02-04,3401.77,-0.010379787342361335
2015-02-05,3366.95,-0.010235847808640841
2015-02-06,3312.42,-0.016195666701317113
2015-02-09,3345.92,0.010113451796571749
2015-02-10,3406.94,0.01823713657230308
2015-02-11,3434.12,0.00797783348107095
2015-02-12,3442.87,0.002547959884919626
2015-02-13,3469.83,0.007830676151001859
2015-02-16,3499.48,0.00854508722329328
2015-02-17,3522.32,0.006526683964474866
2015-02-25,3478.73,-0.012375366235889973
2015-02-26,3566.29,0.02517010518206364
2015-02-27,3572.84,0.0018366425613172144
2015-03-02,3601.26,0.007954456398831189
2015-03-03,3507.9,-0.025924259842388553
2015-03-04,3530.82,0.006533823655178406
2015-03-05,3496.34,-0.00976543692400067
2015-03-06,3478.52,-0.005096758324419248
2015-03-09,3537.75,0.017027356461943643
2015-03-10,3520.61,-0.004844887287117516
2015-03-11,3524.65,0.0011475284112696382
2015-03-12,3592.84,0.019346601790248608
2015-03-13,3617.66,0.006908184054953637
2015-03-16,3705.67,0.02432788045311063
2015-03-17,3757.12,0.01388412891595836
2015-03-18,3846.05,0.02366972574738102
2015-03-19,3839.74,-0.0016406442973961877
2015-03-20,3892.57,0.013758744081630692
2015-03-23,3972.06,0.020420955820961373
2015-03-24,3973.05,0.00024924094802192265
2015-03-25,3940.41,-0.008215350926869869
2015-03-26,3950.0,0.002433756893318151
2015-03-27,3971.7,0.005493670886075996
2015-03-30,4088.18,0.02932749200594209
2015-03-31,4051.2,-0.009045589969130519
2015-04-01,4123.9,0.017945300157977906
2015-04-02,4124.78,0.00021339023739663787
2015-04-03,4170.54,0.011093925009333816
2015-04-07,4260.04,0.02146005073683499
2015-04-08,4295.8,0.008394287377583298
2015-04-09,4262.14,-0.007835560314725987
2015-04-10,4344.42,0.019304856245923263
2015-04-13,4421.07,0.017643321778280985
2015-04-14,4438.18,0.0038701038436397273
2015-04-15,4380.51,-0.012994065134807498
2015-04-16,4513.55,0.030370892886901313
2015-04-17,4596.14,0.0182982353136667
2015-04-20,4521.92,-0.01614833316652675
2015-04-21,4619.16,0.021504139834406466
2015-04-22,4739.81,0.02611946760882944
2015-04-23,4740.89,0.00022785723478357944
2015-04-24,4702.64,-0.008068105355745425
2015-04-27,4807.59,0.022317251586343012
2015-04-28,4741.86,-0.013672130942946614
2015-04-29,4774.33,0.006847523967388414
2015-04-30,4749.89,-0.005119042881409408
2015-05-04,4787.74,0.007968605588760891
2015-05-05,4596.84,-0.039872674790193186
2015-05-06,4553.33,-0.009465197831553862
2015-05-07,4470.09,-0.01828112612088295
2015-05-08,4558.4,0.019755754358413258
2015-05-11,4690.53,0.028986047736047738
2015-05-12,4747.42,0.012128693345954566
2015-05-13,4718.44,-0.00610436826739591
2015-05-14,4700.78,-0.003742762438432967
2015-05-15,4617.47,-0.017722590718986964
2015-05-18,4575.14,-0.00916735788213019
2015-05-19,4731.22,0.034114803044278386
2015-05-20,4754.92,0.005009278790671257
2015-05-21,4840.98,0.018099147830036966
2015-05-22,4951.34,0.022797036963590145
2015-05-25,5099.5,0.029923212706055358
2015-05-26,5198.92,0.019496029022453287
2015-05-27,5181.43,-0.0033641602486670363
2015-05-28,4834.01,-0.0670509878547042
2015-05-29,4840.83,0.0014108369655834174
2015-06-01,5076.18,0.04861769572573316
2015-06-02,5161.87,0.01688080406920167
2015-06-03,5143.59,-0.00354135226187402
2015-06-04,5181.42,0.007354785276431519
2015-06-05,5230.55,0.009481956683689008
2015-06-08,5353.75,0.023553928363174048
2015-06-09,5317.46,-0.00677842633667991
2015-06-10,5309.11,-0.001570298601211939
2015-06-11,5306.59,-0.0004746558274361101
2015-06-12,5335.12,0.005376333954573376
2015-06-15,5221.17,-0.02135846991257928
2015-06-16,5064.82,-0.029945395380728934
2015-06-17,5138.83,0.014612562736681767
2015-06-18,4930.55,-0.040530626621234744
2015-06-19,4637.05,-0.059526827635862145
2015-06-23,4786.09,0.03214112420612247
2015-06-24,4880.13,0.019648606691474724
2015-06-25,4706.52,-0.03557487198086928
2015-06-26,4336.19,-0.07868446325522904
2015-06-29,4191.55,-0.03335647192581492
2015-06-30,4473.0,0.06714699812718439
2015-07-01,4253.02,-0.04917952157388772
2015-07-02,4108.0,-0.03409812321597372
2015-07-03,3885.92,-0.05406037000973707
2015-07-06,3998.54,0.028981553917733827
2015-07-07,3928.0,-0.01764143912528071
2015-07-08,3663.04,-0.06745417515274954
2015-07-09,3897.63,0.0640424346990478
2015-07-10,4106.56,0.053604369835002386
2015-07-13,4211.81,0.025629724148679145
2015-07-14,4112.15,-0.023662036036763423
2015-07-15,3966.76,-0.035356200527704384
2015-07-16,3997.36,0.007714104205951422
2015-07-17,4151.5,0.03856044989693186
2015-07-20,4160.61,0.0021943875707575167
2015-07-21,4166.01,0.0012978866079735862
2015-07-22,4157.16,-0.002124334795163829
2015-07-23,4250.81,0.022527398512446117
2015-07-24,4176.28,-0.017533128980123935
2015-07-27,3818.73,-0.08561447029413727
2015-07-28,3811.09,-0.002000665142599778
2015-07-29,3930.38,0.03130075647649355
2015-07-30,3815.41,-0.02925162452485519
2015-07-31,3816.7,0.0003381025892368328
2015-08-03,3829.24,0.003285560824796363
2015-08-04,3948.16,0.03105577085792488
2015-08-05,3866.9,-0.020581739341870575
2015-08-06,3831.85,-0.009064108200367293
2015-08-07,3906.95,0.01959888826545919
2015-08-10,4084.36,0.04540882273896529
2015-08-11,4066.67,-0.00433115592161315
2015-08-12,4016.13,-0.012427858665689628
2015-08-13,4075.46,0.0147729281671658
2015-08-14,4073.54,-0.00047111246337838697
2015-08-17,4077.87,0.0010629575258864765
2015-08-18,3825.41,-0.061909771522878354
2015-08-19,3886.14,0.01587542250373164
2015-08-20,3761.45,-0.03208582295027973
2015-08-21,3589.54,-0.04570311980752095
2015-08-24,3275.53,-0.08747917560467355
2015-08-25,3042.93,-0.07101140884070678
2015-08-26,3025.69,-0.005665592044509671
2015-08-27,3205.64,0.05947403732702283
2015-08-28,3342.29,0.0426279931620519
2015-08-31,3366.54,0.007255504459517281
2015-09-01,3362.08,-0.0013248023192952152
2015-09-02,3365.83,0.0011153809546471383
2015-09-07,3250.49,-0.03426792202814766
2015-09-08,3334.02,0.025697664044497914
2015-09-09,3399.31,0.019582965909022754
2015-09-10,3357.56,-0.012281904268807486
2015-09-11,3347.19,-0.00308855240114847
2015-09-14,3281.13,-0.019735957624156364
2015-09-15,3152.23,-0.03928524624138641
2015-09-16,3309.25,0.0498123550629237
2015-09-17,3237.0,-0.02183274155775483
2015-09-18,3251.27,0.004408402842137837
2015-09-21,3308.25,0.01752545928206506
2015-09-22,3339.03,0.009304012695533936
2015-09-23,3263.03,-0.022761101277916085
2015-09-24,3285.0,0.006733005825873439
2015-09-25,3231.95,-0.016149162861491706
2015-09-28,3242.75,0.0033416358545150793
2015-09-29,3178.85,-0.01970549687765022
2015-09-30,3202.95,0.007581358038284192
2015-10-08,3296.48,0.029201205139012476
2015-10-09,3340.12,0.013238363345143833
2015-10-12,3447.69,0.03220542974503915
2015-10-13,3445.04,-0.0007686305903372714
2015-10-14,3406.11,-0.01130030420546635
2015-10-15,3486.81,0.02369271691166741
2015-10-16,3534.07,0.013553936119260923
2015-10-19,3534.18,3.112558608053817e-05
2015-10-20,3577.7,0.012314030411580523
2015-10-21,3473.25,-0.02919473404701345
2015-10-22,3524.53,0.01476426977614631
2015-10-23,3571.24,0.01325283087390372
2015-10-26,3589.26,0.005045866421747203
2015-10-27,3592.88,0.0010085644394666193
2015-10-28,3524.92,-0.018915187815902623
2015-10-29,3533.31,0.0023801958626010755
2015-10-30,3534.08,0.00021792596743552828
2015-11-02,3475.96,-0.016445581311119173
2015-11-03,3465.49,-0.003012117515736712
2015-11-04,3628.54,0.04704962357415554
2015-11-05,3705.97,0.0213391612053333
2015-11-06,3793.37,0.023583569213998068
2015-11-09,3840.35,0.012384766052349283
2015-11-10,3833.24,-0.001851393753173558
2015-11-11,3833.65,0.00010695912596148105
2015-11-12,3795.32,-0.009998304487890075
2015-11-13,3746.24,-0.012931715902743446
2015-11-16,3764.13,0.004775454856069006
2015-11-17,3758.39,-0.0015249207652233698
2015-11-18,3715.58,-0.011390515619720154
2015-11-19,3774.97,0.01598404555950883
2015-11-20,3774.38,-0.0001562926327890457
2015-11-23,3753.34,-0.005574425468553801
2015-11-24,3753.89,0.00014653615180071355
2015-11-25,3781.61,0.007384339977996257
2015-11-26,3759.43,-0.005865226715605298
2015-11-27,3556.99,-0.053848588748826254
2015-11-30,3566.41,0.002648306573816539
2015-12-01,3591.7,0.007091164504361425
2015-12-02,3721.95,0.03626416460172055
2015-12-03,3749.3,0.007348298606913106
2015-12-04,3677.59,-0.019126236897554216
2015-12-07,3687.61,0.002724610410622219
2015-12-08,3623.02,-0.017515409709812135
2015-12-09,3635.94,0.0035660857516657263
2015-12-10,3623.08,-0.00353691205025386
2015-12-11,3608.06,-0.0041456440376695936
2015-12-14,3711.32,0.028619257994600966
2015-12-15,3694.39,-0.0045617192804716655
2015-12-16,3685.44,-0.00242259209233453
2015-12-17,3755.89,0.019115763653729134
2015-12-18,3767.91,0.0032003067182477807
2015-12-21,3865.96,0.02602238376182031
2015-12-22,3876.73,0.0027858539664145088
2015-12-23,3866.38,-0.002669775816216191
2015-12-24,3829.4,-0.009564502195852476
2015-12-25,3838.2,0.002298010132135486
2015-12-28,3727.63,-0.02880777447761962
2015-12-29,3761.87,0.009185461003372142
2015-12-30,3765.18,0.0008798815482724542
2015-12-31,3731.0,-0.009077919249544486
2016-01-04,3469.07,-0.07020369874028409
2016-01-05,3478.78,0.0027990210632820034
2016-01-06,3539.81,0.017543506631635175
2016-01-07,3294.38,-0.06933422980329451
2016-01-08,3361.56,0.020392304470036704
2016-01-11,3192.45,-0.05030700032127944
2016-01-12,3215.71,0.007285940265313595
2016-01-13,3155.88,-0.018605533459173818
2016-01-14,3221.57,0.020815113375667105
2016-01-15,3118.73,-0.031922323587567636
2016-01-18,3130.73,0.0038477200655395727
2016-01-19,3223.13,0.029513883343501357
2016-01-20,3174.38,-0.015125049253365552
2016-01-21,3081.35,-0.029306510247670503
2016-01-22,3113.46,0.010420757135671144
2016-01-25,3128.89,0.004955901151773245
2016-01-26,2940.51,-0.06020665475615938
2016-01-27,2930.35,-0.0034551829444553483
2016-01-28,2853.76,-0.02613680959612319
2016-01-29,2946.09,0.032353806907378324
2016-02-01,2901.05,-0.015288059767352702
2016-02-02,2961.33,0.020778683580082946
2016-02-03,2948.64,-0.004285236701076944
2016-02-04,2984.76,0.012249715122904181
2016-02-05,2963.79,-0.0070256905077795695
2016-02-15,2946.71,-0.005762891432928741
2016-02-16,3037.04,0.030654526573704155
2016-02-17,3063.32,0.008653162289597782
2016-02-18,3053.7,-0.0031403836360550663
2016-02-19,3051.59,-0.0006909650587810789
2016-02-22,3118.87,0.02204752276681976
2016-02-23,3089.36,-0.009461760188786195
2016-02-24,3109.55,0.006535334179247565
2016-02-25,2918.75,-0.061359360679198005
2016-02-26,2948.03,0.010031691648822338
2016-02-29,2877.47,-0.023934627530927566
2016-03-01,2930.69,0.01849541437443314
2016-03-02,3051.33,0.04116436743565499
2016-03-03,3058.42,0.00232357693202645
2016-03-04,3093.89,0.011597491515226821
2016-03-07,3104.84,0.0035392337801281037
2016-03-08,3107.67,0.0009114801406835404
2016-03-09,3071.91,-0.011507013292917256
2016-03-10,3013.15,-0.01912816456211275
2016-03-11,3018.28,0.0017025372118879556
2016-03-14,3065.69,0.015707621559298612
2016-03-15,3074.78,0.0029650747466312133
2016-03-16,3090.03,0.00495970443413829
2016-03-17,3124.2,0.01105814506655256
2016-03-18,3171.96,0.015287113501056382
2016-03-21,3249.44,0.024426537535151782
2016-03-22,3225.79,-0.007278177162834187
2016-03-23,3236.09,0.0031930162843831766
2016-03-24,3181.85,-0.01676096771103408
2016-03-25,3197.82,0.005019092666216363
2016-03-28,3169.73,-0.00878410917437511
2016-03-29,3135.41,-0.01082742063204123
2016-03-30,3216.28,0.02579248009032331
2016-03-31,3218.09,0.0005627619485866209
2016-04-01,3221.89,0.001180824650646617
2016-04-05,3264.49,0.013222052894419134
2016-04-06,3257.53,-0.0021320328749665496
2016-04-07,3209.29,-0.014808766151040875
2016-04-08,3185.73,-0.007341187614706035
2016-04-11,3230.1,0.01392773398875602
2016-04-12,3218.45,-0.003606699482988196
2016-04-13,3261.38,0.013338718948562311
2016-04-14,3275.83,0.004430639790518054
2016-04-15,3272.21,-0.0011050634495685108
2016-04-18,3228.45,-0.013373224823590268
2016-04-19,3238.3,0.0030509997057412974
2016-04-20,3181.03,-0.017685205200259402
2016-04-21,3160.6,-0.006422448074994702
2016-04-22,3174.9,0.004524457381509972
2016-04-25,3162.03,-0.0040536709817631245
2016-04-26,3179.16,0.005417405906964712
2016-04-27,3165.92,-0.004164622101435533
2016-04-28,3160.58,-0.001686713498761816
2016-04-29,3156.75,-0.0012118028969365646
2016-05-03,3213.54,0.017990021382751298
2016-05-04,3209.46,-0.001269627887003133
2016-05-05,3213.92,0.0013896418712182612
2016-05-06,3130.35,-0.02600251406382237
2016-05-09,3065.62,-0.020678198923443025
2016-05-10,3069.11,0.001138432030062475
2016-05-11,3082.81,0.00446383479249679
2016-05-12,3090.14,0.002377700863822163
2016-05-13,3074.94,-0.004918870989663815
2016-05-16,3095.31,0.006624519502819615
2016-05-17,3086.02,-0.0030013148925309707
2016-05-18,3068.04,-0.005826274619088689
2016-05-19,3062.5,-0.0018057130937014776
2016-05-20,3078.22,0.0051330612244897544
2016-05-23,3087.22,0.0029237676319431305
2016-05-24,3063.56,-0.007663852916215852
2016-05-25,3059.23,-0.0014133883455847984
2016-05-26,3064.21,0.0016278606054465072
2016-05-27,3062.5,-0.0005580557468319869
2016-05-30,3066.71,0.0013746938775509587
2016-05-31,3169.56,0.03353756957782106
2016-06-01,3160.55,-0.0028426658589835174
2016-06-02,3167.1,0.002072424103399584
2016-06-03,3189.33,0.0070190394998579375
2016-06-06,3178.79,-0.0033047693402689093
2016-06-07,3177.05,-0.0005473780904053926
2016-06-08,3163.99,-0.004110731653578115
2016-06-13,3066.34,-0.030862929402431627
2016-06-14,3075.98,0.0031438131453132012
2016-06-15,3116.37,0.01313077458240941
2016-06-16,3094.67,-0.0069632296550152795
2016-06-17,3110.36,0.005070007464446968
2016-06-20,3112.67,0.0007426793040032909
2016-06-21,3106.32,-0.002040049218195228
2016-06-22,3133.96,0.008897988616755503
2016-06-23,3117.32,-0.005309576382595771
2016-06-24,3077.16,-0.012882860918994599
2016-06-27,3120.54,0.014097414499083527
2016-06-28,3136.4,0.005082453677889065
2016-06-29,3151.39,0.004779364876928982
2016-06-30,3153.92,0.0008028203427694613
2016-07-01,3154.2,8.877840909082835e-05
2016-07-04,3204.7,0.016010398833301576
2016-07-05,3207.38,0.0008362717259027264
2016-07-06,3216.8,0.00293697659772163
2016-07-07,3209.95,-0.0021294454115892147
2016-07-08,3192.28,-0.005504758641100227
2016-07-11,3203.33,0.003461475810392578
2016-07-12,3273.18,0.02180543372053445
2016-07-13,3282.87,0.002960423808039847
2016-07-14,3276.76,-0.0018611763487434985
2016-07-15,3276.28,-0.00014648616316115248
2016-07-18,3262.02,-0.004352497344549344
2016-07-19,3248.23,-0.004227441891833883
2016-07-20,3237.61,-0.003269472912940219
2016-07-21,3252.52,0.004605248933627015
2016-07-22,3225.16,-0.008411939050336437
2016-07-25,3230.89,0.0017766560418708277
2016-07-26,3269.59,0.011978123674900809
2016-07-27,3218.24,-0.015705333084576445
2016-07-28,3221.14,0.0009011136521825946
2016-07-29,3203.93,-0.0053428289363393056
2016-08-01,3176.81,-0.008464604407711795
2016-08-02,3189.05,0.0038529216415210676
2016-08-03,3193.51,0.0013985356140544525
2016-08-04,3201.29,0.0024361908996684
2016-08-05,3205.11,0.0011932689634490679
2016-08-08,3234.18,0.009069891516983786
2016-08-09,3256.98,0.007049700387733671
2016-08-10,3243.34,-0.004187928694680321
2016-08-11,3233.36,-0.003077074867266494
2016-08-12,3294.23,0.018825617933047933
2016-08-15,3393.42,0.030110223026321714
2016-08-16,3378.25,-0.004470416276205147
2016-08-17,3373.05,-0.0015392584918226815
2016-08-18,3364.49,-0.002537762559108314
2016-08-19,3365.02,0.0001575275896199546
2016-08-22,3336.79,-0.008389251772649153
2016-08-23,3341.83,0.001510433680273593
2016-08-24,3329.86,-0.0035818698138444516
2016-08-25,3308.97,-0.006273537025580755
2016-08-26,3307.09,-0.0005681526275547188
2016-08-29,3307.78,0.0002086426435325972
2016-08-30,3311.99,0.001272756954815435
2016-08-31,3327.79,0.0047705458047881955
2016-09-01,3301.58,-0.007876097950892391
2016-09-02,3314.11,0.0037951526238952926
2016-09-05,3319.68,0.0016806925539585293
2016-09-06,3342.63,0.006913316946211667
2016-09-07,3340.82,-0.0005414897849896905
2016-09-08,3339.56,-0.0003771529145539798
2016-09-09,3318.04,-0.006443962677717963
2016-09-12,3262.6,-0.016708659329001452
2016-09-13,3260.33,-0.0006957641145098892
2016-09-14,3238.73,-0.006625096232589889
2016-09-19,3263.12,0.00753072963785173
2016-09-20,3257.4,-0.0017529235823383615
2016-09-21,3266.64,0.0028366181617240915
2016-09-22,3291.12,0.007493938726030436
2016-09-23,3275.67,-0.0046944505214030485
2016-09-26,3220.28,-0.016909517747514258
2016-09-27,3240.75,0.006356590110176752
2016-09-28,3230.89,-0.0030425055928412492
2016-09-29,3244.39,0.004178415235430499
2016-09-30,3253.28,0.002740114474523825
2016-10-10,3293.87,0.01247663896129425
2016-10-11,3306.56,0.0038526110623673393
2016-10-12,3300.01,-0.0019809106745377614
2016-10-13,3302.65,0.000799997575764877
2016-10-14,3305.85,0.0009689188984602914
2016-10-17,3277.88,-0.008460758957605452
2016-10-18,3321.33,0.013255518810938671
2016-10-19,3316.24,-0.0015325185994767843
2016-10-20,3318.6,0.0007116493378043209
2016-10-21,3327.74,0.0027541734466340895
2016-10-24,3367.58,0.01197208916561987
2016-10-25,3367.45,-3.8603388783697845e-05
2016-10-26,3354.8,-0.003756551693417709
2016-10-27,3345.7,-0.002712531298438181
2016-10-28,3340.13,-0.0016648235047971305
2016-10-31,3336.28,-0.0011526497471655572
2016-11-01,3359.05,0.0068249667294111305
2016-11-02,3333.35,-0.007650972745270268
2016-11-03,3365.09,0.00952195239023812
2016-11-04,3354.17,-0.0032450840839324258
2016-11-07,3356.59,0.0007214899662211227
2016-11-08,3371.12,0.004328797976517862
2016-11-09,3353.05,-0.005360236360616
2016-11-10,3390.61,0.011201741697857148
2016-11-11,3417.22,0.007848145318983812
2016-11-14,3430.25,0.0038130410099437295
2016-11-15,3429.87,-0.00011077909773338224
2016-11-16,3429.59,-8.16357471273843e-05
2016-11-17,3436.53,0.002023565499083002
2016-11-18,3417.46,-0.005549202247616125
2016-11-21,3441.11,0.006920344349311991
2016-11-22,3468.36,0.007918956383260012
2016-11-23,3474.73,0.0018366028901266596
2016-11-24,3488.74,0.004031967951466653
2016-11-25,3521.3,0.009332882358674022
2016-11-28,3535.08,0.0039133274642886295
2016-11-29,3564.04,0.008192176697557008
2016-11-30,3538.0,-0.007306315305103173
2016-12-01,3565.04,0.007642736009044748
2016-12-02,3528.95,-0.010123308574377932
2016-12-05,3469.41,-0.016871874070190862
2016-12-06,3459.15,-0.0029572751562945143
2016-12-07,3475.75,0.0047988667736293955
2016-12-08,3470.14,-0.0016140401352227052
2016-12-09,3493.7,0.006789351438270419
2016-12-12,3409.18,-0.024192117239602684
2016-12-13,3405.04,-0.001214368264509269
2016-12-14,3378.95,-0.0076621713694994265
2016-12-15,3340.43,-0.011399991121502251
2016-12-16,3346.03,0.0016764308786594295
2016-12-19,3328.98,-0.005095590894283686
2016-12-20,3309.06,-0.005983814862210113
2016-12-21,3338.54,0.008908874423552371
2016-12-22,3335.67,-0.0008596572154294657
2016-12-23,3307.6,-0.008415101014189075
2016-12-26,3322.4,0.00447454347563192
2016-12-27,3316.39,-0.0018089333012281106
2016-12-28,3301.89,-0.004372224014666526
2016-12-29,3297.76,-0.0012507987849381674
2016-12-30,3310.08,0.003735869196060282
2017-01-03,3342.23,0.00971275618716172
2017-01-04,3368.31,0.0078031733303811635
2017-01-05,3367.79,-0.00015438008971857542
2017-01-06,3347.67,-0.005974244237318849
2017-01-09,3363.9,0.004848148114957596
2017-01-10,3358.27,-0.0016736526056065903
2017-01-11,3334.5,-0.007078049114573881
2017-01-12,3317.62,-0.005062228220123033
2017-01-13,3319.91,0.0006902538566804228
2017-01-16,3319.45,-0.0001385579729571429
2017-01-17,3326.36,0.0020816701562007545
2017-01-18,3339.37,0.0039111821931479
2017-01-19,3329.29,-0.0030185334359474902
2017-01-20,3354.89,0.007689327153837633
2017-01-23,3364.08,0.0027392850436229743
2017-01-24,3364.45,0.00010998549380514255
2017-01-25,3375.9,0.0034032308401077405
2017-01-26,3387.96,0.0035723806984804263
2017-02-03,3364.49,-0.00692747257936932
2017-02-06,3373.21,0.0025917746820469656
2017-02-07,3365.68,-0.0022322950542659203
2017-02-08,3383.29,0.005232226474293444
2017-02-09,3396.29,0.003842413745200668
2017-02-10,3413.49,0.005064349628565168
2017-02-13,3436.27,0.006673521820775852
2017-02-14,3435.8,-0.00013677621374330595
2017-02-15,3421.71,-0.004100937190756215
2017-02-16,3440.93,0.005617074503683872
2017-02-17,3421.44,-0.0056641663736256564
2017-02-20,3471.39,0.014599116161616132
2017-02-21,3482.82,0.0032926291773613947
2017-02-22,3489.76,0.0019926381495454226
2017-02-23,3473.32,-0.004710925679702882
2017-02-24,3473.85,0.0001525917565901036
2017-02-27,3446.22,-0.007953711300142552
2017-02-28,3452.81,0.0019122400775342108
2017-03-01,3458.44,0.0016305559819393967
2017-03-02,3435.1,-0.006748707509744323
2017-03-03,3427.86,-0.00210765334342522
2017-03-06,3446.48,0.005431960465129837
2017-03-07,3453.96,0.002170330308024493
2017-03-08,3448.73,-0.0015142039861492096
2017-03-09,3426.94,-0.006318267884119599
2017-03-10,3427.89,0.00027721524158574873
2017-03-13,3458.1,0.008813001584064839
2017-03-14,3456.69,-0.0004077383534309975
2017-03-15,3463.64,0.0020105939497032654
2017-03-16,3481.51,0.005159312168701247
2017-03-17,3445.81,-0.010254171322213734
2017-03-20,3449.61,0.0011027886041308221
2017-03-21,3466.35,0.0048527224816716785
2017-03-22,3450.05,-0.00470235261874874
2017-03-23,3461.98,0.003457920899696987
2017-03-24,3489.6,0.00797809346096745
2017-03-27,3478.04,-0.0033127005960568168
2017-03-28,3469.81,-0.002366275258478878
2017-03-29,3465.19,-0.0013314850092656094
2017-03-30,3436.76,-0.008204456321298403
2017-03-31,3456.05,0.005612844656013305
2017-04-05,3503.89,0.013842392326499864
2017-04-06,3514.05,0.0028996344063312307
2017-04-07,3517.46,0.0009703902904056871
2017-04-10,3505.14,-0.0035025273919249145
2017-04-11,3517.33,0.0034777498188374167
2017-04-12,3509.44,-0.0022431787748092846
2017-04-13,3514.57,0.0014617716786724522
2017-04-14,3486.5,-0.007986752291176513
2017-04-17,3479.94,-0.001881543094794158
2017-04-18,3462.74,-0.004942613953114239
2017-04-19,3445.88,-0.004868976590792218
2017-04-20,3461.55,0.004547459574912649
2017-04-21,3466.79,0.00151377273186859
2017-04-24,3431.26,-0.010248673845257406
2017-04-25,3440.97,0.0028298642481185965
2017-04-26,3445.18,0.0012234922129514825
2017-04-27,3446.72,0.00044700131778308005
2017-04-28,3439.75,-0.0020222124222448734
2017-05-02,3426.58,-0.0038287666254814834
2017-05-03,3413.13,-0.003925196551663679
2017-05-04,3404.39,-0.0025606994166645913
2017-05-05,3382.55,-0.006415246196822211
2017-05-08,3358.81,-0.007018373712140313
2017-05-09,3352.53,-0.0018697098079378804
2017-05-10,3337.7,-0.004423524919985877
2017-05-11,3356.65,0.005677562393265001
2017-05-12,3385.38,0.008559128893390833
2017-05-15,3399.19,0.004079305720480431
2017-05-16,3428.65,0.00866677061299903
2017-05-17,3409.97,-0.0054482084785557605
2017-05-18,3398.11,-0.0034780364636638472
2017-05-19,3403.85,0.0016891742762887851
2017-05-22,3411.24,0.0021710709931401784
2017-05-23,3424.19,0.003796273495854985
2017-05-24,3424.17,-5.840797385636698e-06
2017-05-25,3485.66,0.017957636449124736
2017-05-26,3480.43,-0.0015004332034679324
2017-05-31,3492.88,0.0035771442034462364
2017-06-01,3497.74,0.0013914019376559672
2017-06-02,3486.51,-0.0032106445876478595
2017-06-05,3468.75,-0.005093919134033786
2017-06-06,3492.88,0.006956396396396336
2017-06-07,3533.87,0.011735301527679098
2017-06-08,3560.98,0.007671476313503289
2017-06-09,3576.17,0.00426567967244984
2017-06-12,3574.39,-0.0004977392014362536
2017-06-13,3582.27,0.00220457196892343
2017-06-14,3535.3,-0.013111797826517724
2017-06-15,3528.79,-0.0018414278844794962
2017-06-16,3518.76,-0.002842334057849838
2017-06-19,3553.67,0.009921108572337856
2017-06-20,3546.49,-0.0020204464680176892
2017-06-21,3587.96,0.01169325163753454
2017-06-22,3590.34,0.0006633295800400063
2017-06-23,3622.88,0.00906320849835951
2017-06-26,3668.09,0.012479022214370916
2017-06-27,3674.72,0.00180748018723631
2017-06-28,3646.17,-0.00776929942961635
2017-06-29,3668.83,0.006214740398829521
2017-06-30,3666.8,-0.0005533099107889461
2017-07-03,3650.85,-0.00434984182393372
2017-07-04,3619.98,-0.008455565142364119
2017-07-05,3659.68,0.010966911419399983
2017-07-06,3660.1,0.00011476413238309391
2017-07-07,3655.93,-0.0011393131335210027
2017-07-10,3653.69,-0.0006127031972712471
2017-07-11,3670.81,0.00468567393511754
2017-07-12,3658.82,-0.0032663090707499842
2017-07-13,3686.92,0.007680071717111048
2017-07-14,3703.09,0.004385774576068924
2017-07-17,3663.56,-0.010674868825764516
2017-07-18,3667.18,0.0009881099258644
2017-07-19,3729.75,0.017062156752600144
2017-07-20,3747.88,0.004860915610966021
2017-07-21,3728.6,-0.005144241544553285
2017-07-24,3743.47,0.0039880920452717294
2017-07-25,3719.56,-0.006387122108631793
2017-07-26,3705.39,-0.003809590381658068
2017-07-27,3712.19,0.0018351644496261699
2017-07-28,3721.89,0.002613012803762693
2017-07-31,3737.87,0.004293517540819414
2017-08-01,3770.38,0.008697466739078674
2017-08-02,3760.85,-0.002527596687867062
2017-08-03,3727.83,-0.008779930069000352
2017-08-04,3707.58,-0.005432114661881093
2017-08-07,3726.79,0.005181277275203788
2017-08-08,3732.21,0.0014543346955422365
2017-08-09,3731.04,-0.0003134871831971253
2017-08-10,3715.92,-0.004052489386337288
2017-08-11,3647.35,-0.018453034510969024
2017-08-14,3694.68,0.012976544614583085
2017-08-15,3706.06,0.003080104366278036
2017-08-16,3701.42,-0.0012520034753888964
2017-08-17,3721.28,0.005365508372462413
2017-08-18,3724.67,0.000910976868174318
2017-08-21,3740.99,0.004381596221947115
2017-08-22,3752.3,0.003023263895385986
2017-08-23,3756.09,0.00101004717106834
2017-08-24,3734.65,-0.005708063438309541
2017-08-25,3795.75,0.016360301500810026
2017-08-28,3842.71,0.012371731541856112
2017-08-29,3834.54,-0.0021261037132648264
2017-08-30,3834.3,-6.258899372535431e-05
2017-08-31,3822.09,-0.003184414365073218
2017-09-01,3830.54,0.0022108322933263036
2017-09-04,3845.62,0.003936781759229735
2017-09-05,3857.05,0.0029722125431010937
2017-09-06,3849.45,-0.001970417806354652
2017-09-07,3829.87,-0.005086440920131441
2017-09-08,3825.99,-0.0010130892171275052
2017-09-11,3825.65,-8.886588830592235e-05
2017-09-12,3837.93,0.00320991204109089
2017-09-13,3842.61,0.0012194073367675085
2017-09-14,3829.96,-0.003292033279463702
2017-09-15,3831.3,0.00034987310572431873
2017-09-18,3843.14,0.003090334873280476
2017-09-19,3832.12,-0.002867446931415496
2017-09-20,3842.44,0.002693026314416036
2017-09-21,3837.82,-0.0012023609997813267
2017-09-22,3837.73,-2.34508132220812e-05
2017-09-25,3817.79,-0.005195779796911215
2017-09-26,3820.78,0.0007831756068301665
2017-09-27,3821.2,0.00010992519851948934
2017-09-28,3822.54,0.0003506751805715247
2017-09-29,3836.5,0.0036520219539886156
2017-10-09,3882.21,0.011914505408575637
2017-10-10,3889.86,0.001970527096679442
2017-10-11,3902.69,0.003298319219714907
2017-10-12,3912.95,0.002628955925271903
2017-10-13,3921.0,0.0020572713681494825
2017-10-16,3913.45,-0.0019255292017342773
2017-10-17,3913.07,-9.71010233935532e-05
2017-10-18,3944.16,0.007945168371636502
2017-10-19,3931.25,-0.0032731937852419346
2017-10-20,3926.85,-0.0011192368839427758
2017-10-23,3930.8,0.0010058953104905566
2017-10-24,3959.4,0.007275872595909227
2017-10-25,3976.95,0.004432489771177384
2017-10-26,3993.58,0.0041815964495404145
2017-10-27,4021.97,0.007108909800229268
2017-10-30,4009.72,-0.00304577110222104
2017-10-31,4006.72,-0.0007481819179394611
2017-11-01,3996.62,-0.002520765114607415
2017-11-02,3997.13,0.00012760782861520603
2017-11-03,3992.7,-0.00110829520180733
2017-11-06,4020.89,0.007060385202995567
2017-11-07,4054.25,0.008296670637595094
2017-11-08,4048.01,-0.0015391256089288818
2017-11-09,4075.9,0.006889805114117742
2017-11-10,4111.91,0.008834858558845804
2017-11-13,4128.07,0.00393004710706224
2017-11-14,4099.35,-0.0069572463645236615
2017-11-15,4073.67,-0.006264407771963909
2017-11-16,4105.01,0.007693308490869466
2017-11-17,4120.85,0.0038586994915967843
2017-11-20,4143.83,0.005576519407403779
2017-11-21,4217.7,0.017826503500384838
2017-11-22,4227.57,0.0023401379898997376
2017-11-23,4102.4,-0.02960802541412677
2017-11-24,4104.2,0.0004387675507020461
2017-11-27,4049.95,-0.013218166756006067
2017-11-28,4055.82,0.0014494006098841883
2017-11-29,4053.75,-0.0005103776794828097
2017-11-30,4006.1,-0.01175454825778599
2017-12-01,3998.14,-0.0019869698709468198
2017-12-04,4018.86,0.005182409820566614
2017-12-05,4040.17,0.005302498718542159
2017-12-06,4015.82,-0.006026974112475436
2017-12-07,3971.06,-0.01114591789472641
2017-12-08,4003.38,0.008138884831757842
2017-12-11,4069.5,0.016516043942868208
2017-12-12,4016.02,-0.013141663595036213
2017-12-13,4050.09,0.008483523488428846
2017-12-14,4026.15,-0.005910979756005408
2017-12-15,3980.86,-0.011248959924493596
2017-12-18,3985.29,0.0011128248669884933
2017-12-19,4035.33,0.012556175334793584
2017-12-20,4030.49,-0.00119940624434689
2017-12-21,4067.85,0.009269344422142334
2017-12-22,4054.6,-0.0032572489152746797
2017-12-25,4041.54,-0.0032210329009026983
2017-12-26,4053.62,0.0029889596539933727
2017-12-27,3991.21,-0.015396115077387584
2017-12-28,4018.9,0.006937745696167452
2017-12-29,4030.86,0.00297593868969126
2018-01-02,4087.4,0.014026783366328788
2018-01-03,4111.39,0.005869256740226092
2018-01-04,4128.81,0.0042370098677089185
2018-01-05,4138.75,0.0024074733397758674
2018-01-08,4160.16,0.005173059498640775
2018-01-09,4189.3,0.007004538286988993
2018-01-10,4207.81,0.004418399255245564
2018-01-11,4205.59,-0.000527590361732222
2018-01-12,4225.0,0.004615285845743333
2018-01-15,4225.24,5.680473372771111e-05
2018-01-16,4258.47,0.007864642008501344
2018-01-17,4248.12,-0.0024304503730213645
2018-01-18,4271.42,0.005484779149364849
2018-01-19,4285.4,0.0032729162667215483
2018-01-22,4336.6,0.011947542819807033
2018-01-23,4382.61,0.010609694230502953
2018-01-24,4389.89,0.0016611106167330192
2018-01-25,4365.08,-0.005651622250215982
2018-01-26,4381.3,0.0037158540049666566
2018-01-29,4302.02,-0.018095085933398702
2018-01-30,4256.1,-0.010674055443721797
2018-01-31,4275.9,0.004652146331147966
2018-02-01,4245.9,-0.007016066792955855
2018-02-02,4271.23,0.005965755199133227
2018-02-05,4274.15,0.0006836438215689356
2018-02-06,4148.89,-0.029306411801176657
2018-02-07,4050.5,-0.023714776723412823
2018-02-08,4012.05,-0.009492655227749669
2018-02-09,3840.65,-0.042721302077491585
2018-02-12,3890.1,0.012875424732792684
2018-02-13,3935.63,0.011704069304131037
2018-02-14,3966.96,0.007960606052906272
2018-02-22,4052.73,0.021621090205094173
2018-02-23,4071.09,0.004530279589313846
2018-02-26,4118.42,0.011625879064329103
2018-02-27,4058.98,-0.014432719343826061
2018-02-28,4023.64,-0.008706620875195248
2018-03-01,4049.09,0.006325118549373343
2018-03-02,4016.46,-0.008058600821419182
2018-03-05,4018.1,0.00040831976417043947
2018-03-06,4066.56,0.012060426569771687
2018-03-07,4036.65,-0.007355110953729871
2018-03-08,4077.6,0.01014455055553487
2018-03-09,4108.87,0.0076687267019814875
2018-03-12,4127.67,0.004575467220914842
2018-03-13,4091.25,-0.008823379775999562
2018-03-14,4073.34,-0.004377635197066909
2018-03-15,4096.16,0.005602282156657701
2018-03-16,4056.42,-0.009701769462130305
2018-03-19,4074.25,0.004395501452019168
2018-03-20,4077.7,0.0008467816162482933
2018-03-21,4061.05,-0.004083184147926411
2018-03-22,4020.35,-0.010022038635328356
2018-03-23,3904.94,-0.028706455905580297
2018-03-26,3879.89,-0.006414951318074125
2018-03-27,3913.27,0.008603336692535102
2018-03-28,3842.72,-0.018028400800353728
2018-03-29,3894.05,0.013357725777574325
2018-03-30,3898.5,0.0011427690964420645
2018-04-02,3886.92,-0.0029703732204694466
2018-04-03,3862.48,-0.006287754829016334
2018-04-04,3854.86,-0.001972825749259499
2018-04-09,3852.93,-0.0005006666908785595
2018-04-10,3927.17,0.019268452839786843
2018-04-11,3938.34,0.0028442873621463693
2018-04-12,3898.64,-0.010080389199510487
2018-04-13,3871.14,-0.007053741817659498
2018-04-16,3808.86,-0.01608828407135876
2018-04-17,3748.64,-0.015810504980492968
2018-04-18,3766.28,0.004705706602928128
2018-04-19,3811.84,0.012096817018384165
2018-04-20,3760.85,-0.013376741940899994
2018-04-23,3766.33,0.0014571174069690773
2018-04-24,3843.49,0.020486786872100815
2018-04-25,3828.7,-0.003848065169936743
2018-04-26,3755.49,-0.019121372789719704
2018-04-27,3756.88,0.00037012480395381964
2018-05-02,3763.65,0.0018020272140713
2018-05-03,3793.0,0.007798280924102841
2018-05-04,3774.6,-0.004851041392037958
2018-05-07,3834.19,0.015787103269220726
2018-05-08,3878.68,0.011603493827901046
2018-05-09,3871.62,-0.0018202068745036826
2018-05-10,3893.06,0.005537733558562019
2018-05-11,3872.84,-0.005193857787961109
2018-05-14,3909.29,0.009411697875460812
2018-05-15,3924.1,0.0037884117064734824
2018-05-16,3892.84,-0.0079661578451109
2018-05-17,3864.05,-0.007395628898182349
2018-05-18,3903.06,0.010095625056611546
2018-05-21,3921.24,0.004657883814237929
2018-05-22,3906.21,-0.003832971202986757
2018-05-23,3854.58,-0.013217415346333139
2018-05-24,3827.22,-0.007098049592951794
2018-05-25,3816.5,-0.0028009887072077966
2018-05-28,3833.26,0.004391458142277038
2018-05-29,3804.01,-0.007630580758936301
2018-05-30,3723.37,-0.02119868244300105
2018-05-31,3802.38,0.02122002379564747
2018-06-01,3770.59,-0.008360553127251924
2018-06-04,3807.58,0.009810135814289023
2018-06-05,3845.32,0.009911807499776826
2018-06-06,3837.35,-0.0020726493503792076
2018-06-07,3831.01,-0.0016521818442414293
2018-06-08,3779.62,-0.013414217138561502
2018-06-11,3779.98,9.524767040081095e-05
2018-06-12,3825.95,0.012161440007619095
2018-06-13,3788.34,-0.009830238241482436
2018-06-14,3773.37,-0.003951598853323635
2018-06-15,3753.43,-0.00528440094663396
2018-06-19,3621.12,-0.03525042427859315
2018-06-20,3635.44,0.003954577589254216
2018-06-21,3592.97,-0.011682217283189966
2018-06-22,3608.9,0.0044336579487165295
2018-06-25,3560.48,-0.01341683061320631
2018-06-26,3531.11,-0.00824888779041022
2018-06-27,3459.26,-0.020347709360512667
2018-06-28,3423.53,-0.010328798644796855
2018-06-29,3510.98,0.025543810044018844
2018-07-02,3407.96,-0.02934223493155752
2018-07-03,3409.28,0.00038732848977107714
2018-07-04,3363.75,-0.01335472592453546
2018-07-05,3342.44,-0.006335191378669669
2018-07-06,3365.12,0.006785462117494978
2018-07-09,3459.18,0.02795145492582729
2018-07-10,3467.52,0.002410976011655963
2018-07-11,3407.53,-0.017300549095607187
2018-07-12,3481.06,0.021578680158355068
2018-07-13,3492.69,0.003340936381447168
2018-07-16,3472.09,-0.005898032748397286
2018-07-17,3449.38,-0.006540729070963036
2018-07-18,3431.32,-0.005235723521328506
2018-07-19,3428.34,-0.0008684704428616463
2018-07-20,3492.89,0.01882835424724494
2018-07-23,3525.75,0.009407682463518752
2018-07-24,3581.71,0.015871800326171748
2018-07-25,3577.75,-0.001105617149350424
2018-07-26,3536.25,-0.01159946893997621
2018-07-27,3521.23,-0.00424743725698129
2018-07-30,3515.08,-0.0017465487911895172
2018-07-31,3517.66,0.0007339804499471025
2018-08-01,3447.39,-0.019976347913101322
2018-08-02,3370.96,-0.02217039557462308
2018-08-03,3315.28,-0.016517549896765238
2018-08-06,3273.27,-0.012671629545619179
2018-08-07,3368.87,0.029206267738377756
2018-08-08,3314.51,-0.016135974377164963
2018-08-09,3397.53,0.025047442910113293
2018-08-10,3405.02,0.0022045427119112837
2018-08-13,3390.34,-0.004311281578375459
2018-08-14,3372.91,-0.005141077296082486
2018-08-15,3291.98,-0.02399411783889871
2018-08-16,3276.73,-0.004632470428131419
2018-08-17,3229.62,-0.014377138183493954
2018-08-20,3267.25,0.011651525566475307
2018-08-21,3326.65,0.01818042696457267
2018-08-22,3307.95,-0.005621270647648613
2018-08-23,3320.03,0.003651808521894395
2018-08-24,3325.33,0.0015963711171282924
2018-08-27,3406.57,0.024430658009881867
2018-08-28,3400.17,-0.0018787225860616985
2018-08-29,3386.57,-0.0039998000099994435
2018-08-30,3351.09,-0.010476676991764577
2018-08-31,3334.5,-0.004950628004619428
2018-09-03,3321.82,-0.0038026690658269358
2018-09-04,3363.9,0.012667754423779654
2018-09-05,3298.14,-0.019548738071880956
2018-09-06,3262.88,-0.010690874250334992
2018-09-07,3277.64,0.004523611043004916
2018-09-10,3230.07,-0.01451349141455427
2018-09-11,3224.21,-0.0018142021689933063
2018-09-12,3202.02,-0.006882306053265785
2018-09-13,3236.57,0.010790063772243785
2018-09-14,3242.09,0.0017055092273610128
2018-09-17,3204.92,-0.011464826701294561
2018-09-18,3269.43,0.020128427542653204
2018-09-19,3312.48,0.013167432855268446
2018-09-20,3310.13,-0.0007094382456648285
2018-09-21,3410.49,0.03031905091340814
2018-09-25,3379.8,-0.008998706930675504
2018-09-26,3417.24,0.011077578554943956
2018-09-27,3403.59,-0.0039944516627452575
2018-09-28,3438.87,0.010365525812450871
2018-10-08,3290.9,-0.04302866930125293
2018-10-09,3288.69,-0.0006715488164331651
2018-10-10,3281.6,-0.002155873615330206
2018-10-11,3124.11,-0.047991833252072125
2018-10-12,3170.73,0.014922649970711577
2018-10-15,3126.45,-0.013965238288974557
2018-10-16,3100.97,-0.008149818484223359
2018-10-17,3118.25,0.005572449910834498
2018-10-18,3044.39,-0.023686362543093087
2018-10-19,3134.95,0.029746517364726666
2018-10-22,3270.27,0.04316496275857684
2018-10-23,3183.43,-0.026554382359866402
2018-10-24,3188.2,0.0014983838187112575
2018-10-25,3194.31,0.0019164418794304083
2018-10-26,3173.64,-0.006470881035340992
2018-10-29,3076.89,-0.030485499300487717
2018-10-30,3110.26,0.010845366587690863
2018-10-31,3153.82,0.01400526001041702
2018-11-01,3177.03,0.007359329321267483
2018-11-02,3290.25,0.03563705725158406
2018-11-05,3262.84,-0.008330673960945223
2018-11-06,3243.15,-0.006034620146865954
2018-11-07,3221.91,-0.006549188289163399
2018-11-08,3212.77,-0.0028368266028535594
2018-11-09,3167.44,-0.014109319994895397
2018-11-12,3205.14,0.011902356477154985
2018-11-13,3237.38,0.010058842983457827
2018-11-14,3204.94,-0.010020448634389556
2018-11-15,3242.37,0.01167884578182421
2018-11-16,3257.67,0.004718770528965077
2018-11-19,3294.6,0.011336323200324072
2018-11-20,3218.41,-0.02312572087658593
2018-11-21,3226.49,0.0025105564548955073
2018-11-22,3214.43,-0.003737807958493544
2018-11-23,3143.48,-0.02207234253040191
2018-11-26,3141.24,-0.0007125860511281168
2018-11-27,3137.24,-0.0012733824858972564
2018-11-28,3178.93,0.013288750621565537
2018-11-29,3137.65,-0.012985501410851974
2018-11-30,3172.69,0.011167593581183466
2018-12-03,3260.95,0.027818664918413116
2018-12-04,3267.71,0.002073015532283673
2018-12-05,3252.0,-0.004807648169513179
2018-12-06,3181.67,-0.021626691266912634
2018-12-07,3181.56,-3.4573038687257807e-05
2018-12-10,3144.76,-0.011566652836973002
2018-12-11,3159.82,0.0047889187092178265
2018-12-12,3170.61,0.0034147514731852624
2018-12-13,3219.69,0.015479671104298598
2018-12-14,3165.91,-0.01670347145222062
2018-12-17,3161.2,-0.0014877239087656147
2018-12-18,3128.43,-0.010366316588637181
2018-12-19,3091.13,-0.011922913410240876
2018-12-20,3067.42,-0.007670334149647573
2018-12-21,3029.4,-0.012394781281989453
2018-12-24,3038.2,0.002904865649963506
2018-12-25,3017.28,-0.0068856559805146045
2018-12-26,3002.03,-0.005054221020256655
2018-12-27,2990.51,-0.0038374033570617305
2018-12-28,3010.65,0.006734637235789265
2019-01-02,2969.54,-0.013654858585355312
2019-01-03,2964.84,-0.0015827367201654008
2019-01-04,3035.87,0.02395744795671928
2019-01-07,3054.3,0.006070747429896661
2019-01-08,3047.7,-0.002160887928494337
2019-01-09,3078.48,0.010099419234176565
2019-01-10,3072.69,-0.0018807983160520347
2019-01-11,3094.78,0.007189140459987975
2019-01-14,3067.78,-0.008724368129560123
2019-01-15,3127.99,0.019626570353806105
2019-01-16,3128.65,0.0002109981170017594
2019-01-17,3111.42,-0.005507167628210241
2019-01-18,3168.17,0.018239260530561685
2019-01-21,3185.64,0.005514224299832282
2019-01-22,3143.32,-0.013284614708504283
2019-01-23,3141.05,-0.0007221663718616211
2019-01-24,3158.78,0.005644609286703517
2019-01-25,3184.47,0.00813288674741508
2019-01-28,3183.78,-0.00021667655842250166
2019-01-29,3193.97,0.003200598031270818
2019-01-30,3168.48,-0.00798066356290128
2019-01-31,3201.63,0.010462429934858353
2019-02-01,3247.4,0.014295843054943802
2019-02-11,3306.47,0.0181899365646363
2019-02-12,3330.34,0.0072191793665148385
2019-02-13,3397.03,0.020024982434226013
2019-02-14,3402.14,0.001504255187619652
2019-02-15,3338.7,-0.018647086833581183
2019-02-18,3445.74,0.032060382783718255
2019-02-19,3439.61,-0.0017790082826909526
2019-02-20,3451.93,0.0035818014251614017
2019-02-21,3442.71,-0.0026709695735428474
2019-02-22,3520.12,0.022485193350587185
2019-02-25,3729.48,0.05947524516209679
2019-02-26,3684.69,-0.012009717172367207
2019-02-27,3678.39,-0.0017097774846731584
2019-02-28,3669.37,-0.002452159776423879
2019-03-01,3749.71,0.021894766676568533
2019-03-04,3794.1,0.011838248824575626
2019-03-05,3816.01,0.005774755541498644
2019-03-06,3848.09,0.008406686565286758
2019-03-07,3808.85,-0.01019726669594534
2019-03-08,3657.58,-0.0397153996613151
2019-03-11,3729.95,0.019786306793016184
2019-03-12,3755.35,0.00680974275794588
2019-03-13,3724.19,-0.008297495572982538
2019-03-14,3698.49,-0.006900829442106904
2019-03-15,3745.0,0.012575402393949942
2019-03-18,3851.75,0.02850467289719627
2019-03-19,3833.96,-0.004618679820860616
2019-03-20,3835.44,0.00038602385001418327
2019-03-21,3836.89,0.00037805310472838194
2019-03-22,3833.8,-0.0008053397413008145
2019-03-25,3742.83,-0.023728415671135705
2019-03-26,3700.44,-0.011325654651693995
2019-03-27,3743.39,0.011606727848580078
2019-03-28,3728.4,-0.004004391741175728
2019-03-29,3872.34,0.038606372706791126
2019-04-01,3973.93,0.026234783102723425
2019-04-02,3971.29,-0.0006643297692712213
2019-04-03,4022.16,0.012809439753833196
2019-04-04,4062.23,0.009962308809197129
2019-04-08,4057.23,-0.0012308510350226287
2019-04-09,4075.43,0.00448581914261692
2019-04-10,4085.85,0.002556785418961871
2019-04-11,3997.58,-0.021603827844879242
2019-04-12,3988.62,-0.0022413560203923266
2019-04-15,3975.52,-0.0032843439585621415
2019-04-16,4085.79,0.027737251982130617
2019-04-17,4087.24,0.0003548885282895764
2019-04-18,4072.08,-0.0037091044323308564
2019-04-19,4120.61,0.011917742284041521
2019-04-22,4025.61,-0.023054838968016744
2019-04-23,4019.01,-0.0016395030815204992
2019-04-24,4030.09,0.0027568978430010382
2019-04-25,3941.82,-0.021902736663449218
2019-04-26,3889.27,-0.013331405289942255
2019-04-29,3900.33,0.0028437213153111873
2019-04-30,3913.21,0.003302284678476042
2019-05-06,3684.62,-0.05841495856343004
2019-05-07,3720.67,0.009783912588001042
2019-05-08,3667.46,-0.014301187689313988
2019-05-09,3599.7,-0.018476002464921315
2019-05-10,3730.45,0.03632247131705424
2019-05-13,3668.73,-0.01654492085405246
2019-05-14,3645.15,-0.006427292278254337
2019-05-15,3727.09,0.022479184670040953
2019-05-16,3743.96,0.004526319461027217
2019-05-17,3648.76,-0.025427622089979507
2019-05-20,3617.79,-0.008487815038533686
2019-05-21,3666.78,0.013541416168434406
2019-05-22,3649.38,-0.004745307872302207
2019-05-23,3583.96,-0.01792633269212851
2019-05-24,3593.91,0.0027762586636010944
2019-05-27,3637.2,0.012045376762356286
2019-05-28,3672.26,0.009639282964918117
2019-05-29,3663.91,-0.0022738041424082978
2019-05-30,3641.18,-0.006203755004899114
2019-05-31,3629.79,-0.003128106822513521
2019-06-03,3632.01,0.0006116056300777828
2019-06-04,3598.47,-0.00923455607225765
2019-06-05,3597.11,-0.00037793840159838776
2019-06-06,3564.68,-0.009015570833252329
2019-06-10,3610.74,0.012921215929620589
2019-06-11,3719.28,0.03006032004519854
2019-06-12,3691.1,-0.00757673528209768
2019-06-13,3685.39,-0.001546964319579569
2019-06-14,3654.88,-0.008278635368305642
2019-06-17,3654.82,-1.6416407652264375e-05
2019-06-18,3667.62,0.003502224459754455
2019-06-19,3715.94,0.013174756381522768
2019-06-20,3828.52,0.030296506402148538
2019-06-21,3833.94,0.001415690658531199
2019-06-24,3841.27,0.001911871338622806
2019-06-25,3801.31,-0.010402809487487175
2019-06-26,3794.33,-0.0018362090963378597
2019-06-27,3834.82,0.010671185690227292
2019-06-28,3825.59,-0.002406892631205637
2019-07-01,3935.81,0.028811242187479547
2019-07-02,3937.17,0.0003455451355629524
2019-07-03,3893.53,-0.011084103556615488
2019-07-04,3873.1,-0.005247166453064556
2019-07-05,3893.2,0.005189641372543852
2019-07-08,3802.79,-0.023222541867872204
2019-07-09,3793.13,-0.002540240192069443
2019-07-10,3786.74,-0.0016846245712645036
2019-07-11,3785.22,-0.0004014006770995948
2019-07-12,3808.73,0.006210999624856717
2019-07-15,3824.19,0.004059095814090252
2019-07-16,3806.85,-0.004534293536670564
2019-07-17,3804.64,-0.0005805324612212504
2019-07-18,3768.4,-0.00952521132091333
2019-07-19,3807.96,0.01049782401019006
2019-07-22,3781.68,-0.00690133299719542
2019-07-23,3789.91,0.002176281441052641
2019-07-24,3819.83,0.00789464657472072
2019-07-25,3851.07,0.008178374430275692
2019-07-26,3858.57,0.0019475106918336316
2019-07-29,3854.27,-0.0011144024858951163
2019-07-30,3870.32,0.004164212678406054
2019-07-31,3835.36,-0.00903284482936817
2019-08-01,3803.47,-0.008314734470818985
2019-08-02,3747.44,-0.014731284853041982
2019-08-05,3675.69,-0.01914640394509315
2019-08-06,3636.33,-0.010708193563657487
2019-08-07,3621.43,-0.0040975379022256675
2019-08-08,3669.29,0.013215773879379222
2019-08-09,3633.53,-0.009745754628279535
2019-08-12,3699.1,0.01804581219915602
2019-08-13,3665.75,-0.009015706523208378
2019-08-14,3682.4,0.004542044602059647
2019-08-15,3694.0,0.0031501194872909366
2019-08-16,3710.54,0.004477531131564794
2019-08-19,3791.09,0.021708430578837534
2019-08-20,3787.73,-0.0008862886399426673
2019-08-21,3781.76,-0.0015761419108542007
2019-08-22,3793.51,0.0031070189541377857
2019-08-23,3820.86,0.007209681798650891
2019-08-26,3765.91,-0.014381579016242485
2019-08-27,3816.95,0.013553165104848386
2019-08-28,3802.58,-0.0037647860202517647
2019-08-29,3790.19,-0.003258314092011161
2019-08-30,3799.59,0.002480086750268562
2019-09-02,3848.32,0.012825067967859649
2019-09-03,3853.61,0.001374625810743435
2019-09-04,3886.0,0.00840510586177623
2019-09-05,3925.32,0.010118373648996482
2019-09-06,3948.51,0.0059077985998594595
2019-09-09,3972.95,0.006189676612190276
2019-09-10,3959.26,-0.003445802237631912
2019-09-11,3930.1,-0.007365012653879788
2019-09-12,3972.38,0.010757995979746138
2019-09-16,3957.72,-0.003690482783620941
2019-09-17,3891.22,-0.016802603519197934
2019-09-18,3910.08,0.004846808969937388
2019-09-19,3924.38,0.0036572141746460396
2019-09-20,3935.65,0.0028717912128795042
2019-09-23,3890.66,-0.011431402690788128
2019-09-24,3901.08,0.0026782088386032576
2019-09-25,3870.98,-0.007715812031539926
2019-09-26,3841.14,-0.007708642255966236
2019-09-27,3852.65,0.002996506245541708
2019-09-30,3814.53,-0.009894488209414298
2019-10-08,3837.68,0.006068899707172282
2019-10-09,3843.24,0.0014487919784869074
2019-10-10,3874.64,0.008170189735743794
2019-10-11,3911.73,0.009572502219561185
2019-10-14,3953.24,0.010611673096047047
2019-10-15,3936.25,-0.004297740587467458
2019-10-16,3922.69,-0.003444903143855149
2019-10-17,3925.22,0.0006449655720945913
2019-10-18,3869.38,-0.014225954214031278
2019-10-21,3880.84,0.0029617147966858326
2019-10-22,3895.88,0.0038754496449222575
2019-10-23,3871.08,-0.006365699148844439
2019-10-24,3870.67,-0.00010591359517242438
2019-10-25,3896.79,0.0067481857146178825
2019-10-28,3926.59,0.007647319973619338
2019-10-29,3910.23,-0.004166465049826984
2019-10-30,3891.23,-0.004859049211938915
2019-10-31,3886.75,-0.0011513069132382814
2019-11-01,3952.39,0.016888145622949713
2019-11-04,3978.12,0.00650998509762446
2019-11-05,4002.81,0.006206449277548209
2019-11-06,3984.88,-0.0044793532543387915
2019-11-07,3991.88,0.0017566400995763232
2019-11-08,3973.01,-0.0047270960048898525
2019-11-11,3902.98,-0.017626434365883847
2019-11-12,3903.69,0.00018191228240982404
2019-11-13,3899.98,-0.0009503828428999439
2019-11-14,3905.86,0.001507700039487414
2019-11-15,3877.09,-0.007365855407003852
2019-11-18,3907.93,0.007954419422814496
2019-11-19,3947.04,0.010007855821368317
2019-11-20,3907.86,-0.009926425878633016
2019-11-21,3889.6,-0.004672634127118269
2019-11-22,3849.99,-0.010183566433566438
2019-11-25,3878.21,0.00732988916854338
2019-11-26,3891.65,0.0034655163077812468
2019-11-27,3875.62,-0.00411907545642598
2019-11-28,3862.3,-0.003436869455725744
2019-11-29,3828.67,-0.008707246977189831
2019-12-02,3836.06,0.00193017418581376
2019-12-03,3851.09,0.003918082616017449
2019-12-04,3849.82,-0.00032977676450041127
2019-12-05,3879.36,0.007673086014410968
2019-12-06,3902.39,0.0059365462344302955
2019-12-09,3895.45,-0.001778397341116622
2019-12-10,3900.38,0.0012655790730211613
2019-12-11,3902.75,0.0006076331024156278
2019-12-12,3891.02,-0.0030055729934020947
2019-12-13,3968.22,0.01984055594676959
2019-12-16,3987.55,0.00487120169748656
2019-12-17,4041.8,0.013604845080312566
2019-12-18,4032.78,-0.002231678954921046
2019-12-19,4027.15,-0.0013960592940850391
2019-12-20,4017.25,-0.002458314192418931
2019-12-23,3967.1,-0.012483664198145505
2019-12-24,3992.96,0.0065186156134204865
2019-12-25,3990.87,-0.0005234212213496292
2019-12-26,4025.99,0.008800086196744106
2019-12-27,4022.03,-0.0009836090005189702
2019-12-30,4081.63,0.01481838772957933
2019-12-31,4096.58,0.0036627523807890583
2020-01-02,4152.24,0.013586943255105455
2020-01-03,4144.96,-0.0017532705238617607
2020-01-06,4129.3,-0.0037780822975371775
2020-01-07,4160.23,0.007490373671082073
2020-01-08,4112.32,-0.011516190210637323
2020-01-09,4164.37,0.012657088942494843
2020-01-10,4163.19,-0.00028335618592978395
2020-01-13,4203.99,0.00980017726791238
2020-01-14,4189.89,-0.0033539565983742303
2020-01-15,4166.73,-0.005527591416481292
2020-01-16,4149.04,-0.004245535467860773
2020-01-17,4154.85,0.0014003239303550519
2020-01-20,4185.83,0.007456346197816988
2020-01-21,4114.31,-0.01708621707044944
2020-01-22,4131.93,0.004282613609572383
2020-01-23,4003.9,-0.030985520083834928
2020-02-03,3688.36,-0.07880816204200902
2020-02-04,3785.64,0.02637486579401127
2020-02-05,3828.53,0.011329656280047784
2020-02-06,3899.78,0.01861027600671794
2020-02-07,3899.87,2.3078224925532353e-05
2020-02-10,3916.01,0.004138599491777972
2020-02-11,3952.46,0.009307943544577313
2020-02-12,3984.43,0.008088633408054768
2020-02-13,3959.92,-0.006151444497707215
2020-02-14,3987.73,0.007022869148871624
2020-02-17,4077.42,0.022491492653715195
2020-02-18,4057.51,-0.004882989733704157
2020-02-19,4051.31,-0.0015280307380635128
2020-02-20,4144.66,0.023041929647447335
2020-02-21,4149.49,0.0011653549386438922
2020-02-24,4132.84,-0.004012541300256078
2020-02-25,4123.85,-0.002175259627761994
2020-02-26,4073.02,-0.012325860542939382
2020-02-27,4084.88,0.0029118442826208124
2020-02-28,3940.05,-0.03545514188911303
2020-03-02,4069.67,0.0328980596692936
2020-03-03,4091.36,0.0053296704646814685
2020-03-04,4115.05,0.005790250674592379
2020-03-05,4206.73,0.022279194663491264
2020-03-06,4138.51,-0.016216871536799182
2020-03-09,3997.13,-0.0341620534926822
2020-03-10,4082.73,0.021415365524763974
2020-03-11,4028.43,-0.013299924315347877
2020-03-12,3950.91,-0.019243228751647634
2020-03-13,3895.31,-0.01407270730034349
2020-03-16,3727.84,-0.04299272715136915
2020-03-17,3709.68,-0.004871453710459717
2020-03-18,3636.26,-0.01979146449289415
2020-03-19,3589.09,-0.012972119705411678
2020-03-20,3653.22,0.0178680389736674
2020-03-23,3530.31,-0.0336442918849672
2020-03-24,3625.11,0.026853165869286322
2020-03-25,3722.52,0.026870908744837996
2020-03-26,3698.05,-0.006573503970428551
2020-03-27,3710.06,0.003247657549248828
2020-03-30,3674.11,-0.009689870244686039
2020-03-31,3686.16,0.00327970583352144
2020-04-01,3675.08,-0.0030058380536927
2020-04-02,3734.53,0.016176518606397794
2020-04-03,3713.22,-0.005706206671254543
2020-04-07,3798.02,0.02283732178540454
2020-04-08,3780.34,-0.004655057108703953
2020-04-09,3792.81,0.003298645095414665
2020-04-10,3769.18,-0.006230209264371345
2020-04-13,3753.26,-0.004223730360449651
2020-04-14,3825.7,0.01930055471776515
2020-04-15,3797.36,-0.007407794651959065
2020-04-16,3802.38,0.0013219710535741225
2020-04-17,3839.49,0.009759676833982933
2020-04-20,3853.46,0.0036385040721553796
2020-04-21,3808.05,-0.011784214705744978
2020-04-22,3839.38,0.008227307939759232
2020-04-23,3829.75,-0.0025082174726127615
2020-04-24,3796.97,-0.008559305437691789
2020-04-27,3822.77,0.006794891716289664
2020-04-28,3849.15,0.006900755211535214
2020-04-29,3867.03,0.004645181403686527
2020-04-30,3912.58,0.011779065587802506
2020-05-06,3936.25,0.006049716555316387
2020-05-07,3924.89,-0.0028859955541442606
2020-05-08,3963.62,0.009867792473164938
2020-05-11,3960.18,-0.0008678934913034508
2020-05-12,3960.24,1.5150826477627888e-05
2020-05-13,3968.25,0.002022604690624874
2020-05-14,3925.22,-0.010843570843570904
2020-05-15,3912.82,-0.0031590586005370014
2020-05-18,3922.91,0.002578702828139212
2020-05-19,3956.25,0.008498792987858605
2020-05-20,3935.22,-0.005315639810426598
2020-05-21,3913.79,-0.005445692998104268
2020-05-22,3824.06,-0.022926626109218917
2020-05-25,3829.32,0.00137550143041687
2020-05-26,3872.77,0.01134666207055024
2020-05-27,3845.61,-0.007013068165679814
2020-05-28,3856.63,0.0028656051965747498
2020-05-29,3867.02,0.002694061914158219
2020-06-01,3971.34,0.026976845219316203
2020-06-02,3983.57,0.003079565083825564
2020-06-03,3983.65,2.00824888227924e-05
2020-06-04,3982.19,-0.0003664980608236723
2020-06-05,4001.25,0.004786311049949976
2020-06-08,4021.95,0.0051733833177132205
2020-06-09,4047.03,0.006235781150934372
2020-06-10,4039.71,-0.0018087338122030339
2020-06-11,3995.88,-0.010849788722457787
2020-06-12,4003.08,0.0018018559115888788
2020-06-15,3954.99,-0.012013249797655834
2020-06-16,4014.57,0.015064513437454963
2020-06-17,4017.59,0.0007522598933384916
2020-06-18,4044.38,0.006668176692992578
2020-06-19,4098.71,0.013433455807812411
2020-06-22,4102.05,0.0008148905387304062
2020-06-23,4121.79,0.004812228032325283
2020-06-24,4138.99,0.004172944279063229
2020-06-29,4109.72,-0.007071773548619209
2020-06-30,4163.96,0.01319797942438905
2020-07-01,4247.78,0.020129876367688482
2020-07-02,4335.84,0.02073082880940169
2020-07-03,4419.6,0.019318056016827345
2020-07-06,4670.09,0.05667707484840245
2020-07-07,4698.13,0.006004166943249567
2020-07-08,4774.0,0.016148978423330185
2020-07-09,4840.77,0.0139861751152075
2020-07-10,4753.13,-0.018104557745978522
2020-07-13,4852.96,0.021003002232213186
2020-07-14,4806.69,-0.009534387260558552
2020-07-15,4744.47,-0.012944458660741454
2020-07-16,4516.25,-0.048102317013280826
2020-07-17,4544.7,0.006299474121228776
2020-07-20,4680.3,0.02983695293418709
2020-07-21,4691.04,0.0022947246971347646
2020-07-22,4714.45,0.004990364609979814
2020-07-23,4712.44,-0.0004263487787546927
2020-07-24,4505.59,-0.04389445807267567
2020-07-27,4528.45,0.005073697340414851
2020-07-28,4568.26,0.008791087458181135
2020-07-29,4679.01,0.02424336618318579
2020-07-30,4656.15,-0.004885648887264726
2020-07-31,4695.05,0.0083545418425095
2020-08-03,4771.31,0.016242638523551456
2020-08-04,4775.8,0.0009410413492310088
2020-08-05,4777.11,0.00027429959378522106
2020-08-06,4762.76,-0.003003908220660545
2020-08-07,4707.93,-0.01151223240306043
2020-08-10,4724.87,0.0035981843400390012
2020-08-11,4681.78,-0.009119827635469369
2020-08-12,4647.64,-0.007292098304490957
2020-08-13,4635.71,-0.0025668941656411537
2020-08-14,4704.63,0.014867194022059271
2020-08-17,4815.23,0.02350875626776161
2020-08-18,4812.76,-0.0005129557674294905
2020-08-19,4740.68,-0.014976853198580442
2020-08-20,4679.15,-0.012979150670368145
2020-08-21,4718.84,0.008482309821228329
2020-08-24,4755.85,0.00784302921904545
2020-08-25,4761.95,0.001282630865145018
2020-08-26,4706.13,-0.01172208864015789
2020-08-27,4731.35,0.005358967984309793
2020-08-28,4844.27,0.023866338360087447
2020-08-31,4816.22,-0.005790346120261747
2020-09-01,4842.12,0.005377661319457827
2020-09-02,4843.89,0.00036554236574071197
2020-09-03,4817.1,-0.00553067885521763
2020-09-04,4770.22,-0.009731996429387046
2020-09-07,4669.37,-0.021141582568518946
2020-09-08,4694.39,0.0053583245705524085
2020-09-09,4584.59,-0.023389620376662368
2020-09-10,4581.98,-0.0005692984541694202
2020-09-11,4627.28,0.009886555593869861
2020-09-14,4651.05,0.00513692709323843
2020-09-15,4688.48,0.0080476451553948
2020-09-16,4657.36,-0.00663754564379071
2020-09-17,4632.71,-0.005292698009172536
2020-09-18,4737.09,0.022531088714812686
2020-09-21,4691.43,-0.009638828901287422
2020-09-22,4635.76,-0.011866317945701033
2020-09-23,4652.33,0.003574386939789731
2020-09-24,4563.07,-0.019186085251906126
2020-09-25,4570.02,0.0015230973883813004
2020-09-28,4581.91,0.002601739160878802
2020-09-29,4591.8,0.002158488490607624
2020-09-30,4587.4,-0.0009582298880614903
2020-10-09,4681.14,0.020434232898809856
2020-10-12,4823.16,0.030338763634499166
2020-10-13,4839.2,0.0033256205475249434
2020-10-14,4807.1,-0.006633327822780477
2020-10-15,4798.74,-0.001739094256412499
2020-10-16,4791.68,-0.001471219528459411
2020-10-19,4755.49,-0.007552674636035928
2020-10-20,4793.47,0.00798655869321574
2020-10-21,4792.83,-0.00013351496932290097
2020-10-22,4777.98,-0.0030983782024399664
2020-10-23,4718.49,-0.01245086835859499
2020-10-26,4691.24,-0.005775152644172166
2020-10-27,4699.28,0.0017138325901040474
2020-10-28,4737.27,0.008084217156670848
2020-10-29,4772.92,0.007525431313815778
2020-10-30,4695.33,-0.01625629593624034
2020-11-02,4720.83,0.005430928177572181
2020-11-03,4777.56,0.012016954645687417
2020-11-04,4813.66,0.0075561583737304705
2020-11-05,4885.11,0.014843175463161051
2020-11-06,4885.72,0.0001248692455237954
2020-11-09,4981.35,0.01957336892003636
2020-11-10,4953.88,-0.005514569343651909
2020-11-11,4904.9,-0.009887199528450519
2020-11-12,4908.46,0.0007258048074374468
2020-11-13,4856.85,-0.010514499456041104
2020-11-16,4904.17,0.00974294038317014
2020-11-17,4894.79,-0.0019126580032911011
2020-11-18,4891.67,-0.0006374124324025621
2020-11-19,4927.99,0.007424867172151739
2020-11-20,4943.29,0.0031047140923581296
2020-11-23,5005.03,0.012489657697606127
2020-11-24,4974.29,-0.006141821327744212
2020-11-25,4910.7,-0.012783733960022414
2020-11-26,4919.59,0.0018103325391491953
2020-11-27,4980.77,0.012435995682567036
2020-11-30,4960.25,-0.004119844923576199
2020-12-01,5067.1,0.02154125296104037
2020-12-02,5067.14,7.89406169210416e-06
2020-12-03,5057.06,-0.0019892878428462435
2020-12-04,5065.92,0.001752006106314763
2020-12-07,5022.23,-0.008624297264860137
2020-12-08,5009.88,-0.002459066988170444
2020-12-09,4942.7,-0.013409502822422925
2020-12-10,4940.52,-0.00044105448439102357
2020-12-11,4889.63,-0.010300535166338887
2020-12-14,4934.84,0.0092460983755418
2020-12-15,4945.1,0.0020790947629507617
2020-12-16,4953.87,0.0017734727305815934
2020-12-17,5017.48,0.012840466140613183
2020-12-18,4999.97,-0.003489799660387094
2020-12-21,5046.84,0.009374056244337403
2020-12-22,4964.77,-0.016261660761981656
2020-12-23,5007.12,0.008530103106488163
2020-12-24,5000.02,-0.0014179807953472734
2020-12-25,5042.01,0.008397966408134394
2020-12-28,5064.41,0.004442672664274783
2020-12-29,5042.94,-0.004239388201192296
2020-12-30,5113.71,0.01403348046972619
2020-12-31,5211.29,0.019082036329787888
2021-01-04,5267.72,0.010828412926549902
2021-01-05,5368.5,0.019131616714631816
2021-01-06,5417.67,0.009158982956132933
2021-01-07,5513.66,0.017717948859934163
2021-01-08,5495.43,-0.003306333723878452
2021-01-11,5441.16,-0.009875478352012523
2021-01-12,5596.35,0.02852149174073193
2021-01-13,5577.97,-0.003284283506213903
2021-01-14,5470.46,-0.019274036970439057
2021-01-15,5458.08,-0.0022630638008503956
2021-01-18,5518.52,0.011073491044469863
2021-01-19,5437.52,-0.014677848408631289
2021-01-20,5476.43,0.007155835748650086
2021-01-21,5564.97,0.016167466762105898
2021-01-22,5569.78,0.0008643352974049279
2021-01-25,5625.92,0.010079392722872393
2021-01-26,5512.97,-0.020076716341504985
2021-01-27,5528.0,0.0027262981659612606
2021-01-28,5377.14,-0.02729015918958022
2021-01-29,5351.96,-0.0046827867602480255
2021-02-01,5417.65,0.012274008026965655
2021-02-02,5501.09,0.015401511725563699
2021-02-03,5485.2,-0.0028885184572512435
2021-02-04,5473.95,-0.002050973528768374
2021-02-05,5483.41,0.0017281853140784786
2021-02-08,5564.56,0.014799185178566043
2021-02-09,5686.25,0.021868755121698724
2021-02-10,5807.72,0.021362057595075923
2021-02-18,5768.38,-0.006773742535797211
2021-02-19,5778.84,0.0018133340729979963
2021-02-22,5597.33,-0.03140941780703399
2021-02-23,5579.67,-0.0031550757236039617
2021-02-24,5437.57,-0.025467455960657248
2021-02-25,5469.56,0.005883142653795748
2021-02-26,5336.76,-0.024279832381398192
2021-03-01,5418.78,0.015368875497492773
2021-03-02,5349.63,-0.012761175024636473
2021-03-03,5452.21,0.01917515790811697
2021-03-04,5280.71,-0.03145513470684369
2021-03-05,5262.8,-0.0033915893885481108
2021-03-08,5080.02,-0.034730561678194105
2021-03-09,4971.0,-0.021460545430923572
2021-03-10,5003.61,0.0065600482800241
2021-03-11,5128.22,0.02490401929806696
2021-03-12,5146.38,0.003541189730549732
2021-03-15,5035.54,-0.021537469055918912
2021-03-16,5079.36,0.008702145152257756
2021-03-17,5100.86,0.004232816732816724
2021-03-18,5141.77,0.008020216198837193
2021-03-19,5007.09,-0.026193314753479857
2021-03-22,5057.15,0.0099978230868627
2021-03-23,5009.25,-0.009471738034268262
2021-03-24,4928.69,-0.01608224784149337
2021-03-25,4926.35,-0.00047477118666405804
2021-03-26,5037.99,0.022661808438295905
2021-03-29,5046.88,0.001764592625233652
2021-03-30,5094.73,0.009481105158038128
2021-03-31,5048.36,-0.0091015618099487
2021-04-01,5110.78,0.01236441141281519
2021-04-02,5161.56,0.009935861062303708
2021-04-06,5140.34,-0.00411116019188007
2021-04-07,5103.74,-0.007120151585303769
2021-04-08,5112.21,0.0016595672977073317
2021-04-09,5035.34,-0.015036549750499284
2021-04-12,4947.75,-0.017395051774060977
2021-04-13,4939.64,-0.0016391288969732631
2021-04-14,4980.63,0.008298175575548017
2021-04-15,4948.97,-0.006356625567448315
2021-04-16,4966.18,0.00347749127596253
2021-04-19,5087.02,0.02433258560905971
2021-04-20,5083.37,-0.0007175124139477962
2021-04-21,5098.75,0.0030255519468385117
2021-04-22,5089.24,-0.001865163030154493
2021-04-23,5135.45,0.00907994120929656
2021-04-26,5077.24,-0.011334936568363041
2021-04-27,5090.52,0.002615594299265167
2021-04-28,5119.24,0.005641859770710855
2021-04-29,5164.17,0.008776693415428971
2021-04-30,5123.49,-0.007877354928284785
2021-05-06,5061.12,-0.012173342780019025
2021-05-07,4996.05,-0.012856838012139549
2021-05-10,4992.42,-0.000726573993454882
2021-05-11,5023.06,0.0061373041530961014
2021-05-12,5044.55,0.004278268625101056
2021-05-13,4992.97,-0.010224896175080045
2021-05-14,5110.59,0.023557121312565377
2021-05-17,5184.99,0.014558006022787895
2021-05-18,5187.6,0.0005033760913715213
2021-05-19,5172.27,-0.002955123756650413
2021-05-20,5186.41,0.0027338093332327507
2021-05-21,5134.15,-0.010076334111649543
2021-05-24,5155.59,0.004175959019506736
2021-05-25,5318.48,0.03159483201728608
2021-05-26,5320.59,0.0003967298927514129
2021-05-27,5338.23,0.0033154217859296953
2021-05-28,5321.09,-0.003210802082338038
2021-05-31,5331.57,0.0019695212822936625
2021-06-01,5341.68,0.0018962519483005646
2021-06-02,5289.97,-0.009680475056536575
2021-06-03,5255.29,-0.006555802773928865
2021-06-04,5282.28,0.005135777473745495
2021-06-07,5277.63,-0.0008803016879074255
2021-06-08,5232.12,-0.00862318881770796
2021-06-09,5236.45,0.0008275804071771198
2021-06-10,5271.47,0.00668773692100566
2021-06-11,5224.7,-0.008872287995568717
2021-06-15,5166.56,-0.01112791165042959
2021-06-16,5080.49,-0.01665905360626807
2021-06-17,5101.89,0.004212192131074044
2021-06-18,5102.47,0.00011368336048023231
2021-06-21,5090.39,-0.0023674808475110387
2021-06-22,5122.16,0.006241172090939884
2021-06-23,5147.39,0.004925656363721664
2021-06-24,5155.97,0.001666864177767735
2021-06-25,5239.97,0.016291793784680708
2021-06-28,5251.76,0.002250012881753083
2021-06-29,5190.54,-0.011657044495559599
2021-06-30,5224.04,0.006454049097011083
2021-07-01,5229.66,0.0010757957442897315
2021-07-02,5081.12,-0.028403376127702384
2021-07-05,5085.79,0.0009190887048524665
2021-07-06,5083.1,-0.000528924709828682
2021-07-07,5140.49,0.011290354311345396
2021-07-08,5088.26,-0.010160509990292721
2021-07-09,5069.44,-0.0036987103646434205
2021-07-12,5132.71,0.012480668476202661
2021-07-13,5142.1,0.001829442925861846
2021-07-14,5083.09,-0.011475856167713627
2021-07-15,5151.46,0.01345047992461268
2021-07-16,5094.77,-0.011004647226223185
2021-07-19,5113.49,0.003674356251606836
2021-07-20,5108.99,-0.0008800251882764565
2021-07-21,5144.04,0.006860455784802877
2021-07-22,5151.75,0.0014988219376210754
2021-07-23,5089.23,-0.012135682049788987
2021-07-26,4925.3,-0.03221115964497567
2021-07-27,4751.31,-0.035325766958357874
2021-07-28,4760.48,0.0019299940437478291
2021-07-29,4850.27,0.018861543373777545
2021-07-30,4811.17,-0.008061406890750522
2021-08-02,4933.74,0.025476131585456363
2021-08-03,4934.46,0.00014593391625838947
2021-08-04,4978.85,0.008995918499693945
2021-08-05,4948.67,-0.006061640740331664
2021-08-06,4921.56,-0.005478239607813795
2021-08-09,4985.56,0.01300400685961356
2021-08-10,5043.15,0.011551360328629023
2021-08-11,5015.34,-0.005514410636209388
2021-08-12,4973.35,-0.008372313741441206
2021-08-13,4945.98,-0.005503332763630353
2021-08-16,4941.07,-0.000992725405278616
2021-08-17,4837.4,-0.020981285430078933
2021-08-18,4894.24,0.011750113697440723
2021-08-19,4862.14,-0.006558730262512524
2021-08-20,4769.27,-0.019100642926777045
2021-08-23,4835.88,0.01396649801751626
2021-08-24,4888.39,0.01085841666873466
2021-08-25,4898.16,0.0019986130402851465
2021-08-26,4801.61,-0.019711483495843396
2021-08-27,4827.04,0.005296140252956771
2021-08-30,4813.27,-0.0028526799032118078
2021-08-31,4805.61,-0.0015914336822993036
2021-09-01,4869.46,0.013286554672559792
2021-09-02,4869.41,-1.026807900672555e-05
2021-09-03,4843.06,-0.005411333200531332
2021-09-06,4933.73,0.018721634668990017
2021-09-07,4992.83,0.011978766572147359
2021-09-08,4972.13,-0.004145945285539465
2021-09-09,4970.01,-0.00042637662329825243
2021-09-10,5013.52,0.008754509548270617
2021-09-13,4991.66,-0.00436020999218123
2021-09-14,4917.16,-0.014924894724400284
2021-09-15,4867.32,-0.010135932123420899
2021-09-16,4807.7,-0.012249040539763167
2021-09-17,4855.94,0.010033903945753542
2021-09-22,4821.77,-0.007036742628615533
2021-09-23,4853.2,0.006518353218838646
2021-09-24,4849.43,-0.0007768070551388284
2021-09-27,4877.37,0.005761501867229679
2021-09-28,4883.83,0.0013244843019906138
2021-09-29,4833.93,-0.01021739085922313
2021-09-30,4866.38,0.006712964399567145
2021-10-08,4929.94,0.013061043321729748
2021-10-11,4936.19,0.0012677639078770842
2021-10-12,4883.84,-0.01060534541822733
2021-10-13,4940.11,0.011521671471628858
2021-10-14,4913.61,-0.005364253022705934
2021-10-15,4932.11,0.0037650525784505007
2021-10-18,4874.78,-0.011623828341217002
2021-10-19,4922.72,0.009834289957700859
2021-10-20,4910.18,-0.0025473721844834207
2021-10-21,4928.02,0.003633268026834058
2021-10-22,4959.73,0.006434632976326959
2021-10-25,4979.52,0.003990136559853141
2021-10-26,4963.1,-0.003297506586980248
2021-10-27,4898.16,-0.013084564082932126
2021-10-28,4864.14,-0.006945465235925208
2021-10-29,4908.77,0.009175311565867705
2021-11-01,4890.69,-0.003683203735355467
2021-11-02,4839.85,-0.01039526120036216
2021-11-03,4821.11,-0.0038720208270919265
2021-11-04,4868.74,0.009879467591488389
2021-11-05,4842.35,-0.005420293546174015
2021-11-08,4848.18,0.0012039608867595586
2021-11-09,4846.74,-0.0002970186750492765
2021-11-10,4821.19,-0.0052715846115121145
2021-11-11,4898.65,0.016066572775601085
2021-11-12,4888.38,-0.0020964959733803523
2021-11-15,4882.38,-0.001227400488505448
2021-11-16,4883.32,0.00019252905345346072
2021-11-17,4885.75,0.00049761228017009
2021-11-18,4837.62,-0.009851097579696044
2021-11-19,4890.06,0.01084004117727333
2021-11-22,4912.4,0.0045684511028492025
2021-11-23,4913.35,0.00019338816057334896
2021-11-24,4916.66,0.0006736747840068169
2021-11-25,4896.44,-0.00411254794921756
2021-11-26,4860.13,-0.007415591736036675
2021-11-29,4851.42,-0.001792133132241358
2021-11-30,4832.03,-0.003996767956598313
2021-12-01,4843.85,0.0024461768656238725
2021-12-02,4856.16,0.002541366887909291
2021-12-03,4901.02,0.0092377516391553
2021-12-06,4892.62,-0.0017139289372417599
2021-12-07,4922.1,0.006025401523110485
2021-12-08,4995.93,0.014999695252026601
2021-12-09,5078.69,0.016565484304223554
2021-12-10,5055.12,-0.00464096056266472
2021-12-13,5083.8,0.005673455823007156
2021-12-14,5049.7,-0.006707580943388858
2021-12-15,5005.9,-0.008673782600946645
2021-12-16,5034.73,0.005759204139115903
2021-12-17,4954.76,-0.015883672014189276
2021-12-20,4880.42,-0.015003753965883382
2021-12-21,4913.49,0.00677605615910104
2021-12-22,4914.45,0.0001953804729428743
2021-12-23,4948.74,0.0069773830235326795
2021-12-24,4921.34,-0.0055367628931808355
2021-12-27,4919.32,-0.00041045731447131306
2021-12-28,4955.96,0.007448183895335303
2021-12-29,4883.48,-0.01462481537381266
2021-12-30,4921.51,0.007787479420413357
2021-12-31,4940.37,0.003832157203784936
2022-01-04,4917.77,-0.004574556156724974
2022-01-05,4868.12,-0.010096039465042228
2022-01-06,4818.23,-0.010248309408971035
2022-01-07,4822.37,0.000859236690652132
2022-01-10,4844.04,0.004493641093487266
2022-01-11,4797.77,-0.009551944244886368
2022-01-12,4845.58,0.009965046261075416
2022-01-13,4765.92,-0.016439724449911042
2022-01-14,4726.73,-0.008222966394736075
2022-01-17,4767.28,0.00857886953559861
2022-01-18,4813.35,0.00966379151214114
2022-01-19,4780.38,-0.006849699273894561
2022-01-20,4823.51,0.009022295298700023
2022-01-21,4779.31,-0.009163451511451148
2022-01-24,4786.74,0.0015546177167833353
2022-01-25,4678.45,-0.022622912462343936
2022-01-26,4712.31,0.007237439750344743
2022-01-27,4619.88,-0.019614583930174456
2022-01-28,4563.77,-0.012145337108323107
2022-02-07,4634.09,0.015408313740613577
2022-02-08,4608.77,-0.005463855902669068
2022-02-09,4652.06,0.00939296167958048
2022-02-10,4639.86,-0.0026224941208842223
2022-02-11,4601.4,-0.00828904320388979
2022-02-14,4551.69,-0.010803233798409195
2022-02-15,4600.1,0.010635610070105939
2022-02-16,4617.99,0.003889045890306697
2022-02-17,4629.17,0.002420966697632476
2022-02-18,4651.24,0.00476759332666532
2022-02-21,4634.31,-0.0036398895778329
2022-02-22,4574.15,-0.0129814362871713
2022-02-23,4623.05,0.01069051080528638
2022-02-24,4529.32,-0.02027449411103066
2022-02-25,4573.42,0.0097365608965585
2022-02-28,4581.65,0.001799528580362031
2022-03-01,4619.69,0.008302685713662106
2022-03-02,4578.6,-0.008894536213468696
2022-03-03,4551.63,-0.005890446861486098
2022-03-04,4496.43,-0.0121275235465097
2022-03-07,4352.78,-0.031947567292274215
2022-03-08,4265.39,-0.02007682446620307
2022-03-09,4226.35,-0.009152738671024174
2022-03-10,4292.84,0.01573225123333377
2022-03-11,4306.52,0.0031867015775104424
2022-03-14,4174.76,-0.030595469195545455
2022-03-15,3983.81,-0.04573915626287506
2022-03-16,4156.08,0.04324252411636098
2022-03-17,4237.7,0.01963869800388829
2022-03-18,4265.9,0.006654553177431133
2022-03-21,4258.75,-0.0016760824210599878
2022-03-22,4255.29,-0.0008124449662459954
2022-03-23,4276.52,0.004989084175226699
2022-03-24,4251.31,-0.0058949800304920474
2022-03-25,4174.57,-0.018050906661711497
2022-03-28,4148.47,-0.006252140939066675
2022-03-29,4134.14,-0.003454285555879566
2022-03-30,4254.1,0.029016917666068398
2022-03-31,4222.6,-0.0074046214240379715
2022-04-01,4276.16,0.012684128262208105
2022-04-06,4263.84,-0.002881089575693996
2022-04-07,4209.1,-0.012838192802731796
2022-04-08,4230.77,0.005148369010002263
2022-04-11,4100.07,-0.030892721655868982
2022-04-12,4179.97,0.019487472165109487
2022-04-13,4139.74,-0.009624470989026301
2022-04-14,4191.57,0.012520109958596315
2022-04-15,4188.75,-0.0006727789348620616
2022-04-18,4166.38,-0.005340495374515086
2022-04-19,4134.9,-0.0075557198335246545
2022-04-20,4070.79,-0.015504607124718794
2022-04-21,3995.83,-0.018414116178923523
2022-04-22,4013.25,0.00435954482548051
2022-04-25,3814.91,-0.04942129197034828
2022-04-26,3784.12,-0.008070963666246378
2022-04-27,3895.54,0.02944409796729497
2022-04-28,3921.11,0.006563916684208193
2022-04-29,4016.24,0.024260987322467287
2022-05-05,4010.21,-0.001501404298547837
2022-05-06,3908.82,-0.02528296523124718
2022-05-09,3877.44,-0.00802799821941147
2022-05-10,3919.87,0.01094278699348017
2022-05-11,3976.42,0.014426498837971646
2022-05-12,3958.74,-0.004446210410369189
2022-05-13,3988.6,0.007542804023502381
2022-05-16,3956.54,-0.008037908037908048
2022-05-17,4005.89,0.012473019355295323
2022-05-18,3991.91,-0.0034898611794133005
2022-05-19,3999.6,0.0019263961361855042
2022-05-20,4077.6,0.019501950195019546
2022-05-23,4053.98,-0.00579262311163431
2022-05-24,3959.15,-0.023391827290711875
2022-05-25,3983.18,0.006069484611595843
2022-05-26,3993.04,0.002475409095245462
2022-05-27,4001.3,0.002068599362891499
2022-05-30,4029.02,0.006927748481743379
2022-05-31,4091.52,0.015512457123568524
2022-06-01,4083.18,-0.0020383622712342175
2022-06-02,4089.57,0.0015649567249056417
2022-06-06,4166.09,0.018711013627349615
2022-06-07,4179.13,0.0031300331965944395
2022-06-08,4219.81,0.009734083409705052
2022-06-09,4175.67,-0.010460186596079057
2022-06-10,4238.99,0.015164033556291479
2022-06-13,4189.35,-0.011710336660383569
2022-06-14,4222.31,0.007867568954611048
2022-06-15,4278.22,0.013241566820058281
2022-06-16,4250.06,-0.00658217669965544
2022-06-17,4309.04,0.013877451141866226
2022-06-20,4330.43,0.004963982696842173
2022-06-21,4325.57,-0.0011222903961040087
2022-06-22,4270.62,-0.012703528089939575
2022-06-23,4343.88,0.017154417859701843
2022-06-24,4394.77,0.01171533283608217
2022-06-27,4444.26,0.01126111264070695
2022-06-28,4490.52,0.010408931970676827
2022-06-29,4421.36,-0.015401334366621389
2022-06-30,4485.01,0.014396022943166997
2022-07-01,4466.72,-0.004078028811529966
2022-07-04,4496.03,0.006561861947916858
2022-07-05,4489.54,-0.001443495706211828
2022-07-06,4423.97,-0.014605059761133576
2022-07-07,4443.47,0.0044078056587182335
2022-07-08,4428.78,-0.003305974834982739
2022-07-11,4354.62,-0.01674501781528992
2022-07-12,4313.62,-0.009415287671484585
2022-07-13,4321.46,0.0018174989915662465
2022-07-14,4322.07,0.00014115599820430091
2022-07-15,4248.53,-0.017014995129648547
2022-07-18,4292.59,0.010370645846916604
2022-07-19,4269.34,-0.0054163104326292455
2022-07-20,4283.8,0.003386940370174285
2022-07-21,4236.06,-0.011144311125636075
2022-07-22,4238.23,0.000512268475894917
2022-07-25,4212.64,-0.006037897896055466
2022-07-26,4245.98,0.00791427703292924
2022-07-27,4225.04,-0.004931723653903153
2022-07-28,4225.67,0.00014911101433368046
2022-07-29,4170.1,-0.013150577304900657
2022-08-01,4188.68,0.004455528644397022
2022-08-02,4107.02,-0.019495401892720365
2022-08-03,4066.98,-0.009749161192300071
2022-08-04,4101.54,0.008497705914462417
2022-08-05,4156.91,0.013499807389419471
2022-08-08,4148.07,-0.0021265795987885916
2022-08-09,4156.29,0.0019816444756237672
2022-08-10,4109.74,-0.0111998922115637
2022-08-11,4193.54,0.02039058431920271
2022-08-12,4191.15,-0.0005699242167716001
2022-08-15,4185.68,-0.0013051310499503366
2022-08-16,4177.84,-0.0018730528850748884
2022-08-17,4216.96,0.009363690328016316
2022-08-18,4180.1,-0.008740893914099157
2022-08-19,4151.07,-0.0069448099327769075
2022-08-22,4181.4,0.007306549877501345
2022-08-23,4161.08,-0.004859616396422184
2022-08-24,4082.42,-0.018903746142828304
2022-08-25,4116.24,0.008284301958152218
2022-08-26,4107.55,-0.0021111499815364976
2022-08-29,4089.52,-0.00438947791262434
2022-08-30,4075.79,-0.0033573622332205844
2022-08-31,4078.84,0.0007483211843593018
2022-09-01,4043.74,-0.008605387806337239
2022-09-02,4023.61,-0.004978064860747589
2022-09-05,4015.43,-0.002033000216223768
2022-09-06,4052.28,0.009177099339298778
2022-09-07,4054.98,0.0006662915691906246
2022-09-08,4037.68,-0.004266358896961364
2022-09-09,4093.79,0.013896594083731229
2022-09-13,4111.11,0.004230798355558063
2022-09-14,4065.36,-0.01112838138604888
2022-09-15,4027.12,-0.009406301040990273
2022-09-16,3932.68,-0.02345100220504981
2022-09-19,3928.0,-0.0011900281741712426
2022-09-20,3932.84,0.0012321792260692188
2022-09-21,3903.73,-0.007401775815949807
2022-09-22,3869.34,-0.008809523199606484
2022-09-23,3856.02,-0.0034424475491944273
2022-09-26,3836.68,-0.005015534151793899
2022-09-27,3892.3,0.014496908785721185
2022-09-28,3828.71,-0.0163373840659764
2022-09-29,3827.14,-0.00041005978514963015
2022-09-30,3804.89,-0.005813740809063717
2022-10-10,3720.94,-0.022063712748594533
2022-10-11,3727.69,0.0018140577380985068
2022-10-12,3784.31,0.015189031276742426
2022-10-13,3752.67,-0.008360837246420005
2022-10-14,3842.47,0.023929628770981592
2022-10-17,3846.41,0.0010253821109860173
2022-10-18,3838.27,-0.002116259057146741
2022-10-19,3776.53,-0.016085371795105496
2022-10-20,3754.93,-0.005719536187982155
2022-10-21,3742.89,-0.0032064512520872945
2022-10-24,3633.37,-0.0292608118325679
2022-10-25,3627.45,-0.0016293413552707081
2022-10-26,3656.9,0.008118650842878772
2022-10-27,3631.14,-0.007044217780087014
2022-10-28,3541.33,-0.024733279355794613
2022-10-31,3508.7,-0.009214052347564339
2022-11-01,3634.17,0.03575968307350319
2022-11-02,3677.81,0.012008243973176791
2022-11-03,3647.9,-0.008132557146780295
2022-11-04,3767.17,0.032695523451848896
2022-11-07,3775.3,0.002158118693873723
2022-11-08,3749.33,-0.006878923529256009
2022-11-09,3714.27,-0.009351004046056266
2022-11-10,3685.69,-0.007694647938895072
2022-11-11,3788.44,0.027878090669589684
2022-11-14,3794.02,0.0014729017748729145
2022-11-15,3865.97,0.018964053958598015
2022-11-16,3834.39,-0.008168713156077256
2022-11-17,3818.66,-0.004102347439879583
2022-11-18,3801.57,-0.004475391891396341
2022-11-21,3769.13,-0.008533316498183674
2022-11-22,3769.57,0.0001167378148272391
2022-11-23,3773.53,0.001050517698305109
2022-11-24,3756.81,-0.004430864469078144
2022-11-25,3775.78,0.005049496780513252
2022-11-28,3733.24,-0.011266546250046416
2022-11-29,3848.42,0.030852557028211436
2022-11-30,3853.04,0.001200492669718889
2022-12-01,3894.77,0.010830409235305094
2022-12-02,3870.95,-0.006115893878200773
2022-12-05,3946.88,0.019615339903641393
2022-12-06,3968.2,0.005401735041349109
2022-12-07,3958.44,-0.0024595534499268767
2022-12-08,3959.18,0.0001869423308171747
2022-12-09,3998.24,0.009865679256815696
2022-12-12,3953.44,-0.011204930169274374
2022-12-13,3945.68,-0.0019628475454288585
2022-12-14,3954.89,0.002334198414468469
2022-12-15,3951.99,-0.0007332694461793521
2022-12-16,3954.23,0.0005668030536514213
2022-12-19,3893.22,-0.015429046868796203
2022-12-20,3829.02,-0.01649020605051854
2022-12-21,3830.54,0.0003969684148945607
2022-12-22,3836.03,0.0014332182929821524
2022-12-23,3828.22,-0.0020359590514152925
2022-12-26,3843.49,0.003988798971845897
2022-12-27,3887.85,0.011541593707802056
2022-12-28,3871.26,-0.004267139935954289
2022-12-29,3856.7,-0.003761049374105707
2022-12-30,3871.63,0.003871185210153838
2023-01-03,3887.9,0.004202364378827594
2023-01-04,3892.95,0.0012989017207232223
2023-01-05,3968.58,0.01942742650175311
2023-01-06,3980.89,0.0031018651507592754
2023-01-09,4013.12,0.008096179497549594
2023-01-10,4017.47,0.0010839446615102943
2023-01-11,4010.03,-0.00185191177532118
2023-01-12,4017.87,0.0019550975927860037
2023-01-13,4074.38,0.014064666104179668
2023-01-16,4137.96,0.0156048282192629
2023-01-17,4137.24,-0.00017399878200863306
2023-01-18,4130.31,-0.0016750297299648054
2023-01-19,4156.01,0.006222293241911592
2023-01-20,4181.53,0.006140504955473913
2023-01-30,4201.35,0.004739891857765022
2023-01-31,4156.86,-0.010589453389981962
2023-02-01,4195.93,0.0093989213011747
2023-02-02,4181.15,-0.003522461051542969
2023-02-03,4141.63,-0.009451945039044118
2023-02-06,4086.88,-0.013219432928581298
2023-02-07,4094.23,0.0017984379281994478
2023-02-08,4076.14,-0.0044184132303266566
2023-02-09,4130.86,0.013424465302958044
2023-02-10,4106.31,-0.005943072386863535
2023-02-13,4143.57,0.009073840016949442
2023-02-14,4145.29,0.00041510098779551363
2023-02-15,4123.69,-0.0052107331453288275
2023-02-16,4093.49,-0.007323537899308619
2023-02-17,4034.51,-0.014408243332706183
2023-02-20,4133.49,0.024533338621046896
2023-02-21,4144.35,0.0026273197709443252
2023-02-22,4106.95,-0.009024334334696738
2023-02-23,4103.65,-0.000803515991185666
2023-02-24,4061.05,-0.010381002278459284
2023-02-27,4043.84,-0.004237820268157222
2023-02-28,4069.46,0.006335562237872905
2023-03-01,4126.94,0.014124724164876756
2023-03-02,4117.74,-0.002229254605106923
2023-03-03,4130.55,0.003110929781870775
2023-03-06,4109.01,-0.0052148019028942505
2023-03-07,4048.85,-0.01464099624970494
2023-03-08,4034.11,-0.0036405399063931254
2023-03-09,4019.85,-0.003534856511101636
2023-03-10,3967.14,-0.013112429568267525
2023-03-13,4008.69,0.010473540132186043
2023-03-14,3984.7,-0.005984498676625094
2023-03-15,3986.9,0.0005521118277411752
2023-03-16,3939.15,-0.011976723770347864
2023-03-17,3958.82,0.0049934630567507465
2023-03-20,3939.08,-0.004986334311739449
2023-03-21,3982.38,0.010992414472414946
2023-03-22,3999.44,0.004283870449329319
2023-03-23,4039.09,0.009913887944312139
2023-03-24,4027.05,-0.0029808694532679203
2023-03-27,4012.48,-0.0036180330514893333
2023-03-28,3999.51,-0.003232414865619204
2023-03-29,4006.14,0.001657703068625782
2023-03-30,4038.53,0.008085089387789735
2023-03-31,4050.93,0.0030704241394763354
2023-04-03,4090.57,0.009785407301533322
2023-04-04,4103.11,0.0030655874364695634
2023-04-06,4096.64,-0.0015768526800401528
2023-04-07,4123.28,0.006502890173410325
2023-04-10,4104.81,-0.004479443549795126
2023-04-11,4100.15,-0.0011352535196514912
2023-04-12,4097.29,-0.0006975354560198044
2023-04-13,4068.98,-0.006909445023417948
2023-04-14,4092.0,0.005657437490476758
2023-04-17,4149.38,0.01402248289345076
2023-04-18,4162.03,0.003048648231783968
2023-04-19,4124.56,-0.00900281833624439
2023-04-20,4113.02,-0.0027978741974901133
2023-04-21,4032.57,-0.019559836810907894
2023-04-24,3982.64,-0.012381682153068674
2023-04-25,3962.67,-0.005014261896631345
2023-04-26,3959.23,-0.000868101557788048
2023-04-27,3988.42,0.007372645691207547
2023-04-28,4029.09,0.010197020373982735
2023-05-04,4030.25,0.00028790620214480533
2023-05-05,4016.88,-0.0033174120712113897
2023-05-08,4062.66,0.011396905060643947
2023-05-09,4027.88,-0.008560893601728847
2023-05-10,3996.87,-0.007698839091532128
2023-05-11,3990.66,-0.0015537157825998849
2023-05-12,3937.76,-0.013255952649436353
2023-05-15,3998.89,0.015524054284669297
2023-05-16,3978.21,-0.005171435073232811
2023-05-17,3960.17,-0.00453470279346746
2023-05-18,3956.07,-0.0010353090902662787
2023-05-19,3944.54,-0.0029145085905962764
2023-05-22,3969.33,0.006284636484862549
2023-05-23,3913.19,-0.01414344486349084
2023-05-24,3859.09,-0.01382503788469247
2023-05-25,3850.5,-0.0022259133629949357
2023-05-26,3850.95,0.0001168679392287153
2023-05-29,3833.94,-0.00441709188641759
2023-05-30,3837.75,0.0009937557708257216
2023-05-31,3798.54,-0.010216923978893844
2023-06-01,3806.87,0.0021929478167928007
2023-06-02,3861.83,0.01443705721498234
2023-06-05,3844.25,-0.004552245955932843
2023-06-06,3808.16,-0.009388047083306317
2023-06-07,3789.34,-0.00494201924288884
2023-06-08,3820.19,0.008141259427763226
2023-06-09,3836.7,0.004321774571421688
2023-06-12,3844.43,0.0020147522610576285
2023-06-13,3864.91,0.005327187645502773
2023-06-14,3864.02,-0.00023027703103040142
2023-06-15,3925.5,0.015910890730379323
2023-06-16,3963.35,0.009642083810979418
2023-06-19,3930.91,-0.008184995016841778
2023-06-20,3924.24,-0.0016968081182220374
2023-06-21,3864.03,-0.015343098281450529
2023-06-26,3809.7,-0.014060449841228007
2023-06-27,3845.43,0.009378691235530257
2023-06-28,3840.8,-0.0012040265978056075
2023-06-29,3821.84,-0.004936471568423251
2023-06-30,3842.45,0.005392690431833769
2023-07-03,3892.88,0.013124438834597685
2023-07-04,3899.01,0.0015746696533158744
2023-07-05,3868.81,-0.0077455559231702775
2023-07-06,3842.75,-0.006735921381510024
2023-07-07,3825.7,-0.0044369266801119744
2023-07-10,3844.33,0.004869697048906163
2023-07-11,3869.49,0.006544703498398974
2023-07-12,3843.44,-0.0067321533328681404
2023-07-13,3898.42,0.014304893532876894
2023-07-14,3899.1,0.0001744296407262258
2023-07-17,3867.17,-0.008189069272396154
2023-07-18,3854.94,-0.003162519361703753
2023-07-19,3850.87,-0.001055788157532933
2023-07-20,3823.69,-0.0070581453022303675
2023-07-21,3821.91,-0.0004655189097443335
2023-07-24,3805.22,-0.004366926484401845
2023-07-25,3915.12,0.02888137873762897
2023-07-26,3907.01,-0.00207145630274419
2023-07-27,3902.35,-0.0011927279428515236
2023-07-28,3992.74,0.02316296590515976
2023-07-31,4014.63,0.005482450647926074
2023-08-01,3998.0,-0.004142349357226016
2023-08-02,3969.9,-0.007028514257128582
2023-08-03,4004.98,0.008836494622030733
2023-08-04,4020.58,0.003895150537580605
2023-08-07,3990.15,-0.0075685597600345655
2023-08-08,3979.73,-0.0026114306479706473
2023-08-09,3967.57,-0.003055483663464531
2023-08-10,3975.72,0.002054154053992674
2023-08-11,3884.25,-0.023007153421267024
2023-08-14,3855.91,-0.007296131814378604
2023-08-15,3846.54,-0.0024300359707565278
2023-08-16,3818.33,-0.007333863680086483
2023-08-17,3831.1,0.003344394015184715
2023-08-18,3784.0,-0.012294119182480245
2023-08-21,3729.56,-0.014386892177589816
2023-08-22,3758.23,0.007687233882817335
2023-08-23,3696.63,-0.016390694555681762
2023-08-24,3723.43,0.007249846481795608
2023-08-25,3709.15,-0.00383517348251472
2023-08-28,3752.62,0.011719666230807446
2023-08-29,3790.11,0.009990353406420072
2023-08-30,3788.51,-0.0004221513359770057
2023-08-31,3765.27,-0.006134337773953447
2023-09-01,3791.49,0.006963644041463102
2023-09-04,3848.95,0.015154991836982212
2023-09-05,3820.32,-0.0074383922888059395
2023-09-06,3812.03,-0.002169975290028048
2023-09-07,3758.47,-0.014050256687381912
2023-09-08,3739.99,-0.004916894374572656
2023-09-11,3767.54,0.007366329856496989
2023-09-12,3760.6,-0.0018420507811462983
2023-09-13,3736.65,-0.006368664574801897
2023-09-14,3733.51,-0.0008403248899414573
2023-09-15,3708.78,-0.006623793695476943
2023-09-18,3727.71,0.005104104314626268
2023-09-19,3720.5,-0.0019341633335211439
2023-09-20,3705.69,-0.003980647762397482
2023-09-21,3672.44,-0.008972687947453761
2023-09-22,3738.93,0.0181051290150418
2023-09-25,3714.6,-0.0065072092817998195
2023-09-26,3692.89,-0.005844505464922212
2023-09-27,3700.5,0.0020607166744746053
2023-09-28,3689.52,-0.0029671665991082286
2023-10-09,3684.73,-0.0012982718619224398
2023-10-10,3657.13,-0.007490372428916037
2023-10-11,3667.55,0.0028492287668198113
2023-10-12,3702.38,0.009496803042903235
2023-10-13,3663.41,-0.010525661871553016
2023-10-16,3626.6,-0.010048015373654628
2023-10-17,3639.4,0.0035294766447913073
2023-10-18,3610.58,-0.007918887728746493
2023-10-19,3533.54,-0.021337292069418146
2023-10-20,3510.59,-0.006494903128307583
2023-10-23,3474.24,-0.010354384875476907
2023-10-24,3487.13,0.0037101639495258354
2023-10-25,3504.46,0.004969702878871773
2023-10-26,3514.14,0.002762194460772749
2023-10-27,3562.39,0.013730244099552147
2023-10-30,3583.77,0.006001588820988113
2023-10-31,3572.51,-0.0031419427027961078
2023-11-01,3571.03,-0.0004142745576639628
2023-11-02,3554.19,-0.004715726275052345
2023-11-03,3584.14,0.008426673869432966
2023-11-06,3632.61,0.013523467275273982
2023-11-07,3619.76,-0.0035374014826804467
2023-11-08,3611.07,-0.0024007116493911518
2023-11-09,3612.83,0.00048739016413401615
2023-11-10,3586.49,-0.007290683480817073
2023-11-13,3579.41,-0.001974074931200165
2023-11-14,3582.06,0.0007403454759304928
2023-11-15,3607.25,0.007032266349530802
2023-11-16,3572.36,-0.009672187954813172
2023-11-17,3568.07,-0.001200886808720325
2023-11-20,3576.32,0.0023121743687763985
2023-11-21,3581.07,0.0013281809234073627
2023-11-22,3544.42,-0.010234371291262145
2023-11-23,3561.52,0.004824484682966368
2023-11-24,3538.01,-0.006601114131045138
2023-11-27,3511.94,-0.007368548986577239
2023-11-28,3518.52,0.001873608319048703
2023-11-29,3488.31,-0.008585996384843586
2023-11-30,3496.2,0.002261840260756598
2023-12-01,3482.88,-0.003809850695040251
2023-12-04,3460.14,-0.006529079382579961
2023-12-05,3394.26,-0.019039692035582312
2023-12-06,3399.6,0.0015732442417493164
2023-12-07,3391.28,-0.0024473467466760157
2023-12-08,3399.46,0.0024120685994668545
2023-12-11,3419.45,0.0058803457019642735
2023-12-12,3426.8,0.002149468481773553
2023-12-13,3369.61,-0.01668903933699084
2023-12-14,3351.96,-0.005237994901487131
2023-12-15,3341.55,-0.003105645652096034
2023-12-18,3329.37,-0.003645015037931576
2023-12-19,3334.04,0.0014026677719809477
2023-12-20,3297.5,-0.010959676548571662
2023-12-21,3330.87,0.010119787717968176
2023-12-22,3337.23,0.0019094110547694942
2023-12-25,3347.45,0.00306242003098367
2023-12-26,3324.79,-0.006769331879490359
2023-12-27,3336.36,0.0034799190324803497
2023-12-28,3414.54,0.02343272308743649
2023-12-29,3431.11,0.004852776655127844
2024-01-02,3386.35,-0.013045341012092315
2024-01-03,3378.3,-0.00237719078063392
2024-01-04,3347.05,-0.00925021460497888
2024-01-05,3329.11,-0.005359943831134917
2024-01-08,3286.06,-0.012931384063608609
2024-01-09,3292.5,0.001959793795609288
2024-01-10,3277.13,-0.004668185269551928
2024-01-11,3295.67,0.0056573892399751635
2024-01-12,3284.17,-0.0034894270360806834
2024-01-15,3280.92,-0.0009895955446885818
2024-01-16,3300.88,0.006083659461370683
2024-01-17,3229.08,-0.02175177528416672
2024-01-18,3274.73,0.014137153616510023
2024-01-19,3269.78,-0.0015115750000762596
2024-01-22,3218.9,-0.015560679923419918
2024-01-23,3231.93,0.004047966696697491
2024-01-24,3277.11,0.013979263164734412
2024-01-25,3342.92,0.020081718343296417
2024-01-26,3333.82,-0.002722171036100174
2024-01-29,3303.96,-0.008956692322920845
2024-01-30,3245.04,-0.017833145679729823
2024-01-31,3215.35,-0.009149347927914664
2024-02-01,3217.71,0.0007339791935558893
2024-02-02,3179.63,-0.011834503420134146
2024-02-05,3200.42,0.006538496617531031
2024-02-06,3311.69,0.03476731179032755
2024-02-07,3343.63,0.009644622534114022
2024-02-08,3364.93,0.006370322075109902
2024-02-19,3403.81,0.011554475130240549
2024-02-20,3410.85,0.002068270555642071
2024-02-21,3456.87,0.013492238005189394
2024-02-22,3486.67,0.008620515090240755
2024-02-23,3489.74,0.0008804962901565183
2024-02-26,3453.36,-0.010424845403955496
2024-02-27,3494.79,0.011997011606087904
2024-02-28,3450.26,-0.012741824258395984
2024-02-29,3516.08,0.019076823195933068
2024-03-01,3537.8,0.006177333849059163
2024-03-04,3540.87,0.0008677709310871418
2024-03-05,3565.51,0.006958741778150701
2024-03-06,3551.05,-0.004055520809084778
2024-03-07,3529.72,-0.006006674082313812
2024-03-08,3544.91,0.004303457498045171
2024-03-11,3589.26,0.01251089590426857
2024-03-12,3597.49,0.0022929517504999275
2024-03-13,3572.36,-0.006985425949759372
2024-03-14,3562.22,-0.002838459729702536
2024-03-15,3569.99,0.0021812240681373662
2024-03-18,3603.53,0.009394984299676112
2024-03-19,3577.63,-0.0071873968025797375
2024-03-20,3585.38,0.002166238543393151
2024-03-21,3581.09,-0.0011965258912584043
2024-03-22,3545.0,-0.010077937164382988
2024-03-25,3525.76,-0.005427362482369524
2024-03-26,3543.75,0.005102445997458682
2024-03-27,3502.79,-0.011558377425044064
2024-03-28,3520.96,0.005187293557421313
2024-03-29,3537.48,0.004691902208488585
2024-04-01,3595.65,0.01644390922351513
2024-04-02,3580.68,-0.004163364064911801
2024-04-03,3567.8,-0.0035970821184801993
2024-04-08,3536.41,-0.008798138909131725
2024-04-09,3533.49,-0.0008256961155522768
2024-04-10,3504.71,-0.008144921876105382
2024-04-11,3504.24,-0.0001341052469392423
2024-04-12,3475.84,-0.008104467730520648
2024-04-15,3549.08,0.02107116553120969
2024-04-16,3511.11,-0.010698547229140987
2024-04-17,3565.4,0.015462346665299664
2024-04-18,3569.8,0.0012340831323274237
2024-04-19,3541.66,-0.007882794554316841
2024-04-22,3530.9,-0.003038123365879164
2024-04-23,3506.22,-0.0069897193350138
2024-04-24,3521.62,0.004392194443018527
2024-04-25,3530.28,0.002459095529898203
2024-04-26,3584.27,0.015293404489162166
2024-04-29,3623.91,0.011059434696604864
2024-04-30,3604.39,-0.005386447235168679
2024-05-06,3657.88,0.014840236489392256
2024-05-07,3659.01,0.000308922107887577
2024-05-08,3630.22,-0.007868248515308873
2024-05-09,3664.56,0.009459481794491742
2024-05-10,3666.28,0.00046936057807767106
2024-05-13,3664.69,-0.0004336820973848132
2024-05-14,3657.05,-0.0020847602389287845
2024-05-15,3626.06,-0.00847404328625534
2024-05-16,3640.36,0.003943674401416519
2024-05-17,3677.97,0.010331395796020049
2024-05-20,3690.96,0.003531839574548057
2024-05-21,3676.16,-0.004009796909205221
2024-05-22,3684.45,0.0022550705083566047
2024-05-23,3641.79,-0.011578390261775762
2024-05-24,3601.48,-0.011068732683652827
2024-05-27,3635.71,0.0095044259582171
2024-05-28,3609.17,-0.007299812141232431
2024-05-29,3613.52,0.0012052632599739432
2024-05-30,3594.31,-0.005316146029356372
2024-05-31,3579.92,-0.004003550055504346
2024-06-03,3588.75,0.0024665355650406173
2024-06-04,3615.67,0.007501219087425959
2024-06-05,3594.79,-0.005774863303343536
2024-06-06,3592.25,-0.0007065781311286212
2024-06-07,3574.11,-0.005049759899784179
2024-06-11,3542.88,-0.00873783963000585
2024-06-12,3544.12,0.0003499977419498812
2024-06-13,3526.13,-0.00507601322754303
2024-06-14,3541.53,0.004367394282116743
2024-06-17,3536.2,-0.0015049992517359723
2024-06-18,3545.59,0.002655392794525202
2024-06-19,3528.75,-0.004749562132113416
2024-06-20,3503.28,-0.0072178533475025786
2024-06-21,3495.62,-0.0021865223447741222
2024-06-24,3476.81,-0.005381019676051757
2024-06-25,3457.9,-0.005438893698534009
2024-06-26,3480.26,0.006466352410422482
2024-06-27,3454.12,-0.007510933091205874
2024-06-28,3461.66,0.002182900420367506
2024-07-01,3478.18,0.004772276884500437
2024-07-02,3471.79,-0.0018371677141493237
2024-07-03,3463.41,-0.002413740462412828
2024-07-04,3445.81,-0.005081696940298697
2024-07-05,3431.06,-0.004280561029191943
2024-07-08,3401.76,-0.008539634981609145
2024-07-09,3439.81,0.011185386388222529
2024-07-10,3428.97,-0.0031513368470933445
2024-07-11,3468.17,0.011432004362826209
2024-07-12,3472.4,0.0012196633959695724
2024-07-15,3476.25,0.001108743232346443
2024-07-16,3498.28,0.006337288745055902
2024-07-17,3501.58,0.0009433207176097191
2024-07-18,3520.93,0.005526076799616142
2024-07-19,3539.02,0.00513784710289622
2024-07-22,3514.92,-0.006809794801950764
2024-07-23,3439.88,-0.02134899229569942
2024-07-24,3418.17,-0.006311266672093252
2024-07-25,3399.27,-0.00552927443632123
2024-07-26,3409.29,0.002947691710278866
2024-07-29,3390.74,-0.005441015578023678
2024-07-30,3369.38,-0.006299509841509399
2024-07-31,3442.08,0.02157666989179008
2024-08-01,3419.27,-0.006626807046901884
2024-08-02,3384.39,-0.010201007817458141
2024-08-05,3343.32,-0.012135126270908403
2024-08-06,3342.98,-0.0001016953208188287
2024-08-07,3341.49,-0.0004457101149274445
2024-08-08,3342.94,0.0004339381533389197
2024-08-09,3331.63,-0.003383249475013006
2024-08-12,3325.86,-0.001731884993231514
2024-08-13,3334.39,0.0025647501698808917
2024-08-14,3309.24,-0.007542608992949229
2024-08-15,3341.95,0.009884444766774303
2024-08-16,3345.63,0.001101153518155762
2024-08-19,3356.97,0.003389496148707316
2024-08-20,3332.7,-0.007229733956514384
2024-08-21,3321.64,-0.003318630539802525
2024-08-22,3313.14,-0.0025589768909334287
2024-08-23,3327.19,0.004240690100629774
2024-08-26,3324.22,-0.0008926451450023132
2024-08-27,3305.33,-0.005682536053570386
2024-08-28,3286.5,-0.0056968593151062175
2024-08-29,3277.68,-0.0026837060702875615
2024-08-30,3321.43,0.013347855800444286
2024-09-02,3265.01,-0.016986659360576528
2024-09-03,3273.43,0.002578858870263767
2024-09-04,3252.16,-0.006497771450741263
2024-09-05,3257.76,0.0017219325002459929
2024-09-06,3231.35,-0.008106797308580216
2024-09-09,3192.95,-0.011883578071084866
2024-09-10,3195.76,0.0008800638907595637
2024-09-11,3186.13,-0.0030133677122187175
2024-09-12,3172.47,-0.004287332908575747
2024-09-13,3159.25,-0.0041671000829006655
2024-09-18,3171.01,0.0037224024689404
2024-09-19,3196.04,0.007893384126823833
2024-09-20,3201.05,0.001567564861516102
2024-09-23,3212.76,0.0036581746614392507
2024-09-24,3351.91,0.04331166971700329
2024-09-25,3401.53,0.014803500093976352
2024-09-26,3545.32,0.04227215400128759
2024-09-27,3703.68,0.04466733609377993
2024-09-30,4017.85,0.08482644288923447
2024-10-08,4256.1,0.05929788319623697
2024-10-09,3955.98,-0.07051526044970757
2024-10-10,3997.79,0.010568809751313246
2024-10-11,3887.17,-0.02767028783402825
2024-10-14,3961.34,0.019080719392257084
2024-10-15,3855.99,-0.02659453619229868
2024-10-16,3831.59,-0.006327817240189826
2024-10-17,3788.22,-0.011319060755456745
2024-10-18,3925.23,0.03616738204222569
2024-10-21,3935.2,0.002539978549027655
2024-10-22,3957.78,0.00573795486887585
2024-10-23,3973.21,0.00389865025342484
2024-10-24,3928.83,-0.011169809801143238
2024-10-25,3956.42,0.0070224468862232214
2024-10-28,3964.16,0.001956314041481999
2024-10-29,3924.65,-0.00996680255085558
2024-10-30,3889.45,-0.008968952645458939
2024-10-31,3891.04,0.0004087981591227585
2024-11-01,3890.02,-0.00026214071302277375
2024-11-04,3944.76,0.014071907085310587
2024-11-05,4044.57,0.025301919508411208
2024-11-06,4024.28,-0.005016602506570544
2024-11-07,4145.7,0.03017185682904766
2024-11-08,4104.05,-0.010046554261041507
2024-11-11,4131.13,0.0065983601564307826
2024-11-12,4085.74,-0.010987308557222963
2024-11-13,4110.89,0.006155555664335122
2024-11-14,4039.62,-0.017336878388864774
2024-11-15,3968.83,-0.01752392551774673
2024-11-18,3950.38,-0.004648725191051195
2024-11-19,3976.89,0.0067107468142304505
2024-11-20,3985.77,0.0022329005831189797
2024-11-21,3989.3,0.0008856507023737858
2024-11-22,3865.7,-0.030982879201865043
2024-11-25,3848.09,-0.004555449207129247
2024-11-26,3840.18,-0.0020555652284640624
2024-11-27,3907.04,0.017410642209479743
2024-11-28,3872.55,-0.008827654695114373
2024-11-29,3916.58,0.011369769273475994
2024-12-02,3947.63,0.007927834998902039
2024-12-03,3951.89,0.0010791284897520015
2024-12-04,3930.56,-0.0053974174382384055
2024-12-05,3921.59,-0.0022821175608563893
2024-12-06,3973.14,0.013145178358777931
2024-12-09,3966.57,-0.0016536039505277156
2024-12-10,3995.64,0.007328750028361863
2024-12-11,3988.83,-0.0017043577499474827
2024-12-12,4028.5,0.00994527217254193
2024-12-13,3933.18,-0.02366141243639075
2024-12-16,3911.84,-0.005425635236627757
2024-12-17,3922.03,0.00260491226635029
2024-12-18,3941.89,0.005063704255194201
2024-12-19,3945.46,0.0009056569310661455
2024-12-20,3927.74,-0.004491238030546518
2024-12-23,3933.57,0.0014843141348461764
2024-12-24,3983.69,0.012741606225388002
2024-12-25,3985.63,0.00048698568412697263
2024-12-26,3987.48,0.0004641675218222119
2024-12-27,3981.03,-0.001617562972102582
2024-12-30,3999.05,0.004526466768650428
2024-12-31,3934.91,-0.016038809217189143
2025-01-02,3820.4,-0.02910104678378911
2025-01-03,3775.16,-0.011841691969427304
2025-01-06,3768.97,-0.0016396656035770896
2025-01-07,3796.11,0.007200906348418856
2025-01-08,3789.22,-0.0018150158978533781
2025-01-09,3779.88,-0.00246488723272853
2025-01-10,3732.48,-0.012540080637480577
2025-01-13,3722.51,-0.0026711462620027104
2025-01-14,3820.54,0.026334381908980742
2025-01-15,3796.03,-0.006415323488302649
2025-01-16,3800.38,0.0011459340416171138
2025-01-17,3812.34,0.003147053715681025
2025-01-20,3829.68,0.004548387604463411
2025-01-21,3832.61,0.0007650769777109989
2025-01-22,3797.02,-0.0092861000727964
2025-01-23,3803.74,0.0017698089554438745
2025-01-24,3832.86,0.007655623149847246
2025-01-27,3817.08,-0.004117030102847585
2025-02-05,3795.08,-0.005763567962945526
2025-02-06,3842.83,0.012582079956153791
2025-02-07,3892.7,0.01297741508211403
2025-02-10,3901.06,0.002147609628278646
2025-02-11,3883.14,-0.004593623271623604
2025-02-12,3919.86,0.009456264775413725
2025-02-13,3905.14,-0.0037552361563933934
2025-02-14,3939.01,0.008673184572128179
2025-02-17,3947.4,0.0021299768215872206
2025-02-18,3912.78,-0.008770329837361257
2025-02-19,3940.16,0.00699758228165126
2025-02-20,3928.9,-0.0028577519694631404
2025-02-21,3978.44,0.012609127236631101
2025-02-24,3969.72,-0.0021918138767960116
2025-02-25,3925.65,-0.011101538647562026
2025-02-26,3959.94,0.008734859195292488
2025-02-27,3968.12,0.002065687863957555
2025-02-28,3890.05,-0.019674304204509885
2025-03-03,3888.47,-0.00040616444518715156
2025-03-04,3885.22,-0.0008358043137789428
2025-03-05,3902.57,0.004465641585289948
2025-03-06,3956.24,0.013752475932526487
2025-03-07,3944.01,-0.0030913190301902205
2025-03-10,3928.8,-0.0038564810941148497
2025-03-11,3941.42,0.0032121767460802086
2025-03-12,3927.23,-0.003600225299511317
2025-03-13,3911.58,-0.003984997058995798
2025-03-14,4006.56,0.024281748040433815
2025-03-17,3996.79,-0.0024385008585918744
2025-03-18,4007.72,0.0027346945924102695
2025-03-19,4010.17,0.0006113201521065204
2025-03-20,3974.99,-0.008772695421889964
2025-03-21,3914.7,-0.015167333754298795
2025-03-24,3934.85,0.005147265435410109
2025-03-25,3932.3,-0.0006480551990545314
2025-03-26,3919.36,-0.003290695013096645
2025-03-27,3932.41,0.0033296252449379615
2025-03-28,3915.17,-0.004384079991659018
2025-03-31,3887.31,-0.00711591067565398
2025-04-01,3887.68,9.518150083209775e-05
2025-04-02,3884.39,-0.0008462630669190396
2025-04-03,3861.5,-0.005892817147608698
2025-04-07,3589.44,-0.07045448659847209
2025-04-08,3650.76,0.01708344477132928
2025-04-09,3686.79,0.009869177924596517
2025-04-10,3735.12,0.013108964709137139
2025-04-11,3750.52,0.004123026837156596
2025-04-14,3759.14,0.002298347962415903
2025-04-15,3761.23,0.0005559782290631698
2025-04-16,3772.82,0.0030814387846529456
2025-04-17,3772.22,-0.00015903223583435544
2025-04-18,3772.52,7.952876555461508e-05
2025-04-21,3784.88,0.0032763245787961193
2025-04-22,3783.95,-0.00024571452727706333
2025-04-23,3786.88,0.0007743231279484508
2025-04-24,3784.36,-0.000665455467297571
2025-04-25,3786.99,0.0006949655952392941
2025-04-28,3781.62,-0.0014180127225051908
2025-04-29,3775.08,-0.0017294175512082566
2025-04-30,3770.57,-0.001194676669103667
2025-05-06,3808.54,0.010070095502801912
2025-05-07,3831.63,0.006062690689870642
2025-05-08,3852.9,0.00555116229907382
2025-05-09,3846.16,-0.00174933167224689
2025-05-12,3890.61,0.011556981508829667
2025-05-13,3896.26,0.0014522144342403731
2025-05-14,3943.21,0.012050017195977647
2025-05-15,3907.2,-0.00913215375290699
2025-05-16,3889.09,-0.004635032760032631
2025-05-19,3877.15,-0.003070126944863749
2025-05-20,3898.17,0.005421508066492109
2025-05-21,3916.38,0.004671422744518594
2025-05-22,3913.87,-0.0006408979721069796
2025-05-23,3882.27,-0.00807385017897888
2025-05-26,3860.11,-0.005708000731530771
2025-05-27,3839.4,-0.0053651320817282855
2025-05-28,3836.24,-0.0008230452674897748
2025-05-29,3858.7,0.0058546910516548145
2025-05-30,3840.23,-0.004786586155959172
2025-06-03,3852.01,0.0030675246013911472
2025-06-04,3868.74,0.0043431870633772185
2025-06-05,3877.56,0.0022798120318243686
2025-06-06,3873.98,-0.0009232610198165458
2025-06-09,3885.25,0.0029091528608820028
2025-06-10,3865.47,-0.005091049482015331
2025-06-11,3894.63,0.007543713959751397
2025-06-12,3892.2,-0.0006239360350021039
2025-06-13,3864.18,-0.007199013411438249
2025-06-16,3873.8,0.0024895320611360017
2025-06-17,3870.38,-0.000882854045123671
2025-06-18,3874.97,0.0011859300637147019
2025-06-19,3843.09,-0.008227160468339045
2025-06-20,3846.64,0.0009237358479763369
2025-06-23,3857.9,0.0029272299981282224
2025-06-24,3904.03,0.011957282459369223
2025-06-25,3960.07,0.014354397891409576
2025-06-26,3946.02,-0.003547917082273866
2025-06-27,3921.76,-0.0061479668121295905
2025-06-30,3936.08,0.003651421810615618
2025-07-01,3942.76,0.0016971199772362056
2025-07-02,3943.68,0.0002333390822670811
2025-07-03,3968.07,0.006184578870496615
2025-07-04,3982.2,0.003560925084486799
2025-07-07,3965.17,-0.004276530560996417
2025-07-08,3998.45,0.008393082768204163
2025-07-09,3991.4,-0.0017631832335028852
2025-07-10,4010.02,0.004665029814100219
2025-07-11,4014.81,0.0011945077580659547
2025-07-14,4017.67,0.0007123624779254989
2025-07-15,4019.06,0.00034597167014704944
2025-07-16,4007.2,-0.0029509387767289175
2025-07-17,4034.49,0.006810241565182729
2025-07-18,4058.55,0.005963579039730105
2025-07-21,4085.61,0.00666740584691583
2025-07-22,4118.96,0.008162795763668074
2025-07-23,4119.77,0.00019665158195292243
2025-07-24,4149.04,0.007104765557300441
2025-07-25,4127.16,-0.005273509052696523
2025-07-28,4135.82,0.002098295195727795
2025-07-29,4152.02,0.0039169983219773385
2025-07-30,4151.24,-0.0001878603667614387
2025-07-31,4075.59,-0.018223470577465872
2025-08-01,4054.93,-0.005069204704104213
2025-08-04,4070.7,0.0038890930299659843
2025-08-05,4103.45,0.008045299334266787
2025-08-06,4113.49,0.002446721661041318
2025-08-07,4114.67,0.0002868610352766421
2025-08-08,4104.97,-0.002357418699433955
2025-08-11,4122.51,0.004272869229251297
2025-08-12,4143.83,0.005171606618298075
2025-08-13,4176.58,0.007903316497057
2025-08-14,4173.31,-0.0007829372357286424
2025-08-15,4202.35,0.006958505359055511
2025-08-18,4239.41,0.00881887515318791
2025-08-19,4223.37,-0.0037835453518295648
2025-08-20,4271.4,0.01137243480916883
2025-08-21,4288.07,0.0039027016903123712
2025-08-22,4378.0,0.020972138980940302
2025-08-25,4469.22,0.020835998172681558
2025-08-26,4452.59,-0.003721007245112151
2025-08-27,4386.13,-0.014926144109383532
2025-08-28,4463.78,0.017703533638993685
2025-08-29,4496.76,0.007388356953075714
2025-09-01,4523.71,0.00599320399576575
2025-09-02,4490.45,-0.0073523722785059364
2025-09-03,4459.83,-0.006818915698872052
2025-09-04,4365.21,-0.02121605532049431
2025-09-05,4460.32,0.02178818430270235
2025-09-08,4467.57,0.0016254439143379429
2025-09-09,4436.26,-0.007008284145519683
2025-09-10,4445.36,0.0020512774273824252
2025-09-11,4548.03,0.023095992225601547
2025-09-12,4522.0,-0.005723357145841157
2025-09-15,4533.06,0.002445820433436552
2025-09-16,4523.34,-0.002144246932535676
2025-09-17,4551.02,0.006119371968501319
2025-09-18,4498.11,-0.011625965168248209
2025-09-19,4501.92,0.0008470224160814777
2025-09-22,4522.61,0.004595816895902161
2025-09-23,4519.78,-0.0006257448685603739
2025-09-24,4566.07,0.010241648929815161
2025-09-25,4593.49,0.006005164178385369
2025-09-26,4550.05,-0.00945686177612226
2025-09-29,4620.05,0.015384446324765655
2025-09-30,4640.69,0.004467484118137133
2025-10-09,4709.48,0.014823226718440496
2025-10-10,4616.83,-0.019673084926573603
2025-10-13,4593.98,-0.004949283382754022
2025-10-14,4539.06,-0.011954775597629808
2025-10-15,4606.29,0.014811436729190497
2025-10-16,4618.42,0.0026333556940618674
2025-10-17,4514.23,-0.02255966326146186
2025-10-20,4538.22,0.0053143060942841824
2025-10-21,4607.87,0.015347426964757105
2025-10-22,4592.57,-0.0033204061746534563
2025-10-23,4606.34,0.002998321201418852
2025-10-24,4660.68,0.011796784431891805
2025-10-27,4716.02,0.011873803822618267
2025-10-28,4691.97,-0.005099639102463582
2025-10-29,4747.84,0.011907578266698193
2025-10-30,4709.91,-0.007988896003235268
2025-10-31,4640.67,-0.014700917851933393
2025-11-03,4653.4,0.002743138383035193
2025-11-04,4618.7,-0.007456913224738848
2025-11-05,4627.26,0.0018533353541041464
2025-11-06,4693.4,0.014293556013709852
2025-11-07,4678.79,-0.003112881919290822
2025-11-10,4695.05,0.0034752574917873424
2025-11-11,4652.17,-0.009133023077496527
2025-11-12,4645.91,-0.001345608608455895
2025-11-13,4702.07,0.012088051641120812
2025-11-14,4628.14,-0.015722862483969702
2025-11-17,4598.05,-0.006501531932914806
2025-11-18,4568.19,-0.00649405726340524
2025-11-19,4588.29,0.0043999921194171066
2025-11-20,4564.95,-0.005086862425871086
2025-11-21,4453.61,-0.024390190473061124
2025-11-24,4448.05,-0.0012484254346473156
2025-11-25,4490.4,0.009521026067602634
2025-11-26,4517.63,0.006064047746303425
2025-11-27,4515.4,-0.0004936216556027384
2025-11-28,4526.66,0.002493688266820282
2025-12-01,4576.49,0.011008116359523257
2025-12-02,4554.33,-0.004842138844398214
2025-12-03,4531.05,-0.005111619052637795
2025-12-04,4546.57,0.0034252546319284427
2025-12-05,4584.54,0.008351350578568173
2025-12-08,4621.75,0.008116408625510996
2025-12-09,4598.22,-0.005091145129009544
2025-12-10,4591.83,-0.0013896681759464347
2025-12-11,4552.18,-0.008634901553411067
2025-12-12,4580.95,0.006320048855712912
2025-12-15,4552.06,-0.00630655213438247
2025-12-16,4497.55,-0.011974798223222116
2025-12-17,4579.88,0.01830552189525414
2025-12-18,4552.79,-0.005915002139794123
2025-12-19,4568.18,0.003380344799562618
2025-12-22,4611.62,0.009509257516122416
2025-12-23,4620.73,0.0019754446376760715
2025-12-24,4634.06,0.0028848255578666215
2025-12-25,4642.54,0.001829928831305505
2025-12-26,4657.24,0.003166370133590668
2025-12-29,4639.37,-0.003837036528072435
2025-12-30,4651.28,0.0025671589030407116
2025-12-31,4629.94,-0.0045879843827936195
2026-01-05,4717.75,0.018965688540240278
2026-01-06,4790.69,0.015460759896136933
2026-01-07,4776.67,-0.0029265095424666487
2026-01-08,4737.65,-0.008168870782365167
2026-01-09,4758.92,0.004489567612635081
2026-01-12,4789.92,0.006514083027241435
2026-01-13,4761.03,-0.006031415973544507
2026-01-14,4741.93,-0.004011736956078704
2026-01-15,4751.43,0.002003403677405702
2026-01-16,4731.87,-0.0041166554068986505
2026-01-19,4734.46,0.0005473523152581539
2026-01-20,4718.88,-0.00329076600076883
2026-01-21,4723.07,0.0008879225578950489
2026-01-22,4723.71,0.00013550508461657174
2026-01-23,4702.5,-0.004490114761490416
2026-01-26,4706.96,0.0009484316852736985
2026-01-27,4705.69,-0.00026981321277441683
2026-01-28,4717.99,0.0026138568413984764
2026-01-29,4753.87,0.007604933456832219
2026-01-30,4706.34,-0.00999816991209257
2026-02-02,4605.98,-0.021324426199552216
2026-02-03,4660.11,0.011752113556724009
2026-02-04,4698.68,0.008276628663272056
2026-02-05,4670.42,-0.0060144551235666865
2026-02-06,4643.6,-0.005742524226943102
2026-02-09,4719.06,0.0162503230252391
2026-02-10,4724.3,0.001110390628642044
2026-02-11,4713.82,-0.0022183180577017847
2026-02-12,4719.58,0.001221938894569563
2026-02-13,4660.41,-0.012537132541454943
2026-02-24,4707.54,0.010112844148905342
2026-02-25,4735.89,0.006022253661147836
2026-02-26,4726.87,-0.0019046050478369603
2026-02-27,4710.65,-0.003431446178972619
2026-03-02,4728.67,0.0038253744175433813
2026-03-03,4655.9,-0.01538910518179537
2026-03-04,4602.62,-0.011443544749672352
2026-03-05,4647.69,0.00979224876266116
2026-03-06,4660.44,0.0027432982836634867
2026-03-09,4615.46,-0.009651449219386876
2026-03-10,4674.76,0.012848123480649898
2026-03-11,4704.5,0.006361823922511389
2026-03-12,4687.56,-0.003600807737272782
2026-03-13,4669.14,-0.003929549701763846
2026-03-16,4671.56,0.000518296731303769
2026-03-17,4637.44,-0.007303770046836799
2026-03-18,4658.33,0.0045046404913056115
2026-03-19,4583.25,-0.01611736394802432
2026-03-20,4567.02,-0.0035411552937325563
2026-03-23,4418.0,-0.032629592162942256
2026-03-24,4474.72,0.012838388411045676
2026-03-25,4537.47,0.014023223799477957
2026-03-26,4477.53,-0.013210004694246047
2026-03-27,4502.57,0.0055923690070194265
2026-03-30,4491.95,-0.002358652947094586
2026-03-31,4450.05,-0.009327797504424473
2026-04-01,4526.07,0.017082954124110872
2026-04-02,4478.91,-0.010419635577885389
2026-04-03,4440.79,-0.00851099932796151
2026-04-07,4440.62,-3.828147694440176e-05
2026-04-08,4595.56,0.034891524156536846
2026-04-09,4566.22,-0.006384423225896385
2026-04-10,4636.57,0.015406616413575991
2026-04-13,4646.15,0.0020661825444239224
2026-04-14,4701.28,0.011865738299452255
2026-04-15,4685.25,-0.0034097096960826745
2026-04-16,4736.61,0.010962061789658861
2026-04-17,4728.67,-0.0016763043611358608
2026-04-20,4757.44,0.006084163200223314
2026-04-21,4768.0,0.0022196811730679222
2026-04-22,4799.63,0.006633808724832324
2026-04-23,4786.33,-0.00277104693486796
2026-04-24,4769.37,-0.003543424711626608
2026-04-27,4770.95,0.0003312806513229294
2026-04-28,4758.21,-0.002670327712510079
2026-04-29,4810.35,0.010957902236345296
2026-04-30,4807.31,-0.0006319706466265673
2026-05-06,4877.09,0.014515394264151826
2026-05-07,4900.51,0.0048020438417171185
2026-05-08,4871.91,-0.005836127260223978
2026-05-11,4951.84,0.016406296503835405
2026-05-12,4948.05,-0.0007653720637177397
2026-05-13,4998.34,0.010163599801942258
2026-05-14,4914.6,-0.016753562182644566
2026-05-15,4859.59,-0.011193179505961881
2026-05-18,4833.52,-0.00536465010422682
2026-05-19,4852.88,0.00400536255151529
2026-05-20,4850.7,-0.00044921778407880364
2026-05-21,4783.1,-0.013936132929267875
2026-05-22,4845.1,0.0129623047814178
