date,open,high,low,close,volume,amount,outstanding_share,turnover,ticker
2007-02-05,24.8,25.0,22.01,22.18,169694307.0,4023211710.0,450750000.0,0.3764710083194675,601166
2007-02-06,22.5,24.2,21.31,23.81,67276770.0,1579250554.0,450750000.0,0.1492551747088186,601166
2007-02-07,23.98,26.0,23.82,24.96,80021761.0,1990145035.0,450750000.0,0.1775302518025513,601166
2007-02-08,24.7,24.84,23.88,24.41,34153141.0,831191196.0,450750000.0,0.0757695862451469,601166
2007-02-09,24.28,24.58,23.6,24.01,21550995.0,516759062.0,450750000.0,0.0478114143094841,601166
2007-02-12,24.02,25.05,24.0,25.0,38617248.0,952049503.0,450750000.0,0.0856733178036605,601166
2007-02-13,25.03,25.6,24.6,24.88,22609233.0,565946607.0,450750000.0,0.0501591414309484,601166
2007-02-14,24.81,25.6,24.5,25.38,26773214.0,674591289.0,450750000.0,0.059397036051026,601166
2007-02-15,25.75,25.95,25.22,25.61,27403567.0,701054344.0,450750000.0,0.0607954897393233,601166
2007-02-16,25.81,28.08,25.56,27.41,51259764.0,1359607046.0,450750000.0,0.1137210515806988,601166
2007-02-26,26.9,27.18,26.41,26.79,27063314.0,724075247.0,450750000.0,0.0600406300610094,601166
2007-02-27,26.81,27.19,24.11,24.11,30459420.0,779133272.0,450750000.0,0.0675749750415973,601166
2007-02-28,24.08,24.95,23.95,24.78,19861815.0,484128650.0,450750000.0,0.0440639267886855,601166
2007-03-01,24.81,24.88,23.41,23.62,19938190.0,477159566.0,450750000.0,0.0442333666112035,601166
2007-03-02,23.5,24.2,23.46,23.86,8673536.0,207307126.0,450750000.0,0.0192424536882972,601166
2007-03-05,23.78,24.18,22.9,23.36,14546791.0,342125872.0,450750000.0,0.0322724148641153,601166
2007-03-06,23.4,24.95,23.25,24.39,22920011.0,553256819.0,450750000.0,0.0508486100942872,601166
2007-03-07,24.3,24.85,24.1,24.39,19715033.0,482800968.0,450750000.0,0.0437382872989462,601166
2007-03-08,24.4,24.74,24.11,24.59,11481784.0,281703068.0,450750000.0,0.0254726211869107,601166
2007-03-09,24.63,25.15,24.38,24.83,13157171.0,326636027.0,450750000.0,0.0291895085967831,601166
2007-03-12,25.0,25.1,24.38,24.54,9146184.0,225584468.0,450750000.0,0.0202910349417637,601166
2007-03-13,24.56,24.8,24.28,24.48,8628330.0,211720914.0,450750000.0,0.019142163061564,601166
2007-03-14,24.0,24.05,23.53,23.74,10559070.0,251339040.0,450750000.0,0.0234255574043261,601166
2007-03-15,23.89,24.26,23.82,24.11,8139910.0,195730152.0,450750000.0,0.0180585912368275,601166
2007-03-16,24.16,24.38,23.48,23.61,12297361.0,292492749.0,450750000.0,0.0272819988907376,601166
2007-03-19,23.32,25.55,23.26,24.88,28203365.0,694427554.0,450750000.0,0.0625698613422074,601166
2007-03-20,24.9,24.94,24.3,24.44,13080882.0,320456877.0,450750000.0,0.0290202595673876,601166
2007-03-21,24.68,25.08,24.5,24.78,11400163.0,282631289.0,450750000.0,0.0252915429839156,601166
2007-03-22,25.0,25.15,24.58,24.82,18256898.0,454143716.0,450750000.0,0.0405033788130893,601166
2007-03-23,24.82,25.16,24.5,24.91,11346107.0,282536213.0,450750000.0,0.0251716184137548,601166
2007-03-26,24.95,25.45,24.68,25.31,14872800.0,373569045.0,450750000.0,0.0329956738768718,601166
2007-03-27,25.44,25.44,24.88,25.19,14768288.0,370239437.0,450750000.0,0.0327638114254021,601166
2007-03-28,25.8,26.3,24.8,25.97,35072664.0,898845463.0,450750000.0,0.0778095707154742,601166
2007-03-29,26.14,28.57,26.0,27.83,75320671.0,2100390451.0,450750000.0,0.1671007676095396,601166
2007-03-30,27.47,27.65,26.9,27.2,23267144.0,634332064.0,450750000.0,0.0516187332224071,601166
2007-04-02,27.3,28.28,27.07,27.94,17253472.0,478735604.0,450750000.0,0.0382772534664448,601166
2007-04-03,28.0,28.45,27.63,27.89,15628375.0,437756605.0,450750000.0,0.0346719356627842,601166
2007-04-04,28.0,29.6,27.89,28.92,31267916.0,902215387.0,450750000.0,0.0693686433721575,601166
2007-04-05,28.9,29.5,28.51,29.18,15303889.0,444304387.0,450750000.0,0.033952055463117,601166
2007-04-06,28.72,29.18,28.1,28.22,15293632.0,436598787.0,450750000.0,0.0339293000554631,601166
2007-04-09,28.18,30.15,27.9,29.83,21322735.0,629687929.0,450750000.0,0.0473050138657792,601166
2007-04-10,29.85,31.61,29.55,31.51,25680854.0,792820061.0,450750000.0,0.0569736084303937,601166
2007-04-11,31.5,33.0,31.02,31.57,18402553.0,594923187.0,450750000.0,0.040826518025513,601166
2007-04-12,31.51,33.2,31.5,32.27,10645740.0,345927675.0,450750000.0,0.0236178369384359,601166
2007-04-13,32.3,33.2,32.0,32.02,11740591.0,382399591.0,450750000.0,0.0260467909040488,601166
2007-04-16,32.18,33.2,31.86,33.06,12357902.0,401799455.0,450750000.0,0.0274163105934553,601166
2007-04-17,33.15,33.35,30.32,32.28,12713090.0,409503627.0,450750000.0,0.0282043039378813,601166
2007-04-18,32.0,32.08,30.6,31.31,10592043.0,331079018.0,450750000.0,0.0234987088186356,601166
2007-04-19,31.25,31.9,29.13,29.92,19904565.0,606570064.0,450750000.0,0.044158768718802,601166
2007-04-20,30.1,32.6,30.1,32.03,11817468.0,373987627.0,450750000.0,0.0262173444259567,601166
2007-04-23,32.61,32.9,31.81,32.38,12104542.0,389342421.0,450750000.0,0.0268542251802551,601166
2007-04-24,32.3,32.3,30.95,31.28,14018592.0,441113352.0,450750000.0,0.0311005923460898,601166
2007-04-25,31.15,33.11,30.85,32.04,18396160.0,590332069.0,450750000.0,0.0408123349972268,601166
2007-04-26,32.15,32.44,31.1,32.39,12499880.0,398241416.0,450750000.0,0.0277312922906267,601166
2007-04-27,32.38,32.47,31.1,31.58,7483511.0,237940493.0,450750000.0,0.0166023538546866,601166
2007-05-08,31.5,31.9,30.59,30.73,39821892.0,1230686198.0,701000000.0,0.0568072639087018,601166
2007-05-09,30.88,31.99,30.68,31.71,34421314.0,1079398887.0,701000000.0,0.0491031583452211,601166
2007-05-10,31.75,33.24,31.16,31.53,27539044.0,887504109.0,701000000.0,0.0392853694721826,601166
2007-05-11,31.2,31.2,29.42,30.4,45372973.0,1366470063.0,701000000.0,0.0647260670470756,601166
2007-05-14,30.3,31.17,30.0,30.17,38622568.0,1182456056.0,701000000.0,0.0550963880171184,601166
2007-05-15,30.49,30.6,28.91,29.05,31903998.0,943471734.0,701000000.0,0.045512122681883,601166
2007-05-16,29.19,29.63,28.98,29.6,22976968.0,674859416.0,701000000.0,0.0327774151212553,601166
2007-05-17,29.82,30.05,29.4,29.95,22167598.0,660385153.0,701000000.0,0.0316228216833095,601166
2007-05-18,30.0,30.0,29.41,29.54,16635207.0,492843727.0,701000000.0,0.0237306804564907,601166
2007-05-21,28.58,29.5,28.5,29.45,28185610.0,816071111.0,701000000.0,0.0402077175463623,601166
2007-05-22,29.39,30.18,29.08,29.38,16644143.0,492366330.0,701000000.0,0.023743427960057,601166
2007-05-23,29.6,29.98,28.95,29.5,17602764.0,518706508.0,701000000.0,0.0251109329529243,601166
2007-05-24,29.75,30.94,29.58,30.21,31947749.0,967016239.0,701000000.0,0.0455745349500713,601166
2007-05-25,29.9,31.1,29.7,30.35,22943672.0,701582135.0,701000000.0,0.0327299172610556,601166
2007-05-28,30.45,31.08,30.33,30.35,16624357.0,510341384.0,701000000.0,0.0237152025677603,601166
2007-05-29,30.45,31.0,30.11,30.49,19036614.0,579609544.0,701000000.0,0.027156368045649,601166
2007-05-30,29.2,30.1,28.01,28.29,28718715.0,836377496.0,701000000.0,0.0409682097004279,601166
2007-05-31,28.98,30.6,28.0,29.72,37760755.0,1112160834.0,701000000.0,0.0538669828815977,601166
2007-06-01,29.69,31.23,29.5,29.91,37179031.0,1126279453.0,701000000.0,0.0530371340941512,601166
2007-06-04,30.35,30.56,28.16,28.43,25052596.0,726795306.0,701000000.0,0.035738368045649,601166
2007-06-05,27.99,29.01,25.65,28.37,22697633.0,624011983.0,701000000.0,0.0323789343794579,601166
2007-06-06,28.5,28.65,27.4,27.66,19986827.0,553608183.0,701000000.0,0.0285118787446505,601166
2007-06-07,27.81,28.19,27.5,27.84,29807976.0,828648046.0,701000000.0,0.0425220770328102,601166
2007-06-08,27.85,27.85,27.1,27.59,21734941.0,597255135.0,701000000.0,0.0310056219686162,601166
2007-06-11,27.6,28.65,27.18,28.49,29599976.0,823601680.0,701000000.0,0.0422253580599144,601166
2007-06-12,28.05,28.69,27.7,28.46,24248911.0,683539680.0,701000000.0,0.0345918844507845,601166
2007-06-13,28.68,30.19,28.68,29.52,31771827.0,941963646.0,701000000.0,0.0453235763195435,601166
2007-06-14,29.9,30.15,29.28,29.64,20121723.0,600076106.0,701000000.0,0.0287043124108416,601166
2007-06-15,29.33,32.5,29.1,31.59,34912282.0,1082887289.0,701000000.0,0.0498035406562054,601166
2007-06-18,32.18,34.53,32.15,33.35,36795751.0,1232327485.0,701000000.0,0.0524903723252496,601166
2007-06-19,32.95,35.12,32.51,33.93,35255410.0,1210351682.0,701000000.0,0.0502930242510699,601166
2007-06-20,33.88,33.88,31.72,31.84,18482050.0,609493043.0,701000000.0,0.0263652639087018,601166
2007-06-21,31.92,32.9,31.7,32.39,20399588.0,657182398.0,701000000.0,0.0291006961483594,601166
2007-06-22,32.31,33.8,31.41,32.54,20996690.0,683985667.0,701000000.0,0.0299524821683309,601166
2007-06-25,32.65,34.3,32.01,33.04,26342625.0,882676681.0,701000000.0,0.037578637660485,601166
2007-06-26,32.57,34.7,32.18,34.32,32275466.0,1090467407.0,701000000.0,0.0460420342368045,601166
2007-06-27,34.52,36.99,34.12,36.44,31991831.0,1142630027.0,701000000.0,0.0456374194008559,601166
2007-06-28,36.56,37.37,35.8,35.96,21932674.0,803423468.0,701000000.0,0.0312876947218259,601166
2007-06-29,35.47,36.6,34.93,35.09,18628356.0,664586255.0,701000000.0,0.0265739743223965,601166
2007-07-02,35.0,35.18,33.37,34.05,16152063.0,554724349.0,701000000.0,0.0230414593437945,601166
2007-07-03,34.29,35.0,34.2,34.97,6041930.0,209397851.0,701000000.0,0.0086190156918687,601166
2007-07-04,35.0,35.16,33.41,33.47,8770838.0,299932377.0,701000000.0,0.0125118944365192,601166
2007-07-05,32.96,33.47,32.3,32.35,6612236.0,217121331.0,701000000.0,0.0094325763195435,601166
2007-07-06,32.24,34.6,32.01,34.19,7717734.0,256649358.0,701000000.0,0.0110096062767475,601166
2007-07-09,34.35,36.01,33.95,35.65,10648789.0,376375382.0,701000000.0,0.0151908544935805,601166
2007-07-10,36.2,38.08,36.1,36.63,17271418.0,643393703.0,701000000.0,0.0246382567760342,601166
2007-07-11,36.5,37.57,36.12,36.68,6289870.0,231406131.0,701000000.0,0.0089727104136947,601166
2007-07-12,36.7,38.48,36.7,37.94,8709356.0,329848422.0,701000000.0,0.0124241883024251,601166
2007-07-13,38.51,39.18,37.7,37.99,9231566.0,353241517.0,701000000.0,0.0131691383737517,601166
2007-07-16,38.18,38.48,36.45,36.6,4415448.0,164145959.0,701000000.0,0.0062987845934379,601166
2007-07-17,36.4,40.26,36.3,40.13,21270389.0,836733467.0,701000000.0,0.0303429229671897,601166
2007-07-18,40.1,42.0,39.78,40.18,24967927.0,1022072249.0,701000000.0,0.0356175848787446,601166
2007-07-19,39.85,40.25,39.21,39.8,11649214.0,463091033.0,701000000.0,0.0166179942938659,601166
2007-07-20,39.8,42.9,39.8,42.49,16073263.0,664399458.0,701000000.0,0.0229290485021398,601166
2007-07-23,43.3,43.88,42.45,42.72,16495997.0,707478572.0,701000000.0,0.023532092724679,601166
2007-07-24,42.81,43.44,41.7,42.61,10667622.0,453436863.0,701000000.0,0.0152177203994293,601166
2007-07-25,42.55,43.36,41.98,43.29,13357068.0,569358212.0,701000000.0,0.019054305278174,601166
2007-07-26,43.5,43.68,42.05,42.49,9872095.0,420305733.0,701000000.0,0.0140828744650499,601166
2007-07-27,42.3,42.3,40.82,41.14,19831505.0,816869879.0,701000000.0,0.0282903067047075,601166
2007-07-30,40.9,42.2,40.85,41.8,14440061.0,599187704.0,701000000.0,0.0205992310984308,601166
2007-07-31,41.3,42.06,40.0,41.8,12271954.0,504375889.0,701000000.0,0.0175063537803138,601166
2007-08-01,41.88,43.18,41.01,41.5,11799719.0,500590324.0,701000000.0,0.0168326947218259,601166
2007-08-02,41.81,44.08,41.81,43.74,15112280.0,654591522.0,701000000.0,0.0215581740370898,601166
2007-08-03,44.26,47.08,44.26,46.99,19813608.0,913595621.0,701000000.0,0.0282647760342368,601166
2007-08-06,47.16,47.5,46.08,46.92,12069855.0,563623809.0,701000000.0,0.0172180527817403,601166
2007-08-07,46.9,46.92,45.1,46.21,15180853.0,697420875.0,701000000.0,0.0216559957203994,601166
2007-08-08,45.58,47.58,44.81,45.96,17900374.0,833125147.0,701000000.0,0.0255354835948644,601166
2007-08-09,45.98,48.25,45.7,48.02,13671604.0,647494468.0,701000000.0,0.0195030014265335,601166
2007-08-10,47.45,48.99,47.0,47.96,9414418.0,451355601.0,701000000.0,0.0134299828815977,601166
2007-08-13,47.83,48.99,46.79,47.18,10016380.0,479584084.0,701000000.0,0.0142887018544935,601166
2007-08-14,46.5,47.35,45.88,46.78,13590976.0,630128050.0,701000000.0,0.0193879828815977,601166
2007-08-15,47.15,49.4,46.9,48.65,13044563.0,632992262.0,701000000.0,0.0186085064194008,601166
2007-08-16,48.8,48.8,46.15,47.76,6789426.0,321715555.0,701000000.0,0.0096853437945791,601166
2007-08-17,47.5,50.0,46.5,46.79,12604749.0,605855493.0,701000000.0,0.0179810970042796,601166
2007-08-20,48.25,51.47,48.25,50.9,14554382.0,729874092.0,701000000.0,0.0207623138373751,601166
2007-08-21,50.91,52.2,50.6,51.6,8155921.0,419560443.0,701000000.0,0.0116346947218259,601166
2007-08-22,50.5,53.78,50.31,52.29,7870707.0,413247973.0,701000000.0,0.0112278273894436,601166
2007-08-23,52.09,53.5,51.06,52.43,9570711.0,496721418.0,701000000.0,0.013652940085592,601166
2007-08-24,52.87,57.67,52.5,57.67,17015708.0,961803847.0,701000000.0,0.0242734778887303,601166
2007-08-27,57.6,59.76,55.96,57.63,15302140.0,892310833.0,701000000.0,0.0218290156918687,601166
2007-08-28,57.01,60.15,56.01,58.1,9912780.0,581851836.0,701000000.0,0.014140912981455,601166
2007-08-29,57.9,60.0,57.2,59.58,7906548.0,462640330.0,701000000.0,0.0112789557774607,601166
2007-08-30,60.8,62.8,57.76,58.13,13997607.0,830499242.0,701000000.0,0.0199680556348074,601166
2007-08-31,58.0,58.7,57.48,58.29,9720500.0,564485531.0,701000000.0,0.0138666191155492,601166
2007-09-03,58.29,60.5,58.29,59.15,10910124.0,647798098.0,701000000.0,0.0155636576319543,601166
2007-09-04,58.98,58.98,56.98,57.3,12206568.0,700577791.0,701000000.0,0.0174130784593437,601166
2007-09-05,57.0,57.86,54.79,56.2,12547783.0,700041097.0,701000000.0,0.0178998330955777,601166
2007-09-06,56.35,58.53,56.35,57.15,8912712.0,513739963.0,701000000.0,0.0127142824536376,601166
2007-09-07,57.0,57.2,54.99,56.07,7435638.0,417860479.0,701000000.0,0.0106071868758915,601166
2007-09-10,55.9,58.1,55.01,57.98,6679398.0,380891483.0,701000000.0,0.0095283851640513,601166
2007-09-11,57.99,59.8,55.81,56.67,12810673.0,747497285.0,701000000.0,0.0182748544935806,601166
2007-09-12,56.1,58.3,56.1,58.0,11432362.0,652881289.0,701000000.0,0.0163086476462196,601166
2007-09-13,58.0,59.35,57.0,59.28,11371048.0,659063978.0,701000000.0,0.0162211811697574,601166
2007-09-14,59.5,59.6,56.48,57.34,11189825.0,642483101.0,701000000.0,0.0159626604850213,601166
2007-09-17,57.05,59.4,57.05,58.33,9831203.0,575574360.0,701000000.0,0.0140245406562054,601166
2007-09-18,58.48,58.89,55.3,56.45,15723531.0,886920471.0,701000000.0,0.0224301440798858,601166
2007-09-19,56.2,57.0,54.45,55.16,14112408.0,783412798.0,701000000.0,0.020131823109843,601166
2007-09-20,55.4,55.78,54.5,55.13,8975292.0,493490427.0,701000000.0,0.0128035549215406,601166
2007-09-21,55.13,55.5,52.0,52.9,15491694.0,824533417.0,701000000.0,0.0220994208273894,601166
2007-09-24,52.9,54.5,51.5,54.39,10069407.0,536010733.0,701000000.0,0.0143643466476462,601166
2007-09-25,54.7,55.19,52.7,53.0,5247471.0,282035368.0,701000000.0,0.0074856932952924,601166
2007-09-26,52.98,54.95,52.8,53.02,6998238.0,378312654.0,701000000.0,0.0099832211126961,601166
2007-09-27,53.02,55.1,53.01,54.48,7658591.0,416313628.0,701000000.0,0.0109252368045649,601166
2007-09-28,55.08,56.88,55.08,56.42,8682256.0,487082853.0,701000000.0,0.0123855292439372,601166
2007-10-08,57.6,61.58,57.03,60.96,12485780.0,746039405.0,701000000.0,0.0178113837375178,601166
2007-10-09,61.09,63.1,60.02,62.0,9469625.0,585429129.0,701000000.0,0.0135087375178316,601166
2007-10-10,62.02,64.06,60.1,60.94,6695893.0,418426360.0,701000000.0,0.0095519158345221,601166
2007-10-11,61.11,65.28,61.11,65.14,13085825.0,838246305.0,701000000.0,0.018667368045649,601166
2007-10-12,65.86,66.18,61.25,64.43,6200999.0,395135772.0,701000000.0,0.0088459329529243,601166
2007-10-15,64.0,65.5,62.66,63.84,6826315.0,435811947.0,701000000.0,0.0097379671897289,601166
2007-10-16,63.91,66.89,63.91,65.39,5658405.0,372114254.0,701000000.0,0.0080719044222539,601166
2007-10-17,64.5,65.9,62.96,63.48,4406280.0,281336328.0,701000000.0,0.0062857061340941,601166
2007-10-18,63.0,64.3,60.0,60.3,6733598.0,410795523.0,701000000.0,0.0096057032810271,601166
2007-10-22,59.5,61.58,58.5,60.62,5244805.0,316579175.0,701000000.0,0.0074818901569186,601166
2007-10-23,60.92,63.5,60.0,63.42,7193186.0,444927401.0,701000000.0,0.0102613209700427,601166
2007-10-24,63.77,68.5,63.59,65.92,6186974.0,412505582.0,701000000.0,0.0088259258202567,601166
2007-10-25,65.5,65.5,63.0,64.54,8013809.0,518097164.0,701000000.0,0.0114319671897289,601166
2007-10-26,63.7,67.97,63.4,67.06,5963558.0,395620645.0,701000000.0,0.008507215406562,601166
2007-10-29,67.8,70.5,67.0,67.08,7112023.0,491159609.0,701000000.0,0.0101455392296718,601166
2007-10-30,67.2,67.51,64.9,66.5,8336471.0,549187476.0,701000000.0,0.0118922553495007,601166
2007-10-31,67.8,68.3,64.7,66.2,10190001.0,666375594.0,701000000.0,0.0145363780313837,601166
2007-11-01,65.87,67.79,65.0,65.22,7684842.0,507997117.0,701000000.0,0.0109626847360912,601166
2007-11-02,64.8,64.88,63.3,63.51,5791858.0,370741972.0,701000000.0,0.0082622796005706,601166
2007-11-05,62.37,63.47,61.34,62.27,4790638.0,298651450.0,701000000.0,0.006834005706134,601166
2007-11-06,61.7,64.0,61.7,62.01,3068016.0,193192368.0,701000000.0,0.0043766276747503,601166
2007-11-07,62.71,63.48,61.1,63.24,2797848.0,174093188.0,701000000.0,0.0039912239657631,601166
2007-11-08,62.85,63.1,59.5,59.92,4373324.0,268043860.0,701000000.0,0.0062386932952924,601166
2007-11-09,58.8,61.3,58.26,59.56,3681149.0,219981250.0,701000000.0,0.0052512824536376,601166
2007-11-12,57.56,59.56,56.8,57.47,5091133.0,293347702.0,701000000.0,0.0072626718972895,601166
2007-11-13,58.78,58.98,53.98,54.64,6153316.0,346758878.0,701000000.0,0.0087779115549215,601166
2007-11-14,55.5,56.9,53.1,56.83,9807884.0,535926857.0,701000000.0,0.01399127532097,601166
2007-11-15,56.0,57.62,55.11,56.0,7466819.0,421522743.0,701000000.0,0.010651667617689,601166
2007-11-16,55.1,55.6,53.48,53.73,7668882.0,414621402.0,701000000.0,0.0109399172610556,601166
2007-11-19,54.19,54.3,52.22,52.56,5300548.0,279709021.0,701000000.0,0.0075614094151212,601166
2007-11-20,52.05,53.53,50.98,53.48,9816872.0,512440885.0,701000000.0,0.0140040970042796,601166
2007-11-21,53.66,54.78,53.22,53.62,6777032.0,366079878.0,701000000.0,0.0096676633380884,601166
2007-11-22,52.35,55.1,51.5,51.97,8986837.0,485095886.0,701000000.0,0.0128200242510699,601166
2007-11-23,51.6,54.01,51.6,53.59,6129906.0,327391436.0,701000000.0,0.0087445164051355,601166
2007-11-26,54.5,55.59,53.5,53.79,5189877.0,284366519.0,701000000.0,0.0074035335235378,601166
2007-11-27,53.21,55.0,52.1,53.84,3890445.0,208609542.0,701000000.0,0.00554985021398,601166
2007-11-28,54.18,55.05,53.6,54.84,5417044.0,295184297.0,701000000.0,0.0077275948644793,601166
2007-11-29,55.6,58.11,54.42,57.2,8442852.0,474198871.0,701000000.0,0.0120440114122681,601166
2007-11-30,56.5,57.2,55.8,56.5,4544054.0,256281251.0,701000000.0,0.006482245363766,601166
2007-12-03,55.88,57.99,55.8,57.27,4364613.0,248686964.0,701000000.0,0.0062262667617689,601166
2007-12-04,57.98,57.98,56.51,57.11,4913019.0,280810567.0,701000000.0,0.0070085863052781,601166
2007-12-05,57.0,58.01,56.37,57.96,5528857.0,315253798.0,701000000.0,0.0078870998573466,601166
2007-12-06,57.98,58.5,57.0,58.1,5069378.0,292715566.0,701000000.0,0.007231637660485,601166
2007-12-07,58.42,58.6,57.4,58.14,2853990.0,164969634.0,701000000.0,0.0040713124108416,601166
2007-12-10,56.49,57.15,55.7,57.07,11752046.0,660132527.0,701000000.0,0.0167646875891583,601166
2007-12-11,57.0,57.0,53.91,54.89,12891247.0,709776956.0,701000000.0,0.0183897960057061,601166
2007-12-12,54.5,54.5,51.29,51.32,26263189.0,1362754449.0,701000000.0,0.0374653195435092,601166
2007-12-13,50.78,51.5,49.18,49.87,18697388.0,938824169.0,701000000.0,0.0266724507845934,601166
2007-12-14,49.7,50.85,48.9,50.75,12497655.0,622375886.0,701000000.0,0.0178283238231098,601166
2007-12-17,50.05,50.28,46.8,46.86,14425826.0,691177162.0,701000000.0,0.0205789243937232,601166
2007-12-18,46.6,48.22,46.38,47.4,8273057.0,392402173.0,701000000.0,0.011801793152639,601166
2007-12-19,48.11,48.61,47.74,48.09,6033692.0,290535763.0,701000000.0,0.0086072639087018,601166
2007-12-20,48.2,50.06,48.2,49.6,5825653.0,287985489.0,701000000.0,0.0083104893009985,601166
2007-12-21,49.0,50.05,48.8,49.09,12533431.0,618494089.0,701000000.0,0.0178793594864479,601166
2007-12-24,49.87,50.96,49.51,50.88,11555459.0,582333112.0,701000000.0,0.0164842496433666,601166
2007-12-25,51.3,51.38,50.12,50.18,6607488.0,334758376.0,701000000.0,0.0094258031383737,601166
2007-12-26,50.2,51.15,48.5,49.81,8327319.0,412857227.0,701000000.0,0.0118791997146932,601166
2007-12-27,49.85,51.35,48.8,51.32,14802829.0,741419344.0,701000000.0,0.0211167318116975,601166
2007-12-28,51.59,52.59,51.35,51.86,12946366.0,673565739.0,701000000.0,0.01846842510699,601166
2008-01-02,51.91,52.28,50.71,51.66,6404823.0,331745159.0,701000000.0,0.0091366947218259,601166
2008-01-03,51.45,51.45,48.69,49.84,13622351.0,673699062.0,701000000.0,0.0194327403708987,601166
2008-01-04,49.9,51.0,49.9,50.7,8362717.0,422923904.0,701000000.0,0.0119296961483594,601166
2008-01-07,50.78,53.15,49.98,52.7,12693104.0,660135525.0,701000000.0,0.0181071383737517,601166
2008-01-08,53.55,55.5,53.55,54.36,17019873.0,932511720.0,701000000.0,0.0242794194008559,601166
2008-01-09,54.01,55.24,54.01,54.87,5884800.0,322496028.0,701000000.0,0.0083948644793152,601166
2008-01-10,55.22,57.01,54.61,56.98,10304048.0,577237213.0,701000000.0,0.0146990699001426,601166
2008-01-11,57.25,61.6,57.05,61.0,17837784.0,1055387902.0,701000000.0,0.0254461968616262,601166
2008-01-14,61.1,61.95,59.8,61.26,8177897.0,496321563.0,701000000.0,0.0116660442225392,601166
2008-01-15,61.0,61.0,58.4,58.46,9843917.0,583848427.0,701000000.0,0.0140426776034236,601166
2008-01-16,57.4,57.4,53.39,53.5,22952492.0,1257044524.0,701000000.0,0.0327424992867332,601166
2008-01-17,53.0,53.99,50.77,53.1,16163903.0,850981472.0,701000000.0,0.0230583495007132,601166
2008-01-18,52.88,53.5,51.7,52.68,10749569.0,565688560.0,701000000.0,0.0153346205420827,601166
2008-01-21,52.3,53.24,49.0,49.27,12160946.0,625009600.0,701000000.0,0.0173479971469329,601166
2008-01-22,48.0,49.8,45.0,46.15,18641719.0,878963918.0,701000000.0,0.0265930370898716,601166
2008-01-23,47.13,48.2,45.5,47.59,15134156.0,713304885.0,701000000.0,0.0215893808844507,601166
2008-01-24,48.19,48.39,45.77,46.28,13401461.0,628906161.0,701000000.0,0.0191176333808844,601166
2008-01-25,46.3,49.6,45.82,48.96,14043560.0,673639957.0,701000000.0,0.0200336091298145,601166
2008-01-28,48.0,48.0,45.95,45.98,12231975.0,569901334.0,701000000.0,0.0174493223965763,601166
2008-01-29,46.31,47.3,44.13,45.1,8745973.0,396605088.0,701000000.0,0.0124764236804564,601166
2008-01-30,44.99,45.48,40.59,41.49,28046309.0,1192843853.0,701000000.0,0.040009,601166
2008-01-31,41.0,41.5,39.5,39.98,13165890.0,530249995.0,701000000.0,0.0187815834522111,601166
2008-02-01,40.35,41.3,39.12,40.94,14319666.0,578662511.0,701000000.0,0.0204274835948644,601166
2008-02-04,41.95,45.03,41.7,44.87,25821602.0,1133316930.0,701000000.0,0.0368353808844507,601166
2008-02-05,44.51,47.5,44.51,46.46,66498912.0,3052657545.0,3980000000.0,0.0167082693467336,601166
2008-02-13,45.38,46.2,44.41,44.51,11134370.0,506663053.0,3980000000.0,0.00279758040201,601166
2008-02-14,45.4,46.08,44.57,44.8,15092022.0,682813581.0,3980000000.0,0.0037919653266331,601166
2008-02-15,44.38,44.5,42.85,43.0,10262074.0,445354899.0,3980000000.0,0.0025784105527638,601166
2008-02-18,44.0,45.15,43.35,44.94,25955748.0,1159253369.0,3980000000.0,0.006521544723618,601166
2008-02-19,45.4,45.88,44.47,45.8,17488549.0,787844628.0,3980000000.0,0.0043941077889447,601166
2008-02-20,45.8,46.1,43.48,43.79,17820016.0,795019231.0,3980000000.0,0.0044773909547738,601166
2008-02-21,43.51,43.56,41.9,42.44,10571012.0,450494271.0,3980000000.0,0.0026560331658291,601166
2008-02-22,42.18,42.18,40.0,40.9,11935033.0,486670210.0,3980000000.0,0.0029987520100502,601166
2008-02-25,40.93,42.4,39.97,42.13,20268427.0,833758825.0,3980000000.0,0.0050925695979899,601166
2008-02-26,43.3,43.53,41.21,42.46,12698353.0,540884161.0,3980000000.0,0.0031905409547738,601166
2008-02-27,42.86,44.9,42.46,43.46,19477441.0,858146059.0,3980000000.0,0.0048938293969849,601166
2008-02-28,43.75,44.39,43.48,43.75,11097110.0,488313589.0,3980000000.0,0.0027882185929648,601166
2008-02-29,43.65,44.96,43.35,44.25,11020735.0,488415333.0,3980000000.0,0.0027690288944723,601166
2008-03-03,43.75,44.82,42.95,44.76,19726762.0,871385327.0,3980000000.0,0.0049564728643216,601166
2008-03-04,44.96,44.96,41.89,41.94,16521760.0,711165908.0,3980000000.0,0.0041511959798994,601166
2008-03-05,42.06,42.96,41.57,41.86,16590639.0,697877654.0,3980000000.0,0.0041685022613065,601166
2008-03-06,42.01,44.2,41.7,42.15,17100394.0,732800592.0,3980000000.0,0.0042965814070351,601166
2008-03-07,41.79,42.64,40.95,41.1,18111339.0,751356235.0,3980000000.0,0.0045505876884422,601166
2008-03-10,40.81,41.0,38.9,39.05,12358642.0,490919406.0,3980000000.0,0.0031051864321608,601166
2008-03-11,38.97,39.0,37.4,37.69,21445309.0,814980193.0,3980000000.0,0.0053882685929648,601166
2008-03-12,38.9,39.0,34.98,35.08,30701278.0,1122085278.0,3980000000.0,0.0077138889447236,601166
2008-03-13,34.75,35.45,33.99,34.08,30055230.0,1039488244.0,3980000000.0,0.0075515653266331,601166
2008-03-14,34.37,34.37,32.7,33.13,37735876.0,1254710352.0,3980000000.0,0.0094813758793969,601166
2008-03-17,32.98,34.28,32.7,33.65,23060649.0,774688573.0,3980000000.0,0.0057941329145728,601166
2008-03-18,33.65,34.8,32.0,32.87,24528183.0,818619242.0,3980000000.0,0.0061628600502512,601166
2008-03-19,33.81,34.98,33.2,34.92,36738493.0,1256822590.0,3980000000.0,0.0092307771356783,601166
2008-03-20,31.5,36.57,31.43,35.91,36579142.0,1259763407.0,3980000000.0,0.0091907391959798,601166
2008-03-21,35.99,36.5,34.5,35.12,27199797.0,964670691.0,3980000000.0,0.0068341198492462,601166
2008-03-24,35.58,35.8,31.8,31.83,25741429.0,859872194.0,3980000000.0,0.0064676957286432,601166
2008-03-25,31.41,33.0,30.11,32.34,25724689.0,807760537.0,3980000000.0,0.0064634896984924,601166
2008-03-26,32.59,34.25,32.39,33.0,29968312.0,1002303429.0,3980000000.0,0.0075297266331658,601166
2008-03-27,32.1,33.88,31.91,33.01,22233238.0,738413092.0,3980000000.0,0.0055862407035175,601166
2008-03-28,33.05,36.31,33.05,36.31,53797532.0,1917468308.0,3980000000.0,0.0135169678391959,601166
2008-03-31,35.06,37.3,35.06,36.82,41458430.0,1507377017.0,3980000000.0,0.0104166909547738,601166
2008-04-01,36.3,37.6,34.8,35.93,30081053.0,1095866488.0,3980000000.0,0.0075580535175879,601166
2008-04-02,36.75,39.0,36.5,37.5,53044103.0,1995507609.0,3980000000.0,0.0133276640703517,601166
2008-04-03,36.95,38.25,36.38,37.95,25581974.0,958657226.0,3980000000.0,0.0064276316582914,601166
2008-04-07,37.5,39.28,37.12,38.95,25954105.0,998862857.0,3980000000.0,0.0065211319095477,601166
2008-04-08,39.1,39.17,37.9,38.48,19118200.0,737255863.0,3980000000.0,0.0048035678391959,601166
2008-04-09,38.0,38.38,36.02,36.28,18726059.0,696704043.0,3980000000.0,0.0047050399497487,601166
2008-04-10,36.31,37.2,35.88,37.01,16819269.0,616434135.0,3980000000.0,0.0042259469849246,601166
2008-04-11,37.77,38.17,37.0,37.54,17240251.0,649835979.0,3980000000.0,0.0043317213567839,601166
2008-04-14,36.9,36.98,33.88,34.1,20144431.0,707827903.0,3980000000.0,0.0050614148241206,601166
2008-04-15,33.9,34.46,32.0,33.89,19700128.0,650714775.0,3980000000.0,0.0049497809045226,601166
2008-04-16,33.78,34.29,32.8,33.13,14362073.0,482716902.0,3980000000.0,0.0036085610552763,601166
2008-04-17,33.41,34.0,32.6,33.69,20690924.0,689526158.0,3980000000.0,0.0051987246231155,601166
2008-04-18,33.19,35.2,32.15,34.64,27950462.0,961437278.0,3980000000.0,0.0070227291457286,601166
2008-04-21,37.99,37.99,33.3,34.27,36905359.0,1316305267.0,3980000000.0,0.0092727032663316,601166
2008-04-22,33.5,35.7,32.71,35.5,27022921.0,927026122.0,3980000000.0,0.006789678643216,601166
2008-04-23,34.84,37.68,34.68,37.51,39020838.0,1432072151.0,3980000000.0,0.0098042306532663,601166
2008-04-24,40.3,41.26,38.9,41.01,85738601.0,3463463867.0,3980000000.0,0.0215423620603015,601166
2008-04-25,39.88,41.41,39.39,39.96,51411527.0,2073871718.0,3980000000.0,0.0129174690954773,601166
2008-04-29,38.98,40.04,38.56,39.15,29727767.0,1174575294.0,3980000000.0,0.0074692881909547,601166
2008-04-30,39.61,41.38,39.61,40.77,46195578.0,1867571612.0,3980000000.0,0.0116069291457286,601166
2008-05-05,41.33,41.38,39.8,40.51,33352737.0,1347516712.0,3980000000.0,0.0083800846733668,601166
2008-05-06,40.11,40.11,38.88,39.31,26037546.0,1025151636.0,3980000000.0,0.0065420969849246,601166
2008-05-07,39.0,39.88,37.0,37.05,27214134.0,1044588919.0,3980000000.0,0.0068377221105527,601166
2008-05-08,36.79,37.47,36.38,37.42,19805258.0,731351127.0,3980000000.0,0.0049761954773869,601166
2008-05-09,37.71,37.99,34.88,35.42,39250886.0,1415524480.0,3980000000.0,0.0098620316582914,601166
2008-05-12,34.9,36.62,33.78,36.13,33536632.0,1167142705.0,3980000000.0,0.0084262894472361,601166
2008-05-13,34.75,35.85,34.55,34.82,23238489.0,813807533.0,3980000000.0,0.0058388163316582,601166
2008-05-14,34.83,37.17,34.83,37.08,27395210.0,993221386.0,3980000000.0,0.0068832185929648,601166
2008-05-15,37.43,37.97,36.1,36.19,24507414.0,912155118.0,3980000000.0,0.0061576417085427,601166
2008-05-16,36.25,37.2,36.01,36.73,16897571.0,621006805.0,3980000000.0,0.0042456208542713,601166
2008-05-19,36.35,36.96,35.8,36.55,10401905.0,378193112.0,3980000000.0,0.0026135439698492,601166
2008-05-20,36.6,37.13,34.6,34.81,17905572.0,641672453.0,3980000000.0,0.0044988874371859,601166
2008-05-21,34.5,35.73,34.18,35.3,15197629.0,528425317.0,3980000000.0,0.0038184997487437,601166
2008-05-22,34.87,35.5,34.42,34.49,14127740.0,493193960.0,3980000000.0,0.0035496834170854,601166
2008-05-23,34.55,35.1,34.15,34.46,10796652.0,374061290.0,3980000000.0,0.0027127266331658,601166
2008-05-26,34.3,34.3,32.92,32.99,12666228.0,421909409.0,3980000000.0,0.0031824693467336,601166
2008-05-27,32.9,33.16,32.51,32.94,7665975.0,251773586.0,3980000000.0,0.0019261243718592,601166
2008-05-28,33.0,34.84,32.97,34.46,18729977.0,636520588.0,3980000000.0,0.0047060243718592,601166
2008-05-29,34.3,34.3,33.26,33.3,11956920.0,405329027.0,3980000000.0,0.0030042512562814,601166
2008-05-30,33.51,34.7,33.51,34.5,21038803.0,722344596.0,3980000000.0,0.0052861314070351,601166
2008-06-02,34.39,34.98,33.88,34.65,11113669.0,383919110.0,3980000000.0,0.0027923791457286,601166
2008-06-03,34.4,34.93,34.25,34.64,14039553.0,486680080.0,3980000000.0,0.0035275258793969,601166
2008-06-04,34.36,34.56,33.51,33.81,7455766.0,252527110.0,3980000000.0,0.001873308040201,601166
2008-06-05,33.63,34.5,33.26,34.09,7482400.0,254576268.0,3980000000.0,0.00188,601166
2008-06-06,34.31,34.5,33.89,34.1,6321770.0,216397359.0,3980000000.0,0.0015883844221105,601166
2008-06-10,32.0,32.66,30.69,30.69,15013960.0,469671856.0,3980000000.0,0.0037723517587939,601166
2008-06-11,29.99,30.0,28.4,28.63,17992648.0,522043068.0,3980000000.0,0.0045207658291457,601166
2008-06-12,28.4,28.9,27.23,27.8,14598554.0,408960999.0,3980000000.0,0.0036679783919597,601166
2008-06-13,27.92,28.33,27.2,27.65,14755065.0,408789249.0,3980000000.0,0.003707302763819,601166
2008-06-16,27.88,28.29,27.01,27.75,16607441.0,460790965.0,3980000000.0,0.0041727238693467,601166
2008-06-17,27.8,27.9,25.59,26.0,14851106.0,398490002.0,3980000000.0,0.0037314336683417,601166
2008-06-18,25.92,27.68,25.49,27.56,19881675.0,529305217.0,3980000000.0,0.0049953957286432,601166
2008-06-19,27.38,27.38,24.8,24.8,16411000.0,422752531.0,3980000000.0,0.0041233668341708,601166
2008-06-20,24.81,27.1,23.82,25.57,22269001.0,575551223.0,3980000000.0,0.0055952263819095,601166
2008-06-23,24.68,25.79,24.41,25.05,8258026.0,207786368.0,3980000000.0,0.0020748809045226,601166
2008-06-24,25.07,26.28,25.01,26.07,11609508.0,299601441.0,3980000000.0,0.0029169618090452,601166
2008-06-25,26.07,27.2,25.85,26.8,11309914.0,300963096.0,3980000000.0,0.0028416869346733,601166
2008-06-26,26.8,27.16,25.98,26.8,14456477.0,385075520.0,3980000000.0,0.0036322806532663,601166
2008-06-27,25.6,26.09,25.13,25.23,16706297.0,428158861.0,3980000000.0,0.0041975620603015,601166
2008-06-30,24.85,25.8,24.85,25.47,15042240.0,380793154.0,3980000000.0,0.0037794572864321,601166
2008-07-01,25.51,25.64,24.3,24.79,17866890.0,445357811.0,3980000000.0,0.0044891683417085,601166
2008-07-02,24.79,25.35,24.5,25.01,11459830.0,286488036.0,3980000000.0,0.0028793542713567,601166
2008-07-03,24.51,25.99,23.85,25.05,17284164.0,430057000.0,3980000000.0,0.0043427547738693,601166
2008-07-04,25.4,25.6,24.9,25.15,11342524.0,285595752.0,3980000000.0,0.00284988040201,601166
2008-07-07,25.2,26.86,25.2,26.63,15269636.0,401343910.0,3980000000.0,0.0038365919597989,601166
2008-07-08,26.76,27.15,26.06,26.57,15186652.0,404138777.0,3980000000.0,0.0038157417085427,601166
2008-07-09,26.89,28.25,26.89,27.81,25487111.0,707033723.0,3980000000.0,0.0064037967336683,601166
2008-07-10,27.15,28.01,27.05,27.17,20529220.0,565920028.0,3980000000.0,0.0051580954773869,601166
2008-07-11,27.18,27.79,26.63,27.77,14326800.0,390306159.0,3980000000.0,0.0035996984924623,601166
2008-07-14,27.44,28.24,27.2,27.53,13406259.0,372438845.0,3980000000.0,0.0033684067839195,601166
2008-07-15,27.59,27.8,25.76,25.8,17824476.0,472011476.0,3980000000.0,0.0044785115577889,601166
2008-07-16,25.43,25.6,23.99,24.15,18011527.0,442672687.0,3980000000.0,0.0045255092964824,601166
2008-07-17,24.86,25.18,23.75,23.84,15480627.0,375012196.0,3980000000.0,0.0038896047738693,601166
2008-07-18,24.3,24.78,23.55,24.43,19660119.0,474421350.0,3980000000.0,0.0049397283919597,601166
2008-07-21,24.16,25.38,24.01,25.31,15938391.0,396369777.0,3980000000.0,0.0040046208542713,601166
2008-07-22,25.2,25.37,24.93,25.32,13880606.0,349066462.0,3980000000.0,0.0034875894472361,601166
2008-07-23,25.6,25.79,24.91,25.02,14270014.0,362506624.0,3980000000.0,0.0035854306532663,601166
2008-07-24,25.15,26.42,25.15,26.31,24390938.0,632900897.0,3980000000.0,0.0061283763819095,601166
2008-07-25,25.81,26.96,25.7,26.52,22834749.0,602146758.0,3980000000.0,0.005737374120603,601166
2008-07-28,26.77,27.38,26.72,26.87,23712712.0,642894044.0,3980000000.0,0.0059579678391959,601166
2008-07-29,26.4,26.7,25.88,26.16,11452384.0,299614196.0,3980000000.0,0.0028774834170854,601166
2008-07-30,26.68,26.78,26.1,26.2,11074270.0,291784343.0,3980000000.0,0.0027824798994974,601166
2008-07-31,26.35,26.4,25.08,25.1,10571603.0,269490382.0,3980000000.0,0.0026561816582914,601166
2008-08-01,24.98,27.03,24.27,25.91,25651703.0,650191834.0,3980000000.0,0.0064451515075376,601166
2008-08-04,25.41,26.0,25.1,25.24,10375004.0,265082513.0,3980000000.0,0.0026067849246231,601166
2008-08-05,25.6,25.75,24.6,24.78,14561693.0,368535256.0,3980000000.0,0.0036587168341708,601166
2008-08-06,25.04,25.5,24.68,25.13,12528490.0,313980212.0,3980000000.0,0.0031478618090452,601166
2008-08-07,25.18,25.6,24.55,24.93,14471892.0,361625533.0,3980000000.0,0.0036361537688442,601166
2008-08-08,24.88,24.94,23.95,24.5,17723877.0,431668947.0,3980000000.0,0.0044532354271356,601166
2008-08-11,24.2,24.88,23.52,23.69,12172091.0,293974803.0,3980000000.0,0.003058314321608,601166
2008-08-12,23.4,23.66,22.95,22.97,9247557.0,215522848.0,3980000000.0,0.0023235067839195,601166
2008-08-13,22.8,22.8,21.79,22.49,14315670.0,318137351.0,3980000000.0,0.0035969020100502,601166
2008-08-14,22.26,22.6,22.0,22.37,7198877.0,160885705.0,3980000000.0,0.0018087630653266,601166
2008-08-15,22.25,23.32,22.25,22.89,10343302.0,236804438.0,3980000000.0,0.0025988195979899,601166
2008-08-18,22.95,23.11,22.02,22.22,11473517.0,261502586.0,3980000000.0,0.0028827932160804,601166
2008-08-19,22.0,23.21,21.9,23.16,9540188.0,218406443.0,3980000000.0,0.002397032160804,601166
2008-08-20,22.99,25.06,22.45,24.87,38790622.0,929661157.0,3980000000.0,0.0097463874371859,601166
2008-08-21,24.11,24.5,23.2,23.27,24121603.0,575095714.0,3980000000.0,0.0060607042713567,601166
2008-08-22,22.95,23.27,22.08,22.29,15768810.0,353457695.0,3980000000.0,0.003962012562814,601166
2008-08-25,22.44,22.67,22.02,22.07,12472270.0,279347401.0,3980000000.0,0.0031337361809045,601166
2008-08-26,21.83,22.2,21.09,21.23,15908822.0,343159718.0,3980000000.0,0.0039971914572864,601166
2008-08-27,21.04,21.54,20.91,21.42,13471946.0,286719996.0,3980000000.0,0.0033849110552763,601166
2008-08-28,21.35,21.78,21.24,21.57,11889681.0,256315278.0,3980000000.0,0.0029873570351758,601166
2008-08-29,21.85,22.38,21.7,22.09,14143412.0,311490335.0,3980000000.0,0.0035536211055276,601166
2008-09-01,21.88,21.88,20.68,20.86,12391701.0,262655114.0,3980000000.0,0.0031134927135678,601166
2008-09-02,20.7,21.0,20.1,20.22,15180549.0,310200210.0,3980000000.0,0.0038142082914572,601166
2008-09-03,20.2,20.38,19.37,19.65,14905113.0,293743505.0,3980000000.0,0.0037450032663316,601166
2008-09-04,19.65,19.69,19.0,19.46,15016891.0,290395832.0,3980000000.0,0.0037730881909547,601166
2008-09-05,18.84,19.15,18.6,18.94,18864661.0,356365294.0,3980000000.0,0.0047398645728643,601166
2008-09-08,18.96,19.1,18.29,18.33,12539818.0,235194372.0,3980000000.0,0.003150708040201,601166
2008-09-09,18.55,18.63,18.0,18.4,13409638.0,244556491.0,3980000000.0,0.0033692557788944,601166
2008-09-10,18.18,18.58,17.85,18.14,14573513.0,265268725.0,3980000000.0,0.003661686683417,601166
2008-09-11,18.12,18.12,16.97,17.06,22837316.0,395659161.0,3980000000.0,0.0057380190954773,601166
2008-09-12,17.06,17.4,16.76,16.82,16885373.0,287025692.0,3980000000.0,0.0042425560301507,601166
2008-09-16,16.01,16.05,15.14,15.14,40940591.0,623702880.0,3980000000.0,0.0102865806532663,601166
2008-09-17,14.8,14.88,13.66,13.81,52001035.0,740283040.0,3980000000.0,0.013065586683417,601166
2008-09-18,13.2,14.68,13.05,14.37,49743065.0,690132824.0,3980000000.0,0.0124982575376884,601166
2008-09-19,15.81,15.81,15.7,15.81,22667947.0,358277081.0,3980000000.0,0.0056954640703517,601166
2008-09-22,17.39,17.39,16.53,17.39,91595893.0,1579941879.0,3980000000.0,0.0230140434673366,601166
2008-09-23,16.68,16.9,15.95,15.98,48354667.0,797255477.0,3980000000.0,0.0121494138190954,601166
2008-09-24,15.61,15.79,15.1,15.74,28963618.0,445358250.0,3980000000.0,0.0072772909547738,601166
2008-09-25,15.78,16.77,15.58,16.27,35972062.0,586106013.0,3980000000.0,0.0090382065326633,601166
2008-09-26,16.37,16.65,16.0,16.43,28426820.0,464853664.0,3980000000.0,0.0071424170854271,601166
2008-10-06,15.9,15.9,14.79,14.79,24726950.0,376660546.0,3980000000.0,0.0062128015075376,601166
2008-10-07,14.0,15.15,13.82,14.7,20429353.0,298224921.0,3980000000.0,0.0051330032663316,601166
2008-10-08,14.08,14.35,13.8,13.95,25519387.0,357526794.0,3980000000.0,0.006411906281407,601166
2008-10-09,14.25,14.39,13.96,14.01,19495601.0,276098237.0,3980000000.0,0.0048983922110552,601166
2008-10-10,13.47,13.79,13.11,13.45,23452545.0,313465848.0,3980000000.0,0.0058925992462311,601166
2008-10-13,13.35,14.8,13.25,14.8,38149769.0,539841271.0,3980000000.0,0.0095853690954773,601166
2008-10-14,15.03,15.58,14.2,14.25,45731491.0,690930753.0,3980000000.0,0.0114903243718592,601166
2008-10-15,14.15,14.55,13.9,14.49,18768327.0,269118639.0,3980000000.0,0.0047156600502512,601166
2008-10-16,13.77,14.11,13.58,13.69,27139674.0,374660406.0,3980000000.0,0.0068190135678391,601166
2008-10-17,13.95,14.07,13.7,13.89,18919583.0,263316142.0,3980000000.0,0.0047536640703517,601166
2008-10-20,13.84,14.75,13.55,14.6,23393189.0,333118901.0,3980000000.0,0.0058776856783919,601166
2008-10-21,14.7,14.87,14.41,14.44,22402097.0,329092047.0,3980000000.0,0.0056286675879396,601166
2008-10-22,14.2,14.79,14.1,14.15,20109665.0,288817591.0,3980000000.0,0.0050526796482412,601166
2008-10-23,13.65,13.93,13.25,13.61,33727440.0,454246816.0,3980000000.0,0.0084742311557788,601166
2008-10-24,13.54,13.54,12.68,12.8,36472840.0,475005920.0,3980000000.0,0.0091640301507537,601166
2008-10-27,12.48,12.48,11.64,11.72,22608680.0,273588416.0,3980000000.0,0.0056805728643216,601166
2008-10-28,11.51,12.84,11.47,12.65,33081388.0,405359232.0,3980000000.0,0.0083119065326633,601166
2008-10-29,12.76,12.98,12.21,12.25,27682722.0,349122464.0,3980000000.0,0.0069554577889447,601166
2008-10-30,12.31,12.98,12.0,12.71,29534876.0,373867136.0,3980000000.0,0.0074208231155778,601166
2008-10-31,12.61,12.73,12.3,12.37,14059837.0,175841472.0,3980000000.0,0.003532622361809,601166
2008-11-03,12.25,12.89,12.22,12.55,17964704.0,227977872.0,3980000000.0,0.004513744723618,601166
2008-11-04,12.5,12.97,12.41,12.68,20500060.0,259996304.0,3980000000.0,0.0051507688442211,601166
2008-11-05,12.9,13.9,12.81,13.49,39593184.0,531940160.0,3980000000.0,0.0099480361809045,601166
2008-11-06,13.02,13.18,12.86,12.93,20426380.0,265419232.0,3980000000.0,0.005132256281407,601166
2008-11-07,12.65,14.22,12.52,13.82,50656876.0,687334784.0,3980000000.0,0.0127278582914572,601166
2008-11-10,14.18,15.18,14.0,15.13,61801784.0,905936256.0,3980000000.0,0.0155280864321608,601166
2008-11-11,14.8,15.14,14.6,14.61,43628072.0,647658496.0,3980000000.0,0.0109618271356783,601166
2008-11-12,14.41,15.15,14.36,15.11,38639028.0,574582144.0,3980000000.0,0.0097082984924623,601166
2008-11-13,14.81,16.1,14.4,15.81,72385976.0,1101224192.0,3980000000.0,0.0181874311557788,601166
2008-11-14,15.82,16.08,15.6,15.97,56685528.0,898509696.0,3980000000.0,0.0142425949748743,601166
2008-11-17,15.8,16.25,15.71,16.09,48644852.0,776451520.0,3980000000.0,0.0122223246231155,601166
2008-11-18,15.93,16.31,14.49,14.51,65240568.0,1014489536.0,3980000000.0,0.0163921025125628,601166
2008-11-19,14.61,15.96,14.5,15.81,44601092.0,682395264.0,3980000000.0,0.011206304522613,601166
2008-11-20,15.48,16.09,15.33,15.5,45025152.0,704168000.0,3980000000.0,0.0113128522613065,601166
2008-11-21,14.92,15.92,14.56,15.28,44490488.0,678227200.0,3980000000.0,0.0111785145728643,601166
2008-11-24,15.15,15.28,14.26,14.33,25957576.0,381146272.0,3980000000.0,0.0065220040201005,601166
2008-11-25,14.8,14.88,14.12,14.31,20750044.0,300860288.0,3980000000.0,0.0052135788944723,601166
2008-11-26,14.3,14.63,13.9,14.4,20921516.0,299594272.0,3980000000.0,0.0052566623115577,601166
2008-11-27,15.0,15.55,14.31,14.44,54319640.0,817164416.0,3980000000.0,0.0136481507537688,601166
2008-11-28,14.17,14.35,13.4,13.48,30900646.0,426052608.0,3980000000.0,0.0077639814070351,601166
2008-12-01,13.5,13.89,13.16,13.76,15837017.0,215126160.0,3980000000.0,0.00397915,601166
2008-12-02,13.35,13.99,13.29,13.84,20140416.0,275778944.0,3980000000.0,0.0050604060301507,601166
2008-12-03,14.2,14.74,14.09,14.69,40629356.0,589251072.0,3980000000.0,0.0102083809045226,601166
2008-12-04,14.82,15.8,14.82,15.1,69686424.0,1068033408.0,3980000000.0,0.0175091517587939,601166
2008-12-05,14.95,15.48,14.9,15.38,35621728.0,543353664.0,3980000000.0,0.0089501829145728,601166
2008-12-08,15.55,16.37,15.55,16.33,53031056.0,851662144.0,3980000000.0,0.0133243859296482,601166
2008-12-09,16.35,16.52,15.67,15.78,40066756.0,645763712.0,3980000000.0,0.010067024120603,601166
2008-12-10,15.69,17.36,15.69,17.36,73378224.0,1225341312.0,3980000000.0,0.0184367396984924,601166
2008-12-11,17.08,17.38,16.65,16.88,54209360.0,918389760.0,3980000000.0,0.0136204422110552,601166
2008-12-12,16.66,16.76,15.7,15.84,41290040.0,667736000.0,3980000000.0,0.0103743819095477,601166
2008-12-15,16.26,16.44,15.68,16.15,30600044.0,493668832.0,3980000000.0,0.0076884532663316,601166
2008-12-16,15.8,16.1,15.4,15.98,28002742.0,439633984.0,3980000000.0,0.0070358648241206,601166
2008-12-17,16.09,16.21,15.55,15.99,36805580.0,585631232.0,3980000000.0,0.0092476331658291,601166
2008-12-18,15.8,17.0,15.55,16.83,54621028.0,895589184.0,3980000000.0,0.0137238763819095,601166
2008-12-19,16.56,17.09,16.44,16.5,39844020.0,665951232.0,3980000000.0,0.0100110603015075,601166
2008-12-22,16.54,16.58,15.86,16.39,28663004.0,464008448.0,3980000000.0,0.0072017597989949,601166
2008-12-23,16.1,16.2,15.52,15.56,28118708.0,443899360.0,3980000000.0,0.0070650020100502,601166
2008-12-24,15.31,15.77,15.11,15.23,21340328.0,329558048.0,3980000000.0,0.0053618914572864,601166
2008-12-25,15.35,15.5,14.9,15.0,17674858.0,267525824.0,3980000000.0,0.0044409190954773,601166
2008-12-26,15.02,15.3,14.85,14.91,19806462.0,297592416.0,3980000000.0,0.0049764979899497,601166
2008-12-29,14.81,14.85,14.57,14.75,19609792.0,287955072.0,3980000000.0,0.0049270834170854,601166
2008-12-30,14.8,15.14,14.58,14.71,15352321.0,228370192.0,3980000000.0,0.0038573670854271,601166
2008-12-31,14.86,14.9,14.59,14.6,11577631.0,170711136.0,3980000000.0,0.0029089525125628,601166
2009-01-05,14.87,15.11,14.71,15.07,21347952.0,319317600.0,3980000000.0,0.0053638070351758,601166
2009-01-06,15.2,15.98,15.15,15.75,33063348.0,515753696.0,3980000000.0,0.0083073738693467,601166
2009-01-07,15.78,16.15,15.66,15.69,26732968.0,425180320.0,3980000000.0,0.0067168261306532,601166
2009-01-08,15.3,15.45,14.94,15.01,20103036.0,306014400.0,3980000000.0,0.0050510140703517,601166
2009-01-09,15.05,15.57,15.05,15.38,16460823.0,252288688.0,3980000000.0,0.0041358851758793,601166
2009-01-12,15.32,16.05,15.32,15.64,25682760.0,404780960.0,3980000000.0,0.0064529547738693,601166
2009-01-13,15.0,15.91,14.8,15.53,19541752.0,303429824.0,3980000000.0,0.0049099879396984,601166
2009-01-14,15.5,16.9,15.5,16.72,56203872.0,920563264.0,3980000000.0,0.0141215758793969,601166
2009-01-15,16.48,17.52,16.41,17.08,69657968.0,1192225152.0,3980000000.0,0.0175020020100502,601166
2009-01-16,17.25,18.5,17.25,17.93,75120608.0,1347888512.0,3980000000.0,0.0188745246231155,601166
2009-01-19,18.25,19.2,17.96,18.09,58967568.0,1099329792.0,3980000000.0,0.0148159718592964,601166
2009-01-20,18.0,18.7,17.8,18.68,24025076.0,439843904.0,3980000000.0,0.0060364512562814,601166
2009-01-21,18.29,19.4,17.9,18.88,31286586.0,586912000.0,3980000000.0,0.0078609512562814,601166
2009-01-22,19.07,19.2,18.17,18.72,19521784.0,362786048.0,3980000000.0,0.0049049708542713,601166
2009-01-23,18.59,18.98,18.48,18.68,16377114.0,307314048.0,3980000000.0,0.004114852763819,601166
2009-02-02,18.75,18.79,18.16,18.46,20956196.0,386710848.0,3980000000.0,0.0052653758793969,601166
2009-02-03,18.3,19.47,18.22,19.24,18428056.0,349890752.0,3980000000.0,0.0046301648241206,601166
2009-02-04,19.36,20.46,19.3,20.3,29905088.0,600524672.0,3980000000.0,0.0075138412060301,601166
2009-02-05,20.26,20.7,19.47,19.5,34097172.0,686097600.0,3980000000.0,0.008567128643216,601166
2009-02-06,19.73,20.24,19.7,20.07,26432004.0,527350752.0,3980000000.0,0.0066412070351758,601166
2009-02-09,20.6,20.77,19.95,20.22,22540076.0,457397952.0,3980000000.0,0.0056633356783919,601166
2009-02-10,20.14,20.22,19.35,19.91,28421440.0,564059328.0,3980000000.0,0.0071410653266331,601166
2009-02-11,19.51,20.48,19.19,19.87,46537192.0,913797824.0,3980000000.0,0.0116927618090452,601166
2009-02-12,19.75,19.82,18.6,19.11,36391240.0,694714048.0,3980000000.0,0.0091435276381909,601166
2009-02-13,19.05,19.57,18.95,19.51,38779764.0,747350400.0,3980000000.0,0.0097436592964824,601166
2009-02-16,19.7,20.59,19.68,20.39,63563736.0,1283453312.0,3980000000.0,0.0159707879396984,601166
2009-02-17,20.4,20.65,19.75,19.81,44882252.0,908775808.0,3980000000.0,0.0112769477386934,601166
2009-02-18,19.3,19.58,18.72,18.98,40235680.0,766810176.0,3980000000.0,0.0101094673366834,601166
2009-02-19,19.0,19.37,18.32,18.64,33928712.0,636722496.0,3980000000.0,0.0085248020100502,601166
2009-02-20,18.55,19.06,18.34,18.99,29246706.0,546269376.0,3980000000.0,0.0073484185929648,601166
2009-02-23,18.79,19.9,18.34,19.74,48127016.0,924753216.0,3980000000.0,0.0120922150753768,601166
2009-02-24,19.2,19.35,18.2,18.4,51781220.0,974623552.0,3980000000.0,0.0130103567839195,601166
2009-02-25,18.7,19.51,17.69,19.05,59079952.0,1100275584.0,3980000000.0,0.0148442090452261,601166
2009-02-26,18.75,19.5,18.03,18.28,63920840.0,1221766656.0,3980000000.0,0.016060512562814,601166
2009-02-27,18.3,19.1,18.1,18.47,50638940.0,941895616.0,3980000000.0,0.0127233517587939,601166
2009-03-02,18.4,18.55,17.56,18.12,33635624.0,606875520.0,3980000000.0,0.0084511618090452,601166
2009-03-03,17.59,18.03,17.35,17.57,29001756.0,510144320.0,3980000000.0,0.0072868733668341,601166
2009-03-04,17.62,19.3,17.62,19.17,52383496.0,976540736.0,3980000000.0,0.0131616824120603,601166
2009-03-05,19.25,20.2,19.07,19.5,92276104.0,1810442752.0,3980000000.0,0.0231849507537688,601166
2009-03-06,19.0,20.2,18.91,19.74,52766756.0,1044391296.0,3980000000.0,0.0132579788944723,601166
2009-03-09,20.0,20.6,19.22,19.26,70964160.0,1428376064.0,3980000000.0,0.0178301909547738,601166
2009-03-10,19.0,19.77,18.68,19.75,26040076.0,496386080.0,3980000000.0,0.0065427326633165,601166
2009-03-11,20.4,20.69,19.8,19.87,73464432.0,1494048128.0,3980000000.0,0.0184584,601166
2009-03-12,19.8,19.85,18.8,19.8,40782632.0,788722816.0,3980000000.0,0.0102468924623115,601166
2009-03-13,20.0,20.4,19.62,19.78,42608992.0,856109440.0,3980000000.0,0.0107057768844221,601166
2009-03-16,19.6,21.41,19.23,21.16,71337464.0,1476620544.0,3980000000.0,0.0179239859296482,601166
2009-03-17,20.65,21.73,20.51,21.45,86583896.0,1831809280.0,3980000000.0,0.0217547477386934,601166
2009-03-18,21.6,21.7,21.19,21.29,48737368.0,1046499840.0,3980000000.0,0.0122455698492462,601166
2009-03-19,21.26,21.55,20.91,21.51,36752352.0,781740992.0,3980000000.0,0.0092342592964824,601166
2009-03-20,21.44,21.58,20.63,20.98,31496114.0,661606080.0,3980000000.0,0.007913596482412,601166
2009-03-23,20.85,21.82,20.85,21.66,38439924.0,824017472.0,3980000000.0,0.009658272361809,601166
2009-03-24,22.19,22.35,21.7,21.87,42151496.0,930166400.0,3980000000.0,0.0105908281407035,601166
2009-03-25,21.7,22.49,21.55,21.96,38991744.0,863037440.0,3980000000.0,0.009796920603015,601166
2009-03-26,21.97,22.72,21.97,22.64,48563216.0,1086607360.0,3980000000.0,0.0122018130653266,601166
2009-03-27,22.75,23.56,22.75,22.96,46331088.0,1068749120.0,3980000000.0,0.0116409768844221,601166
2009-03-30,22.92,23.39,22.81,22.86,23316262.0,537062464.0,3980000000.0,0.0058583572864321,601166
2009-03-31,22.3,23.32,21.88,22.98,28689936.0,651984576.0,3980000000.0,0.0072085266331658,601166
2009-04-01,23.1,23.6,22.6,22.9,36583208.0,839596864.0,3980000000.0,0.0091917608040201,601166
2009-04-02,23.1,24.0,23.07,23.65,47956168.0,1130659584.0,3980000000.0,0.012049288442211,601166
2009-04-03,23.99,24.7,23.7,24.15,39989816.0,970431040.0,3980000000.0,0.0100476924623115,601166
2009-04-07,24.18,24.65,23.45,23.72,25125704.0,599963904.0,3980000000.0,0.0063129909547738,601166
2009-04-08,23.6,23.92,22.43,22.47,38027048.0,872995328.0,3980000000.0,0.0095545346733668,601166
2009-04-09,22.5,22.87,21.9,22.85,29438500.0,661440448.0,3980000000.0,0.007396608040201,601166
2009-04-10,23.22,23.34,22.85,23.16,29079016.0,671497664.0,3980000000.0,0.0073062854271356,601166
2009-04-13,23.3,23.55,22.64,23.02,82433616.0,1897383168.0,3980000000.0,0.0207119638190954,601166
2009-04-14,22.85,23.09,22.75,23.0,44132624.0,1011813376.0,3980000000.0,0.0110885989949748,601166
2009-04-15,22.9,23.31,22.68,23.07,37139296.0,854269184.0,3980000000.0,0.0093314814070351,601166
2009-04-16,23.12,23.44,22.5,23.02,36577020.0,842841344.0,3980000000.0,0.0091902060301507,601166
2009-04-17,22.93,23.42,22.67,22.92,31646124.0,729961664.0,3980000000.0,0.0079512874371859,601166
2009-04-20,22.9,23.52,22.9,23.51,34787144.0,812343104.0,3980000000.0,0.008740488442211,601166
2009-04-21,23.2,23.32,22.7,23.05,30866928.0,711365376.0,3980000000.0,0.0077555095477386,601166
2009-04-22,23.35,23.65,22.4,22.43,37228340.0,860086720.0,3980000000.0,0.0093538542713567,601166
2009-04-23,22.3,22.7,22.23,22.55,17275876.0,388687712.0,3980000000.0,0.004340672361809,601166
2009-04-24,22.66,22.88,22.19,22.23,17929522.0,404488224.0,3980000000.0,0.0045049050251256,601166
2009-04-27,22.41,22.5,21.22,21.51,28255462.0,610449024.0,3980000000.0,0.0070993623115577,601166
2009-04-28,21.2,22.27,21.2,22.0,32245284.0,705732608.0,3980000000.0,0.0081018301507537,601166
2009-04-29,22.0,24.2,21.92,23.75,69876776.0,1637653760.0,3980000000.0,0.0175569788944723,601166
2009-04-30,24.01,24.54,23.6,24.29,56611112.0,1370257664.0,3980000000.0,0.0142238974874371,601166
2009-05-04,24.4,25.28,24.15,24.96,32014008.0,791821952.0,3980000000.0,0.008043720603015,601166
2009-05-05,25.51,26.42,25.35,25.62,43239760.0,1119009408.0,3980000000.0,0.0108642613065326,601166
2009-05-06,25.64,26.32,25.45,26.03,30715496.0,798334912.0,3980000000.0,0.0077174613065326,601166
2009-05-07,26.04,27.11,26.04,26.75,52116696.0,1390173312.0,3980000000.0,0.0130946472361809,601166
2009-05-08,26.55,27.9,26.49,27.66,34773092.0,954590208.0,3980000000.0,0.0087369577889447,601166
2009-05-11,28.0,29.57,27.5,27.51,45286864.0,1295938176.0,3980000000.0,0.0113786090452261,601166
2009-05-12,27.27,28.48,27.05,28.39,25083876.0,705945664.0,3980000000.0,0.0063024814070351,601166
2009-05-13,28.6,29.2,28.1,28.31,23836360.0,683966976.0,3980000000.0,0.0059890351758793,601166
2009-05-14,27.98,28.11,27.15,27.6,27355132.0,753521088.0,3980000000.0,0.0068731487437185,601166
2009-05-15,27.75,28.31,27.47,27.71,14236493.0,395917600.0,3980000000.0,0.0035770082914572,601166
2009-05-19,28.15,29.29,28.15,29.15,27225332.0,785469760.0,3980000000.0,0.0068405356783919,601166
2009-05-20,29.15,29.22,28.1,28.34,20475384.0,587888576.0,3980000000.0,0.0051445688442211,601166
2009-05-21,27.88,28.3,26.88,27.54,29992238.0,819856576.0,3980000000.0,0.0075357381909547,601166
2009-05-22,27.1,27.85,26.88,27.21,25390012.0,689487104.0,3980000000.0,0.0063794,601166
2009-05-25,26.39,27.85,26.3,27.48,26344288.0,716677568.0,3980000000.0,0.0066191678391959,601166
2009-05-26,27.58,27.67,27.01,27.06,15319552.0,418239616.0,3980000000.0,0.0038491336683417,601166
2009-05-27,27.3,28.86,27.21,28.44,26280292.0,738657024.0,3980000000.0,0.006603088442211,601166
2009-06-01,28.71,29.6,28.71,29.37,40215536.0,1179618432.0,3980000000.0,0.0101044060301507,601166
2009-06-02,29.5,29.63,29.0,29.18,26177172.0,770727424.0,3980000000.0,0.0065771788944723,601166
2009-06-03,29.11,31.5,29.11,30.97,45549512.0,1393030656.0,3980000000.0,0.0114446010050251,601166
2009-06-04,30.89,31.85,30.5,31.53,41737648.0,1308511872.0,3980000000.0,0.0104868462311557,601166
2009-06-05,31.78,32.1,31.2,31.44,18221644.0,577236480.0,3980000000.0,0.0045783025125628,601166
2009-06-08,31.21,32.5,30.78,31.51,26265932.0,836186752.0,3980000000.0,0.00659948040201,601166
2009-06-09,31.51,31.9,30.38,31.51,22190000.0,688169856.0,3980000000.0,0.0055753768844221,601166
2009-06-10,31.4,32.1,31.01,31.33,15428059.0,487718336.0,3980000000.0,0.0038763967336683,601166
2009-06-11,30.8,31.3,30.39,30.87,15120518.0,467911968.0,3980000000.0,0.0037991251256281,601166
2009-06-12,30.72,31.35,30.0,30.21,21466046.0,655778112.0,3980000000.0,0.0053934788944723,601166
2009-06-15,30.28,31.6,29.9,31.51,24970736.0,776949568.0,3980000000.0,0.0062740542713567,601166
2009-06-16,31.06,32.25,31.06,31.55,17675564.0,563528640.0,3980000000.0,0.004441096482412,601166
2009-06-17,31.58,32.51,30.59,32.34,22595072.0,712954432.0,3980000000.0,0.0056771537688442,601166
2009-06-18,32.35,34.1,32.35,33.65,27655168.0,930338048.0,3980000000.0,0.0069485346733668,601166
2009-06-19,33.53,34.34,33.5,33.83,11228489.0,380752128.0,3980000000.0,0.0028212283919597,601166
2009-06-22,34.1,34.86,33.85,33.88,18156882.0,623458240.0,3980000000.0,0.0045620306532663,601166
2009-06-23,33.13,35.5,33.13,34.74,28222404.0,974244096.0,3980000000.0,0.007091056281407,601166
2009-06-24,34.58,35.25,34.0,34.99,18064828.0,627289664.0,3980000000.0,0.0045389015075376,601166
2009-06-25,34.93,35.49,34.65,35.2,14350553.0,504479488.0,3980000000.0,0.0036056665829145,601166
2009-06-26,35.08,36.14,35.06,35.97,17908380.0,637687808.0,3980000000.0,0.0044995929648241,601166
2009-06-29,36.0,37.35,35.97,37.33,17050848.0,629823104.0,3980000000.0,0.0042841326633165,601166
2009-06-30,37.5,37.69,36.44,37.11,19863184.0,734683776.0,3980000000.0,0.0049907497487437,601166
2009-07-01,36.91,38.96,36.91,38.9,22846476.0,873011776.0,3980000000.0,0.005740320603015,601166
2009-07-02,39.2,40.0,38.61,39.58,21945204.0,865461504.0,3980000000.0,0.0055138703517587,601166
2009-07-03,39.35,39.85,39.05,39.52,18596628.0,731897728.0,3980000000.0,0.0046725195979899,601166
2009-07-06,39.52,40.0,39.0,39.27,21610124.0,850713856.0,3980000000.0,0.0054296793969849,601166
2009-07-07,39.25,39.58,37.27,37.41,32611798.0,1242292352.0,3980000000.0,0.0081939190954773,601166
2009-07-08,36.98,37.49,36.0,37.1,40975720.0,1494872832.0,3980000000.0,0.0102954070351758,601166
2009-07-09,36.9,37.84,36.45,37.38,22197042.0,822457984.0,3980000000.0,0.0055771462311557,601166
2009-07-10,37.22,37.68,36.96,37.13,13355404.0,497996160.0,3980000000.0,0.0033556291457286,601166
2009-07-13,36.9,37.04,36.0,36.02,23975644.0,872377984.0,3980000000.0,0.0060240311557788,601166
2009-07-14,36.3,37.7,36.3,37.44,31474636.0,1173330176.0,3980000000.0,0.0079082,601166
2009-07-15,37.54,38.35,37.0,37.39,22710078.0,852505536.0,3980000000.0,0.0057060497487437,601166
2009-07-16,38.1,39.77,37.5,39.38,43050944.0,1670318208.0,3980000000.0,0.0108168201005025,601166
2009-07-17,39.45,39.6,38.65,38.81,23489816.0,915341888.0,3980000000.0,0.0059019638190954,601166
2009-07-20,39.0,39.4,38.25,39.02,19226576.0,745391296.0,3980000000.0,0.0048307979899497,601166
2009-07-21,39.06,39.98,38.65,38.69,21223740.0,834720064.0,3980000000.0,0.0053325979899497,601166
2009-07-22,38.6,39.39,38.09,38.89,22123660.0,852908672.0,3980000000.0,0.0055587085427135,601166
2009-07-23,38.83,39.97,38.2,39.39,27589944.0,1081840896.0,3980000000.0,0.0069321467336683,601166
2009-07-24,39.5,39.9,38.71,38.99,20462586.0,802371264.0,3980000000.0,0.0051413532663316,601166
2009-07-27,39.02,40.88,39.02,40.56,29764040.0,1201438848.0,3980000000.0,0.0074784020100502,601166
2009-07-28,40.68,40.94,40.0,40.36,17622900.0,713212736.0,3980000000.0,0.004427864321608,601166
2009-07-29,40.5,42.35,37.58,39.85,44234158.0,1805889880.0,3980000000.0,0.0111141100502512,601166
2009-07-30,41.0,42.8,40.2,42.35,42630824.0,1787292032.0,3980000000.0,0.0107112623115577,601166
2009-07-31,42.6,43.48,41.8,42.97,26269876.0,1120370048.0,3980000000.0,0.0066004713567839,601166
2009-08-03,43.04,43.35,42.26,42.79,20461322.0,875096704.0,3980000000.0,0.0051410356783919,601166
2009-08-04,43.28,43.3,41.3,41.47,25288828.0,1058171072.0,3980000000.0,0.0063539768844221,601166
2009-08-05,41.45,41.45,39.6,39.91,32406788.0,1301812224.0,3980000000.0,0.0081424090452261,601166
2009-08-06,39.6,40.32,38.5,39.14,21394818.0,843821504.0,3980000000.0,0.0053755824120603,601166
2009-08-07,38.95,39.8,38.9,39.17,21660830.0,849805504.0,3980000000.0,0.0054424195979899,601166
2009-08-10,39.66,39.9,38.35,38.44,21293956.0,832211008.0,3980000000.0,0.005350240201005,601166
2009-08-11,38.85,38.85,37.87,38.05,16821060.0,641209920.0,3980000000.0,0.0042263969849246,601166
2009-08-12,37.97,38.1,36.0,36.22,34782812.0,1285494656.0,3980000000.0,0.0087394,601166
2009-08-13,36.18,37.69,35.85,37.19,36569268.0,1343544448.0,3980000000.0,0.0091882582914572,601166
2009-08-14,37.21,38.0,36.62,36.91,25149636.0,938106752.0,3980000000.0,0.0063190040201005,601166
2009-08-17,36.2,37.8,35.06,35.7,35117316.0,1279570304.0,3980000000.0,0.0088234462311557,601166
2009-08-18,35.52,36.7,34.7,36.14,24835908.0,890209024.0,3980000000.0,0.0062401778894472,601166
2009-08-19,36.2,37.15,34.0,34.18,23570846.0,845522368.0,3980000000.0,0.0059223231155778,601166
2009-08-20,34.33,37.08,34.33,36.32,28818740.0,1025570816.0,3980000000.0,0.0072408894472361,601166
2009-08-21,36.4,38.6,35.81,37.3,34184148.0,1280134272.0,3980000000.0,0.0085889819095477,601166
2009-08-24,37.8,37.8,36.2,36.65,22645318.0,832115712.0,3980000000.0,0.0056897783919597,601166
2009-08-25,36.5,36.5,32.99,34.04,58709604.0,2001588992.0,3980000000.0,0.0147511567839195,601166
2009-08-26,34.0,34.69,32.57,33.84,35021780.0,1183151232.0,3980000000.0,0.0087994422110552,601166
2009-08-27,33.5,34.08,32.7,32.89,30238056.0,1008498688.0,3980000000.0,0.0075975015075376,601166
2009-08-28,32.9,33.28,30.1,30.97,43383532.0,1349614464.0,3980000000.0,0.0109003849246231,601166
2009-08-31,30.4,30.4,27.87,27.88,48822500.0,1404788096.0,3980000000.0,0.0122669597989949,601166
2009-09-01,27.82,29.87,27.82,28.96,41277528.0,1193718016.0,3980000000.0,0.0103712381909547,601166
2009-09-02,28.47,31.3,28.1,31.24,49519376.0,1497243904.0,3980000000.0,0.0124420542713567,601166
2009-09-03,31.29,33.0,30.92,32.6,52508716.0,1700142336.0,3980000000.0,0.013193144723618,601166
2009-09-04,32.65,33.65,32.18,32.91,30974858.0,1023628032.0,3980000000.0,0.0077826276381909,601166
2009-09-07,33.05,34.41,32.98,33.27,34651376.0,1176666112.0,3980000000.0,0.0087063758793969,601166
2009-09-08,32.9,33.9,32.6,33.77,23055312.0,770185856.0,3980000000.0,0.0057927919597989,601166
2009-09-09,34.06,34.78,33.78,34.04,19832452.0,678148672.0,3980000000.0,0.0049830281407035,601166
2009-09-10,33.8,34.4,33.41,34.02,16466702.0,558030912.0,3980000000.0,0.0041373623115577,601166
2009-09-11,34.02,36.67,33.9,36.27,28505188.0,1008131328.0,3980000000.0,0.0071621075376884,601166
2009-09-14,36.4,36.96,35.58,36.6,26376136.0,953179712.0,3980000000.0,0.0066271698492462,601166
2009-09-15,36.48,36.97,35.81,36.46,20073868.0,729310464.0,3980000000.0,0.0050436854271356,601166
2009-09-16,35.69,36.25,34.51,35.56,32166956.0,1136320512.0,3980000000.0,0.0080821497487437,601166
2009-09-17,35.7,36.4,35.5,35.62,32885966.0,1179841920.0,3980000000.0,0.0082628055276381,601166
2009-09-18,35.77,35.85,33.38,33.92,32778288.0,1133302400.0,3980000000.0,0.0082357507537688,601166
2009-09-21,33.26,34.0,32.2,33.19,28218656.0,927531712.0,3980000000.0,0.0070901145728643,601166
2009-09-22,33.18,33.2,31.7,32.02,31076460.0,1008967168.0,3980000000.0,0.0078081557788944,601166
2009-09-23,32.0,32.9,31.84,32.29,28512628.0,921670976.0,3980000000.0,0.0071639768844221,601166
2009-09-24,32.01,34.85,31.61,34.05,44180704.0,1475423360.0,3980000000.0,0.0111006793969849,601166
2009-09-25,33.7,34.0,32.75,33.42,24303260.0,813458368.0,3980000000.0,0.0061063467336683,601166
2009-09-28,33.25,33.77,31.66,31.97,15866206.0,520089088.0,3980000000.0,0.0039864839195979,601166
2009-09-29,32.0,33.4,31.88,33.15,24091128.0,791365824.0,3980000000.0,0.0060530472361809,601166
2009-09-30,33.5,34.22,33.28,33.79,20906804.0,709028736.0,3980000000.0,0.0052529658291457,601166
2009-10-09,34.6,36.1,34.6,36.02,28834670.0,1023671552.0,3980000000.0,0.0072448919597989,601166
2009-10-12,36.41,37.08,36.0,36.3,29849812.0,1087694848.0,3980000000.0,0.007499952763819,601166
2009-10-13,36.0,37.22,35.81,37.07,24860014.0,914411712.0,3980000000.0,0.0062462346733668,601166
2009-10-14,37.18,37.71,36.8,37.05,23454624.0,875241664.0,3980000000.0,0.0058931216080402,601166
2009-10-15,37.55,38.31,37.5,37.56,17466274.0,663070208.0,3980000000.0,0.0043885110552763,601166
2009-10-16,37.8,37.91,36.38,37.07,16815788.0,619595072.0,3980000000.0,0.004225072361809,601166
2009-10-19,37.13,38.36,36.33,37.87,23586992.0,887435200.0,3980000000.0,0.0059263798994974,601166
2009-10-20,38.1,39.4,38.1,38.7,25557984.0,988832640.0,3980000000.0,0.0064216040201005,601166
2009-10-21,38.64,39.42,38.31,38.8,20649526.0,805649920.0,3980000000.0,0.0051883231155778,601166
2009-10-22,38.7,39.0,38.22,38.32,14932970.0,576758720.0,3980000000.0,0.0037520025125628,601166
2009-10-23,38.45,39.66,38.45,39.29,20273032.0,797362176.0,3980000000.0,0.0050937266331658,601166
2009-10-26,39.58,39.59,38.85,39.19,14076755.0,551470592.0,3980000000.0,0.0035368731155778,601166
2009-10-27,38.8,39.1,37.71,37.75,15363260.0,589726848.0,3980000000.0,0.0038601155778894,601166
2009-10-28,37.61,38.2,36.75,37.6,16540965.0,618277952.0,3980000000.0,0.0041560213567839,601166
2009-10-29,36.7,37.64,36.37,36.78,13941042.0,515459136.0,3980000000.0,0.0035027743718592,601166
2009-10-30,37.7,38.11,37.18,37.28,13258617.0,498615296.0,3980000000.0,0.0033313108040201,601166
2009-11-02,36.68,40.2,36.51,40.09,27671100.0,1078425472.0,3980000000.0,0.0069525376884422,601166
2009-11-03,40.19,40.7,39.9,40.58,24222052.0,979088704.0,3980000000.0,0.0060859427135678,601166
2009-11-04,40.5,41.45,40.21,40.77,23094932.0,945862208.0,3980000000.0,0.0058027467336683,601166
2009-11-05,40.7,41.0,39.91,40.33,16199126.0,654713984.0,3980000000.0,0.004070132160804,601166
2009-11-06,40.88,41.24,40.36,40.48,14795873.0,603201792.0,3980000000.0,0.0037175560301507,601166
2009-11-09,40.55,40.69,39.7,40.27,15172739.0,608293312.0,3980000000.0,0.0038122459798994,601166
2009-11-10,40.49,41.09,40.45,40.61,18603386.0,758252992.0,3980000000.0,0.0046742175879396,601166
2009-11-11,40.4,40.67,38.27,39.25,19700832.0,788371072.0,3980000000.0,0.0049499577889447,601166
2009-11-12,39.95,40.3,39.45,39.71,15842348.0,631825024.0,3980000000.0,0.0039804894472361,601166
2009-11-13,39.41,40.25,39.3,40.23,17041910.0,677832064.0,3980000000.0,0.0042818869346733,601166
2009-11-16,40.58,41.65,40.58,41.63,22239146.0,915656128.0,3980000000.0,0.0055877251256281,601166
2009-11-17,41.69,42.5,41.5,41.73,23287672.0,979895488.0,3980000000.0,0.0058511738693467,601166
2009-11-18,41.71,41.98,41.01,41.35,11270613.0,467710304.0,3980000000.0,0.0028318123115577,601166
2009-11-19,41.55,41.7,40.4,40.83,18760796.0,765315072.0,3980000000.0,0.0047137678391959,601166
2009-11-20,40.51,40.77,39.8,40.17,25006212.0,1005067648.0,3980000000.0,0.0062829678391959,601166
2009-11-23,40.1,41.13,40.0,40.5,24842100.0,1005742720.0,3980000000.0,0.0062417336683417,601166
2009-11-24,40.75,40.98,39.6,39.68,27341576.0,1103643520.0,3980000000.0,0.0068697427135678,601166
2009-11-25,39.82,40.49,39.01,40.05,27462304.0,1085809536.0,3980000000.0,0.0069000763819095,601166
2009-11-26,39.91,40.02,37.37,37.8,47353976.0,1823603456.0,3980000000.0,0.0118979839195979,601166
2009-11-27,37.5,38.01,36.75,37.23,29489490.0,1097266048.0,3980000000.0,0.0074094195979899,601166
2009-11-30,37.98,38.52,37.51,38.42,25879664.0,983702144.0,3980000000.0,0.0065024281407035,601166
2009-12-01,38.0,38.35,37.0,38.18,33951316.0,1281041024.0,3980000000.0,0.0085304814070351,601166
2009-12-02,38.38,39.25,37.95,38.51,29918698.0,1156817408.0,3980000000.0,0.0075172608040201,601166
2009-12-03,38.43,38.43,37.47,37.77,23026470.0,870721280.0,3980000000.0,0.0057855452261306,601166
2009-12-04,37.6,40.1,37.1,39.97,61601604.0,2391132416.0,3980000000.0,0.0154777899497487,601166
2009-12-07,39.94,40.82,39.51,40.28,35631420.0,1432821632.0,3980000000.0,0.0089526180904522,601166
2009-12-09,39.1,39.75,38.68,38.99,26393918.0,1036239360.0,3980000000.0,0.0066316376884422,601166
2009-12-10,39.55,39.99,39.13,39.24,14761860.0,582805376.0,3980000000.0,0.0037090100502512,601166
2009-12-11,39.55,40.15,39.17,39.53,13971900.0,555773248.0,3980000000.0,0.0035105276381909,601166
2009-12-14,39.4,41.5,38.7,41.09,33870648.0,1365853952.0,3980000000.0,0.0085102130653266,601166
2009-12-15,40.6,41.65,40.51,41.07,29860254.0,1229461120.0,3980000000.0,0.0075025763819095,601166
2009-12-16,40.52,41.83,40.43,40.52,16294848.0,668697408.0,3980000000.0,0.0040941829145728,601166
2009-12-17,40.53,41.2,39.5,40.04,19484354.0,782506944.0,3980000000.0,0.0048955663316582,601166
2009-12-18,39.55,40.16,39.0,39.33,20399312.0,805971136.0,3980000000.0,0.0051254552763819,601166
2009-12-21,39.4,39.8,37.51,38.32,22831732.0,873475712.0,3980000000.0,0.005736616080402,601166
2009-12-22,38.38,38.55,36.9,37.2,17864864.0,671561152.0,3980000000.0,0.0044886592964824,601166
2009-12-23,37.2,37.44,36.3,37.21,21700000.0,797665024.0,3980000000.0,0.0054522613065326,601166
2009-12-24,37.18,38.4,36.51,38.03,19892280.0,750863744.0,3980000000.0,0.0049980603015075,601166
2009-12-25,37.8,38.25,37.15,37.29,12967689.0,486367712.0,3980000000.0,0.0032582133165829,601166
2009-12-28,37.2,38.5,37.2,38.19,17565710.0,671307840.0,3980000000.0,0.0044134949748743,601166
2009-12-29,38.19,39.0,37.93,38.95,16775171.0,642389824.0,3980000000.0,0.0042148670854271,601166
2009-12-30,38.95,40.72,38.69,40.26,35001348.0,1408787968.0,3980000000.0,0.0087943085427135,601166
2009-12-31,40.26,40.7,39.9,40.31,21159224.0,852331520.0,3980000000.0,0.0053163879396984,601166
2010-01-04,40.65,40.65,38.9,38.94,19908894.0,785835008.0,3980000000.0,0.0050022346733668,601166
2010-01-05,39.0,39.25,37.43,38.19,42110796.0,1606410112.0,3980000000.0,0.0105806020100502,601166
2010-01-06,37.95,38.0,37.27,37.79,44546417.0,1672890911.0,3980000000.0,0.0111925670854271,601166
2010-01-07,37.99,38.29,37.4,37.97,34736616.0,1313169664.0,3980000000.0,0.0087277929648241,601166
2010-01-08,37.75,38.07,37.45,37.98,20886444.0,788698496.0,3980000000.0,0.0052478502512562,601166
2010-01-11,39.58,39.79,37.05,37.23,43939952.0,1668237568.0,3980000000.0,0.0110401889447236,601166
2010-01-12,37.3,37.3,35.75,36.85,55729985.0,2019887932.0,3980000000.0,0.0140025087939698,601166
2010-01-13,35.7,35.7,34.1,34.45,83594864.0,2908256768.0,3980000000.0,0.0210037346733668,601166
2010-01-14,34.55,34.79,33.86,34.45,42726280.0,1461909760.0,3980000000.0,0.0107352462311557,601166
2010-01-15,34.43,34.99,34.05,34.59,33934320.0,1169779200.0,3980000000.0,0.0085262110552763,601166
2010-01-18,34.49,34.58,33.85,34.52,34762704.0,1187377792.0,3980000000.0,0.0087343477386934,601166
2010-01-19,34.52,35.45,34.35,34.91,45913112.0,1609405824.0,3980000000.0,0.0115359577889447,601166
2010-01-20,35.0,35.08,33.38,33.71,35555412.0,1211248384.0,3980000000.0,0.008933520603015,601166
2010-01-21,33.73,34.8,33.73,34.39,35888976.0,1227942656.0,3980000000.0,0.0090173306532663,601166
2010-01-22,33.9,35.35,33.6,35.16,53961832.0,1861076224.0,3980000000.0,0.0135582492462311,601166
2010-01-25,34.6,35.41,34.38,34.61,26156824.0,913662272.0,3980000000.0,0.0065720663316582,601166
2010-01-26,34.65,34.88,33.6,33.83,29757712.0,1013870272.0,3980000000.0,0.0074768120603015,601166
2010-01-27,33.91,34.0,32.58,32.7,25861712.0,856398144.0,3980000000.0,0.0064979175879396,601166
2010-01-28,32.66,32.8,31.96,32.33,21368392.0,691527104.0,3980000000.0,0.0053689427135678,601166
2010-01-29,32.1,32.72,31.91,32.16,25628404.0,830432704.0,3980000000.0,0.0064392974874371,601166
2010-02-01,32.01,32.1,31.0,31.51,25364828.0,795647744.0,3980000000.0,0.006373072361809,601166
2010-02-02,31.75,33.21,31.73,32.13,33503890.0,1091125120.0,3980000000.0,0.0084180628140703,601166
2010-02-03,32.47,33.72,31.95,33.67,33659532.0,1110333056.0,3980000000.0,0.0084571688442211,601166
2010-02-04,33.29,33.84,33.13,33.56,20356240.0,681608832.0,3980000000.0,0.0051146331658291,601166
2010-02-05,32.8,33.8,32.62,33.52,19043160.0,635468672.0,5000000000.0,0.003808632,601166
2010-02-08,33.58,33.85,32.81,32.94,11235307.0,373204736.0,5000000000.0,0.0022470614,601166
2010-02-09,33.01,33.52,32.88,33.3,9148527.0,304098816.0,5000000000.0,0.0018297054,601166
2010-02-10,33.6,34.04,33.48,33.89,12934507.0,437527040.0,5000000000.0,0.0025869014,601166
2010-02-11,33.88,34.04,33.58,33.61,9633160.0,326183264.0,5000000000.0,0.001926632,601166
2010-02-12,33.91,34.32,33.61,34.08,11989541.0,408748064.0,5000000000.0,0.0023979082,601166
2010-02-22,33.73,34.24,33.71,33.78,10561301.0,358780992.0,5000000000.0,0.0021122602,601166
2010-02-23,33.7,33.97,32.45,33.08,17298142.0,570169408.0,5000000000.0,0.0034596284,601166
2010-02-24,32.88,33.53,32.5,33.5,18382936.0,604236672.0,5000000000.0,0.0036765872,601166
2010-02-25,33.51,34.65,33.45,34.3,23415508.0,804334592.0,5000000000.0,0.0046831016,601166
2010-02-26,34.29,34.86,34.02,34.69,19711832.0,682001920.0,5000000000.0,0.0039423664,601166
2010-03-01,34.7,35.88,34.7,35.52,23675620.0,838665024.0,5000000000.0,0.004735124,601166
2010-03-02,35.55,36.1,35.33,35.58,19496104.0,694536512.0,5000000000.0,0.0038992208,601166
2010-03-03,35.59,35.74,35.18,35.65,16679481.0,591124160.0,5000000000.0,0.0033358962,601166
2010-03-04,35.5,35.6,34.76,34.8,23207848.0,816417344.0,5000000000.0,0.0046415696,601166
2010-03-05,34.8,35.08,34.57,34.89,14202574.0,495715936.0,5000000000.0,0.0028405148,601166
2010-03-08,34.91,35.98,34.91,35.7,18355926.0,652623360.0,5000000000.0,0.0036711852,601166
2010-03-09,35.7,36.66,35.19,36.38,25186460.0,911360704.0,5000000000.0,0.005037292,601166
2010-03-10,36.36,36.85,35.6,35.71,20398346.0,740096064.0,5000000000.0,0.0040796692,601166
2010-03-11,35.76,36.38,35.66,36.0,17488200.0,630223424.0,5000000000.0,0.00349764,601166
2010-03-12,35.98,36.18,35.19,35.26,12347769.0,440898784.0,5000000000.0,0.0024695538,601166
2010-03-15,35.2,35.4,34.3,34.41,10876676.0,376672928.0,5000000000.0,0.0021753352,601166
2010-03-16,34.4,35.47,34.39,35.4,12494506.0,434382720.0,5000000000.0,0.0024989012,601166
2010-03-17,35.37,36.1,35.03,35.99,13449227.0,479378496.0,5000000000.0,0.0026898454,601166
2010-03-18,36.0,36.29,35.44,35.58,13636469.0,488655232.0,5000000000.0,0.0027272938,601166
2010-03-19,35.6,35.85,35.29,35.69,11416769.0,405443168.0,5000000000.0,0.0022833538,601166
2010-03-22,35.79,36.55,35.68,35.98,21370376.0,771899264.0,5000000000.0,0.0042740752,601166
2010-03-23,36.05,36.2,35.6,35.66,13525386.0,485568544.0,5000000000.0,0.0027050772,601166
2010-03-24,35.75,36.08,35.61,35.7,12138696.0,434123648.0,5000000000.0,0.0024277392,601166
2010-03-25,35.58,35.6,34.86,34.9,11793433.0,413614208.0,5000000000.0,0.0023586866,601166
2010-03-29,35.9,37.19,35.72,37.15,46337324.0,1698482560.0,5000000000.0,0.0092674648,601166
2010-03-30,37.14,37.47,36.88,37.27,22513370.0,835738880.0,5000000000.0,0.004502674,601166
2010-03-31,37.2,37.34,36.57,36.92,17061396.0,628002560.0,5000000000.0,0.0034122792,601166
2010-04-01,36.92,37.12,36.6,37.05,22936026.0,846364288.0,5000000000.0,0.0045872052,601166
2010-04-02,37.1,37.15,36.63,36.79,17282242.0,636641472.0,5000000000.0,0.0034564484,601166
2010-04-06,37.02,37.9,36.82,37.02,21255352.0,792399616.0,5000000000.0,0.0042510704,601166
2010-04-07,36.98,36.99,36.3,36.71,14396637.0,527027488.0,5000000000.0,0.0028793274,601166
2010-04-08,36.67,36.67,35.45,35.74,27339400.0,982565376.0,5000000000.0,0.00546788,601166
2010-04-09,35.72,36.35,35.72,36.27,18671122.0,671512192.0,5000000000.0,0.0037342244,601166
2010-04-12,35.89,35.94,33.9,34.1,43252028.0,1495118720.0,5000000000.0,0.0086504056,601166
2010-04-13,34.14,35.07,34.14,34.9,24032298.0,832480000.0,5000000000.0,0.0048064596,601166
2010-04-14,34.88,35.27,34.4,34.82,17182096.0,598700480.0,5000000000.0,0.0034364192,601166
2010-04-15,35.04,35.1,34.05,34.88,27523788.0,948345536.0,5000000000.0,0.0055047576,601166
2010-04-16,34.6,34.6,33.73,33.79,33417300.0,1136250112.0,5000000000.0,0.00668346,601166
2010-04-19,32.95,32.95,30.85,31.08,79849832.0,2522452224.0,5000000000.0,0.0159699664,601166
2010-04-20,31.16,31.3,29.56,30.33,59872844.0,1808299648.0,5000000000.0,0.0119745688,601166
2010-04-21,30.37,30.81,29.7,30.74,42939444.0,1299538816.0,5000000000.0,0.0085878888,601166
2010-04-22,30.4,30.4,29.22,29.48,57644600.0,1709973888.0,5000000000.0,0.01152892,601166
2010-04-23,29.54,29.85,28.91,29.51,42006408.0,1236896256.0,5000000000.0,0.0084012816,601166
2010-04-26,29.53,29.82,29.07,29.23,25908426.0,763818176.0,5000000000.0,0.0051816852,601166
2010-04-27,29.0,29.43,28.28,28.85,31594776.0,914490304.0,5000000000.0,0.0063189552,601166
2010-04-28,28.6,28.92,27.99,28.73,37217168.0,1059694912.0,5000000000.0,0.0074434336,601166
2010-04-29,29.13,29.77,28.71,28.74,51480476.0,1504055424.0,5000000000.0,0.0102960952,601166
2010-04-30,29.1,29.96,28.8,29.87,49787120.0,1461343104.0,5000000000.0,0.009957424,601166
2010-05-04,29.28,29.53,28.6,28.98,41087700.0,1196510592.0,5000000000.0,0.00821754,601166
2010-05-05,28.65,29.44,28.48,29.42,36126280.0,1045674944.0,5000000000.0,0.007225256,601166
2010-05-06,29.1,29.2,27.48,27.56,44668824.0,1259285760.0,5000000000.0,0.0089337648,601166
2010-05-07,27.0,27.8,26.6,26.87,38432580.0,1041442752.0,5000000000.0,0.007686516,601166
2010-05-10,27.06,27.88,26.93,27.53,37589656.0,1027520448.0,5000000000.0,0.0075179312,601166
2010-05-11,28.28,28.35,26.38,26.58,54944360.0,1512545920.0,5000000000.0,0.010988872,601166
2010-05-12,26.3,27.59,26.15,27.48,44065392.0,1191270528.0,5000000000.0,0.0088130784,601166
2010-05-13,27.25,28.48,27.2,28.24,49251112.0,1380313728.0,5000000000.0,0.0098502224,601166
2010-05-14,28.0,28.04,27.6,27.92,26043442.0,724461248.0,5000000000.0,0.0052086884,601166
2010-05-17,27.58,27.65,26.61,26.68,25536180.0,688972864.0,5000000000.0,0.005107236,601166
2010-05-18,26.87,28.31,26.73,28.03,46079660.0,1268606464.0,5000000000.0,0.009215932,601166
2010-05-19,27.73,28.41,27.5,27.83,31461204.0,878316608.0,5000000000.0,0.0062922408,601166
2010-05-20,27.39,27.99,26.87,27.01,37154608.0,1013376960.0,5000000000.0,0.0074309216,601166
2010-05-21,26.32,27.39,26.21,27.19,34595396.0,929764992.0,5000000000.0,0.0069190792,601166
2010-05-24,27.45,28.48,27.35,28.06,69802064.0,1953741568.0,5000000000.0,0.0139604128,601166
2010-06-02,24.4,25.02,24.31,24.86,39893864.0,983902528.0,5000000000.0,0.0079787728,601166
2010-06-03,24.88,25.14,24.51,24.53,26955638.0,667266880.0,5000000000.0,0.0053911276,601166
2010-06-04,24.33,24.5,23.91,24.15,22894792.0,553876288.0,5000000000.0,0.0045789584,601166
2010-06-07,23.65,23.65,23.06,23.18,33716644.0,786279488.0,5000000000.0,0.0067433288,601166
2010-06-08,23.1,23.32,22.54,22.87,36483280.0,837907264.0,5992450630.0,0.0060882070212399,601166
2010-06-09,23.06,24.32,22.55,24.12,74929512.0,1767597696.0,5992450630.0,0.0125039848680405,601166
2010-06-10,23.6,23.73,23.09,23.2,45092164.0,1054096768.0,5992450630.0,0.0075248286192388,601166
2010-06-11,23.35,23.79,23.2,23.27,31831910.0,746202688.0,5992450630.0,0.0053120020448128,601166
2010-06-17,23.5,23.7,23.2,23.36,28711592.0,673902080.0,5992450630.0,0.0047912938750402,601166
2010-06-18,23.33,23.89,23.1,23.37,41731548.0,984195776.0,5992450630.0,0.0069640203276902,601166
2010-06-21,23.6,25.1,23.5,24.7,71496512.0,1743903616.0,5992450630.0,0.0119310973781022,601166
2010-06-22,24.6,24.95,24.52,24.67,30835044.0,762601728.0,5992450630.0,0.005145648400611,601166
2010-06-23,24.45,24.59,23.95,24.3,27647124.0,669994816.0,5992450630.0,0.00461365903652,601166
2010-06-24,24.18,24.74,23.96,24.33,23704064.0,577081280.0,5992450630.0,0.0039556544498389,601166
2010-06-25,24.16,24.62,24.01,24.29,23537472.0,572087296.0,5992450630.0,0.0039278541373648,601166
2010-06-28,24.35,24.81,24.15,24.58,31396116.0,771784192.0,5992450630.0,0.0052392782082878,601166
2010-06-29,24.6,24.69,23.13,23.2,39016120.0,927606848.0,5992450630.0,0.0065108788388966,601166
2010-06-30,22.91,23.32,22.71,23.03,25081302.0,579616576.0,5992450630.0,0.0041854832936687,601166
2010-07-01,23.05,23.08,22.62,22.7,20326876.0,463939264.0,5992450630.0,0.0033920806786855,601166
2010-07-02,22.65,23.07,22.26,22.98,24432868.0,553452608.0,5992450630.0,0.0040772748093545,601166
2010-07-05,22.65,23.03,22.32,22.73,22190772.0,501527872.0,5992450630.0,0.0037031213722323,601166
2010-07-06,22.6,23.33,22.5,23.26,32209828.0,741857344.0,5992450630.0,0.0053750677291771,601166
2010-07-07,23.18,23.4,23.01,23.34,17343900.0,402033760.0,5992450630.0,0.0028942916797964,601166
2010-07-08,23.59,24.14,23.52,23.69,34425592.0,822284032.0,5992450630.0,0.0057448269707313,601166
2010-07-09,23.8,25.2,23.45,24.87,45979460.0,1130639616.0,5992450630.0,0.0076728975904804,601166
2010-07-12,24.9,25.6,24.7,25.19,46310608.0,1169458432.0,5992450630.0,0.0077281584545987,601166
2010-07-13,24.98,25.01,24.4,24.78,28711908.0,709815936.0,5992450630.0,0.004791346608057,601166
2010-07-14,24.87,25.61,24.85,25.3,39142672.0,991270336.0,5992450630.0,0.0065319974108822,601166
2010-07-15,25.28,25.8,24.61,24.64,31045558.0,782569536.0,5992450630.0,0.005180778268673,601166
2010-07-16,24.55,24.8,24.14,24.52,23412920.0,572559296.0,5992450630.0,0.0039070693186503,601166
2010-07-19,24.25,25.73,24.16,25.58,44965140.0,1131733632.0,5992450630.0,0.0075036312814812,601166
2010-07-20,25.55,26.39,25.48,25.99,50654344.0,1318437632.0,5992450630.0,0.0084530265041165,601166
2010-07-21,26.03,26.13,25.79,25.95,26507428.0,687199296.0,5992450630.0,0.0044234704024587,601166
2010-07-22,25.86,26.61,25.82,26.55,34139936.0,899346624.0,5992450630.0,0.0056971576585187,601166
2010-07-23,26.64,27.1,26.44,26.72,43847436.0,1173750912.0,5992450630.0,0.0073171125983894,601166
2010-07-26,26.75,26.9,26.16,26.5,30339568.0,804693760.0,5992450630.0,0.0050629650327215,601166
2010-07-27,26.4,26.47,26.01,26.12,24308920.0,636896192.0,5992450630.0,0.0040565907841279,601166
2010-07-28,26.24,27.24,26.1,27.18,45565068.0,1222116480.0,5992450630.0,0.0076037452477101,601166
2010-07-29,27.22,27.45,26.88,27.09,46303220.0,1257256320.0,5992450630.0,0.007726925570015,601166
2010-07-30,26.98,27.1,26.61,26.92,22837904.0,613033216.0,5992450630.0,0.0038111125831669,601166
2010-08-02,26.92,27.88,26.88,27.76,35645868.0,981833920.0,5992450630.0,0.0059484625240875,601166
2010-08-03,27.78,27.85,27.0,27.05,27248634.0,750576000.0,5992450630.0,0.0045471603660087,601166
2010-08-04,27.01,27.2,26.39,27.04,33757704.0,905865280.0,5992450630.0,0.0056333720683486,601166
2010-08-05,27.05,27.08,26.08,26.34,35454856.0,938896704.0,5992450630.0,0.0059165870841726,601166
2010-08-06,26.29,26.76,25.85,26.61,37070472.0,975740544.0,5992450630.0,0.0061861956466381,601166
2010-08-09,26.46,27.25,26.28,27.03,35408992.0,950129920.0,5992450630.0,0.0059089334541584,601166
2010-08-10,27.04,27.1,26.0,26.01,37512648.0,993455936.0,5992450630.0,0.0062599844898513,601166
2010-08-11,25.9,26.25,25.8,25.96,37039608.0,962125056.0,5992450630.0,0.0061810451661576,601166
2010-08-12,25.69,25.96,25.42,25.52,30255354.0,776424000.0,5992450630.0,0.0050489116837329,601166
2010-08-13,25.5,25.8,25.05,25.66,39871032.0,1015359872.0,5992450630.0,0.0066535436771716,601166
2010-08-16,25.5,26.56,25.31,26.43,43529400.0,1132419200.0,5992450630.0,0.0072640398207168,601166
2010-08-17,26.4,27.19,26.37,26.71,53444904.0,1431541632.0,5992450630.0,0.0089187057682943,601166
2010-08-18,26.8,27.43,26.7,26.82,39283624.0,1061785792.0,5992450630.0,0.0065555190064202,601166
2010-08-19,26.9,27.47,26.7,27.09,39428488.0,1071260608.0,5992450630.0,0.0065796934233565,601166
2010-08-20,26.92,27.46,26.81,26.91,45930452.0,1246286464.0,5992450630.0,0.007664719300324,601166
2010-08-23,26.91,27.29,26.84,26.97,23828376.0,644540160.0,5992450630.0,0.0039763992181609,601166
2010-08-24,26.85,27.14,26.3,26.71,25031772.0,668812800.0,5992450630.0,0.0041772178939086,601166
2010-08-25,26.53,26.68,25.55,25.64,41570996.0,1077419648.0,5992450630.0,0.0069372279500949,601166
2010-08-26,25.86,26.0,25.2,25.51,36522832.0,933939712.0,5992450630.0,0.0060948073259303,601166
2010-08-27,25.52,25.69,25.28,25.63,27143868.0,692199680.0,5992450630.0,0.0045296773684057,601166
2010-08-30,25.82,26.19,25.61,25.99,28521204.0,739524928.0,5992450630.0,0.0047595225661458,601166
2010-08-31,25.93,25.95,25.48,25.65,29927728.0,767556032.0,5992450630.0,0.0049942385591251,601166
2010-09-01,25.66,26.49,25.47,25.79,44986256.0,1167141632.0,5992450630.0,0.0075071550485181,601166
2010-09-02,26.22,26.3,25.54,25.85,40619024.0,1048180480.0,5992450630.0,0.0067783660655707,601166
2010-09-03,25.8,25.8,25.36,25.63,34076416.0,869416320.0,5992450630.0,0.0056865576546268,601166
2010-09-06,25.8,26.53,25.58,26.48,58690400.0,1537861632.0,5992450630.0,0.0097940564927107,601166
2010-09-07,26.48,26.54,26.02,26.25,33437880.0,878985664.0,5992450630.0,0.0055800009152515,601166
2010-09-08,25.9,25.9,25.28,25.31,83339728.0,2122017152.0,5992450630.0,0.0139074534186024,601166
2010-09-09,25.33,25.38,24.36,24.6,72468800.0,1794215424.0,5992450630.0,0.0120933495283548,601166
2010-09-10,24.6,24.63,23.86,24.21,58213660.0,1405021952.0,5992450630.0,0.0097144997254654,601166
2010-09-13,24.12,24.47,23.85,24.24,45556984.0,1098834176.0,5992450630.0,0.0076023962169881,601166
2010-09-14,24.34,24.58,24.1,24.21,35397788.0,861749184.0,5992450630.0,0.0059070637683334,601166
2010-09-15,24.24,24.24,23.5,23.57,33369896.0,793639936.0,5992450630.0,0.0055686559740584,601166
2010-09-16,23.45,23.58,22.61,22.91,44298240.0,1020491392.0,5992450630.0,0.0073923412532144,601166
2010-09-17,23.1,23.16,22.7,22.87,27965388.0,640218048.0,5992450630.0,0.0046667698620655,601166
2010-09-20,22.88,23.29,22.7,22.94,27759456.0,637974912.0,5992450630.0,0.0046324046227478,601166
2010-09-21,23.06,23.33,22.87,23.21,24202028.0,559180992.0,5992450630.0,0.0040387530067978,601166
2010-09-27,23.26,23.34,22.88,23.04,31978920.0,735568896.0,5992450630.0,0.0053365345790091,601166
2010-09-28,23.0,23.0,22.41,22.44,31457752.0,713515136.0,5992450630.0,0.0052495638165983,601166
2010-09-29,22.31,22.78,22.22,22.41,28933980.0,652068032.0,5992450630.0,0.004828405236273,601166
2010-09-30,22.28,23.17,22.23,23.12,44359576.0,1017372672.0,5992450630.0,0.0074025767985342,601166
2010-10-08,23.3,24.5,23.0,24.32,73076544.0,1751417344.0,5992450630.0,0.0121947678023673,601166
2010-10-11,24.36,25.92,24.35,25.4,86726720.0,2191059200.0,5992450630.0,0.0144726632482911,601166
2010-10-12,25.24,25.56,25.05,25.35,49098580.0,1245134336.0,5992450630.0,0.0081934058420436,601166
2010-10-13,25.35,27.02,25.33,26.91,103958944.0,2732412672.0,5992450630.0,0.0173483188129328,601166
2010-10-14,27.24,28.32,26.92,27.01,128347704.0,3546179584.0,5992450630.0,0.0214182330276453,601166
2010-10-15,26.95,28.53,26.8,28.15,128159096.0,3575256064.0,5992450630.0,0.0213867587591622,601166
2010-10-18,28.8,29.86,28.33,28.92,116218648.0,3383105024.0,5992450630.0,0.0193941769696315,601166
2010-10-19,28.8,29.21,28.16,29.13,66414752.0,1913615488.0,5992450630.0,0.0110830703664887,601166
2010-10-20,29.0,29.99,28.41,28.83,104308232.0,3035732992.0,5992450630.0,0.0174066068192204,601166
2010-10-21,28.77,28.8,27.49,27.68,75945792.0,2122658432.0,5992450630.0,0.0126735782552454,601166
2010-10-22,27.58,28.15,27.1,27.91,60821384.0,1676194560.0,5992450630.0,0.0101496679331006,601166
2010-10-25,27.75,28.75,27.26,28.48,63744708.0,1791112576.0,5992450630.0,0.0106375024069242,601166
2010-10-26,28.6,29.02,27.9,28.11,58127104.0,1654423424.0,5992450630.0,0.0097000555513963,601166
2010-10-27,27.95,29.0,27.64,27.97,58247248.0,1657158016.0,5992450630.0,0.0097201047779011,601166
2010-10-29,28.2,28.4,26.99,27.16,65443024.0,1791331200.0,5992450630.0,0.0109209116671521,601166
2010-11-01,27.39,27.92,27.22,27.77,59464260.0,1638951936.0,5992450630.0,0.0099231956459189,601166
2010-11-02,27.77,28.1,26.98,27.64,69976168.0,1929142912.0,5992450630.0,0.0116773874864614,601166
2010-11-03,27.65,28.67,27.1,28.16,83038008.0,2333754880.0,5992450630.0,0.0138571034001159,601166
2010-11-04,28.3,28.73,28.01,28.47,66568032.0,1890963584.0,5992450630.0,0.0111086492171901,601166
2010-11-05,28.8,29.0,28.31,28.54,57130628.0,1635894912.0,5992450630.0,0.0095337669890823,601166
2010-11-08,28.86,29.59,28.86,29.15,64324980.0,1880309120.0,5992450630.0,0.0107343362460042,601166
2010-11-09,29.21,29.28,28.14,28.41,62984228.0,1803671040.0,5992450630.0,0.0105105960631001,601166
2010-11-10,28.0,28.0,27.0,27.26,89959448.0,2462366976.0,5992450630.0,0.015012130020669,601166
2010-11-11,27.3,27.93,26.9,27.59,82624960.0,2259570688.0,5992450630.0,0.0137881753395438,601166
2010-11-12,27.25,27.47,25.77,25.81,85154480.0,2257577728.0,5992450630.0,0.0142102931267704,601166
2010-11-15,26.01,26.1,25.28,26.0,54891288.0,1406037760.0,5992450630.0,0.0091600734639677,601166
2010-11-16,25.83,25.83,24.31,24.42,72511736.0,1815654528.0,5992450630.0,0.0121005145435799,601166
2010-11-17,24.11,25.02,24.02,24.63,58634712.0,1439268480.0,5992450630.0,0.0097847634666286,601166
2010-11-18,24.82,24.99,24.45,24.74,42550652.0,1051839744.0,5992450630.0,0.0071007096473984,601166
2010-11-19,24.83,24.83,24.0,24.61,56492360.0,1377997056.0,5992450630.0,0.0094272549726454,601166
2010-11-22,24.16,24.4,24.0,24.16,47153892.0,1140864384.0,5992450630.0,0.0078688828513552,601166
2010-11-23,24.03,24.1,23.5,23.82,43988848.0,1044370880.0,5992450630.0,0.0073407109571798,601166
2010-11-24,23.8,24.54,23.8,24.3,38828448.0,942478784.0,5992450630.0,0.0064795607669445,601166
2010-11-25,24.44,24.99,23.96,24.88,58286324.0,1430201728.0,5992450630.0,0.009726625649313,601166
2010-11-26,24.69,24.89,24.17,24.42,34861160.0,854796672.0,5992450630.0,0.0058175130931366,601166
2010-11-29,24.29,24.45,24.0,24.19,30816636.0,745828544.0,5992450630.0,0.0051425765355033,601166
2010-11-30,24.18,24.46,23.4,24.03,40557000.0,969962432.0,5992450630.0,0.0067680157091256,601166
2010-12-01,23.9,24.31,23.82,24.13,21279332.0,513197760.0,5992450630.0,0.0035510233315013,601166
2010-12-02,24.55,24.63,24.27,24.29,31017594.0,758267968.0,5992450630.0,0.0051761117304357,601166
2010-12-03,24.33,24.65,24.25,24.46,30301280.0,741447872.0,5992450630.0,0.0050565756600985,601166
2010-12-06,24.58,25.16,24.36,24.94,50575244.0,1256118144.0,5992450630.0,0.0084398265622423,601166
2010-12-07,24.79,25.02,24.33,24.88,31576776.0,777902464.0,5992450630.0,0.0052694261412713,601166
2010-12-08,24.78,24.85,24.29,24.31,31863308.0,780339264.0,5992450630.0,0.0053172416374167,601166
2010-12-09,24.07,24.24,23.84,23.88,27803364.0,667750784.0,5992450630.0,0.0046397318420627,601166
2010-12-10,23.86,24.36,23.77,24.26,21345752.0,514038304.0,5992450630.0,0.0035621072776364,601166
2010-12-13,24.24,24.76,24.15,24.7,54635192.0,1330620672.0,5992450630.0,0.0091173370251028,601166
2010-12-14,24.66,24.91,24.48,24.54,38936620.0,960009792.0,5992450630.0,0.0064976121463682,601166
2010-12-15,24.59,24.93,24.35,24.65,44600196.0,1098468864.0,5992450630.0,0.0074427306545869,601166
2010-12-16,24.59,24.68,24.35,24.47,23565780.0,577561728.0,5992450630.0,0.0039325780811647,601166
2010-12-17,24.46,24.5,24.16,24.24,21510672.0,521806944.0,5992450630.0,0.0035896285723759,601166
2010-12-20,24.32,24.38,23.5,23.73,38759216.0,924446080.0,5992450630.0,0.0064680075637102,601166
2010-12-21,23.79,24.88,23.67,24.71,62068012.0,1516759040.0,5992450630.0,0.0103577010195576,601166
2010-12-22,24.7,24.77,23.93,24.18,35261836.0,861560576.0,5992450630.0,0.0058843765559733,601166
2010-12-23,24.12,25.29,23.98,24.6,59263680.0,1462499968.0,5992450630.0,0.0098897235303547,601166
2010-12-24,24.35,25.39,24.17,25.06,80031904.0,1999454976.0,5992450630.0,0.0133554548783992,601166
2010-12-27,25.47,25.59,24.15,24.33,61528120.0,1534234240.0,5992450630.0,0.0102676056590223,601166
2010-12-28,24.19,24.68,24.09,24.2,36070424.0,881182080.0,5992450630.0,0.0060193110009819,601166
2010-12-29,24.21,24.33,23.79,24.16,31761058.0,762904640.0,5992450630.0,0.0053001785014288,601166
2010-12-30,24.02,24.26,23.83,24.02,28688548.0,688554560.0,5992450630.0,0.0047874483698499,601166
2010-12-31,24.02,24.24,23.82,24.05,52077568.0,1249268352.0,5992450630.0,0.00869052933691,601166
2011-01-04,24.2,24.83,23.85,24.69,77327624.0,1890785792.0,5992450630.0,0.0129041737303391,601166
2011-01-05,24.48,24.95,24.43,24.59,59315272.0,1467267712.0,5992450630.0,0.0098983330297374,601166
2011-01-06,24.65,24.97,24.52,24.77,37563916.0,929432256.0,5992450630.0,0.0062685399212041,601166
2011-01-07,24.74,27.25,24.65,26.52,188929536.0,4976323584.0,5992450630.0,0.03152792532894,601166
2011-01-10,26.15,26.62,25.54,25.61,90606640.0,2359471616.0,5992450630.0,0.0151201312442018,601166
2011-01-11,25.43,26.45,25.43,26.22,75274712.0,1954804352.0,5992450630.0,0.0125615906826419,601166
2011-01-12,26.21,27.15,25.93,27.07,92816688.0,2463796736.0,5992450630.0,0.0154889366189071,601166
2011-01-13,27.1,27.19,26.6,26.8,64209264.0,1725084160.0,5992450630.0,0.0107150259492417,601166
2011-01-14,26.62,26.62,26.06,26.09,43734372.0,1152696576.0,5992450630.0,0.0072982448584645,601166
2011-01-17,25.95,26.08,24.81,25.09,61565360.0,1565359744.0,5992450630.0,0.0102738201449312,601166
2011-01-18,25.31,25.77,25.16,25.55,51006680.0,1299535872.0,5992450630.0,0.0085118231503894,601166
2011-01-19,25.56,26.1,25.18,26.08,42696544.0,1096853248.0,5992450630.0,0.0071250556135161,601166
2011-01-20,25.9,25.97,25.23,25.26,42885396.0,1095813376.0,5992450630.0,0.0071565705998982,601166
2011-01-21,25.27,27.4,25.26,26.29,76606792.0,2016346880.0,5992450630.0,0.0127838837113623,601166
2011-01-24,26.24,26.95,26.1,26.34,56231952.0,1490320640.0,5992450630.0,0.0093837989617279,601166
2011-01-25,26.33,26.88,26.1,26.75,52742856.0,1400698368.0,5992450630.0,0.0088015503600402,601166
2011-01-26,26.72,26.9,26.45,26.72,41897036.0,1117571456.0,5992450630.0,0.0069916364083586,601166
2011-01-27,26.26,26.79,25.87,26.57,64525764.0,1697606912.0,5992450630.0,0.010767842404402,601166
2011-01-28,26.46,26.68,25.9,26.08,57628452.0,1505607168.0,5992450630.0,0.0096168421833122,601166
2011-01-31,26.0,26.32,25.61,26.0,48494552.0,1258462592.0,5992450630.0,0.0080926076816088,601166
2011-02-01,26.01,26.39,25.81,26.28,38896776.0,1015998528.0,5992450630.0,0.0064909631137002,601166
2011-02-09,26.02,26.3,25.48,25.5,51855488.0,1340869120.0,5992450630.0,0.0086534693736809,601166
2011-02-10,25.57,26.15,25.46,26.13,42744068.0,1104412928.0,5992450630.0,0.0071329862587453,601166
2011-02-11,25.98,26.37,25.73,26.26,49313152.0,1288436096.0,5992450630.0,0.0082292128954928,601166
2011-02-14,26.31,27.37,26.31,27.18,91671048.0,2476143360.0,5992450630.0,0.0152977560701238,601166
2011-02-15,27.26,27.52,26.94,27.1,84053536.0,2287665408.0,5992450630.0,0.0140265712960909,601166
2011-02-16,26.97,27.08,26.63,26.98,62582916.0,1680724736.0,5992450630.0,0.0104436264667231,601166
2011-02-17,27.08,27.62,26.81,27.13,66766608.0,1815940608.0,5992450630.0,0.0111417869119766,601166
2011-02-18,27.1,27.18,26.7,26.86,34500732.0,927889472.0,5992450630.0,0.0057573660811286,601166
2011-02-21,26.69,26.88,26.46,26.78,51446144.0,1370553600.0,5992450630.0,0.008585159424167,601166
2011-02-22,26.7,26.7,25.62,25.64,85892560.0,2230785024.0,5992450630.0,0.0143334614339576,601166
2011-02-23,25.6,25.79,25.44,25.64,46949748.0,1201323904.0,5992450630.0,0.0078348159874618,601166
2011-02-24,25.5,25.79,25.36,25.73,40490416.0,1033816640.0,5992450630.0,0.0067569043952223,601166
2011-02-25,25.72,26.33,25.6,25.95,45720124.0,1186361728.0,5992450630.0,0.0076296204713162,601166
2011-02-28,25.92,26.29,25.61,26.1,34821508.0,903408384.0,5992450630.0,0.0058108961007827,601166
2011-03-01,26.12,26.85,26.12,26.47,59061648.0,1563055872.0,5992450630.0,0.0098560091099156,601166
2011-03-02,26.29,27.08,26.2,26.87,99028328.0,2655417856.0,5992450630.0,0.0165255142035271,601166
2011-03-03,27.0,27.87,26.87,27.14,124406280.0,3407525632.0,5992450630.0,0.02076050145114,601166
2011-03-04,27.11,27.5,26.92,27.34,53015280.0,1440492032.0,5992450630.0,0.0088470115606108,601166
2011-03-07,27.51,28.17,27.51,27.73,83906344.0,2336515328.0,5992450630.0,0.0140020083903469,601166
2011-03-08,27.7,28.2,27.62,27.85,52887408.0,1477319296.0,5992450630.0,0.0088256727114662,601166
2011-03-09,28.0,28.2,27.61,27.78,45573012.0,1272737792.0,5992450630.0,0.0076050709157031,601166
2011-03-10,27.6,27.6,26.88,27.08,56460048.0,1534555392.0,5992450630.0,0.0094218628547966,601166
2011-03-11,26.88,27.24,26.83,26.88,33242746.0,896708992.0,5992450630.0,0.0055474376098447,601166
2011-03-14,26.88,27.23,26.78,27.08,27544336.0,744643328.0,5992450630.0,0.0045965061209023,601166
2011-03-15,26.9,27.07,26.41,26.89,52384376.0,1399500928.0,5992450630.0,0.0087417284237183,601166
2011-03-16,26.9,27.26,26.86,27.18,28235956.0,764632000.0,5992450630.0,0.0047119213396005,601166
2011-03-17,26.89,27.03,26.63,26.74,25554752.0,685494208.0,5992450630.0,0.004264491036783,601166
2011-03-18,27.0,27.16,26.7,26.75,62069684.0,1668886656.0,5992450630.0,0.0103579800372923,601166
2011-03-21,26.84,26.95,26.47,26.83,25274184.0,676112512.0,5992450630.0,0.0042176707928922,601166
2011-03-22,26.91,27.68,26.69,27.43,54768216.0,1496218624.0,5992450630.0,0.0091395356226739,601166
2011-03-23,27.31,27.96,27.27,27.77,48148504.0,1333726464.0,5992450630.0,0.0080348603556204,601166
2011-03-24,27.8,27.99,27.62,27.67,35615352.0,989428480.0,5992450630.0,0.0059433701166762,601166
2011-03-25,27.78,28.78,27.76,28.54,86977224.0,2477096448.0,5992450630.0,0.0145144665130098,601166
2011-03-28,28.99,29.3,28.48,28.63,77341808.0,2236942848.0,5992450630.0,0.0129065407085381,601166
2011-03-29,29.19,29.99,28.71,29.39,130687296.0,3842491648.0,5992450630.0,0.0218086562692298,601166
2011-03-30,29.21,29.81,29.03,29.32,70266664.0,2068208128.0,5992450630.0,0.0117258644815902,601166
2011-03-31,29.38,29.45,28.51,28.71,43947368.0,1270505088.0,5992450630.0,0.007333788914336,601166
2011-04-01,28.72,30.36,28.71,30.3,81860016.0,2426652160.0,5992450630.0,0.0136605240584184,601166
2011-04-06,30.5,31.48,30.48,30.96,116067968.0,3607533056.0,5992450630.0,0.0193690319981826,601166
2011-04-07,30.96,31.32,30.58,31.05,57595684.0,1783264896.0,5992450630.0,0.0096113739697176,601166
2011-04-08,30.98,31.15,30.56,30.97,47161168.0,1453145344.0,5992450630.0,0.0078700970457557,601166
2011-04-11,30.98,31.33,30.4,30.42,74056248.0,2285874176.0,5992450630.0,0.0123582575097493,601166
2011-04-12,30.34,30.75,30.14,30.48,45007280.0,1369595392.0,5992450630.0,0.0075106634629044,601166
2011-04-13,30.31,31.25,29.95,31.19,70799552.0,2155377664.0,5992450630.0,0.0118147910381699,601166
2011-04-14,31.0,31.29,30.71,30.83,54111572.0,1675364864.0,5992450630.0,0.0090299570811816,601166
2011-04-15,30.75,31.28,30.64,31.16,48042232.0,1486419712.0,5992450630.0,0.0080171260418043,601166
2011-04-18,30.88,31.24,30.66,30.99,46123920.0,1427471488.0,5992450630.0,0.0076970045892559,601166
2011-04-20,30.4,30.65,29.74,29.97,68917616.0,2076912000.0,5992450630.0,0.0115007398901173,601166
2011-04-21,30.1,30.27,29.68,29.87,39068992.0,1169071360.0,5992450630.0,0.0065197019403729,601166
2011-04-22,29.75,29.97,29.27,29.44,40154768.0,1185204608.0,5992450630.0,0.0067008925862439,601166
2011-04-25,29.41,30.04,29.38,29.7,43613316.0,1295476352.0,5992450630.0,0.007278043440468,601166
2011-04-26,29.6,30.13,29.59,29.98,50724516.0,1517404544.0,5992450630.0,0.0084647365713883,601166
2011-04-27,30.08,30.23,29.11,29.4,46688492.0,1392641920.0,5992450630.0,0.0077912184651573,601166
2011-04-28,29.75,31.0,29.75,30.21,81777368.0,2483483136.0,5992450630.0,0.0136467320382412,601166
2011-04-29,29.38,29.6,28.61,29.2,88849512.0,2574544896.0,5992450630.0,0.0148269076352824,601166
2011-05-03,29.0,29.18,28.79,29.11,34432288.0,998897600.0,5992450630.0,0.0057459443766831,601166
2011-05-04,28.85,29.1,28.11,28.36,61620132.0,1755168000.0,5992450630.0,0.0102829603120151,601166
2011-05-05,28.1,28.56,27.9,28.12,48325828.0,1363134848.0,5992450630.0,0.0080644515881476,601166
2011-05-06,15.04,15.62,15.04,15.13,49793880.0,762141504.0,5992450630.0,0.0083094351667608,601166
2011-05-09,15.03,15.21,14.75,14.91,71423648.0,1068319232.0,10786411134.0,0.0066216322660708,601166
2011-05-10,14.91,15.18,14.72,15.12,57856728.0,867564224.0,10786411134.0,0.005363853396764,601166
2011-05-11,15.06,15.17,14.97,15.0,40550552.0,610007232.0,10786411134.0,0.0037594109380997,601166
2011-05-12,14.92,14.98,14.7,14.74,42974188.0,638307584.0,10786411134.0,0.0039841043945136,601166
2011-05-13,14.79,14.85,14.42,14.78,63953900.0,934681792.0,10786411134.0,0.0059291175911522,601166
2011-05-16,14.65,14.85,14.48,14.49,46154040.0,675993664.0,10786411134.0,0.0042789060630664,601166
2011-05-17,14.51,14.78,14.39,14.61,66049016.0,963322048.0,10786411134.0,0.0061233542073884,601166
2011-05-18,14.56,14.85,14.52,14.81,67427904.0,993448320.0,10786411134.0,0.0062511898686542,601166
2011-05-19,14.87,15.08,14.78,14.85,65076220.0,971224448.0,10786411134.0,0.0060331670276198,601166
2011-05-20,14.83,15.11,14.81,14.98,52359660.0,785056640.0,10786411134.0,0.0048542243893296,601166
2011-05-23,14.96,14.96,14.36,14.49,74878400.0,1089117312.0,10786411134.0,0.006941919705246,601166
2011-05-24,14.42,14.55,14.36,14.38,49172140.0,709587072.0,10786411134.0,0.0045587118263092,601166
2011-05-25,14.36,14.38,13.91,13.94,59051992.0,832234880.0,10786411134.0,0.0054746654161791,601166
2011-05-26,14.08,14.09,13.85,13.86,33333464.0,465710688.0,10786411134.0,0.0030903201802617,601166
2011-05-27,13.87,14.07,13.81,13.98,44180096.0,618199104.0,10786411134.0,0.0040959032111004,601166
2011-05-30,13.9,14.14,13.84,13.97,40881384.0,571068864.0,10786411134.0,0.0037900821220449,601166
2011-05-31,14.0,14.2,13.97,14.19,41131344.0,579733696.0,10786411134.0,0.0038132557241721,601166
2011-06-01,14.13,14.16,14.0,14.04,37210136.0,522947872.0,10786411134.0,0.0034497235028163,601166
2011-06-02,13.81,13.9,13.25,13.46,90465552.0,1222422528.0,10786411134.0,0.0083869927519119,601166
2011-06-03,13.46,13.51,13.27,13.5,60435148.0,809788736.0,10786411134.0,0.0056028967604898,601166
2011-06-07,13.38,13.55,13.34,13.51,35806880.0,481812256.0,10786411134.0,0.0033196287027417,601166
2011-06-08,13.52,13.52,13.2,13.38,54715048.0,728293184.0,10786411134.0,0.0050725906253964,601166
2011-06-09,13.34,13.39,13.1,13.11,50859128.0,672575104.0,10786411134.0,0.0047151112050315,601166
2011-06-10,13.12,13.25,13.1,13.23,40533232.0,533780000.0,10786411134.0,0.0037578052140284,601166
2011-06-13,13.14,13.22,12.99,13.2,40623536.0,531898272.0,10786411134.0,0.0037661772294169,601166
2011-06-14,13.17,13.67,13.13,13.44,78908192.0,1064435264.0,10786411134.0,0.0073155186669338,601166
2011-06-15,13.36,13.38,13.15,13.16,40782000.0,541238400.0,10786411134.0,0.0037808683067392,601166
2011-06-16,13.05,13.18,13.0,13.05,31636080.0,413778464.0,10786411134.0,0.0029329569962598,601166
2011-06-17,13.02,13.23,13.01,13.01,27611302.0,361602816.0,10786411134.0,0.0025598228787113,601166
2011-06-20,13.0,13.12,12.94,13.1,34143012.0,444555008.0,10786411134.0,0.0031653727616943,601166
2011-06-21,13.15,13.22,13.04,13.21,44041384.0,578610368.0,10786411134.0,0.0040830433267258,601166
2011-06-22,13.24,13.36,13.1,13.25,38676768.0,511954176.0,10786411134.0,0.0035856938438111,601166
2011-06-23,13.2,13.48,13.15,13.44,40433080.0,538570816.0,10786411134.0,0.0037485201980249,601166
2011-06-24,13.37,13.99,13.31,13.84,80348192.0,1101741952.0,10786411134.0,0.007449019975396,601166
2011-06-27,13.83,14.04,13.63,13.84,60668268.0,839460608.0,10786411134.0,0.0056245091389819,601166
2011-06-28,13.79,13.88,13.56,13.7,44042036.0,601357312.0,10786411134.0,0.0040831037731516,601166
2011-06-29,13.69,13.69,13.33,13.36,64028704.0,862639552.0,10786411134.0,0.0059360526132899,601166
2011-06-30,13.36,13.63,13.33,13.48,45073580.0,608404096.0,10786411134.0,0.0041787374354684,601166
2011-07-01,13.55,13.56,13.05,13.32,57235392.0,767248704.0,10786411134.0,0.0053062498071844,601166
2011-07-04,13.41,14.0,13.4,14.0,100036776.0,1377096576.0,10786411134.0,0.0092743336738456,601166
2011-07-05,14.0,14.12,13.85,13.93,61514904.0,859965824.0,10786411134.0,0.0057030001207814,601166
2011-07-06,13.87,13.91,13.66,13.85,50906996.0,700472384.0,10786411134.0,0.0047195490110269,601166
2011-07-07,14.13,14.13,13.81,13.83,83161056.0,1161141888.0,10786411134.0,0.0077097984646502,601166
2011-07-08,13.86,14.4,13.86,14.29,115632512.0,1641551488.0,10786411134.0,0.0107202025366447,601166
2011-07-11,14.18,14.45,14.12,14.31,71527360.0,1024894144.0,10786411134.0,0.0066312473269758,601166
2011-07-12,14.16,14.22,13.95,13.97,63809984.0,897399168.0,10786411134.0,0.0059157752478823,601166
2011-07-13,14.0,14.45,14.0,14.3,56045344.0,798071168.0,10786411134.0,0.0051959213591755,601166
2011-07-14,14.3,14.3,14.05,14.24,50011144.0,708488320.0,10786411134.0,0.0046364952511738,601166
2011-07-15,14.11,14.35,13.97,14.25,50262108.0,712047488.0,10786411134.0,0.00465976193338,601166
2011-07-18,14.2,14.25,14.0,14.07,47349176.0,666904512.0,10786411134.0,0.0043897062156985,601166
2011-07-19,13.95,14.02,13.77,13.8,45830776.0,635292032.0,10786411134.0,0.0042489365026645,601166
2011-07-20,13.93,13.96,13.67,13.85,42222996.0,582191680.0,10786411134.0,0.0039144619536064,601166
2011-07-21,13.81,13.86,13.5,13.77,62862472.0,856344832.0,10786411134.0,0.0058279321285881,601166
2011-07-22,13.73,13.78,13.58,13.63,43192096.0,589933824.0,10786411134.0,0.0040043064800166,601166
2011-07-25,13.53,13.53,13.15,13.19,64654824.0,860767360.0,10786411134.0,0.0059940997238831,601166
2011-07-26,13.19,13.46,13.15,13.27,39638260.0,527919616.0,10786411134.0,0.0036748330383083,601166
2011-07-27,13.2,13.26,13.1,13.25,49859680.0,657177344.0,10786411134.0,0.0046224531385454,601166
2011-07-28,13.11,13.14,12.92,12.97,59173428.0,769334848.0,10786411134.0,0.0054859236556892,601166
2011-07-29,13.0,13.7,12.95,13.36,102922656.0,1371819264.0,10786411134.0,0.0095418814211129,601166
2011-08-01,13.3,13.42,13.15,13.22,43927972.0,583487488.0,10786411134.0,0.0040725289861735,601166
2011-08-02,13.17,13.24,13.01,13.19,34945036.0,457749952.0,10786411134.0,0.0032397277987902,601166
2011-08-03,13.08,13.22,13.05,13.17,34031800.0,447405792.0,10786411134.0,0.0031550623814743,601166
2011-08-04,13.2,13.32,13.1,13.14,33010740.0,435476000.0,10786411134.0,0.0030604006828505,601166
2011-08-05,12.86,12.94,12.76,12.86,47579828.0,611754944.0,10786411134.0,0.0044110897877814,601166
2011-08-08,12.75,12.92,12.29,12.39,67011720.0,841499008.0,10786411134.0,0.0062126057654868,601166
2011-08-09,12.1,12.56,12.01,12.48,66342532.0,817055424.0,10786411134.0,0.0061505658532596,601166
2011-08-10,12.72,12.85,12.54,12.6,51469552.0,652595968.0,10786411134.0,0.0047717031513625,601166
2011-08-11,12.37,13.05,12.37,12.92,70442488.0,904379456.0,10786411134.0,0.0065306696662022,601166
2011-08-12,12.98,12.98,12.78,12.84,47085492.0,606442624.0,10786411134.0,0.0043652602719343,601166
2011-08-15,12.86,13.45,12.82,13.32,103244160.0,1355083264.0,10786411134.0,0.0095716878132488,601166
2011-08-16,13.33,13.57,13.25,13.34,79244728.0,1064139264.0,10786411134.0,0.0073467186643953,601166
2011-08-17,13.35,13.42,13.21,13.26,31172108.0,414617280.0,10786411134.0,0.0028899425038363,601166
2011-08-18,13.28,13.3,12.93,13.01,44192792.0,577791680.0,10786411134.0,0.0040970802476367,601166
2011-08-19,12.8,12.95,12.73,12.87,38878984.0,498145440.0,10786411134.0,0.0036044411358889,601166
2011-08-22,12.87,13.04,12.5,12.68,29026990.0,371473536.0,10786411134.0,0.0026910702400823,601166
2011-08-23,12.76,13.1,12.61,13.07,52096872.0,674369408.0,10786411134.0,0.0048298615130462,601166
2011-08-24,13.21,13.36,12.95,13.0,69183072.0,912112320.0,10786411134.0,0.0064139101634951,601166
2011-08-25,13.08,13.79,13.03,13.77,162857472.0,2204777472.0,10786411134.0,0.0150983927811405,601166
2011-08-26,13.65,13.75,13.51,13.69,71429248.0,972721408.0,10786411134.0,0.0066221514378259,601166
2011-08-29,13.43,13.49,13.1,13.14,114029272.0,1507269248.0,10786411134.0,0.0105715673715205,601166
2011-08-30,13.25,13.46,13.1,13.15,78319672.0,1040383616.0,10786411134.0,0.0072609574238392,601166
2011-08-31,13.13,13.38,13.08,13.33,55385384.0,734276544.0,10786411134.0,0.0051347369678334,601166
2011-09-01,13.29,13.47,13.25,13.39,47950600.0,641904512.0,10786411134.0,0.0044454637788517,601166
2011-09-02,13.34,13.37,13.1,13.18,34873516.0,460350208.0,10786411134.0,0.0032330972338032,601166
2011-09-05,13.07,13.13,12.9,13.0,37035476.0,480960832.0,10786411134.0,0.0034335309066108,601166
2011-09-06,12.88,13.02,12.85,12.99,28690112.0,371128544.0,10786411134.0,0.00265983853606,601166
2011-09-07,13.07,13.35,12.99,13.29,45842000.0,605193472.0,10786411134.0,0.0042499770711966,601166
2011-09-08,13.33,13.36,13.17,13.19,23870654.0,316179680.0,10786411134.0,0.0022130302380888,601166
2011-09-09,13.25,13.42,13.12,13.22,35730528.0,474375168.0,10786411134.0,0.0033125501666975,601166
2011-09-13,12.98,13.16,12.9,13.1,26783016.0,349391232.0,10786411134.0,0.0024830331115023,601166
2011-09-14,13.12,13.18,12.85,13.11,30376082.0,395314848.0,10786411134.0,0.0028161435367738,601166
2011-09-15,13.1,13.16,12.98,13.0,26451892.0,345720064.0,10786411134.0,0.0024523348564584,601166
2011-09-16,13.09,13.17,12.98,13.04,29624940.0,387471424.0,10786411134.0,0.0027465057313288,601166
2011-09-19,12.87,12.93,12.69,12.7,29973304.0,383970976.0,10786411134.0,0.0027788022937045,601166
2011-09-20,12.69,12.91,12.6,12.84,20365718.0,259877120.0,10786411134.0,0.0018880902783136,601166
2011-09-21,12.83,13.27,12.73,13.19,57290556.0,751081280.0,10786411134.0,0.0053113640198094,601166
2011-09-22,13.05,13.15,12.78,12.81,46330696.0,599444416.0,10786411134.0,0.004295283706919,601166
2011-09-23,12.67,12.8,12.5,12.73,38723404.0,489029696.0,10786411134.0,0.0035900174320204,601166
2011-09-26,12.55,12.74,12.22,12.31,51753944.0,643833216.0,10786411134.0,0.0047980689181099,601166
2011-09-27,12.47,12.51,12.3,12.43,27434384.0,340760064.0,10786411134.0,0.0025434209450373,601166
2011-09-28,12.51,12.6,12.28,12.33,23146276.0,287615552.0,10786411134.0,0.0021458737027963,601166
2011-09-29,12.23,12.47,12.18,12.34,29748576.0,366982688.0,10786411134.0,0.0027579679311712,601166
2011-09-30,12.37,12.56,12.33,12.39,38242792.0,475827488.0,10786411134.0,0.0035454602578103,601166
2011-10-10,12.4,12.44,12.11,12.14,30005346.0,367200224.0,10786411134.0,0.0027817728832363,601166
2011-10-11,12.55,12.64,12.19,12.3,57814416.0,718362240.0,10786411134.0,0.0053599306833171,601166
2011-10-12,12.27,12.89,12.2,12.77,68960816.0,873415360.0,10786411134.0,0.0063933049782079,601166
2011-10-13,12.73,12.85,12.7,12.8,43055824.0,550050496.0,10786411134.0,0.0039916728061925,601166
2011-10-14,12.77,12.83,12.6,12.76,26163812.0,332914240.0,10786411134.0,0.0024256271780266,601166
2011-10-17,12.75,13.01,12.74,12.86,33982784.0,438180736.0,10786411134.0,0.0031505181452691,601166
2011-10-18,12.76,12.8,12.54,12.57,33021412.0,417963360.0,10786411134.0,0.003061390075881,601166
2011-10-19,12.63,12.74,12.57,12.6,28498306.0,359971680.0,10786411134.0,0.0026420563471913,601166
2011-10-20,12.53,12.56,12.17,12.32,40974944.0,505404000.0,10786411134.0,0.0037987559987253,601166
2011-10-21,12.29,12.65,12.29,12.52,47211764.0,591098432.0,10786411134.0,0.0043769668533385,601166
2011-10-24,12.55,13.08,12.45,12.93,65667216.0,842746304.0,10786411134.0,0.0060879578187975,601166
2011-10-25,12.95,13.24,12.89,13.12,82729672.0,1082100608.0,10786411134.0,0.0076698051810047,601166
2011-10-26,13.05,13.39,13.02,13.15,86314936.0,1142911616.0,10786411134.0,0.0080021922887702,601166
2011-10-27,13.2,13.3,13.14,13.26,40975408.0,541965504.0,10786411134.0,0.0037987990158135,601166
2011-10-28,13.47,13.64,13.4,13.51,79161728.0,1069000640.0,10786411134.0,0.0073390237973104,601166
2011-10-31,13.45,13.52,13.25,13.3,48594520.0,648841024.0,10786411134.0,0.0045051611139523,601166
2011-11-01,13.2,13.52,13.16,13.3,44831936.0,598935104.0,10786411134.0,0.0041563348033976,601166
2011-11-02,13.09,13.57,13.04,13.56,69018720.0,915920768.0,10786411134.0,0.006398673214156,601166
2011-11-03,13.56,13.56,13.31,13.37,95381800.0,1281572864.0,10786411134.0,0.008842774377415,601166
2011-11-04,13.5,13.52,13.32,13.4,49418644.0,662953984.0,10786411134.0,0.0045815650252962,601166
2011-11-07,13.3,13.35,13.07,13.14,66257068.0,872363904.0,10786411134.0,0.0061426425506024,601166
2011-11-08,13.17,13.25,13.09,13.15,37989216.0,499579040.0,10786411134.0,0.003521951419064,601166
2011-11-09,13.2,13.3,13.1,13.28,38269956.0,505264864.0,10786411134.0,0.0035479786116596,601166
2011-11-10,13.15,13.2,12.95,12.97,70219152.0,917324480.0,10786411134.0,0.0065099643549337,601166
2011-11-11,13.04,13.08,12.91,12.94,27284632.0,354568576.0,10786411134.0,0.0025295375506312,601166
2011-11-14,13.1,13.23,13.0,13.18,54647516.0,718718720.0,10786411134.0,0.0050663297848665,601166
2011-11-15,13.16,13.17,13.03,13.07,30470670.0,398699456.0,10786411134.0,0.002824912718555,601166
2011-11-16,13.07,13.09,12.54,12.65,70414688.0,899125696.0,10786411134.0,0.0065280923492749,601166
2011-11-17,12.67,12.72,12.6,12.63,26172704.0,331234496.0,10786411134.0,0.0024264515486064,601166
2011-11-18,12.52,12.69,12.49,12.54,31554264.0,395981344.0,10786411134.0,0.0029253718969173,601166
2011-11-21,12.53,12.55,12.35,12.55,28906064.0,359796160.0,10786411134.0,0.0026798592822857,601166
2011-11-22,12.44,12.62,12.41,12.59,25216772.0,316315456.0,10786411134.0,0.0023378278174947,601166
2011-11-23,12.58,12.59,12.37,12.46,34124252.0,425734400.0,10786411134.0,0.0031636335363146,601166
2011-11-24,12.34,12.62,12.33,12.51,29780916.0,372553472.0,10786411134.0,0.002760966148057,601166
2011-11-25,12.5,12.51,12.34,12.38,26221676.0,325318592.0,10786411134.0,0.002430991705605,601166
2011-11-28,12.44,12.46,12.33,12.38,22431694.0,277864288.0,10786411134.0,0.0020796253472383,601166
2011-11-29,12.47,12.55,12.38,12.53,27445100.0,342321984.0,10786411134.0,0.0025444144172745,601166
2011-11-30,12.45,12.49,12.14,12.19,38121084.0,467949792.0,10786411134.0,0.0035341768013865,601166
2011-12-01,12.57,12.81,12.54,12.56,95950368.0,1215902848.0,10786411134.0,0.0088954858857135,601166
2011-12-02,12.52,12.66,12.45,12.59,34765348.0,436330240.0,10786411134.0,0.0032230690605159,601166
2011-12-05,12.6,12.85,12.51,12.62,48988140.0,621999488.0,10786411134.0,0.0045416533257835,601166
2011-12-06,12.6,12.72,12.55,12.57,32735664.0,413834784.0,10786411134.0,0.0030348985954015,601166
2011-12-07,12.59,12.71,12.47,12.64,28835992.0,363290272.0,10786411134.0,0.0026733629602811,601166
2011-12-08,12.63,12.7,12.5,12.65,27060094.0,341406208.0,10786411134.0,0.0025087208028538,601166
2011-12-09,12.57,12.71,12.47,12.53,30827028.0,387111072.0,10786411134.0,0.0028579503986112,601166
2011-12-12,12.52,12.56,12.46,12.49,16437774.0,205813936.0,10786411134.0,0.0015239335675038,601166
2011-12-13,12.46,12.54,12.2,12.24,41112488.0,508989152.0,10786411134.0,0.0038115075987052,601166
2011-12-14,12.25,12.32,12.17,12.26,21251564.0,260642400.0,10786411134.0,0.0019702163894914,601166
2011-12-15,12.2,12.28,12.03,12.06,43033752.0,521442720.0,10786411134.0,0.0039896265278033,601166
2011-12-16,12.05,12.32,12.0,12.29,41420640.0,503438624.0,10786411134.0,0.0038400761370422,601166
2011-12-19,12.2,12.35,12.09,12.34,44275460.0,539475200.0,10786411134.0,0.0041047443352533,601166
2011-12-20,12.29,12.63,12.29,12.45,52173056.0,652274240.0,10786411134.0,0.0048369244739378,601166
2011-12-21,12.56,12.65,12.36,12.39,35924552.0,450784736.0,10786411134.0,0.0033305379846649,601166
2011-12-22,12.32,12.57,12.28,12.55,50972584.0,633101184.0,10786411134.0,0.0047256296247904,601166
2011-12-23,12.52,12.61,12.41,12.52,32733468.0,409898272.0,10786411134.0,0.0030346950059061,601166
2011-12-26,12.45,12.56,12.38,12.39,22843506.0,284657696.0,10786411134.0,0.0021178041255997,601166
2011-12-27,12.35,12.51,12.31,12.34,31195086.0,386606944.0,10786411134.0,0.0028920727767987,601166
2011-12-28,12.34,12.37,12.16,12.3,32877974.0,403608384.0,10786411134.0,0.0030480920476287,601166
2011-12-29,12.28,12.41,12.22,12.34,26425640.0,326300288.0,10786411134.0,0.0024499010534378,601166
2011-12-30,12.41,12.53,12.38,12.52,41362972.0,515305664.0,10786411134.0,0.0038347297804752,601166
2012-01-04,12.65,12.68,12.48,12.5,40528548.0,510576576.0,10786411134.0,0.003757370963939,601166
2012-01-05,12.51,12.92,12.5,12.71,91364288.0,1166513152.0,10786411134.0,0.0084703138852189,601166
2012-01-06,12.67,12.82,12.6,12.79,50166028.0,638925504.0,10786411134.0,0.0046508544294098,601166
2012-01-09,12.77,13.15,12.73,13.04,89679312.0,1164720640.0,10786411134.0,0.0083141010374915,601166
2012-01-10,13.06,13.23,13.0,13.15,80289624.0,1052076288.0,10786411134.0,0.0074435901805112,601166
2012-01-11,13.17,13.18,12.98,13.02,65305524.0,852010752.0,10786411134.0,0.0060544256276445,601166
2012-01-12,13.15,13.43,13.15,13.3,94476384.0,1259441536.0,10786411134.0,0.0087588339463716,601166
2012-01-13,13.31,13.4,13.16,13.28,57388568.0,762642048.0,10786411134.0,0.0053204506380351,601166
2012-01-16,13.21,13.57,13.18,13.32,52900036.0,710374848.0,10786411134.0,0.0049043222386779,601166
2012-01-17,13.36,13.64,13.11,13.6,94865632.0,1276200832.0,10786411134.0,0.0087949208333968,601166
2012-01-18,13.63,13.64,13.37,13.43,47632220.0,641927744.0,10786411134.0,0.0044159470103877,601166
2012-01-19,13.49,13.78,13.47,13.78,83951960.0,1146262912.0,10786411134.0,0.0077831225749752,601166
2012-01-20,13.79,14.12,13.7,14.05,79116464.0,1100644352.0,10786411134.0,0.007334827406181,601166
2012-01-30,14.05,14.05,13.81,13.83,59952828.0,835855616.0,10786411134.0,0.0055581812388943,601166
2012-01-31,13.84,13.94,13.74,13.86,29655404.0,409706464.0,10786411134.0,0.0027493300256767,601166
2012-02-01,13.81,13.93,13.55,13.56,38790932.0,531671840.0,10786411134.0,0.0035962779017134,601166
2012-02-02,13.6,14.17,13.53,14.15,81882448.0,1138729856.0,10786411134.0,0.0075912596861709,601166
2012-02-03,14.11,14.39,14.05,14.18,74336648.0,1056510784.0,10786411134.0,0.0068916942879807,601166
2012-02-06,14.2,14.36,14.03,14.17,49953304.0,708252032.0,10786411134.0,0.0046311329486173,601166
2012-02-07,14.07,14.1,13.96,14.02,47809056.0,670600704.0,10786411134.0,0.0044323413419038,601166
2012-02-08,14.07,14.47,14.03,14.43,70191504.0,1002734144.0,10786411134.0,0.0065074011298112,601166
2012-02-09,14.42,14.56,14.35,14.42,51921552.0,750352256.0,10786411134.0,0.0048136077287409,601166
2012-02-10,14.38,14.53,14.15,14.24,47773356.0,685576512.0,10786411134.0,0.0044290316219648,601166
2012-02-13,14.1,14.26,13.94,14.13,52164848.0,735327296.0,10786411134.0,0.0048361635164795,601166
2012-02-14,14.04,14.14,13.99,14.08,36047104.0,506154624.0,10786411134.0,0.003341899687689,601166
2012-02-15,14.03,14.25,13.92,14.1,65343552.0,920194624.0,10786411134.0,0.0060579511746988,601166
2012-02-16,14.1,14.21,13.95,14.07,44286100.0,623521152.0,10786411134.0,0.004105730761588,601166
2012-02-17,14.18,14.23,13.98,14.12,33292960.0,470428928.0,10786411134.0,0.0030865650851242,601166
2012-02-20,14.39,14.39,14.01,14.04,63675272.0,903146304.0,10786411134.0,0.0059032862004757,601166
2012-02-21,14.05,14.14,13.94,14.1,31832494.0,446860000.0,10786411134.0,0.0029511663893155,601166
2012-02-22,14.1,14.19,13.95,14.13,68784272.0,966387968.0,10786411134.0,0.0063769377177905,601166
2012-02-23,14.1,14.18,14.05,14.12,49942380.0,704285632.0,10786411134.0,0.0046301201928578,601166
2012-02-24,14.14,14.38,14.1,14.36,85624960.0,1218914560.0,10786411134.0,0.0079382251368205,601166
2012-02-27,14.43,14.46,14.27,14.31,99420336.0,1427614848.0,10786411134.0,0.0092171839887148,601166
2012-03-06,14.0,14.15,13.71,13.88,138121440.0,1927344512.0,10786411134.0,0.0128051340046389,601166
2012-03-07,13.73,13.95,13.72,13.74,49992208.0,692048192.0,10786411134.0,0.0046347397089675,601166
2012-03-08,13.76,13.93,13.76,13.87,40306032.0,558132928.0,10786411134.0,0.0037367416742488,601166
2012-03-09,13.91,13.94,13.74,13.82,52411272.0,723746304.0,10786411134.0,0.0048590092987271,601166
2012-03-12,13.8,13.81,13.52,13.62,71380272.0,973223680.0,10786411134.0,0.0066176109099903,601166
2012-03-13,13.62,13.89,13.62,13.84,50300196.0,693873792.0,10786411134.0,0.0046632930429888,601166
2012-03-14,13.98,14.05,13.55,13.61,78672712.0,1090587008.0,10786411134.0,0.0072936874946305,601166
2012-03-15,13.62,13.82,13.6,13.61,42052764.0,576063808.0,10786411134.0,0.0038986798739244,601166
2012-03-16,13.62,13.72,13.52,13.71,36895828.0,502932064.0,10786411134.0,0.0034205842463857,601166
2012-03-19,13.63,13.7,13.51,13.64,34155476.0,464924000.0,10786411134.0,0.0031665282896864,601166
2012-03-20,13.63,13.63,13.43,13.44,33025400.0,446032000.0,10786411134.0,0.003061759800338,601166
2012-03-21,13.55,13.59,13.41,13.45,32819612.0,442911968.0,10786411134.0,0.0030426813508479,601166
2012-03-22,13.49,13.76,13.41,13.62,35168664.0,478130048.0,10786411134.0,0.0032604601811574,601166
2012-03-23,13.58,13.71,13.54,13.59,34138684.0,464493568.0,10786411134.0,0.003164971516095,601166
2012-03-26,13.63,13.78,13.55,13.74,33541000.0,459025088.0,10786411134.0,0.0031095606855068,601166
2012-03-27,13.78,13.79,13.63,13.73,22995576.0,315227328.0,10786411134.0,0.0021319024200287,601166
2012-03-28,13.71,13.73,13.29,13.37,39291432.0,532534976.0,10786411134.0,0.0036426788773282,601166
2012-03-29,13.25,13.35,13.1,13.12,49130736.0,649343168.0,10786411134.0,0.004554873292854,601166
2012-03-30,13.18,13.34,13.16,13.32,28867304.0,382610048.0,10786411134.0,0.0026762658720662,601166
2012-04-05,13.29,13.33,13.06,13.27,55913928.0,739041408.0,10786411134.0,0.0051837378814305,601166
2012-04-06,13.27,13.3,13.12,13.24,56238192.0,743031232.0,10786411134.0,0.0052138001510744,601166
2012-04-10,13.09,13.23,12.95,13.21,47846120.0,625332544.0,10786411134.0,0.0044357775172488,601166
2012-04-11,13.08,13.26,13.04,13.16,29239550.0,384859232.0,10786411134.0,0.0027107765165592,601166
2012-04-12,13.16,13.5,13.1,13.48,57477752.0,765251968.0,10786411134.0,0.0053287188190725,601166
2012-04-13,13.47,13.54,13.35,13.42,38269936.0,513798016.0,10786411134.0,0.0035479767574748,601166
2012-04-16,13.35,13.39,13.26,13.29,25108638.0,334034336.0,10786411134.0,0.0023278027963216,601166
2012-04-17,13.29,13.33,13.15,13.17,26372854.0,348420896.0,10786411134.0,0.0024450073033902,601166
2012-04-18,13.2,13.48,13.18,13.44,35313468.0,471901760.0,10786411134.0,0.0032738848502341,601166
2012-04-19,13.4,13.64,13.36,13.57,58824040.0,794091520.0,10786411134.0,0.0054535321590496,601166
2012-04-20,13.58,13.98,13.57,13.93,74220528.0,1026620736.0,10786411134.0,0.0068809288908011,601166
2012-04-23,13.91,14.12,13.76,13.91,57990184.0,808735104.0,10786411134.0,0.0053762260013627,601166
2012-04-24,13.85,14.56,13.85,14.12,125912864.0,1794553856.0,10786411134.0,0.0116732861779307,601166
2012-04-25,14.05,14.32,14.03,14.26,69661176.0,990005376.0,10786411134.0,0.0064582348229264,601166
2012-04-26,14.5,14.58,14.12,14.24,87479024.0,1252957056.0,10786411134.0,0.0081101140048571,601166
2012-04-27,14.26,14.42,14.26,14.31,47696856.0,683421568.0,10786411134.0,0.0044219393649528,601166
2012-05-02,14.53,14.68,14.44,14.52,102204328.0,1488341504.0,10786411134.0,0.0094752857767344,601166
2012-05-03,14.52,14.58,14.34,14.4,64621448.0,932458048.0,10786411134.0,0.0059910054602226,601166
2012-05-04,14.38,14.66,14.34,14.64,73713016.0,1070734272.0,10786411134.0,0.0068338778379815,601166
2012-05-07,14.23,14.32,14.16,14.3,66059136.0,941408064.0,10786411134.0,0.0061242924249173,601166
2012-05-08,14.28,14.35,14.18,14.35,55618332.0,793743872.0,10786411134.0,0.0051563334003359,601166
2012-05-09,14.23,14.29,13.98,14.0,55035752.0,775953600.0,10786411134.0,0.0051023228501388,601166
2012-05-10,14.01,14.12,13.88,13.95,39725344.0,555412992.0,10786411134.0,0.0036829065299375,601166
2012-05-11,13.97,14.07,13.86,13.91,36085248.0,503574848.0,10786411134.0,0.0033454359890153,601166
2012-05-14,14.01,14.03,13.77,13.79,51269032.0,713098368.0,10786411134.0,0.0047531130941592,601166
2012-05-15,13.71,13.74,13.56,13.7,40764900.0,556678720.0,10786411134.0,0.0037792829787012,601166
2012-05-16,13.69,13.7,13.39,13.4,46029164.0,621613312.0,10786411134.0,0.0042673289037639,601166
2012-05-17,13.45,13.66,13.39,13.59,38431640.0,520402304.0,10786411134.0,0.0035629682127412,601166
2012-05-18,13.48,13.51,13.35,13.42,36846164.0,493926496.0,10786411134.0,0.0034159799345916,601166
2012-05-21,13.44,13.57,13.4,13.48,26813156.0,361497440.0,10786411134.0,0.0024858273680558,601166
2012-05-22,13.54,13.71,13.5,13.67,32601360.0,444126784.0,10786411134.0,0.0030224473733656,601166
2012-05-23,13.65,13.68,13.42,13.49,32296740.0,436953888.0,10786411134.0,0.0029942062840713,601166
2012-05-24,13.49,13.53,13.26,13.31,46660112.0,624519552.0,10786411134.0,0.0043258236145776,601166
2012-05-25,13.34,13.43,13.23,13.29,28401486.0,378368416.0,10786411134.0,0.002633080238382,601166
2012-05-28,13.25,13.41,13.23,13.4,38924040.0,518718752.0,10786411134.0,0.0036086182434959,601166
2012-05-29,13.35,13.63,13.27,13.62,64706072.0,870003392.0,10786411134.0,0.0059988508871165,601166
2012-05-30,13.54,13.6,13.32,13.45,65543344.0,879209216.0,10786411134.0,0.006076473739574,601166
2012-05-31,13.33,13.41,13.3,13.33,34624108.0,462310848.0,10786411134.0,0.0032099748071776,601166
2012-06-01,13.37,13.45,13.27,13.36,42348924.0,565430272.0,10786411134.0,0.0039261366430314,601166
2012-06-04,13.24,13.24,13.04,13.06,52211280.0,686608704.0,10786411134.0,0.0048404681920035,601166
2012-06-05,13.08,13.14,12.98,13.09,32226294.0,420764352.0,10786411134.0,0.0029876752888102,601166
2012-06-06,13.11,13.21,13.05,13.17,32458992.0,426093120.0,10786411134.0,0.0030092485440023,601166
2012-06-07,13.25,13.28,13.02,13.06,28659992.0,376720576.0,10786411134.0,0.0026570461336913,601166
2012-06-08,12.99,13.0,12.58,12.61,92348976.0,1172880896.0,10786411134.0,0.0085616035632932,601166
2012-06-11,12.63,12.69,12.5,12.58,47924892.0,603949248.0,10786411134.0,0.0044430804096587,601166
2012-06-12,12.5,12.78,12.29,12.53,89052256.0,1113213056.0,10786411134.0,0.0082559671510477,601166
2012-06-13,12.59,12.7,12.39,12.61,53617740.0,673090304.0,10786411134.0,0.0049708600324894,601166
2012-06-14,12.54,12.62,12.41,12.44,37795672.0,473851488.0,10786411134.0,0.0035040081015328,601166
2012-06-15,12.49,13.05,12.48,12.95,110094568.0,1408330880.0,10786411134.0,0.0102067839462348,601166
2012-06-18,12.92,12.97,12.84,12.91,40032296.0,516427456.0,10786411134.0,0.0037113638171841,601166
2012-06-19,12.88,13.03,12.78,12.91,47694720.0,614351680.0,10786411134.0,0.0044217413380119,601166
2012-06-20,12.93,13.1,12.89,12.97,36722008.0,477131296.0,10786411134.0,0.0034044695259434,601166
2012-06-21,12.92,12.97,12.73,12.77,26401432.0,338387136.0,10786411134.0,0.0024476567481077,601166
2012-06-25,12.74,12.92,12.68,12.8,40772708.0,523719200.0,10786411134.0,0.0037800068524627,601166
2012-06-26,12.76,12.92,12.7,12.81,27079872.0,347200032.0,10786411134.0,0.0025105544062418,601166
2012-06-27,12.79,12.88,12.71,12.75,20999996.0,268460608.0,10786411134.0,0.0019468937109031,601166
2012-06-28,12.76,12.81,12.61,12.65,20242952.0,258016832.0,10786411134.0,0.0018767087355118,601166
2012-06-29,12.61,13.05,12.61,12.98,39400408.0,508689920.0,10786411134.0,0.003652781959683,601166
2012-07-02,13.02,13.03,12.87,12.97,25516444.0,330262976.0,10786411134.0,0.0023656101814596,601166
2012-07-03,12.96,13.15,12.93,13.07,32754712.0,427878112.0,10786411134.0,0.0030366645210429,601166
2012-07-04,13.1,13.29,13.02,13.14,30968352.0,407155488.0,10786411134.0,0.0028710524395258,601166
2012-07-05,13.07,13.12,12.87,13.01,34470408.0,447407136.0,10786411134.0,0.0031957253966841,601166
2012-07-06,12.75,12.95,12.69,12.9,51941080.0,666522624.0,10786411134.0,0.0048154181548184,601166
2012-07-09,12.83,12.89,12.45,12.47,44707096.0,565177600.0,10786411134.0,0.0041447609816279,601166
2012-07-10,12.47,12.6,12.39,12.44,27884052.0,347915712.0,10786411134.0,0.0025851093244634,601166
2012-07-11,12.43,12.52,12.41,12.46,25228728.0,314819040.0,10786411134.0,0.0023389362491919,601166
2012-07-12,12.5,12.5,12.13,12.41,87724024.0,1075819264.0,10786411134.0,0.008132827769144,601166
2012-07-13,12.33,12.56,12.31,12.4,35437936.0,440184768.0,10786411134.0,0.0032854241841659,601166
2012-07-16,12.42,12.43,12.23,12.26,30274296.0,372149696.0,10786411134.0,0.0028067070338689,601166
2012-07-17,12.27,12.36,12.27,12.32,23964096.0,294945344.0,10786411134.0,0.0022216931750786,601166
2012-07-18,12.31,12.31,12.11,12.26,33000368.0,402920192.0,10786411134.0,0.0030594391025926,601166
2012-07-19,12.26,12.35,12.18,12.31,41030944.0,503927968.0,10786411134.0,0.0038039477162766,601166
2012-07-20,12.25,12.25,12.14,12.18,36609308.0,445908576.0,10786411134.0,0.0033940211943714,601166
2012-07-23,12.12,12.12,11.85,11.96,36711268.0,439656544.0,10786411134.0,0.0034034738286844,601166
2012-07-24,11.9,12.04,11.85,11.94,26785000.0,319888384.0,10786411134.0,0.0024832170466384,601166
2012-07-25,11.92,12.07,11.9,11.94,20847132.0,249856656.0,10786411134.0,0.0019327218053359,601166
2012-07-26,11.96,12.05,11.89,11.9,19812950.0,237405536.0,10786411134.0,0.0018368435760386,601166
2012-07-27,11.96,12.32,11.95,12.18,68048968.0,829684544.0,10786411134.0,0.00630876824132,601166
2012-07-30,12.24,12.5,12.2,12.34,54175592.0,670854528.0,10786411134.0,0.0050225780685507,601166
2012-07-31,12.36,12.57,12.35,12.48,43019368.0,536925504.0,10786411134.0,0.0039882929980666,601166
2012-08-01,12.49,12.55,12.39,12.47,33955564.0,422312672.0,10786411134.0,0.0031479945997022,601166
2012-08-02,12.45,12.59,12.37,12.5,35982220.0,449195456.0,10786411134.0,0.0033358843412318,601166
2012-08-03,12.5,12.52,12.4,12.51,21868720.0,272340160.0,10786411134.0,0.0020274324544395,601166
2012-08-06,12.51,12.55,12.42,12.52,34020668.0,424973344.0,10786411134.0,0.0031540303421925,601166
2012-08-07,12.5,12.53,12.44,12.49,21011236.0,262199184.0,10786411134.0,0.001947935762783,601166
2012-08-08,12.49,12.68,12.48,12.65,32264492.0,406990688.0,10786411134.0,0.0029912165964357,601166
2012-08-09,12.65,12.72,12.55,12.7,24427646.0,308722528.0,10786411134.0,0.0022646685442019,601166
2012-08-10,12.85,12.94,12.71,12.72,55246492.0,710238208.0,10786411134.0,0.0051218603957952,601166
2012-08-13,12.72,12.83,12.67,12.68,39493540.0,503386848.0,10786411134.0,0.0036614161568078,601166
2012-08-14,12.66,12.8,12.62,12.8,28690296.0,365002944.0,10786411134.0,0.0026598555945605,601166
2012-08-15,12.79,12.8,12.52,12.53,30657970.0,386600736.0,10786411134.0,0.0028422771595792,601166
2012-08-16,12.51,12.55,12.41,12.45,24519000.0,305337280.0,10786411134.0,0.0022731379042945,601166
2012-08-17,12.45,12.6,12.42,12.56,21434344.0,268448672.0,10786411134.0,0.0019871617847419,601166
2012-08-20,12.5,12.55,12.37,12.48,19716964.0,245214144.0,10786411134.0,0.0018279447867372,601166
2012-08-21,12.48,12.54,12.39,12.46,25347214.0,315906624.0,10786411134.0,0.002349920996438,601166
2012-08-22,12.45,12.48,12.23,12.32,39891356.0,490531936.0,10786411134.0,0.0036982973766184,601166
2012-08-23,12.3,12.37,12.2,12.3,31974220.0,393076096.0,10786411134.0,0.0029643056993455,601166
2012-08-24,12.27,12.3,12.2,12.22,28580908.0,349640736.0,10786411134.0,0.0026497143159979,601166
2012-08-27,12.21,12.21,12.03,12.05,30994838.0,375110496.0,10786411134.0,0.0028735079365091,601166
2012-08-28,12.05,12.34,12.05,12.28,29393552.0,358383776.0,10786411134.0,0.0027250539252437,601166
2012-08-29,12.22,12.33,12.17,12.26,18402056.0,225392096.0,10786411134.0,0.0017060406627737,601166
2012-08-30,12.14,12.41,12.14,12.39,28902520.0,356757856.0,10786411134.0,0.0026795307207321,601166
2012-08-31,12.38,12.46,12.3,12.31,16229812.0,200906224.0,10786411134.0,0.0015046535681216,601166
2012-09-03,12.31,12.35,12.25,12.29,34231484.0,420789536.0,10786411134.0,0.0031735749337514,601166
2012-09-04,12.31,12.32,12.05,12.12,37663304.0,457878496.0,10786411134.0,0.0034917363645894,601166
2012-09-05,12.09,12.11,11.84,11.94,48702520.0,579991872.0,10786411134.0,0.004515173712087,601166
2012-09-06,11.94,12.03,11.85,12.0,38804296.0,463161600.0,10786411134.0,0.0035975168680233,601166
2012-09-07,12.07,12.56,12.01,12.35,92037048.0,1133919232.0,10786411134.0,0.0085326849548584,601166
2012-09-10,12.31,12.38,12.21,12.26,47037720.0,577369408.0,10786411134.0,0.004360831366026,601166
2012-09-11,12.23,12.24,12.11,12.2,32624416.0,397011744.0,10786411134.0,0.0030245848776488,601166
2012-09-12,12.26,12.33,12.11,12.22,25650100.0,313435168.0,10786411134.0,0.0023780013279067,601166
2012-09-13,12.23,12.23,12.11,12.13,20168530.0,245388400.0,10786411134.0,0.0018698091283046,601166
2012-09-14,12.18,12.3,12.12,12.24,41111140.0,502327840.0,10786411134.0,0.003811382626647,601166
2012-09-17,12.2,12.21,11.99,12.03,32524776.0,393943104.0,10786411134.0,0.0030153473287772,601166
2012-09-18,12.0,12.03,11.89,11.95,25396388.0,303867040.0,10786411134.0,0.0023544798807035,601166
2012-09-19,11.93,12.01,11.89,11.97,23631880.0,282131456.0,10786411134.0,0.0021908936815424,601166
2012-09-20,11.91,11.95,11.76,11.79,34559080.0,410030880.0,10786411134.0,0.0032039461105896,601166
2012-09-21,11.77,11.84,11.72,11.74,25872652.0,304537792.0,10786411134.0,0.0023986339551295,601166
2012-09-24,11.72,11.81,11.59,11.71,28415520.0,331828992.0,10786411134.0,0.0026343813198841,601166
2012-09-25,11.72,11.77,11.64,11.66,15528786.0,181455504.0,10786411134.0,0.001439661979048,601166
2012-09-26,11.66,11.73,11.6,11.65,17832574.0,207850960.0,10786411134.0,0.0016532444182281,601166
2012-09-27,11.65,12.15,11.65,11.9,39791284.0,473981984.0,10786411134.0,0.0036890197773542,601166
2012-09-28,11.86,12.05,11.82,12.01,38397516.0,457807936.0,10786411134.0,0.0035598046025676,601166
2012-10-08,12.01,12.08,11.87,11.92,19819964.0,237083360.0,10786411134.0,0.0018374938386619,601166
2012-10-09,11.98,12.21,11.96,12.12,36782792.0,445888128.0,10786411134.0,0.0034101047645084,601166
2012-10-10,12.11,12.14,12.05,12.11,20690416.0,250104592.0,10786411134.0,0.0019181927837685,601166
2012-10-11,12.07,12.17,12.01,12.11,26102692.0,315911360.0,10786411134.0,0.0024199607891563,601166
2012-10-12,12.13,12.33,12.13,12.21,44323552.0,542935808.0,10786411134.0,0.004109202908119,601166
2012-10-15,12.23,12.25,12.09,12.18,17687368.0,215350112.0,10786411134.0,0.0016397824800361,601166
2012-10-16,12.2,12.35,12.18,12.29,33680544.0,413881440.0,10786411134.0,0.0031224977039707,601166
2012-10-17,12.32,12.41,12.27,12.34,27213504.0,335747456.0,10786411134.0,0.0025229433276671,601166
2012-10-18,12.38,12.5,12.34,12.46,36196948.0,450285856.0,10786411134.0,0.0033557916113454,601166
2012-10-19,12.45,12.5,12.41,12.43,20237070.0,251765344.0,10786411134.0,0.0018761634197504,601166
2012-10-22,12.39,12.64,12.36,12.58,32233876.0,403364672.0,10786411134.0,0.002988378210283,601166
2012-10-23,12.56,12.61,12.38,12.39,27632830.0,344748544.0,10786411134.0,0.0025618187232728,601166
2012-10-24,12.35,12.47,12.32,12.38,19193288.0,238274224.0,10786411134.0,0.0017793951817301,601166
2012-10-25,12.4,12.47,12.3,12.32,16604923.0,205481600.0,10786411134.0,0.0015394298245928,601166
2012-10-26,12.34,12.37,12.13,12.19,29298296.0,357883968.0,10786411134.0,0.002716222813689,601166
2012-10-29,12.13,12.3,12.07,12.19,22872148.0,278154208.0,10786411134.0,0.0021204595037087,601166
2012-10-30,12.19,12.27,12.05,12.24,25378324.0,308775616.0,10786411134.0,0.0023528051809563,601166
2012-10-31,12.35,12.46,12.28,12.4,53080816.0,657828992.0,10786411134.0,0.0049210822154445,601166
2012-11-01,12.43,12.78,12.41,12.65,63292956.0,800233088.0,10786411134.0,0.0058678419739159,601166
2012-11-02,12.68,12.76,12.61,12.73,36838456.0,467312544.0,10786411134.0,0.0034152653317544,601166
2012-11-05,12.73,12.88,12.72,12.81,59736116.0,765479488.0,10786411134.0,0.0055380900336447,601166
2012-11-06,12.82,12.82,12.58,12.71,44384968.0,562176064.0,10786411134.0,0.0041148967389249,601166
2012-11-07,12.7,12.78,12.64,12.69,28457300.0,361452832.0,10786411134.0,0.0026382547120143,601166
2012-11-08,12.6,12.68,12.49,12.51,28342746.0,356745344.0,10786411134.0,0.0026276344975077,601166
2012-11-09,12.53,12.61,12.48,12.58,21126176.0,265238048.0,10786411134.0,0.0019585917630571,601166
2012-11-12,12.64,12.88,12.62,12.79,60076520.0,766810240.0,10786411134.0,0.0055696486304542,601166
2012-11-13,12.78,12.79,12.51,12.53,33701608.0,425001216.0,10786411134.0,0.003124450531444,601166
2012-11-14,12.55,12.65,12.52,12.61,20583598.0,259008832.0,10786411134.0,0.0019082897679579,601166
2012-11-15,12.55,12.58,12.43,12.45,20853272.0,260813536.0,10786411134.0,0.0019332910400817,601166
2012-11-16,12.43,12.48,12.29,12.33,24894512.0,307553344.0,10786411134.0,0.0023079513371717,601166
2012-11-19,12.33,12.4,12.27,12.38,29521192.0,363759744.0,10786411134.0,0.002736887332891,601166
2012-11-20,12.44,12.5,12.26,12.3,29525402.0,364952640.0,10786411134.0,0.0027372776387998,601166
2012-11-21,12.27,12.5,12.23,12.5,31847204.0,394083520.0,10786411134.0,0.0029525301422652,601166
2012-11-22,12.42,12.46,12.34,12.4,20426358.0,253270320.0,10786411134.0,0.0018937121667478,601166
2012-11-23,12.46,12.65,12.42,12.56,34348068.0,431756800.0,10786411134.0,0.0031843833480193,601166
2012-11-26,12.56,12.59,12.48,12.56,24316030.0,304852576.0,10786411134.0,0.0022543207094483,601166
2012-11-27,12.5,12.71,12.49,12.58,42544828.0,537079488.0,10786411134.0,0.0039442987543738,601166
2012-11-28,12.56,12.72,12.52,12.58,38509984.0,486210688.0,10786411134.0,0.0035702314255955,601166
2012-11-29,12.58,12.7,12.54,12.56,27299900.0,344214624.0,10786411134.0,0.0025309530353379,601166
2012-11-30,12.46,12.67,12.41,12.66,39047368.0,490453216.0,10786411134.0,0.0036200518888917,601166
2012-12-03,12.64,12.68,12.45,12.47,53977024.0,677015296.0,10786411134.0,0.0050041689797877,601166
2012-12-04,12.41,12.74,12.4,12.7,48761272.0,612943232.0,10786411134.0,0.0045206205654723,601166
2012-12-05,12.75,13.53,12.75,13.48,190074832.0,2527162624.0,10786411134.0,0.0176216935956448,601166
2012-12-06,13.41,13.84,13.41,13.61,125209352.0,1709429504.0,10786411134.0,0.0116080641136815,601166
2012-12-07,13.67,14.1,13.59,14.08,173243264.0,2413262848.0,10786411134.0,0.0160612516849017,601166
2012-12-10,14.18,14.26,14.04,14.18,146303200.0,2072786304.0,10786411134.0,0.0135636587723636,601166
2012-12-11,14.1,14.23,14.01,14.04,63178688.0,891578496.0,10786411134.0,0.0058572482742525,601166
2012-12-12,14.1,14.34,14.02,14.16,71919952.0,1019705856.0,10786411134.0,0.0066676442337062,601166
2012-12-13,14.09,14.18,13.91,13.93,56706712.0,797227648.0,10786411134.0,0.0052572362851304,601166
2012-12-14,13.92,15.32,13.92,15.2,170600784.0,2504201984.0,10786411134.0,0.0158162693671342,601166
2012-12-17,15.46,15.52,15.15,15.3,125736744.0,1930287232.0,10786411134.0,0.0116569582262318,601166
2012-12-18,15.27,15.68,15.16,15.33,113038008.0,1745852800.0,10786411134.0,0.0104796680374708,601166
2012-12-19,15.3,15.57,15.21,15.35,73247336.0,1125955456.0,10786411134.0,0.0067907049981727,601166
2012-12-20,15.2,15.32,14.95,15.24,93277744.0,1414730240.0,10786411134.0,0.0086477089405555,601166
2012-12-21,15.25,15.39,15.01,15.24,73989232.0,1122825728.0,10786411134.0,0.0068594856139664,601166
2012-12-24,15.2,15.78,15.18,15.45,81032480.0,1257335296.0,10786411134.0,0.0075124597971772,601166
2012-12-25,15.37,16.43,15.32,16.36,124936136.0,2001189632.0,10786411134.0,0.0115827344654226,601166
2012-12-26,16.29,16.39,16.15,16.31,77624008.0,1262112256.0,10786411134.0,0.0071964629417212,601166
2012-12-27,16.36,16.48,15.99,16.06,84449408.0,1364738304.0,10786411134.0,0.0078292406019835,601166
2012-12-28,16.06,16.48,16.03,16.35,77648680.0,1265665664.0,10786411134.0,0.0071987502641395,601166
2012-12-31,16.4,16.84,16.39,16.69,87142720.0,1449758464.0,10786411134.0,0.0080789355159396,601166
2013-01-04,17.01,17.28,16.55,16.79,118790528.0,2006566016.0,10786411134.0,0.0110129798061895,601166
2013-01-07,16.78,17.6,16.55,17.36,122506488.0,2112016768.0,10786411134.0,0.0113574836410458,601166
2013-01-08,17.36,17.44,16.8,17.02,106055944.0,1805135104.0,10786411134.0,0.0098323661765218,601166
2013-01-09,16.95,17.07,16.6,16.79,88960832.0,1498709632.0,10786411134.0,0.0082474913013083,601166
2013-01-10,16.96,17.07,16.64,16.73,90211072.0,1518584320.0,10786411134.0,0.0083634001040109,601166
2013-01-11,16.8,16.85,16.11,16.28,114170384.0,1879810432.0,10786411134.0,0.0105846497580758,601166
2013-01-14,16.25,17.41,16.25,17.27,148221184.0,2509223680.0,10786411134.0,0.013741473615148,601166
2013-01-15,17.29,17.5,17.2,17.3,79347792.0,1376045696.0,10786411134.0,0.0073562736497115,601166
2013-01-16,17.3,17.36,16.7,16.98,100445688.0,1704523392.0,10786411134.0,0.0093122435954053,601166
2013-01-17,16.88,17.15,16.62,17.04,94651000.0,1595496832.0,10786411134.0,0.0087750224633705,601166
2013-01-18,17.1,17.58,16.89,17.31,112496064.0,1937351424.0,10786411134.0,0.0104294248200311,601166
2013-01-21,17.41,18.19,17.2,18.04,134810000.0,2392954112.0,10786411134.0,0.0124981329123514,601166
2013-01-22,17.96,18.64,17.78,18.08,123958296.0,2258965760.0,10786411134.0,0.0114920796602374,601166
2013-01-23,17.95,18.39,17.91,18.35,61294808.0,1113150080.0,10786411134.0,0.0056825951874569,601166
2013-01-24,18.35,19.25,18.08,18.39,146212496.0,2739725312.0,10786411134.0,0.0135552496732784,601166
2013-01-25,18.41,18.64,18.04,18.33,68433136.0,1252506752.0,10786411134.0,0.0063443841653959,601166
2013-01-28,18.68,19.79,18.6,19.73,157971312.0,3040898048.0,10786411134.0,0.0146454005913103,601166
2013-01-29,19.78,20.21,19.42,20.07,132316328.0,2620975104.0,10786411134.0,0.0122669464714657,601166
2013-01-30,19.97,20.1,19.67,19.9,113941128.0,2265638912.0,10786411134.0,0.0105633956080947,601166
2013-01-31,19.9,20.15,19.65,19.92,72755912.0,1440695680.0,10786411134.0,0.0067451454516382,601166
2013-02-01,19.94,20.75,19.69,20.65,113874552.0,2315697152.0,10786411134.0,0.0105572233976001,601166
2013-02-04,20.88,21.48,20.42,20.64,120252400.0,2514083584.0,10786411134.0,0.0111485088511924,601166
2013-02-05,20.32,20.66,19.93,20.33,95056000.0,1927748224.0,10786411134.0,0.0088125697063755,601166
2013-02-06,20.32,20.9,20.15,20.63,79303576.0,1629690496.0,10786411134.0,0.0073521744178678,601166
2013-02-07,20.52,20.54,19.3,19.8,167489008.0,3319824896.0,10786411134.0,0.0155277789729389,601166
2013-02-08,19.68,19.87,19.09,19.6,109392192.0,2135251328.0,10786411134.0,0.0101416671996845,601166
2013-02-18,19.73,20.09,19.46,19.7,81899624.0,1628060672.0,10786411134.0,0.0075928520601113,601166
2013-02-19,19.66,19.95,19.42,19.56,59455424.0,1167947392.0,10786411134.0,0.0055120672910927,601166
2013-02-20,19.6,19.61,18.52,19.12,110382976.0,2091698304.0,10786411134.0,0.010233522033298,601166
2013-02-21,18.8,18.8,17.7,18.03,180058848.0,3277494272.0,10786411134.0,0.0166931193112446,601166
2013-02-22,18.0,18.18,17.5,17.63,90576080.0,1619710592.0,10786411134.0,0.0083972397190103,601166
2013-02-25,17.75,18.28,17.75,18.05,78469672.0,1419353856.0,10786411134.0,0.0072748638101374,601166
2013-02-26,17.9,19.08,17.83,18.27,167368480.0,3112250112.0,10786411134.0,0.0155166049134206,601166
2013-02-27,18.31,19.18,18.31,18.92,116197192.0,2191095808.0,10786411134.0,0.0107725535914103,601166
2013-02-28,19.27,19.91,18.92,19.87,176403600.0,3426628608.0,10786411134.0,0.0163542440398879,601166
2013-03-01,19.95,20.29,19.51,20.16,167518272.0,3349220864.0,10786411134.0,0.0155304920161964,601166
2013-03-04,19.53,19.54,18.14,18.34,207091536.0,3894780160.0,10786411134.0,0.0191992993246125,601166
2013-03-05,18.34,20.17,18.34,20.16,176221664.0,3400344320.0,10786411134.0,0.0163373768912376,601166
2013-03-06,20.33,20.73,20.02,20.56,140656080.0,2873901056.0,10786411134.0,0.0130401185577504,601166
2013-03-07,20.29,20.54,19.53,19.93,141132224.0,2834575872.0,10786411134.0,0.0130842615070674,601166
2013-03-08,19.96,20.22,19.61,19.71,93210440.0,1850956160.0,10786411134.0,0.0086414692377328,601166
2013-03-11,19.71,19.71,18.81,19.09,77582896.0,1489587968.0,10786411134.0,0.0071926514793646,601166
2013-03-12,19.09,19.27,18.3,18.55,101649576.0,1897958528.0,10786411134.0,0.0094238551393233,601166
2013-03-13,18.54,18.88,18.41,18.53,77121552.0,1432794624.0,10786411134.0,0.007149880626829,601166
2013-03-14,18.52,18.85,18.23,18.54,61343064.0,1140901376.0,10786411134.0,0.0056870689646382,601166
2013-03-15,18.55,19.81,18.39,18.71,172709472.0,3291284480.0,10786411134.0,0.0160117642332026,601166
2013-03-18,18.71,19.2,18.45,18.5,108577280.0,2042337536.0,10786411134.0,0.0100661173258779,601166
2013-03-19,18.54,19.01,18.36,18.88,91608112.0,1714017152.0,10786411134.0,0.0084929186234372,601166
2013-03-20,18.92,20.11,18.91,20.08,193662208.0,3812480768.0,10786411134.0,0.0179542765053294,601166
2013-03-21,20.12,20.39,19.91,20.07,107572720.0,2165312000.0,10786411134.0,0.0099729853297468,601166
2013-03-22,20.05,20.55,20.01,20.23,69860424.0,1416917376.0,10786411134.0,0.0064767069539739,601166
2013-03-25,20.4,20.65,19.93,20.05,72206024.0,1460861824.0,10786411134.0,0.0066941657519801,601166
2013-03-26,19.85,19.92,19.38,19.57,96212512.0,1883530752.0,10786411134.0,0.0089197890572451,601166
2013-03-27,19.62,20.08,19.48,19.86,77895936.0,1543550592.0,10786411134.0,0.0072216731804764,601166
2013-03-28,17.89,18.36,17.87,17.87,365744992.0,6575040512.0,10786411134.0,0.0339079409690893,601166
2013-03-29,17.6,17.69,17.05,17.3,198040000.0,3421679360.0,10786411134.0,0.0183601382832289,601166
2013-04-01,17.23,17.5,17.19,17.2,79009896.0,1369439232.0,10786411134.0,0.0073249475676809,601166
2013-04-02,17.3,17.44,16.67,16.85,110497168.0,1881364480.0,10786411134.0,0.010244108687059,601166
2013-04-03,16.94,17.29,16.92,17.15,99152208.0,1695990272.0,10786411134.0,0.0091923260450791,601166
2013-04-08,16.8,17.27,16.68,17.26,79410440.0,1348364160.0,10786411134.0,0.0073620816983036,601166
2013-04-09,17.29,17.75,17.2,17.37,74993568.0,1309935488.0,10786411134.0,0.0069525968432272,601166
2013-04-10,17.38,17.46,17.06,17.26,55599932.0,958306752.0,10786411134.0,0.0051546275502833,601166
2013-04-11,17.44,17.7,17.44,17.65,99347920.0,1749516160.0,10786411134.0,0.009210470356247,601166
2013-04-12,17.55,17.95,17.52,17.68,78594592.0,1397916416.0,10786411134.0,0.0072864450486465,601166
2013-04-15,17.6,17.79,17.3,17.58,45511856.0,798083456.0,10786411134.0,0.0042193696712098,601166
2013-04-16,17.45,17.48,16.71,17.29,116775152.0,1993546752.0,10786411134.0,0.0108261358249094,601166
2013-04-17,17.1,17.2,16.77,16.99,68945192.0,1170325248.0,10786411134.0,0.0063918564890111,601166
2013-04-18,16.52,17.33,16.3,17.21,103824664.0,1742879488.0,10786411134.0,0.0096255058990596,601166
2013-04-19,17.2,18.4,17.17,18.19,148872192.0,2661323008.0,10786411134.0,0.0138018280733559,601166
2013-04-22,18.11,18.6,18.11,18.57,98478384.0,1808010752.0,10786411134.0,0.009129856332806,601166
2013-04-23,19.0,19.0,18.17,18.22,147011200.0,2717467392.0,10786411134.0,0.0136292969156908,601166
2013-04-24,18.29,18.98,17.8,18.6,135222800.0,2489790720.0,10786411134.0,0.0125364032874439,601166
2013-04-25,18.48,18.62,18.0,18.23,78849248.0,1441000448.0,10786411134.0,0.0073100540133741,601166
2013-04-26,18.41,18.65,18.09,18.16,71264376.0,1309559936.0,10786411134.0,0.0066068662796809,601166
2013-05-02,17.98,18.23,17.83,18.21,54075920.0,976367168.0,10786411134.0,0.0050133375529833,601166
2013-05-03,18.3,19.1,18.27,18.62,104656624.0,1961306368.0,10786411134.0,0.0097026362800237,601166
2013-05-06,18.73,19.03,18.54,18.76,65602536.0,1234432896.0,10786411134.0,0.0060819613850257,601166
2013-05-07,18.66,18.69,18.29,18.5,67798392.0,1251681792.0,10786411134.0,0.0062855375302997,601166
2013-05-08,18.64,18.89,18.27,18.42,86846920.0,1611382528.0,10786411134.0,0.0080515121221597,601166
2013-05-09,18.42,18.46,18.02,18.22,67250936.0,1225504256.0,10786411134.0,0.0062347832995181,601166
2013-05-10,18.18,18.38,18.06,18.26,59999416.0,1092392704.0,10786411134.0,0.00556250037706,601166
2013-05-13,18.25,18.35,17.91,17.95,81302904.0,1466307328.0,10786411134.0,0.0075375306012325,601166
2013-05-14,17.96,18.03,17.72,17.89,66992616.0,1198724480.0,10786411134.0,0.0062108346481279,601166
2013-05-15,17.95,18.06,17.75,17.86,52897176.0,946749120.0,10786411134.0,0.0049040570902458,601166
2013-05-16,17.86,18.25,17.25,18.11,149950048.0,2660964096.0,10786411134.0,0.0139017552860877,601166
2013-05-17,18.0,18.16,17.72,18.02,110888200.0,1996266496.0,10786411134.0,0.0102803609673719,601166
2013-05-20,18.08,18.83,18.08,18.57,120764672.0,2236171264.0,10786411134.0,0.0111960012000039,601166
2013-05-21,18.5,18.66,18.26,18.47,63483384.0,1170566144.0,10786411134.0,0.0058854964094492,601166
2013-05-22,18.47,18.78,18.4,18.73,70853000.0,1316019200.0,10786411134.0,0.006568727922549,601166
2013-05-23,18.6,18.8,18.3,18.34,70431000.0,1307737984.0,10786411134.0,0.0065296046224302,601166
2013-05-24,18.36,18.65,18.27,18.43,51315244.0,947820096.0,10786411134.0,0.0047573973736499,601166
2013-05-27,18.4,18.52,18.25,18.3,57200832.0,1049283328.0,10786411134.0,0.0053030457757813,601166
2013-05-28,18.29,18.87,18.19,18.74,99408096.0,1841293184.0,10786411134.0,0.0092160492275928,601166
2013-05-29,18.8,19.06,18.7,18.73,98728280.0,1861276032.0,10786411134.0,0.0091530240015418,601166
2013-05-30,18.62,18.83,18.53,18.67,59357632.0,1109455872.0,10786411134.0,0.0055030010689002,601166
2013-05-31,18.73,18.89,18.49,18.54,57716288.0,1078967040.0,10786411134.0,0.0053508333108193,601166
2013-06-03,18.58,18.64,18.32,18.41,45671792.0,844382080.0,10786411134.0,0.0042341972165363,601166
2013-06-04,18.42,18.57,18.32,18.36,46205668.0,850127168.0,10786411134.0,0.0042836924558117,601166
2013-06-05,18.33,18.38,17.7,17.88,91285928.0,1641966464.0,10786411134.0,0.0084630491890167,601166
2013-06-06,17.73,17.73,17.3,17.34,93373144.0,1628875776.0,10786411134.0,0.0086565534022411,601166
2013-06-07,17.34,17.46,16.94,17.04,75305384.0,1291115136.0,10786411134.0,0.0069815050682268,601166
2013-06-13,16.77,16.77,16.36,16.45,98643736.0,1623141760.0,10786411134.0,0.0091451859913872,601166
2013-06-14,16.5,16.56,16.39,16.48,66040680.0,1088019584.0,10786411134.0,0.0061225813831471,601166
2013-06-17,16.58,16.62,16.25,16.33,54573836.0,895033408.0,10786411134.0,0.0050594989679168,601166
2013-06-18,16.44,16.74,16.44,16.64,62582028.0,1040059520.0,10786411134.0,0.0058019323779282,601166
2013-06-19,16.5,16.5,16.16,16.22,84271176.0,1370388864.0,10786411134.0,0.0078127168483655,601166
2013-06-20,16.1,16.11,15.5,15.61,108146568.0,1712602496.0,10786411134.0,0.0100261863428429,601166
2013-06-21,15.34,15.63,15.1,15.43,92962456.0,1431851904.0,10786411134.0,0.0086184788290677,601166
2013-06-24,15.31,15.31,13.89,13.89,230190896.0,3266633984.0,10786411134.0,0.0213408234806118,601166
2013-06-25,13.56,13.98,12.81,13.93,200476608.0,2687083008.0,10786411134.0,0.0185860343639298,601166
2013-06-26,14.13,14.16,13.69,13.91,123876576.0,1721986944.0,10786411134.0,0.0114845034609822,601166
2013-06-27,14.0,14.26,13.95,14.13,101519584.0,1431323264.0,10786411134.0,0.0094118036795388,601166
2013-06-28,14.08,14.89,13.99,14.77,104153560.0,1518553216.0,10786411134.0,0.0096559975979124,601166
2013-07-01,14.69,14.86,14.3,14.61,62833320.0,917622784.0,10786411134.0,0.0058252294687657,601166
2013-07-02,14.61,14.67,14.02,14.28,90398568.0,1286888448.0,10786411134.0,0.0083807827160466,601166
2013-07-03,9.1,9.18,8.87,9.02,81409648.0,734214016.0,10786411134.0,0.0075474267565592,601166
2013-07-04,8.96,9.35,8.76,9.13,113315064.0,1032661632.0,16179616701.0,0.007003569126146,601166
2013-07-05,9.19,9.45,9.18,9.3,80791528.0,753318080.0,16179616701.0,0.0049934142132678,601166
2013-07-08,9.13,9.35,9.03,9.09,76304352.0,700922496.0,16179616701.0,0.0047160790895178,601166
2013-07-09,9.15,9.23,9.1,9.13,58974856.0,540583168.0,16179616701.0,0.0036450094640594,601166
2013-07-10,9.17,9.48,9.16,9.45,81554352.0,760009600.0,16179616701.0,0.0050405614364745,601166
2013-07-11,9.8,10.4,9.72,10.4,365933024.0,3729231104.0,16179616701.0,0.0226169155155191,601166
2013-07-12,10.4,10.47,10.01,10.07,226272544.0,2328675584.0,16179616701.0,0.0139850373579007,601166
2013-07-15,10.11,10.51,10.02,10.26,127122016.0,1305059456.0,16179616701.0,0.0078569238288656,601166
2013-07-16,10.18,10.32,10.04,10.27,89531992.0,908633088.0,16179616701.0,0.0055336287413079,601166
2013-07-17,10.2,10.3,10.04,10.1,83856552.0,853004032.0,16179616701.0,0.0051828515810771,601166
2013-07-18,10.08,10.12,9.65,9.69,138495696.0,1360224256.0,16179616701.0,0.0085598873298055,601166
2013-07-19,9.67,9.76,9.35,9.37,114368920.0,1093518208.0,16179616701.0,0.0070687039200954,601166
2013-07-22,9.18,9.39,9.08,9.3,118050616.0,1089241984.0,16179616701.0,0.0072962554170213,601166
2013-07-23,9.38,9.88,9.25,9.64,125970384.0,1212601472.0,16179616701.0,0.0077857458756865,601166
2013-07-24,9.5,9.58,9.25,9.39,108360592.0,1017064512.0,16179616701.0,0.0066973522304334,601166
2013-07-25,9.45,9.55,9.31,9.38,69381584.0,654650304.0,16179616701.0,0.0042882093736937,601166
2013-07-26,9.32,9.41,9.25,9.34,48087400.0,449149984.0,16179616701.0,0.0029720976021037,601166
2013-07-29,9.18,9.19,8.94,9.13,112495224.0,1018038144.0,16179616701.0,0.0069528979628452,601166
2013-07-30,9.1,9.43,9.07,9.17,83916560.0,775021632.0,16179616701.0,0.0051865604452059,601166
2013-07-31,9.26,9.45,9.05,9.06,74869120.0,687814656.0,16179616701.0,0.0046273729089869,601166
2013-08-01,9.13,9.31,9.07,9.27,80188096.0,738608704.0,16179616701.0,0.0049561183977271,601166
2013-08-02,9.37,9.43,9.2,9.23,77234216.0,720646336.0,16179616701.0,0.0047735504139122,601166
2013-08-05,9.25,9.39,9.18,9.38,65820664.0,611346304.0,16179616701.0,0.004068122577708,601166
2013-08-06,9.31,9.43,9.21,9.34,72886032.0,678524864.0,16179616701.0,0.0045048058521371,601166
2013-08-07,9.32,9.5,9.32,9.33,72324528.0,679786304.0,16179616701.0,0.0044701014453284,601166
2013-08-08,9.31,9.4,9.22,9.27,65582380.0,609810112.0,16179616701.0,0.0040533951583628,601166
2013-08-09,9.36,9.4,9.18,9.3,75252040.0,699637376.0,16179616701.0,0.0046510397242815,601166
2013-08-12,9.36,9.98,9.34,9.88,226460032.0,2201153536.0,16179616701.0,0.0139966252714752,601166
2013-08-13,9.92,10.38,9.9,10.32,269349216.0,2720636672.0,16179616701.0,0.0166474410968804,601166
2013-08-14,10.33,10.56,10.17,10.23,184000752.0,1910221952.0,16179616701.0,0.0113723801620484,601166
2013-08-15,10.16,10.31,10.02,10.06,98406424.0,1000467392.0,16179616701.0,0.0060821233171684,601166
2013-08-16,9.98,11.07,9.91,10.21,305088608.0,3182198272.0,16179616701.0,0.0188563557244927,601166
2013-08-19,10.02,10.65,10.02,10.56,186120704.0,1929573120.0,16179616701.0,0.0115034062573618,601166
2013-08-20,10.47,11.05,10.45,10.74,217908320.0,2350768896.0,16179616701.0,0.0134680767799976,601166
2013-08-21,10.8,10.89,10.34,10.59,138236352.0,1462161920.0,16179616701.0,0.0085438582727028,601166
2013-08-22,10.55,10.89,10.48,10.6,100567104.0,1077080704.0,16179616701.0,0.0062156666538203,601166
2013-08-23,10.68,10.76,10.16,10.39,124619024.0,1301077248.0,16179616701.0,0.0077022235015182,601166
2013-08-26,10.41,10.74,10.35,10.67,110434992.0,1170556544.0,16179616701.0,0.0068255629314861,601166
2013-08-27,10.66,10.84,10.54,10.71,83306248.0,890913984.0,16179616701.0,0.0051488394032753,601166
2013-08-28,10.57,10.72,10.49,10.6,96943416.0,1027286144.0,16179616701.0,0.0059917004087005,601166
2013-08-29,10.75,10.9,10.57,10.64,76618048.0,819818432.0,16179616701.0,0.0047354674351008,601166
2013-08-30,10.64,10.78,10.48,10.62,78530440.0,834517952.0,16179616701.0,0.0048536650435696,601166
2013-09-02,10.7,10.82,10.57,10.72,87166816.0,934257280.0,16179616701.0,0.0053874462918897,601166
2013-09-03,10.82,11.25,10.74,11.24,195601616.0,2164413440.0,16179616701.0,0.0120893850339427,601166
2013-09-04,11.25,11.53,11.23,11.25,143085120.0,1628939520.0,16179616701.0,0.0088435420099387,601166
2013-09-05,11.23,11.32,11.15,11.2,56588148.0,635285632.0,16179616701.0,0.0034974962043756,601166
2013-09-06,11.16,11.54,11.12,11.41,90693216.0,1028437952.0,16179616701.0,0.0056053995391865,601166
2013-09-09,11.56,12.55,11.56,12.55,354041504.0,4340513792.0,16179616701.0,0.0218819463119987,601166
2013-09-10,12.6,12.64,12.1,12.41,285523904.0,3526052608.0,16179616701.0,0.0176471364727912,601166
2013-09-11,12.42,12.73,12.23,12.31,190722176.0,2380798720.0,16179616701.0,0.0117878055781267,601166
2013-09-12,12.22,13.26,12.05,12.69,313811328.0,3970493440.0,16179616701.0,0.0193954735640062,601166
2013-09-13,12.59,12.72,12.15,12.29,150163984.0,1867780480.0,16179616701.0,0.009281059420321,601166
2013-09-16,12.45,12.56,11.97,12.18,179110320.0,2185192448.0,16179616701.0,0.011070121332907,601166
2013-09-17,12.18,12.37,11.85,11.87,131484400.0,1589240960.0,16179616701.0,0.0081265460381316,601166
2013-09-18,11.86,12.08,11.7,11.81,106251312.0,1260960896.0,16179616701.0,0.0065669857304736,601166
2013-09-23,11.9,12.0,11.6,11.87,118013920.0,1392454400.0,16179616701.0,0.0072939873781253,601166
2013-09-24,11.85,11.86,11.26,11.45,159768224.0,1828857856.0,16179616701.0,0.0098746606271658,601166
2013-09-25,11.43,11.64,11.27,11.31,88081008.0,1005846272.0,16179616701.0,0.0054439489901238,601166
2013-09-26,11.3,11.31,11.01,11.13,122429664.0,1356306816.0,16179616701.0,0.0075669075641596,601166
2013-09-27,11.12,11.24,11.04,11.19,65696032.0,732310976.0,16179616701.0,0.0040604195522097,601166
2013-09-30,11.29,11.38,11.12,11.17,57467500.0,644110208.0,16179616701.0,0.0035518455759491,601166
2013-10-08,11.13,11.35,10.82,11.25,92326384.0,1028576512.0,16179616701.0,0.0057063393840654,601166
2013-10-09,11.26,11.89,11.2,11.58,111808440.0,1293466496.0,16179616701.0,0.0069104504801457,601166
2013-10-10,11.65,11.68,11.16,11.21,91944200.0,1045991488.0,16179616701.0,0.0056827180581056,601166
2013-10-11,11.33,11.74,11.28,11.61,115427448.0,1331328128.0,16179616701.0,0.0071341274724305,601166
2013-10-14,11.61,11.61,11.37,11.44,65295672.0,747643712.0,16179616701.0,0.0040356748374616,601166
2013-10-15,11.45,11.47,11.15,11.21,71989056.0,809238912.0,16179616701.0,0.0044493672087763,601166
2013-10-16,11.2,11.2,10.97,11.1,87065320.0,963238720.0,16179616701.0,0.0053811732137399,601166
2013-10-17,11.22,11.27,11.02,11.07,50598072.0,561111680.0,16179616701.0,0.0031272726007701,601166
2013-10-18,11.08,11.34,11.05,11.17,50290476.0,564285504.0,16179616701.0,0.0031082612727711,601166
2013-10-21,11.18,11.38,11.03,11.34,69750632.0,782908032.0,16179616701.0,0.0043110188139184,601166
2013-10-22,11.3,11.31,11.15,11.2,51036456.0,571825728.0,16179616701.0,0.0031543674329964,601166
2013-10-23,11.27,11.8,11.21,11.4,141875616.0,1635822080.0,16179616701.0,0.0087687872105914,601166
2013-10-24,11.38,11.65,11.18,11.36,100813000.0,1154692736.0,16179616701.0,0.0062308645416655,601166
2013-10-25,11.38,11.79,11.38,11.65,140558416.0,1635218688.0,16179616701.0,0.008687376134894,601166
2013-10-28,11.71,11.74,11.42,11.54,71948912.0,831462080.0,16179616701.0,0.0044468860622361,601166
2013-10-29,11.65,12.32,11.62,12.09,252598000.0,3029804800.0,16179616701.0,0.0156121127383931,601166
2013-10-30,12.0,12.17,11.83,12.15,162551232.0,1956649600.0,16179616701.0,0.0100466676685828,601166
2013-10-31,12.0,12.11,11.67,11.76,120137504.0,1422903424.0,16179616701.0,0.0074252379534167,601166
2013-11-01,11.77,11.97,11.61,11.92,83146840.0,982663872.0,16179616701.0,0.0051389870067107,601166
2013-11-04,11.98,12.08,11.69,11.72,70342016.0,833465600.0,16179616701.0,0.0043475699888275,601166
2013-11-05,11.62,11.62,11.22,11.49,123332080.0,1406552704.0,16179616701.0,0.0076226824330379,601166
2013-11-06,11.26,11.33,11.09,11.19,129508624.0,1451688704.0,16179616701.0,0.0080044309079334,601166
2013-11-07,11.2,11.31,11.14,11.21,68775712.0,770260416.0,16179616701.0,0.0042507627511193,601166
2013-11-08,11.13,11.24,11.04,11.09,66449080.0,739652032.0,16179616701.0,0.0041069625583832,601166
2013-11-11,11.1,11.17,11.03,11.07,59553268.0,661222144.0,16179616701.0,0.0036807588894438,601166
2013-11-12,11.14,11.33,11.08,11.29,83894696.0,943957824.0,16179616701.0,0.0051852091152947,601166
2013-11-13,11.14,11.18,10.9,10.91,95889432.0,1056766976.0,16179616701.0,0.0059265577035624,601166
2013-11-14,10.87,10.97,10.51,10.64,118360832.0,1263529856.0,16179616701.0,0.0073154286771629,601166
2013-11-15,10.66,11.03,10.66,10.91,98237200.0,1071104320.0,16179616701.0,0.0060716642313243,601166
2013-11-18,10.93,11.45,10.8,11.43,175149024.0,1951342592.0,16179616701.0,0.0108252888332746,601166
2013-11-19,11.43,11.45,11.16,11.21,103669464.0,1168347776.0,16179616701.0,0.0064074116164688,601166
2013-11-20,11.34,11.39,11.08,11.17,101820016.0,1138509312.0,16179616701.0,0.0062931043350184,601166
2013-11-21,11.08,11.09,10.77,11.01,129132936.0,1408267136.0,16179616701.0,0.0079812110747975,601166
2013-11-22,11.01,11.04,10.77,10.81,107306304.0,1164864768.0,16179616701.0,0.0066321907362223,601166
2013-11-25,10.77,10.95,10.64,10.73,71328632.0,768156992.0,16179616701.0,0.0044085489364894,601166
2013-11-26,10.75,10.84,10.66,10.72,52240224.0,560338624.0,16179616701.0,0.0032287677122024,601166
2013-11-27,10.65,10.9,10.62,10.76,92206624.0,991527872.0,16179616701.0,0.0056989374781851,601166
2013-11-28,10.79,11.0,10.75,10.84,103222824.0,1123517568.0,16179616701.0,0.0063798065125745,601166
2013-11-29,10.95,10.98,10.68,10.7,114516424.0,1235865216.0,16179616701.0,0.0070778205761155,601166
2013-12-02,10.75,10.97,10.62,10.85,156705504.0,1695150976.0,16179616701.0,0.0096853656607523,601166
2013-12-03,10.78,10.86,10.66,10.79,105269720.0,1130746368.0,16179616701.0,0.0065063172969662,601166
2013-12-04,10.81,11.03,10.72,10.96,165835072.0,1810831488.0,16179616701.0,0.0102496292133886,601166
2013-12-05,10.95,10.99,10.83,10.87,81400832.0,886375040.0,16179616701.0,0.0050310729545879,601166
2013-12-06,10.86,10.86,10.72,10.79,63600964.0,685480704.0,16179616701.0,0.0039309314414147,601166
2013-12-09,10.8,10.85,10.67,10.71,78630408.0,843783296.0,16179616701.0,0.004859843681905,601166
2013-12-10,10.76,10.79,10.69,10.73,47614184.0,511051264.0,16179616701.0,0.0029428499376661,601166
2013-12-11,10.69,10.7,10.43,10.46,100706744.0,1060826240.0,16179616701.0,0.0062242972661877,601166
2013-12-12,10.4,10.49,10.38,10.4,54228316.0,565519360.0,16179616701.0,0.0033516440470835,601166
2013-12-13,10.31,10.45,10.29,10.39,53512428.0,554470656.0,16179616701.0,0.0033073977578648,601166
2013-12-16,10.39,10.47,10.26,10.3,71509328.0,740493824.0,16179616701.0,0.0044197170626162,601166
2013-12-17,10.34,10.34,10.2,10.21,59008648.0,605712768.0,16179616701.0,0.0036470980178629,601166
2013-12-18,10.22,10.38,10.21,10.31,45110772.0,464398464.0,16179616701.0,0.002788123651731,601166
2013-12-19,10.36,10.4,10.1,10.12,71859368.0,734662784.0,16179616701.0,0.0044413516913264,601166
2013-12-20,10.13,10.16,9.72,9.79,106760064.0,1061688384.0,16179616701.0,0.00659842973866,601166
2013-12-23,9.82,9.92,9.73,9.78,63521464.0,624223936.0,16179616701.0,0.0039260178515894,601166
2013-12-24,9.83,9.94,9.7,9.79,60661628.0,596751104.0,16179616701.0,0.0037492623664101,601166
2013-12-25,9.81,9.89,9.73,9.82,58485196.0,572759168.0,16179616701.0,0.003614745459105,601166
2013-12-26,9.82,9.82,9.64,9.67,51406744.0,499555072.0,16179616701.0,0.0031772535128612,601166
2013-12-27,9.7,9.98,9.68,9.93,73207656.0,720076480.0,16179616701.0,0.0045246841969671,601166
2013-12-30,9.99,10.03,9.86,9.88,65897604.0,653019328.0,16179616701.0,0.0040728779437603,601166
2013-12-31,9.88,10.25,9.85,10.14,96270096.0,971231232.0,16179616701.0,0.0059500850841571,601166
2014-01-02,10.08,10.09,9.93,9.98,72789232.0,726735296.0,16179616701.0,0.0044988230157208,601166
2014-01-03,9.92,9.94,9.71,9.73,77898480.0,761067904.0,16179616701.0,0.0048146060218586,601166
2014-01-06,9.76,9.79,9.53,9.66,88880976.0,856262592.0,16179616701.0,0.0054933919413867,601166
2014-01-07,9.61,9.71,9.53,9.62,43191296.0,415153216.0,16179616701.0,0.0026694882084153,601166
2014-01-08,9.64,9.77,9.6,9.69,52183116.0,504730560.0,16179616701.0,0.0032252380859414,601166
2014-01-09,9.69,9.88,9.65,9.73,63526500.0,620524992.0,16179616701.0,0.0039263291074178,601166
2014-01-10,9.73,9.82,9.64,9.75,51809992.0,504198272.0,16179616701.0,0.0032021767238032,601166
2014-01-13,9.76,9.8,9.69,9.72,42658276.0,415166624.0,16179616701.0,0.0026365442883058,601166
2014-01-14,9.71,9.82,9.68,9.76,46028968.0,447747680.0,16179616701.0,0.002844873821835,601166
2014-01-15,9.76,9.77,9.58,9.63,47500672.0,458767040.0,16179616701.0,0.0029358341966818,601166
2014-01-16,9.65,9.65,9.5,9.51,89681208.0,856869568.0,16179616701.0,0.0055428512094762,601166
2014-01-17,9.49,9.5,9.3,9.31,63774252.0,598016128.0,16179616701.0,0.0039416417074984,601166
2014-01-20,9.28,9.36,9.13,9.21,54767092.0,506024576.0,16179616701.0,0.0033849437234576,601166
2014-01-21,9.22,9.37,9.22,9.29,39795624.0,370236384.0,16179616701.0,0.0024596147569763,601166
2014-01-22,9.32,9.63,9.29,9.56,75891856.0,720136064.0,16179616701.0,0.0046905842951959,601166
2014-01-23,9.54,9.55,9.38,9.41,55814380.0,526755744.0,16179616701.0,0.0034496725745394,601166
2014-01-24,9.37,9.48,9.32,9.39,70026280.0,658676864.0,16179616701.0,0.0043280555586753,601166
2014-01-27,9.32,9.36,9.2,9.22,69871640.0,648081088.0,16179616701.0,0.004318497853888,601166
2014-01-28,9.26,9.43,9.24,9.42,52755732.0,492895520.0,16179616701.0,0.0032606292828148,601166
2014-01-29,9.45,9.56,9.4,9.5,59249276.0,562421632.0,16179616701.0,0.0036619703108503,601166
2014-01-30,9.47,9.47,9.33,9.35,43287412.0,407086144.0,16179616701.0,0.0026754287694172,601166
2014-02-07,9.32,9.35,9.25,9.35,42620972.0,395806784.0,16179616701.0,0.0026342386712638,601166
2014-02-10,9.39,9.53,9.38,9.48,64325232.0,609886784.0,16179616701.0,0.0039756956662653,601166
2014-02-11,9.48,9.94,9.41,9.77,148629184.0,1447173504.0,16179616701.0,0.0091861993239193,601166
2014-02-12,9.74,9.91,9.7,9.72,84295648.0,823377088.0,16179616701.0,0.0052099904192903,601166
2014-02-13,9.67,10.12,9.65,9.96,179768064.0,1783235328.0,16179616701.0,0.0111107739646816,601166
2014-02-14,9.91,9.96,9.81,9.88,74267408.0,732588480.0,16179616701.0,0.0045901834000436,601166
2014-02-17,9.93,9.98,9.68,9.78,110363536.0,1076784896.0,16179616701.0,0.0068211465104225,601166
2014-02-18,9.75,9.76,9.46,9.49,107602768.0,1030333888.0,16179616701.0,0.0066505140380333,601166
2014-02-19,9.48,9.83,9.45,9.77,160991920.0,1554641664.0,16179616701.0,0.0099502925795547,601166
2014-02-20,9.72,9.88,9.53,9.55,116384464.0,1127998208.0,16179616701.0,0.0071932769577172,601166
2014-02-21,9.55,9.59,9.4,9.47,76178784.0,722487104.0,16179616701.0,0.0047083182134525,601166
2014-02-24,9.37,9.38,9.09,9.12,144446592.0,1322797056.0,16179616701.0,0.0089276893680103,601166
2014-02-25,9.13,9.22,8.96,9.0,92604984.0,842851072.0,16179616701.0,0.0057235585806106,601166
2014-02-26,9.0,9.14,8.97,9.08,69679792.0,629633984.0,16179616701.0,0.0043066404654501,601166
2014-02-27,9.12,9.24,8.99,9.17,99810856.0,911521920.0,16179616701.0,0.0061689258679305,601166
2014-02-28,9.12,9.18,9.02,9.12,63035312.0,573885696.0,16179616701.0,0.0038959706626488,601166
2014-03-03,9.11,9.11,9.03,9.07,60057156.0,544307456.0,16179616701.0,0.0037119022724616,601166
2014-03-04,9.04,9.2,8.99,9.16,74130360.0,671502400.0,16179616701.0,0.0045817129892464,601166
2014-03-05,9.14,9.18,9.03,9.05,46201040.0,419937280.0,16179616701.0,0.0028555089316265,601166
2014-03-06,9.03,9.17,8.99,9.11,72154128.0,655246464.0,16179616701.0,0.0044595696754386,601166
2014-03-07,9.08,9.18,9.02,9.03,76364712.0,694886016.0,16179616701.0,0.0047198097094154,601166
2014-03-10,8.98,8.98,8.61,8.65,130034056.0,1144560000.0,16179616701.0,0.0080369058428907,601166
2014-03-11,8.66,8.78,8.6,8.65,68571392.0,594880640.0,16179616701.0,0.0042381345162374,601166
2014-03-12,8.65,8.94,8.63,8.87,97332032.0,855289792.0,16179616701.0,0.00601571927189,601166
2014-03-13,8.96,9.14,8.9,8.96,99381664.0,895298368.0,16179616701.0,0.0061423991579391,601166
2014-03-14,8.91,8.98,8.81,8.93,65629096.0,582444096.0,16179616701.0,0.0040562824949953,601166
2014-03-17,9.05,9.08,8.92,8.98,45101036.0,404523040.0,16179616701.0,0.0027875219069443,601166
2014-03-18,9.0,9.01,8.88,8.9,42484192.0,379704128.0,16179616701.0,0.0026257848245177,601166
2014-03-19,8.86,8.87,8.72,8.83,55908168.0,490414720.0,16179616701.0,0.0034554692507977,601166
2014-03-20,8.82,9.08,8.79,8.89,100697584.0,903533120.0,16179616701.0,0.00622373112175,601166
2014-03-21,8.88,9.58,8.85,9.48,247149392.0,2295523072.0,16179616701.0,0.0152753551933479,601166
2014-03-24,9.53,9.74,9.41,9.58,190922352.0,1831916288.0,16179616701.0,0.0118001776882761,601166
2014-03-25,9.56,9.62,9.34,9.39,120525912.0,1140180480.0,16179616701.0,0.0074492439609246,601166
2014-03-26,9.41,9.48,9.32,9.37,51386068.0,482223232.0,16179616701.0,0.0031759756086696,601166
2014-03-27,9.36,9.67,9.3,9.47,117855728.0,1118390016.0,16179616701.0,0.007284210137853,601166
2014-03-28,9.44,9.71,9.41,9.58,115018808.0,1102764544.0,16179616701.0,0.0071088710026666,601166
2014-03-31,9.6,9.66,9.38,9.52,85561568.0,813201600.0,16179616701.0,0.0052882320750349,601166
2014-04-01,9.34,9.45,9.28,9.38,111118616.0,1037965696.0,16179616701.0,0.0068678151067158,601166
2014-04-02,9.38,9.57,9.34,9.49,83313600.0,788107200.0,16179616701.0,0.0051492938021733,601166
2014-04-03,9.55,9.58,9.32,9.38,80428480.0,761104640.0,16179616701.0,0.0049709756100111,601166
2014-04-04,9.31,9.59,9.3,9.58,89127264.0,845676544.0,16179616701.0,0.0055086140572471,601166
2014-04-08,9.66,10.5,9.66,10.35,436417248.0,4430930432.0,16179616701.0,0.0269732748349364,601166
2014-04-09,10.3,10.36,10.2,10.29,174643808.0,1794205696.0,16179616701.0,0.0107940633716746,601166
2014-04-10,10.3,10.54,10.13,10.32,219530080.0,2261431552.0,16179616701.0,0.0135683115401881,601166
2014-04-11,10.24,10.49,10.17,10.41,169345888.0,1755166336.0,16179616701.0,0.0104666192734672,601166
2014-04-14,10.38,10.44,10.2,10.29,87386792.0,899101952.0,16179616701.0,0.0054010421640334,601166
2014-04-15,10.23,10.25,9.97,9.98,143295184.0,1440213248.0,16179616701.0,0.0088565252594113,601166
2014-04-16,9.94,10.12,9.89,10.03,91479456.0,914532032.0,16179616701.0,0.0056539940154667,601166
2014-04-17,10.15,10.19,9.98,10.02,80813064.0,813849280.0,16179616701.0,0.0049947452707581,601166
2014-04-18,9.95,10.09,9.86,10.08,71340496.0,713040192.0,16179616701.0,0.0044092822047873,601166
2014-04-21,10.02,10.21,9.9,9.9,89519328.0,902960704.0,16179616701.0,0.0055328460280809,601166
2014-04-22,9.89,10.26,9.86,10.23,136756352.0,1379237632.0,16179616701.0,0.0084523851539417,601166
2014-04-23,10.18,10.46,10.14,10.26,156705696.0,1617679872.0,16179616701.0,0.0096853775275352,601166
2014-04-24,10.28,10.44,10.21,10.22,77904760.0,803201536.0,16179616701.0,0.0048149941645518,601166
2014-04-25,10.24,10.45,10.17,10.22,84649824.0,871377792.0,16179616701.0,0.0052318806782838,601166
2014-04-28,10.2,10.28,9.93,9.97,100447944.0,1005642496.0,16179616701.0,0.0062083018316368,601166
2014-04-29,10.03,10.19,10.01,10.13,76059152.0,767889408.0,16179616701.0,0.0047009242187609,601166
2014-04-30,10.15,10.27,10.12,10.17,62112312.0,633638656.0,16179616701.0,0.0038389235757458,601166
2014-05-05,10.15,10.16,9.91,10.02,82299240.0,823073984.0,16179616701.0,0.0050866001043716,601166
2014-05-06,10.0,10.09,9.93,9.96,46358336.0,463431456.0,16179616701.0,0.0028652307935783,601166
2014-05-07,9.96,9.97,9.8,9.81,66763712.0,659808320.0,16179616701.0,0.0041264087545333,601166
2014-05-08,9.81,10.02,9.78,9.83,63086252.0,623527104.0,16179616701.0,0.0038991190685067,601166
2014-05-09,9.86,9.92,9.82,9.87,47527840.0,469113760.0,16179616701.0,0.0029375133464726,601166
2014-05-12,9.95,10.09,9.86,10.02,88635040.0,886139328.0,16179616701.0,0.0054781915812951,601166
2014-05-13,10.02,10.04,9.94,9.98,42630968.0,425968480.0,16179616701.0,0.0026348564856524,601166
2014-05-14,10.01,10.1,9.95,10.01,42604280.0,427414048.0,16179616701.0,0.0026332070028189,601166
2014-05-15,10.0,10.06,9.96,9.97,47056328.0,471269920.0,16179616701.0,0.0029083709997339,601166
2014-05-16,9.96,10.06,9.94,9.97,53629652.0,536205120.0,16179616701.0,0.00331464292332,601166
2014-05-19,9.91,9.91,9.63,9.69,108901640.0,1057564288.0,16179616701.0,0.006730792330406,601166
2014-05-20,9.74,9.77,9.61,9.67,46415072.0,449324736.0,16179616701.0,0.0028687374279473,601166
2014-05-21,9.65,9.8,9.58,9.78,43261380.0,419811936.0,16179616701.0,0.0026738198314256,601166
2014-05-22,9.75,9.97,9.72,9.79,61185640.0,603106752.0,16179616701.0,0.0037816495366184,601166
2014-05-23,9.79,9.88,9.76,9.88,40657920.0,399423808.0,16179616701.0,0.0025129099626622,601166
2014-05-26,9.97,9.98,9.82,9.89,39424156.0,390745152.0,16179616701.0,0.0024366557458412,601166
2014-05-27,9.88,9.9,9.78,9.82,36066412.0,355256512.0,16179616701.0,0.0022291264784888,601166
2014-05-28,9.8,9.96,9.78,9.94,51831752.0,511631616.0,16179616701.0,0.0032035216258736,601166
2014-05-29,9.93,10.03,9.86,9.86,50497288.0,502929536.0,16179616701.0,0.0031210435286071,601166
2014-05-30,9.88,9.9,9.81,9.83,44148764.0,434585984.0,16179616701.0,0.0027286656300869,601166
2014-06-03,9.84,9.94,9.79,9.8,41737072.0,411059936.0,16179616701.0,0.0025796082052685,601166
2014-06-04,9.81,9.83,9.67,9.72,44376304.0,430812000.0,16179616701.0,0.0027427290040348,601166
2014-06-05,9.71,9.86,9.69,9.85,30709188.0,300181088.0,16179616701.0,0.0018980170276902,601166
2014-06-06,9.86,9.86,9.68,9.73,41183192.0,401390144.0,16179616701.0,0.0025453750086338,601166
2014-06-09,9.7,9.92,9.66,9.79,51377720.0,504388448.0,16179616701.0,0.0031754596508349,601166
2014-06-10,9.84,9.95,9.82,9.94,64114152.0,634474496.0,16179616701.0,0.0039626496217328,601166
2014-06-11,9.9,9.95,9.85,9.9,42929040.0,424671232.0,16179616701.0,0.0026532791717709,601166
2014-06-12,9.91,9.96,9.88,9.88,53441080.0,530086784.0,16179616701.0,0.0033029880118666,601166
2014-06-13,10.02,10.21,9.92,10.11,153630208.0,1548020608.0,16179616701.0,0.0094952934200539,601166
2014-06-16,10.09,10.34,10.06,10.27,166084288.0,1695806592.0,16179616701.0,0.0102650322976894,601166
2014-06-17,10.22,10.23,10.08,10.12,70997056.0,720208512.0,16179616701.0,0.0043880554967418,601166
2014-06-18,10.12,10.13,10.01,10.04,49897340.0,501937824.0,16179616701.0,0.0030839630457324,601166
2014-06-19,10.06,10.09,9.83,9.87,64090028.0,637828416.0,16179616701.0,0.003961158609897,601166
2014-06-20,9.87,9.98,9.85,9.97,42764100.0,424187968.0,16179616701.0,0.0026430848635219,601166
2014-06-23,9.97,10.0,9.88,9.9,45831440.0,455301056.0,16179616701.0,0.0028326653744008,601166
2014-06-24,9.92,9.98,9.87,9.93,39205136.0,389658432.0,16179616701.0,0.0024231189603877,601166
2014-06-25,9.94,9.94,9.82,9.86,46465440.0,458029760.0,16179616701.0,0.0028718504806809,601166
2014-06-26,9.87,9.95,9.87,9.93,31118620.0,308659008.0,16179616701.0,0.0019233224479339,601166
2014-06-27,9.93,9.97,9.91,9.94,36957768.0,367120896.0,16179616701.0,0.0022842177712229,601166
2014-06-30,9.97,10.08,9.93,10.03,43663376.0,437384160.0,16179616701.0,0.0026986656610537,601166
2014-07-01,10.09,10.11,9.98,10.01,29642506.0,296949504.0,16179616701.0,0.0018320895079157,601166
2014-07-02,10.01,10.08,9.98,10.06,30401068.0,304882592.0,16179616701.0,0.0018789733132627,601166
2014-07-03,10.06,10.08,10.0,10.05,49805004.0,500240832.0,16179616701.0,0.0030782561120203,601166
2014-07-04,10.04,10.06,9.99,10.02,37162200.0,372292288.0,16179616701.0,0.0022968529283949,601166
2014-07-07,10.01,10.06,9.97,10.03,34660992.0,347033696.0,16179616701.0,0.0021422628632393,601166
2014-07-08,10.01,10.02,9.92,9.98,47264188.0,470702784.0,16179616701.0,0.002921218028427,601166
2014-07-09,9.96,9.97,9.79,9.82,69143160.0,682160704.0,16179616701.0,0.0042734733014859,601166
2014-07-10,9.82,9.85,9.77,9.8,42992424.0,421209056.0,16179616701.0,0.0026571966935003,601166
2014-07-11,9.79,9.87,9.79,9.83,41389976.0,407309888.0,16179616701.0,0.0025581555338972,601166
2014-07-14,9.86,9.87,9.8,9.85,58002328.0,570220736.0,16179616701.0,0.0035849012415983,601166
2014-07-15,9.85,9.97,9.83,9.93,69888440.0,692407168.0,16179616701.0,0.0043195361973983,601166
2014-07-16,9.9,9.94,9.87,9.91,73518032.0,727893312.0,16179616701.0,0.0045438673460945,601166
2014-07-17,9.91,9.92,9.83,9.87,48496880.0,478533216.0,16179616701.0,0.0029974059890431,601166
2014-07-18,9.43,9.56,9.43,9.51,87789264.0,835307392.0,16179616701.0,0.0054259174133942,601166
2014-07-21,9.52,9.54,9.45,9.48,40228812.0,381305632.0,16179616701.0,0.0024863884443884,601166
2014-07-22,9.46,9.79,9.44,9.67,129920568.0,1255050240.0,16179616701.0,0.0080298915852543,601166
2014-07-23,9.69,9.82,9.66,9.71,81650488.0,796145280.0,16179616701.0,0.0050465032335996,601166
2014-07-24,9.75,10.34,9.75,10.24,286461632.0,2896746752.0,16179616701.0,0.0177050938408383,601166
2014-07-25,10.27,10.4,10.17,10.33,136834640.0,1407350784.0,16179616701.0,0.0084572238346995,601166
2014-07-28,10.38,11.0,10.38,10.91,288438336.0,3107927040.0,16179616701.0,0.0178272663271542,601166
2014-07-29,10.97,11.07,10.85,10.95,179011280.0,1961139072.0,16179616701.0,0.0110640000506894,601166
2014-07-30,11.07,11.22,10.85,10.92,149717072.0,1649030400.0,16179616701.0,0.0092534375051509,601166
2014-07-31,10.89,11.08,10.81,11.07,105598016.0,1153926144.0,16179616701.0,0.0065266080125046,601166
2014-08-01,11.05,11.23,10.91,10.92,155797392.0,1725677312.0,16179616701.0,0.009629238743979,601166
2014-08-04,10.95,11.18,10.84,11.1,175787344.0,1933035392.0,16179616701.0,0.0108647409421717,601166
2014-08-05,11.11,11.16,10.81,10.87,160637488.0,1755365632.0,16179616701.0,0.0099283864981839,601166
2014-08-06,10.81,10.81,10.5,10.66,183858208.0,1954400000.0,16179616701.0,0.0113635700645885,601166
2014-08-07,10.65,10.71,10.52,10.54,93196472.0,987337472.0,16179616701.0,0.0057601161833605,601166
2014-08-08,10.53,10.64,10.5,10.56,85283064.0,901059072.0,16179616701.0,0.0052710188118813,601166
2014-08-11,10.61,10.75,10.6,10.71,106769752.0,1142143616.0,16179616701.0,0.006599028516751,601166
2014-08-12,10.68,10.69,10.5,10.6,111180600.0,1174188544.0,16179616701.0,0.0068716460998194,601166
2014-08-13,10.58,10.67,10.48,10.58,102006016.0,1075530240.0,16179616701.0,0.0063046002810249,601166
2014-08-14,10.58,10.6,10.48,10.49,86563712.0,911691648.0,16179616701.0,0.0053501707487699,601166
2014-08-15,10.48,10.54,10.36,10.52,121244432.0,1269002752.0,16179616701.0,0.0074936529239599,601166
2014-08-18,10.52,10.6,10.46,10.52,91177800.0,959636544.0,16179616701.0,0.005635349816066,601166
2014-08-19,10.54,10.55,10.45,10.52,105220040.0,1104544640.0,16179616701.0,0.0065032467668716,601166
2014-08-20,10.5,10.51,10.41,10.41,71690272.0,749057792.0,16179616701.0,0.004430900516671,601166
2014-08-21,10.42,10.44,10.23,10.31,91505320.0,944212544.0,16179616701.0,0.0056555925700232,601166
2014-08-22,10.3,10.42,10.28,10.36,71209840.0,737915456.0,16179616701.0,0.0044012068589732,601166
2014-08-25,10.36,10.38,10.21,10.24,63281788.0,649438144.0,16179616701.0,0.0039112043980676,601166
2014-08-26,10.24,10.31,10.21,10.26,63313960.0,649449280.0,16179616701.0,0.0039131928258898,601166
2014-08-27,10.26,10.32,10.2,10.27,55740944.0,571519872.0,16179616701.0,0.0034451337772763,601166
2014-08-28,10.25,10.28,10.16,10.16,58756632.0,600462272.0,16179616701.0,0.0036315218763104,601166
2014-08-29,10.21,10.32,10.18,10.32,50089704.0,513977184.0,16179616701.0,0.0030958523261496,601166
2014-09-01,10.31,10.32,10.24,10.31,85601296.0,879702528.0,16179616701.0,0.0052906875102121,601166
2014-09-02,10.34,10.48,10.26,10.46,131512800.0,1364128512.0,16179616701.0,0.0081283013331132,601166
2014-09-03,10.52,10.63,10.47,10.55,116054520.0,1225652224.0,16179616701.0,0.0071728843856249,601166
2014-09-04,10.57,10.64,10.49,10.59,91825816.0,969490752.0,16179616701.0,0.0056754011975033,601166
2014-09-05,10.62,10.68,10.55,10.62,105601952.0,1120375168.0,16179616701.0,0.0065268512815555,601166
2014-09-09,10.62,10.64,10.47,10.49,97158520.0,1022496000.0,16179616701.0,0.0060049951612262,601166
2014-09-10,10.46,10.46,10.34,10.37,97669632.0,1014198912.0,16179616701.0,0.0060365850319534,601166
2014-09-11,10.36,10.54,10.32,10.36,124389848.0,1293883264.0,16179616701.0,0.0076880590126904,601166
2014-09-12,10.34,10.37,10.28,10.37,96793624.0,998255040.0,16179616701.0,0.0059824423401833,601166
2014-09-15,10.32,10.32,10.25,10.31,86667056.0,891526528.0,16179616701.0,0.0053565580447059,601166
2014-09-16,10.31,10.39,10.22,10.23,157469472.0,1621606656.0,16179616701.0,0.0097325835902075,601166
2014-09-17,10.27,10.31,10.21,10.25,91644368.0,939232192.0,16179616701.0,0.0056641865931431,601166
2014-09-18,10.25,10.39,10.19,10.29,132536264.0,1364670208.0,16179616701.0,0.0081915577142076,601166
2014-09-19,10.29,10.4,10.28,10.34,149013792.0,1543490944.0,16179616701.0,0.0092099704680142,601166
2014-09-22,10.32,10.32,10.07,10.09,127652768.0,1297851904.0,16179616701.0,0.0078897275726012,601166
2014-09-23,10.09,10.16,10.07,10.12,62945680.0,636574528.0,16179616701.0,0.0038904308527969,601166
2014-09-24,10.11,10.35,10.06,10.33,146917008.0,1501252736.0,16179616701.0,0.0090803762978463,601166
2014-09-25,10.34,10.37,10.2,10.25,103903136.0,1070116992.0,16179616701.0,0.0064218539857979,601166
2014-09-26,10.2,10.25,10.16,10.2,62060272.0,633152832.0,16179616701.0,0.0038357071831104,601166
2014-09-29,10.25,10.29,10.21,10.24,84306168.0,864021184.0,16179616701.0,0.0052106406201074,601166
2014-09-30,10.26,10.27,10.18,10.22,78255976.0,799546944.0,16179616701.0,0.0048367014773077,601166
2014-10-08,10.27,10.35,10.2,10.34,108498312.0,1115448832.0,16179616701.0,0.0067058641749711,601166
2014-10-09,10.35,10.39,10.28,10.33,94404456.0,975326528.0,16179616701.0,0.0058347770373426,601166
2014-10-10,10.29,10.31,10.22,10.27,81946016.0,840536192.0,16179616701.0,0.0050647686848437,601166
2014-10-13,10.22,10.25,10.09,10.15,85581200.0,869181504.0,16179616701.0,0.0052894454535941,601166
2014-10-14,10.14,10.23,10.1,10.14,66737896.0,677666624.0,16179616701.0,0.0041248131666725,601166
2014-10-15,10.13,10.21,10.08,10.17,69530592.0,706102208.0,16179616701.0,0.0042974189861804,601166
2014-10-16,10.12,10.35,10.09,10.17,139710352.0,1430423936.0,16179616701.0,0.008634960554496,601166
2014-10-17,10.17,10.22,10.11,10.14,82546840.0,838310720.0,16179616701.0,0.0051019033099157,601166
2014-10-20,10.19,10.29,10.13,10.24,86402344.0,881255168.0,16179616701.0,0.0053401972121292,601166
2014-10-21,10.22,10.25,10.11,10.13,80028992.0,814205888.0,16179616701.0,0.0049462847902357,601166
2014-10-22,10.14,10.29,10.13,10.17,94089840.0,960357440.0,16179616701.0,0.0058153318300911,601166
2014-10-23,10.18,10.33,10.18,10.23,144009264.0,1479233664.0,16179616701.0,0.0089006598030903,601166
2014-10-24,10.25,10.32,10.21,10.24,79633240.0,817262272.0,16179616701.0,0.0049218248782789,601166
2014-10-27,10.15,10.18,9.99,10.01,104498112.0,1051699904.0,16179616701.0,0.0064586271684385,601166
2014-10-28,10.06,10.15,10.02,10.15,73970672.0,745633088.0,16179616701.0,0.0045718432869567,601166
2014-10-29,10.17,10.34,10.13,10.28,146500080.0,1500670208.0,16179616701.0,0.0090546075786174,601166
2014-10-30,10.29,10.49,10.22,10.45,214601408.0,2223069696.0,16179616701.0,0.0132636892434377,601166
2014-10-31,10.49,11.15,10.49,10.86,447859904.0,4829410304.0,16179616701.0,0.0276805014776598,601166
2014-11-03,11.03,11.09,10.72,10.76,207461776.0,2249511168.0,16179616701.0,0.012822415996244,601166
2014-11-04,10.81,10.82,10.61,10.65,143671056.0,1532091520.0,16179616701.0,0.0088797564648809,601166
2014-11-05,10.62,10.68,10.45,10.49,198023824.0,2083775872.0,16179616701.0,0.0122390924123536,601166
2014-11-06,10.54,10.56,10.4,10.48,139605584.0,1462111360.0,16179616701.0,0.0086284852465863,601166
2014-11-07,10.48,10.9,10.43,10.59,316085856.0,3364186624.0,16179616701.0,0.0195360534085126,601166
2014-11-10,10.79,10.91,10.63,10.82,257378320.0,2769456640.0,16179616701.0,0.0159075659674986,601166
2014-11-11,10.84,11.35,10.84,11.04,576248000.0,6389123584.0,16179616701.0,0.0356156768512559,601166
2014-11-12,10.89,11.03,10.83,11.02,201705408.0,2204953856.0,16179616701.0,0.0124666369869895,601166
2014-11-13,11.08,11.23,10.89,10.94,242835184.0,2678714624.0,16179616701.0,0.01500871055771,601166
2014-11-14,10.89,10.98,10.73,10.86,184986848.0,2002280192.0,16179616701.0,0.0114333269705064,601166
2014-11-17,10.95,10.98,10.69,10.7,164310192.0,1778397184.0,16179616701.0,0.0101553822341072,601166
2014-11-18,10.7,10.7,10.5,10.55,154817504.0,1637200384.0,16179616701.0,0.0095686756281705,601166
2014-11-19,10.53,10.59,10.47,10.52,91650224.0,964287424.0,16179616701.0,0.0056645485300239,601166
2014-11-20,10.52,10.6,10.47,10.55,100026040.0,1054196288.0,16179616701.0,0.0061822255649491,601166
2014-11-21,10.53,10.72,10.45,10.7,170928160.0,1809775616.0,16179616701.0,0.0105644134319594,601166
2014-11-24,10.54,10.88,10.35,10.71,407059168.0,4319984128.0,16179616701.0,0.0251587646062617,601166
2014-11-25,10.68,10.86,10.65,10.83,252907664.0,2718600448.0,16179616701.0,0.0156312518815336,601166
2014-11-26,10.88,11.16,10.82,11.04,385568992.0,4232333312.0,16179616701.0,0.0238305393215013,601166
2014-11-27,11.09,11.3,11.01,11.18,396644512.0,4424940032.0,16179616701.0,0.0245150746973804,601166
2014-11-28,11.21,12.2,11.13,12.14,837004480.0,9792449536.0,16179616701.0,0.0517320339206965,601166
2014-12-01,12.21,12.63,11.9,11.92,660717824.0,8032628224.0,16179616701.0,0.0408364324205012,601166
2014-12-02,11.82,12.9,11.75,12.59,668287104.0,8204710912.0,16179616701.0,0.0413042605612959,601166
2014-12-03,12.62,13.0,12.22,12.38,727334144.0,9187549184.0,16179616701.0,0.0449537314413045,601166
2014-12-04,12.43,13.37,12.28,13.29,726388032.0,9324282880.0,16179616701.0,0.0448952558904009,601166
2014-12-05,13.43,14.05,12.87,13.6,922080384.0,12404157440.0,16179616701.0,0.0569902489681977,601166
2014-12-08,13.4,14.15,13.2,13.92,698200960.0,9584290816.0,16179616701.0,0.0431531211710872,601166
2014-12-09,13.74,14.27,12.65,12.8,772245376.0,10595530752.0,16179616701.0,0.0477295222916047,601166
2014-12-10,13.05,13.5,12.36,13.32,566505024.0,7330250752.0,16179616701.0,0.0350135009048135,601166
2014-12-11,13.06,13.79,12.9,13.25,455299296.0,6099904000.0,16179616701.0,0.0281403017397723,601166
2014-12-12,13.2,13.54,13.0,13.11,351460448.0,4655982080.0,16179616701.0,0.0217224211484736,601166
2014-12-15,13.0,13.0,12.58,12.84,294409632.0,3752158208.0,16179616701.0,0.01819632921105,601166
2014-12-16,12.8,13.39,12.76,13.37,369016064.0,4841012736.0,16179616701.0,0.0228074663831308,601166
2014-12-17,13.47,14.57,13.3,14.28,814727616.0,11362135040.0,16179616701.0,0.0503551864704956,601166
2014-12-18,14.39,14.6,13.96,14.27,564942336.0,8100940800.0,16179616701.0,0.0349169171581847,601166
2014-12-19,14.27,14.6,13.91,14.49,435238432.0,6235831296.0,16179616701.0,0.0269004167430678,601166
2014-12-22,14.57,15.58,14.57,14.99,657529472.0,9928352768.0,16179616701.0,0.0406393726224281,601166
2014-12-23,14.79,15.2,14.31,14.35,400909952.0,5896056320.0,16179616701.0,0.0247787051701429,601166
2014-12-24,14.35,14.46,13.47,13.78,418551296.0,5810787840.0,16179616701.0,0.0258690489233982,601166
2014-12-25,14.01,14.63,13.8,14.49,443368544.0,6320759296.0,16179616701.0,0.0274029077569308,601166
2014-12-26,14.63,15.11,14.5,15.05,520194464.0,7715836928.0,16179616701.0,0.0321512229623986,601166
2014-12-29,16.1,16.56,15.21,15.55,822935040.0,13197895680.0,16179616701.0,0.0508624558423029,601166
2014-12-30,15.67,16.3,15.55,16.26,696047296.0,11133888512.0,16179616701.0,0.0430200114664632,601166
2014-12-31,16.3,16.61,15.9,16.5,510708320.0,8355868160.0,16179616701.0,0.0315649208159816,601166
2015-01-05,16.83,17.08,16.32,16.87,528403808.0,8847190016.0,16179616701.0,0.0326586110020357,601166
2015-01-06,16.6,17.49,16.49,16.99,479260992.0,8130182656.0,16179616701.0,0.0296212821883709,601166
2015-01-07,16.78,17.03,16.2,16.61,379315744.0,6294276096.0,16179616701.0,0.0234440500668075,601166
2015-01-08,16.61,16.66,15.84,15.91,324858304.0,5218959360.0,16179616701.0,0.0200782447448165,601166
2015-01-09,15.85,17.18,15.63,16.18,496950496.0,8145768960.0,16179616701.0,0.0307146025263556,601166
2015-01-12,16.16,16.47,15.65,16.03,310327136.0,4977831936.0,16179616701.0,0.0191801290311667,601166
2015-01-13,15.95,16.15,15.75,15.89,203126736.0,3229481216.0,16179616701.0,0.0125544838146533,601166
2015-01-14,15.95,16.4,15.94,16.17,263964816.0,4268179456.0,16179616701.0,0.0163146520018416,601166
2015-01-15,16.16,16.88,16.0,16.85,311691168.0,5119479808.0,16179616701.0,0.0192644346130112,601166
2015-01-16,16.6,17.1,16.51,16.79,508128800.0,8558651904.0,16179616701.0,0.0314054905867204,601166
2015-01-19,15.2,15.79,15.11,15.11,417799808.0,6439026176.0,16179616701.0,0.0258226023348363,601166
2015-01-20,15.01,15.29,14.5,14.87,443613504.0,6606519808.0,16179616701.0,0.0274180477942089,601166
2015-01-21,14.96,15.71,14.84,15.61,389344000.0,5943740928.0,16179616701.0,0.0240638580749527,601166
2015-01-22,15.56,15.6,15.23,15.42,241513648.0,3727422976.0,16179616701.0,0.0149270314904971,601166
2015-01-23,15.51,15.85,15.36,15.45,264996416.0,4128864768.0,16179616701.0,0.0163784112378645,601166
2015-01-26,15.41,15.58,15.1,15.28,235953632.0,3594619648.0,16179616701.0,0.014583388244631,601166
2015-01-27,15.32,15.37,14.65,14.9,296580960.0,4431866368.0,16179616701.0,0.0183305306597077,601166
2015-01-28,14.77,15.02,14.6,14.77,220425360.0,3251768320.0,16179616701.0,0.0136236453602993,601166
2015-01-29,14.52,14.66,14.35,14.44,234858096.0,3400315136.0,16179616701.0,0.0145156773698776,601166
2015-01-30,14.59,14.72,14.32,14.47,200223840.0,2911409152.0,16179616701.0,0.0123750669561674,601166
2015-02-02,14.1,14.28,14.03,14.04,187119216.0,2645502976.0,16179616701.0,0.0115651204511188,601166
2015-02-03,14.25,14.45,13.99,14.4,212059904.0,3011732992.0,16179616701.0,0.0131066086372054,601166
2015-02-04,14.42,14.56,14.1,14.11,177766336.0,2551662336.0,16179616701.0,0.0109870548409847,601166
2015-02-05,14.86,14.86,14.11,14.13,379612800.0,5524626432.0,16179616701.0,0.0234624099578661,601166
2015-02-06,14.03,14.25,13.93,14.05,200138848.0,2825415424.0,16179616701.0,0.0123698139269041,601166
2015-02-09,14.05,14.31,13.77,14.12,228843808.0,3212522752.0,16179616701.0,0.0141439573154941,601166
2015-02-10,14.11,14.44,14.04,14.37,199006560.0,2843564800.0,16179616701.0,0.0122998315521096,601166
2015-02-11,14.28,14.49,14.23,14.31,153988720.0,2204282880.0,16179616701.0,0.0095174516705629,601166
2015-02-12,14.05,14.17,13.84,14.05,355296320.0,4970081280.0,16179616701.0,0.021959501672128,601166
2015-02-13,14.13,14.34,14.03,14.12,326660512.0,4629041152.0,16179616701.0,0.0201896323032059,601166
2015-02-16,14.16,14.17,13.98,14.07,220291360.0,3092596480.0,16179616701.0,0.0136153633346817,601166
2015-02-17,14.08,14.22,14.08,14.11,196241696.0,2774583296.0,16179616701.0,0.0121289459216837,601166
2015-02-25,14.14,14.15,13.91,13.96,188111072.0,2635908608.0,16179616701.0,0.0116264232630661,601166
2015-02-26,13.94,14.29,13.86,14.27,243724560.0,3440838400.0,16179616701.0,0.0150636794742446,601166
2015-02-27,14.26,14.43,14.21,14.24,220534992.0,3154798592.0,16179616701.0,0.0136304212933777,601166
2015-03-02,14.31,14.36,14.13,14.27,267754784.0,3804422656.0,16179616701.0,0.0165488953754665,601166
2015-03-03,14.23,14.23,13.88,13.89,262881712.0,3686378496.0,16179616701.0,0.0162477095012857,601166
2015-03-04,13.9,13.97,13.76,13.81,185037120.0,2557832960.0,16179616701.0,0.0114364340898485,601166
2015-03-05,13.77,13.78,13.38,13.46,271145024.0,3667168768.0,16179616701.0,0.0167584330958372,601166
2015-03-06,13.46,13.62,13.46,13.53,144379200.0,1956779392.0,16179616701.0,0.0089235241271863,601166
2015-03-09,13.56,14.88,13.38,14.71,825676928.0,11820402688.0,16179616701.0,0.0510319214143662,601166
2015-03-10,14.51,14.56,14.21,14.25,542043008.0,7793615872.0,16179616701.0,0.0335015975975808,601166
2015-03-11,14.35,14.86,14.35,14.57,505577824.0,7409068032.0,16179616701.0,0.031247824552528,601166
2015-03-12,15.5,16.03,15.2,15.97,1357222144.0,21407023104.0,16179616701.0,0.0838846907860379,601166
2015-03-13,15.96,17.21,15.85,16.49,1043204352.0,17202737152.0,16179616701.0,0.0644764564747398,601166
2015-03-16,16.6,17.09,16.21,17.06,655065792.0,10963715072.0,16179616701.0,0.0404871020188947,601166
2015-03-17,17.1,17.3,16.68,17.05,536223200.0,9077621760.0,16179616701.0,0.0331418976054518,601166
2015-03-18,17.09,17.15,16.8,17.12,459722912.0,7804528128.0,16179616701.0,0.0284137084639085,601166
2015-03-19,17.28,17.61,17.02,17.15,514910464.0,8897887232.0,16179616701.0,0.0318246392059569,601166
2015-03-20,17.15,17.51,16.61,17.05,582164608.0,9896084480.0,16179616701.0,0.0359813596798012,601166
2015-03-23,17.2,17.88,17.2,17.63,580508544.0,10160348160.0,16179616701.0,0.0358790047210525,601166
2015-03-24,17.5,17.62,17.04,17.3,421602656.0,7310855680.0,16179616701.0,0.0260576417718191,601166
2015-03-25,17.14,17.49,16.64,16.72,432691648.0,7363719168.0,16179616701.0,0.0267430098003036,601166
2015-03-26,16.59,17.36,16.26,17.03,418324928.0,7084348416.0,16179616701.0,0.0258550579862713,601166
2015-03-27,17.0,17.28,16.66,17.0,335500448.0,5702163968.0,16179616701.0,0.0207359948137253,601166
2015-03-30,17.51,18.7,17.3,18.5,636651968.0,11493986304.0,16179616701.0,0.039349014242139,601166
2015-03-31,18.94,19.48,18.03,18.36,504674816.0,9453716480.0,16179616701.0,0.0311920130944021,601166
2015-04-01,18.2,18.76,18.01,18.39,312604512.0,5738064896.0,16179616701.0,0.0193208848996205,601166
2015-04-02,18.46,18.47,17.73,18.12,391094016.0,7067408896.0,16179616701.0,0.0241720198461702,601166
2015-04-03,18.1,18.68,18.0,18.65,387794368.0,7140867584.0,16179616701.0,0.0239680812695662,601166
2015-04-07,19.18,20.15,19.09,19.79,528003296.0,10370100224.0,16179616701.0,0.0326338568927511,601166
2015-04-08,19.75,20.5,19.54,20.47,499378496.0,9951654912.0,16179616701.0,0.0308646678860529,601166
2015-04-09,20.43,21.29,19.62,19.83,493283104.0,10021728256.0,16179616701.0,0.0304879351047612,601166
2015-04-10,19.83,20.56,19.74,20.39,368250368.0,7402638848.0,16179616701.0,0.0227601416526288,601166
2015-04-13,21.15,21.42,20.48,20.69,404516480.0,8485709824.0,16179616701.0,0.0250016108215343,601166
2015-04-14,20.59,20.63,20.0,20.17,297974656.0,6044706816.0,16179616701.0,0.0184166696595218,601166
2015-04-15,20.0,20.5,19.69,20.05,355187200.0,7166526464.0,16179616701.0,0.0219527573838042,601166
2015-04-16,19.86,20.56,19.7,20.54,345838272.0,6960153600.0,16179616701.0,0.0213749360316196,601166
2015-04-17,21.0,21.3,20.52,20.56,405475936.0,8437645824.0,16179616701.0,0.0250609111138546,601166
2015-04-20,20.9,21.0,19.25,19.46,604540544.0,12198171648.0,16179616701.0,0.0373643303900169,601166
2015-04-21,19.38,19.81,19.17,19.75,368978272.0,7197688320.0,16179616701.0,0.022805130604682,601166
2015-04-22,19.88,20.75,19.6,20.7,483232704.0,9761509376.0,16179616701.0,0.0298667584609796,601166
2015-04-23,20.78,20.9,20.0,20.15,436127360.0,8839030784.0,16179616701.0,0.0269553579704421,601166
2015-04-24,19.8,19.85,18.89,19.34,597700352.0,11582932992.0,16179616701.0,0.0369415643797704,601166
2015-04-27,19.55,19.78,19.33,19.63,408751680.0,7987253760.0,16179616701.0,0.0252633722759783,601166
2015-04-28,19.75,20.96,19.66,19.93,708692160.0,14309977088.0,16179616701.0,0.0438015419707809,601166
2015-04-29,19.71,20.0,19.48,19.76,283794368.0,5606765568.0,16179616701.0,0.0175402404917577,601166
2015-04-30,19.77,20.04,19.37,19.41,310290688.0,6094665728.0,16179616701.0,0.0191778763201987,601166
2015-05-04,19.31,19.31,18.91,19.12,263733632.0,5031704576.0,16179616701.0,0.0163003634062418,601166
2015-05-05,19.13,19.13,17.97,18.09,433880768.0,8056945152.0,16179616701.0,0.0268165047428585,601166
2015-05-06,18.25,18.7,17.8,18.07,403993504.0,7372563456.0,16179616701.0,0.0249692876825092,601166
2015-05-07,18.1,18.24,17.89,18.08,225147936.0,4076939776.0,16179616701.0,0.0139155296544252,601166
2015-05-08,18.36,18.4,17.8,18.12,271962368.0,4912780288.0,16179616701.0,0.0168089499909593,601166
2015-05-11,18.12,18.74,17.8,18.69,451658944.0,8207298048.0,16179616701.0,0.0279153055567802,601166
2015-05-12,18.7,18.95,18.34,18.8,352509440.0,6571748864.0,16179616701.0,0.0217872553172543,601166
2015-05-13,18.9,18.92,18.18,18.37,317125440.0,5900944384.0,16179616701.0,0.0196003061049276,601166
2015-05-14,18.1,18.33,17.93,18.05,560439488.0,10143954944.0,16179616701.0,0.0346386134082744,601166
2015-05-15,18.05,18.24,17.65,17.9,367050496.0,6588357120.0,16179616701.0,0.0226859821702274,601166
2015-05-18,17.92,18.1,17.72,17.75,278313504.0,4980179968.0,16179616701.0,0.0172014893271729,601166
2015-05-19,17.72,18.75,17.66,18.57,562454720.0,10335518720.0,16179616701.0,0.0347631671623739,601166
2015-05-20,18.57,18.96,18.35,18.6,494746560.0,9217405952.0,16179616701.0,0.0305783857023894,601166
2015-05-21,18.65,18.77,18.45,18.64,316305024.0,5883688960.0,16179616701.0,0.0195495993412779,601166
2015-05-22,18.83,19.65,18.75,19.54,573875776.0,11078125568.0,16179616701.0,0.0354690587920127,601166
2015-05-25,19.8,20.36,19.8,20.16,510073728.0,10222963712.0,16179616701.0,0.031525699120454,601166
2015-05-26,20.26,20.36,19.8,20.08,431107808.0,8611324928.0,16179616701.0,0.0266451187297505,601166
2015-05-27,19.7,19.74,19.05,19.18,425269760.0,8250581504.0,16179616701.0,0.0262842913932389,601166
2015-05-28,19.11,19.31,17.89,18.04,517836352.0,9712736256.0,16179616701.0,0.032005477111704,601166
2015-05-29,18.16,18.35,17.39,17.99,429614880.0,7718717952.0,16179616701.0,0.0265528465809358,601166
2015-06-01,18.0,18.94,17.8,18.71,445470432.0,8182157824.0,16179616701.0,0.027532817385746,601166
2015-06-02,18.79,18.8,18.3,18.57,348678848.0,6466827776.0,16179616701.0,0.0215505011301318,601166
2015-06-03,18.52,18.74,18.16,18.56,443390304.0,8136066048.0,16179616701.0,0.0274042526590012,601166
2015-06-04,18.8,19.89,18.57,19.52,780796800.0,15064231936.0,16179616701.0,0.0482580529829079,601166
2015-06-05,20.0,20.18,18.9,19.3,567450368.0,11057355776.0,16179616701.0,0.0350719289885852,601166
2015-06-08,19.41,20.76,19.21,20.68,914563008.0,18389358592.0,16179616701.0,0.0565256288144004,601166
2015-06-09,20.4,20.82,19.87,20.12,683389632.0,13867392000.0,16179616701.0,0.0422376898432805,601166
2015-06-10,19.93,20.26,19.7,19.92,421811776.0,8420945408.0,16179616701.0,0.0260705666762754,601166
2015-06-11,19.93,20.2,19.52,19.7,366522944.0,7232106496.0,16179616701.0,0.022653376206208,601166
2015-06-12,19.87,20.76,19.38,20.04,646405504.0,12927446016.0,16179616701.0,0.039951842861645,601166
2015-06-15,19.95,19.95,19.01,19.12,512620384.0,9985489920.0,16179616701.0,0.0316830981520295,601166
2015-06-16,18.95,19.38,18.66,18.79,377070912.0,7172512256.0,16179616701.0,0.0233053056180678,601166
2015-06-17,19.18,19.37,18.68,18.9,368816256.0,6997925376.0,16179616701.0,0.0227951170176488,601166
2015-06-18,18.7,18.7,17.98,18.01,402083264.0,7352950272.0,16179616701.0,0.0248512230808996,601166
2015-06-19,17.8,17.99,16.9,17.22,460591264.0,8081039872.0,16179616701.0,0.0284673779677075,601166
2015-06-23,17.22,17.8,16.7,17.73,383988352.0,6666914816.0,16179616701.0,0.0237328460306644,601166
2015-06-24,17.77,17.9,17.26,17.82,380782912.0,6702576128.0,16179616701.0,0.0235347300889065,601166
2015-06-25,18.45,18.45,17.3,17.44,500795040.0,9026168832.0,16179616701.0,0.0309522190330409,601166
2015-06-26,17.02,17.65,15.8,16.33,559716352.0,9392325632.0,16179616701.0,0.0345939191479984,601166
2015-06-29,16.64,16.85,15.2,16.15,591766976.0,9630254080.0,16179616701.0,0.036574845185512,601166
2015-06-30,16.28,17.26,16.02,17.25,606091264.0,10123138048.0,16179616701.0,0.0374601744405069,601166
2015-07-01,16.95,17.15,16.51,16.6,374377952.0,6339900928.0,16179616701.0,0.0231388640978658,601166
2015-07-02,16.75,16.98,15.94,16.45,500338016.0,8281983488.0,16179616701.0,0.0309239721339675,601166
2015-07-03,16.5,16.56,15.36,15.75,469796480.0,7547556352.0,16179616701.0,0.0290363170328357,601166
2015-07-06,17.0,17.0,16.18,16.95,834133760.0,13904933888.0,16179616701.0,0.0515546057372573,601166
2015-07-07,16.6,17.47,15.89,17.2,1026111424.0,17342998528.0,16179616701.0,0.0634200082092538,601166
2015-07-08,15.51,16.99,15.48,15.53,1181838336.0,18917588992.0,16179616701.0,0.0730448908549826,601166
2015-07-09,15.53,17.08,14.8,17.08,1130488448.0,18428565504.0,16179616701.0,0.0698711513932297,601166
2015-07-10,17.0,18.56,16.8,17.68,716928576.0,12814490624.0,16179616701.0,0.0443106032268174,601166
2015-07-13,17.47,18.15,17.11,17.58,538519296.0,9477019648.0,16179616701.0,0.0332838104852456,601166
2015-07-14,17.45,17.59,16.8,17.17,410589888.0,7070650368.0,16179616701.0,0.0253769848561754,601166
2015-07-15,17.04,17.42,16.8,17.29,424030336.0,7251939840.0,16179616701.0,0.0262076873535448,601166
2015-07-16,17.22,17.25,16.91,17.07,216797360.0,3703685120.0,16179616701.0,0.0133994126070119,601166
2015-07-17,17.22,17.47,17.04,17.31,276379328.0,4768031744.0,16179616701.0,0.0170819453332858,601166
2015-07-20,17.25,17.26,17.01,17.07,249615296.0,4271567616.0,16179616701.0,0.0154277632537841,601166
2015-07-21,17.0,17.17,16.71,16.73,247709088.0,4168969216.0,16179616701.0,0.0153099478546169,601166
2015-07-22,16.62,16.71,16.5,16.51,195391360.0,3238408192.0,16179616701.0,0.0120763899176872,601166
2015-07-23,16.51,16.91,16.45,16.82,207561824.0,3480344320.0,16179616701.0,0.0128285995790723,601166
2015-07-24,16.84,16.95,16.56,16.57,177036448.0,2968664320.0,16179616701.0,0.0109419432655075,601166
2015-07-27,16.45,16.47,15.22,15.26,378434048.0,6028352000.0,16179616701.0,0.0233895558215918,601166
2015-07-28,14.95,15.67,14.95,15.45,300719072.0,4621078016.0,16179616701.0,0.018586291477561,601166
2015-07-29,15.43,15.63,15.32,15.61,178388656.0,2754992640.0,16179616701.0,0.0110255180513005,601166
2015-07-30,15.61,15.74,15.27,15.3,153838240.0,2391916800.0,16179616701.0,0.0095081510794067,601166
2015-07-31,15.26,15.57,15.15,15.54,197853120.0,3046267904.0,16179616701.0,0.0122285418533908,601166
2015-08-03,15.44,16.03,15.33,15.96,234771312.0,3698748416.0,16179616701.0,0.0145103135839732,601166
2015-08-04,15.86,16.12,15.75,16.05,117091920.0,1869143936.0,16179616701.0,0.0072370020973836,601166
2015-08-05,16.03,16.12,15.72,15.73,108657368.0,1725883520.0,16179616701.0,0.0067156948157668,601166
2015-08-06,15.59,15.96,15.57,15.78,103040800.0,1629658496.0,16179616701.0,0.0063685563078655,601166
2015-08-07,15.88,16.05,15.77,15.88,105738368.0,1685162496.0,16179616701.0,0.0065352826308589,601166
2015-08-10,15.89,16.4,15.67,16.29,205793968.0,3297830144.0,16179616701.0,0.0127193351859368,601166
2015-08-11,16.24,16.24,15.91,15.96,178364256.0,2861680128.0,16179616701.0,0.0110240099809642,601166
2015-08-12,15.76,15.87,15.65,15.66,140226912.0,2210900736.0,16179616701.0,0.0086668871451901,601166
2015-08-13,15.7,15.79,15.5,15.66,109840184.0,1715133696.0,16179616701.0,0.0067888001322807,601166
2015-08-14,15.7,15.76,15.61,15.66,104679232.0,1640404608.0,16179616701.0,0.0064698215003777,601166
2015-08-17,15.57,15.58,15.33,15.44,124365512.0,1917564288.0,16179616701.0,0.0076865548979484,601166
2015-08-18,15.48,15.66,14.96,15.04,186460512.0,2862089216.0,16179616701.0,0.0115244084854294,601166
2015-08-19,14.99,15.12,14.78,15.09,188660752.0,2817548032.0,16179616701.0,0.0116603968738233,601166
2015-08-20,15.14,15.14,14.69,14.71,136882624.0,2042643200.0,16179616701.0,0.0084601895415445,601166
2015-08-21,14.64,14.74,14.24,14.27,178199520.0,2588139008.0,16179616701.0,0.0110138282811722,601166
2015-08-24,13.9,13.9,12.84,12.96,479461408.0,6322833408.0,16179616701.0,0.029633669131999,601166
2015-08-25,12.67,13.11,11.9,12.2,364235456.0,4611750912.0,16179616701.0,0.0225119953538508,601166
2015-08-26,12.49,13.42,12.26,12.93,361260128.0,4657678848.0,16179616701.0,0.0223281017514878,601166
2015-08-27,13.15,14.05,12.89,13.97,269785216.0,3601983232.0,16179616701.0,0.0166743885832181,601166
2015-08-28,14.11,14.25,13.77,14.12,256555760.0,3606407424.0,16179616701.0,0.015856726691439,601166
2015-08-31,14.0,14.63,13.51,14.58,326049760.0,4567660032.0,16179616701.0,0.0201518840665643,601166
2015-09-01,14.28,14.89,14.01,14.85,402867712.0,5867758080.0,16179616701.0,0.0248997068005387,601166
2015-09-02,14.5,14.86,14.4,14.72,432500736.0,6327296512.0,16179616701.0,0.0267312102624327,601166
2015-09-07,14.55,14.61,13.76,13.85,221432368.0,3151371008.0,16179616701.0,0.0136858846592029,601166
2015-09-08,13.85,14.36,13.76,14.26,142879264.0,2010921984.0,16179616701.0,0.008830818840793,601166
2015-09-09,14.26,14.53,14.21,14.39,126144312.0,1811138048.0,16179616701.0,0.0077964956977135,601166
2015-09-10,14.27,14.59,14.24,14.52,124923712.0,1805231232.0,16179616701.0,0.0077210550972001,601166
2015-09-11,14.43,14.75,14.42,14.59,100362144.0,1465728000.0,16179616701.0,0.0062029988629951,601166
2015-09-14,14.59,14.87,14.06,14.84,272588928.0,3968049152.0,16179616701.0,0.0168476752593992,601166
2015-09-15,14.62,14.76,14.43,14.67,159329824.0,2331797760.0,16179616701.0,0.0098475648060409,601166
2015-09-16,14.6,15.26,14.4,14.91,111685576.0,1644612224.0,16179616701.0,0.0069028567279407,601166
2015-09-17,14.85,14.94,14.62,14.63,76974128.0,1141536128.0,16179616701.0,0.0047574753730255,601166
2015-09-18,14.66,14.77,14.46,14.51,66762984.0,974543360.0,16179616701.0,0.0041263637596478,601166
2015-09-21,14.43,14.47,14.24,14.38,88778048.0,1273015040.0,16179616701.0,0.0054870303568138,601166
2015-09-22,14.39,14.67,14.33,14.52,82755888.0,1200076672.0,16179616701.0,0.0051148237643284,601166
2015-09-23,14.39,14.42,14.19,14.23,70922416.0,1013756032.0,16179616701.0,0.0043834422848605,601166
2015-09-24,14.29,14.32,14.17,14.24,70178560.0,999297536.0,16179616701.0,0.0043374674009219,601166
2015-09-25,14.2,14.36,14.06,14.31,96841648.0,1376270976.0,16179616701.0,0.0059854105192748,601166
2015-09-28,14.26,14.35,14.2,14.35,40592436.0,580162880.0,16179616701.0,0.002508862647994,601166
2015-09-29,14.22,14.29,14.1,14.19,54833372.0,778198592.0,16179616701.0,0.0033890402358302,601166
2015-09-30,14.25,14.7,14.22,14.56,96909264.0,1405526656.0,16179616701.0,0.0059895896046789,601166
2015-10-08,14.97,15.06,14.78,14.81,115613872.0,1727700736.0,16179616701.0,0.0071456496242494,601166
2015-10-09,14.92,15.1,14.82,14.97,69819736.0,1048041088.0,16179616701.0,0.0043152898668906,601166
2015-10-12,15.03,15.35,14.97,15.21,200507728.0,3037620736.0,16179616701.0,0.0123926129836936,601166
2015-10-13,15.11,15.21,15.02,15.08,74163032.0,1119985408.0,16179616701.0,0.0045837323201492,601166
2015-10-14,15.01,15.13,14.94,15.04,71702680.0,1077255168.0,16179616701.0,0.0044316674075207,601166
2015-10-15,15.0,15.24,14.95,15.19,73613920.0,1113703808.0,16179616701.0,0.0045497938152916,601166
2015-10-16,15.25,15.37,15.15,15.21,115075648.0,1755069568.0,16179616701.0,0.0071123840648763,601166
2015-10-19,15.26,15.33,15.09,15.13,101703912.0,1546587392.0,16179616701.0,0.0062859283924639,601166
2015-10-20,15.12,15.19,15.01,15.14,79458416.0,1199089792.0,16179616701.0,0.0049110196779314,601166
2015-10-21,15.11,15.47,14.79,15.23,249528144.0,3780855296.0,16179616701.0,0.0154223767232123,601166
2015-10-22,15.08,15.14,14.99,15.02,114301104.0,1719539200.0,16179616701.0,0.0070645124734589,601166
2015-10-23,15.09,15.15,15.02,15.1,87881232.0,1325229184.0,16179616701.0,0.0054316016024389,601166
2015-10-26,15.2,15.33,15.12,15.15,126576800.0,1926695040.0,16179616701.0,0.0078232261208126,601166
2015-10-27,15.11,15.19,15.0,15.14,78215384.0,1180658560.0,16179616701.0,0.0048341926416072,601166
2015-10-28,15.17,15.25,15.07,15.09,99747832.0,1513893120.0,16179616701.0,0.0061650305964191,601166
2015-10-29,15.06,15.17,15.03,15.07,61146032.0,922468544.0,16179616701.0,0.0037792015181806,601166
2015-10-30,15.1,15.42,15.1,15.27,141991104.0,2168882944.0,16179616701.0,0.0087759250805505,601166
2015-11-02,15.2,15.27,15.09,15.11,79009328.0,1200257280.0,16179616701.0,0.0048832632725543,601166
2015-11-03,15.1,15.2,15.02,15.06,60653928.0,917874624.0,16179616701.0,0.0037487864589679,601166
2015-11-04,15.12,15.74,15.07,15.65,207445488.0,3196849664.0,16179616701.0,0.0128214092974884,601166
2015-11-05,15.54,16.59,15.5,16.1,391005824.0,6343006720.0,16179616701.0,0.0241665690371906,601166
2015-11-06,16.03,16.3,15.89,16.22,193398544.0,3116097792.0,16179616701.0,0.0119532216105,601166
2015-11-09,16.36,17.26,16.36,16.8,360557568.0,6114313728.0,16179616701.0,0.0222846792147872,601166
2015-11-10,16.65,16.96,16.5,16.66,160438976.0,2680161792.0,16179616701.0,0.0099161172334869,601166
2015-11-11,16.66,16.68,16.22,16.41,149808400.0,2460995072.0,16179616701.0,0.0092590821382524,601166
2015-11-12,16.48,16.54,16.14,16.21,100233720.0,1635166464.0,16179616701.0,0.0061950614685331,601166
2015-11-13,16.1,16.22,15.99,16.02,93687512.0,1505784320.0,16179616701.0,0.0057904654808175,601166
2015-11-16,15.8,16.05,15.8,16.0,64993160.0,1034861376.0,16179616701.0,0.0040169777319868,601166
2015-11-17,16.1,16.44,16.02,16.06,141433152.0,2295655680.0,16179616701.0,0.0087414402092268,601166
2015-11-18,16.15,16.46,15.94,16.14,112197608.0,1816028288.0,16179616701.0,0.0069345034603363,601166
2015-11-19,16.16,16.35,16.1,16.32,74562608.0,1210211328.0,16179616701.0,0.0046084285788668,601166
2015-11-20,16.39,16.63,16.25,16.43,111204464.0,1832464384.0,16179616701.0,0.0068731210420532,601166
2015-11-23,16.43,16.63,16.3,16.41,95643800.0,1574518656.0,16179616701.0,0.0059113761325438,601166
2015-11-24,16.31,16.38,15.95,16.13,123260360.0,1984430080.0,16179616701.0,0.0076182496951477,601166
2015-11-25,16.07,16.23,15.91,16.17,99936816.0,1604826752.0,16179616701.0,0.006176710972011,601166
2015-11-26,16.2,16.35,16.07,16.08,78496728.0,1273455104.0,16179616701.0,0.004851581434259,601166
2015-11-27,16.01,16.04,15.4,15.49,125489096.0,1974236288.0,16179616701.0,0.0077559993119147,601166
2015-11-30,15.48,15.78,15.39,15.65,105057888.0,1636696320.0,16179616701.0,0.0064932247742004,601166
2015-12-01,15.71,15.78,15.44,15.7,80528032.0,1256129445.0,16179616701.0,0.0049771285369833,601166
2015-12-02,15.67,16.88,15.63,16.73,245955392.0,4028326144.0,16179616701.0,0.0152015586367258,601166
2015-12-03,16.61,16.85,16.41,16.59,212367008.0,3527712847.0,16179616701.0,0.013125589556573,601166
2015-12-04,16.42,16.48,16.04,16.07,121050232.0,1962110080.0,16179616701.0,0.0074816501674306,601166
2015-12-07,16.15,16.2,16.02,16.17,64895249.0,1045606254.0,16179616701.0,0.0040109262289253,601166
2015-12-08,16.1,16.32,15.9,16.13,104599944.0,1684486528.0,16179616701.0,0.0064649210134585,601166
2015-12-09,16.13,16.34,16.11,16.2,96799954.0,1572079213.0,16179616701.0,0.0059828335731845,601166
2015-12-10,16.14,16.37,16.08,16.09,91151256.0,1476971520.0,16179616701.0,0.0056337092333198,601166
2015-12-11,16.03,16.09,15.9,15.95,95478208.0,1526883072.0,16179616701.0,0.0059011415266777,601166
2015-12-14,15.85,16.31,15.8,16.24,106531376.0,1714349952.0,16179616701.0,0.0065842954112389,601166
2015-12-15,16.25,16.3,16.02,16.08,72284480.0,1164983680.0,16179616701.0,0.0044676262321796,601166
2015-12-16,16.13,16.15,16.03,16.1,59741160.0,959995840.0,16179616701.0,0.0036923717727075,601166
2015-12-17,16.12,16.3,16.07,16.18,101074376.0,1636952192.0,16179616701.0,0.006247019188888,601166
2015-12-18,16.14,16.88,16.12,16.39,171044048.0,2823074304.0,16179616701.0,0.0105715760243831,601166
2015-12-21,16.3,17.14,16.27,16.86,210730448.0,3537125888.0,16179616701.0,0.0130244400651948,601166
2015-12-22,16.86,17.35,16.82,17.18,224835598.0,3844108366.0,16179616701.0,0.0138962252416093,601166
2015-12-23,17.21,17.63,17.04,17.23,211671184.0,3662505472.0,16179616701.0,0.0130825833461751,601166
2015-12-24,17.3,17.38,17.02,17.27,126962104.0,2184029952.0,16179616701.0,0.0078470402819958,601166
2015-12-25,17.27,17.53,17.22,17.44,80822731.0,1406290548.0,16179616701.0,0.0049953427509197,601166
2015-12-28,17.47,17.55,16.93,16.96,172373681.0,2972790845.0,16179616701.0,0.0106537555360842,601166
2015-12-29,16.93,17.45,16.93,17.29,102061043.0,1753984666.0,16179616701.0,0.0063080012886641,601166
2015-12-30,17.23,17.33,17.11,17.24,97355406.0,1675060664.0,16179616701.0,0.0060171639291048,601166
2015-12-31,17.19,17.26,16.9,17.07,96048517.0,1644999070.0,16179616701.0,0.0059363901367368,601166
2016-01-04,17.05,17.06,16.4,16.43,102469315.0,1707580998.0,16179616701.0,0.0063332350137606,601166
2016-01-05,16.38,16.77,16.22,16.66,151714526.0,2519801500.0,16179616701.0,0.0093768924693143,601166
2016-01-06,16.6,16.76,16.43,16.75,83844397.0,1392251416.0,16179616701.0,0.0051821003271862,601166
2016-01-07,16.43,16.56,16.23,16.33,33858643.0,555041302.0,19052336751.0,0.0017771385968297,601166
2016-01-08,16.34,16.66,16.12,16.44,155277650.0,2548034568.0,19052336751.0,0.0081500580232946,601166
2016-01-11,16.26,16.27,15.8,15.8,143061835.0,2292510096.0,19052336751.0,0.0075088865407804,601166
2016-01-12,15.85,16.01,15.75,15.79,112399047.0,1783306769.0,19052336751.0,0.005899488785495,601166
2016-01-13,15.95,16.16,15.68,15.7,74561741.0,1189933582.0,19052336751.0,0.0039135221035858,601166
2016-01-14,15.4,15.8,15.25,15.68,92859000.0,1447139465.0,19052336751.0,0.0048738903376314,601166
2016-01-15,15.59,15.77,15.3,15.43,76246163.0,1184181749.0,19052336751.0,0.0040019323611838,601166
2016-01-18,15.21,15.57,15.2,15.3,52529630.0,808773876.0,19052336751.0,0.0027571226924299,601166
2016-01-19,15.4,15.54,15.25,15.5,54565880.0,841517237.0,19052336751.0,0.0028639993462815,601166
2016-01-20,15.45,15.49,15.1,15.14,84745424.0,1292429453.0,19052336751.0,0.0044480330737148,601166
2016-01-21,15.03,15.37,14.95,14.96,68488742.0,1035878058.0,19052336751.0,0.0035947686047699,601166
2016-01-22,15.1,15.14,14.87,15.02,51537992.0,772417696.0,19052336751.0,0.0027050745886745,601166
2016-01-25,15.05,15.06,14.96,15.03,31737392.0,476118247.0,19052336751.0,0.0016658004954869,601166
2016-01-26,14.95,15.03,14.34,14.45,90427357.0,1326481104.0,19052336751.0,0.0047462606913691,601166
2016-01-27,14.41,14.63,14.25,14.49,89376115.0,1288422211.0,19052336751.0,0.0046910841524627,601166
2016-01-28,14.47,14.52,14.17,14.26,53892113.0,771116708.0,19052336751.0,0.0028286353377189,601166
2016-01-29,14.25,14.58,14.19,14.46,72825414.0,1048629249.0,19052336751.0,0.0038223875082502,601166
2016-02-01,14.45,14.57,14.18,14.3,52482235.0,750125650.0,19052336751.0,0.0027546350710626,601166
2016-02-02,14.27,14.51,14.27,14.44,35906795.0,518096687.0,19052336751.0,0.0018846399509559,601166
2016-02-03,14.32,14.35,14.18,14.27,44692191.0,637504291.0,19052336751.0,0.002345759031246,601166
2016-02-04,14.35,14.43,14.28,14.38,48824500.0,700227221.0,19052336751.0,0.0025626515339351,601166
2016-02-05,14.38,14.5,14.35,14.42,44311362.0,639044453.0,19052336751.0,0.002325770459504,601166
2016-02-15,14.06,14.37,14.06,14.26,45426423.0,645207166.0,19052336751.0,0.0023842966662667,601166
2016-02-16,14.34,14.64,14.31,14.55,55866540.0,812086390.0,19052336751.0,0.0029322670877664,601166
2016-02-17,14.6,14.71,14.45,14.58,49965624.0,728328208.0,19052336751.0,0.0026225457093801,601166
2016-02-18,14.65,14.77,14.48,14.52,47927723.0,701039969.0,19052336751.0,0.0025155823994914,601166
2016-02-19,14.51,14.57,14.39,14.43,30046956.0,434924957.0,19052336751.0,0.0015770745810706,601166
2016-02-22,14.55,14.76,14.47,14.74,67736972.0,990930471.0,19052336751.0,0.0035553104527424,601166
2016-02-23,14.71,14.71,14.45,14.52,60985006.0,887253186.0,19052336751.0,0.0032009200129637,601166
2016-02-24,14.48,14.6,14.45,14.57,36290805.0,526394613.0,19052336751.0,0.001904795483845,601166
2016-02-25,14.54,14.56,14.08,14.1,89474179.0,1281923690.0,19052336751.0,0.0046962312376356,601166
2016-02-26,14.2,14.3,14.13,14.24,38131234.0,542001888.0,19052336751.0,0.0020013940808598,601166
2016-02-29,14.23,14.34,13.77,14.18,87002363.0,1220609517.0,19052336751.0,0.0045664930311203,601166
2016-03-01,14.15,14.27,13.98,14.18,52838420.0,746283209.0,19052336751.0,0.0027733301531753,601166
2016-03-02,14.24,14.63,14.18,14.62,103055244.0,1489415856.0,19052336751.0,0.005409060596968,601166
2016-03-03,14.62,14.76,14.56,14.74,71257589.0,1044684575.0,19052336751.0,0.003740097077397,601166
2016-03-04,14.67,15.47,14.66,15.39,228852447.0,3467258240.0,19052336751.0,0.0120117783971033,601166
2016-03-07,15.35,15.45,15.08,15.12,83201196.0,1265750941.0,19052336751.0,0.0043669811786017,601166
2016-03-08,15.1,15.38,14.69,15.31,73989041.0,1109151485.0,19052336751.0,0.0038834627986573,601166
2016-03-09,15.05,15.39,14.9,15.37,95990497.0,1458630623.0,19052336751.0,0.0050382532208266,601166
2016-03-10,15.19,15.34,15.01,15.03,39538379.0,601277724.0,19052336751.0,0.002075250900545,601166
2016-03-11,14.97,15.19,14.92,15.17,58160991.0,876312151.0,19052336751.0,0.0030526959375178,601166
2016-03-14,15.14,15.44,14.95,14.99,86003066.0,1305507722.0,19052336751.0,0.0045140429294315,601166
2016-03-15,15.01,15.4,14.93,15.37,96761415.0,1472275687.0,19052336751.0,0.0050787163939311,601166
2016-03-16,15.26,15.8,15.23,15.72,195272705.0,3058604006.0,19052336751.0,0.0102492784770745,601166
2016-03-17,15.68,15.85,15.24,15.43,134685320.0,2088278564.0,19052336751.0,0.0070692283975576,601166
2016-03-18,15.43,15.56,15.38,15.41,135520222.0,2095826288.0,19052336751.0,0.0071130498988732,601166
2016-03-21,15.46,15.73,15.46,15.53,100841467.0,1569021575.0,19052336751.0,0.0052928660834586,601166
2016-03-22,15.5,15.68,15.47,15.5,56367036.0,876701760.0,19052336751.0,0.0029585366213433,601166
2016-03-23,15.55,15.59,15.46,15.49,49898052.0,773555587.0,19052336751.0,0.0026189990578127,601166
2016-03-24,15.48,15.5,15.32,15.38,47265726.0,729071731.0,19052336751.0,0.0024808361629194,601166
2016-03-25,15.39,15.52,15.37,15.47,30636961.0,474089834.0,19052336751.0,0.001608042173535,601166
2016-03-28,15.47,15.64,15.31,15.34,34589714.0,535292497.0,19052336751.0,0.0018155103204432,601166
2016-03-29,15.37,15.52,15.27,15.3,37490752.0,576609263.0,19052336751.0,0.0019677771020939,601166
2016-03-30,15.4,15.59,15.35,15.57,46667313.0,723902733.0,19052336751.0,0.0024494272597586,601166
2016-03-31,15.6,15.62,15.48,15.53,38865543.0,603764406.0,19052336751.0,0.0020399357573794,601166
2016-04-01,15.57,15.65,15.38,15.61,61113914.0,948750151.0,19052336751.0,0.0032076860071661,601166
2016-04-05,15.5,15.71,15.41,15.66,60838507.0,947800160.0,19052336751.0,0.0031932307199434,601166
2016-04-06,15.58,15.65,15.49,15.55,44166856.0,686632697.0,19052336751.0,0.0023181857730748,601166
2016-04-07,15.58,15.59,15.43,15.44,39350503.0,609399453.0,19052336751.0,0.0020653898529236,601166
2016-04-08,15.38,15.47,15.32,15.4,48839727.0,752086549.0,19052336751.0,0.0025634507534849,601166
2016-04-11,15.5,15.67,15.43,15.61,58181284.0,908365385.0,19052336751.0,0.0030537610562098,601166
2016-04-12,15.61,15.68,15.56,15.6,30275359.0,472600584.0,19052336751.0,0.001589062769343,601166
2016-04-13,15.65,15.97,15.53,15.66,107865898.0,1701402988.0,19052336751.0,0.0056615573937059,601166
2016-04-14,15.71,15.77,15.63,15.67,33014999.0,517793095.0,19052336751.0,0.0017328582541596,601166
2016-04-15,15.7,15.95,15.67,15.84,76461425.0,1209255889.0,19052336751.0,0.0040132308177886,601166
2016-04-18,15.75,16.02,15.71,15.87,98490706.0,1568092820.0,19052336751.0,0.0051694816907343,601166
2016-04-19,15.9,15.92,15.79,15.87,48571620.0,770457163.0,19052336751.0,0.0025493786213625,601166
2016-04-20,15.9,15.93,15.48,15.88,109680391.0,1726539701.0,19052336751.0,0.0057567946878874,601166
2016-04-21,15.84,16.22,15.71,16.05,133822232.0,2146168349.0,19052336751.0,0.0070239274976585,601166
2016-04-22,15.98,16.27,15.95,16.13,51473020.0,831782522.0,19052336751.0,0.0027016644033072,601166
2016-04-25,16.02,16.22,15.9,16.1,74795887.0,1205132574.0,19052336751.0,0.0039258117246995,601166
2016-04-26,16.06,16.25,16.06,16.16,29499874.0,476024307.0,19052336751.0,0.0015483598881093,601166
2016-04-27,16.18,16.2,16.12,16.15,29501079.0,476729934.0,19052336751.0,0.0015484231349444,601166
2016-04-28,16.2,16.31,16.14,16.18,49501946.0,803610532.0,19052336751.0,0.0025982086421709,601166
2016-04-29,16.15,16.21,16.11,16.12,44797020.0,724671093.0,19052336751.0,0.0023512611909743,601166
2016-05-03,16.12,16.28,16.02,16.15,69065301.0,1116096311.0,19052336751.0,0.0036250304570317,601166
2016-05-04,16.15,16.21,16.08,16.17,43690372.0,705747447.0,19052336751.0,0.0022931765573431,601166
2016-05-05,16.14,16.21,16.08,16.17,32118766.0,519157580.0,19052336751.0,0.0016858176726439,601166
2016-05-06,16.16,16.2,16.01,16.02,56523370.0,912159743.0,19052336751.0,0.0029667421240091,601166
2016-05-09,16.01,16.04,15.78,15.81,68260834.0,1089569002.0,19052336751.0,0.0035828063975626,601166
2016-05-10,15.73,15.87,15.56,15.67,71213206.0,1121703101.0,19052336751.0,0.0037377675468738,601166
2016-05-11,15.73,15.84,15.69,15.73,33695887.0,530937421.0,19052336751.0,0.0017685960226496,601166
2016-05-12,15.73,15.96,15.68,15.91,39884443.0,631572704.0,19052336751.0,0.0020934147617302,601166
2016-05-13,15.85,16.0,15.84,15.94,38614733.0,615845339.0,19052336751.0,0.0020267714928969,601166
2016-05-16,15.89,15.99,15.85,15.91,26782983.0,426822578.0,19052336751.0,0.0014057584300568,601166
2016-05-17,15.95,15.95,15.84,15.85,25531244.0,405043783.0,19052336751.0,0.0013400584051014,601166
2016-05-18,15.84,16.09,15.82,16.06,70417790.0,1122700817.0,19052336751.0,0.0036960185472421,601166
2016-05-19,16.02,16.08,15.97,16.03,26074228.0,418126480.0,19052336751.0,0.0013685580063364,601166
2016-05-20,16.0,16.08,15.97,16.02,22990741.0,368542567.0,19052336751.0,0.0012067150240136,601166
2016-05-23,16.07,16.08,15.9,15.94,22516380.0,359992491.0,19052336751.0,0.001181817238183,601166
2016-05-24,15.92,15.93,15.72,15.73,19656030.0,310480106.0,19052336751.0,0.0010316860475903,601166
2016-05-25,15.85,15.85,15.74,15.8,18491358.0,292210092.0,19052336751.0,0.0009705559082682,601166
2016-05-26,15.81,15.89,15.75,15.79,26199512.0,413866284.0,19052336751.0,0.0013751337876507,601166
2016-05-27,15.8,15.82,15.76,15.77,18146514.0,286592538.0,19052336751.0,0.000952456081223,601166
2016-05-30,15.8,15.91,15.72,15.87,30262053.0,478104226.0,19052336751.0,0.0015883643773203,601166
2016-05-31,15.92,16.25,15.92,16.2,70927413.0,1146137170.0,19052336751.0,0.0037227671296686,601166
2016-06-01,16.22,16.25,16.13,16.14,35753221.0,578445336.0,19052336751.0,0.0018765793124102,601166
2016-06-02,16.15,16.19,16.06,16.08,27014618.0,435032400.0,19052336751.0,0.0014179162563133,601166
2016-06-03,16.15,16.18,16.07,16.16,34047897.0,548999534.0,19052336751.0,0.0017870719715371,601166
2016-06-06,15.63,15.63,15.37,15.41,47919461.0,741831494.0,19052336751.0,0.002515148751897,601166
2016-06-07,15.47,15.48,15.38,15.4,23733484.0,365693187.0,19052336751.0,0.0012456993758917,601166
2016-06-08,15.43,15.44,15.32,15.4,30107375.0,462811286.0,19052336751.0,0.0015802457931266,601166
2016-06-13,15.3,15.4,15.27,15.3,59696095.0,916770526.0,19052336751.0,0.0031332689412424,601166
2016-06-14,15.32,15.41,15.28,15.36,36688334.0,562865150.0,19052336751.0,0.0019256605884878,601166
2016-06-15,15.24,15.43,15.21,15.37,41123454.0,631002626.0,19052336751.0,0.002158446732149,601166
2016-06-16,15.3,15.41,15.28,15.38,48588250.0,747521765.0,19052336751.0,0.0025502514801734,601166
2016-06-17,15.37,15.47,15.34,15.43,42527261.0,656235566.0,19052336751.0,0.0022321283502281,601166
2016-06-20,15.49,15.53,15.38,15.49,20266932.0,313132287.0,19052336751.0,0.0010637504608948,601166
2016-06-21,15.5,15.54,15.39,15.44,25117861.0,388565226.0,19052336751.0,0.0013183611715597,601166
2016-06-22,15.4,15.49,15.37,15.47,22349379.0,344911351.0,19052336751.0,0.0011730518566877,601166
2016-06-23,15.48,15.48,15.32,15.35,19790074.0,304328926.0,19052336751.0,0.001038721615025,601166
2016-06-24,15.34,15.43,15.1,15.25,41131580.0,627826697.0,19052336751.0,0.0021588732415114,601166
2016-06-27,15.2,15.31,15.11,15.25,50653599.0,772305047.0,19052336751.0,0.0026586554532394,601166
2016-06-28,15.25,15.27,15.21,15.25,44194833.0,673566921.0,19052336751.0,0.0023196542018752,601166
2016-06-29,15.28,15.32,15.24,15.31,53212839.0,812272732.0,19052336751.0,0.002792982283247,601166
2016-06-30,15.33,15.38,15.22,15.24,40247097.0,614792506.0,19052336751.0,0.0021124493822463,601166
2016-07-01,15.26,15.36,15.23,15.35,32306059.0,494834862.0,19052336751.0,0.0016956481203443,601166
2016-07-04,15.32,15.53,15.31,15.47,44118047.0,680791374.0,19052336751.0,0.0023156239350894,601166
2016-07-05,15.47,15.47,15.37,15.42,37088960.0,571772364.0,19052336751.0,0.0019466882453698,601166
2016-07-06,15.39,15.42,15.29,15.31,44832225.0,686849233.0,19052336751.0,0.002353108995811,601166
2016-07-07,15.33,15.34,15.23,15.29,47468829.0,724536875.0,19052336751.0,0.0024914964300905,601166
2016-07-08,15.27,15.29,15.21,15.23,29735790.0,452965081.0,19052336751.0,0.0015607424112131,601166
2016-07-11,15.25,15.3,15.21,15.22,40428869.0,616757806.0,19052336751.0,0.0021219900492194,601166
2016-07-12,15.24,15.39,15.22,15.38,56162952.0,859277026.0,19052336751.0,0.0029478248644252,601166
2016-07-13,15.4,15.66,15.4,15.48,92530887.0,1436959357.0,19052336751.0,0.0048566686705841,601166
2016-07-14,15.48,15.52,15.35,15.41,44644616.0,688703336.0,19052336751.0,0.0023432619622187,601166
2016-07-15,15.42,15.55,15.39,15.53,48120101.0,743679263.0,19052336751.0,0.002525679743587,601166
2016-07-18,15.52,15.68,15.5,15.59,56773857.0,885497668.0,19052336751.0,0.0029798894351906,601166
2016-07-19,15.59,15.63,15.42,15.46,36745866.0,570062288.0,19052336751.0,0.0019286802705747,601166
2016-07-20,15.46,15.49,15.4,15.48,29655078.0,457995235.0,19052336751.0,0.001556506080465,601166
2016-07-21,15.45,15.62,15.45,15.59,42321672.0,658299940.0,19052336751.0,0.0022213376003748,601166
2016-07-22,15.55,15.59,15.44,15.46,27553973.0,426703449.0,19052336751.0,0.0014462253822252,601166
2016-08-01,15.37,15.62,15.32,15.61,79677066.0,1233872290.0,19052336751.0,0.004182010167116,601166
2016-08-02,15.57,15.6,15.47,15.49,33104512.0,514161134.0,19052336751.0,0.0017375565229951,601166
2016-08-03,15.45,15.49,15.42,15.45,20539334.0,317199806.0,19052336751.0,0.0010780480246824,601166
2016-08-04,15.47,15.48,15.32,15.38,32049766.0,492774359.0,19052336751.0,0.0016821960696405,601166
2016-08-05,15.41,15.59,15.38,15.51,39209683.0,608341678.0,19052336751.0,0.0020579986335766,601166
2016-08-08,15.52,15.58,15.47,15.57,33506092.0,520323433.0,19052336751.0,0.0017586342524751,601166
2016-08-09,15.59,15.64,15.55,15.63,37253723.0,580970188.0,19052336751.0,0.001955336160959,601166
2016-08-10,15.64,15.76,15.6,15.71,54686322.0,858471459.0,19052336751.0,0.0028703209855415,601166
2016-08-11,15.71,16.18,15.71,15.83,110107500.0,1759933437.0,19052336751.0,0.0057792123579917,601166
2016-08-12,15.91,16.22,15.86,16.18,90930518.0,1458896345.0,19052336751.0,0.0047726701028012,601166
2016-08-15,16.3,16.7,16.28,16.42,172887891.0,2856737854.0,19052336751.0,0.00907436674354,601166
2016-08-16,16.46,16.51,16.04,16.15,127489019.0,2068702462.0,19052336751.0,0.0066915161466117,601166
2016-08-17,16.2,16.26,16.05,16.06,50466102.0,814193828.0,19052336751.0,0.002648814298191,601166
2016-08-18,16.07,16.18,15.98,16.02,46892099.0,754240269.0,19052336751.0,0.0024612256025518,601166
2016-08-19,16.07,16.13,15.99,16.04,29866384.0,479519562.0,19052336751.0,0.0015675968984976,601166
2016-08-22,16.06,16.08,15.92,15.99,46168759.0,738962414.0,19052336751.0,0.0024232596559357,601166
2016-08-23,16.0,16.18,15.99,16.09,47796335.0,769985031.0,19052336751.0,0.0025086862375289,601166
2016-08-24,16.09,16.14,16.02,16.06,27168168.0,436795673.0,19052336751.0,0.001425975635171,601166
2016-08-25,16.03,16.03,15.89,15.97,45114653.0,719173334.0,19052336751.0,0.0023679327942611,601166
2016-08-26,15.99,16.01,15.91,15.93,27210990.0,434407245.0,19052336751.0,0.0014282232334871,601166
2016-08-29,15.9,15.96,15.8,15.94,34519899.0,548306369.0,19052336751.0,0.0018118459405347,601166
2016-08-30,15.96,16.09,15.94,16.06,44427491.0,712068013.0,19052336751.0,0.0023318657223328,601166
2016-08-31,16.03,16.13,15.99,16.07,32167048.0,516613235.0,19052336751.0,0.0016883518499803,601166
2016-09-01,16.07,16.12,16.03,16.04,25740633.0,413736251.0,19052336751.0,0.0013510486055548,601166
2016-09-02,16.02,16.08,15.99,16.05,32039970.0,513866888.0,19052336751.0,0.001681681906988,601166
2016-09-05,16.05,16.14,16.02,16.04,30960727.0,497488929.0,19052336751.0,0.0016250356795932,601166
2016-09-06,16.05,16.09,15.9,15.93,53311681.0,852357598.0,19052336751.0,0.0027981702033059,601166
2016-09-07,15.95,16.02,15.91,15.99,36874007.0,589273491.0,19052336751.0,0.0019354060072481,601166
2016-09-08,15.99,16.02,15.98,16.01,25243707.0,403892318.0,19052336751.0,0.001324966450568,601166
2016-09-09,16.01,16.04,15.96,15.97,30422160.0,487048265.0,19052336751.0,0.0015967679134373,601166
2016-09-12,15.82,15.89,15.71,15.77,61152016.0,965763161.0,19052336751.0,0.003209685866842,601166
2016-09-13,15.8,15.89,15.79,15.8,38276389.0,605622283.0,19052336751.0,0.002009012831352,601166
2016-09-14,15.78,15.84,15.72,15.73,38500359.0,607664805.0,19052336751.0,0.0020207683447532,601166
2016-09-19,15.75,15.88,15.75,15.86,31667393.0,501827444.0,19052336751.0,0.0016621264579704,601166
2016-09-20,15.85,15.92,15.82,15.9,38651958.0,613743898.0,19052336751.0,0.0020287253214738,601166
2016-09-21,15.88,15.94,15.83,15.86,34631806.0,550762946.0,19052336751.0,0.0018177196032493,601166
2016-09-22,15.9,16.01,15.86,16.0,36411160.0,580967338.0,19052336751.0,0.001911112556736,601166
2016-09-23,16.0,16.05,15.95,15.98,24716447.0,395589555.0,19052336751.0,0.0012972921549217,601166
2016-09-26,15.96,15.98,15.9,15.91,30140632.0,480467931.0,19052336751.0,0.0015819913532873,601166
2016-09-27,15.9,16.01,15.85,16.01,30429665.0,485197069.0,19052336751.0,0.0015971618283727,601166
2016-09-28,16.04,16.04,15.97,15.98,21966795.0,351677647.0,19052336751.0,0.0011529711702606,601166
2016-09-29,16.0,16.04,15.99,16.0,17933532.0,287073162.0,19052336751.0,0.0009412772949784,601166
2016-09-30,15.95,16.01,15.95,15.97,24852204.0,397238432.0,19052336751.0,0.0013044176325875,601166
2016-10-10,16.05,16.08,16.0,16.03,32033062.0,513190552.0,19052336751.0,0.0016813193267916,601166
2016-10-11,16.04,16.06,16.0,16.04,27808012.0,445754946.0,19052336751.0,0.0014595591272309,601166
2016-10-12,16.01,16.04,15.98,15.99,28965860.0,463536598.0,19052336751.0,0.0015203310952647,601166
2016-10-13,15.99,16.04,15.94,16.01,30716361.0,491160139.0,19052336751.0,0.001612209641339,601166
2016-10-14,15.98,16.11,15.97,16.09,30906688.0,496735070.0,19052336751.0,0.0016221993345975,601166
2016-10-17,16.09,16.12,15.97,15.98,29206972.0,469285115.0,19052336751.0,0.0015329863408207,601166
2016-10-18,15.98,16.08,15.97,16.07,18089013.0,290036023.0,19052336751.0,0.0009494380262332,601166
2016-10-19,16.09,16.11,16.02,16.06,18750944.0,301091173.0,19052336751.0,0.0009841807986632,601166
2016-10-20,16.08,16.13,16.07,16.12,27738886.0,446764546.0,19052336751.0,0.0014559309108655,601166
2016-10-21,16.08,16.26,16.08,16.24,41036544.0,664047194.0,19052336751.0,0.0021538850869747,601166
2016-10-24,16.26,16.47,16.21,16.33,51730747.0,845924953.0,19052336751.0,0.0027151917203691,601166
2016-10-25,16.35,16.37,16.24,16.26,23156748.0,377559308.0,19052336751.0,0.0012154282334309,601166
2016-10-26,16.26,16.26,16.15,16.19,23074321.0,373699761.0,19052336751.0,0.0012111018874778,601166
2016-10-27,16.16,16.25,16.15,16.2,19304122.0,312647431.0,19052336751.0,0.0010132154523768,601166
2016-10-28,16.16,16.33,16.16,16.27,24601788.0,399949295.0,19052336751.0,0.001291274047983,601166
2016-10-31,16.28,16.32,16.2,16.31,37670554.0,613026367.0,19052336751.0,0.0019772143696768,601166
2016-11-01,16.32,16.48,16.29,16.46,36004797.0,590997841.0,19052336751.0,0.0018897837819347,601166
2016-11-02,16.44,16.45,16.35,16.4,32457524.0,532693445.0,19052336751.0,0.0017035980638068,601166
2016-11-03,16.33,16.51,16.33,16.48,33324610.0,549006472.0,19052336751.0,0.0017491088067321,601166
2016-11-04,16.44,16.52,16.33,16.36,28023622.0,460373016.0,19052336751.0,0.0014708758493117,601166
2016-11-07,16.36,16.39,16.26,16.28,33598168.0,547396221.0,19052336751.0,0.0017634670454917,601166
2016-11-08,16.32,16.42,16.24,16.39,38642991.0,631053550.0,19052336751.0,0.0020282546705443,601166
2016-11-09,16.36,16.4,16.1,16.19,58523802.0,949611211.0,19052336751.0,0.0030717387984929,601166
2016-11-10,16.3,16.4,16.27,16.36,33689980.0,550526883.0,19052336751.0,0.0017682859819403,601166
2016-11-11,16.33,16.36,16.2,16.29,59868761.0,974339584.0,19052336751.0,0.003142331661593,601166
2016-11-14,16.27,16.47,16.26,16.29,72668391.0,1188481783.0,19052336751.0,0.0038141458420414,601166
2016-11-15,16.31,16.32,16.24,16.27,48738611.0,792695539.0,19052336751.0,0.0025581434779879,601166
2016-11-16,16.27,16.31,16.24,16.29,26888960.0,437761438.0,19052336751.0,0.0014113208448611,601166
2016-11-17,16.29,16.29,16.22,16.26,28984328.0,471000073.0,19052336751.0,0.0015213004251816,601166
2016-11-18,16.27,16.27,16.2,16.23,23912196.0,388059947.0,19052336751.0,0.0012550794326446,601166
2016-11-21,16.21,16.42,16.19,16.34,49016447.0,800754624.0,19052336751.0,0.0025727262561337,601166
2016-11-22,16.32,16.47,16.32,16.42,79368058.0,1302991840.0,19052336751.0,0.0041657912642045,601166
2016-11-23,16.46,16.87,16.46,16.67,108141682.0,1807867486.0,19052336751.0,0.0056760324685277,601166
2016-11-24,16.61,16.79,16.59,16.64,52382275.0,874086607.0,19052336751.0,0.0027493884705376,601166
2016-11-25,16.63,16.93,16.63,16.9,87478666.0,1472126172.0,19052336751.0,0.0045914927467051,601166
2016-11-28,17.0,17.29,16.8,16.84,128846748.0,2196962758.0,19052336751.0,0.0067627792687024,601166
2016-11-29,16.88,17.12,16.84,16.97,64842774.0,1100890391.0,19052336751.0,0.0034034026821721,601166
2016-11-30,16.98,17.1,16.74,16.84,55882786.0,943492398.0,19052336751.0,0.0029331197915692,601166
2016-12-01,16.97,17.06,16.81,16.9,59881111.0,1013838718.0,19052336751.0,0.0031429798760436,601166
2016-12-02,16.96,16.99,16.72,16.87,67968321.0,1144690574.0,19052336751.0,0.003567453267717,601166
2016-12-05,16.75,16.93,16.68,16.91,82351605.0,1382729174.0,19052336751.0,0.0043223886957424,601166
2016-12-06,16.87,16.97,16.84,16.9,56291768.0,952347609.0,19052336751.0,0.0029545860298236,601166
2016-12-07,16.91,16.91,16.81,16.84,28243362.0,476006407.0,19052336751.0,0.0014824093427026,601166
2016-12-08,16.9,16.98,16.83,16.93,65049264.0,1100575515.0,19052336751.0,0.0034142407228124,601166
2016-12-09,16.87,17.38,16.87,17.2,95693581.0,1647432825.0,19052336751.0,0.0050226689907198,601166
2016-12-12,17.24,17.58,17.1,17.3,141364790.0,2450855583.0,19052336751.0,0.0074198137397807,601166
2016-12-13,17.21,17.28,17.04,17.06,47932711.0,820631911.0,19052336751.0,0.0025158442046477,601166
2016-12-14,17.09,17.32,17.07,17.17,39574862.0,681584565.0,19052336751.0,0.0020771657837678,601166
2016-12-15,17.1,17.1,16.6,16.61,78551603.0,1317687669.0,19052336751.0,0.0041229379905788,601166
2016-12-16,16.56,16.67,16.47,16.5,50836813.0,841381250.0,19052336751.0,0.0026682718064665,601166
2016-12-19,16.49,16.49,16.34,16.42,40191074.0,659616903.0,19052336751.0,0.0021095089030425,601166
2016-12-20,16.45,16.45,16.11,16.21,60494226.0,981597165.0,19052336751.0,0.0031751604430792,601166
2016-12-21,16.18,16.35,16.18,16.25,40064106.0,651270591.0,19052336751.0,0.0021028447336202,601166
2016-12-22,16.24,16.27,16.07,16.14,30242825.0,488427916.0,19052336751.0,0.0015873551572834,601166
2016-12-23,16.17,16.19,15.98,16.05,47561137.0,763211389.0,19052336751.0,0.0024963414000911,601166
2016-12-26,16.05,16.11,15.88,16.09,40516703.0,647636929.0,19052336751.0,0.0021266001923818,601166
2016-12-27,16.07,16.11,16.02,16.04,24537477.0,394190090.0,19052336751.0,0.0012878985565228,601166
2016-12-28,16.04,16.07,15.92,16.01,34068577.0,544258392.0,19052336751.0,0.0017881574026982,601166
2016-12-29,16.0,16.02,15.94,15.98,31390641.0,501539521.0,19052336751.0,0.0016476005757326,601166
2016-12-30,16.0,16.15,15.97,16.14,41410969.0,665165744.0,19052336751.0,0.0021735375319684,601166
2017-01-03,16.14,16.36,16.14,16.24,48199929.0,782612585.0,19052336751.0,0.002529869675827,601166
2017-01-04,16.24,16.38,16.2,16.32,42410084.0,692194078.0,19052336751.0,0.0022259780810232,601166
2017-01-05,16.32,16.39,16.32,16.33,27695726.0,453017570.0,19052336751.0,0.0014536655719433,601166
2017-01-06,16.3,16.38,16.16,16.17,27775310.0,451178046.0,19052336751.0,0.0014578426973553,601166
2017-01-09,16.19,16.29,16.17,16.24,25154829.0,408435450.0,19052336751.0,0.0013203015109776,601166
2017-01-10,16.24,16.28,16.19,16.22,22350495.0,362840099.0,19052336751.0,0.0011731104321797,601166
2017-01-11,16.25,16.28,16.13,16.15,25058385.0,405846599.0,19052336751.0,0.0013152394547448,601166
2017-01-12,16.15,16.2,16.11,16.12,19419846.0,313786697.0,19052336751.0,0.0010192894579705,601166
2017-01-13,16.12,16.29,16.05,16.26,48681502.0,788212807.0,19052336751.0,0.002555145997902,601166
2017-01-16,16.23,16.59,16.18,16.55,132750624.0,2181130223.0,19052336751.0,0.0069676820085091,601166
2017-01-17,16.48,16.58,16.41,16.42,42783043.0,705812628.0,19052336751.0,0.0022455535800748,601166
2017-01-18,16.46,16.68,16.43,16.65,45018120.0,747244765.0,19052336751.0,0.0023628660666853,601166
2017-01-19,16.62,16.75,16.62,16.64,36688891.0,612445061.0,19052336751.0,0.0019256898237469,601166
2017-01-20,16.67,16.83,16.64,16.78,44233056.0,740437409.0,19052336751.0,0.0023216604124781,601166
2017-01-23,16.82,16.85,16.66,16.73,37060810.0,620970918.0,19052336751.0,0.0019452107363184,601166
2017-01-24,16.75,16.95,16.69,16.92,52779298.0,887774455.0,19052336751.0,0.0027702270167584,601166
2017-01-25,16.92,16.95,16.82,16.93,30796006.0,520021920.0,19052336751.0,0.0016163899684579,601166
2017-01-26,16.94,17.1,16.93,17.07,38764027.0,660720417.0,19052336751.0,0.0020346074870824,601166
2017-02-03,17.09,17.11,16.69,16.73,42366030.0,713054433.0,19052336751.0,0.002223665818723,601166
2017-02-06,16.8,16.8,16.66,16.72,39874207.0,666701648.0,19052336751.0,0.0020928775047977,601166
2017-02-07,16.72,16.75,16.62,16.66,40464716.0,674635075.0,19052336751.0,0.0021238715507102,601166
2017-02-08,16.64,16.71,16.56,16.67,43172468.0,718214016.0,19052336751.0,0.0022659933300692,601166
2017-02-09,16.7,16.8,16.67,16.69,40258937.0,673550672.0,19052336751.0,0.0021130708283269,601166
2017-02-10,16.75,16.82,16.72,16.76,47136740.0,790409631.0,19052336751.0,0.002474066074731,601166
2017-02-13,16.79,16.96,16.77,16.87,61620876.0,1038993579.0,19052336751.0,0.0032342949216854,601166
2017-02-14,16.9,16.9,16.71,16.74,50106525.0,840191398.0,19052336751.0,0.0026299411801741,601166
2017-02-15,16.76,16.93,16.73,16.8,87300394.0,1470551052.0,19052336751.0,0.0045821357842322,601166
2017-02-16,16.83,16.9,16.75,16.78,65678172.0,1103597491.0,19052336751.0,0.0034472502170397,601166
2017-02-17,16.79,16.87,16.67,16.69,50947337.0,854581252.0,19052336751.0,0.00267407287966,601166
2017-02-20,16.68,17.09,16.66,16.91,141651685.0,2394063241.0,19052336751.0,0.00743487199766,601166
2017-02-21,16.94,17.03,16.87,16.92,78490303.0,1329912694.0,19052336751.0,0.0041197205374758,601166
2017-02-22,16.92,16.92,16.85,16.88,49883512.0,842089417.0,19052336751.0,0.002618235896832,601166
2017-02-23,16.89,17.02,16.81,16.88,48574164.0,820865343.0,19052336751.0,0.0025495121482907,601166
2017-02-24,16.89,16.96,16.86,16.9,41088584.0,694939570.0,19052336751.0,0.0021566165104573,601166
2017-02-27,16.9,16.94,16.78,16.81,47432700.0,800391703.0,19052336751.0,0.0024896001272657,601166
2017-02-28,16.81,16.89,16.73,16.75,40489651.0,679985058.0,19052336751.0,0.0021251803140564,601166
2017-03-01,16.77,16.83,16.63,16.66,76999636.0,1287839766.0,19052336751.0,0.0040414798985724,601166
2017-03-02,16.7,16.76,16.5,16.5,79573541.0,1322539887.0,19052336751.0,0.0041765764504358,601166
2017-03-03,16.5,16.52,16.44,16.48,41525082.0,684633944.0,19052336751.0,0.0021795269810051,601166
2017-03-06,16.48,16.62,16.47,16.53,42430340.0,702615995.0,19052336751.0,0.0022270412576962,601166
2017-03-07,16.53,16.61,16.5,16.59,31978700.0,528922531.0,19052336751.0,0.0016784660284949,601166
2017-03-08,16.58,16.6,16.51,16.53,30166028.0,498894905.0,19052336751.0,0.0015833243131405,601166
2017-03-09,16.51,16.51,16.37,16.39,38629269.0,634268257.0,19052336751.0,0.0020275344439296,601166
2017-03-10,16.4,16.45,16.35,16.41,28600024.0,468900830.0,19052336751.0,0.0015011294611144,601166
2017-03-13,16.4,16.57,16.35,16.55,35330583.0,582334740.0,19052336751.0,0.0018543963116831,601166
2017-03-14,16.56,16.6,16.5,16.52,38242778.0,632803185.0,19052336751.0,0.0020072486907934,601166
2017-03-15,16.52,16.56,16.46,16.51,28775786.0,474694553.0,19052336751.0,0.0015103546812172,601166
2017-03-16,16.55,16.61,16.5,16.58,60084743.0,994780065.0,19052336751.0,0.0031536679088378,601166
2017-03-17,16.57,16.58,16.35,16.37,63431338.0,1043398057.0,19052336751.0,0.0033293206407697,601166
2017-03-20,16.4,16.43,16.17,16.24,73581180.0,1196507103.0,19052336751.0,0.0038620553983299,601166
2017-03-21,16.26,16.27,16.13,16.18,59292319.0,959572875.0,19052336751.0,0.0031120759503102,601166
2017-03-22,16.15,16.18,16.02,16.09,74574992.0,1199566328.0,19052336751.0,0.0039142176088235,601166
2017-03-23,16.1,16.21,16.1,16.17,50639645.0,818082142.0,19052336751.0,0.0026579230496407,601166
2017-03-24,16.17,16.2,16.09,16.18,66491555.0,1073645492.0,19052336751.0,0.0034899422506013,601166
2017-03-27,16.18,16.35,16.16,16.2,68249368.0,1108091821.0,19052336751.0,0.00358220458162,601166
2017-03-28,16.25,16.25,16.09,16.12,49492094.0,799807641.0,19052336751.0,0.0025976915402464,601166
2017-03-29,16.16,16.18,16.05,16.06,61015177.0,982022859.0,19052336751.0,0.0032025035982422,601166
2017-03-30,16.06,16.16,16.04,16.11,46617927.0,750270426.0,19052336751.0,0.0024468351367741,601166
2017-03-31,16.11,16.25,16.1,16.21,40731135.0,659566724.0,19052336751.0,0.0021378550847765,601166
2017-04-05,16.24,16.35,16.22,16.34,66771588.0,1088453292.0,19052336751.0,0.0035046403426863,601166
2017-04-06,16.33,16.37,16.24,16.32,45120066.0,735694759.0,19052336751.0,0.0023682169063924,601166
2017-04-07,16.33,16.35,16.26,16.34,44821229.0,731471849.0,19052336751.0,0.0023525318487585,601166
2017-04-10,16.33,16.34,16.25,16.26,38409734.0,625547402.0,19052336751.0,0.0020160117103737,601166
2017-04-11,16.24,16.26,16.06,16.18,60899741.0,984159383.0,19052336751.0,0.0031964447089044,601166
2017-04-12,16.16,16.17,14.99,16.0,107219562.0,1695812354.0,19052336751.0,0.0056276331560417,601166
2017-04-13,15.87,16.0,15.85,15.92,83466813.0,1328655446.0,19052336751.0,0.004380922618094,601166
2017-04-14,15.89,15.91,15.74,15.81,51934241.0,821837443.0,19052336751.0,0.0027258725099572,601166
2017-04-17,15.78,15.9,15.62,15.84,80930953.0,1273123623.0,19052336751.0,0.0042478229341475,601166
2017-04-18,15.81,15.82,15.55,15.56,79988356.0,1252207636.0,19052336751.0,0.0041983488453615,601166
2017-04-19,15.54,15.55,15.28,15.29,94553604.0,1452081567.0,19052336751.0,0.0049628350178639,601166
2017-04-20,15.29,15.35,15.17,15.21,74981898.0,1142747872.0,19052336751.0,0.0039355748840658,601166
2017-04-21,15.25,15.38,15.22,15.36,50415796.0,772368811.0,19052336751.0,0.0026461738871665,601166
2017-04-24,15.38,15.42,15.28,15.36,39844561.0,611550137.0,19052336751.0,0.0020913214751943,601166
2017-04-25,15.4,15.42,15.33,15.37,41361046.0,635706153.0,19052336751.0,0.0021709172234649,601166
2017-04-26,15.37,15.47,15.35,15.38,55581117.0,856814493.0,19052336751.0,0.0029172860907511,601166
2017-04-27,15.34,15.47,15.23,15.46,45536925.0,698625649.0,19052336751.0,0.0023900965847462,601166
2017-04-28,15.46,15.47,15.36,15.46,44315283.0,682928188.0,19052336751.0,0.0023259762610312,601166
2017-05-02,15.43,15.59,15.41,15.46,59686512.0,924145551.0,19052336751.0,0.0031327659583209,601166
2017-05-03,15.5,15.51,15.42,15.43,41619627.0,643738117.0,19052336751.0,0.0021844893644248,601166
2017-05-04,15.43,15.45,15.29,15.35,43145211.0,663867620.0,19052336751.0,0.0022645626919089,601166
2017-05-05,15.32,15.4,15.2,15.38,62548703.0,956666947.0,19052336751.0,0.0032829937774807,601166
2017-05-08,15.3,15.43,15.24,15.4,61084383.0,935962793.0,19052336751.0,0.0032061360135676,601166
2017-05-09,15.36,15.5,15.35,15.44,42701744.0,659515371.0,19052336751.0,0.0022412864394578,601166
2017-05-10,15.46,15.61,15.41,15.42,60975301.0,945969370.0,19052336751.0,0.0032004106266282,601166
2017-05-11,15.43,15.59,15.41,15.57,58536360.0,907076679.0,19052336751.0,0.0030723979302395,601166
2017-05-12,15.56,15.95,15.53,15.92,93511358.0,1477741852.0,19052336751.0,0.00490813065201,601166
2017-05-15,15.97,16.18,15.88,15.89,69398670.0,1110068800.0,19052336751.0,0.0036425279957513,601166
2017-05-16,15.84,15.93,15.75,15.85,42328336.0,669568780.0,19052336751.0,0.0022216873737431,601166
2017-05-17,15.84,15.85,15.68,15.73,66734370.0,1050088842.0,19052336751.0,0.0035026868815184,601166
2017-05-18,15.68,15.74,15.58,15.61,58945603.0,921319192.0,19052336751.0,0.0030938778676009,601166
2017-05-19,15.62,15.67,15.56,15.59,45698707.0,712874437.0,19052336751.0,0.0023985880365882,601166
2017-05-22,15.58,15.74,15.57,15.69,72880346.0,1142221424.0,19052336751.0,0.003825270724137,601166
2017-05-23,15.69,16.1,15.69,15.94,117947825.0,1880025849.0,19052336751.0,0.0061907274966578,601166
2017-05-24,15.95,16.09,15.76,16.02,132472077.0,2109830687.0,19052336751.0,0.0069530619121062,601166
2017-05-25,16.0,16.82,15.97,16.57,279206128.0,4596146449.0,19052336751.0,0.0146546920542618,601166
2017-05-26,16.62,16.73,16.48,16.5,139456177.0,2312549662.0,19052336751.0,0.0073196363691545,601166
2017-05-31,16.48,16.78,16.43,16.55,106245087.0,1760241044.0,19052336751.0,0.0055764858866681,601166
2017-06-01,16.51,16.63,16.45,16.58,111505894.0,1844918555.0,19052336751.0,0.0058526098639395,601166
2017-06-02,16.56,16.69,16.36,16.43,90204788.0,1489132262.0,19052336751.0,0.004734578712255,601166
2017-06-05,16.35,16.41,16.1,16.28,107338512.0,1741153595.0,19052336751.0,0.0056338764846976,601166
2017-06-06,16.28,16.33,16.16,16.27,49355184.0,801188390.0,19052336751.0,0.0025905055450696,601166
2017-06-07,16.3,16.55,16.29,16.44,88111913.0,1449107611.0,19052336751.0,0.0046247299820257,601166
2017-06-08,16.45,16.5,16.37,16.49,63877692.0,1049895414.0,19052336751.0,0.0033527484231899,601166
2017-06-09,16.51,16.78,16.49,16.62,96141934.0,1601229357.0,19052336751.0,0.0050462016946532,601166
2017-06-12,16.62,16.77,16.58,16.62,75689846.0,1261590780.0,19052336751.0,0.0039727329507771,601166
2017-06-13,16.64,16.66,16.47,16.54,75667070.0,1251595160.0,19052336751.0,0.003971537506864,601166
2017-06-14,16.01,16.12,15.79,15.92,89673606.0,1430133218.0,19052336751.0,0.0047066985625946,601166
2017-06-15,15.91,15.95,15.78,15.8,54802523.0,867231696.0,19052336751.0,0.0028764200274343,601166
2017-06-16,15.8,15.88,15.71,15.79,41304739.0,652722234.0,19052336751.0,0.0021679618379531,601166
2017-06-19,15.8,15.94,15.77,15.91,46579798.0,739981152.0,19052336751.0,0.0024448338599492,601166
2017-06-20,15.96,16.0,15.83,15.88,38245020.0,607679712.0,19052336751.0,0.0020073663666475,601166
2017-06-21,15.97,16.0,15.85,15.94,55499443.0,884101872.0,19052336751.0,0.0029129992675091,601166
2017-06-22,15.9,16.45,15.9,16.19,180546703.0,2935927348.0,19052336751.0,0.009476354809366,601166
2017-06-23,16.16,16.35,16.01,16.3,122654685.0,1982716262.0,19052336751.0,0.0064377764577125,601166
2017-06-26,16.28,16.6,16.23,16.37,138327994.0,2275296480.0,19052336751.0,0.0072604214279773,601166
2017-06-27,16.33,16.56,16.29,16.47,85618389.0,1404270312.0,19052336751.0,0.0044938523877133,601166
2017-06-28,16.43,17.06,16.41,16.82,241479760.0,4059028450.0,19052336751.0,0.0126745481751641,601166
2017-06-29,16.85,16.97,16.74,16.89,116727327.0,1966882112.0,19052336751.0,0.0061266672180709,601166
2017-06-30,16.8,16.87,16.66,16.86,75183947.0,1260438102.0,19052336751.0,0.0039461798299389,601166
2017-07-03,16.84,16.94,16.71,16.88,71470664.0,1203037499.0,19052336751.0,0.0037512807449327,601166
2017-07-04,16.87,16.88,16.55,16.71,133014541.0,2220576668.0,19052336751.0,0.0069815342201012,601166
2017-07-05,16.66,16.94,16.63,16.91,98704742.0,1657937085.0,19052336751.0,0.005180715798277,601166
2017-07-06,16.9,17.16,16.88,17.11,142941473.0,2434204421.0,19052336751.0,0.0075025691004804,601166
2017-07-07,17.03,17.19,17.0,17.09,76730697.0,1310727648.0,19052336751.0,0.004027364097266,601166
2017-07-10,17.05,17.21,17.0,17.12,73092065.0,1249797045.0,19052336751.0,0.0038363832193005,601166
2017-07-11,17.11,17.62,17.06,17.41,151754440.0,2636536064.0,19052336751.0,0.0079651352998489,601166
2017-07-12,17.42,18.02,17.41,17.62,190666750.0,3392565640.0,19052336751.0,0.0100075257167597,601166
2017-07-13,17.65,17.92,17.59,17.82,125186340.0,2227203251.0,19052336751.0,0.0065706554338238,601166
2017-07-14,17.84,18.0,17.73,17.9,79871119.0,1426358833.0,19052336751.0,0.0041921954269366,601166
2017-07-17,17.96,18.52,17.8,18.16,185977930.0,3382478831.0,19052336751.0,0.0097614236211859,601166
2017-07-18,18.11,18.29,17.88,18.03,96859094.0,1750352334.0,19052336751.0,0.0050838432716089,601166
2017-07-19,18.01,18.27,17.98,18.1,86060322.0,1558723566.0,19052336751.0,0.0045170481251063,601166
2017-07-20,18.11,18.2,17.9,18.07,70105946.0,1263946057.0,19052336751.0,0.0036796507911986,601166
2017-07-21,18.03,18.09,17.79,17.83,65126429.0,1166786942.0,19052336751.0,0.0034182908821712,601166
2017-07-24,17.8,18.18,17.7,18.0,108339583.0,1946377217.0,19052336751.0,0.0056864196983245,601166
2017-07-25,18.03,18.24,17.95,17.96,83680659.0,1514294470.0,19052336751.0,0.0043921467531066,601166
2017-07-26,17.99,18.22,17.62,17.73,107035666.0,1912454610.0,19052336751.0,0.0056179810066805,601166
2017-07-27,17.73,17.87,17.65,17.76,61640190.0,1094716869.0,19052336751.0,0.0032353086556043,601166
2017-07-28,17.72,17.88,17.64,17.87,42847018.0,762308136.0,19052336751.0,0.002248911435903,601166
2017-07-31,17.88,17.96,17.71,17.76,67430995.0,1199140572.0,19052336751.0,0.0035392506379282,601166
2017-08-01,17.79,18.08,17.73,18.06,100191489.0,1794884867.0,19052336751.0,0.0052587506881401,601166
2017-08-02,18.09,18.27,18.05,18.08,88773904.0,1612997294.0,19052336751.0,0.0046594759036757,601166
2017-08-03,18.06,18.16,17.7,17.74,79038570.0,1413694083.0,19052336751.0,0.0041484974275321,601166
2017-08-04,17.77,17.82,17.57,17.58,69436890.0,1228423462.0,19052336751.0,0.0036445340488932,601166
2017-08-07,17.57,17.65,17.41,17.47,64842454.0,1134369980.0,19052336751.0,0.0034033858863321,601166
2017-08-08,17.48,17.61,17.4,17.42,50408684.0,880530523.0,19052336751.0,0.0026458005996222,601166
2017-08-09,17.41,17.46,17.23,17.25,59753035.0,1034709200.0,19052336751.0,0.0031362575510252,601166
2017-08-10,17.25,17.43,17.17,17.31,58526278.0,1012631814.0,19052336751.0,0.003071868756305,601166
2017-08-11,17.2,17.27,16.96,17.15,109157581.0,1865074570.0,19052336751.0,0.0057293539593913,601166
2017-08-14,17.1,17.13,16.97,17.05,69385796.0,1182304721.0,19052336751.0,0.0036418522781127,601166
2017-08-15,17.07,17.35,17.06,17.23,71733332.0,1237180924.0,19052336751.0,0.0037650674002618,601166
2017-08-16,17.23,17.23,17.02,17.05,38195901.0,652745612.0,19052336751.0,0.002004788257692,601166
2017-08-17,17.05,17.14,17.02,17.12,41575051.0,709833100.0,19052336751.0,0.0021821497039106,601166
2017-08-18,17.05,17.17,17.0,17.09,46467160.0,793704850.0,19052336751.0,0.0024389218292376,601166
2017-08-21,17.08,17.15,17.03,17.09,35778760.0,610916511.0,19052336751.0,0.0018779197779045,601166
2017-08-22,17.12,17.29,17.1,17.26,59985472.0,1031636409.0,19052336751.0,0.0031484574718558,601166
2017-08-23,17.29,17.56,17.25,17.48,78881612.0,1376557974.0,19052336751.0,0.0041402591729783,601166
2017-08-24,17.48,17.74,17.42,17.44,63340807.0,1111960961.0,19052336751.0,0.0033245689401682,601166
2017-08-25,17.48,18.0,17.48,17.96,113101965.0,2014019610.0,19052336751.0,0.0059363828425961,601166
2017-08-28,18.0,18.19,17.86,17.95,115322290.0,2079077012.0,19052336751.0,0.0060529210409818,601166
2017-08-29,17.95,18.23,17.88,18.21,91363243.0,1654258287.0,19052336751.0,0.0047953825398978,601166
2017-08-30,18.09,18.19,17.7,17.82,166225682.0,2978951694.0,19052336751.0,0.0087246873794247,601166
2017-08-31,17.83,17.86,17.56,17.65,83649571.0,1478485401.0,19052336751.0,0.0043905150372491,601166
2017-09-01,17.62,17.75,17.45,17.52,83245625.0,1463136685.0,19052336751.0,0.0043693131235269,601166
2017-09-04,17.48,17.76,17.46,17.73,65453765.0,1155204755.0,19052336751.0,0.0034354717668196,601166
2017-09-05,17.7,17.88,17.66,17.7,60033856.0,1066981919.0,19052336751.0,0.0031509970028662,601166
2017-09-06,17.68,17.71,17.58,17.61,37326041.0,658087606.0,19052336751.0,0.0019591319158286,601166
2017-09-07,17.67,17.67,17.42,17.43,58087425.0,1018141670.0,19052336751.0,0.0030488346788721,601166
2017-09-08,17.41,17.61,17.4,17.45,49377779.0,863477309.0,19052336751.0,0.0025916914888357,601166
2017-09-11,17.53,17.67,17.42,17.44,52446600.0,920499383.0,19052336751.0,0.0027527646968158,601166
2017-09-12,17.47,17.49,17.29,17.44,70146343.0,1218330786.0,19052336751.0,0.0036817711085396,601166
2017-09-13,17.41,17.41,17.29,17.36,40031103.0,694530646.0,19052336751.0,0.0021011125051576,601166
2017-09-14,17.34,17.53,17.3,17.37,60082926.0,1045512302.0,19052336751.0,0.0031535725399587,601166
2017-09-15,17.34,17.4,17.21,17.38,47378094.0,820335348.0,19052336751.0,0.002486734022141,601166
2017-09-18,17.33,17.56,17.33,17.42,55478274.0,969664841.0,19052336751.0,0.002911888170205,601166
2017-09-19,17.43,17.49,17.27,17.41,49336106.0,856895373.0,19052336751.0,0.0025895041980827,601166
2017-09-20,17.35,17.4,17.26,17.33,54618920.0,945920536.0,19052336751.0,0.0028667832567641,601166
2017-09-21,17.3,17.46,17.29,17.36,42507798.0,738567321.0,19052336751.0,0.0022311067957461,601166
2017-09-22,17.31,17.51,17.31,17.42,46864693.0,815790721.0,19052336751.0,0.0024597871438284,601166
2017-09-25,17.46,17.61,17.42,17.59,80490804.0,1410633366.0,19052336751.0,0.0042247208335625,601166
2017-09-26,17.52,17.63,17.51,17.55,38420912.0,675223711.0,19052336751.0,0.0020165984100602,601166
2017-09-27,17.52,17.55,17.34,17.38,46631144.0,812866715.0,19052336751.0,0.0024475288574537,601166
2017-09-28,17.4,17.44,17.25,17.34,55500250.0,961675017.0,19052336751.0,0.0029130416245181,601166
2017-09-29,17.33,17.37,17.24,17.29,37108452.0,642400309.0,19052336751.0,0.0019477113219748,601166
2017-10-09,17.77,17.86,17.43,17.46,136908468.0,2415584257.0,19052336751.0,0.0071859147667445,601166
2017-10-10,17.51,17.82,17.46,17.8,115295997.0,2031040471.0,19052336751.0,0.0060515410002895,601166
2017-10-11,17.82,17.97,17.64,17.7,112989200.0,2012178865.0,19052336751.0,0.0059304641460355,601166
2017-10-12,17.7,17.93,17.66,17.76,84712522.0,1507216905.0,19052336751.0,0.0044463061464391,601166
2017-10-13,17.79,17.95,17.78,17.8,67278906.0,1202561089.0,19052336751.0,0.0035312679425776,601166
2017-10-16,17.82,18.1,17.78,18.04,108680891.0,1956911463.0,19052336751.0,0.0057043339313376,601166
2017-10-17,18.05,18.07,17.87,17.9,55893363.0,1005024218.0,19052336751.0,0.0029336749465687,601166
2017-10-18,17.94,18.03,17.8,18.0,80414140.0,1441203479.0,19052336751.0,0.0042206969701907,601166
2017-10-19,17.98,18.05,17.91,18.03,78043235.0,1403079240.0,19052336751.0,0.0040962552793375,601166
2017-10-20,18.0,18.0,17.85,17.88,36270859.0,649511705.0,19052336751.0,0.001903748578142,601166
2017-10-23,17.88,17.89,17.64,17.65,53668631.0,951403413.0,19052336751.0,0.0028169054379738,601166
2017-10-24,17.65,17.84,17.64,17.77,50964492.0,905263912.0,19052336751.0,0.0026749732941459,601166
2017-10-25,17.79,17.8,17.66,17.71,42557655.0,753659452.0,19052336751.0,0.0022337236401076,601166
2017-10-26,17.65,17.65,17.43,17.5,92291501.0,1617125259.0,19052336751.0,0.0048441040175901,601166
2017-10-27,17.51,17.81,17.51,17.7,124009047.0,2195018099.0,19052336751.0,0.0065088628560741,601166
2017-10-30,17.64,17.8,17.54,17.66,99974941.0,1765086731.0,19052336751.0,0.0052473847332533,601166
2017-10-31,17.6,17.62,17.43,17.44,61514874.0,1075297918.0,19052336751.0,0.0032287311947061,601166
2017-11-01,17.43,17.43,17.22,17.25,115144445.0,1993266567.0,19052336751.0,0.0060435864904579,601166
2017-11-02,17.27,17.31,17.06,17.25,87624199.0,1504212617.0,19052336751.0,0.0045991313372833,601166
2017-11-03,17.22,17.29,17.04,17.23,96845753.0,1659963113.0,19052336751.0,0.0050831430425413,601166
2017-11-06,17.16,17.16,16.83,16.85,113466250.0,1920087583.0,19052336751.0,0.0059555030694092,601166
2017-11-07,16.86,17.15,16.85,17.08,84139664.0,1428163513.0,19052336751.0,0.0044162385485645,601166
2017-11-08,17.07,17.27,17.04,17.14,78679586.0,1351553693.0,19052336751.0,0.0041296554343062,601166
2017-11-09,17.12,17.23,16.98,17.05,61920539.0,1057945168.0,19052336751.0,0.0032500233335813,601166
2017-11-10,17.05,17.1,16.85,16.95,75295959.0,1273908493.0,19052336751.0,0.0039520590037884,601166
2017-11-13,16.95,17.37,16.94,17.12,146627379.0,2513633273.0,19052336751.0,0.0076960312488862,601166
2017-11-14,17.05,17.12,16.92,16.94,67217436.0,1143146017.0,19052336751.0,0.0035280415666845,601166
2017-11-15,16.91,17.0,16.89,16.94,40822864.0,691794881.0,19052336751.0,0.002142669664804,601166
2017-11-16,16.95,16.96,16.84,16.85,58995053.0,996381607.0,19052336751.0,0.0030964733497534,601166
2017-11-17,16.85,17.4,16.84,17.36,185894521.0,3190677113.0,19052336751.0,0.0097570457329987,601166
2017-11-20,17.24,17.59,17.14,17.56,151823034.0,2633091741.0,19052336751.0,0.0079687355931303,601166
2017-11-21,17.49,18.08,17.46,17.74,254430087.0,4532684672.0,19052336751.0,0.013354271989059,601166
2017-11-22,17.9,18.22,17.86,18.0,219832925.0,3965821375.0,19052336751.0,0.0115383707454394,601166
2017-11-23,18.08,18.19,17.63,17.81,169574723.0,3046614918.0,19052336751.0,0.0089004684945587,601166
2017-11-24,17.87,17.96,17.7,17.86,88634303.0,1581518942.0,19052336751.0,0.0046521486659817,601166
2017-11-27,17.79,17.88,17.56,17.84,139429945.0,2471612734.0,19052336751.0,0.0073182595301692,601166
2017-11-28,17.76,17.79,17.56,17.62,69104550.0,1219529179.0,19052336751.0,0.0036270905192966,601166
2017-11-29,17.63,17.69,17.35,17.5,88215904.0,1543451516.0,19052336751.0,0.0046301881576478,601166
2017-11-30,17.5,17.63,17.4,17.49,80022908.0,1402997600.0,19052336751.0,0.0042001623761872,601166
2017-12-01,17.52,17.52,17.3,17.45,72078834.0,1254482484.0,19052336751.0,0.003783201763753,601166
2017-12-04,17.41,17.5,17.37,17.48,54074697.0,942443956.0,19052336751.0,0.002838218624136,601166
2017-12-05,17.48,17.91,17.46,17.8,170095874.0,3017306248.0,19052336751.0,0.0089278221471217,601166
2017-12-06,17.75,17.77,17.47,17.56,70578386.0,1243901250.0,19052336751.0,0.0037044477495021,601166
2017-12-07,17.56,17.62,17.22,17.38,90319544.0,1569350685.0,19052336751.0,0.0047406019104328,601166
2017-12-08,17.34,17.35,17.2,17.26,70212275.0,1212202920.0,19052336751.0,0.0036852316814269,601166
2017-12-11,17.23,17.39,17.14,17.32,66031974.0,1137993744.0,19052336751.0,0.0034658202226314,601166
2017-12-12,17.3,17.36,17.15,17.16,46640388.0,804987739.0,19052336751.0,0.0024480140472822,601166
2017-12-13,17.16,17.33,17.1,17.28,42120972.0,724823626.0,19052336751.0,0.0022108034594648,601166
2017-12-14,17.3,17.38,17.15,17.2,43888740.0,756158741.0,19052336751.0,0.002303588298569,601166
2017-12-15,17.17,17.19,17.01,17.02,48788934.0,833766776.0,19052336751.0,0.0025607847812914,601166
2017-12-18,17.03,17.17,17.0,17.06,47444159.0,809680674.0,19052336751.0,0.0024902015757993,601166
2017-12-19,17.06,17.27,17.05,17.19,49799006.0,855412769.0,19052336751.0,0.0026138004304057,601166
2017-12-20,17.21,17.21,17.01,17.14,52440753.0,896789133.0,19052336751.0,0.0027524578053265,601166
2017-12-21,17.07,17.2,17.04,17.12,55935923.0,958147230.0,19052336751.0,0.0029359087932908,601166
2017-12-22,17.12,17.16,17.03,17.04,35890858.0,613317323.0,19052336751.0,0.0018838034656361,601166
2017-12-25,17.03,17.18,17.01,17.02,61513738.0,1050092867.0,19052336751.0,0.003228671569474,601166
2017-12-26,17.03,17.19,17.02,17.16,50494340.0,864200032.0,19052336751.0,0.0026502964260984,601166
2017-12-27,17.16,17.22,17.0,17.05,70550100.0,1205248085.0,19052336751.0,0.0037029631022187,601166
2017-12-28,17.02,17.06,16.91,16.94,72730270.0,1233880791.0,19052336751.0,0.0038173936851175,601166
2017-12-29,16.94,17.02,16.91,16.99,46649935.0,791291654.0,19052336751.0,0.0024485151406717,601166
2018-01-02,17.05,17.29,17.01,17.24,97602162.0,1678255423.0,19052336751.0,0.005122844681762,601166
2018-01-03,17.24,17.33,17.18,17.2,79215650.0,1365934040.0,19052336751.0,0.0041577918255009,601166
2018-01-04,17.2,17.26,17.13,17.19,49647247.0,853218373.0,19052336751.0,0.0026058350557652,601166
2018-01-05,17.18,17.24,17.11,17.2,77166170.0,1325253572.0,19052336751.0,0.0040502207686387,601166
2018-01-08,17.19,17.27,17.12,17.22,74836471.0,1286434551.0,19052336751.0,0.0039279418571095,601166
2018-01-09,17.24,17.25,17.15,17.18,63589586.0,1093652323.0,19052336751.0,0.0033376266035536,601166
2018-01-10,17.18,18.2,17.17,18.18,367733298.0,6574554402.0,19052336751.0,0.0193012176304672,601166
2018-01-11,18.15,18.28,17.89,18.03,179776492.0,3244532208.0,19052336751.0,0.0094359287445706,601166
2018-01-12,18.07,18.09,17.82,17.93,138954464.0,2493457740.0,19052336751.0,0.0072933029588985,601166
2018-01-15,17.87,18.33,17.86,18.0,223732471.0,4049881520.0,19052336751.0,0.0117430462165359,601166
2018-01-16,18.06,18.14,17.7,17.88,205621011.0,3669545863.0,19052336751.0,0.0107924300146126,601166
2018-01-17,17.94,18.91,17.94,18.34,375266320.0,6930813803.0,19052336751.0,0.0196966033565569,601166
2018-01-18,18.45,18.68,18.15,18.38,385046391.0,7076375790.0,19052336751.0,0.0202099299436217,601166
2018-01-19,18.62,19.06,18.08,18.25,614183473.0,11402936470.0,19052336751.0,0.0322366479779842,601166
2018-01-22,18.22,18.45,17.8,17.9,416180642.0,7524058686.0,19052336751.0,0.0218440733774116,601166
2018-01-23,17.95,18.3,17.92,18.28,353268806.0,6397478144.0,19052336751.0,0.0185420198381417,601166
2018-01-24,18.48,19.08,18.36,18.68,476913437.0,8920341419.0,19052336751.0,0.0250317555916057,601166
2018-01-25,18.6,18.76,18.36,18.58,210560968.0,3904080719.0,19052336751.0,0.011051713537918,601166
2018-01-26,18.62,19.02,18.58,18.69,332024030.0,6241523068.0,19052336751.0,0.0174269452791701,601166
2018-01-29,18.79,19.18,18.65,18.92,333485640.0,6306383105.0,19052336751.0,0.017503660803313,601166
2018-01-30,18.92,19.11,18.48,18.51,234331697.0,4394314542.0,19052336751.0,0.0122993677921266,601166
2018-01-31,18.45,18.73,18.39,18.68,192444490.0,3568313752.0,19052336751.0,0.0101008339562284,601166
2018-02-01,18.62,18.9,18.54,18.88,273281262.0,5120645135.0,19052336751.0,0.0143437136122243,601166
2018-02-02,18.75,18.81,18.45,18.76,168746298.0,3152496675.0,19052336751.0,0.0088569869515424,601166
2018-02-05,18.55,19.42,18.53,19.41,316098617.0,6026367241.0,19052336751.0,0.0165910681262448,601166
2018-02-06,19.1,19.31,18.9,19.15,370400205.0,7075413834.0,19052336751.0,0.0194411955783092,601166
2018-02-07,19.28,19.98,18.9,19.03,462490975.0,8959457048.0,19052336751.0,0.0242747638278924,601166
2018-02-08,18.8,18.86,18.09,18.35,289733633.0,5361834989.0,19052336751.0,0.0152072492097218,601166
2018-02-09,17.85,17.96,17.08,17.79,317982433.0,5594549978.0,19052336751.0,0.0166899439767308,601166
2018-02-12,17.73,17.81,17.41,17.63,132669772.0,2340750973.0,19052336751.0,0.006963438329581,601166
2018-02-13,17.8,17.97,17.74,17.8,135924268.0,2425011792.0,19052336751.0,0.0071342570612954,601166
2018-02-14,17.82,17.89,17.62,17.72,91348589.0,1619002339.0,19052336751.0,0.0047946133953991,601166
2018-02-22,18.0,18.18,17.91,18.14,113793901.0,2052991321.0,19052336751.0,0.0059727004874626,601166
2018-02-23,18.14,18.23,18.04,18.16,70349377.0,1275971591.0,19052336751.0,0.0036924277541077,601166
2018-02-26,18.28,18.42,18.11,18.25,102261239.0,1866077651.0,19052336751.0,0.0053673856564934,601166
2018-02-27,18.37,18.37,17.92,18.08,113761084.0,2058983851.0,19052336751.0,0.0059709780215819,601166
2018-02-28,17.98,18.0,17.8,17.86,79762807.0,1427707988.0,19052336751.0,0.0041865104549872,601166
2018-03-01,17.77,18.06,17.74,17.99,66301478.0,1188024405.0,19052336751.0,0.0034799656790928,601166
2018-03-02,17.88,17.99,17.8,17.89,53585917.0,959114295.0,19052336751.0,0.0028125640282516,601166
2018-03-05,17.88,18.05,17.82,17.93,59896270.0,1072982135.0,19052336751.0,0.0031437755264774,601166
2018-03-06,18.0,18.05,17.81,17.95,81637786.0,1463038064.0,19052336751.0,0.0042849224778538,601166
2018-03-07,18.07,18.21,18.02,18.05,109192343.0,1980622522.0,19052336751.0,0.0057311785124871,601166
2018-03-08,18.09,18.12,17.97,18.08,36842460.0,664776448.0,19052336751.0,0.0019337501998575,601166
2018-03-09,18.09,18.17,18.0,18.08,51088899.0,922522914.0,19052336751.0,0.0026815030443611,601166
2018-03-12,18.13,18.16,17.91,17.94,88112215.0,1586329107.0,19052336751.0,0.0046247458330997,601166
2018-03-13,17.9,18.07,17.8,17.88,71575386.0,1282573286.0,19052336751.0,0.0037567772885519,601166
2018-03-14,17.8,17.84,17.63,17.65,53154418.0,941144277.0,19052336751.0,0.0027899159402171,601166
2018-03-15,17.61,17.71,17.59,17.68,38872054.0,686376587.0,19052336751.0,0.0020402775002368,601166
2018-03-16,17.64,17.72,17.43,17.44,63033648.0,1107113182.0,19052336751.0,0.0033084470857198,601166
2018-03-19,17.46,17.47,17.3,17.44,50975971.0,886738886.0,19052336751.0,0.0026755757924195,601166
2018-03-20,17.39,17.51,17.37,17.48,38664426.0,674701750.0,19052336751.0,0.0020293797293904,601166
2018-03-21,17.59,17.63,17.38,17.48,50367849.0,883036954.0,19052336751.0,0.0026436572929751,601166
2018-03-22,17.5,17.53,17.26,17.45,74318788.0,1291892397.0,19052336751.0,0.0039007702294627,601166
2018-03-23,17.08,17.26,16.92,17.22,157691603.0,2690716378.0,19052336751.0,0.008276759174526,601166
2018-03-26,17.1,17.15,16.74,16.85,79640467.0,1346790864.0,19052336751.0,0.0041800891954011,601166
2018-03-27,17.08,17.15,16.84,16.9,53504561.0,907152723.0,19052336751.0,0.0028082938958756,601166
2018-03-28,16.82,17.05,16.76,16.83,52906246.0,892014622.0,19052336751.0,0.0027768901364407,601166
2018-03-29,16.84,17.01,16.56,16.91,81049546.0,1357460151.0,19052336751.0,0.0042540475249444,601166
2018-03-30,16.9,16.95,16.68,16.69,63480995.0,1065524258.0,19052336751.0,0.0033319269877312,601166
2018-04-02,16.73,16.83,16.56,16.57,67022603.0,1118577634.0,19052336751.0,0.0035178153670038,601166
2018-04-03,16.5,16.5,16.32,16.38,60089903.0,985404331.0,19052336751.0,0.003153938741758,601166
2018-04-04,16.43,16.5,16.32,16.33,54998130.0,902286200.0,19052336751.0,0.0028866868520531,601166
2018-04-09,16.31,16.39,16.23,16.31,45581223.0,742872010.0,19052336751.0,0.0023924216538744,601166
2018-04-10,16.35,16.7,16.33,16.69,59890858.0,989765244.0,19052336751.0,0.0031434914668331,601166
2018-04-11,16.7,16.91,16.63,16.73,66985596.0,1123662206.0,19052336751.0,0.003515872980593,601166
2018-04-12,16.74,16.75,16.5,16.51,44457145.0,737885907.0,19052336751.0,0.0023334221718323,601166
2018-04-13,16.6,16.64,16.46,16.47,29980986.0,495923655.0,19052336751.0,0.0015736120136773,601166
2018-04-16,16.43,16.47,16.04,16.06,82859461.0,1341106020.0,19052336751.0,0.0043490445336397,601166
2018-04-17,16.12,16.24,16.03,16.04,53917995.0,869379643.0,19052336751.0,0.0028299938062542,601166
2018-04-18,16.24,16.25,16.03,16.11,61811560.0,996706109.0,19052336751.0,0.0032443033528029,601166
2018-04-19,16.12,16.29,16.09,16.19,37594022.0,609098277.0,19052336751.0,0.001973197434589,601166
2018-04-20,16.11,16.19,15.98,16.16,58708730.0,943750983.0,19052336751.0,0.0030814451144381,601166
2018-04-23,16.06,16.23,16.06,16.16,40599721.0,655611181.0,19052336751.0,0.0021309575581519,601166
2018-04-24,16.15,16.45,16.15,16.44,51461301.0,841964550.0,19052336751.0,0.0027010493081537,601166
2018-04-25,16.34,16.41,16.08,16.13,70005938.0,1135276238.0,19052336751.0,0.0036744016712976,601166
2018-04-26,16.15,16.23,15.98,16.11,66326495.0,1065420286.0,19052336751.0,0.0034812787463731,601166
2018-04-27,16.12,16.14,16.0,16.11,65127691.0,1046608490.0,19052336751.0,0.0034183571207653,601166
2018-05-02,16.17,16.21,16.0,16.07,62421919.0,1003798337.0,19052336751.0,0.0032763392656663,601166
2018-05-03,16.04,16.1,15.99,16.06,47168657.0,756306777.0,19052336751.0,0.0024757413023116,601166
2018-05-04,16.05,16.1,16.0,16.0,35074359.0,562362315.0,19052336751.0,0.0018409478825823,601166
2018-05-07,16.02,16.11,15.96,16.09,58460326.0,938288457.0,19052336751.0,0.0030684071336777,601166
2018-05-08,16.09,16.32,16.08,16.29,70915048.0,1150460617.0,19052336751.0,0.0037221181279129,601166
2018-05-09,16.3,16.33,16.19,16.25,35074925.0,569415674.0,19052336751.0,0.0018409775902244,601166
2018-05-10,16.31,16.35,16.21,16.27,31131223.0,506389362.0,19052336751.0,0.0016339845031537,601166
2018-05-11,16.31,16.39,16.25,16.32,37230801.0,607890198.0,19052336751.0,0.0019541330539439,601166
2018-05-14,16.38,16.47,16.33,16.37,49041218.0,803700252.0,19052336751.0,0.002574026411612,601166
2018-05-15,16.41,16.43,16.26,16.34,31823832.0,519746007.0,19052336751.0,0.0016703374717712,601166
2018-05-16,16.28,16.36,16.16,16.17,37889126.0,616025607.0,19052336751.0,0.0019886865582517,601166
2018-05-17,16.2,16.27,16.15,16.17,27877202.0,451609606.0,19052336751.0,0.0014631907027644,601166
2018-05-18,16.17,16.32,16.14,16.31,36630576.0,594361590.0,19052336751.0,0.001922629044339,601166
2018-05-21,16.37,16.4,16.31,16.34,39808336.0,650705609.0,19052336751.0,0.0020894201336174,601166
2018-05-22,16.35,16.36,16.16,16.22,33468174.0,542945199.0,19052336751.0,0.0017566440504072,601166
2018-05-23,16.2,16.21,16.01,16.02,46791254.0,752725667.0,19052336751.0,0.0024559325510317,601166
2018-05-24,16.02,16.08,15.99,16.0,34807988.0,557732809.0,19052336751.0,0.001826966867892,601166
2018-05-25,16.03,16.07,15.98,16.05,32665757.0,523571423.0,19052336751.0,0.0017145275892882,601166
2018-05-28,16.04,16.09,15.97,16.0,37797515.0,605254634.0,19052336751.0,0.0019838781716902,601166
2018-05-29,15.99,16.09,15.86,16.08,61075544.0,975991079.0,19052336751.0,0.0032056720809742,601166
2018-05-30,15.96,15.98,15.81,15.81,53289111.0,846488203.0,19052336751.0,0.0027969855717148,601166
2018-05-31,15.91,15.99,15.8,15.93,62683510.0,996175692.0,19052336751.0,0.0032900693924964,601166
2018-06-01,15.9,15.95,15.84,15.86,35573237.0,564926631.0,19052336751.0,0.0018671324921932,601166
2018-06-04,15.93,16.05,15.88,16.01,38600765.0,616773721.0,19052336751.0,0.0020260383544802,601166
2018-06-05,16.02,16.02,15.9,15.99,39603684.0,631772826.0,19052336751.0,0.0020786785640832,601166
2018-06-06,15.99,15.99,15.9,15.91,36085377.0,575067424.0,19052336751.0,0.0018940131843988,601166
2018-06-07,15.96,16.09,15.93,15.98,46556229.0,745724441.0,19052336751.0,0.002443596793845,601166
2018-06-08,16.02,16.04,15.73,15.8,65350863.0,1036409569.0,19052336751.0,0.0034300707495404,601166
2018-06-11,15.78,15.91,15.7,15.9,37402341.0,591594691.0,19052336751.0,0.0019631366739324,601166
2018-06-12,15.9,15.94,15.83,15.88,40561918.0,644738200.0,19052336751.0,0.002128973392089,601166
2018-06-13,15.88,15.99,15.86,15.91,44363840.0,706863075.0,19052336751.0,0.0023285248722927,601166
2018-06-14,15.88,15.99,15.85,15.91,46544275.0,741350257.0,19052336751.0,0.0024429693642464,601166
2018-06-15,15.36,15.46,15.28,15.42,68386526.0,1051707744.0,19052336751.0,0.0035894035935728,601166
2018-06-19,15.3,15.55,15.23,15.47,180091378.0,2775345479.0,19052336751.0,0.0094524561660683,601166
2018-06-20,15.37,15.42,15.25,15.27,47944172.0,734336844.0,19052336751.0,0.0025164457581552,601166
2018-06-21,15.31,15.39,15.2,15.23,39629510.0,605687606.0,19052336751.0,0.0020800340933465,601166
2018-06-22,15.18,15.21,15.04,15.15,36805526.0,556178053.0,19052336751.0,0.0019318116449977,601166
2018-06-25,15.21,15.26,14.82,14.85,49675004.0,746810982.0,19052336751.0,0.0026072919374256,601166
2018-06-26,14.82,14.82,14.38,14.56,60088442.0,874552080.0,19052336751.0,0.0031538620582509,601166
2018-06-27,14.47,14.58,14.17,14.32,58032813.0,832384606.0,19052336751.0,0.0030459682588254,601166
2018-06-28,14.2,14.4,14.15,14.23,41812612.0,595774796.0,19052336751.0,0.0021946185681294,601166
2018-06-29,14.28,14.42,14.21,14.4,39519694.0,565816979.0,19052336751.0,0.0020742701809491,601166
2018-07-02,14.38,14.38,13.76,13.82,67362704.0,945480678.0,19052336751.0,0.0035356662482078,601166
2018-07-03,13.86,13.98,13.73,13.93,63414254.0,878567927.0,19052336751.0,0.0033284239528608,601166
2018-07-04,13.88,14.0,13.81,13.86,34031406.0,472657273.0,19052336751.0,0.0017862064084193,601166
2018-07-05,13.81,14.07,13.78,14.05,62675347.0,873045393.0,19052336751.0,0.003289640941115,601166
2018-07-06,13.99,14.2,13.87,14.09,35955700.0,505094719.0,19052336751.0,0.0018872068276933,601166
2018-07-09,14.1,14.48,14.09,14.46,44919467.0,644769425.0,19052336751.0,0.0023576880666694,601166
2018-07-10,14.47,14.47,14.26,14.37,26017906.0,373500468.0,19052336751.0,0.0013656018335196,601166
2018-07-11,14.1,14.2,14.02,14.1,33079787.0,466547971.0,19052336751.0,0.0017362587819189,601166
2018-07-12,14.14,14.48,14.12,14.39,48072016.0,691079729.0,19052336751.0,0.0025231559061896,601166
2018-07-13,14.43,14.43,14.34,14.37,24711401.0,355465565.0,19052336751.0,0.0012970273055195,601166
2018-07-16,14.37,14.4,14.12,14.23,31878638.0,453146838.0,19052336751.0,0.0016732140742959,601166
2018-07-17,14.21,14.23,14.08,14.16,20353436.0,288169787.0,19052336751.0,0.0010682907963471,601166
2018-07-18,14.23,14.37,14.07,14.13,25732312.0,366136455.0,19052336751.0,0.0013506118612274,601166
2018-07-19,14.21,14.29,14.13,14.17,24081801.0,341775567.0,19052336751.0,0.0012639814902881,601166
2018-07-20,14.16,14.83,14.11,14.65,83117578.0,1208466601.0,19052336751.0,0.0043625923206316,601166
2018-07-23,14.62,15.25,14.58,15.14,114337932.0,1709592047.0,19052336751.0,0.0060012550425867,601166
2018-07-24,15.25,15.65,15.24,15.3,101631875.0,1566715325.0,19052336751.0,0.005334352228194,601166
2018-07-25,15.41,15.42,15.12,15.3,41646486.0,635301647.0,19052336751.0,0.0021858991127591,601166
2018-07-26,15.33,15.48,15.19,15.23,42828162.0,655648628.0,19052336751.0,0.0022479217410301,601166
2018-07-27,15.22,15.29,15.08,15.18,29163792.0,443069939.0,19052336751.0,0.0015307199521585,601166
2018-07-30,15.16,15.58,15.16,15.45,48262020.0,742487762.0,19052336751.0,0.0025331286461471,601166
2018-07-31,15.42,15.56,15.27,15.45,40114608.0,618109782.0,19052336751.0,0.0021054954320967,601166
2018-08-01,15.59,15.7,15.21,15.22,57697239.0,894498182.0,19052336751.0,0.0030283549862707,601166
2018-08-02,15.18,15.33,14.76,14.91,54711158.0,820109130.0,19052336751.0,0.0028716245526747,601166
2018-08-03,14.91,15.14,14.9,14.95,34274793.0,515424703.0,19052336751.0,0.0017989810619005,601166
2018-08-06,15.02,15.32,14.94,15.01,45853201.0,693536564.0,19052336751.0,0.0024066969631739,601166
2018-08-07,15.13,15.33,15.01,15.32,43299456.0,658506674.0,19052336751.0,0.0022726585492316,601166
2018-08-08,15.32,15.37,15.08,15.12,32106945.0,489238319.0,19052336751.0,0.0016851972238163,601166
2018-08-09,15.07,15.48,15.04,15.43,50270581.0,773104521.0,19052336751.0,0.0026385519874543,601166
2018-08-10,15.43,15.52,15.29,15.4,27424821.0,422365547.0,19052336751.0,0.0014394465811948,601166
2018-08-13,15.3,15.3,14.99,15.16,51079500.0,770781123.0,19052336751.0,0.0026810097190476,601166
2018-08-14,15.15,15.16,14.98,15.09,30530665.0,459659865.0,19052336751.0,0.0016024630153777,601166
2018-08-15,15.1,15.11,14.81,14.83,32756599.0,489478782.0,19052336751.0,0.0017192956133467,601166
2018-08-16,14.61,14.97,14.6,14.84,34408057.0,509288696.0,19052336751.0,0.0018059756894751,601166
2018-08-17,14.98,14.98,14.61,14.68,27410815.0,405719639.0,19052336751.0,0.0014387114482721,601166
2018-08-20,14.84,14.96,14.7,14.94,41116175.0,611111354.0,19052336751.0,0.0021580646792757,601166
2018-08-21,14.95,15.2,14.91,15.16,38712140.0,585331462.0,19052336751.0,0.0020318840941108,601166
2018-08-22,15.15,15.16,15.03,15.11,17846990.0,269089628.0,19052336751.0,0.0009367349650201,601166
2018-08-23,15.11,15.24,15.0,15.12,26332931.0,397819111.0,19052336751.0,0.0013821365507103,601166
2018-08-24,15.06,15.58,15.01,15.4,62555646.0,960313931.0,19052336751.0,0.003283358194722,601166
2018-08-27,15.41,15.52,15.27,15.49,68699258.0,1059588923.0,19052336751.0,0.0036058179580724,601166
2018-08-28,15.46,15.57,15.4,15.45,29362570.0,454398859.0,19052336751.0,0.0015411532130545,601166
2018-08-29,15.32,15.34,15.14,15.16,58480978.0,888877920.0,19052336751.0,0.0030694910952028,601166
2018-08-30,15.18,15.29,15.06,15.06,37422458.0,566168904.0,19052336751.0,0.0019641925549124,601166
2018-08-31,15.07,15.25,15.04,15.08,50436978.0,763027401.0,19052336751.0,0.0026472856668016,601166
2018-09-03,15.08,15.17,15.04,15.08,30859150.0,465984826.0,19052336751.0,0.0016197042075891,601166
2018-09-04,15.11,15.34,15.05,15.24,37650823.0,572640099.0,19052336751.0,0.0019761787486788,601166
2018-09-05,15.19,15.26,14.95,14.95,42331094.0,639026089.0,19052336751.0,0.0022218321328893,601166
2018-09-06,14.96,15.02,14.8,14.82,35803743.0,533500358.0,19052336751.0,0.0018792310606267,601166
2018-09-07,14.85,14.97,14.74,14.82,26894991.0,399424361.0,19052336751.0,0.0014116373939584,601166
2018-09-10,14.85,14.87,14.72,14.73,23607896.0,348840187.0,19052336751.0,0.0012391076385294,601166
2018-09-11,14.73,14.83,14.62,14.65,32004732.0,471328778.0,19052336751.0,0.0016798323700802,601166
2018-09-12,14.6,14.84,14.5,14.71,28916510.0,423863689.0,19052336751.0,0.0015177408618122,601166
2018-09-13,14.87,14.93,14.74,14.9,33822801.0,501688314.0,19052336751.0,0.0017752573577739,601166
2018-09-14,14.95,14.98,14.83,14.87,21955676.0,327304387.0,19052336751.0,0.001152387567307,601166
2018-09-17,14.85,14.85,14.71,14.77,17160177.0,253422553.0,19052336751.0,0.0009006862110548,601166
2018-09-18,14.75,14.98,14.72,14.98,28647461.0,426002369.0,19052336751.0,0.0015036192869358,601166
2018-09-19,14.96,15.14,14.93,15.06,40680498.0,612791728.0,19052336751.0,0.0021351973005549,601166
2018-09-20,15.1,15.22,15.1,15.18,35504689.0,538024255.0,19052336751.0,0.0018635346133138,601166
2018-09-21,15.2,15.7,15.13,15.69,88488294.0,1369938224.0,19052336751.0,0.0046444850915914,601166
2018-09-25,15.53,15.62,15.47,15.51,43371234.0,673549429.0,19052336751.0,0.0022764259611212,601166
2018-09-26,15.55,15.87,15.54,15.7,76398192.0,1202655598.0,19052336751.0,0.0040099119073144,601166
2018-09-27,15.76,15.79,15.55,15.64,49481012.0,774725873.0,19052336751.0,0.0025971098793119,601166
2018-09-28,15.69,16.1,15.65,15.95,77479233.0,1233836246.0,19052336751.0,0.0040666525063353,601166
2018-10-08,15.66,15.71,15.26,15.32,75980591.0,1176933571.0,19052336751.0,0.0039879932836066,601166
2018-10-09,15.31,15.63,15.29,15.51,58223160.0,901323362.0,19052336751.0,0.0030559590018239,601166
2018-10-10,15.56,15.82,15.5,15.6,43952924.0,686935497.0,19052336751.0,0.0023069571241802,601166
2018-10-11,15.12,15.35,14.85,15.02,68958418.0,1044889516.0,19052336751.0,0.0036194204890054,601166
2018-10-12,15.1,15.4,15.0,15.33,53310884.0,810473820.0,19052336751.0,0.0027981283711669,601166
2018-10-15,15.34,15.4,15.07,15.12,37314873.0,567305360.0,19052336751.0,0.0019585457410121,601166
2018-10-16,15.13,15.41,15.1,15.15,46456266.0,708301274.0,19052336751.0,0.002438350035859,601166
2018-10-17,15.3,15.35,14.97,15.2,51231082.0,779889921.0,19052336751.0,0.0026889658034892,601166
2018-10-18,15.21,15.27,14.98,14.99,44167366.0,667753828.0,19052336751.0,0.0023182125414449,601166
2018-10-19,14.98,15.56,14.9,15.47,74821720.0,1141309008.0,19052336751.0,0.0039271676213718,601166
2018-10-22,15.59,15.98,15.57,15.81,87266661.0,1380622153.0,19052336751.0,0.0045803652402595,601166
2018-10-23,15.82,15.91,15.47,15.53,58924027.0,924910361.0,19052336751.0,0.0030927454080879,601166
2018-10-24,15.55,16.13,15.53,15.82,82227424.0,1305295370.0,19052336751.0,0.0043158708075892,601166
2018-10-25,15.53,16.0,15.48,15.97,63072390.0,993545508.0,19052336751.0,0.0033104805370758,601166
2018-10-26,16.0,16.1,15.77,15.94,52087729.0,827948665.0,19052336751.0,0.0027339286346209,601166
2018-10-29,16.08,16.2,15.64,15.78,74425730.0,1183376504.0,19052336751.0,0.003906383294222,601166
2018-10-30,15.93,16.15,15.71,16.02,74181910.0,1188417371.0,19052336751.0,0.0038935859138699,601166
2018-10-31,16.13,16.19,15.99,16.12,51784317.0,833415096.0,19052336751.0,0.0027180034489618,601166
2018-11-01,16.15,16.19,15.88,15.93,61366828.0,984353913.0,19052336751.0,0.0032209607042967,601166
2018-11-02,16.18,16.44,16.01,16.38,113269692.0,1840510896.0,19052336751.0,0.0059451863296534,601166
2018-11-05,16.22,16.34,16.16,16.22,41220367.0,668895025.0,19052336751.0,0.0021635334047849,601166
2018-11-06,16.21,16.21,15.96,16.06,38939584.0,625316645.0,19052336751.0,0.0020438219473501,601166
2018-11-07,16.09,16.33,16.06,16.1,42422580.0,685911238.0,19052336751.0,0.0022266339585758,601166
2018-11-08,16.27,16.28,16.12,16.21,28767401.0,466070744.0,19052336751.0,0.0015099145777218,601166
2018-11-09,16.09,16.09,15.58,15.68,85084904.0,1341271455.0,19052336751.0,0.0044658513604917,601166
2018-11-12,15.65,15.81,15.61,15.72,50074232.0,786615146.0,19052336751.0,0.0026282462174815,601166
2018-11-13,15.59,15.88,15.55,15.85,42217388.0,664229021.0,19052336751.0,0.0022158640460616,601166
2018-11-14,15.83,15.94,15.7,15.73,42955013.0,680250036.0,19052336751.0,0.0022545797694734,601166
2018-11-15,15.68,15.9,15.68,15.89,28576597.0,451725307.0,19052336751.0,0.0014998998481642,601166
2018-11-16,15.9,15.95,15.77,15.82,40777752.0,647174096.0,19052336751.0,0.0021403018712578,601166
2018-11-19,15.9,16.06,15.84,16.03,47721871.0,763033022.0,19052336751.0,0.0025047778455571,601166
2018-11-20,15.9,16.07,15.85,15.88,37895773.0,603983049.0,19052336751.0,0.0019890354393411,601166
2018-11-21,15.81,16.02,15.8,15.92,32053771.0,510494996.0,19052336751.0,0.0016824062800757,601166
2018-11-22,15.92,15.94,15.82,15.86,20885703.0,331447134.0,19052336751.0,0.0010962278944027,601166
2018-11-23,15.81,15.97,15.6,15.64,34622166.0,546060991.0,19052336751.0,0.0018172136285688,601166
2018-11-26,15.74,15.83,15.65,15.73,22677155.0,356938085.0,19052336751.0,0.001190255835616,601166
2018-11-27,15.74,15.78,15.55,15.62,23408734.0,366611095.0,19052336751.0,0.0012286542226255,601166
2018-11-28,15.61,15.85,15.58,15.77,23803490.0,374744168.0,19052336751.0,0.0012493737808172,601166
2018-11-29,15.88,15.89,15.66,15.66,27976904.0,441956177.0,19052336751.0,0.0014684237616433,601166
2018-11-30,15.74,15.94,15.68,15.94,51332650.0,814380104.0,19052336751.0,0.0026942968031102,601166
2018-12-03,16.33,16.33,16.1,16.18,62760796.0,1016668036.0,19052336751.0,0.0032941259027822,601166
2018-12-04,16.32,16.32,16.13,16.24,41978768.0,681682299.0,19052336751.0,0.0022033395981097,601166
2018-12-05,16.18,16.23,16.08,16.13,32467923.0,524766074.0,19052336751.0,0.0017041438761203,601166
2018-12-06,16.01,16.1,15.91,16.03,43701383.0,699250877.0,19052336751.0,0.0022937544917006,601166
2018-12-07,16.09,16.14,16.01,16.03,23783731.0,382674276.0,19052336751.0,0.0012483366901832,601166
2018-12-10,15.91,16.02,15.82,15.88,24603674.0,391307379.0,19052336751.0,0.0012913730384651,601166
2018-12-11,15.93,15.97,15.78,15.84,23727866.0,376340797.0,19052336751.0,0.0012454045039254,601166
2018-12-12,15.93,15.93,15.76,15.9,26945906.0,427076717.0,19052336751.0,0.0014143097695659,601166
2018-12-13,15.9,16.07,15.83,15.93,38217787.0,610530965.0,19052336751.0,0.0020059369881751,601166
2018-12-14,15.86,15.93,15.78,15.79,29807926.0,471803364.0,19052336751.0,0.0015645286134487,601166
2018-12-17,15.82,15.92,15.75,15.86,34096978.0,540194817.0,19052336751.0,0.0017896480859866,601166
2018-12-18,15.8,15.91,15.65,15.66,33755554.0,532617647.0,19052336751.0,0.0017717277644816,601166
2018-12-19,15.75,15.76,15.46,15.46,31051781.0,484697597.0,19052336751.0,0.0016298148308957,601166
2018-12-20,15.47,15.55,15.12,15.2,52043354.0,792460947.0,19052336751.0,0.0027315995239937,601166
2018-12-21,15.14,15.15,14.89,15.03,41102195.0,615690212.0,19052336751.0,0.002157330911015,601166
2018-12-24,14.97,15.0,14.84,14.89,34439325.0,513168954.0,19052336751.0,0.0018076168529927,601166
2018-12-25,14.71,14.92,14.6,14.83,44511205.0,655472771.0,19052336751.0,0.002336259619055,601166
2018-12-26,14.87,14.94,14.74,14.78,32282289.0,478821115.0,19052336751.0,0.0016944005043531,601166
2018-12-27,14.98,15.0,14.83,14.87,37717060.0,562357538.0,19052336751.0,0.0019796553301011,601166
2018-12-28,14.92,15.13,14.86,14.94,40976703.0,614628552.0,19052336751.0,0.0021507442124047,601166
2019-01-02,14.95,14.95,14.66,14.74,33008568.0,486534782.0,19052336751.0,0.0017325207102623,601166
2019-01-03,14.74,14.92,14.74,14.85,26775670.0,397285908.0,19052336751.0,0.0014053745926254,601166
2019-01-04,14.79,15.24,14.77,15.2,46863017.0,706235001.0,19052336751.0,0.0024596991756163,601166
2019-01-07,15.3,15.33,15.14,15.17,36207223.0,550924466.0,19052336751.0,0.0019004085154068,601166
2019-01-08,15.22,15.23,15.13,15.23,22719091.0,344919496.0,19052336751.0,0.0011924569304501,601166
2019-01-09,15.29,15.58,15.25,15.36,44257368.0,684908288.0,19052336751.0,0.0023229364764234,601166
2019-01-10,15.3,15.41,15.23,15.33,23819407.0,364895157.0,19052336751.0,0.001250209216397,601166
2019-01-11,15.4,15.56,15.36,15.4,27299220.0,421432993.0,19052336751.0,0.0014328541615015,601166
2019-01-14,15.32,15.43,15.21,15.23,23806041.0,363784310.0,19052336751.0,0.0012495076751543,601166
2019-01-15,15.31,15.49,15.25,15.43,30373746.0,467646007.0,19052336751.0,0.0015942268078169,601166
2019-01-16,15.45,15.48,15.38,15.47,20940413.0,323256366.0,19052336751.0,0.0010990994581754,601166
2019-01-17,15.55,15.56,15.31,15.35,27886304.0,430640965.0,19052336751.0,0.0014636684394388,601166
2019-01-18,15.45,15.68,15.44,15.68,46470752.0,725240437.0,19052336751.0,0.0024391103625417,601166
2019-01-21,15.68,15.83,15.63,15.68,39776457.0,624427753.0,19052336751.0,0.0020877469005429,601166
2019-01-22,15.67,15.72,15.51,15.55,22785284.0,355414074.0,19052336751.0,0.0011959312024444,601166
2019-01-23,15.55,15.63,15.48,15.5,18139137.0,281912376.0,19052336751.0,0.0009520688846237,601166
2019-01-24,15.56,15.73,15.53,15.66,28402018.0,444271057.0,19052336751.0,0.0014907367201825,601166
2019-01-25,15.76,16.06,15.76,15.99,63065442.0,1007835764.0,19052336751.0,0.0033101158573994,601166
2019-01-28,16.09,16.25,15.91,15.99,44940144.0,723646326.0,19052336751.0,0.0023587733403694,601166
2019-01-29,16.01,16.2,15.93,16.13,41768505.0,671325789.0,19052336751.0,0.0021923035240182,601166
2019-01-30,16.16,16.26,16.06,16.09,45965402.0,743543569.0,19052336751.0,0.0024125860570665,601166
2019-01-31,16.21,16.45,16.18,16.4,68595599.0,1121557195.0,19052336751.0,0.0036003772081343,601166
2019-02-01,16.52,16.56,16.3,16.39,43038020.0,704910518.0,19052336751.0,0.0022589365578865,601166
2019-02-11,16.3,16.41,16.19,16.36,45245207.0,737479672.0,19052336751.0,0.0023747851820656,601166
2019-02-12,16.41,16.44,16.25,16.33,33947543.0,554265004.0,19052336751.0,0.0017818046911341,601166
2019-02-13,16.35,16.7,16.25,16.59,73392589.0,1206862174.0,19052336751.0,0.0038521568225035,601166
2019-02-14,16.55,16.65,16.52,16.53,37050328.0,613819061.0,19052336751.0,0.0019446605675839,601166
2019-02-15,16.48,16.53,16.07,16.11,54556986.0,887753440.0,19052336751.0,0.0028635325269031,601166
2019-02-18,16.26,16.49,16.21,16.45,53643301.0,879665193.0,19052336751.0,0.0028155759422625,601166
2019-02-19,16.52,16.8,16.44,16.55,65960416.0,1094902854.0,19052336751.0,0.0034620643578818,601166
2019-02-20,16.69,16.73,16.44,16.53,36930056.0,612986985.0,19052336751.0,0.0019383478511139,601166
2019-02-21,16.58,16.62,16.35,16.4,48351161.0,797483480.0,19052336751.0,0.0025378073898185,601166
2019-02-22,16.35,16.62,16.2,16.61,58570974.0,960163588.0,19052336751.0,0.0030742147152593,601166
2019-02-25,16.73,17.77,16.72,17.69,177510091.0,3048434001.0,19052336751.0,0.0093169721551705,601166
2019-02-26,17.69,17.88,17.3,17.37,131219762.0,2312155755.0,19052336751.0,0.0068873316546387,601166
2019-02-27,17.57,18.03,17.5,17.73,130307675.0,2312987428.0,19052336751.0,0.0068394589442242,601166
2019-02-28,17.7,18.09,17.6,17.86,105384666.0,1886816726.0,19052336751.0,0.0055313249695982,601166
2019-03-01,17.99,19.3,17.86,19.3,247429380.0,4580457233.0,19052336751.0,0.0129868258804009,601166
2019-03-04,19.39,19.93,19.12,19.3,263373604.0,5137692740.0,19052336751.0,0.0138236903662841,601166
2019-03-05,19.2,19.35,18.97,19.08,128983987.0,2465109295.0,19052336751.0,0.0067699825321022,601166
2019-03-06,19.04,19.43,18.9,19.28,120934799.0,2317484979.0,19052336751.0,0.0063475048011447,601166
2019-03-07,19.14,19.18,18.64,18.74,143321757.0,2701887750.0,19052336751.0,0.0075225290668073,601166
2019-03-08,18.48,18.48,17.83,17.9,178206769.0,3232296593.0,19052336751.0,0.0093535386933913,601166
2019-03-11,17.9,18.06,17.79,17.92,96863091.0,1735107642.0,19052336751.0,0.0050840530621481,601166
2019-03-12,18.17,18.37,17.83,17.97,98935477.0,1793883885.0,19052336751.0,0.0051928263862335,601166
2019-03-13,17.95,18.46,17.8,18.17,108162645.0,1960784133.0,19052336751.0,0.0056771327535097,601166
2019-03-14,18.05,18.53,18.02,18.19,89067197.0,1629169921.0,19052336751.0,0.0046748699733813,601166
2019-03-15,18.22,18.53,18.1,18.44,82399249.0,1512678465.0,19052336751.0,0.0043248893863727,601166
2019-03-18,18.42,18.65,18.22,18.65,97203384.0,1792760265.0,19052336751.0,0.0051019140208561,601166
2019-03-19,18.69,18.9,18.51,18.61,82350692.0,1540176156.0,19052336751.0,0.0043223407751113,601166
2019-03-20,18.54,18.76,18.3,18.55,69578129.0,1288324462.0,19052336751.0,0.0036519472602933,601166
2019-03-21,18.55,18.55,18.26,18.29,79458137.0,1462535316.0,19052336751.0,0.004170519240682,601166
2019-03-22,18.34,18.36,17.91,18.1,76291629.0,1381433181.0,19052336751.0,0.0040043187351281,601166
2019-03-25,17.81,17.89,17.5,17.51,92343442.0,1635161350.0,19052336751.0,0.0048468302448597,601166
2019-03-26,17.65,17.65,17.39,17.53,59241241.0,1037262590.0,19052336751.0,0.0031093950193217,601166
2019-03-27,17.58,17.78,17.58,17.63,67296292.0,1190061841.0,19052336751.0,0.0035321804815605,601166
2019-03-28,17.53,17.58,17.32,17.53,54008961.0,942815313.0,19052336751.0,0.0028347683387007,601166
2019-03-29,17.52,18.2,17.5,18.17,131055151.0,2349504996.0,19052336751.0,0.0068786917170735,601166
2019-04-01,18.36,18.74,18.36,18.65,164641483.0,3063146774.0,19052336751.0,0.0086415375264327,601166
2019-04-02,18.74,19.0,18.74,18.81,107064229.0,2019656604.0,19052336751.0,0.0056194801928629,601166
2019-04-03,18.64,19.0,18.59,18.98,95219248.0,1793701367.0,19052336751.0,0.0049977726745251,601166
2019-04-04,19.08,19.47,19.08,19.28,108948746.0,2100714384.0,19052336751.0,0.0057183928367359,601166
2019-04-08,19.39,20.08,19.39,19.46,168973373.0,3342027236.0,19052336751.0,0.0088689054370787,601166
2019-04-09,19.42,19.67,19.01,19.1,99827269.0,1923929950.0,19052336751.0,0.005239633872982,601166
2019-04-10,19.1,19.37,18.83,19.18,102171929.0,1947695109.0,19052336751.0,0.0053626980425189,601166
2019-04-11,19.2,19.41,18.72,18.91,80489010.0,1532203472.0,19052336751.0,0.0042246266718845,601166
2019-04-12,18.92,19.02,18.8,18.98,42026042.0,794407871.0,19052336751.0,0.0022058208685501,601166
2019-04-15,19.57,19.95,19.05,19.16,183823239.0,3613086270.0,19052336751.0,0.0096483303545614,601166
2019-04-16,19.16,20.66,19.12,20.6,314439886.0,6303797715.0,19052336751.0,0.0165040063121651,601166
2019-04-17,20.4,20.61,20.1,20.33,154095230.0,3136685915.0,19052336751.0,0.0080879963446957,601166
2019-04-18,20.27,20.36,20.0,20.13,71188912.0,1432193704.0,19052336751.0,0.0037364924276946,601166
2019-04-19,20.26,20.49,19.9,20.3,102962499.0,2080087005.0,19052336751.0,0.0054041926901484,601166
2019-04-22,20.18,20.28,19.29,19.37,158855209.0,3131988328.0,19052336751.0,0.0083378333627061,601166
2019-04-23,19.36,19.64,19.32,19.41,81859819.0,1593414571.0,19052336751.0,0.0042965763239358,601166
2019-04-24,19.53,19.72,19.12,19.4,90899002.0,1769139608.0,19052336751.0,0.0047710159225077,601166
2019-04-25,19.38,19.59,19.18,19.25,72735667.0,1408763586.0,19052336751.0,0.0038176769574567,601166
2019-04-26,19.17,19.27,18.95,18.95,79857238.0,1523951993.0,19052336751.0,0.0041914668548889,601166
2019-04-29,19.07,19.62,19.03,19.44,86413556.0,1673586931.0,19052336751.0,0.004535588318082,601166
2019-04-30,19.79,20.17,19.72,19.92,151150034.0,3009846411.0,19052336751.0,0.0079334118420968,601166
2019-05-06,19.3,19.44,18.76,19.34,191047254.0,3655107790.0,19052336751.0,0.0100274972302267,601166
2019-05-07,19.3,19.4,18.97,19.13,94647593.0,1813702263.0,19052336751.0,0.0049677682185116,601166
2019-05-08,18.88,19.04,18.57,18.63,92670002.0,1747886680.0,19052336751.0,0.004863970399596,601166
2019-05-09,18.56,18.62,17.98,18.02,131163821.0,2386304378.0,19052336751.0,0.0068843954793689,601166
2019-05-10,18.3,18.61,17.81,18.48,99451992.0,1823349724.0,19052336751.0,0.0052199367090643,601166
2019-05-13,18.18,18.32,18.06,18.16,61453021.0,1117710497.0,19052336751.0,0.003225484716292,601166
2019-05-14,18.01,18.48,18.0,18.16,79138979.0,1445545842.0,19052336751.0,0.0041537675947201,601166
2019-05-15,18.3,18.73,18.18,18.56,66912318.0,1235108100.0,19052336751.0,0.0035120268382033,601166
2019-05-16,18.5,18.63,18.38,18.55,49039416.0,907739410.0,19052336751.0,0.0025739318300379,601166
2019-05-17,18.64,18.64,18.2,18.29,51896629.0,953599801.0,19052336751.0,0.0027238983689114,601166
2019-05-20,18.27,18.45,18.06,18.21,48855004.0,889671315.0,19052336751.0,0.0025642525973847,601166
2019-05-21,18.23,18.65,18.23,18.34,67238603.0,1238527504.0,19052336751.0,0.0035291525590146,601166
2019-05-22,18.22,18.34,18.11,18.2,53533505.0,973912976.0,19052336751.0,0.002809813079605,601166
2019-05-23,18.12,18.17,17.92,18.05,46345205.0,836601278.0,19052336751.0,0.0024325207771465,601166
2019-05-24,18.17,18.32,18.11,18.24,38756085.0,706886710.0,19052336751.0,0.002034190635328,601166
2019-05-27,18.02,18.38,17.58,18.11,101758556.0,1820706260.0,19052336751.0,0.0053410013338473,601166
2019-05-28,18.05,18.23,17.83,18.05,97322459.0,1756055352.0,19052336751.0,0.005108163910387,601166
2019-05-29,17.9,17.96,17.68,17.68,113811622.0,2021352930.0,19052336751.0,0.0059736306095905,601166
2019-05-30,17.68,17.73,17.48,17.6,82556212.0,1451079701.0,19052336751.0,0.0043331279033616,601166
2019-05-31,17.68,17.85,17.56,17.57,74289987.0,1315143861.0,19052336751.0,0.0038992585513743,601166
2019-06-03,17.55,17.78,17.5,17.65,68381241.0,1203999799.0,19052336751.0,0.0035891261997776,601166
2019-06-04,17.7,17.71,17.61,17.67,52685879.0,930429846.0,19052336751.0,0.0027653237337007,601166
2019-06-05,17.84,18.03,17.78,17.81,56399644.0,1008779738.0,19052336751.0,0.002960248117441,601166
2019-06-06,17.89,17.98,17.81,17.86,52688993.0,943641509.0,19052336751.0,0.0027654871782189,601166
2019-06-10,17.98,18.37,17.94,18.18,70085171.0,1274558664.0,19052336751.0,0.0036785603737725,601166
2019-06-11,18.3,18.47,18.23,18.42,82432497.0,1513666347.0,19052336751.0,0.0043266344741504,601166
2019-06-12,18.39,18.42,18.26,18.35,55752103.0,1022676236.0,19052336751.0,0.0029262606329417,601166
2019-06-13,18.37,18.43,18.25,18.35,51761738.0,949688682.0,19052336751.0,0.0027168183449876,601166
2019-06-14,18.43,18.49,18.26,18.35,72177793.0,1327341489.0,19052336751.0,0.0037883958247909,601166
2019-06-17,18.35,18.64,18.31,18.44,68436116.0,1265229674.0,19052336751.0,0.0035920064239053,601166
2019-06-18,18.55,18.56,18.42,18.49,52448584.0,969892985.0,19052336751.0,0.0027528688310239,601166
2019-06-19,18.26,18.36,18.1,18.11,97829837.0,1782274863.0,19052336751.0,0.0051347946594984,601166
2019-06-20,18.15,18.95,18.1,18.78,129042906.0,2397084620.0,19052336751.0,0.0067730750136582,601166
2019-06-21,18.79,18.94,18.52,18.55,92894108.0,1737524379.0,19052336751.0,0.0048757330512292,601166
2019-06-24,18.61,18.7,18.42,18.53,58982338.0,1093400124.0,19052336751.0,0.0030958059775478,601166
2019-06-25,18.59,18.6,18.0,18.12,101136575.0,1838594961.0,19052336751.0,0.0053083554170693,601166
2019-06-26,18.17,18.19,18.08,18.12,39045555.0,708119224.0,19052336751.0,0.0020493840472324,601166
2019-06-27,18.19,18.44,18.17,18.34,61354257.0,1124727917.0,19052336751.0,0.0032203008902191,601166
2019-06-28,18.38,18.4,18.08,18.29,51737071.0,941148427.0,19052336751.0,0.0027155236481574,601166
2019-07-01,18.63,18.8,18.51,18.59,93329368.0,1741231763.0,19052336751.0,0.0048985785428709,601166
2019-07-02,18.6,18.6,18.31,18.45,87208738.0,1607182063.0,19052336751.0,0.0045773250357556,601166
2019-07-03,18.44,18.44,18.24,18.33,55852698.0,1023230308.0,19052336751.0,0.0029315405627117,601166
2019-07-04,18.36,18.46,18.21,18.29,55838252.0,1024863860.0,19052336751.0,0.002930782335509,601166
2019-07-05,18.32,18.33,18.18,18.27,43898500.0,801026137.0,19052336751.0,0.0023041005716895,601166
2019-07-08,18.15,18.17,17.79,17.79,72168972.0,1291178782.0,19052336751.0,0.0037879328369635,601166
2019-07-09,17.8,17.89,17.77,17.82,41119653.0,732944095.0,19052336751.0,0.0021582472290619,601166
2019-07-10,17.93,17.95,17.64,17.72,40114384.0,713336444.0,19052336751.0,0.0021054836750087,601166
2019-07-11,17.85,17.98,17.74,17.79,47468222.0,847493061.0,19052336751.0,0.0024914645704815,601166
2019-07-12,17.84,18.24,17.81,18.18,74987337.0,1356065513.0,19052336751.0,0.0039358603608591,601166
2019-07-15,18.09,18.4,17.91,18.29,74449301.0,1350475720.0,19052336751.0,0.0039076204653002,601166
2019-07-16,18.28,18.38,18.14,18.17,44769929.0,815972806.0,19052336751.0,0.0023498392656559,601166
2019-07-17,18.05,18.21,18.02,18.06,41248341.0,746612275.0,19052336751.0,0.0021650016761243,601166
2019-07-18,18.13,18.16,17.98,18.09,44904904.0,811736558.0,19052336751.0,0.0023569236984876,601166
2019-07-19,18.19,18.45,18.16,18.41,76603563.0,1404572651.0,19052336751.0,0.0040206912150017,601166
2019-07-22,18.42,18.54,18.3,18.37,66454799.0,1226028445.0,19052336751.0,0.0034880130384275,601166
2019-07-23,18.49,18.55,18.38,18.51,58960100.0,1089422607.0,19052336751.0,0.0030946387716407,601166
2019-07-24,18.6,18.85,18.58,18.73,93429030.0,1752156579.0,19052336751.0,0.0049038095022699,601166
2019-07-25,18.75,19.33,18.75,19.32,135836093.0,2596953263.0,19052336751.0,0.007129629020066,601166
2019-07-26,19.21,19.31,19.18,19.22,76306461.0,1468330402.0,19052336751.0,0.0040050972223128,601166
2019-07-29,19.22,19.31,19.08,19.19,54022275.0,1036418699.0,19052336751.0,0.0028354671506194,601166
2019-07-30,19.22,19.72,19.18,19.5,86975182.0,1697301490.0,19052336751.0,0.004565066381972,601166
2019-07-31,19.42,19.45,19.0,19.13,94811822.0,1818165543.0,19052336751.0,0.0049763881060428,601166
2019-08-01,19.07,19.14,18.82,18.86,72968101.0,1382416443.0,19052336751.0,0.0038298767208263,601166
2019-08-02,18.58,18.9,18.55,18.79,85213257.0,1594866110.0,19052336751.0,0.0044725882244091,601166
2019-08-05,18.67,18.68,18.3,18.36,87581495.0,1620008246.0,19052336751.0,0.0045968899324332,601166
2019-08-06,18.05,18.4,18.0,18.2,77468707.0,1408085207.0,19052336751.0,0.0040661000281728,601166
2019-08-07,18.3,18.47,18.19,18.29,64127082.0,1174277511.0,19052336751.0,0.0033658381561324,601166
2019-08-08,18.48,18.78,18.4,18.7,75841321.0,1410721655.0,19052336751.0,0.0039806834191096,601166
2019-08-09,18.71,18.86,18.53,18.6,65259085.0,1220578451.0,19052336751.0,0.0034252535976498,601166
2019-08-12,18.57,18.85,18.54,18.83,62994247.0,1180673958.0,19052336751.0,0.0033063790454309,601166
2019-08-13,18.7,18.77,18.25,18.38,72407680.0,1336778645.0,19052336751.0,0.0038004619037714,601166
2019-08-14,18.61,18.65,18.04,18.09,158394689.0,2881873699.0,19052336751.0,0.0083136620494431,601166
2019-08-15,17.8,18.05,17.72,18.05,89855015.0,1605519715.0,19052336751.0,0.0047162201767866,601166
2019-08-16,18.0,18.07,17.88,17.93,69804823.0,1254512986.0,19052336751.0,0.0036638457482826,601166
2019-08-19,17.75,18.06,17.46,18.04,144373715.0,2553949714.0,19052336751.0,0.0075777431864058,601166
2019-08-20,17.95,18.3,17.88,18.16,82738557.0,1497855652.0,19052336751.0,0.0043426986453857,601166
2019-08-21,18.1,18.24,18.03,18.1,52033748.0,945003729.0,19052336751.0,0.0027310953338712,601166
2019-08-22,18.2,18.29,18.06,18.17,51662449.0,938401776.0,19052336751.0,0.0027116069632397,601166
2019-08-23,18.22,18.44,18.14,18.4,89304540.0,1636376263.0,19052336751.0,0.0046873273954341,601166
2019-08-26,18.09,18.19,17.92,18.1,62927734.0,1136781777.0,19052336751.0,0.0033028879775966,601166
2019-08-27,18.2,18.34,18.12,18.27,75467591.0,1377085539.0,19052336751.0,0.003961067452581,601166
2019-08-28,17.62,17.8,17.28,17.37,272134259.0,4756723252.0,19052336751.0,0.014283510865706,601166
2019-08-29,17.37,17.37,17.06,17.18,102062492.0,1752504257.0,19052336751.0,0.0053569540226945,601166
2019-08-30,17.3,17.31,17.03,17.17,102755794.0,1760658052.0,19052336751.0,0.005393343364803,601166
2019-09-02,17.2,17.34,17.14,17.26,76350253.0,1318920199.0,19052336751.0,0.004007395733019,601166
2019-09-03,17.27,17.31,17.19,17.24,47539027.0,819805047.0,19052336751.0,0.00249518091252,601166
2019-09-04,17.23,17.61,17.23,17.58,96794748.0,1693547921.0,19052336751.0,0.0050804659431037,601166
2019-09-05,17.7,18.02,17.7,17.85,125469980.0,2244596244.0,19052336751.0,0.0065855428465179,601166
2019-09-06,17.95,18.0,17.82,17.97,60798111.0,1089978212.0,19052336751.0,0.0031911104550893,601166
2019-09-09,18.05,18.17,17.78,17.79,103945877.0,1861119629.0,19052336751.0,0.0054558072512834,601166
2019-09-10,17.8,17.85,17.58,17.66,72874075.0,1285626480.0,19052336751.0,0.0038249415781597,601166
2019-09-11,17.75,17.84,17.63,17.81,55878006.0,992786635.0,19052336751.0,0.0029328689037089,601166
2019-09-12,17.93,17.94,17.77,17.89,60176302.0,1074433996.0,19052336751.0,0.0031584735660753,601166
2019-09-16,17.95,17.96,17.79,17.86,45609151.0,813579156.0,19052336751.0,0.0023938875108118,601166
2019-09-17,17.82,17.83,17.46,17.56,51540294.0,909458643.0,19052336751.0,0.0027051954137486,601166
2019-09-18,17.62,17.62,17.43,17.44,53166056.0,930498594.0,19052336751.0,0.0027905267839237,601166
2019-09-19,17.45,17.53,17.36,17.46,43738527.0,762829602.0,19052336751.0,0.0022957040688305,601166
2019-09-20,17.48,17.61,17.45,17.57,56072646.0,984117019.0,19052336751.0,0.0029430849733987,601166
2019-09-23,17.54,17.55,17.34,17.48,39880842.0,694398825.0,19052336751.0,0.0020932257560431,601166
2019-09-24,17.5,17.55,17.36,17.37,43258124.0,754206385.0,19052336751.0,0.0022704891565455,601166
2019-09-25,17.35,17.46,17.21,17.32,42079090.0,729544985.0,19052336751.0,0.0022086051989287,601166
2019-09-26,17.38,17.7,17.36,17.51,93166166.0,1637259724.0,19052336751.0,0.0048900125594887,601166
2019-09-27,17.59,17.73,17.38,17.69,66401628.0,1167333759.0,19052336751.0,0.0034852222521478,601166
2019-09-30,17.59,17.8,17.53,17.53,45842783.0,810832948.0,19052336751.0,0.0024061501536074,601166
2019-10-08,17.52,18.08,17.51,17.96,103615983.0,1856852366.0,19052336751.0,0.0054384921048889,601166
2019-10-09,17.84,18.54,17.82,18.3,151844209.0,2782003766.0,19052336751.0,0.0079698470053564,601166
2019-10-10,18.25,18.49,18.22,18.32,61460041.0,1126562870.0,19052336751.0,0.0032258531750324,601166
2019-10-11,18.47,18.77,18.38,18.66,107089696.0,1988470957.0,19052336751.0,0.0056208168792932,601166
2019-10-14,18.82,19.42,18.82,19.01,140409114.0,2684262489.0,19052336751.0,0.0073696531735211,601166
2019-10-15,19.03,19.12,18.88,19.07,77158607.0,1466690834.0,19052336751.0,0.0040498238094573,601166
2019-10-16,19.1,19.61,18.93,19.08,104571345.0,2017638478.0,19052336751.0,0.0054886361902306,601166
2019-10-17,19.08,19.22,18.93,19.03,47395604.0,903716183.0,19052336751.0,0.0024876530695119,601166
2019-10-18,19.11,19.31,18.6,18.73,82344150.0,1551838484.0,19052336751.0,0.004321997405157,601166
2019-10-21,18.62,19.07,18.62,19.0,63411889.0,1198908154.0,19052336751.0,0.0033282998211057,601166
2019-10-22,19.08,19.1,18.78,18.93,46229841.0,875626075.0,19052336751.0,0.0024264656668727,601166
2019-10-23,18.96,19.06,18.82,18.94,36083599.0,683601417.0,19052336751.0,0.0018939198625127,601166
2019-10-24,19.0,19.21,18.9,19.03,58953545.0,1124870068.0,19052336751.0,0.0030942947193553,601166
2019-10-25,18.97,19.0,18.65,18.85,50642314.0,951808722.0,19052336751.0,0.0026580631374438,601166
2019-10-28,18.85,19.02,18.65,18.7,53008530.0,993675004.0,19052336751.0,0.0027822587167538,601166
2019-10-29,18.77,18.8,18.61,18.67,36255555.0,677936373.0,19052336751.0,0.0019029453170932,601166
2019-10-30,18.88,19.2,18.76,18.92,96304959.0,1826854765.0,19052336751.0,0.0050547583878363,601166
2019-10-31,18.86,18.9,18.63,18.72,49903574.0,934413494.0,19052336751.0,0.002619288891027,601166
2019-11-01,18.79,19.45,18.68,19.39,143497819.0,2752276699.0,19052336751.0,0.0075317700330101,601166
2019-11-04,19.65,20.01,19.6,19.83,120115720.0,2377338731.0,19052336751.0,0.0063045138016309,601166
2019-11-05,19.87,20.25,19.75,20.0,144932221.0,2903542372.0,19052336751.0,0.0076070574908557,601166
2019-11-06,20.14,20.3,19.89,20.17,117727668.0,2374732564.0,19052336751.0,0.0061791721161878,601166
2019-11-07,20.17,20.29,20.05,20.15,66158884.0,1333698457.0,19052336751.0,0.0034724813478077,601166
2019-11-08,20.2,20.25,19.88,19.88,73614419.0,1474422428.0,19052336751.0,0.0038638000137246,601166
2019-11-11,19.7,19.87,19.62,19.68,72516796.0,1430292872.0,19052336751.0,0.0038061890752688,601166
2019-11-12,19.76,19.9,19.67,19.74,53098945.0,1050382521.0,19052336751.0,0.0027870043288633,601166
2019-11-13,19.74,19.77,19.37,19.5,64930507.0,1268631609.0,19052336751.0,0.0034080075241475,601166
2019-11-14,19.57,19.64,19.13,19.27,65448819.0,1264099957.0,19052336751.0,0.0034352121661173,601166
2019-11-15,19.42,19.65,19.26,19.47,59319866.0,1156509261.0,19052336751.0,0.0031135218097006,601166
2019-11-18,19.47,19.97,19.45,19.93,66020173.0,1307770676.0,19052336751.0,0.0034652008235438,601166
2019-11-19,19.79,19.96,19.73,19.84,40384700.0,801297375.0,19052336751.0,0.0021196717509142,601166
2019-11-20,19.75,19.85,19.11,19.16,85776565.0,1664009852.0,19052336751.0,0.0045021545714332,601166
2019-11-21,19.03,19.33,18.91,19.14,48724226.0,930971302.0,19052336751.0,0.0025573884524921,601166
2019-11-22,19.27,19.28,19.0,19.07,42944577.0,822878350.0,19052336751.0,0.0022540320151409,601166
2019-11-25,19.2,19.37,19.13,19.31,38490626.0,742560757.0,19052336751.0,0.0020202574887817,601166
2019-11-26,19.34,19.37,19.02,19.03,57037376.0,1090362457.0,19052336751.0,0.0029937207569568,601166
2019-11-27,19.08,19.15,19.0,19.14,42359403.0,808624417.0,19052336751.0,0.0022233179873737,601166
2019-11-28,19.11,19.16,18.9,18.97,34698841.0,659203489.0,19052336751.0,0.0018212380692976,601166
2019-11-29,18.99,19.09,18.82,18.89,40607791.0,768071359.0,19052336751.0,0.0021313811282423,601166
2019-12-02,18.94,19.07,18.87,18.92,29878556.0,566518032.0,19052336751.0,0.0015682357702622,601166
2019-12-03,18.84,19.1,18.76,19.06,35096541.0,664800285.0,19052336751.0,0.0018421121492174,601166
2019-12-04,18.89,19.0,18.76,18.91,30412012.0,574194781.0,19052336751.0,0.0015962352753608,601166
2019-12-05,18.98,19.1,18.92,19.02,39906758.0,758400168.0,19052336751.0,0.0020945860091364,601166
2019-12-06,19.06,19.07,18.8,18.93,41677764.0,787305075.0,19052336751.0,0.0021875408011467,601166
2019-12-09,18.85,18.92,18.8,18.91,42619497.0,803227439.0,19052336751.0,0.0022369695411647,601166
2019-12-10,18.81,19.01,18.81,18.86,29907133.0,565569499.0,19052336751.0,0.0015697356912626,601166
2019-12-11,18.95,19.34,18.9,19.3,64086469.0,1227557981.0,19052336751.0,0.0033637065015994,601166
2019-12-12,19.35,19.35,19.08,19.23,34873925.0,669623631.0,19052336751.0,0.0018304277032143,601166
2019-12-13,19.5,19.61,19.36,19.61,77118546.0,1502819405.0,19052336751.0,0.0040477211277483,601166
2019-12-16,19.51,19.67,19.4,19.64,60088326.0,1175554612.0,19052336751.0,0.0031538559697589,601166
2019-12-17,19.68,20.12,19.55,19.98,104887002.0,2088745704.0,19052336751.0,0.0055052040792053,601166
2019-12-18,19.92,20.2,19.92,20.0,60676990.0,1218135839.0,19052336751.0,0.0031847531771563,601166
2019-12-19,20.02,20.18,19.8,19.91,55359616.0,1106198121.0,19052336751.0,0.0029056601677531,601166
2019-12-20,19.93,20.16,19.93,19.98,50582959.0,1014049800.0,19052336751.0,0.0026549477715558,601166
2019-12-23,20.1,20.15,19.75,19.76,51214764.0,1022510455.0,19052336751.0,0.0026881093206224,601166
2019-12-24,19.82,20.07,19.82,19.9,46769041.0,934162679.0,19052336751.0,0.0024547666572996,601166
2019-12-25,19.9,19.93,19.64,19.76,38471938.0,761376569.0,19052336751.0,0.0020192766117248,601166
2019-12-26,19.71,19.98,19.71,19.96,34433043.0,684590774.0,19052336751.0,0.0018072871296583,601166
2019-12-27,19.91,20.25,19.9,19.96,67399799.0,1353494823.0,19052336751.0,0.0035376132534746,601166
2019-12-30,19.8,19.84,19.44,19.76,114598768.0,2250047238.0,19052336751.0,0.0060149455417317,601166
2019-12-31,19.74,19.81,19.55,19.8,54259176.0,1067697202.0,19052336751.0,0.0028479013734182,601166
2020-01-02,20.07,20.42,20.05,20.21,113002843.0,2290358487.0,19052336751.0,0.0059311802261771,601166
2020-01-03,20.2,20.3,20.1,20.14,65929102.0,1331182965.0,19052336751.0,0.0034604207799623,601166
2020-01-06,20.06,20.24,19.85,19.91,70916486.0,1423391729.0,19052336751.0,0.003722193604219,601166
2020-01-07,20.0,20.25,19.86,19.99,56116255.0,1124203504.0,19052336751.0,0.0029453738789838,601166
2020-01-08,19.85,19.94,19.53,19.58,88173151.0,1735240172.0,19052336751.0,0.0046279441809347,601166
2020-01-09,19.77,19.8,19.57,19.68,66337925.0,1304306204.0,19052336751.0,0.0034818786727837,601166
2020-01-10,19.7,19.74,19.57,19.69,42380746.0,831765638.0,19052336751.0,0.0022244382174158,601166
2020-01-13,19.69,19.71,19.51,19.7,60018324.0,1176849613.0,19052336751.0,0.0031501817747815,601166
2020-01-14,19.8,19.97,19.71,19.75,53764030.0,1066672630.0,19052336751.0,0.0028219126452915,601166
2020-01-15,19.78,19.79,19.42,19.49,60002110.0,1172825746.0,19052336751.0,0.0031493307505626,601166
2020-01-16,19.53,19.6,19.19,19.27,82735839.0,1597885337.0,19052336751.0,0.0043425559857195,601166
2020-01-17,19.27,19.41,19.18,19.25,44044257.0,848596629.0,19052336751.0,0.0023117509193557,601166
2020-01-20,19.28,19.42,19.22,19.4,42989586.0,831843655.0,19052336751.0,0.0022563944025261,601166
2020-01-21,19.3,19.33,19.02,19.07,61075649.0,1168831054.0,19052336751.0,0.0032056775921092,601166
2020-01-22,19.02,19.23,18.93,19.13,55354318.0,1055726404.0,19052336751.0,0.0029053820916268,601166
2020-01-23,19.01,19.02,18.51,18.59,108558674.0,2034260697.0,19052336751.0,0.0056979191276525,601166
2020-02-03,16.81,17.66,16.8,17.11,162905880.0,2791856664.0,19052336751.0,0.0085504409316851,601166
2020-02-04,17.21,17.62,17.18,17.54,100023231.0,1739864373.0,19052336751.0,0.0052499193304858,601166
2020-02-05,17.56,17.64,17.36,17.53,88639852.0,1552795389.0,19052336751.0,0.004652439916345,601166
2020-02-06,17.65,17.75,17.45,17.66,72349473.0,1271588675.0,19052336751.0,0.0037974067929595,601166
2020-02-07,17.47,17.64,17.39,17.61,59983475.0,1048985911.0,19052336751.0,0.0031483526553167,601166
2020-02-10,17.46,17.56,17.43,17.52,50700227.0,887371511.0,19052336751.0,0.0026611028170777,601166
2020-02-11,17.6,17.85,17.59,17.69,61639160.0,1094285877.0,19052336751.0,0.0032352545939943,601166
2020-02-12,17.74,17.75,17.56,17.72,43280750.0,764282843.0,19052336751.0,0.0022716767274086,601166
2020-02-13,17.7,17.75,17.54,17.58,50273755.0,886978584.0,19052336751.0,0.0026387185811924,601166
2020-02-14,17.53,17.8,17.51,17.75,52585193.0,927995703.0,19052336751.0,0.0027600390276137,601166
2020-02-17,17.77,18.19,17.67,18.15,86821374.0,1559141479.0,19052336751.0,0.0045569934614683,601166
2020-02-18,18.07,18.14,17.85,17.9,62314552.0,1120382226.0,19052336751.0,0.003270703893932,601166
2020-02-19,17.91,18.08,17.81,17.89,44935314.0,806325730.0,19052336751.0,0.0023585198281592,601166
2020-02-20,17.95,18.22,17.85,18.15,75034413.0,1351179610.0,19052336751.0,0.0039383312388734,601166
2020-02-21,18.04,18.26,18.01,18.08,67819010.0,1227613882.0,19052336751.0,0.0035596163812525,601166
2020-02-24,18.01,18.1,17.83,17.84,73482558.0,1316400626.0,19052336751.0,0.003856879025411,601166
2020-02-25,17.65,17.83,17.55,17.71,75724267.0,1336982983.0,19052336751.0,0.0039745396058058,601166
2020-02-26,17.56,17.93,17.5,17.7,83158727.0,1472875198.0,19052336751.0,0.0043647521081966,601166
2020-02-27,17.74,17.88,17.71,17.82,61747348.0,1097942257.0,19052336751.0,0.0032409330575557,601166
2020-02-28,17.63,17.76,17.24,17.29,87538756.0,1525898440.0,19052336751.0,0.0045946466905381,601166
2020-03-02,17.39,17.65,17.31,17.59,76393760.0,1337910166.0,19052336751.0,0.0040096792849302,601166
2020-03-03,17.71,17.8,17.61,17.66,62925289.0,1113133864.0,19052336751.0,0.0033027596468814,601166
2020-03-04,17.65,17.73,17.53,17.71,53051104.0,934190094.0,19052336751.0,0.002784493298294,601166
2020-03-05,17.82,18.34,17.73,18.29,119841366.0,2168418880.0,19052336751.0,0.0062901137832192,601166
2020-03-06,18.1,18.19,17.9,17.92,69895675.0,1258842042.0,19052336751.0,0.0036686142972111,601166
2020-03-09,17.6,17.6,17.33,17.37,97301777.0,1693659332.0,19052336751.0,0.005107078374252,601166
2020-03-10,17.37,17.64,17.29,17.57,75835320.0,1328221225.0,19052336751.0,0.0039803684446223,601166
2020-03-11,17.61,17.63,17.34,17.35,64169722.0,1120633048.0,19052336751.0,0.0033680762018145,601166
2020-03-12,17.33,17.44,17.14,17.19,75727504.0,1305807877.0,19052336751.0,0.003974709506225,601166
2020-03-13,16.6,16.98,16.47,16.86,130532280.0,2177467090.0,19052336751.0,0.0068512477868704,601166
2020-03-16,16.87,16.88,16.16,16.21,106512574.0,1754845887.0,19052336751.0,0.0055905254768504,601166
2020-03-17,16.2,16.55,15.92,16.11,89590955.0,1445509823.0,19052336751.0,0.0047023604595534,601166
2020-03-18,16.17,16.27,15.67,15.7,81747178.0,1309487295.0,19052336751.0,0.0042906641357632,601166
2020-03-19,15.57,15.68,14.93,15.01,169345051.0,2569271971.0,19052336751.0,0.0088884137002833,601166
2020-03-20,15.2,15.59,15.08,15.4,106374257.0,1630239160.0,19052336751.0,0.0055832656324645,601166
2020-03-23,15.0,15.21,14.96,15.01,85680516.0,1290322310.0,19052336751.0,0.0044971132475654,601166
2020-03-24,15.37,15.48,15.22,15.43,82955734.0,1275817806.0,19052336751.0,0.0043540976145955,601166
2020-03-25,15.76,15.91,15.6,15.83,86930252.0,1369723969.0,19052336751.0,0.0045627081410597,601166
2020-03-26,15.8,16.58,15.72,16.19,117356964.0,1903645421.0,19052336751.0,0.0061597149753213,601166
2020-03-27,16.4,16.48,16.21,16.28,58406233.0,953482157.0,19052336751.0,0.003065567954384,601166
2020-03-30,16.08,16.23,16.0,16.2,54214981.0,873850642.0,19052336751.0,0.002845581710451,601166
2020-03-31,16.29,16.36,15.9,15.91,52381633.0,842284757.0,19052336751.0,0.0027493547738836,601166
2020-04-01,15.92,16.18,15.91,15.96,49892328.0,800570613.0,19052336751.0,0.0026186986222244,601166
2020-04-02,15.9,16.07,15.85,16.07,40348552.0,645266862.0,19052336751.0,0.0021177744508364,601166
2020-04-03,16.03,16.1,15.9,16.06,42080765.0,673144402.0,19052336751.0,0.0022086931146538,601166
2020-04-07,16.28,16.36,16.16,16.21,66067823.0,1073613739.0,19615250551.0,0.0033681865458828,601166
2020-04-08,16.12,16.19,16.0,16.05,40059089.0,643968391.0,19615250551.0,0.0020422420246861,601166
2020-04-09,16.14,16.16,16.01,16.03,27103032.0,435104253.0,19615250551.0,0.0013817326436657,601166
2020-04-10,16.04,16.25,15.98,16.15,45705256.0,737178008.0,19615250551.0,0.0023300877998558,601166
2020-04-13,16.07,16.08,15.89,15.95,37561970.0,599264210.0,19615250551.0,0.0019149370487182,601166
2020-04-14,16.03,16.14,15.92,16.14,56465413.0,904243926.0,19615250551.0,0.0028786485726087,601166
2020-04-15,16.12,16.12,15.98,16.0,33336266.0,534083319.0,19615250551.0,0.0016995075292729,601166
2020-04-16,15.93,15.99,15.85,15.92,38100014.0,606019065.0,19615250551.0,0.0019423669303096,601166
2020-04-17,16.02,16.14,15.93,16.06,61389950.0,984508053.0,19615250551.0,0.0031297051159446,601166
2020-04-20,16.01,16.03,15.85,15.93,55580615.0,884876578.0,19615250551.0,0.0028335409152939,601166
2020-04-21,15.89,15.99,15.77,15.8,41148011.0,652686903.0,19615250551.0,0.0020977560746937,601166
2020-04-22,15.8,15.82,15.68,15.8,36242225.0,570712156.0,19615250551.0,0.0018476554712247,601166
2020-04-23,15.85,15.87,15.68,15.71,33778360.0,531942068.0,19615250551.0,0.0017220458088045,601166
2020-04-24,15.74,15.74,15.57,15.62,39099983.0,611352152.0,19615250551.0,0.0019933460904992,601166
2020-04-27,15.73,16.1,15.69,16.02,65979664.0,1055404312.0,19615250551.0,0.0033636921347729,601166
2020-04-28,16.07,16.09,15.87,16.09,47370014.0,758389498.0,19615250551.0,0.0024149583956033,601166
2020-04-29,16.0,16.55,15.98,16.51,93077739.0,1524542342.0,19615250551.0,0.0047451720669076,601166
2020-04-30,16.56,16.89,16.53,16.62,59744026.0,997621048.0,19615250551.0,0.0030457946914654,601166
2020-05-06,16.33,16.45,16.18,16.33,68618199.0,1118479603.0,19615250551.0,0.0034982066031525,601166
2020-05-07,16.33,16.33,16.14,16.16,48901756.0,792596890.0,19615250551.0,0.0024930477371601,601166
2020-05-08,16.26,16.52,16.21,16.37,49902968.0,816729093.0,19615250551.0,0.0025440902664103,601166
2020-05-11,16.39,16.53,16.35,16.39,43817420.0,719941212.0,19615250551.0,0.0022338445224583,601166
2020-05-12,16.4,16.49,16.21,16.24,40425963.0,659633900.0,19615250551.0,0.0020609455329103,601166
2020-05-13,16.18,16.27,16.13,16.25,31694385.0,513161677.0,19615250551.0,0.0016158032199279,601166
2020-05-14,16.2,16.2,15.99,16.02,43447149.0,697911208.0,19615250551.0,0.0022149678326584,601166
2020-05-15,16.12,16.15,16.01,16.05,29467290.0,473500480.0,19615250551.0,0.0015022642674578,601166
2020-05-18,16.03,16.15,15.93,16.03,37344329.0,598848251.0,19615250551.0,0.0019038415493548,601166
2020-05-19,16.25,16.31,16.09,16.12,36309735.0,586689068.0,19615250551.0,0.0018510971810221,601166
2020-05-20,16.12,16.24,16.03,16.2,40138809.0,648280616.0,19615250551.0,0.0020463062093261,601166
2020-05-21,16.24,16.34,16.09,16.11,40433618.0,656129306.0,19615250551.0,0.0020613357904795,601166
2020-05-22,16.08,16.13,15.75,15.78,64487078.0,1027372863.0,19615250551.0,0.0032875989950947,601166
2020-05-25,15.95,15.95,15.68,15.84,32654953.0,515389767.0,19615250551.0,0.0016647736879575,601166
2020-05-26,15.9,15.91,15.8,15.86,31065946.0,492449721.0,19615250551.0,0.0015837649342906,601166
2020-05-27,15.9,16.09,15.85,15.95,32787996.0,523732398.0,19615250551.0,0.0016715563186282,601166
2020-05-28,15.99,16.29,15.98,16.15,53012906.0,856747285.0,19615250551.0,0.0027026372088475,601166
2020-05-29,16.05,16.11,15.97,16.1,45709364.0,732841665.0,19615250551.0,0.0023302972287381,601166
2020-06-01,16.15,16.3,16.11,16.27,67300902.0,1093472539.0,19615250551.0,0.0034310498265121,601166
2020-06-02,16.2,16.44,16.2,16.39,56674467.0,925109820.0,19615250551.0,0.0028893063003526,601166
2020-06-03,16.49,16.72,16.33,16.33,70046065.0,1155964922.0,19615250551.0,0.0035710002692995,601166
2020-06-04,16.42,16.44,16.23,16.25,40454658.0,659114221.0,19615250551.0,0.0020624084252616,601166
2020-06-05,16.3,16.31,16.13,16.21,41335533.0,669073090.0,19615250551.0,0.0021073160851311,601166
2020-06-08,16.23,16.35,16.13,16.15,67449291.0,1093345009.0,19615250551.0,0.0034386148076279,601166
2020-06-09,16.17,16.27,16.11,16.25,53338672.0,864213479.0,19615250551.0,0.0027192450007874,601166
2020-06-10,16.25,16.25,16.0,16.02,70881218.0,1139326706.0,19615250551.0,0.0036135769877477,601166
2020-06-11,16.03,16.05,15.77,15.81,85912861.0,1364964290.0,19615250551.0,0.0043799012802117,601166
2020-06-12,15.69,15.97,15.66,15.97,93644854.0,1475626737.0,19615250551.0,0.0047740840096088,601166
2020-06-15,15.77,15.8,15.63,15.63,86776365.0,1361883903.0,19615250551.0,0.0044239233536364,601166
2020-06-16,15.73,15.81,15.69,15.77,52917066.0,832732548.0,19615250551.0,0.0026977512146691,601166
2020-06-17,15.74,15.77,15.68,15.74,45936374.0,721960910.0,19615250551.0,0.00234187036666,601166
2020-06-18,15.62,15.79,15.55,15.75,66119872.0,1036353629.0,19615250551.0,0.0033708400424499,601166
2020-06-19,15.75,15.79,15.65,15.77,88448352.0,1390518381.0,19615250551.0,0.0045091624891577,601166
2020-06-22,15.74,15.79,15.66,15.68,71742843.0,1127359064.0,19615250551.0,0.0036575032683608,601166
2020-06-23,15.67,15.69,15.58,15.59,58516753.0,914205617.0,19615250551.0,0.002983227405016,601166
2020-06-24,15.67,15.87,15.64,15.84,86683812.0,1366846578.0,19615250551.0,0.0044192049331524,601166
2020-06-29,15.91,16.01,15.73,15.79,83013715.0,1315854740.0,19615250551.0,0.0042321006700456,601166
2020-06-30,15.87,15.9,15.73,15.78,53332554.0,841812744.0,19615250551.0,0.0027189331006165,601166
2020-07-01,15.82,16.21,15.77,16.15,111584839.0,1786129224.0,19615250551.0,0.0056886777311295,601166
2020-07-02,16.1,16.55,16.06,16.55,150159463.0,2451708307.0,19615250551.0,0.0076552406307318,601166
2020-07-03,16.66,17.0,16.57,16.97,166193665.0,2796475536.0,19615250551.0,0.0084726761235036,601166
2020-07-06,17.18,18.67,17.18,18.63,353079291.0,6335827553.0,19615250551.0,0.0180002437431011,601166
2020-07-07,18.95,19.34,18.3,18.35,280391688.0,5262406679.0,19615250551.0,0.014294575910258,601166
2020-07-08,18.43,18.87,18.28,18.63,217752356.0,4035493335.0,19615250551.0,0.0111011763746703,601166
2020-07-09,18.55,18.58,18.25,18.35,185966799.0,3413936544.0,19615250551.0,0.009480725138661,601166
2020-07-10,18.25,18.3,17.52,17.6,207990967.0,3712178757.0,19615250551.0,0.0106035335342375,601166
2020-07-13,17.46,17.8,17.34,17.51,207303609.0,3635370122.0,19615250551.0,0.0105684915143452,601166
2020-07-14,17.52,17.6,17.18,17.35,169389718.0,2945634618.0,19615250551.0,0.0086356132724169,601166
2020-07-15,16.78,16.78,16.23,16.24,170203294.0,2792784581.0,19615250551.0,0.0086770899794253,601166
2020-07-16,16.32,16.58,16.1,16.12,135220550.0,2208955521.0,19615250551.0,0.0068936437823429,601166
2020-07-17,16.27,16.35,15.97,16.09,95675473.0,1539261699.0,19615250551.0,0.0048776064700903,601166
2020-07-20,16.24,16.56,16.06,16.48,143491010.0,2343219300.0,19615250551.0,0.0073152779581846,601166
2020-07-21,16.51,16.51,16.27,16.35,79902133.0,1306261323.0,19615250551.0,0.0040734699152709,601166
2020-07-22,16.36,16.55,16.23,16.28,125632865.0,2055780308.0,19615250551.0,0.006404856500474,601166
2020-07-23,16.16,16.23,15.9,15.99,116040515.0,1859483422.0,19615250551.0,0.0059158313934503,601166
2020-07-24,15.95,15.98,15.6,15.66,137355378.0,2165850428.0,19615250551.0,0.0070024788948208,601166
2020-07-27,15.77,15.88,15.5,15.54,95470182.0,1487909608.0,19615250551.0,0.0048671405828733,601166
2020-07-28,15.66,15.73,15.53,15.6,59228957.0,925511896.0,19615250551.0,0.0030195360923891,601166
2020-07-29,15.6,15.88,15.55,15.81,86166790.0,1357483347.0,19615250551.0,0.0043928467686897,601166
2020-07-30,15.81,15.85,15.65,15.65,61780760.0,972397343.0,19615250551.0,0.0031496288991756,601166
2020-07-31,15.7,15.9,15.57,15.66,98228702.0,1543281513.0,19615250551.0,0.0050077719754128,601166
2020-08-03,15.77,15.83,15.65,15.77,105847717.0,1663761173.0,19615250551.0,0.0053961950026992,601166
2020-08-04,15.82,16.31,15.77,16.16,173794690.0,2790872459.0,19615250551.0,0.0088601820072667,601166
2020-08-05,16.08,16.08,15.85,15.9,107517983.0,1711693587.0,19615250551.0,0.0054813464003659,601166
2020-08-06,15.95,16.08,15.74,15.98,89011281.0,1413773397.0,19615250551.0,0.0045378610264788,601166
2020-08-07,15.88,16.0,15.67,15.73,106059197.0,1674231170.0,19615250551.0,0.0054069764097197,601166
2020-08-10,15.74,15.91,15.65,15.83,108185182.0,1713128240.0,19615250551.0,0.0055153606995086,601166
2020-08-11,15.81,16.19,15.79,15.84,161033167.0,2579271242.0,19615250551.0,0.0082095901136368,601166
2020-08-12,15.87,16.02,15.81,16.01,98905715.0,1574399996.0,19615250551.0,0.0050422865995437,601166
2020-08-13,16.12,16.13,15.91,15.94,82214708.0,1313946458.0,19615250551.0,0.0041913667014469,601166
2020-08-14,15.98,16.11,15.87,16.1,96551885.0,1544692356.0,19615250551.0,0.0049222866029145,601166
2020-08-17,16.11,16.71,16.09,16.5,257045696.0,4222896710.0,19615250551.0,0.0131043799482283,601166
2020-08-18,16.41,16.48,16.16,16.26,138862654.0,2262242732.0,19615250551.0,0.0070793209415783,601166
2020-08-19,16.2,16.26,16.02,16.04,115740083.0,1867711121.0,19615250551.0,0.0059005151475926,601166
2020-08-20,15.99,16.0,15.81,15.89,93503801.0,1484950960.0,19615250551.0,0.004766893023206,601166
2020-08-21,15.95,15.97,15.86,15.94,67074395.0,1066512907.0,19615250551.0,0.0034195023319026,601166
2020-08-24,15.95,15.99,15.83,15.85,75529740.0,1199762291.0,19615250551.0,0.0038505620819688,601166
2020-08-25,15.88,15.95,15.81,15.87,55088974.0,874086569.0,19615250551.0,0.0028084766930082,601166
2020-08-26,15.86,15.88,15.69,15.71,75622712.0,1192350291.0,19615250551.0,0.0038553018633832,601166
2020-08-27,15.71,15.74,15.6,15.71,66087934.0,1034516331.0,19615250551.0,0.0033692118195569,601166
2020-08-28,15.69,15.94,15.62,15.92,97789651.0,1548459631.0,19615250551.0,0.0049853888302749,601166
2020-08-31,16.28,16.63,16.16,16.16,341981258.0,5604035875.0,19615250551.0,0.0174344578016397,601166
2020-09-01,16.15,16.54,16.07,16.35,141792276.0,2320812259.0,19615250551.0,0.0072286752407947,601166
2020-09-02,16.37,16.45,16.15,16.32,110940457.0,1810873104.0,19615250551.0,0.0056558266595449,601166
2020-09-03,16.36,16.52,16.21,16.28,88664584.0,1448329844.0,19615250551.0,0.0045201861566575,601166
2020-09-04,16.16,16.28,16.05,16.12,76287488.0,1231073424.0,19615250551.0,0.0038891926361914,601166
2020-09-07,16.09,16.38,16.09,16.19,92904185.0,1508728254.0,19615250551.0,0.0047363241554548,601166
2020-09-08,16.3,16.61,16.3,16.51,144972829.0,2392958917.0,19615250551.0,0.0073908221882289,601166
2020-09-09,16.4,16.6,16.3,16.32,98861717.0,1627750245.0,19615250551.0,0.0050400435489191,601166
2020-09-10,16.41,16.46,16.19,16.24,87724069.0,1428944519.0,19615250551.0,0.004472238005419,601166
2020-09-11,16.22,16.29,16.06,16.13,66158419.0,1067014725.0,19615250551.0,0.0033728051970576,601166
2020-09-14,16.16,16.22,16.03,16.12,60936868.0,979990371.0,19615250551.0,0.0031066066600354,601166
2020-09-15,16.08,16.21,16.01,16.09,52870006.0,851702395.0,19615250551.0,0.0026953520610168,601166
2020-09-16,16.1,16.22,16.05,16.14,57336866.0,925046461.0,19615250551.0,0.0029230758919404,601166
2020-09-17,16.14,16.19,15.97,15.98,73366060.0,1178769674.0,19615250551.0,0.0037402560731634,601166
2020-09-18,16.02,16.4,15.94,16.4,136033865.0,2208129706.0,19615250551.0,0.006935107183378,601166
2020-09-21,16.37,16.53,16.33,16.44,104181486.0,1712521789.0,19615250551.0,0.0053112493123208,601166
2020-09-22,16.36,16.47,16.22,16.25,67087105.0,1095676797.0,19615250551.0,0.0034201502971156,601166
2020-09-23,16.29,16.32,16.13,16.15,52918147.0,857118976.0,19615250551.0,0.0026978063248497,601166
2020-09-24,16.1,16.14,15.93,15.96,83283359.0,1334418521.0,19615250551.0,0.0042458473208619,601166
2020-09-25,16.0,16.05,15.9,15.95,53554950.0,855503572.0,19615250551.0,0.0027302710134013,601166
2020-09-28,15.98,16.05,15.92,15.99,36450338.0,582537259.0,19615250551.0,0.0018582652260917,601166
2020-09-29,16.04,16.08,15.9,15.9,58171366.0,930501855.0,19615250551.0,0.002965619319965,601166
2020-09-30,16.09,16.29,16.0,16.13,106541476.0,1723129678.0,19615250551.0,0.005431563350312,601166
2020-10-09,16.35,16.43,16.16,16.17,100676313.0,1639506773.0,19615250551.0,0.0051325529968755,601166
2020-10-12,16.25,16.77,16.17,16.74,235514198.0,3902520692.0,19615250551.0,0.0120066882341196,601166
2020-10-13,16.7,16.87,16.61,16.77,118694460.0,1993150377.0,19615250551.0,0.0060511314750424,601166
2020-10-14,16.89,16.89,16.63,16.75,76600599.0,1280489661.0,19615250551.0,0.0039051552668591,601166
2020-10-15,16.66,17.3,16.66,17.01,198934810.0,3396079519.0,19615250551.0,0.0101418439434544,601166
2020-10-16,17.01,17.8,16.99,17.64,239888457.0,4201590031.0,19615250551.0,0.0122296911974835,601166
2020-10-19,17.95,18.35,17.64,17.67,240130793.0,4336651475.0,19615250551.0,0.0122420456662358,601166
2020-10-20,17.78,17.88,17.52,17.8,116541587.0,2061971328.0,19615250551.0,0.0059413764151005,601166
2020-10-21,17.8,18.2,17.67,18.17,149187337.0,2688070176.0,19615250551.0,0.0076056809273024,601166
2020-10-22,18.32,18.59,18.02,18.22,120689655.0,2201217522.0,19615250551.0,0.0061528479937691,601166
2020-10-23,18.19,18.75,18.1,18.32,146843915.0,2716365253.0,19615250551.0,0.0074862115382214,601166
2020-10-26,18.36,18.45,17.7,17.78,132342579.0,2376045289.0,19615250551.0,0.0067469226893588,601166
2020-10-27,17.79,17.95,17.6,17.8,75528173.0,1344413611.0,19615250551.0,0.0038504821951483,601166
2020-10-28,17.81,18.0,17.43,17.52,98473242.0,1734529275.0,19615250551.0,0.0050202388057174,601166
2020-10-29,17.35,18.0,17.33,17.8,105363409.0,1868752243.0,19615250551.0,0.0053715046221843,601166
2020-10-30,17.9,18.23,17.61,17.8,126100040.0,2261663281.0,19615250551.0,0.0064286734279604,601166
2020-11-02,17.9,18.07,17.59,17.8,100161378.0,1783254361.0,19615250551.0,0.0051063012292184,601166
2020-11-03,18.05,18.45,17.88,17.91,122337559.0,2221471324.0,19615250551.0,0.0062368593601147,601166
2020-11-04,18.2,18.45,18.05,18.35,109999325.0,2011278852.0,19615250551.0,0.0056078470531895,601166
2020-11-05,18.55,18.58,18.09,18.18,89105131.0,1627972993.0,19615250551.0,0.0045426455689834,601166
2020-11-06,18.1,18.11,17.69,17.99,91056945.0,1632099804.0,19615250551.0,0.0046421504922024,601166
2020-11-09,18.17,18.29,17.91,17.99,101628113.0,1840570436.0,19615250551.0,0.0051810764657716,601166
2020-11-10,18.28,18.76,18.26,18.56,173231406.0,3213887974.0,19615250551.0,0.0088314653717828,601166
2020-11-11,18.52,18.83,18.42,18.68,117725165.0,2195719952.0,19615250551.0,0.0060017160980897,601166
2020-11-12,18.59,18.68,18.45,18.49,61619114.0,1143298919.0,19615250551.0,0.0031413880663817,601166
2020-11-13,18.3,18.3,17.66,17.77,162757455.0,2900657733.0,19615250551.0,0.0082974955928718,601166
2020-11-16,17.86,17.88,17.6,17.67,98215367.0,1736633825.0,19615250551.0,0.005007092147237,601166
2020-11-17,17.73,18.0,17.62,17.91,78142752.0,1389703007.0,19615250551.0,0.0039837753689063,601166
2020-11-18,18.02,19.38,18.01,19.2,321856669.0,6078248418.0,19615250551.0,0.0164084913502974,601166
2020-11-19,19.18,19.45,19.05,19.33,177796659.0,3426637371.0,19615250551.0,0.0090642053507155,601166
2020-11-20,18.85,19.21,18.79,19.02,130107209.0,2466595496.0,19615250551.0,0.0066329618712602,601166
2020-11-23,19.0,20.02,18.98,19.94,234556668.0,4627737608.0,19615250551.0,0.0119578726455799,601166
2020-11-24,19.94,20.25,19.83,20.08,134749169.0,2702346413.0,19615250551.0,0.0068696124298616,601166
2020-11-25,20.3,20.35,19.66,19.76,99166414.0,1979353877.0,19615250551.0,0.0050555772276354,601166
2020-11-26,19.92,20.42,19.8,20.41,147540666.0,2986099572.0,19615250551.0,0.00752173242021,601166
2020-11-27,20.47,20.65,20.27,20.61,130035184.0,2660671165.0,19615250551.0,0.006629289983419,601166
2020-11-30,20.89,22.07,20.89,21.02,287062865.0,6192211289.0,19615250551.0,0.0146346774543425,601166
2020-12-01,21.26,21.79,21.0,21.6,160493957.0,3442583570.0,19615250551.0,0.0081821007885019,601166
2020-12-02,21.46,21.69,21.02,21.3,114089184.0,2441611469.0,19615250551.0,0.0058163510939289,601166
2020-12-03,21.33,21.61,21.05,21.24,80559159.0,1715193248.0,19615250551.0,0.0041069655873395,601166
2020-12-04,21.19,21.21,20.7,21.12,103519616.0,2165997056.0,19615250551.0,0.0052775066895448,601166
2020-12-07,21.12,21.23,20.14,20.5,140752216.0,2890639027.0,19615250551.0,0.007175652211734,601166
2020-12-08,20.5,20.79,20.2,20.26,106833476.0,2182446216.0,19615250551.0,0.0054464497265651,601166
2020-12-09,20.46,20.81,20.4,20.45,102050564.0,2099409892.0,19615250551.0,0.0052026133306157,601166
2020-12-10,20.43,20.63,20.09,20.28,79746280.0,1618486409.0,19615250551.0,0.0040655244139073,601166
2020-12-11,20.43,20.62,20.03,20.12,102690091.0,2086930991.0,19615250551.0,0.0052352168907047,601166
2020-12-14,20.48,20.66,20.23,20.53,98305482.0,2016112620.0,19615250551.0,0.0050116862766755,601166
2020-12-15,20.51,20.51,19.61,20.08,124456964.0,2480644646.0,19615250551.0,0.0063449081966304,601166
2020-12-16,20.16,20.6,20.1,20.42,82570765.0,1679319883.0,19615250551.0,0.0042095187510001,601166
2020-12-17,20.52,20.79,19.94,20.77,110691073.0,2260368746.0,19615250551.0,0.005643112878533,601166
2020-12-18,20.63,20.79,20.18,20.46,97256385.0,1987000161.0,19615250551.0,0.004958202534662,601166
2020-12-21,20.4,20.4,19.95,20.14,90327452.0,1820492174.0,19615250551.0,0.0046049603988053,601166
2020-12-22,20.15,20.41,19.74,19.81,102622995.0,2063149410.0,19615250551.0,0.0052317962869339,601166
2020-12-23,19.79,20.02,19.47,19.82,81430273.0,1605705390.0,19615250551.0,0.0041513756242001,601166
2020-12-24,20.0,20.37,19.9,20.17,83992640.0,1700779815.0,19615250551.0,0.0042820069915302,601166
2020-12-25,20.25,20.36,19.68,20.21,60317699.0,1207344781.0,19615250551.0,0.0030750409658634,601166
2020-12-28,20.06,20.69,20.0,20.49,101579547.0,2071643254.0,19615250551.0,0.005178600535124,601166
2020-12-29,20.54,20.91,20.52,20.63,107940479.0,2237868798.0,19615250551.0,0.0055028855593433,601166
2020-12-30,20.56,20.9,20.45,20.9,85749399.0,1779519372.0,19615250551.0,0.004371567866393,601166
2020-12-31,20.97,21.25,20.62,20.87,113844353.0,2379514358.0,19615250551.0,0.0058038694282289,601166
2021-01-04,20.3,20.3,19.56,19.65,242679863.0,4784660585.0,19615250551.0,0.0123719991426583,601166
2021-01-05,19.52,19.54,18.64,18.86,234960126.0,4439476438.0,19615250551.0,0.0119784412332179,601166
2021-01-06,18.87,19.73,18.85,19.73,174279017.0,3366063027.0,19615250551.0,0.0088848733564157,601166
2021-01-07,19.8,20.2,19.7,20.1,141100770.0,2816919059.0,19615250551.0,0.0071934217527905,601166
2021-01-08,20.28,20.49,19.98,20.32,123398899.0,2499447232.0,19615250551.0,0.0062909672593353,601166
2021-01-11,20.58,20.97,20.46,20.51,160472399.0,3326797792.0,19615250551.0,0.0081810017456962,601166
2021-01-12,20.67,20.93,20.45,20.85,130692920.0,2713111522.0,19615250551.0,0.0066628218518135,601166
2021-01-13,20.76,21.24,20.68,21.1,145883621.0,3072995329.0,19615250551.0,0.0074372550389147,601166
2021-01-14,21.15,21.69,21.13,21.35,151256688.0,3240779410.0,19615250551.0,0.0077111779738285,601166
2021-01-15,22.5,23.35,22.28,22.71,363573814.0,8285966118.0,19615250551.0,0.0185352622978076,601166
2021-01-18,22.7,24.38,22.61,24.21,288687748.0,6822132487.0,19615250551.0,0.0147175151930589,601166
2021-01-19,23.9,24.24,23.45,23.88,148328411.0,3534847261.0,19615250551.0,0.0075618922437082,601166
2021-01-20,23.88,24.23,23.08,23.22,132145907.0,3114730727.0,19615250551.0,0.0067368962051449,601166
2021-01-21,23.45,23.8,23.22,23.41,111198024.0,2615377662.0,19615250551.0,0.0056689576159571,601166
2021-01-22,23.33,23.33,22.41,22.93,148197484.0,3373572883.0,19615250551.0,0.0075552174882846,601166
2021-01-25,22.84,23.14,22.26,22.91,112138354.0,2544647323.0,19615250551.0,0.0057168963357586,601166
2021-01-26,22.96,23.27,22.72,22.85,84321460.0,1941903570.0,19615250551.0,0.0042987704786519,601166
2021-01-27,22.99,23.85,22.96,23.45,121344257.0,2850648248.0,19615250551.0,0.0061862200885225,601166
2021-01-28,23.12,23.36,22.59,23.2,111535322.0,2562094718.0,19615250551.0,0.0056861533177976,601166
2021-01-29,23.5,23.7,22.79,23.1,103881365.0,2417300046.0,19615250551.0,0.0052959489214734,601166
2021-02-01,22.98,24.3,22.72,24.07,127331951.0,3017248581.0,19615250551.0,0.0064914771630846,601166
2021-02-02,23.88,24.28,23.35,23.59,124474522.0,2956139358.0,19615250551.0,0.0063458033164737,601166
2021-02-03,23.62,24.99,23.41,24.69,154176399.0,3765671101.0,19615250551.0,0.007860027002925,601166
2021-02-04,24.45,25.32,24.34,24.77,119274673.0,2963142382.0,19615250551.0,0.0060807111634839,601166
2021-02-05,25.03,25.93,24.8,25.76,139488906.0,3559677394.0,19615250551.0,0.0071112477323359,601166
2021-02-08,25.7,27.05,25.34,26.75,153781813.0,4063948936.0,19615250551.0,0.0078399107164175,601166
2021-02-09,26.67,27.0,26.01,26.81,119779061.0,3166722659.0,19615250551.0,0.0061064252372699,601166
2021-02-10,26.94,27.55,25.67,26.64,143932622.0,3815054046.0,19615250551.0,0.0073377916649992,601166
2021-02-18,26.9,28.07,26.9,27.73,141972800.0,3900913243.0,19615250551.0,0.0072378784880095,601166
2021-02-19,27.6,27.99,26.53,26.75,119881699.0,3251192828.0,19615250551.0,0.0061116577985229,601166
2021-02-22,26.5,26.6,25.58,25.81,157447658.0,4092877294.0,19615250551.0,0.0080267982094153,601166
2021-02-23,25.81,26.89,25.81,26.41,119311635.0,3152547146.0,19615250551.0,0.0060825955136177,601166
2021-02-24,26.13,26.3,25.51,25.71,107138167.0,2771100393.0,19615250551.0,0.005461983099397,601166
2021-02-25,26.05,26.67,25.71,26.21,92948534.0,2442522335.0,19615250551.0,0.0047385851003193,601166
2021-02-26,25.8,26.22,24.39,24.68,187009535.0,4682196927.0,19615250551.0,0.0095338845921836,601166
2021-03-01,25.0,25.28,24.68,24.91,115827941.0,2894793218.0,19615250551.0,0.0059049942134996,601166
2021-03-02,25.11,25.35,24.33,24.87,109722937.0,2724085794.0,19615250551.0,0.0055937565882586,601166
2021-03-03,25.07,26.13,24.97,25.97,148336721.0,3825786387.0,19615250551.0,0.0075623158936625,601166
2021-03-04,25.69,26.1,25.02,25.3,102220907.0,2607849322.0,19615250551.0,0.0052112975429104,601166
2021-03-05,24.97,25.25,24.15,24.8,108619783.0,2678406749.0,19615250551.0,0.0055375169803509,601166
2021-03-08,24.86,24.97,23.72,23.77,115583800.0,2797687667.0,19615250551.0,0.0058925477245105,601166
2021-03-09,23.77,24.13,23.05,23.21,116097319.0,2735499469.0,19615250551.0,0.0059187273034389,601166
2021-03-10,23.5,23.5,22.66,22.89,107869441.0,2469667069.0,19615250551.0,0.0054992639894931,601166
2021-03-11,23.38,24.31,23.28,23.79,120980614.0,2884697647.0,19615250551.0,0.0061676812990712,601166
2021-03-12,23.98,24.26,23.76,23.92,80372199.0,1926366605.0,19615250551.0,0.0040974342280783,601166
2021-03-15,24.0,24.8,23.9,24.09,107351100.0,2611031618.0,19615250551.0,0.0054728385814336,601166
2021-03-16,24.26,25.08,24.12,24.61,89935015.0,2218232475.0,19615250551.0,0.0045849536699094,601166
2021-03-17,24.54,24.77,23.83,23.98,79793427.0,1932468445.0,19615250551.0,0.004067928002884,601166
2021-03-18,24.06,24.31,23.7,23.86,77356713.0,1852837345.0,19615250551.0,0.0039437025185516,601166
2021-03-19,23.9,24.02,23.06,23.22,87962848.0,2065539025.0,19615250551.0,0.004484411135677,601166
2021-03-22,23.49,24.07,23.34,23.63,95747697.0,2271512337.0,19615250551.0,0.0048812885030988,601166
2021-03-23,23.55,23.85,23.08,23.36,59981510.0,1400215302.0,19615250551.0,0.0030579018016643,601166
2021-03-24,23.36,23.44,22.5,22.56,107725955.0,2450353524.0,19615250551.0,0.0054919489669484,601166
2021-03-25,22.99,23.09,22.59,22.71,60145201.0,1370920158.0,19615250551.0,0.0030662468900726,601166
2021-03-26,22.94,23.35,22.72,23.23,71671249.0,1652849559.0,19615250551.0,0.0036538533532188,601166
2021-03-29,23.21,23.43,22.83,23.19,67623250.0,1562292507.0,19615250551.0,0.0034474833662806,601166
2021-03-30,23.28,23.45,23.01,23.22,60141805.0,1393941738.0,19615250551.0,0.0030660737594776,601166
2021-03-31,23.45,24.42,23.22,24.09,139803552.0,3332731394.0,19615250551.0,0.0071272886184404,601166
2021-04-01,24.25,24.3,23.88,24.07,50476549.0,1213117625.0,19615250551.0,0.0025733318505802,601166
2021-04-02,24.19,24.2,23.11,23.38,85835990.0,2014006107.0,19615250551.0,0.0043759823397016,601166
2021-04-06,23.49,23.77,23.37,23.7,49167350.0,1158475956.0,19615250551.0,0.0025065879159771,601166
2021-04-07,23.68,23.74,23.06,23.3,51926709.0,1211445567.0,19615250551.0,0.002647262081358,601166
2021-04-08,23.25,23.44,23.05,23.28,39464826.0,917247425.0,19615250551.0,0.0020119460568393,601166
2021-04-09,23.36,23.52,23.12,23.24,46109875.0,1072912778.0,19615250551.0,0.0023507155761336,601166
2021-04-12,23.05,23.23,22.72,22.82,65605946.0,1502236988.0,19615250551.0,0.0033446397143601,601166
2021-04-13,23.02,23.09,22.3,22.58,71782236.0,1622980405.0,19615250551.0,0.003659511552675,601166
2021-04-14,22.68,22.68,21.63,21.69,164813556.0,3611952669.0,19615250551.0,0.0084023171445851,601166
2021-04-15,21.79,21.79,20.45,20.85,298136610.0,6202455800.0,19615250551.0,0.0151992251755765,601166
2021-04-16,20.95,20.96,20.56,20.89,112063592.0,2328418542.0,19615250551.0,0.0057130849136304,601166
2021-04-19,20.9,21.11,20.47,21.03,145751478.0,3040595536.0,19615250551.0,0.0074305182909106,601166
2021-04-20,21.0,21.71,20.94,21.33,125571753.0,2677980881.0,19615250551.0,0.0064017409654549,601166
2021-04-21,21.37,22.22,21.37,22.0,139289194.0,3050938022.0,19615250551.0,0.0071010662666707,601166
2021-04-22,22.05,22.15,21.4,21.61,91850819.0,1992372562.0,19615250551.0,0.0046826227766597,601166
2021-04-23,21.51,21.94,21.4,21.87,58726883.0,1279493119.0,19615250551.0,0.0029939399880368,601166
2021-04-26,22.16,22.39,21.49,21.55,91180991.0,1998388062.0,19615250551.0,0.00464847444915,601166
2021-04-27,21.5,21.92,21.44,21.74,52366001.0,1137363855.0,19615250551.0,0.0026696575128544,601166
2021-04-28,21.76,21.84,21.17,21.5,88131846.0,1887833920.0,19615250551.0,0.0044930267788757,601166
2021-04-29,21.52,22.22,21.5,22.21,104813284.0,2308394822.0,19615250551.0,0.0053434588422657,601166
2021-04-30,22.5,22.5,21.55,21.74,123406974.0,2716006482.0,19615250551.0,0.0062913789288156,601166
2021-05-06,21.55,22.55,21.55,22.26,102138012.0,2274865080.0,19615250551.0,0.005207071494419,601166
2021-05-07,22.49,23.05,22.4,22.65,129422415.0,2946696429.0,19615250551.0,0.0065980505659868,601166
2021-05-10,22.68,22.68,21.84,22.0,98141458.0,2165483773.0,19615250551.0,0.0050033242116806,601166
2021-05-11,21.9,22.61,21.88,22.35,100090223.0,2236506562.0,19615250551.0,0.0051026736946216,601166
2021-05-12,22.31,23.35,22.25,22.54,147597366.0,3371603765.0,19615250551.0,0.0075246230282016,601166
2021-05-13,22.51,22.86,22.48,22.58,80182523.0,1816711614.0,19615250551.0,0.0040877644051256,601166
2021-05-14,22.71,23.03,22.33,22.97,96800537.0,2198877459.0,19615250551.0,0.0049349630660244,601166
2021-05-17,22.87,23.39,22.54,22.81,112430637.0,2581340397.0,19615250551.0,0.0057317971395612,601166
2021-05-18,22.78,22.86,22.39,22.57,78347309.0,1765997519.0,19615250551.0,0.0039942038362597,601166
2021-05-19,22.5,22.52,21.23,21.56,214015428.0,4634717378.0,19615250551.0,0.0109106650176889,601166
2021-05-20,21.39,21.62,21.17,21.61,102432678.0,2195233483.0,19615250551.0,0.0052220937853265,601166
2021-05-21,21.64,21.71,21.17,21.41,93050879.0,1989442958.0,19615250551.0,0.0047438027242153,601166
2021-05-24,21.37,21.88,21.37,21.65,106065936.0,2297326016.0,19615250551.0,0.0054073199689306,601166
2021-05-25,21.63,23.17,21.52,23.14,234937242.0,5309356161.0,19615250551.0,0.0119772745899502,601166
2021-05-26,23.35,23.77,23.25,23.48,142873975.0,3356058612.0,19615250551.0,0.007283821056913,601166
2021-05-27,23.43,23.43,22.91,23.02,120296241.0,2780714243.0,19615250551.0,0.0061327914566896,601166
2021-05-28,23.06,23.44,22.97,23.27,78902742.0,1827066401.0,19615250551.0,0.0040225202219493,601166
2021-05-31,23.22,23.26,22.69,23.11,106393740.0,2434927322.0,19615250551.0,0.0054240316596198,601166
2021-06-01,22.9,22.95,22.47,22.6,118168969.0,2669496444.0,19615250551.0,0.0060243415546876,601166
2021-06-02,22.63,22.65,22.2,22.36,91794067.0,2048687118.0,19615250551.0,0.0046797295176696,601166
2021-06-03,22.42,22.77,22.02,22.1,119465213.0,2667713319.0,19615250551.0,0.0060904250337964,601166
2021-06-04,22.13,22.73,22.02,22.39,131910325.0,2946033068.0,19615250551.0,0.0067248860603146,601166
2021-06-07,22.39,22.39,22.03,22.28,59642111.0,1324151481.0,19615250551.0,0.0030405989892879,601166
2021-06-08,22.29,22.49,21.96,22.16,90169844.0,1996074487.0,19615250551.0,0.004596925426242,601166
2021-06-09,22.1,22.3,21.9,21.96,73307708.0,1617369834.0,19615250551.0,0.0037372812449883,601166
2021-06-10,22.09,22.27,21.98,22.03,94971967.0,2101736866.0,19615250551.0,0.0048417412131989,601166
2021-06-11,22.05,22.11,21.2,21.56,159064078.0,3420223341.0,19615250551.0,0.008109204498124,601166
2021-06-15,21.35,21.38,20.85,20.92,105311261.0,2211526867.0,19615250551.0,0.0053688460785238,601166
2021-06-16,20.85,21.13,20.73,20.89,87614256.0,1835236083.0,19615250551.0,0.0044666396573523,601166
2021-06-17,20.9,21.05,20.78,20.8,66842247.0,1394423135.0,19615250551.0,0.0034076672549355,601166
2021-06-18,20.7,20.72,20.04,20.16,147270098.0,2988011954.0,19615250551.0,0.0075079386631893,601166
2021-06-21,20.1,20.18,19.83,19.89,90997736.0,1815252355.0,19615250551.0,0.0046391319735327,601166
2021-06-22,19.99,20.28,19.78,20.02,117182611.0,2343808541.0,19615250551.0,0.0059740562933582,601166
2021-06-23,20.06,20.31,19.9,20.22,84850655.0,1711202946.0,19615250551.0,0.0043257492316698,601166
2021-06-24,20.26,20.44,20.18,20.44,66452700.0,1350696346.0,19615250551.0,0.0033878078603799,601166
2021-06-25,20.49,20.82,20.45,20.72,101596077.0,2099828094.0,19615250551.0,0.005179443246766,601166
2021-06-28,20.72,20.78,20.13,20.23,106389345.0,2161253123.0,19615250551.0,0.0054238075992649,601166
2021-06-29,19.54,19.8,19.46,19.68,95697509.0,1877011425.0,19615250551.0,0.00487872988169,601166
2021-06-30,19.9,20.79,19.9,20.55,138306908.0,2836473278.0,19615250551.0,0.0070509885989169,601166
2021-07-01,20.83,21.65,20.75,21.31,176049061.0,3737193724.0,19615250551.0,0.0089751115104173,601166
2021-07-02,21.09,21.1,20.65,20.79,124525671.0,2599595366.0,19615250551.0,0.0063484109303743,601166
2021-07-05,20.94,21.08,20.4,21.04,84783318.0,1762929937.0,19615250551.0,0.0043223163415405,601166
2021-07-06,21.06,21.66,21.0,21.47,105784979.0,2266167379.0,19615250551.0,0.0053929965729959,601166
2021-07-07,21.45,21.8,21.17,21.34,74923827.0,1604779503.0,19615250551.0,0.0038196721884941,601166
2021-07-08,21.54,21.62,20.58,20.7,134790818.0,2803461846.0,19615250551.0,0.0068717357267265,601166
2021-07-09,20.68,20.91,20.11,20.31,117439867.0,2401103644.0,19615250551.0,0.0059871713947601,601166
2021-07-12,20.6,20.96,20.31,20.51,123385939.0,2538267368.0,19615250551.0,0.0062903065489372,601166
2021-07-13,20.55,20.7,20.12,20.41,82547032.0,1686823153.0,19615250551.0,0.0042083088250836,601166
2021-07-14,20.39,20.39,19.7,19.82,115638231.0,2300359141.0,19615250551.0,0.0058953226572017,601166
2021-07-15,19.81,20.85,19.71,20.8,127630220.0,2602711129.0,19615250551.0,0.0065066831376004,601166
2021-07-16,20.67,20.92,20.31,20.45,75820148.0,1554457403.0,19615250551.0,0.0038653672968829,601166
2021-07-19,20.44,20.5,19.94,20.41,74867298.0,1510217118.0,19615250551.0,0.0038167902982092,601166
2021-07-20,20.28,20.4,19.96,20.03,61200466.0,1231337026.0,19615250551.0,0.0031200450812941,601166
2021-07-21,20.06,20.2,19.64,19.73,116301329.0,2303286340.0,19615250551.0,0.0059291278843272,601166
2021-07-22,19.7,20.27,19.68,19.91,84736089.0,1693875232.0,19615250551.0,0.0043199085721431,601166
2021-07-23,19.92,19.93,19.6,19.79,78715178.0,1552210291.0,19615250551.0,0.0040129580703208,601166
2021-07-26,19.62,19.65,18.68,18.7,160733314.0,3052709827.0,19615250551.0,0.0081943033856279,601166
2021-07-27,18.77,18.87,17.85,17.98,159639114.0,2913553047.0,19615250551.0,0.0081385202592715,601166
2021-07-28,18.09,18.46,17.95,18.33,112070492.0,2045977845.0,19615250551.0,0.0057134366807405,601166
2021-07-29,18.48,18.48,17.91,17.94,124964623.0,2256777208.0,19615250551.0,0.0063707890284189,601166
2021-07-30,17.85,17.94,17.53,17.67,95577247.0,1688461849.0,19615250551.0,0.0048725988358648,601166
2021-08-02,17.55,18.04,17.17,17.9,138865929.0,2453857256.0,19615250551.0,0.0070794879035037,601166
2021-08-03,17.72,17.88,17.5,17.64,110710803.0,1951290424.0,19615250551.0,0.0056441187285449,601166
2021-08-04,17.7,17.72,17.37,17.4,92021134.0,1605648620.0,19615250551.0,0.0046913055614937,601166
2021-08-05,17.36,17.61,17.27,17.41,77664993.0,1356297062.0,19615250551.0,0.0039594188612615,601166
2021-08-06,17.32,17.64,17.08,17.55,96091392.0,1670656235.0,19615250551.0,0.0048988103287368,601166
2021-08-09,17.58,18.59,17.56,18.22,162064897.0,2953930531.0,19615250551.0,0.0082621884731285,601166
2021-08-10,18.19,18.78,17.95,18.66,145430745.0,2671969918.0,19615250551.0,0.0074141670850381,601166
2021-08-11,18.68,19.33,18.58,18.74,149081084.0,2827961844.0,19615250551.0,0.0076002640706722,601166
2021-08-12,18.72,18.87,18.54,18.61,72988483.0,1365260162.0,19615250551.0,0.0037210069180726,601166
2021-08-13,18.62,18.7,18.4,18.63,72676659.0,1346606558.0,19615250551.0,0.0037051098996181,601166
2021-08-16,18.77,18.89,18.47,18.63,75072126.0,1402725365.0,19615250551.0,0.0038272325813433,601166
2021-08-17,18.62,18.84,18.34,18.39,73427020.0,1364887333.0,19615250551.0,0.0037433638591099,601166
2021-08-18,18.43,19.41,18.42,19.19,133122420.0,2528960297.0,19615250551.0,0.0067866795610833,601166
2021-08-19,19.1,19.25,18.55,18.55,104551566.0,1964478306.0,19615250551.0,0.0053301162647993,601166
2021-08-20,18.68,18.8,18.01,18.26,131353359.0,2399423976.0,19615250551.0,0.0066964915211497,601166
2021-08-23,18.25,18.48,18.16,18.29,78654462.0,1441096050.0,19615250551.0,0.0040098627236749,601166
2021-08-24,18.29,18.68,18.23,18.59,91214272.0,1686720979.0,19615250551.0,0.0046501711391777,601166
2021-08-25,18.58,18.75,18.29,18.37,72337569.0,1337091168.0,19615250551.0,0.0036878228402905,601166
2021-08-26,18.35,18.38,18.02,18.13,79509298.0,1442587749.0,19615250551.0,0.0040534428960402,601166
2021-08-27,18.1,18.29,17.82,18.01,105771773.0,1909178228.0,19615250551.0,0.0053923233213356,601166
2021-08-30,18.14,18.46,17.93,18.1,115738581.0,2102592297.0,19615250551.0,0.0059004385745202,601166
2021-08-31,18.15,18.6,17.96,18.5,116643373.0,2135357084.0,19615250551.0,0.0059465655407625,601166
2021-09-01,18.41,19.35,18.39,19.16,186363162.0,3534930261.0,19615250551.0,0.0095009320179445,601166
2021-09-02,19.27,19.62,19.24,19.43,135652377.0,2638083440.0,19615250551.0,0.0069156586426108,601166
2021-09-03,19.35,19.78,18.95,19.44,123911012.0,2405259538.0,19615250551.0,0.0063170751593424,601166
2021-09-06,19.35,19.67,19.32,19.36,76848415.0,1496084494.0,19615250551.0,0.0039177891100698,601166
2021-09-07,19.42,19.93,19.2,19.9,122316695.0,2393891888.0,19615250551.0,0.006235795697943,601166
2021-09-08,19.83,20.08,19.3,19.43,135665324.0,2664556573.0,19615250551.0,0.0069163186902592,601166
2021-09-09,19.31,19.38,19.05,19.23,92575312.0,1777025280.0,19615250551.0,0.0047195579663539,601166
2021-09-10,19.26,20.23,19.23,19.74,193569767.0,3835141720.0,19615250551.0,0.009868330078003,601166
2021-09-13,19.74,20.15,19.61,20.09,158691219.0,3163870466.0,19615250551.0,0.0080901958701674,601166
2021-09-14,20.09,20.2,19.13,19.16,174715501.0,3407602456.0,19615250551.0,0.0089071256339926,601166
2021-09-15,19.08,19.23,18.7,18.85,119349205.0,2260123774.0,19615250551.0,0.0060845108600417,601166
2021-09-16,18.75,18.97,18.58,18.6,90717628.0,1699646603.0,19615250551.0,0.0046248518602468,601166
2021-09-17,18.6,18.82,18.46,18.68,77020054.0,1433650295.0,19615250551.0,0.0039265393934044,601166
2021-09-22,18.0,18.32,17.78,18.12,138929090.0,2502514844.0,19615250551.0,0.0070827078980603,601166
2021-09-23,18.25,18.53,18.08,18.22,75754873.0,1383340603.0,19615250551.0,0.0038620395290407,601166
2021-09-24,18.19,18.3,17.85,17.92,80323987.0,1448719670.0,19615250551.0,0.0040949763446128,601166
2021-09-27,17.92,18.15,17.52,18.1,122182087.0,2175945222.0,19615250551.0,0.0062289332824133,601166
2021-09-28,18.1,18.57,18.04,18.46,101626297.0,1865644873.0,19615250551.0,0.0051809838847467,601166
2021-09-29,18.27,18.75,18.21,18.51,81823403.0,1511555151.0,19615250551.0,0.0041714176827493,601166
2021-09-30,18.54,18.54,18.21,18.3,70872340.0,1299064538.0,19615250551.0,0.0036131243807327,601166
2021-10-08,18.41,18.74,18.4,18.68,81056217.0,1506411141.0,19615250551.0,0.004132305972297,601166
2021-10-11,19.0,19.5,19.0,19.36,156344540.0,3023712844.0,19615250551.0,0.0079705604368142,601166
2021-10-12,19.33,19.65,19.16,19.34,105334102.0,2041157851.0,19615250551.0,0.0053700105296197,601166
2021-10-13,19.33,19.46,19.04,19.21,70194065.0,1349798401.0,19615250551.0,0.0035785454189073,601166
2021-10-14,19.24,19.47,18.96,19.09,57136577.0,1095933620.0,19615250551.0,0.0029128650103879,601166
2021-10-15,19.14,19.48,19.0,19.22,84251256.0,1622340105.0,19615250551.0,0.0042951914267393,601166
2021-10-18,19.34,19.47,19.1,19.24,66433148.0,1277985858.0,19615250551.0,0.0033868110849398,601166
2021-10-19,19.2,19.48,19.17,19.23,67664157.0,1305805109.0,19615250551.0,0.003449568835436,601166
2021-10-20,19.3,19.51,19.05,19.15,68758270.0,1322525346.0,19615250551.0,0.0035053475264681,601166
2021-10-21,19.3,19.86,19.3,19.78,146960045.0,2883109376.0,19615250551.0,0.0074921319316264,601166
2021-10-22,19.9,20.12,19.67,19.87,97169217.0,1933881959.0,19615250551.0,0.0049537586454661,601166
2021-10-25,19.58,19.76,19.48,19.65,87619824.0,1715776027.0,19615250551.0,0.004466923518116,601166
2021-10-26,19.58,19.76,19.27,19.38,104514040.0,2034275471.0,19615250551.0,0.0053282031615278,601166
2021-10-27,19.3,19.35,18.83,19.08,99532621.0,1898520365.0,19615250551.0,0.0050742467317056,601166
2021-10-28,19.01,19.2,18.89,19.05,59069178.0,1124050102.0,19615250551.0,0.0030113904406379,601166
2021-10-29,19.34,19.41,18.52,18.63,164260801.0,3101893132.0,19615250551.0,0.0083741372853188,601166
2021-11-01,18.67,19.25,18.58,18.97,137660563.0,2610843895.0,19615250551.0,0.0070180374521385,601166
2021-11-02,18.97,19.07,17.88,18.02,275871721.0,5026249207.0,19615250551.0,0.0140641446451437,601166
2021-11-03,18.03,18.29,17.94,18.29,101487244.0,1840885487.0,19615250551.0,0.005173894859825,601166
2021-11-04,18.22,18.32,18.01,18.23,77376230.0,1405082038.0,19615250551.0,0.0039446975096657,601166
2021-11-05,18.04,18.24,17.97,18.14,72989709.0,1321378382.0,19615250551.0,0.0037210694204606,601166
2021-11-08,18.14,18.25,17.97,18.07,80382751.0,1456889884.0,19615250551.0,0.004097972176853,601166
2021-11-09,18.19,18.42,18.12,18.31,78970941.0,1442540354.0,19615250551.0,0.0040259970574769,601166
2021-11-10,18.25,18.27,18.05,18.19,72486118.0,1314856472.0,19615250551.0,0.0036953959783248,601166
2021-11-11,18.11,18.94,18.11,18.89,148327678.0,2775988970.0,19615250551.0,0.0075618548748253,601166
2021-11-12,18.9,19.08,18.73,18.84,66059386.0,1245699990.0,19615250551.0,0.0033677564213745,601166
2021-11-15,18.87,19.07,18.66,18.83,54812048.0,1030556650.0,19615250551.0,0.0027943588004388,601166
2021-11-16,18.74,18.91,18.49,18.6,53780621.0,1003468731.0,19615250551.0,0.0027417758881116,601166
2021-11-17,18.45,18.73,18.42,18.51,46164421.0,856773558.0,19615250551.0,0.00235349637161,601166
2021-11-18,18.48,18.59,18.27,18.3,57922266.0,1064174876.0,19615250551.0,0.0029529200174833,601166
2021-11-19,18.28,18.61,18.24,18.5,67805457.0,1249610033.0,19615250551.0,0.0034567724140818,601166
2021-11-22,18.53,18.58,18.14,18.2,105818959.0,1930611781.0,19615250551.0,0.0053947288985612,601166
2021-11-23,18.2,18.28,18.07,18.13,105617551.0,1916447603.0,19615250551.0,0.00538446096956,601166
2021-11-24,18.14,18.43,18.01,18.31,108372721.0,1971818623.0,19615250551.0,0.0055249215766186,601166
2021-11-25,18.25,18.32,18.18,18.27,57488873.0,1049420611.0,19615250551.0,0.0029308253213757,601166
2021-11-26,18.19,18.25,18.06,18.2,74875819.0,1358620354.0,19615250551.0,0.0038172247050998,601166
2021-11-29,18.09,18.16,17.98,18.07,82446287.0,1487708807.0,19615250551.0,0.0042031727703726,601166
2021-11-30,18.06,18.13,17.95,18.01,58748096.0,1059115462.0,19615250551.0,0.002995021442487,601166
2021-12-01,18.0,18.16,17.95,18.12,54413432.0,984257297.0,19615250551.0,0.0027740370615467,601166
2021-12-02,18.09,18.43,17.98,18.37,92880928.0,1696196118.0,19615250551.0,0.0047351384963708,601166
2021-12-03,18.35,18.45,18.12,18.3,82204191.0,1500461355.0,19615250551.0,0.0041908305369981,601166
2021-12-06,18.35,18.86,18.35,18.52,132410406.0,2463316668.0,19615250551.0,0.0067503805600509,601166
2021-12-07,18.74,19.3,18.72,19.22,251004397.0,4775164678.0,19615250551.0,0.0127963900510668,601166
2021-12-08,19.12,19.51,19.07,19.45,152007474.0,2936913576.0,19615250551.0,0.0077494536001351,601166
2021-12-09,19.45,19.88,19.36,19.43,143251036.0,2800564385.0,19615250551.0,0.0073030439059416,601166
2021-12-10,19.3,19.73,19.26,19.42,122150834.0,2372960859.0,19615250551.0,0.0062273399813275,601166
2021-12-13,19.54,20.07,19.54,19.59,141050771.0,2792217242.0,19615250551.0,0.0071908727667416,601166
2021-12-14,19.51,19.56,19.07,19.21,103736792.0,1994533982.0,19615250551.0,0.0052885784828637,601166
2021-12-15,19.1,19.24,18.92,19.12,96168503.0,1832566082.0,19615250551.0,0.0049027415046246,601166
2021-12-16,19.24,19.55,19.15,19.5,94031690.0,1823029558.0,19615250551.0,0.0047938051953767,601166
2021-12-17,19.5,19.69,19.41,19.48,84660012.0,1653523124.0,19615250551.0,0.004316030110341,601166
2021-12-20,19.41,19.69,19.37,19.52,69954582.0,1368176264.0,19615250551.0,0.0035663363982079,601166
2021-12-21,19.5,19.82,19.45,19.53,88101154.0,1729336839.0,19615250551.0,0.0044914620779854,601166
2021-12-22,19.66,19.69,19.22,19.32,69734774.0,1350456381.0,19615250551.0,0.0035551304235797,601166
2021-12-23,19.45,19.62,19.11,19.26,139611459.0,2692633244.0,19615250551.0,0.0071174955750377,601166
2021-12-24,19.36,19.36,19.06,19.07,76385494.0,1462305175.0,19615250551.0,0.0038941890546539,601166
2021-12-27,19.01,19.07,18.81,18.85,94485765.0,1787175904.0,19615250551.0,0.0048169542751613,601166
2021-12-28,18.92,19.18,18.91,19.04,93035468.0,1775270423.0,19615250551.0,0.004743017060022,601166
2021-12-29,19.13,19.13,18.88,18.92,60163787.0,1142117982.0,19615250551.0,0.0030671944181173,601166
2021-12-30,18.94,19.21,18.92,19.05,79826608.0,1523528379.0,19615250551.0,0.0040696195948376,601166
2021-12-31,19.11,19.16,18.98,19.04,55390908.0,1055756726.0,19615250551.0,0.0028238695119383,601166
2022-01-04,19.07,19.2,18.84,19.13,105527096.0,2008970566.0,19615250551.0,0.0053798495066697,601166
2022-01-05,19.15,20.32,19.14,20.07,245403037.0,4887972335.0,19615250551.0,0.0125108285699409,601166
2022-01-06,20.16,20.25,19.9,19.96,121904628.0,2441886022.0,19615250551.0,0.0062147882171092,601166
2022-01-07,20.1,20.46,19.96,20.4,117794474.0,2389606941.0,19615250551.0,0.0060052495222394,601166
2022-01-10,20.59,20.74,20.2,20.63,127852808.0,2615168646.0,19615250551.0,0.0065180308386875,601166
2022-01-11,21.0,21.56,20.8,21.4,195406237.0,4161625660.0,19615250551.0,0.0099619546786792,601166
2022-01-12,21.45,21.56,21.1,21.37,148145153.0,3166649289.0,19615250551.0,0.0075525496151486,601166
2022-01-13,21.4,21.63,21.16,21.24,109656711.0,2337946561.0,19615250551.0,0.0055903803377321,601166
2022-01-14,21.17,21.2,20.54,20.66,146502640.0,3036715978.0,19615250551.0,0.0074688130859756,601166
2022-01-17,20.73,20.96,20.36,20.51,81662275.0,1679029834.0,19615250551.0,0.0041632032579791,601166
2022-01-18,20.52,21.34,20.4,21.3,136475127.0,2863106170.0,19615250551.0,0.0069576030469334,601166
2022-01-19,21.3,21.64,21.14,21.51,132351659.0,2837981305.0,19615250551.0,0.0067473855944834,601166
2022-01-20,21.49,22.27,21.46,22.15,163861960.0,3610072353.0,19615250551.0,0.0083538040757601,601166
2022-01-21,22.0,22.07,21.7,21.8,81794451.0,1786680945.0,19615250551.0,0.0041699416883476,601166
2022-01-24,21.8,22.31,21.59,22.06,116808867.0,2569932399.0,19615250551.0,0.0059550025474461,601166
2022-01-25,22.0,22.0,21.4,21.42,102431458.0,2212679789.0,19615250551.0,0.005222031588823,601166
2022-01-26,21.51,21.72,21.21,21.33,67451362.0,1439454657.0,19615250551.0,0.0034387203887416,601166
2022-01-27,21.32,21.55,21.05,21.3,99537575.0,2121877700.0,19615250551.0,0.0050744992902945,601166
2022-01-28,21.45,21.48,20.8,20.88,102566395.0,2167122129.0,19615250551.0,0.0052289107770163,601166
2022-02-07,21.35,22.08,21.27,22.01,159403722.0,3467046281.0,19615250551.0,0.0081265198007819,601166
2022-02-08,22.05,22.47,21.98,22.38,121591369.0,2704923138.0,19615250551.0,0.0061988180412919,601166
2022-02-09,22.43,22.65,22.16,22.27,108239467.0,2423187106.0,19615250551.0,0.0055181281890116,601166
2022-02-10,22.22,22.75,22.03,22.65,90714866.0,2042210780.0,19615250551.0,0.0046247110514413,601166
2022-02-11,22.78,23.13,22.6,22.99,123647547.0,2832508011.0,19615250551.0,0.0063036435185221,601166
2022-02-14,22.95,22.95,22.14,22.25,113355476.0,2533923318.0,19615250551.0,0.0057789461167102,601166
2022-02-15,22.13,22.38,21.51,21.85,154396917.0,3370705543.0,19615250551.0,0.007871269173879,601166
2022-02-16,21.9,22.36,21.9,22.18,70995566.0,1574129120.0,19615250551.0,0.003619406533473,601166
2022-02-17,22.19,22.8,22.13,22.3,110372432.0,2477906756.0,19615250551.0,0.0056268683243698,601166
2022-02-18,22.31,22.89,22.28,22.89,93397988.0,2119133512.0,19615250551.0,0.0047614985981016,601166
2022-02-21,22.8,22.9,22.3,22.76,80965667.0,1828381541.0,19615250551.0,0.0041276896662363,601166
2022-02-22,22.82,23.22,22.52,23.08,125297856.0,2873605365.0,19615250551.0,0.0063877774935488,601166
2022-02-23,23.08,23.09,22.35,22.5,110207135.0,2489160596.0,19615250551.0,0.0056184413608921,601166
2022-02-24,22.52,22.78,22.28,22.32,102815569.0,2311675213.0,19615250551.0,0.0052416138520727,601166
2022-02-25,22.39,22.59,21.87,22.11,112598945.0,2488473304.0,19615250551.0,0.0057403776060489,601166
2022-02-28,22.0,22.12,21.41,22.07,102222129.0,2230054190.0,19615250551.0,0.0052113598413754,601166
2022-03-01,22.0,22.28,21.75,22.17,87179290.0,1917241143.0,19615250551.0,0.0044444647685397,601166
2022-03-02,21.85,22.29,21.82,22.06,53241639.0,1174785457.0,19615250551.0,0.0027142981865855,601166
2022-03-03,22.09,22.44,22.06,22.08,71800491.0,1594274483.0,19615250551.0,0.0036604422060945,601166
2022-03-04,22.0,22.09,21.6,21.71,75230148.0,1635990909.0,19615250551.0,0.0038352886599332,601166
2022-03-07,21.49,21.82,21.21,21.34,118465647.0,2542907267.0,19615250551.0,0.0060394664188452,601166
2022-03-08,21.15,21.33,20.5,20.6,136188091.0,2853935580.0,19615250551.0,0.0069429697390766,601166
2022-03-09,20.69,20.94,19.88,20.47,123145257.0,2522825430.0,19615250551.0,0.0062780364023299,601166
2022-03-10,20.88,21.0,20.6,20.67,74316224.0,1545999979.0,19615250551.0,0.0037886961375678,601166
2022-03-11,20.54,20.89,20.09,20.8,82047257.0,1682297128.0,19615250551.0,0.0041828299254539,601166
2022-03-14,20.51,20.94,20.13,20.14,82129821.0,1677137218.0,19615250551.0,0.0041870390993202,601166
2022-03-15,19.99,20.0,18.8,18.85,164379810.0,3169652419.0,19615250551.0,0.008380204452276,601166
2022-03-16,19.2,20.01,18.85,19.82,143725307.0,2787562336.0,19615250551.0,0.0073272225927633,601166
2022-03-17,20.28,20.34,19.63,19.91,122769418.0,2453713003.0,19615250551.0,0.0062588758517663,601166
2022-03-18,19.78,20.88,19.73,20.76,143083853.0,2931752830.0,19615250551.0,0.0072945207927871,601166
2022-03-21,20.68,20.8,20.17,20.22,97508433.0,1988924587.0,19615250551.0,0.0049710521283669,601166
2022-03-22,20.29,20.93,20.25,20.81,86338914.0,1784369846.0,19615250551.0,0.0044016217776835,601166
2022-03-23,20.74,20.78,19.63,19.71,308413472.0,6148405435.0,19615250551.0,0.0157231472113047,601166
2022-03-24,19.58,19.88,19.36,19.85,109879724.0,2168392295.0,19615250551.0,0.0056017497056339,601166
2022-03-25,19.98,20.45,19.85,20.07,132904786.0,2675943135.0,19615250551.0,0.0067755844185851,601166
2022-03-28,19.84,20.16,19.56,20.03,82177025.0,1637628387.0,19615250551.0,0.0041894455941991,601166
2022-03-29,20.08,20.12,19.83,19.88,52622233.0,1049983838.0,19615250551.0,0.002682720409978,601166
2022-03-30,19.99,20.34,19.89,20.29,96016521.0,1935092679.0,19615250551.0,0.0048949933497079,601166
2022-03-31,20.2,20.79,20.14,20.67,117896887.0,2425511483.0,19615250551.0,0.0060104706128257,601166
2022-04-01,20.56,21.42,20.45,21.4,142122689.0,3002129689.0,19615250551.0,0.0072455199402362,601166
2022-04-06,21.19,22.21,21.17,21.92,159867636.0,3500524237.0,19615250551.0,0.0081501704800732,601166
2022-04-07,21.88,22.18,21.47,21.59,110111725.0,2398438197.0,20774190751.0,0.0053004098364072,601166
2022-04-08,21.6,22.04,21.59,21.99,80227826.0,1754316421.0,20774190751.0,0.0038618989765528,601166
2022-04-11,21.88,21.94,21.5,21.75,86065951.0,1871521845.0,20774190751.0,0.0041429267706063,601166
2022-04-12,21.65,22.0,21.37,21.73,87847977.0,1905047646.0,20774190751.0,0.0042287075368156,601166
2022-04-13,21.66,22.03,21.53,21.72,81716505.0,1784569877.0,20774190751.0,0.0039335590001774,601166
2022-04-14,22.05,22.06,21.5,21.68,93777636.0,2035327131.0,20774190751.0,0.004514141471214,601166
2022-04-15,21.62,22.42,21.55,22.26,118963990.0,2625350670.0,20774190751.0,0.0057265282400602,601166
2022-04-18,21.97,21.97,21.45,21.68,114336558.0,2476074536.0,20774190751.0,0.0055037791541649,601166
2022-04-19,21.6,21.66,21.1,21.45,92874686.0,1982821749.0,20774190751.0,0.0044706764808891,601166
2022-04-20,21.49,21.62,21.21,21.26,73051766.0,1561042797.0,20774190751.0,0.0035164674704107,601166
2022-04-21,21.26,21.68,20.96,21.13,91294460.0,1947659208.0,20774190751.0,0.0043946096911431,601166
2022-04-22,20.97,21.6,20.91,21.42,76235075.0,1630350369.0,20774190751.0,0.0036697013093677,601166
2022-04-25,20.91,21.09,20.25,20.28,149298843.0,3086710294.0,20774190751.0,0.0071867465158811,601166
2022-04-26,20.38,20.74,20.24,20.42,91038533.0,1866639024.0,20774190751.0,0.0043822902220928,601166
2022-04-27,20.26,20.79,20.22,20.54,87774885.0,1803283308.0,20774190751.0,0.0042251891326151,601166
2022-04-28,20.5,21.07,20.46,21.05,105401255.0,2198281365.0,20774190751.0,0.0050736635791661,601166
2022-04-29,20.95,20.95,20.0,20.48,182799388.0,3712928953.0,20774190751.0,0.0087993506072529,601166
2022-05-05,20.35,20.7,20.25,20.4,100305204.0,2047619438.0,20774190751.0,0.0048283567433389,601166
2022-05-06,20.19,20.38,19.93,19.96,64386050.0,1293115981.0,20774190751.0,0.0030993289111346,601166
2022-05-09,19.84,19.93,19.45,19.62,66903647.0,1314923566.0,20774190751.0,0.0032205176029193,601166
2022-05-10,19.47,20.07,19.33,20.0,82953304.0,1641619466.0,20774190751.0,0.0039930943637843,601166
2022-05-11,20.05,20.1,19.67,19.78,105497211.0,2092493055.0,20774190751.0,0.0050782825797881,601166
2022-05-12,19.66,19.74,19.46,19.63,58293461.0,1141925128.0,20774190751.0,0.0028060520719534,601166
2022-05-13,19.74,20.09,19.6,19.75,106931449.0,2119039065.0,20774190751.0,0.0051473219959171,601166
2022-05-16,19.76,19.76,19.18,19.34,123732624.0,2388282832.0,20774190751.0,0.005956074317554,601166
2022-05-17,19.37,19.74,19.22,19.59,85862532.0,1676834673.0,20774190751.0,0.0041331348609026,601166
2022-05-18,19.7,19.71,19.28,19.42,74299559.0,1441303920.0,20774190751.0,0.0035765320483746,601166
2022-05-19,19.2,19.35,19.17,19.28,66518209.0,1280155690.0,20774190751.0,0.0032019639078743,601166
2022-05-20,19.38,19.76,19.36,19.69,102477085.0,2012286329.0,20774190751.0,0.004932903824187,601166
2022-05-23,19.75,19.87,19.51,19.68,80015963.0,1575985623.0,20774190751.0,0.0038517006009559,601166
2022-05-24,19.76,19.84,19.47,19.48,60726982.0,1192644309.0,20774190751.0,0.0029231936265472,601166
2022-05-25,19.55,19.65,19.44,19.53,46129785.0,901938495.0,20774190751.0,0.0022205334278919,601166
2022-05-26,19.6,19.62,19.35,19.53,61606324.0,1200373294.0,20774190751.0,0.0029655222067812,601166
2022-05-27,19.59,19.89,19.55,19.72,73651970.0,1452788824.0,20774190751.0,0.0035453592817546,601166
2022-05-30,19.88,19.88,19.46,19.53,59466293.0,1165857887.0,20774190751.0,0.0028625082783134,601166
2022-05-31,19.55,19.73,19.45,19.65,71011880.0,1394974495.0,20774190751.0,0.003418274187002,601166
2022-06-01,19.7,19.71,19.47,19.56,60718561.0,1187582565.0,20774190751.0,0.002922788267797,601166
2022-06-02,19.47,19.55,19.31,19.35,72136989.0,1397313235.0,20774190751.0,0.0034724331678974,601166
2022-06-06,19.31,19.35,18.96,19.19,131564972.0,2510420018.0,20774190751.0,0.0063330973310556,601166
2022-06-07,19.12,19.59,19.09,19.51,100475136.0,1949584759.0,20774190751.0,0.0048365367009621,601166
2022-06-08,19.57,19.64,19.37,19.63,80291403.0,1567252195.0,20774190751.0,0.0038649593605052,601166
2022-06-09,19.75,20.28,19.7,20.19,148612986.0,2982767120.0,20774190751.0,0.0071537316558454,601166
2022-06-10,20.12,20.37,19.97,20.33,104236209.0,2103333413.0,20774190751.0,0.0050175821647821,601166
2022-06-13,20.24,20.32,19.75,19.9,100642182.0,2003540692.0,20774190751.0,0.0048445777362064,601166
2022-06-14,19.79,20.25,19.73,20.23,89824169.0,1797935827.0,20774190751.0,0.0043238348042835,601166
2022-06-15,20.25,21.0,20.15,20.72,175686054.0,3636870001.0,20774190751.0,0.0084569385207721,601166
2022-06-16,19.8,19.83,19.37,19.41,124380083.0,2437697189.0,20774190751.0,0.0059872408264092,601166
2022-06-17,19.27,19.53,19.24,19.39,100808474.0,1951951339.0,20774190751.0,0.0048525824764147,601166
2022-06-20,19.39,19.43,19.02,19.13,96029959.0,1836451882.0,20774190751.0,0.0046225607606581,601166
2022-06-21,19.12,19.5,19.02,19.38,71830133.0,1389466219.0,20774190751.0,0.0034576621472748,601166
2022-06-22,19.36,19.36,19.1,19.1,64889389.0,1245925283.0,20774190751.0,0.0031235579656394,601166
2022-06-23,19.15,19.31,19.11,19.3,64293392.0,1235697890.0,20774190751.0,0.0030948686651924,601166
2022-06-24,19.29,19.41,19.03,19.19,89559657.0,1715038946.0,20774190751.0,0.0043111020820721,601166
2022-06-27,19.19,19.49,19.14,19.36,84889694.0,1642325585.0,20774190751.0,0.0040863056962117,601166
2022-06-28,19.4,19.61,19.27,19.47,67645226.0,1313859795.0,20774190751.0,0.0032562147335026,601166
2022-06-29,19.4,19.82,19.39,19.66,83991648.0,1652407158.0,20774190751.0,0.0040430767680303,601166
2022-06-30,19.61,20.02,19.52,19.9,100338437.0,1993739774.0,20774215729.0,0.0048299506613831,601166
2022-07-01,19.92,20.01,19.82,19.9,60220213.0,1199895129.0,20774215729.0,0.002898795977936,601166
2022-07-04,19.86,19.94,19.57,19.67,78049057.0,1535754304.0,20774215729.0,0.0037570158131672,601166
2022-07-05,19.69,19.98,19.6,19.7,81596723.0,1612547342.0,20774215729.0,0.0039277883730693,601166
2022-07-06,19.65,19.71,19.28,19.39,73343682.0,1423624679.0,20774215729.0,0.0035305150845052,601166
2022-07-07,19.35,19.46,19.2,19.22,58284728.0,1124998854.0,20774215729.0,0.0028056283211999,601166
2022-07-08,19.32,19.35,19.06,19.31,59522834.0,1146119977.0,20774215729.0,0.0028652265277532,601166
2022-07-11,19.26,19.48,19.17,19.17,62912178.0,1213967806.0,20774215729.0,0.0030283780057302,601166
2022-07-12,19.22,19.48,19.22,19.28,70296155.0,1360820559.0,20774215729.0,0.0033838175128733,601166
2022-07-13,19.16,19.25,18.55,18.6,181504484.0,3399747790.0,20774215729.0,0.0087370077584506,601166
2022-07-14,18.43,18.43,17.94,18.0,198709241.0,3579739443.0,20774215729.0,0.0095651861707881,601166
2022-07-15,18.04,18.13,17.61,17.63,146422921.0,2614497680.0,20774215729.0,0.0070483007835332,601166
2022-07-18,17.75,17.95,17.66,17.8,87206974.0,1553204290.0,20774215729.0,0.0041978467508769,601166
2022-07-19,17.81,17.88,17.61,17.75,80157843.0,1419874584.0,20774215729.0,0.0038585255898783,601166
2022-07-20,17.85,17.93,17.67,17.75,63321847.0,1125462430.0,20774215729.0,0.00304809807629,601166
2022-07-21,17.7,17.7,17.31,17.36,115880253.0,2026269355.0,20774215729.0,0.0055780807570143,601166
2022-07-22,17.41,17.6,17.36,17.53,62148577.0,1087838708.0,20774215729.0,0.0029916208539821,601166
2022-07-25,17.53,17.66,17.42,17.6,42186341.0,741561896.0,20774237666.0,0.0020307046486256,601166
2022-07-26,17.62,17.91,17.6,17.9,80188312.0,1428005241.0,20774238108.0,0.0038599881056104,601166
2022-07-27,18.03,18.05,17.75,17.83,56676660.0,1013897197.0,20774238108.0,0.0027282184648771,601166
2022-07-28,17.88,18.05,17.87,17.9,55379055.0,994061210.0,20774238108.0,0.002665756246371,601166
2022-07-29,17.95,18.03,17.72,17.77,52073856.0,928591055.0,20774238108.0,0.002506655393535,601166
2022-08-01,17.71,17.71,17.53,17.55,53280327.0,937838339.0,20774238108.0,0.0025647307363576,601166
2022-08-02,17.42,17.43,17.15,17.38,77924192.0,1345304041.0,20774238108.0,0.0037510011965248,601166
2022-08-03,17.3,17.5,17.15,17.17,62440831.0,1076996385.0,20774238108.0,0.0030056857284193,601166
2022-08-04,17.26,17.49,17.17,17.44,50906193.0,884560776.0,20774238108.0,0.002450448133662,601166
2022-08-05,17.45,17.6,17.32,17.6,41349959.0,722545450.0,20774238108.0,0.0019904440675529,601166
2022-08-08,17.58,17.74,17.48,17.52,35545062.0,624406653.0,20774238108.0,0.0017110163951722,601166
2022-08-09,17.53,17.55,17.43,17.45,25333482.0,443129653.0,20774238108.0,0.0012194662383427,601166
2022-08-10,17.5,17.52,17.3,17.35,31159600.0,541170725.0,20774238108.0,0.0014999154162963,601166
2022-08-11,17.5,17.88,17.41,17.85,69855345.0,1236217719.0,20774238108.0,0.0033625947982708,601166
2022-08-12,17.77,17.92,17.73,17.87,38319479.0,683644423.0,20774238108.0,0.0018445672375943,601166
2022-08-15,17.81,17.91,17.5,17.56,63109863.0,1113624945.0,20774238108.0,0.0030378906158631,601166
2022-08-16,17.52,17.71,17.51,17.57,36671979.0,645669827.0,20774238108.0,0.0017652622834758,601166
2022-08-17,17.63,17.95,17.5,17.9,70708278.0,1258091008.0,20774238108.0,0.0034036520440559,601166
2022-08-18,17.85,17.87,17.56,17.65,50702605.0,895308182.0,20774238108.0,0.0024406481112043,601166
2022-08-19,17.58,17.99,17.57,17.8,68436702.0,1223239875.0,20774238108.0,0.0032943062289078,601166
2022-08-22,17.7,17.98,17.67,17.76,50241835.0,895627640.0,20774238108.0,0.0024184682364188,601166
2022-08-23,17.76,17.8,17.53,17.61,42678478.0,751739653.0,20774238108.0,0.0020543943791404,601166
2022-08-24,17.6,17.85,17.56,17.58,55015786.0,973753201.0,20774240963.0,0.0026482693686852,601166
2022-08-25,17.63,17.95,17.56,17.9,67000386.0,1188181904.0,20774240963.0,0.0032251664991915,601166
2022-08-26,17.88,17.92,17.67,17.88,51214314.0,911187486.0,20774240963.0,0.0024652796745361,601166
2022-08-29,17.43,17.48,16.88,16.93,226780055.0,3856084600.0,20774240963.0,0.0109164063035519,601166
2022-08-30,16.88,16.99,16.7,16.82,93870022.0,1576647363.0,20774240963.0,0.0045185777024146,601166
2022-08-31,16.73,17.25,16.69,17.11,101376466.0,1725405708.0,20774240963.0,0.0048799119149795,601166
2022-09-01,17.03,17.23,17.0,17.11,55433445.0,950670916.0,20774240963.0,0.0026683740262149,601166
2022-09-02,17.17,17.25,16.95,17.03,45545565.0,778015072.0,20774240963.0,0.0021924057336736,601166
2022-09-05,17.03,17.13,16.88,17.08,52937082.0,898960855.0,20774240963.0,0.0025482077585546,601166
2022-09-06,17.09,17.25,17.0,17.06,60621457.0,1036892065.0,20774240963.0,0.0029181069531238,601166
2022-09-07,17.03,17.12,16.93,17.09,43589267.0,742032672.0,20774240963.0,0.0020982363243805,601166
2022-09-08,17.1,17.16,17.01,17.01,49494243.0,844675431.0,20774240963.0,0.0023824814147555,601166
2022-09-09,17.09,17.47,17.03,17.38,98303341.0,1705316617.0,20774240963.0,0.0047319823224869,601166
2022-09-13,17.47,17.65,17.31,17.59,75385870.0,1323289559.0,20774240963.0,0.003628814652447,601166
2022-09-14,17.4,17.57,17.38,17.38,47713212.0,832781623.0,20774240963.0,0.0022967487517344,601166
2022-09-15,17.48,17.72,17.45,17.69,95410654.0,1682255337.0,20774240963.0,0.0045927383902945,601166
2022-09-16,17.61,17.67,17.22,17.22,73480521.0,1278981693.0,20774240963.0,0.0035370977515314,601166
2022-09-19,17.25,17.38,17.2,17.34,40657575.0,703783886.0,20774240963.0,0.0019571148265976,601166
2022-09-20,17.37,17.43,17.08,17.08,48467436.0,832611832.0,20774240963.0,0.0023330544825355,601166
2022-09-21,17.09,17.25,16.99,17.15,41300202.0,707431489.0,20774240963.0,0.0019880486643799,601166
2022-09-22,17.04,17.12,17.0,17.05,38809181.0,660977504.0,20774240963.0,0.0018681395420954,601166
2022-09-23,17.02,17.27,17.02,17.1,39098880.0,670485154.0,20774240963.0,0.0018820846484662,601166
2022-09-26,17.03,17.16,16.73,16.75,64354563.0,1089173365.0,20774240963.0,0.0030978057448461,601166
2022-09-27,16.78,16.89,16.6,16.81,58140418.0,973579482.0,20774240963.0,0.0027986783297426,601166
2022-09-28,16.77,16.97,16.61,16.84,53990966.0,908294274.0,20774240963.0,0.0025989380837625,601166
2022-09-29,16.93,16.96,16.49,16.54,74047815.0,1233329548.0,20774243773.0,0.0035644048375055,601166
2022-09-30,16.57,16.77,16.54,16.65,47049619.0,783686181.0,20774243773.0,0.0022648053769904,601166
2022-10-10,16.6,16.74,16.46,16.49,50486164.0,837803576.0,20774243773.0,0.0024302287270555,601166
2022-10-11,16.58,16.6,16.31,16.33,42370592.0,696264698.0,20774243773.0,0.0020395732553725,601166
2022-10-12,16.35,16.5,16.1,16.48,54468117.0,886002684.0,20774243773.0,0.002621906125449,601166
2022-10-13,16.41,16.48,16.16,16.3,55671222.0,905075762.0,20774243773.0,0.0026798194248762,601166
2022-10-14,16.41,16.64,16.4,16.51,52178155.0,863769293.0,20774243773.0,0.0025116753018858,601166
2022-10-17,16.45,16.61,16.42,16.53,38282400.0,632374239.0,20774243773.0,0.0018427818802124,601166
2022-10-18,16.63,16.71,16.51,16.56,47707277.0,790642689.0,20774244053.0,0.0022964627198124,601166
2022-10-19,16.5,16.59,16.15,16.15,73276439.0,1194968511.0,20774244053.0,0.0035272734263184,601166
2022-10-20,16.13,16.19,16.03,16.09,60001398.0,965483060.0,20774244053.0,0.002888259031083,601166
2022-10-21,16.11,16.21,15.97,15.99,49671290.0,797771429.0,20774244053.0,0.0023910034884194,601166
2022-10-24,15.99,16.05,15.26,15.3,115742776.0,1799947778.0,20774244053.0,0.0055714554861641,601166
2022-10-25,15.43,15.53,15.28,15.36,72339225.0,1113709655.0,20774244053.0,0.0034821591974873,601166
2022-10-26,15.36,15.48,15.18,15.23,58575358.0,897518627.0,20774244053.0,0.0028196144153578,601166
2022-10-27,15.29,15.44,15.24,15.25,46296604.0,708788423.0,20774244053.0,0.0022285578181274,601166
2022-10-28,15.22,15.33,15.01,15.06,56847080.0,860459133.0,20774244053.0,0.0027364211113997,601166
2022-10-31,15.0,15.15,14.91,15.03,57649386.0,865894098.0,20774244053.0,0.002775041337385,601166
2022-11-01,15.1,15.44,15.09,15.42,67425808.0,1029060225.0,20774244053.0,0.0032456443578876,601166
2022-11-02,15.32,15.4,15.2,15.35,59825870.0,914850976.0,20774244053.0,0.0028798097224317,601166
2022-11-03,15.27,15.3,15.09,15.14,45861708.0,695721240.0,20774244053.0,0.0022076234342388,601166
2022-11-04,15.1,15.5,15.09,15.43,74838892.0,1151835521.0,20774244053.0,0.0036024844903654,601166
2022-11-07,15.35,15.57,15.3,15.47,51367557.0,793695538.0,20774244053.0,0.0024726558939497,601166
2022-11-08,15.46,15.51,15.36,15.45,36794654.0,567525615.0,20774244053.0,0.0017711669269951,601166
2022-11-09,15.45,15.59,15.43,15.49,38886619.0,603370128.0,20774244053.0,0.0018718668607527,601166
2022-11-10,15.42,15.6,15.39,15.56,38041633.0,589875786.0,20774244053.0,0.0018311921677124,601166
2022-11-11,15.84,16.42,15.7,16.15,126808708.0,2033447365.0,20774244053.0,0.0061041310420962,601166
2022-11-14,16.5,17.01,16.5,16.67,195100127.0,3282761689.0,20774244053.0,0.0093914429089334,601166
2022-11-15,16.6,16.89,16.56,16.7,70512248.0,1179052280.0,20774244053.0,0.0033942148662597,601166
2022-11-16,16.65,16.67,16.5,16.51,62327634.0,1032992648.0,20774244053.0,0.0030002359576111,601166
2022-11-17,16.44,16.5,16.23,16.38,49463307.0,809358371.0,20774244053.0,0.0023809919087215,601166
2022-11-18,16.43,16.45,16.18,16.22,44956095.0,731431585.0,20774244053.0,0.0021640303678587,601166
2022-11-21,16.14,16.14,15.84,16.11,58095365.0,928643319.0,20774244053.0,0.0027965092184237,601166
2022-11-22,16.12,16.61,16.11,16.51,73366313.0,1203429824.0,20774244053.0,0.00353159964872,601166
2022-11-23,16.52,16.86,16.47,16.7,73280456.0,1224282308.0,20774244053.0,0.0035274667907551,601166
2022-11-24,16.75,16.92,16.57,16.62,43934522.0,734363839.0,20774244053.0,0.002114855389583,601166
2022-11-25,16.62,17.09,16.6,17.01,95685603.0,1621708705.0,20774244053.0,0.0046059727976567,601166
2022-11-28,16.77,16.79,16.5,16.73,75029946.0,1248283908.0,20774244053.0,0.003611681166765,601166
2022-11-29,17.01,18.05,17.01,17.81,265228784.0,4672633552.0,20774244053.0,0.0127671930359217,601166
2022-11-30,17.68,18.03,17.6,17.7,106087823.0,1889077396.0,20774244053.0,0.0051066995616949,601166
2022-12-01,18.01,18.06,17.48,17.53,75783777.0,1342542640.0,20774244053.0,0.00364796797451,601166
2022-12-02,17.49,17.59,17.05,17.41,102971374.0,1778911671.0,20774244053.0,0.004956684524226,601166
2022-12-05,17.61,17.95,17.5,17.91,106446361.0,1894932937.0,20774244053.0,0.0051239583365069,601166
2022-12-06,17.8,17.89,17.64,17.79,65130145.0,1155846332.0,20774244053.0,0.0031351391094586,601166
2022-12-07,17.74,17.82,17.53,17.58,58930763.0,1041098562.0,20774244053.0,0.0028367223784246,601166
2022-12-08,17.58,17.79,17.51,17.74,50580038.0,893637410.0,20774244053.0,0.0024347474628178,601166
2022-12-09,17.79,18.14,17.72,18.0,109151477.0,1960364151.0,20774244053.0,0.0052541732311187,601166
2022-12-12,17.9,17.92,17.47,17.53,64181826.0,1134922252.0,20774244053.0,0.0030894903244737,601166
2022-12-13,17.52,17.79,17.51,17.7,52345418.0,926413010.0,20774244053.0,0.0025197267282724,601166
2022-12-14,17.8,17.82,17.54,17.76,47397464.0,838246053.0,20774244053.0,0.0022815493973729,601166
2022-12-15,17.65,17.75,17.42,17.56,41954876.0,737740889.0,20774244053.0,0.0020195621026191,601166
2022-12-16,17.48,17.78,17.45,17.65,65734481.0,1159691687.0,20774244053.0,0.0031642297468103,601166
2022-12-19,17.67,17.75,17.22,17.33,64957315.0,1133395114.0,20774244053.0,0.0031268196731625,601166
2022-12-20,17.26,17.42,16.86,16.98,86677289.0,1480337675.0,20774244053.0,0.0041723438301228,601166
2022-12-21,17.01,17.18,16.94,17.11,37440246.0,640056953.0,20774244053.0,0.0018022434849846,601166
2022-12-22,17.26,17.36,17.18,17.26,31519235.0,544590590.0,20774244053.0,0.0015172265676472,601166
2022-12-23,17.16,17.37,17.14,17.25,34497738.0,595257432.0,20774244053.0,0.0016606013634954,601166
2022-12-26,17.25,17.39,17.05,17.16,38400959.0,661952682.0,20774244053.0,0.0018484888741092,601166
2022-12-27,17.32,17.62,17.3,17.43,44548710.0,779816387.0,20774244053.0,0.0021444202680177,601166
2022-12-28,17.54,17.75,17.45,17.61,41220173.0,725928498.0,20774244053.0,0.0019841960503996,601166
2022-12-29,17.52,17.64,17.29,17.44,40888616.0,711617403.0,20774244053.0,0.0019682360472748,601166
2022-12-30,17.5,17.68,17.39,17.59,50305759.0,884613469.0,20774252928.0,0.0024215435892857,601166
2023-01-03,17.5,17.85,17.33,17.77,77028519.0,1359924064.0,20774252928.0,0.0037078839497606,601166
2023-01-04,17.81,18.27,17.76,18.07,96829953.0,1751473287.0,20774252928.0,0.0046610558432881,601166
2023-01-05,18.18,18.23,17.98,18.09,63723304.0,1153854278.0,20774252928.0,0.0030674173565159,601166
2023-01-06,18.06,18.16,17.9,18.1,52833121.0,952991090.0,20774252928.0,0.0025432019713589,601166
2023-01-09,18.12,18.2,18.0,18.08,40143966.0,727009534.0,20774252928.0,0.0019323903554622,601166
2023-01-10,18.05,18.18,17.75,17.78,65541334.0,1174843861.0,20774252928.0,0.0031549309728323,601166
2023-01-11,17.83,18.13,17.79,17.98,62438477.0,1125270868.0,20774252928.0,0.0030055702708733,601166
2023-01-12,18.07,18.08,17.88,18.05,36599957.0,657691463.0,20774252928.0,0.0017617941365616,601166
2023-01-13,18.07,18.23,18.0,18.23,54758258.0,993531259.0,20774252928.0,0.0026358713446776,601166
2023-01-16,18.25,18.47,18.13,18.23,74263687.0,1358370789.0,20774252928.0,0.0035747945910442,601166
2023-01-17,18.18,18.29,18.07,18.2,52437404.0,952057405.0,20774252928.0,0.0025241535366753,601166
2023-01-18,18.2,18.25,18.03,18.04,49003124.0,887000983.0,20774252928.0,0.002358839288702,601166
2023-01-19,18.0,18.11,17.87,18.07,58636494.0,1053867124.0,20774252928.0,0.0028225560843619,601166
2023-01-20,18.08,18.08,17.88,17.96,63690125.0,1142205918.0,20774261325.0,0.0030658189960937,601166
2023-01-30,18.18,18.2,17.88,17.9,78427772.0,1412227084.0,20774261325.0,0.0037752375775507,601166
2023-01-31,17.86,17.98,17.55,17.62,110395347.0,1958029605.0,20774261325.0,0.0053140443971959,601166
2023-02-01,17.67,17.72,17.36,17.5,107198614.0,1872668702.0,20774261325.0,0.0051601648945753,601166
2023-02-02,17.52,17.54,17.36,17.41,69631114.0,1211859025.0,20774261325.0,0.0033517973472397,601166
2023-02-03,17.35,17.37,17.19,17.26,60487695.0,1043537122.0,20774261325.0,0.0029116652598958,601166
2023-02-06,17.18,17.19,17.04,17.15,62947089.0,1076055660.0,20774261325.0,0.0030300518519158,601166
2023-02-07,17.13,17.24,17.12,17.17,45888199.0,788330236.0,20774261325.0,0.0022088967825189,601166
2023-02-08,17.2,17.22,17.1,17.11,37129639.0,636739273.0,20774261325.0,0.0017872904561625,601166
2023-02-09,17.09,17.27,17.07,17.19,49365015.0,848427639.0,20774261325.0,0.0023762584973644,601166
2023-02-10,17.19,17.22,17.1,17.19,36762662.0,630824899.0,20774261325.0,0.0017696254718698,601166
2023-02-13,17.13,17.14,16.92,16.95,101147162.0,1718575366.0,20774261325.0,0.0048688692424542,601166
2023-02-14,17.0,17.05,16.95,17.05,50065918.0,850822367.0,20774261325.0,0.0024099975068547,601166
2023-02-15,17.01,17.05,16.94,16.96,42040179.0,713585730.0,20774261325.0,0.002023666610442,601166
2023-02-16,16.97,17.18,16.83,16.97,73448830.0,1252769422.0,20774261325.0,0.0035355687911565,601166
2023-02-17,16.96,17.01,16.69,16.71,78870324.0,1329734770.0,20774261325.0,0.0037965404769933,601166
2023-02-20,16.76,17.16,16.69,17.14,92817655.0,1574087199.0,20774261325.0,0.0044679160210766,601166
2023-02-21,17.1,17.24,17.08,17.21,56488558.0,970061815.0,20774261325.0,0.0027191608460234,601166
2023-02-22,17.14,17.19,17.03,17.04,38719134.0,662118566.0,20774261325.0,0.0018638031646114,601166
2023-02-23,17.07,17.18,17.03,17.05,34849771.0,595431348.0,20774261325.0,0.0016775456154516,601166
2023-02-24,17.04,17.05,16.89,16.9,49447790.0,837087756.0,20774261325.0,0.0023802429952343,601166
2023-02-27,16.85,16.96,16.81,16.82,30037674.0,506555361.0,20774261325.0,0.0014459081615504,601166
2023-02-28,16.86,16.93,16.75,16.91,48948693.0,823654335.0,20774261325.0,0.002356218218026,601166
2023-03-01,16.92,17.2,16.91,17.16,83732620.0,1433857105.0,20774261325.0,0.0040305943345015,601166
2023-03-02,17.15,17.24,17.05,17.18,45167796.0,775254765.0,20774261325.0,0.0021742191114946,601166
2023-03-03,17.24,17.34,17.16,17.31,81118023.0,1398926017.0,20774261325.0,0.0039047368149923,601166
2023-03-06,17.33,17.39,16.96,16.98,98057248.0,1675051988.0,20774261325.0,0.0047201316314432,601166
2023-03-07,17.03,17.39,16.92,17.0,138353832.0,2375703942.0,20774261325.0,0.0066598677004945,601166
2023-03-08,16.92,16.94,16.81,16.91,70499344.0,1188970069.0,20774261325.0,0.0033935908910108,601166
2023-03-09,16.92,17.04,16.83,16.83,54296946.0,917201317.0,20774261325.0,0.0026136643392782,601166
2023-03-10,16.72,16.81,16.6,16.6,73761028.0,1229916086.0,20774261325.0,0.0035505969067229,601166
2023-03-13,16.57,16.7,16.51,16.56,61336282.0,1016627883.0,20774261325.0,0.0029525132586152,601166
2023-03-14,16.5,16.63,16.4,16.49,52766938.0,869657502.0,20774261325.0,0.0025400151261455,601166
2023-03-15,16.62,16.7,16.56,16.58,45307885.0,753062037.0,20774261325.0,0.0021809625040903,601166
2023-03-16,16.5,16.87,16.46,16.68,64070685.0,1069534086.0,20774261325.0,0.0030841378183154,601166
2023-03-17,16.77,16.95,16.65,16.72,80220701.0,1348082975.0,20774261325.0,0.0038615428844856,601166
2023-03-20,16.74,16.88,16.61,16.62,54625299.0,914122997.0,20774261325.0,0.0026294700998231,601166
2023-03-21,16.68,16.81,16.57,16.62,49033060.0,815966668.0,20774261325.0,0.0023602793491864,601166
2023-03-22,16.68,16.84,16.65,16.77,49460572.0,828363332.0,20774261325.0,0.0023808582758357,601166
2023-03-23,16.66,16.88,16.66,16.87,60966210.0,1023353678.0,20774261325.0,0.0029346992918892,601166
2023-03-24,16.85,16.88,16.72,16.78,37820612.0,635351703.0,20774261325.0,0.001820551470318,601166
2023-03-27,16.8,16.81,16.6,16.63,49056854.0,816713821.0,20774261325.0,0.0023614247088036,601166
2023-03-28,16.69,16.82,16.64,16.69,46376762.0,774944437.0,20774261325.0,0.0022324144899529,601166
2023-03-29,16.79,16.79,16.59,16.6,43457832.0,722994470.0,20774261325.0,0.0020919074483626,601166
2023-03-30,16.63,16.84,16.57,16.82,54101041.0,903713433.0,20774261325.0,0.0026042341604172,601166
2023-03-31,16.86,17.04,16.84,16.89,77909059.0,1319393297.0,20774263656.0,0.0037502681341727,601166
2023-04-03,16.88,16.93,16.82,16.89,48852654.0,824151372.0,20774263656.0,0.0023515949739037,601166
2023-04-04,16.89,17.02,16.85,17.0,48571831.0,823750240.0,20774263656.0,0.0023380771421937,601166
2023-04-06,16.98,17.01,16.9,16.92,37331576.0,632411758.0,20774263656.0,0.001797010792689,601166
2023-04-07,16.94,17.04,16.93,16.97,34667087.0,588824346.0,20774263656.0,0.0016687516618663,601166
2023-04-10,16.97,17.07,16.96,17.05,41069439.0,699520205.0,20774263656.0,0.0019769383733674,601166
2023-04-11,17.09,17.14,16.97,16.99,43962705.0,749371364.0,20774263656.0,0.0021162100244791,601166
2023-04-12,17.04,17.06,16.96,16.98,43865184.0,745461442.0,20774263656.0,0.0021115157064703,601166
2023-04-13,16.97,17.14,16.9,17.07,56984509.0,969599586.0,20774263656.0,0.0027430338780523,601166
2023-04-14,17.09,17.22,17.04,17.11,55872768.0,956967311.0,20774263656.0,0.0026895185757336,601166
2023-04-17,17.12,17.32,17.06,17.32,91104137.0,1565941126.0,20774263656.0,0.0043854327887904,601166
2023-04-18,17.32,17.61,17.29,17.41,108876713.0,1898479854.0,20774263656.0,0.0052409421004221,601166
2023-04-19,17.44,17.49,17.31,17.37,81650024.0,1421240946.0,20774263656.0,0.003930345034223,601166
2023-04-20,17.38,17.48,17.24,17.39,65408641.0,1135254963.0,20774263656.0,0.0031485419691931,601166
2023-04-21,17.4,17.46,17.08,17.11,94132215.0,1622540909.0,20774263656.0,0.0045311938155176,601166
2023-04-24,17.1,17.17,16.91,16.93,87628177.0,1490311181.0,20774263656.0,0.0042181122975538,601166
2023-04-25,16.96,17.29,16.96,17.27,99523422.0,1707072535.0,20774263656.0,0.0047907075623956,601166
2023-04-26,17.3,17.38,17.06,17.25,79257780.0,1363209399.0,20774263656.0,0.0038151908203547,601166
2023-04-27,17.19,17.24,17.0,17.14,82470090.0,1410709848.0,20774263656.0,0.0039698201277127,601166
2023-04-28,17.12,17.4,17.09,17.22,84821919.0,1463009669.0,20774263656.0,0.0040830289055998,601166
2023-05-04,16.48,16.78,16.31,16.76,268637302.0,4451167465.0,20774263656.0,0.0129312550590649,601166
2023-05-05,16.8,17.37,16.8,17.13,177559199.0,3046342467.0,20774263656.0,0.0085470754554863,601166
2023-05-08,17.21,17.78,17.17,17.63,210221875.0,3687354529.0,20774263656.0,0.0101193418202952,601166
2023-05-09,17.77,17.94,17.5,17.56,162764275.0,2880983733.0,20774263656.0,0.0078348998402641,601166
2023-05-10,17.52,17.6,17.27,17.31,101629256.0,1769991052.0,20774263656.0,0.0048920750060206,601166
2023-05-11,17.37,17.47,17.21,17.25,59573761.0,1030718256.0,20774263656.0,0.0028676713642648,601166
2023-05-12,17.27,17.3,17.0,17.03,76544145.0,1308713033.0,20774263656.0,0.0036845659739132,601166
2023-05-15,17.02,17.2,16.92,17.15,89421697.0,1523324156.0,20774263656.0,0.0043044460434665,601166
2023-05-16,17.2,17.4,17.18,17.24,82194222.0,1420712984.0,20774263656.0,0.0039565408122785,601166
2023-05-17,17.2,17.37,17.11,17.14,66385963.0,1143948637.0,20774263656.0,0.0031955868135343,601166
2023-05-18,17.22,17.37,17.13,17.18,73944324.0,1274997622.0,20774263656.0,0.0035594197332064,601166
2023-05-19,17.15,17.16,17.02,17.04,53757176.0,917858584.0,20774263656.0,0.0025876814163025,601166
2023-05-22,17.06,17.17,17.03,17.08,54853093.0,937462046.0,20774263656.0,0.0026404350069061,601166
2023-05-23,17.08,17.14,16.95,16.95,68113073.0,1160360397.0,20774263656.0,0.0032787238155768,601166
2023-05-24,16.95,16.99,16.72,16.72,78090209.0,1314186637.0,20774263656.0,0.0037589880581613,601166
2023-05-25,16.72,16.73,16.6,16.67,53886898.0,897366515.0,20774263656.0,0.0025939257772169,601166
2023-05-26,16.7,16.79,16.6,16.78,45340394.0,757019515.0,20774263656.0,0.0021825271283155,601166
2023-05-29,16.8,16.85,16.66,16.75,51893003.0,868418986.0,20774263656.0,0.0024979466834201,601166
2023-05-30,16.77,16.79,16.54,16.69,54731703.0,910880063.0,20774263656.0,0.0026345917191723,601166
2023-05-31,16.65,16.69,16.54,16.56,47247477.0,783559806.0,20774263656.0,0.0022743273977055,601166
2023-06-01,16.58,16.63,16.5,16.55,50070486.0,828258380.0,20774263656.0,0.0024102171238949,601166
2023-06-02,16.6,16.71,16.58,16.7,52399235.0,872834913.0,20774263656.0,0.0025223149117425,601166
2023-06-05,16.7,16.8,16.65,16.73,30794734.0,514657331.0,20774263656.0,0.00148235020552,601166
2023-06-06,16.73,16.95,16.71,16.74,53838988.0,906165233.0,20774263656.0,0.0025916195582917,601166
2023-06-07,16.75,16.9,16.74,16.81,36262150.0,609961170.0,20774263656.0,0.0017455323856702,601166
2023-06-08,16.85,17.09,16.78,17.08,66719860.0,1131673938.0,20774263656.0,0.0032116594409703,601166
2023-06-09,17.07,17.17,17.02,17.1,57189070.0,978557036.0,20774263656.0,0.0027528807252565,601166
2023-06-12,17.09,17.11,16.94,16.94,48736149.0,828650803.0,20774263656.0,0.0023459868328918,601166
2023-06-13,17.0,17.08,16.95,17.01,42162900.0,717093223.0,20774276925.0,0.0020295724444329,601166
2023-06-14,17.07,17.11,16.89,16.9,57660970.0,980173789.0,20774276925.0,0.0027755945589908,601166
2023-06-15,16.96,17.02,16.85,17.0,48579432.0,823408275.0,20774276925.0,0.0023384415339885,601166
2023-06-16,17.03,17.09,16.97,16.99,75291160.0,1281164147.0,20774276925.0,0.0036242493672255,601166
2023-06-19,15.93,15.98,15.77,15.79,86186561.0,1366748097.0,20774276925.0,0.0041487153228559,601166
2023-06-20,15.8,15.87,15.78,15.78,36927385.0,584005568.0,20774276925.0,0.0017775533239167,601166
2023-06-21,15.79,15.92,15.77,15.77,34064813.0,539180612.0,20774276925.0,0.0016397592620422,601166
2023-06-26,15.76,15.76,15.53,15.61,50297130.0,784831137.0,20774276925.0,0.0024211254226361,601166
2023-06-27,15.61,15.73,15.61,15.68,23731393.0,371638051.0,20774276925.0,0.0011423450782752,601166
2023-06-28,15.68,15.72,15.6,15.69,25268018.0,395621782.0,20774276925.0,0.0012163127550106,601166
2023-06-29,15.69,15.69,15.55,15.55,28313339.0,441642934.0,20774276925.0,0.001362903705492,601166
2023-06-30,15.56,15.71,15.55,15.65,25575756.0,400485457.0,20774280606.0,0.0012311259525691,601166
2023-07-03,15.68,15.86,15.66,15.83,36535267.0,576978602.0,20774280606.0,0.0017586778427094,601166
2023-07-04,15.83,15.83,15.64,15.68,33849311.0,531834343.0,20774280606.0,0.0016293854714864,601166
2023-07-05,15.67,15.69,15.59,15.6,28021847.0,437673986.0,20774280606.0,0.0013488720755946,601166
2023-07-06,15.58,15.63,15.52,15.56,34527686.0,537362227.0,20774280606.0,0.0016620400318472,601166
2023-07-07,15.54,15.6,15.51,15.52,21874106.0,339823094.0,20774280606.0,0.0010529416837511,601166
2023-07-10,15.56,15.59,15.43,15.46,32177756.0,498025975.0,20774280606.0,0.0015489227574362,601166
2023-07-11,15.5,15.55,15.44,15.48,27286366.0,422308439.0,20774280606.0,0.0013134686354491,601166
2023-07-12,15.49,15.59,15.48,15.51,26412522.0,410178481.0,20774280606.0,0.0012714048924693,601166
2023-07-13,15.56,15.68,15.53,15.68,37656227.0,588620151.0,20774280606.0,0.0018126368712437,601166
2023-07-14,15.65,15.73,15.65,15.68,27139769.0,425736505.0,20774280606.0,0.0013064119771329,601166
2023-07-17,15.63,15.63,15.55,15.59,23597756.0,367538758.0,20774280606.0,0.001135912065864,601166
2023-07-18,15.61,15.63,15.54,15.56,24397233.0,380030641.0,20774280606.0,0.001174396045895,601166
2023-07-19,15.55,15.75,15.54,15.72,36682759.0,573986831.0,20774280606.0,0.0017657775831431,601166
2023-07-20,15.77,15.88,15.74,15.79,41550119.0,657197164.0,20774280606.0,0.0020000749863751,601166
2023-07-21,15.75,15.84,15.74,15.78,33844678.0,534153331.0,20774280606.0,0.0016291624553403,601166
2023-07-24,15.71,15.77,15.65,15.66,24438765.0,383483524.0,20774280606.0,0.0011763952486971,601166
2023-07-25,15.77,15.95,15.77,15.94,66267305.0,1052154122.0,20774280606.0,0.0031898724320138,601166
2023-07-26,15.89,15.98,15.87,15.95,30636026.0,487624367.0,20774280606.0,0.0014747093572593,601166
2023-07-27,15.98,16.13,15.94,16.0,47705065.0,765329154.0,20774280606.0,0.0022963522012994,601166
2023-07-28,15.96,16.54,15.95,16.49,110767423.0,1812479658.0,20774280606.0,0.0053319498807582,601166
2023-07-31,16.56,16.84,16.52,16.66,104972147.0,1751009980.0,20774280606.0,0.0050529859007335,601166
2023-08-01,16.61,16.73,16.57,16.63,51733410.0,860695951.0,20774280606.0,0.0024902624057681,601166
2023-08-02,16.54,16.57,16.25,16.36,69439035.0,1137811623.0,20774280606.0,0.0033425482363006,601166
2023-08-03,16.3,16.55,16.27,16.51,39935339.0,655689239.0,20774280606.0,0.0019223452189466,601166
2023-08-04,16.61,16.8,16.52,16.56,59700098.0,994437785.0,20774280606.0,0.0028737504384511,601166
2023-08-07,16.54,16.59,16.45,16.5,42290922.0,697968247.0,20774280606.0,0.0020357346086769,601166
2023-08-08,16.45,16.55,16.36,16.45,38744045.0,636824328.0,20774280606.0,0.0018650005617431,601166
2023-08-09,16.41,16.54,16.4,16.5,28029972.0,462405149.0,20774280606.0,0.001349263184204,601166
2023-08-10,16.43,16.55,16.34,16.44,36196496.0,594480927.0,20774280606.0,0.001742370611358,601166
2023-08-11,16.44,16.54,16.1,16.1,53869735.0,875790395.0,20774280606.0,0.0025930974950074,601166
2023-08-14,16.02,16.02,15.91,15.96,45119270.0,720359059.0,20774280606.0,0.0021718812244679,601166
2023-08-15,15.98,16.09,15.91,16.05,37805693.0,604764054.0,20774280606.0,0.0018198316330184,601166
2023-08-16,16.0,16.12,15.95,16.08,27651698.0,443856220.0,20774280606.0,0.0013310544188959,601166
2023-08-17,16.0,16.06,15.92,16.02,40692598.0,650055651.0,20774280606.0,0.0019587969745747,601166
2023-08-18,15.99,16.17,15.94,15.94,36762730.0,590319362.0,20774280606.0,0.0017696271027253,601166
2023-08-21,15.95,15.99,15.7,15.7,52584499.0,831530555.0,20774280606.0,0.0025312308039592,601166
2023-08-22,15.71,15.97,15.71,15.92,53463383.0,848125181.0,20774280606.0,0.0025735371546179,601166
2023-08-23,15.87,16.09,15.87,15.91,50385876.0,805560230.0,20774280606.0,0.0024253969105167,601166
2023-08-24,15.94,15.98,15.76,15.93,37466456.0,595111670.0,20774280606.0,0.001803501970084,601166
2023-08-25,15.87,16.12,15.86,16.01,46067400.0,736990741.0,20774280606.0,0.0022175208313444,601166
2023-08-28,16.56,16.67,16.13,16.2,106985173.0,1751256050.0,20774280606.0,0.0051498858145345,601166
2023-08-29,16.19,16.25,15.95,16.0,78311653.0,1256147931.0,20774280606.0,0.0037696445179132,601166
2023-08-30,16.0,16.01,15.78,15.79,66316645.0,1050903080.0,20774280606.0,0.0031922474841726,601166
2023-08-31,15.84,16.05,15.8,15.81,62864690.0,1000128381.0,20774280606.0,0.0030260826447989,601166
2023-09-01,15.88,16.11,15.86,15.94,50323638.0,804511919.0,20774280606.0,0.0024224009945001,601166
2023-09-04,16.04,16.34,16.0,16.24,79346864.0,1286080740.0,20774280606.0,0.0038194758944905,601166
2023-09-05,16.19,16.24,16.13,16.17,41221928.0,667081004.0,20774280606.0,0.0019842770386038,601166
2023-09-06,16.11,16.31,16.1,16.29,35860715.0,582258137.0,20774280606.0,0.0017262073079749,601166
2023-09-07,16.26,16.31,16.19,16.2,30692377.0,498901464.0,20774280606.0,0.0014774218940286,601166
2023-09-08,16.2,16.21,16.08,16.16,24055167.0,387898864.0,20774280606.0,0.0011579302049598,601166
2023-09-11,16.16,16.25,16.1,16.21,38073935.0,616435185.0,20774280606.0,0.001832743849094,601166
2023-09-12,16.21,16.25,16.15,16.17,24053001.0,389786975.0,20774280606.0,0.0011578259414216,601166
2023-09-13,16.25,16.31,16.12,16.17,35866578.0,581015185.0,20774280606.0,0.0017264895319475,601166
2023-09-14,16.23,16.27,16.15,16.26,41047866.0,665897038.0,20774280606.0,0.0019758983128467,601166
2023-09-15,16.27,16.3,16.02,16.1,63526058.0,1025705202.0,20774280606.0,0.0030579185486525,601166
2023-09-18,16.08,16.15,16.01,16.14,30893069.0,497399761.0,20774280606.0,0.0014870824932959,601166
2023-09-19,16.1,16.22,16.08,16.22,38348704.0,620261889.0,20774280606.0,0.0018459702517411,601166
2023-09-20,16.22,16.26,16.12,16.22,33216987.0,538660265.0,20774280606.0,0.0015989476425193,601166
2023-09-21,16.22,16.24,16.12,16.15,34731658.0,561946183.0,20774280606.0,0.0016718585186516,601166
2023-09-22,16.18,16.38,16.14,16.37,67368192.0,1097384873.0,20774280606.0,0.003242865217703,601166
2023-09-25,16.34,16.43,16.3,16.37,44973895.0,736315968.0,20774280606.0,0.0021648833888866,601166
2023-09-26,16.36,16.41,16.32,16.35,26309769.0,430315568.0,20774280606.0,0.0012664587284144,601166
2023-09-27,16.38,16.38,16.24,16.25,35002701.0,570131385.0,20774280606.0,0.0016849055649075,601166
2023-09-28,16.31,16.38,16.28,16.29,34307210.0,560435126.0,20774289934.0,0.001651426359649,601166
2023-10-09,16.24,16.29,16.13,16.22,48000922.0,777799241.0,20774289934.0,0.0023105926677878,601166
2023-10-10,16.3,16.37,16.18,16.18,31602068.0,513930708.0,20774289934.0,0.001521210501076,601166
2023-10-11,16.31,16.32,16.15,16.16,33789228.0,547590591.0,20774289934.0,0.0016264925591848,601166
2023-10-12,16.35,16.38,16.26,16.34,38028284.0,620925003.0,20774289934.0,0.0018305455503324,601166
2023-10-13,16.25,16.34,16.2,16.27,32964060.0,536409783.0,20774289934.0,0.0015867719236001,601166
2023-10-16,16.28,16.3,16.16,16.2,27935060.0,452702750.0,20774289934.0,0.0013446938542183,601166
2023-10-17,16.23,16.32,16.2,16.22,27816970.0,452010410.0,20774289934.0,0.0013390094240705,601166
2023-10-18,16.22,16.28,16.17,16.17,36329100.0,588893652.0,20774289934.0,0.0017487529111905,601166
2023-10-19,16.15,16.16,15.83,15.85,70716632.0,1128636413.0,20774289934.0,0.0034040456845777,601166
2023-10-20,15.83,15.91,15.72,15.79,49468319.0,781926905.0,20774289934.0,0.0023812279099387,601166
2023-10-23,15.79,15.85,15.64,15.74,39945248.0,629264987.0,20774289934.0,0.0019228213395936,601166
2023-10-24,15.79,15.81,15.66,15.67,50391757.0,791284458.0,20774289934.0,0.0024256789117748,601166
2023-10-25,15.79,15.79,15.51,15.57,69745839.0,1088776354.0,20774289934.0,0.0033573151824482,601166
2023-10-26,15.57,15.74,15.55,15.71,39470695.0,618796601.0,20774289934.0,0.0018999780558275,601166
2023-10-27,15.7,15.84,15.69,15.78,43730256.0,689481311.0,20774289934.0,0.0021050180843211,601166
2023-10-30,15.7,15.74,15.55,15.57,55273712.0,862357301.0,20774289934.0,0.0026606787608916,601166
2023-10-31,15.3,15.3,14.95,15.08,161221468.0,2427542699.0,20774289934.0,0.0077606247198918,601166
2023-11-01,15.07,15.14,14.96,15.11,62440363.0,940598796.0,20774289934.0,0.0030056557022345,601166
2023-11-02,15.12,15.28,15.11,15.25,49222075.0,749046666.0,20774289934.0,0.0023693746046858,601166
2023-11-03,15.26,15.28,15.17,15.2,37363703.0,568410619.0,20774289934.0,0.0017985549984478,601166
2023-11-06,15.23,15.3,15.17,15.27,48059539.0,732851919.0,20774289934.0,0.0023134142804728,601166
2023-11-07,15.27,15.28,15.14,15.19,43735143.0,664441922.0,20774289934.0,0.0021052533270184,601166
2023-11-08,15.18,15.21,15.08,15.13,33658723.0,509797814.0,20774289934.0,0.0016202105153501,601166
2023-11-09,15.11,15.18,15.09,15.12,35555242.0,537702921.0,20774289934.0,0.0017115021554507,601166
2023-11-10,15.1,15.12,14.96,14.98,50355532.0,754939455.0,20774289934.0,0.0024239351698652,601166
2023-11-13,15.0,15.04,14.92,14.96,37219975.0,556381560.0,20774289934.0,0.0017916364466967,601166
2023-11-14,14.95,15.01,14.62,14.72,107111042.0,1578955088.0,20774289934.0,0.00515594238553,601166
2023-11-15,14.77,14.9,14.72,14.85,63220534.0,937760663.0,20774289934.0,0.0030432103432103,601166
2023-11-16,14.85,14.87,14.75,14.77,40511590.0,598861810.0,20774289934.0,0.0019500830174559,601166
2023-11-17,14.74,14.75,14.61,14.71,53440872.0,783632473.0,20774289934.0,0.0025724524000474,601166
2023-11-20,14.74,14.87,14.68,14.85,41340754.0,611378095.0,20774289934.0,0.0019899960061855,601166
2023-11-21,14.88,14.98,14.87,14.89,38754638.0,578667840.0,20774289934.0,0.0018655096334519,601166
2023-11-22,14.86,14.93,14.85,14.85,26860451.0,399846812.0,20774289934.0,0.0012929660212375,601166
2023-11-23,14.85,14.88,14.75,14.83,30682256.0,454258021.0,20774289934.0,0.0014769340419084,601166
2023-11-24,14.82,14.87,14.78,14.81,26514138.0,392909929.0,20774289934.0,0.001276295752309,601166
2023-11-27,14.77,14.82,14.65,14.75,41258127.0,607112285.0,20774289934.0,0.0019860186379932,601166
2023-11-28,14.75,14.84,14.74,14.8,29062517.0,429358690.0,20774289934.0,0.001398965600862,601166
2023-11-29,14.79,14.81,14.49,14.6,68885306.0,1004870911.0,20774289934.0,0.0033158922022773,601166
2023-11-30,14.6,14.67,14.55,14.6,40506558.0,591403704.0,20774290188.0,0.0019498407711373,601166
2023-12-01,14.6,14.67,14.5,14.61,46422167.0,676692633.0,20774290188.0,0.0022345970225647,601166
2023-12-04,14.62,14.69,14.51,14.51,32721652.0,476146829.0,20774290188.0,0.0015751032504061,601166
2023-12-05,14.5,14.51,14.16,14.18,61736609.0,884241174.0,20774290188.0,0.0029717794659314,601166
2023-12-06,14.16,14.25,14.05,14.17,49207193.0,697207011.0,20774290188.0,0.0023686582094835,601166
2023-12-07,14.19,14.19,14.01,14.12,43091132.0,607424368.0,20774290188.0,0.002074252915986,601166
2023-12-08,14.1,14.21,14.09,14.11,35961788.0,508481336.0,20774290188.0,0.0017310718043581,601166
2023-12-11,14.12,14.44,13.95,14.39,56236978.0,796733974.0,20774290188.0,0.0027070469070699,601166
2023-12-12,14.31,14.6,14.3,14.59,52037797.0,755714368.0,20774290188.0,0.002504913358246,601166
2023-12-13,14.58,14.59,14.31,14.34,46038449.0,665999040.0,20774290188.0,0.0022161262109736,601166
2023-12-14,14.41,14.48,14.34,14.34,27337299.0,393738943.0,20774290188.0,0.0013159197620042,601166
2023-12-15,14.39,14.49,14.28,14.31,36636585.0,526493883.0,20774290188.0,0.0017635541175391,601166
2023-12-18,14.29,14.4,14.16,14.36,29304787.0,420029051.0,20774290188.0,0.0014106275947241,601166
2023-12-19,14.33,14.42,14.28,14.4,26319416.0,378101604.0,20774290188.0,0.0012669225163323,601166
2023-12-20,14.41,14.5,14.32,14.33,34085076.0,490814807.0,20774290188.0,0.0016407336034849,601166
2023-12-21,14.3,14.52,14.23,14.48,43500160.0,626636469.0,20774290188.0,0.0020939420604188,601166
2023-12-22,14.51,14.65,14.4,14.62,46937012.0,683353263.0,20774290188.0,0.0022593798187681,601166
2023-12-25,14.6,14.65,14.56,14.61,24810150.0,362600601.0,20774290188.0,0.0011942718511909,601166
2023-12-26,14.62,14.64,14.51,14.56,20460721.0,297788973.0,20774290188.0,0.0009849059012287,601166
2023-12-27,14.56,14.58,14.38,14.52,35006825.0,506882173.0,20774290188.0,0.0016851033023607,601166
2023-12-28,14.52,14.75,14.48,14.74,49900548.0,732191492.0,20774290188.0,0.0024020338383847,601166
2023-12-29,14.73,16.21,14.71,16.21,50335187.0,762993512.0,20774291878.0,0.0024229556076135,601166
2024-01-02,14.92,14.94,14.77,14.83,103228789.0,1531209521.0,20774291878.0,0.0049690641493931,601166
2024-01-03,14.75,14.76,14.6,14.68,76538528.0,1121674839.0,20774291878.0,0.0036842905861476,601166
2024-01-04,14.66,14.71,14.51,14.62,63123105.0,920725273.0,20774291878.0,0.0030385201753542,601166
2024-01-05,14.58,14.98,14.55,14.81,103339237.0,1529703912.0,20774291878.0,0.0049743807205017,601166
2024-01-08,14.73,14.9,14.63,14.7,70545219.0,1039081741.0,20774291878.0,0.0033957941581973,601166
2024-01-09,14.69,14.71,14.59,14.68,48387580.0,709084182.0,20774291878.0,0.0023292047827267,601166
2024-01-10,14.66,14.7,14.61,14.61,32700724.0,478703796.0,20774291878.0,0.0015740957233122,601166
2024-01-11,14.6,14.73,14.52,14.66,41408950.0,606261166.0,20774291878.0,0.0019932785311374,601166
2024-01-12,14.61,14.77,14.6,14.69,34530547.0,507242874.0,20774291878.0,0.001662176848327,601166
2024-01-15,14.64,14.81,14.64,14.73,35798616.0,527160351.0,20774291878.0,0.0017232171479168,601166
2024-01-16,14.71,14.94,14.7,14.93,70489355.0,1044859855.0,20774291878.0,0.0033931050653355,601166
2024-01-17,14.9,15.05,14.81,14.81,87169331.0,1303277271.0,20774291878.0,0.004196019364314,601166
2024-01-18,14.78,15.15,14.55,15.09,110188953.0,1632187994.0,20774291878.0,0.0053041015138855,601166
2024-01-19,15.01,15.17,14.94,15.15,73323536.0,1106222394.0,20774291878.0,0.0035295323869811,601166
2024-01-22,15.14,15.4,15.02,15.2,121534183.0,1856429204.0,20774291878.0,0.0058502202488405,601166
2024-01-23,15.11,15.2,15.0,15.1,61264696.0,924752932.0,20774291878.0,0.002949063022691,601166
2024-01-24,15.2,15.33,15.08,15.3,61540810.0,935500519.0,20774291878.0,0.0029623541616439,601166
2024-01-25,15.35,15.48,15.3,15.47,68883248.0,1062050858.0,20774291878.0,0.0033157928272369,601166
2024-01-26,15.47,15.66,15.44,15.64,91323924.0,1422533468.0,20774291878.0,0.0043960065900832,601166
2024-01-29,15.66,15.85,15.6,15.72,73711099.0,1158690207.0,20774291878.0,0.0035481882815972,601166
2024-01-30,15.67,15.85,15.61,15.65,69753737.0,1097050489.0,20774291878.0,0.0033576950497104,601166
2024-01-31,15.62,15.79,15.58,15.73,69474801.0,1091088491.0,20774291878.0,0.0033442680697855,601166
2024-02-01,15.68,15.77,15.55,15.71,67415823.0,1056715002.0,20774291878.0,0.0032451562438762,601166
2024-02-02,15.75,15.79,15.35,15.71,87771386.0,1375887234.0,20774291878.0,0.0042250001355256,601166
2024-02-05,15.71,15.9,15.58,15.84,113610920.0,1788532466.0,20774291878.0,0.0054688227481926,601166
2024-02-06,15.84,15.92,15.75,15.92,99272051.0,1573462659.0,20774291878.0,0.0047786009546312,601166
2024-02-07,15.97,15.98,15.64,15.97,131455089.0,2082308605.0,20774291878.0,0.0063277771281923,601166
2024-02-08,15.91,16.05,15.82,16.05,88950645.0,1418512812.0,20774291878.0,0.0042817654398222,601166
2024-02-19,16.09,16.19,16.0,16.18,69032036.0,1111668885.0,20774291878.0,0.0033229549486163,601166
2024-02-20,16.16,16.24,16.1,16.2,61476964.0,995065043.0,20774291878.0,0.0029592808438926,601166
2024-02-21,16.2,16.86,16.13,16.67,131680981.0,2187425790.0,20774291878.0,0.0063386507599544,601166
2024-02-22,16.65,16.88,16.6,16.8,71238450.0,1192386568.0,20774291878.0,0.0034291638154675,601166
2024-02-23,16.79,16.99,16.78,16.86,60950141.0,1029934870.0,20774291878.0,0.002933921471689,601166
2024-02-26,16.84,16.84,16.42,16.48,83038757.0,1377716806.0,20774291878.0,0.0039971883271717,601166
2024-02-27,16.41,16.64,16.39,16.55,46945127.0,775387286.0,20774291878.0,0.0022597702619993,601166
2024-02-28,16.55,16.66,16.36,16.53,74848172.0,1238250887.0,20774291878.0,0.0036029229029589,601166
2024-02-29,16.48,16.7,16.46,16.65,66021105.0,1097385683.0,20774291878.0,0.0031780195150678,601166
2024-03-01,16.62,16.65,16.52,16.58,48660308.0,806409194.0,20774291878.0,0.002342332931768,601166
2024-03-04,16.52,16.55,16.38,16.41,54673243.0,898879531.0,20774291878.0,0.0026317740850603,601166
2024-03-05,16.36,16.67,16.32,16.61,70684630.0,1169988932.0,20774291878.0,0.003402504904384,601166
2024-03-06,16.61,16.7,16.5,16.5,47136714.0,782540795.0,20774291878.0,0.0022689925739378,601166
2024-03-07,16.5,16.63,16.46,16.51,41912222.0,692828864.0,20774291878.0,0.0020175042425578,601166
2024-03-08,16.49,16.57,16.43,16.48,34451811.0,567763417.0,20774291878.0,0.0016583867793098,601166
2024-03-11,16.47,16.54,16.39,16.5,41769503.0,687747909.0,20774291878.0,0.0020106342611,601166
2024-03-12,16.48,16.61,16.44,16.49,55479480.0,917102705.0,20774291878.0,0.0026705834463966,601166
2024-03-13,16.48,16.52,16.25,16.31,53270685.0,871129913.0,20774291878.0,0.0025642599667338,601166
2024-03-14,16.28,16.38,16.28,16.29,30954311.0,505216549.0,20774291878.0,0.0014900296569328,601166
2024-03-15,16.33,16.47,16.28,16.39,46085482.0,753946838.0,20774291878.0,0.002218390030844,601166
2024-03-18,16.34,16.44,16.33,16.37,30356993.0,496928565.0,20774291878.0,0.0014612769079338,601166
2024-03-19,16.35,16.37,16.18,16.19,40902730.0,665251988.0,20774291878.0,0.0019689109135563,601166
2024-03-20,16.18,16.3,16.13,16.28,29498542.0,478904463.0,20774291878.0,0.0014199541516617,601166
2024-03-21,16.26,16.43,16.24,16.33,36047562.0,589404375.0,20774291878.0,0.0017352005166623,601166
2024-03-22,16.32,16.36,16.15,16.27,40452348.0,657209406.0,20774291878.0,0.0019472311372903,601166
2024-03-25,16.25,16.38,16.21,16.29,36307260.0,592057459.0,20774291878.0,0.0017477014481754,601166
2024-03-26,16.33,16.48,16.33,16.46,49830221.0,817632036.0,20774291878.0,0.0023986483531007,601166
2024-03-27,16.48,16.69,16.44,16.59,55953010.0,927670325.0,20774291878.0,0.0026933774844693,601166
2024-03-28,16.55,16.57,16.22,16.25,83313962.0,1361216366.0,20774291878.0,0.0040104357101206,601166
2024-03-29,15.72,15.93,15.54,15.78,116006765.0,1827805865.0,20774297994.0,0.0055841485008785,601166
2024-04-01,15.8,16.08,15.77,15.83,92634216.0,1475593666.0,20774297994.0,0.0044590780408923,601166
2024-04-02,15.82,15.89,15.52,15.59,115895736.0,1813352671.0,20774297994.0,0.0055788039640845,601166
2024-04-03,15.54,15.56,15.35,15.41,84029126.0,1297308590.0,20774297994.0,0.0040448599526332,601166
2024-04-08,15.38,15.53,15.31,15.48,67248577.0,1039260091.0,20774297994.0,0.0032371046674801,601166
2024-04-09,15.48,15.6,15.45,15.46,54899509.0,850765779.0,20774297994.0,0.0026426649418361,601166
2024-04-10,15.47,15.86,15.47,15.72,92392314.0,1449679163.0,20774297994.0,0.0044474337485042,601166
2024-04-11,15.66,15.71,15.52,15.65,48658125.0,759961021.0,20774297994.0,0.0023422271604101,601166
2024-04-12,15.61,15.74,15.47,15.49,61581523.0,960877560.0,20774297994.0,0.0029643130669342,601166
2024-04-15,15.5,15.81,15.49,15.77,71011418.0,1116502928.0,20774297994.0,0.0034182343018526,601166
2024-04-16,15.71,16.03,15.71,15.93,92468184.0,1468990593.0,20774297994.0,0.0044510858574718,601166
2024-04-17,15.91,16.2,15.74,16.18,90993603.0,1454346980.0,20774297994.0,0.0043801048308,601166
2024-04-18,16.13,16.5,16.11,16.3,89205299.0,1456591819.0,20774297994.0,0.0042940223070721,601166
2024-04-19,16.25,16.39,16.16,16.18,52572297.0,853968808.0,20774297994.0,0.0025306413249287,601166
2024-04-22,16.23,16.43,16.07,16.13,54080994.0,875640308.0,20774297994.0,0.0026032645731576,601166
2024-04-23,16.19,16.23,15.98,16.0,54571146.0,878090658.0,20774297994.0,0.0026268587278261,601166
2024-04-24,16.06,16.06,15.88,15.91,42414530.0,675628196.0,20774297994.0,0.0020416829493949,601166
2024-04-25,15.9,16.17,15.87,16.17,54800467.0,880060483.0,20774297994.0,0.0026378974161161,601166
2024-04-26,16.17,16.48,16.17,16.43,126849508.0,2081038687.0,20774297994.0,0.0061060791578438,601166
2024-04-29,16.43,16.85,16.39,16.74,110108449.0,1840493578.0,20774297994.0,0.0053002247792826,601166
2024-04-30,16.74,16.9,16.68,16.85,77094529.0,1297231161.0,20774297994.0,0.0037110533902164,601166
2024-05-06,17.0,17.08,16.81,16.82,80591839.0,1365442097.0,20774297994.0,0.0038794013171119,601166
2024-05-07,16.83,16.86,16.61,16.82,60667972.0,1015797233.0,20774297994.0,0.00292033800697,601166
2024-05-08,16.77,16.91,16.72,16.78,44144319.0,741927576.0,20774297994.0,0.0021249487714458,601166
2024-05-09,16.75,16.94,16.75,16.86,40344674.0,680501977.0,20774297994.0,0.0019420475248623,601166
2024-05-10,16.87,17.12,16.86,17.07,72772263.0,1238433388.0,20774297994.0,0.0035029950480645,601166
2024-05-13,17.05,17.2,16.92,17.16,50202194.0,858081817.0,20774297994.0,0.0024165530895195,601166
2024-05-14,17.19,17.24,17.05,17.12,43437599.0,744158672.0,20774297994.0,0.0020909298120468,601166
2024-05-15,17.12,17.19,16.94,17.01,45271053.0,770796746.0,20774297994.0,0.0021791856944131,601166
2024-05-16,17.04,17.45,17.02,17.38,92874833.0,1608263383.0,20774297994.0,0.0044706604780014,601166
2024-05-17,17.42,17.7,17.38,17.7,87539361.0,1534187821.0,20774297994.0,0.0042138300425498,601166
2024-05-20,17.71,18.1,17.67,17.86,97584598.0,1751096246.0,20774297994.0,0.0046973716285471,601166
2024-05-21,17.82,18.1,17.73,18.03,68514025.0,1232272992.0,20774297994.0,0.0032980187835847,601166
2024-05-22,18.03,18.3,17.98,18.18,77406525.0,1408261082.0,20774297994.0,0.0037260717557029,601166
2024-05-23,18.14,18.2,17.94,18.11,62714770.0,1135837029.0,20774297994.0,0.0030188635023004,601166
2024-05-24,18.06,18.19,17.87,17.89,62661101.0,1128934015.0,20774297994.0,0.0030162800696368,601166
2024-05-27,17.95,18.28,17.91,18.23,77831883.0,1413720872.0,20774297994.0,0.0037465469602139,601166
2024-05-28,18.24,18.45,18.17,18.32,63370743.0,1158762077.0,20774297994.0,0.0030504396836082,601166
2024-05-29,18.3,18.4,18.0,18.07,73760813.0,1340396630.0,20774297994.0,0.0035505802901885,601166
2024-05-30,18.01,18.25,17.8,17.94,68084499.0,1224699989.0,20774297994.0,0.0032773429465421,601166
2024-05-31,17.97,18.03,17.87,17.89,67386237.0,1208476636.0,20774297994.0,0.0032437311248477,601166
2024-06-03,17.89,17.98,17.63,17.8,58895967.0,1047157637.0,20774297994.0,0.00283504005849,601166
2024-06-04,17.77,17.96,17.73,17.75,49262372.0,877685395.0,20774297994.0,0.0023713134380871,601166
2024-06-05,17.78,17.83,17.48,17.55,54922264.0,966295316.0,20774297994.0,0.0026437602857079,601166
2024-06-06,17.58,17.74,17.52,17.57,43523816.0,766405052.0,20774297994.0,0.0020950799883861,601166
2024-06-07,17.63,17.73,17.43,17.53,46258107.0,812751902.0,20774297994.0,0.0022266989244767,601166
2024-06-11,17.47,17.6,17.31,17.41,53194641.0,927094075.0,20774297994.0,0.002560598727108,601166
2024-06-12,17.46,17.46,17.21,17.28,45288372.0,782383273.0,20774297994.0,0.0021800193687931,601166
2024-06-13,17.33,17.38,17.13,17.17,32422139.0,558948158.0,20774297994.0,0.0015606851798007,601166
2024-06-14,17.18,17.57,17.14,17.46,65951759.0,1146278334.0,20774297994.0,0.0031746805123835,601166
2024-06-17,17.42,17.52,17.23,17.36,43113282.0,748090527.0,20774297994.0,0.0020753183579272,601166
2024-06-18,17.37,17.55,17.3,17.39,35881324.0,624725109.0,20774297994.0,0.0017271979062957,601166
2024-06-19,17.43,17.71,17.38,17.62,50649037.0,889955996.0,20774297994.0,0.0024380625046693,601166
2024-06-20,17.63,17.65,17.28,17.3,36661604.0,637518360.0,20774297994.0,0.0017647577795691,601166
2024-06-21,17.29,17.42,17.12,17.35,48738999.0,841993988.0,20774297994.0,0.002346120143943,601166
2024-06-24,17.34,17.46,17.15,17.42,47088196.0,817232721.0,20774297994.0,0.0022666564238945,601166
2024-06-25,17.4,17.47,17.23,17.32,47969052.0,833153284.0,20774297994.0,0.0023090576641316,601166
2024-06-26,17.3,17.4,17.23,17.33,35325170.0,612133583.0,20774297994.0,0.0017004266526937,601166
2024-06-27,17.33,17.5,17.23,17.45,49854905.0,867284131.0,20774297994.0,0.0023998358459284,601166
2024-06-28,17.5,17.75,17.41,17.62,62020181.0,1092763998.0,20774300296.0,0.0029854281548024,601166
2024-07-01,17.63,17.9,17.63,17.75,43439217.0,771876604.0,20774300296.0,0.0020910074650439,601166
2024-07-02,17.7,17.97,17.69,17.92,49729489.0,889668345.0,20774300296.0,0.0023937985054339,601166
2024-07-03,17.92,17.99,17.64,17.7,42568679.0,755992046.0,20774300296.0,0.0020491029008662,601166
2024-07-04,17.7,17.8,17.56,17.62,44368723.0,783546250.0,20774300296.0,0.0021357505363751,601166
2024-07-05,17.68,17.71,17.08,17.19,88367580.0,1525780380.0,20774300296.0,0.00425369705554,601166
2024-07-08,17.18,17.36,17.13,17.28,69538163.0,1201323000.0,20774300296.0,0.0033473167331363,601166
2024-07-09,16.29,16.48,16.19,16.43,80385403.0,1312625849.0,20774300296.0,0.003869463801651,601166
2024-07-10,16.42,16.74,16.39,16.61,47118042.0,782631035.0,20774300296.0,0.0022680928516794,601166
2024-07-11,16.68,16.7,16.42,16.48,49920383.0,824208646.0,20774300296.0,0.0024029874551111,601166
2024-07-12,16.49,16.91,16.48,16.88,59548518.0,1000399227.0,20774300296.0,0.002866451199392,601166
2024-07-15,16.84,17.09,16.83,17.03,46532645.0,791436968.0,20774300296.0,0.0022399139483393,601166
2024-07-16,17.06,17.1,16.89,17.0,41586364.0,706728877.0,20774300296.0,0.0020018177944605,601166
2024-07-17,17.01,17.25,17.0,17.2,64694147.0,1111145753.0,20774300296.0,0.0031141432480619,601166
2024-07-18,17.26,17.3,17.02,17.1,54781902.0,938632652.0,20774300296.0,0.0026370034715704,601166
2024-07-19,17.1,17.23,16.86,17.13,76352403.0,1300673726.0,20774300296.0,0.0036753297060359,601166
2024-07-22,17.13,17.13,16.66,16.78,61302689.0,1030211546.0,20774300296.0,0.0029508906738872,601166
2024-07-23,16.79,17.14,16.79,16.94,61751662.0,1050712551.0,20774300296.0,0.0029725026171827,601166
2024-07-24,16.92,16.99,16.74,16.83,46453180.0,782387489.0,20774300296.0,0.0022360887894233,601166
2024-07-25,16.89,16.89,16.56,16.71,52213172.0,872658713.0,20774300296.0,0.0025133540603556,601166
2024-07-26,16.72,16.78,16.38,16.49,48640489.0,803412417.0,20774300296.0,0.0023413779673419,601166
2024-07-29,16.53,16.77,16.5,16.72,40188268.0,670230381.0,20774300296.0,0.0019345184881022,601166
2024-07-30,16.72,16.83,16.59,16.69,43623981.0,728499233.0,20774300296.0,0.0020999013385976,601166
2024-07-31,16.68,16.83,16.65,16.75,44781838.0,750483958.0,20774300296.0,0.002155636404689,601166
2024-08-01,16.72,16.83,16.56,16.64,41422057.0,691208548.0,20774300296.0,0.0019939086472132,601166
2024-08-02,16.6,16.66,16.48,16.52,34812573.0,576136708.0,20774300296.0,0.0016757518907485,601166
2024-08-05,16.5,16.61,16.37,16.38,48802816.0,803772491.0,20774300296.0,0.0023491918045199,601166
2024-08-06,16.45,16.53,16.14,16.21,47418652.0,770943872.0,20774300296.0,0.0022825631344671,601166
2024-08-07,16.21,16.45,16.21,16.32,35849937.0,586381567.0,20774300296.0,0.0017256868577615,601166
2024-08-08,16.34,16.47,16.3,16.44,23281702.0,381850528.0,20774300296.0,0.0011206972879121,601166
2024-08-09,16.45,16.56,16.34,16.37,28531007.0,468732282.0,20774300296.0,0.0013733799258448,601166
2024-08-12,16.34,16.4,16.28,16.28,21128834.0,344703361.0,20774300296.0,0.0010170659756982,601166
2024-08-13,16.29,16.37,16.24,16.32,22772035.0,371531150.0,20774300296.0,0.0010961637540391,601166
2024-08-14,16.32,16.45,16.27,16.28,23169682.0,378249117.0,20774300296.0,0.0011153050485392,601166
2024-08-15,16.28,16.64,16.25,16.59,48362059.0,798057186.0,20774300296.0,0.0023279753498755,601166
2024-08-16,16.63,16.78,16.6,16.72,35942419.0,600122183.0,20774300296.0,0.0017301386081783,601166
2024-08-19,16.75,16.97,16.72,16.95,39325857.0,663910695.0,20774300296.0,0.0018930051284361,601166
2024-08-20,16.98,17.0,16.78,16.84,38660448.0,651857332.0,20774300296.0,0.0018609747355699,601166
2024-08-21,16.8,16.87,16.58,16.77,42423574.0,709857715.0,20774300296.0,0.0020421180687451,601166
2024-08-22,16.79,16.9,16.73,16.82,44072102.0,741642613.0,20774300296.0,0.0021214722696814,601166
2024-08-23,16.91,17.34,16.88,17.32,110631674.0,1897573157.0,20774300296.0,0.0053254103591302,601166
2024-08-26,17.33,17.5,17.31,17.48,66940042.0,1165413800.0,20774300296.0,0.0032222525450298,601166
2024-08-27,17.48,17.55,17.29,17.33,39653142.0,690609753.0,20774300296.0,0.0019087594496568,601166
2024-08-28,17.39,17.4,17.13,17.21,48067883.0,828119882.0,20774300296.0,0.0023138147766765,601166
2024-08-29,17.25,17.27,16.68,16.69,72338996.0,1218072375.0,20774300296.0,0.0034821387468789,601166
2024-08-30,16.69,16.87,16.51,16.51,83875741.0,1399845902.0,20774300296.0,0.0040374761029207,601166
2024-09-02,16.53,16.72,16.42,16.5,53639885.0,889182346.0,20774300296.0,0.0025820308860331,601166
2024-09-03,16.5,16.57,16.16,16.36,57995988.0,944222039.0,20774300296.0,0.00279171799645,601166
2024-09-04,16.33,16.49,16.2,16.24,44265190.0,721817887.0,20774300296.0,0.0021307668306173,601166
2024-09-05,16.25,16.35,16.17,16.3,41701412.0,677519268.0,20774300296.0,0.0020073557908484,601166
2024-09-06,16.31,16.6,16.31,16.39,40464731.0,667442013.0,20774300296.0,0.0019478264212726,601166
2024-09-09,16.39,16.53,15.95,15.97,65316266.0,1053913071.0,20774300296.0,0.003144089816232,601166
2024-09-10,16.0,16.1,15.83,16.07,40567186.0,647381624.0,20774300296.0,0.0019527582359927,601166
2024-09-11,16.03,16.04,15.68,15.8,49804042.0,788264750.0,20774300296.0,0.0023973872183598,601166
2024-09-12,15.83,16.1,15.7,16.03,38230974.0,610272857.0,20774300296.0,0.0018403014039111,601166
2024-09-13,16.08,16.18,15.95,15.97,28244783.0,453748615.0,20774300296.0,0.0013596021332876,601166
2024-09-18,15.97,16.1,15.88,16.07,29541358.0,472924034.0,20774300296.0,0.0014220145843221,601166
2024-09-19,16.1,16.12,15.86,16.05,36611352.0,586746100.0,20774300296.0,0.0017623386337131,601166
2024-09-20,16.07,16.3,16.06,16.25,57809673.0,935535705.0,20774300296.0,0.002782749463342,601166
2024-09-23,16.22,16.62,16.16,16.56,42725218.0,703072336.0,20774300296.0,0.002056638124569,601166
2024-09-24,16.67,17.18,16.6,17.18,106835999.0,1810059407.0,20774300296.0,0.0051427002343164,601166
2024-09-25,17.46,17.87,17.36,17.6,127403031.0,2241514400.0,20774300296.0,0.0061327230849999,601166
2024-09-26,17.6,18.45,17.58,18.45,167933653.0,3035615414.0,20774300296.0,0.0080837212617136,601166
2024-09-27,18.8,18.9,18.03,18.34,85845071.0,1580453458.0,20774300296.0,0.0041322725568056,601166
2024-09-30,18.9,19.41,18.52,19.27,241447698.0,4580033744.0,20774301721.0,0.0116224218384163,601166
2024-10-08,21.0,21.05,19.38,20.01,244635658.0,4937408994.0,20774301721.0,0.0117758787412193,601166
2024-10-09,19.91,19.94,18.61,18.61,167842499.0,3238293977.0,20774301721.0,0.0080793328822375,601166
2024-10-10,18.91,19.78,18.91,19.4,157000346.0,3039399683.0,20774301721.0,0.0075574307193822,601166
2024-10-11,19.31,19.7,18.81,19.0,100090475.0,1929354615.0,20774301721.0,0.0048179946716968,601166
2024-10-14,19.27,19.96,19.27,19.66,143521517.0,2824227676.0,20774301721.0,0.0069086084782777,601166
2024-10-15,19.63,19.95,19.35,19.35,89155043.0,1755933651.0,20774301721.0,0.004291602394023,601166
2024-10-16,19.2,20.05,19.18,19.96,133009819.0,2637796170.0,20774301721.0,0.0064026132279356,601166
2024-10-17,19.96,20.18,19.56,19.57,83672605.0,1658860163.0,20774301721.0,0.0040276975911743,601166
2024-10-18,19.62,19.79,19.2,19.6,94869664.0,1848841829.0,20774301721.0,0.0045666836495447,601166
2024-10-21,19.57,19.57,18.97,19.23,115211841.0,2205819432.0,20774301721.0,0.00554588272315,601166
2024-10-22,19.13,19.4,19.06,19.14,57367154.0,1100885151.0,20774301721.0,0.0027614480029434,601166
2024-10-23,19.13,19.24,19.01,19.16,53144532.0,1018325827.0,20774301721.0,0.0025581862010927,601166
2024-10-24,19.1,19.27,19.07,19.17,37201807.0,713420095.0,20774301721.0,0.0017907608881214,601166
2024-10-25,19.23,19.28,19.01,19.14,47442664.0,907853416.0,20774301721.0,0.0022837188290204,601166
2024-10-28,19.07,19.13,18.72,19.02,64052383.0,1211045476.0,20774301721.0,0.0030832508288474,601166
2024-10-29,19.03,19.32,18.91,19.01,60365743.0,1151369819.0,20774301721.0,0.0029057892684295,601166
2024-10-30,18.91,19.12,18.7,18.77,58063270.0,1093679490.0,20774301721.0,0.0027949565179033,601166
2024-10-31,18.5,18.62,18.03,18.28,138850718.0,2531356490.0,20774301721.0,0.0066837730511847,601166
2024-11-01,18.21,18.55,18.2,18.29,79359420.0,1458761489.0,20774301721.0,0.0038200764129548,601166
2024-11-04,18.33,18.38,18.02,18.31,58521405.0,1064209911.0,20774301721.0,0.0028170094853702,601166
2024-11-05,18.29,18.44,18.13,18.4,86441395.0,1582687287.0,20774301721.0,0.0041609771611538,601166
2024-11-06,18.39,18.48,18.21,18.33,90573106.0,1662295812.0,20774301721.0,0.0043598628351701,601166
2024-11-07,18.38,18.94,18.34,18.91,95417704.0,1780805388.0,20774301721.0,0.0045930643196322,601166
2024-11-08,18.94,19.09,18.63,18.7,86019806.0,1617922761.0,20774301721.0,0.0041406833863901,601166
2024-11-11,18.5,18.6,18.26,18.38,81939053.0,1503980594.0,20774301721.0,0.0039442506468061,601166
2024-11-12,18.35,18.63,18.11,18.13,81110006.0,1484547091.0,20774301721.0,0.0039043433126808,601166
2024-11-13,18.12,18.26,18.08,18.15,58341922.0,1059457764.0,20774301721.0,0.0028083698207302,601166
2024-11-14,18.11,18.4,18.06,18.19,67747489.0,1237263313.0,20774301721.0,0.003261119911988,601166
2024-11-15,18.17,18.34,18.05,18.05,71365943.0,1297804346.0,20774301721.0,0.003435299244155,601166
2024-11-18,18.2,18.98,18.2,18.51,168192049.0,3137214797.0,20774301721.0,0.0080961589592193,601166
2024-11-19,18.51,18.72,18.21,18.33,98469268.0,1813886974.0,20774301721.0,0.0047399556106601,601166
2024-11-20,18.35,18.36,18.19,18.22,64015148.0,1168660688.0,20774301721.0,0.0030814584701679,601166
2024-11-21,18.21,18.28,18.14,18.24,43991386.0,800507808.0,20774301721.0,0.0021175867468763,601166
2024-11-22,18.25,18.29,17.8,17.8,84844135.0,1528594115.0,20774301721.0,0.0040840908223757,601166
2024-11-25,17.91,17.99,17.71,17.76,64526027.0,1152007049.0,20774301721.0,0.0031060503436692,601166
2024-11-26,17.75,18.05,17.67,17.96,62465227.0,1117604825.0,20774301721.0,0.0030068508602075,601166
2024-11-27,17.95,18.12,17.8,18.11,47912820.0,861930830.0,20774301721.0,0.0023063504440953,601166
2024-11-28,18.11,18.16,17.9,18.03,47698837.0,860265921.0,20774301721.0,0.002296050073817,601166
2024-11-29,18.06,18.23,18.03,18.05,70822173.0,1283874387.0,20774301721.0,0.0034091241164755,601166
2024-12-02,18.05,18.23,18.0,18.19,58106746.0,1054504292.0,20774301721.0,0.002797049295826,601166
2024-12-03,18.18,18.45,18.12,18.45,74498748.0,1366282520.0,20774301721.0,0.0035861011840745,601166
2024-12-04,18.44,18.52,18.2,18.42,67236965.0,1236105440.0,20774301721.0,0.003236545126907,601166
2024-12-05,18.36,18.42,18.23,18.26,43753191.0,801362236.0,20774301721.0,0.0021061208981946,601166
2024-12-06,18.29,18.63,18.28,18.49,70270421.0,1299008438.0,20774301721.0,0.0033825647640886,601166
2024-12-09,18.49,18.64,18.38,18.54,58409407.0,1083046249.0,20774301721.0,0.0028116183053679,601166
2024-12-10,18.88,18.97,18.67,18.68,93882578.0,1765951572.0,20774301721.0,0.0045191688876405,601166
2024-12-11,18.73,18.81,18.51,18.55,62674663.0,1167835259.0,20774301721.0,0.0030169323542963,601166
2024-12-12,18.56,18.84,18.52,18.75,69218442.0,1295469381.0,20774301721.0,0.0033319262870833,601166
2024-12-13,18.68,18.71,18.15,18.15,113196660.0,2077707803.0,20774301721.0,0.0054488791739061,601166
2024-12-16,18.18,18.37,18.18,18.22,54417641.0,994405812.0,20774301721.0,0.0026194690791937,601166
2024-12-17,18.2,18.43,18.17,18.36,57043498.0,1045432811.0,20774301721.0,0.0027458683697819,601166
2024-12-18,18.41,18.68,18.39,18.6,69237813.0,1287280649.0,20774301721.0,0.0033328587371969,601166
2024-12-19,18.51,18.68,18.47,18.54,54827452.0,1017992068.0,20774301721.0,0.0026391959034934,601166
2024-12-20,18.53,18.69,18.46,18.52,65323991.0,1212612448.0,20774301721.0,0.003144461454219,601166
2024-12-23,18.52,18.92,18.52,18.82,97153555.0,1826675952.0,20774301721.0,0.0046766219295732,601166
2024-12-24,18.83,19.04,18.82,18.98,82721094.0,1567185949.0,20774301721.0,0.0039818952815333,601166
2024-12-25,19.01,19.27,18.98,19.19,74527377.0,1428014497.0,20774301721.0,0.0035874792809359,601166
2024-12-26,19.16,19.25,19.01,19.22,57798597.0,1107808095.0,20774301721.0,0.0027822161137466,601166
2024-12-27,19.23,19.35,19.0,19.35,70882453.0,1362339588.0,20774301721.0,0.003412025778385,601166
2024-12-30,19.36,19.62,19.36,19.55,72425039.0,1413955420.0,20774301721.0,0.0034862803078857,601166
2024-12-31,19.49,19.6,19.16,19.16,81336600.0,1576099345.0,20774308106.0,0.003915249527685,601166
2025-01-02,19.21,19.35,18.83,18.92,95127720.0,1813631030.0,20774308106.0,0.004579104127782,601166
2025-01-03,18.93,19.15,18.8,18.92,73691320.0,1396707839.0,20774308106.0,0.0035472334204341,601166
2025-01-06,19.01,19.25,18.7,19.21,84427052.0,1607370452.0,20774308106.0,0.0040640127011313,601166
2025-01-07,19.15,19.55,19.14,19.43,69461383.0,1345436696.0,20774308106.0,0.0033436195634326,601166
2025-01-08,19.43,19.8,19.4,19.64,84444266.0,1657569915.0,20774308106.0,0.0040648413207855,601166
2025-01-09,19.68,19.74,19.33,19.61,64116428.0,1256237827.0,20774308106.0,0.0030863327756981,601166
2025-01-10,19.66,19.78,19.37,19.58,65017744.0,1276377685.0,20774308106.0,0.0031297188656416,601166
2025-01-13,19.44,19.56,19.12,19.29,63870464.0,1233913738.0,20774308106.0,0.0030744929590003,601166
2025-01-14,19.33,19.68,19.22,19.61,77759291.0,1520370698.0,20774308106.0,0.0037430508204286,601166
2025-01-15,19.63,20.08,19.56,19.8,78371326.0,1558636309.0,20774308106.0,0.0037725119700792,601166
2025-01-16,20.0,20.05,19.72,19.99,70328313.0,1402327987.0,20774308106.0,0.0033853504357956,601166
2025-01-17,19.98,20.09,19.8,19.9,51262751.0,1021581920.0,20774308106.0,0.0024676032885636,601166
2025-01-20,20.04,20.13,19.84,19.88,56158321.0,1123410009.0,20774308106.0,0.0027032583089388,601166
2025-01-21,19.95,20.16,19.77,19.96,57361353.0,1148553367.0,20774308106.0,0.0027611679150668,601166
2025-01-22,19.99,20.0,19.5,19.51,70302976.0,1382211998.0,20774308106.0,0.0033841308043224,601166
2025-01-23,19.66,20.19,19.65,20.14,99413617.0,1990190420.0,20774308106.0,0.0047854116966373,601166
2025-01-24,20.08,20.32,19.93,20.23,72144775.0,1456724896.0,20774308106.0,0.0034727883418251,601166
2025-01-27,20.32,20.5,20.22,20.31,66985052.0,1362916304.0,20774308106.0,0.0032244179521268,601166
2025-02-05,20.48,20.48,20.06,20.13,56941375.0,1149678062.0,20774308106.0,0.0027409516942494,601166
2025-02-06,20.09,20.35,20.02,20.24,52992499.0,1069537147.0,20774308106.0,0.0025508670964928,601166
2025-02-07,20.18,20.3,20.07,20.12,62019690.0,1249717763.0,20774308106.0,0.0029854033974824,601166
2025-02-10,20.12,20.63,20.02,20.35,77145748.0,1573384870.0,20774308106.0,0.0037135170811161,601166
2025-02-11,20.36,20.54,20.29,20.35,43490163.0,886753997.0,20774308106.0,0.0020934590349817,601166
2025-02-12,20.4,20.87,20.29,20.8,72642011.0,1495854752.0,20774308106.0,0.0034967234831286,601166
2025-02-13,20.76,20.95,20.7,20.72,45721486.0,950467992.0,20774308106.0,0.0022008668479695,601166
2025-02-14,20.75,21.18,20.66,21.16,81100768.0,1701541632.0,20774308106.0,0.0039038974287945,601166
2025-02-17,21.1,21.15,20.76,20.95,67391435.0,1408227607.0,20774308106.0,0.003243979758851,601166
2025-02-18,20.85,21.22,20.82,21.05,59047949.0,1243839849.0,20774308106.0,0.0028423545419038,601166
2025-02-19,20.99,21.09,20.91,21.0,43259133.0,909263682.0,20774308106.0,0.0020823380869905,601166
2025-02-20,21.01,21.03,20.81,20.84,40495388.0,845067828.0,20774308106.0,0.0019493014060142,601166
2025-02-21,20.92,20.92,20.51,20.67,60764585.0,1255601268.0,20774308106.0,0.0029249871856117,601166
2025-02-24,20.57,20.71,20.43,20.49,50618641.0,1039684309.0,20774308106.0,0.0024365981645078,601166
2025-02-25,20.43,20.55,20.33,20.41,48518314.0,990369434.0,20774308106.0,0.0023354960248224,601166
2025-02-26,20.49,20.8,20.42,20.44,51212517.0,1054417105.0,20774308106.0,0.0024651852056246,601166
2025-02-27,20.45,20.94,20.35,20.92,64398226.0,1332813270.0,20774308106.0,0.0030998975114555,601166
2025-02-28,20.86,21.09,20.75,20.75,63937206.0,1335631048.0,20774308106.0,0.0030777056773088,601166
2025-03-03,20.91,20.95,20.61,20.75,46107844.0,956749254.0,20774308106.0,0.0022194647236739,601166
2025-03-04,20.7,20.98,20.7,20.82,39919923.0,833343194.0,20774308106.0,0.0019216006037991,601166
2025-03-05,20.83,21.16,20.78,21.1,63293924.0,1333120795.0,20774308106.0,0.0030467404101761,601166
2025-03-06,21.11,21.19,20.9,21.13,56051459.0,1181458701.0,20774308106.0,0.0026981143590438,601166
2025-03-07,21.17,21.43,21.1,21.36,64288017.0,1370963871.0,20774308106.0,0.0030945924490949,601166
2025-03-10,21.3,21.34,20.95,21.0,60554152.0,1274813240.0,20774308106.0,0.00291485770265,601166
2025-03-11,20.94,21.3,20.94,21.3,56007608.0,1184923575.0,20774308106.0,0.0026960035306217,601166
2025-03-12,21.28,21.47,21.15,21.22,40386806.0,860715138.0,20774308106.0,0.0019440746615448,601166
2025-03-13,21.25,21.51,21.22,21.35,59241895.0,1268063873.0,20774308106.0,0.0028516904003599,601166
2025-03-14,21.4,21.88,21.35,21.76,99099802.0,2150244480.0,20774308106.0,0.0047703057783848,601166
2025-03-17,21.85,21.99,21.73,21.9,54379018.0,1190285414.0,20774308106.0,0.002617609102673,601166
2025-03-18,21.88,21.94,21.77,21.83,32411027.0,708718568.0,20774308106.0,0.0015601495286689,601166
2025-03-19,21.83,22.44,21.82,22.38,80934070.0,1796548259.0,20774308106.0,0.0038958731904349,601166
2025-03-20,22.41,22.48,22.11,22.3,61891151.0,1380250074.0,20774308106.0,0.0029792159952669,601166
2025-03-21,22.2,22.34,21.59,21.63,80733212.0,1764288398.0,20774308106.0,0.0038862046133167,601166
2025-03-24,21.63,21.9,21.63,21.83,42997381.0,936798557.0,20774308106.0,0.002069738293117,601166
2025-03-25,21.84,21.98,21.72,21.78,31639586.0,689961725.0,20774308106.0,0.0015230151511453,601166
2025-03-26,21.71,21.82,21.41,21.48,60439734.0,1301908274.0,20774308106.0,0.0029093500342639,601166
2025-03-27,21.49,21.76,21.46,21.5,38365602.0,827879603.0,20774308106.0,0.0018467812166952,601166
2025-03-28,21.55,21.65,21.42,21.53,38611535.0,830766560.0,20774308106.0,0.0018586195411652,601166
2025-03-31,21.56,21.72,21.35,21.6,56227810.0,1212863700.0,20774311267.0,0.0027066028460504,601166
2025-04-01,21.58,21.6,21.15,21.26,61300103.0,1305557996.0,20774311267.0,0.0029507646348485,601166
2025-04-02,21.2,21.44,21.19,21.25,38462628.0,819669634.0,20774311267.0,0.0018514514154362,601166
2025-04-03,21.04,21.33,20.99,21.18,39603084.0,838599996.0,20774311267.0,0.0019063488310637,601166
2025-04-07,20.3,20.75,19.67,20.13,174139850.0,3514105810.0,20774311267.0,0.0083824608075754,601166
2025-04-08,20.13,20.88,20.03,20.81,156377486.0,3205975028.0,20774311267.0,0.0075274450252608,601166
2025-04-09,20.7,20.8,20.28,20.39,94160610.0,1932747018.0,20774311267.0,0.0045325502631499,601166
2025-04-10,20.52,20.94,20.36,20.76,68332203.0,1417511525.0,20774311267.0,0.0032892644247872,601166
2025-04-11,20.73,20.85,20.55,20.75,45412038.0,940343862.0,20774311267.0,0.0021859708086754,601166
2025-04-14,20.8,21.0,20.75,20.8,46171205.0,963247515.0,20774311267.0,0.0022225143547041,601166
2025-04-15,20.84,21.16,20.82,21.11,49418363.0,1040744219.0,20774311267.0,0.0023788207640125,601166
2025-04-16,21.03,21.27,20.87,21.13,64581942.0,1357277212.0,20774311267.0,0.0031087404617157,601166
2025-04-17,21.05,21.15,20.83,21.03,48319061.0,1015091278.0,20774311267.0,0.0023259043526874,601166
2025-04-18,21.03,21.48,21.02,21.39,51622885.0,1097987120.0,20774311267.0,0.0024849384577193,601166
2025-04-21,21.35,21.55,21.08,21.08,47260058.0,1004446071.0,20774311267.0,0.0022749277890657,601166
2025-04-22,21.08,21.2,21.0,21.03,35103354.0,740087711.0,20774311267.0,0.0016897481485107,601166
2025-04-23,21.1,21.12,20.86,20.95,36054791.0,756092529.0,20774311267.0,0.0017355468750135,601166
2025-04-24,20.9,21.18,20.9,21.15,37695735.0,796196135.0,20774311267.0,0.0018145359677882,601166
2025-04-25,21.17,21.23,20.91,20.94,36836755.0,775126587.0,20774311267.0,0.0017731877859419,601166
2025-04-28,21.01,21.18,20.94,21.09,38077063.0,802954185.0,20774311267.0,0.0018328917147056,601166
2025-04-29,21.07,21.22,21.0,21.02,33468503.0,705114564.0,20774311267.0,0.0016110523506579,601166
2025-04-30,20.93,20.94,20.59,20.87,57475693.0,1193061701.0,20774311267.0,0.002766671407841,601166
2025-05-06,21.05,21.05,20.73,20.73,47006946.0,980278016.0,20774311267.0,0.0022627438953738,601166
2025-05-07,20.9,21.08,20.81,21.04,52732120.0,1106233643.0,20774311267.0,0.0025383330076393,601166
2025-05-08,21.1,21.68,21.05,21.53,72385924.0,1552810848.0,20774311267.0,0.0034843958516682,601166
2025-05-09,21.52,22.14,21.52,22.1,82162433.0,1806257208.0,20774311267.0,0.0039550015374283,601166
2025-05-12,22.1,22.59,21.98,22.28,86234316.0,1926441116.0,20774311267.0,0.0041510072171193,601166
2025-05-13,22.33,22.57,22.11,22.55,75863600.0,1696702181.0,20774311267.0,0.0036517985614526,601166
2025-05-14,22.46,23.03,22.45,22.93,90099072.0,2055203657.0,20774311267.0,0.0043370425542396,601166
2025-05-15,22.99,23.14,22.8,22.89,59540375.0,1365535664.0,20774311267.0,0.0028660577111203,601166
2025-05-16,22.88,22.96,22.58,22.7,48178256.0,1093803969.0,20774311267.0,0.0023191265106598,601166
2025-05-19,22.85,22.95,22.67,22.72,45413518.0,1034717789.0,20774311267.0,0.0021860420505078,601166
2025-05-20,22.79,22.93,22.46,22.52,49876741.0,1127551219.0,20774311267.0,0.0024008854184845,601166
2025-05-21,22.65,22.87,22.51,22.71,44931151.0,1021858639.0,20774311267.0,0.0021628226525792,601166
2025-05-22,22.7,22.94,22.66,22.9,38771367.0,885841455.0,20774311267.0,0.0018663129911598,601166
2025-05-23,22.88,22.98,22.73,22.81,40925201.0,935467315.0,20774311267.0,0.001969990748382,601166
2025-05-26,22.81,22.88,22.57,22.62,39289340.0,891722939.0,20774311267.0,0.0018912463327923,601166
2025-05-27,22.79,22.93,22.68,22.76,40571928.0,925337814.0,20774311267.0,0.0019529854674146,601166
2025-05-28,22.79,22.84,22.48,22.54,37249089.0,841688653.0,20774311267.0,0.0017930360492465,601166
2025-05-29,22.6,22.85,22.47,22.65,48004676.0,1088790409.0,20774311267.0,0.0023107709990008,601166
2025-05-30,22.71,22.88,22.53,22.64,49968991.0,1134277475.0,20774311267.0,0.0024053259989117,601166
2025-06-03,23.05,23.95,22.9,23.71,152729132.0,3596385127.0,20774311267.0,0.0073518264955724,601166
2025-06-04,23.75,23.87,23.56,23.62,50311224.0,1190002656.0,20774311267.0,0.002421799854319,601166
2025-06-05,23.62,23.74,23.43,23.52,45616131.0,1074101875.0,20774311267.0,0.0021957951054897,601166
2025-06-06,23.62,23.85,23.5,23.56,45998184.0,1086652583.0,20774311267.0,0.0022141857512777,601166
2025-06-09,23.66,23.87,23.59,23.8,56992840.0,1353564828.0,20774311267.0,0.0027434286156351,601166
2025-06-10,23.9,24.33,23.72,23.81,78488757.0,1884783396.0,20774311267.0,0.0037781640984979,601166
2025-06-11,23.88,24.32,23.81,23.98,57461676.0,1383522166.0,20774311267.0,0.002765996680298,601166
2025-06-12,24.0,24.11,23.8,23.86,71143847.0,1701213578.0,20774311267.0,0.0034246067696603,601166
2025-06-13,23.87,23.94,23.45,23.5,181719619.0,4286333512.0,20774311267.0,0.0087473233968849,601166
2025-06-16,23.6,24.0,23.53,23.96,72763152.0,1738311744.0,21162832162.0,0.0034382520941905,601166
2025-06-17,24.0,24.15,23.79,23.81,49553229.0,1184646050.0,21162832162.0,0.0023415216177434,601166
2025-06-18,23.81,23.98,23.65,23.91,53677473.0,1279994387.0,21162832162.0,0.0025364030952522,601166
2025-06-19,23.93,23.99,23.74,23.8,52485576.0,1251586439.0,21162832162.0,0.0024800827979084,601166
2025-06-20,22.95,23.28,22.83,23.16,79004549.0,1825598592.0,21162832162.0,0.0037331746712928,601166
2025-06-23,23.16,23.77,23.03,23.75,78118188.0,1833164183.0,21162832162.0,0.0036912917610464,601166
2025-06-24,23.66,24.16,23.6,23.85,77973220.0,1861459498.0,21162832162.0,0.0036844416382042,601166
2025-06-25,23.85,24.13,23.56,24.06,60448439.0,1440150977.0,21162832162.0,0.0028563492134356,601166
2025-06-26,24.01,24.26,23.85,24.18,65760397.0,1583708584.0,21162832162.0,0.0031073533304336,601166
2025-06-27,24.18,24.22,23.43,23.56,89061976.0,2118395114.0,21162832162.0,0.0042084147961972,601166
2025-06-30,23.42,23.56,23.2,23.34,53389989.0,1245905412.0,21162836117.0,0.0025228182416019,601166
2025-07-01,23.53,23.72,23.35,23.55,48655910.0,1147244956.0,21162836117.0,0.0022991204832378,601166
2025-07-02,23.65,24.0,23.48,23.9,59859229.0,1425191396.0,21162836117.0,0.0028285069481738,601166
2025-07-03,23.9,24.13,23.67,24.07,49418683.0,1183006993.0,21162836117.0,0.0023351635256629,601166
2025-07-04,24.07,25.0,23.96,24.83,100938989.0,2486887997.0,21162836117.0,0.0047696342986333,601166
2025-07-07,24.83,25.15,24.74,25.12,61180122.0,1527411563.0,21162836117.0,0.002890922637295,601166
2025-07-08,25.06,25.19,24.86,25.14,52675374.0,1321047642.0,21162836117.0,0.0024890507920952,601166
2025-07-09,25.1,25.15,24.82,25.08,54656536.0,1367713035.0,21162840072.0,0.0025826654557728,601166
2025-07-10,25.01,25.45,24.94,24.94,84292536.0,2124297408.0,21162840072.0,0.0039830446061691,601166
2025-07-11,25.13,25.18,24.45,24.45,127758138.0,3171468157.0,21162840072.0,0.0060369089198492,601166
2025-07-14,24.58,24.88,24.46,24.69,79819509.0,1970682493.0,21162840072.0,0.003771682285007,601166
2025-07-15,24.7,24.77,24.25,24.43,58519956.0,1432863479.0,21162840072.0,0.0027652222386458,601166
2025-07-16,24.44,24.51,24.02,24.31,58538495.0,1417278634.0,21162840072.0,0.0027660982552833,601166
2025-07-17,24.3,24.5,24.21,24.29,48932606.0,1191239010.0,21162840072.0,0.0023121946692184,601166
2025-07-18,24.39,24.65,24.29,24.42,52519964.0,1283650867.0,21162840072.0,0.0024817067946134,601166
2025-07-21,24.42,24.47,24.0,24.01,72459885.0,1749087308.0,21162840072.0,0.0034239206436129,601166
2025-07-22,24.02,24.12,23.71,23.85,88420867.0,2108725860.0,21162840072.0,0.0041781191323648,601166
2025-07-23,23.85,24.1,23.71,23.79,77944050.0,1861858075.0,21162840072.0,0.0036830619016549,601166
2025-07-24,23.78,23.79,23.24,23.32,99326264.0,2325762624.0,21162840072.0,0.0046934278982439,601166
2025-07-25,23.18,23.35,23.0,23.17,82838111.0,1917823540.0,21162840072.0,0.0039143191895874,601166
2025-07-28,23.2,23.3,22.92,22.96,73399245.0,1694291520.0,21162840072.0,0.0034683078807136,601166
2025-07-29,22.97,23.07,22.67,22.71,75603556.0,1726509242.0,21162840072.0,0.0035724673882514,601166
2025-07-30,22.72,22.99,22.67,22.77,73851684.0,1684886428.0,21162840072.0,0.0034896868165493,601166
2025-07-31,22.8,22.88,22.49,22.64,71531290.0,1618126300.0,21162840072.0,0.0033800420811496,601166
2025-08-01,22.6,22.77,22.36,22.53,63503509.0,1433318295.0,21162840072.0,0.0030007082595695,601166
2025-08-04,22.53,23.07,22.5,22.78,71291404.0,1628078980.0,21162840072.0,0.0033687068350681,601166
2025-08-05,22.78,23.22,22.71,23.09,82030352.0,1883106433.0,21162840072.0,0.0038761504467697,601166
2025-08-06,23.09,23.28,22.92,22.98,55347515.0,1275671131.0,21162840072.0,0.0026153160356406,601166
2025-08-07,23.0,23.25,22.86,23.07,56757391.0,1310756095.0,21162840072.0,0.0026819363944962,601166
2025-08-08,23.18,23.22,23.0,23.06,41084213.0,949131791.0,21162840072.0,0.001941337403686,601166
2025-08-11,23.04,23.1,22.82,22.88,57255658.0,1314486634.0,21162840072.0,0.0027054808241807,601166
2025-08-12,22.89,23.25,22.89,22.99,59812387.0,1382771889.0,21162840072.0,0.0028262930115479,601166
2025-08-13,23.08,23.22,22.8,22.8,61342218.0,1408452937.0,21162840072.0,0.0028985815604759,601166
2025-08-14,22.81,22.96,22.61,22.73,62936583.0,1433604879.0,21162840072.0,0.0029739195110806,601166
2025-08-15,22.7,22.72,22.19,22.32,100932305.0,2258233413.0,21162840072.0,0.0047693175706383,601166
2025-08-18,22.31,22.63,22.23,22.62,79074942.0,1775769430.0,21162840072.0,0.0037364995308272,601166
2025-08-19,22.62,22.69,22.42,22.55,46435364.0,1047941112.0,21162840072.0,0.0021941933994689,601166
2025-08-20,22.54,22.73,22.41,22.59,51747944.0,1168068710.0,21162840072.0,0.0024452268137898,601166
2025-08-21,22.59,22.67,22.45,22.61,45380949.0,1025073971.0,21162840072.0,0.0021443695102172,601166
2025-08-22,22.58,22.83,22.5,22.77,64080929.0,1448655288.0,21162840072.0,0.0030279928772312,601166
2025-08-25,22.78,22.97,22.71,22.95,61757674.0,1412332034.0,21162840072.0,0.002918212952037,601166
2025-08-26,22.9,23.04,22.8,22.88,52653065.0,1206282546.0,21162840072.0,0.0024879961678519,601166
2025-08-27,22.85,22.96,22.44,22.5,68855733.0,1563309935.0,21162840072.0,0.0032536149574319,601166
2025-08-28,22.55,22.88,22.41,22.77,71518408.0,1621385462.0,21162840072.0,0.0033794333726796,601166
2025-08-29,22.7,22.85,22.36,22.41,110367467.0,2489556639.0,21162840072.0,0.0052151538557447,601166
2025-09-01,22.5,22.5,21.8,21.81,101947514.0,2247745505.0,21162840072.0,0.0048172888730035,601166
2025-09-02,21.8,22.0,21.65,21.99,97491525.0,2127430409.0,21162840072.0,0.0046067316422708,601166
2025-09-03,21.99,22.19,21.6,21.72,81343439.0,1777442124.0,21162840072.0,0.003843691996124,601166
2025-09-04,21.7,22.04,21.39,21.92,103205879.0,2242826169.0,21162840072.0,0.0048767499375733,601166
2025-09-05,21.86,21.9,21.66,21.75,51288666.0,1115373251.0,21162840072.0,0.0024235247171696,601166
2025-09-08,21.66,21.8,21.4,21.46,68139334.0,1468718931.0,21162840072.0,0.0032197632155314,601166
2025-09-09,21.47,21.57,21.41,21.52,45193683.0,970474730.0,21162840072.0,0.0021355206978951,601166
2025-09-10,21.53,21.64,21.43,21.5,39477957.0,850545558.0,21162840072.0,0.0018654375719746,601166
2025-09-11,21.51,21.88,21.42,21.84,69389366.0,1500929724.0,21162840072.0,0.0032788305238769,601166
2025-09-12,21.86,22.0,21.4,21.42,87144305.0,1882460576.0,21162840072.0,0.0041177982115594,601166
2025-09-15,21.4,21.43,20.99,21.07,81757618.0,1732525311.0,21162840072.0,0.0038632630460677,601166
2025-09-16,21.08,21.29,20.67,20.7,109859149.0,2294390879.0,21162840072.0,0.0051911344898056,601166
2025-09-17,20.71,20.99,20.51,20.59,121699319.0,2519638397.0,21162840072.0,0.0057506137449395,601166
2025-09-18,20.63,20.74,20.18,20.25,132646486.0,2706633183.0,21162840072.0,0.0062678962534665,601166
2025-09-19,20.28,20.46,20.11,20.29,90243997.0,1831841493.0,21162840072.0,0.0042642668324748,601166
2025-09-22,20.35,20.44,20.1,20.13,52217620.0,1056135326.0,21162840072.0,0.0024674202433296,601166
2025-09-23,20.13,20.53,19.94,20.41,118614652.0,2413456042.0,21162840072.0,0.0056048550948951,601166
2025-09-24,20.39,20.63,20.17,20.24,85193873.0,1733311216.0,21162840072.0,0.0040256351562528,601166
2025-09-25,20.23,20.36,20.02,20.21,73559168.0,1487668221.0,21162840072.0,0.003475864664182,601166
2025-09-26,20.25,20.42,20.01,20.32,75135416.0,1522919747.0,21162840072.0,0.003550346538762,601166
2025-09-29,20.26,20.5,20.05,20.05,128871976.0,2607343269.0,21162840072.0,0.0060895407025499,601166
2025-09-30,20.09,20.13,19.79,19.85,142228461.0,2832139640.0,21162851947.0,0.0067206660688358,601166
2025-10-09,19.89,19.92,19.65,19.67,142204077.0,2805438366.0,21162851947.0,0.0067195138611815,601166
2025-10-10,19.66,19.94,19.64,19.69,122488716.0,2418379471.0,21162851947.0,0.0057879115870941,601166
2025-10-13,19.56,19.86,19.35,19.7,118644788.0,2329693939.0,21162851947.0,0.005606275954542,601166
2025-10-14,19.65,20.23,19.61,20.23,167425552.0,3354050749.0,21162851947.0,0.0079112943954481,601166
2025-10-15,20.2,20.41,20.1,20.31,121877133.0,2467841307.0,21162851947.0,0.0057590126938102,601166
2025-10-16,20.3,20.53,20.12,20.45,104083927.0,2118894000.0,21162851947.0,0.0049182372612475,601166
2025-10-17,20.43,20.62,20.15,20.19,102670497.0,2092372211.0,21162851947.0,0.0048514490039965,601166
2025-10-20,20.22,20.35,19.96,20.26,73331679.0,1478700781.0,21162851947.0,0.0034651132646795,601166
2025-10-21,20.26,20.36,20.13,20.16,71319321.0,1443091379.0,21162851947.0,0.0033700240959305,601166
2025-10-22,20.16,20.59,20.13,20.4,105297751.0,2142510746.0,21162851947.0,0.0049755936139281,601166
2025-10-23,20.43,20.88,20.43,20.76,128892521.0,2669162662.0,21162851947.0,0.0060905080904405,601166
2025-10-24,20.72,20.86,20.58,20.6,87108440.0,1802052791.0,21162851947.0,0.0041161011860855,601166
2025-10-27,20.56,20.64,20.36,20.43,86809811.0,1779382266.0,21162851947.0,0.0041019901862662,601166
2025-10-28,20.5,20.54,20.25,20.42,67805058.0,1381509043.0,21162851947.0,0.003203965995217,601166
2025-10-29,20.35,20.35,19.98,20.01,93109731.0,1870240598.0,21162851947.0,0.0043996778521714,601166
2025-10-30,20.01,20.18,19.92,20.03,85352172.0,1710598137.0,21162851947.0,0.0040331129383579,601166
2025-10-31,20.1,20.28,20.09,20.23,88786188.0,1793197839.0,21162851947.0,0.0041953791588371,601166
2025-11-03,20.29,20.65,20.26,20.56,99084924.0,2032997911.0,21162851947.0,0.0046820213196287,601166
2025-11-04,20.61,21.36,20.57,21.14,168489305.0,3553167554.0,21162851947.0,0.0079615595016192,601166
2025-11-05,21.26,21.45,21.11,21.22,109425962.0,2330966266.0,21162851947.0,0.0051706623603494,601166
2025-11-06,21.15,21.37,21.02,21.16,87378748.0,1853238579.0,21162851947.0,0.004128873944723,601166
2025-11-07,21.28,21.47,21.12,21.17,75886616.0,1612872600.0,21162851947.0,0.003585840707578,601166
2025-11-10,21.17,21.32,21.05,21.18,62042219.0,1314425267.0,21162851947.0,0.0029316568086086,601166
2025-11-11,21.16,21.37,21.09,21.27,63482483.0,1348581788.0,21162851947.0,0.0029997130424096,601166
2025-11-12,21.35,21.55,21.28,21.3,93377215.0,1997830533.0,21162851947.0,0.0044123171694369,601166
2025-11-13,21.32,21.42,21.13,21.28,67304490.0,1428762789.0,21162851947.0,0.003180312850487,601166
2025-11-14,21.29,21.9,21.28,21.6,119591827.0,2588790612.0,21162851947.0,0.0056510260195319,601166
2025-11-17,21.56,21.67,21.28,21.42,90159739.0,1928831974.0,21162851947.0,0.0042602830292341,601166
2025-11-18,21.41,21.49,21.23,21.3,54306322.0,1158813022.0,21162851947.0,0.0025661154808437,601166
2025-11-19,21.34,21.6,21.29,21.43,61497527.0,1318701348.0,21162851947.0,0.0029059186896933,601166
2025-11-20,21.39,21.86,21.36,21.52,81155381.0,1755148196.0,21162851947.0,0.003834803607909,601166
2025-11-21,21.65,21.65,21.21,21.36,102218933.0,2187792528.0,21162851947.0,0.0048301114261913,601166
2025-11-24,21.4,21.44,21.01,21.01,90230240.0,1911010241.0,21162851947.0,0.0042636143855266,601166
2025-11-25,21.05,21.42,20.87,21.4,70570686.0,1496052471.0,21162851947.0,0.0033346491378731,601166
2025-11-26,21.44,21.62,21.24,21.3,52205802.0,1115834134.0,21162851947.0,0.0024668604274482,601166
2025-11-27,21.24,21.44,21.11,21.39,55851532.0,1189138080.0,21162851947.0,0.0026391306871055,601166
2025-11-28,21.34,21.36,21.1,21.11,56706300.0,1202270109.0,21162851947.0,0.0026795207064725,601166
2025-12-01,20.93,21.23,20.9,21.16,77359674.0,1631303704.0,21162851947.0,0.0036554465434875,601166
2025-12-02,21.22,21.26,20.96,21.15,53146979.0,1121724094.0,21162851947.0,0.0025113334976354,601166
2025-12-03,21.1,21.29,20.93,20.94,59174490.0,1248351588.0,21162851947.0,0.0027961491271684,601166
2025-12-04,20.94,21.03,20.82,20.87,45222927.0,944873768.0,21162851947.0,0.0021369013549428,601166
2025-12-05,20.83,20.89,20.58,20.8,67135607.0,1391780995.0,21162851947.0,0.0031723326878689,601166
2025-12-08,20.8,21.04,20.76,20.88,74199558.0,1551897043.0,21162851947.0,0.0035061228130227,601166
2025-12-09,20.92,20.95,20.65,20.72,61457597.0,1275049172.0,21162851947.0,0.0029040318929562,601166
2025-12-10,20.68,20.71,20.26,20.35,71614860.0,1461613882.0,21162851947.0,0.0033839890851833,601166
2025-12-11,20.37,20.42,20.24,20.42,63022368.0,1281591161.0,21162851947.0,0.002977971407532,601166
2025-12-12,20.4,20.65,20.32,20.65,95885628.0,1967883795.0,21162851947.0,0.0045308462318847,601166
2025-12-15,20.6,20.86,20.58,20.69,50677188.0,1051157428.0,21162851947.0,0.0023946294255101,601166
2025-12-16,20.73,20.74,20.33,20.42,47521692.0,972631746.0,21162851947.0,0.0022455240021058,601166
2025-12-17,20.41,20.62,20.23,20.48,69532603.0,1419135975.0,21162851947.0,0.0032855970062133,601166
2025-12-18,20.43,20.95,20.36,20.94,67001453.0,1388716471.0,21162851947.0,0.0031659935611607,601166
2025-12-19,20.9,21.18,20.81,21.09,71706644.0,1508595195.0,21162851947.0,0.0033883261187849,601166
2025-12-22,21.1,21.23,20.96,20.99,62654940.0,1318552861.0,21162851947.0,0.0029606094753633,601166
2025-12-23,21.06,21.1,20.91,21.06,44745043.0,940645542.0,21162851947.0,0.0021143200884294,601166
2025-12-24,21.06,21.11,20.88,21.03,49921423.0,1048641826.0,21162851947.0,0.0023589175563398,601166
2025-12-25,21.03,21.24,21.02,21.04,54593953.0,1154305574.0,21162851947.0,0.0025797067964527,601166
2025-12-26,21.03,21.18,21.0,21.14,50287933.0,1061270981.0,21162851947.0,0.0023762361106121,601166
2025-12-29,21.16,21.46,21.08,21.42,75174628.0,1602749146.0,21162851947.0,0.0035521974159374,601166
2025-12-30,21.35,21.42,21.07,21.09,67534398.0,1429650769.0,21162851947.0,0.0031911766036606,601166
2025-12-31,21.13,21.18,21.03,21.06,51630336.0,1089090774.0,21162855196.000004,0.0024396677821506,601166
2026-01-05,21.09,21.17,20.94,21.05,68192102.0,1433154162.0,21162855196.000004,0.0032222543399006,601166
2026-01-06,21.05,21.48,20.92,21.46,98048600.0,2081354537.0,21162855196.000004,0.0046330515940274,601166
2026-01-07,21.47,21.58,21.16,21.24,72168253.0,1536327487.0,21162855196.000004,0.0034101378255255,601166
2026-01-08,21.2,21.23,20.86,20.92,68314913.0,1431407032.0,21162855196.000004,0.0032280574793571,601166
2026-01-09,20.98,21.06,20.79,20.84,59363078.0,1239044443.0,21162855196.000004,0.0028050599718331,601166
2026-01-12,20.81,21.01,20.68,20.92,80668018.0,1683033481.0,21162855196.000004,0.0038117738487029,601166
2026-01-13,20.94,21.17,20.86,21.01,67149008.0,1413448396.0,21162855196.000004,0.0031729654329767,601166
2026-01-14,20.97,21.18,20.51,20.51,129693381.0,2705360734.0,21162855196.000004,0.0061283498752339,601166
2026-01-15,20.51,20.69,20.27,20.32,101176246.0,2071464781.0,21162855196.000004,0.0047808410095403,601166
2026-01-16,20.41,20.45,19.97,20.08,166241062.0,3352989527.0,21162855196.000004,0.0078553229448652,601166
2026-01-19,20.06,20.2,19.97,20.08,88262009.0,1771558388.0,21162855196.000004,0.0041706096924332,601166
2026-01-20,20.08,20.17,19.92,20.09,92084679.0,1847923240.0,21162855196.000004,0.0043512408012603,601166
2026-01-21,20.13,20.27,19.58,19.61,148401565.0,2945354261.0,21162855196.000004,0.0070123602711249,601166
2026-01-22,19.67,19.84,19.32,19.35,145943397.0,2842796271.0,21162855196.000004,0.0068962054339239,601166
2026-01-23,19.37,19.56,19.01,19.12,170954742.0,3289784766.0,21162855196.000004,0.0080780565957051,601166
2026-01-26,19.11,19.17,18.87,18.88,212426687.0,4032081238.0,21162855196.000004,0.0100377139583769,601166
2026-01-27,18.9,19.1,18.77,18.82,137878584.0,2610346338.0,21162855196.000004,0.0065151220250309,601166
2026-01-28,18.81,18.89,18.51,18.55,204522726.0,3817641687.0,21162855196.000004,0.0096642312252203,601166
2026-01-29,18.57,18.99,18.35,18.89,239284074.0,4455195879.0,21162855196.000004,0.0113067954103483,601166
2026-01-30,18.9,19.18,18.7,18.7,149706906.0,2832333599.0,21162855196.000004,0.0070740410314906,601166
2026-02-02,18.72,19.2,18.72,18.87,159123357.0,3025190516.0,21162855995.0,0.0075189925706433,601166
2026-02-03,18.93,18.99,18.76,18.89,101047222.0,1905561560.0,21162855995.0,0.0047747441093902,601166
2026-02-04,18.87,19.22,18.83,19.18,115136738.0,2198841159.0,21162855995.0,0.0054405103936445,601166
2026-02-05,19.2,19.49,19.2,19.38,119848229.0,2318435836.0,21162855995.0,0.0056631406001305,601166
2026-02-06,18.82,18.96,18.72,18.85,104845537.0,1974567154.0,21162855995.0,0.0049542243742891,601166
2026-02-09,18.85,18.97,18.76,18.88,64439529.0,1215569554.0,21162855995.0,0.0030449353818418,601166
2026-02-10,18.88,18.96,18.8,18.82,51870605.0,978050860.0,21162855995.0,0.0024510210253405,601166
2026-02-11,18.89,18.89,18.75,18.86,52058903.0,980527831.0,21162855995.0,0.0024599185956895,601166
2026-02-12,18.86,18.86,18.56,18.59,77762241.0,1450221249.0,21162855995.0,0.0036744681822894,601166
2026-02-13,18.6,18.66,18.45,18.49,66259388.0,1228885342.0,21162855995.0,0.0031309284538747,601166
2026-02-24,18.55,18.59,18.35,18.35,81562485.0,1503552137.0,21162855995.0,0.0038540395974565,601166
2026-02-25,18.37,18.49,18.27,18.3,86086167.0,1581398387.0,21162855995.0,0.0040677953401156,601166
2026-02-26,18.35,18.41,18.21,18.25,56823807.0,1038749152.0,21162855995.0,0.002685072705377,601166
2026-02-27,18.24,18.45,18.24,18.31,87003521.0,1596476710.0,21162855995.0,0.0041111427030716,601166
2026-03-02,18.26,18.42,18.21,18.31,85283543.0,1562216135.0,21162855995.0,0.0040298692681247,601166
2026-03-03,18.32,18.6,18.25,18.44,120307080.0,2219475157.0,21162855995.0,0.0056848225035611,601166
2026-03-04,18.38,18.42,18.02,18.14,117524438.0,2137689519.0,21162855995.0,0.0055533354301407,601166
2026-03-05,18.16,18.48,18.15,18.47,88303688.0,1620828335.0,21162855995.0,0.0041725789761487,601166
2026-03-06,18.4,18.57,18.38,18.52,58880320.0,1090246420.0,21162855995.0,0.0027822482945549,601166
2026-03-09,18.4,18.53,18.29,18.3,93932811.0,1726858928.0,21162855995.0,0.0044385696818138,601166
2026-03-10,18.32,18.52,18.3,18.47,61572691.0,1133935349.0,21162855995.0,0.0029094698283892,601166
2026-03-11,18.49,18.71,18.4,18.71,74255828.0,1380734146.0,21162855995.0,0.0035087810462606,601166
2026-03-12,18.68,18.83,18.66,18.81,70194562.0,1316943935.0,21162855995.0,0.0033168756625563,601166
2026-03-13,18.8,18.99,18.73,18.83,66844636.0,1260095011.0,21162855995.0,0.0031585829443716,601166
2026-03-16,18.88,18.97,18.78,18.83,71595899.0,1350807352.0,21162855995.0,0.0033830924813227,601166
2026-03-17,18.84,19.07,18.8,19.01,82046147.0,1558210536.0,21162855995.0,0.0038768938851818,601166
2026-03-18,19.0,19.05,18.84,18.95,63523202.0,1203070388.0,21162855995.0,0.0030016365473076,601166
2026-03-19,18.89,19.0,18.81,18.83,65973866.0,1247222560.0,21162855995.0,0.0031174367966018,601166
2026-03-20,18.85,18.96,18.76,18.79,66428256.0,1252054816.0,21162855995.0,0.0031389079061774,601166
2026-03-23,18.65,18.66,18.14,18.24,109236970.0,2004203291.0,21162855995.0,0.0051617310076583,601166
2026-03-24,18.3,18.73,18.3,18.72,81747871.0,1518857186.0,21162855995.0,0.00386279956823,601166
2026-03-25,18.78,18.79,18.58,18.76,58180014.0,1086900488.0,21162855995.0,0.0027491570142397,601166
2026-03-26,18.75,18.98,18.71,18.88,58122160.0,1097370098.0,21162855995.0,0.0027464232622351,601166
2026-03-27,18.8,18.92,18.69,18.7,58732428.0,1102223367.0,21162855995.0,0.0027752600128204,601166
2026-03-30,18.6,18.73,18.54,18.69,62244802.0,1161063038.0,21162855995.0,0.0029412288216064,601166
2026-03-31,18.72,18.96,18.69,18.82,75026646.0,1416081247.0,21162857293.0,0.0035452039845685,601166
2026-04-01,18.89,19.09,18.82,18.91,74201531.0,1406437577.0,21162857293.0,0.0035062151567096,601166
2026-04-02,18.91,18.98,18.81,18.9,50959388.0,962974710.0,21162857293.0,0.00240796350391,601166
2026-04-03,18.9,18.92,18.65,18.69,47915154.0,898497057.0,21162857293.0,0.0022641155367923,601166
2026-04-07,18.7,18.79,18.49,18.53,55792184.0,1039680869.0,21162857293.0,0.0026363256732092,601166
2026-04-08,18.67,18.83,18.6,18.78,65101594.0,1219458769.0,21162857293.0,0.0030762194867483,601166
2026-04-09,18.73,18.78,18.56,18.6,51041106.0,950465252.0,21162857293.0,0.0024118248917589,601166
2026-04-10,18.61,18.65,18.53,18.53,60252420.0,1118859663.0,21162857293.0,0.0028470834143898,601166
2026-04-13,18.51,18.52,18.37,18.42,50247999.0,925380718.0,21162857293.0,0.0023743485250746,601166
2026-04-14,18.44,18.57,18.43,18.57,48202480.0,892443849.0,21162857293.0,0.0022776924369255,601166
2026-04-15,18.58,18.75,18.57,18.7,55537897.0,1037196948.0,21162857293.0,0.0026243099516798,601166
2026-04-16,18.69,18.79,18.57,18.61,55861983.0,1042351514.0,21162857293.0,0.002639623857336,601166
2026-04-17,18.6,18.61,18.4,18.4,83107167.0,1533711842.0,21162857293.0,0.0039270295995186,601166
2026-04-20,18.42,18.46,18.34,18.36,100867702.0,1855047040.0,21162857293.0,0.0047662610300436,601166
2026-04-21,18.37,18.68,18.36,18.42,105943311.0,1961763384.0,21162857293.0,0.0050060967445564,601166
2026-04-22,18.44,18.47,18.22,18.22,126628680.0,2317850133.0,21162857293.0,0.0059835341819313,601166
2026-04-23,18.22,18.28,18.13,18.2,96963893.0,1763937165.0,21162857293.0,0.0045817959105206,601166
2026-04-24,18.18,18.32,18.11,18.18,80731011.0,1469908571.0,21162857293.0,0.0038147500539401,601166
2026-04-27,18.23,18.41,18.16,18.17,108583390.0,1982718020.0,21162857293.0,0.005130847337704,601166
2026-04-28,18.18,18.21,18.04,18.14,86419459.0,1566028965.0,21162857293.0,0.0040835440037005,601166
2026-04-29,18.09,18.18,18.05,18.18,96684445.0,1750964455.0,21162857293.0,0.0045685912663589,601166
2026-04-30,18.03,18.04,17.84,17.93,153038670.0,2744334777.0,21162857293.0,0.0072314748373141,601166
2026-05-06,17.94,17.97,17.74,17.79,135142601.0,2406410705.0,21162857293.0,0.0063858390730962,601166
2026-05-07,17.81,17.85,17.74,17.75,87157904.0,1548628066.0,21162857293.0,0.0041184374488424,601166
2026-05-08,17.76,17.84,17.72,17.73,84968307.0,1508738481.0,21162857293.0,0.0040149733007983,601166
2026-05-11,17.72,17.76,17.65,17.73,93445821.0,1653649395.0,21162857293.0,0.0044155578666075,601166
2026-05-12,17.73,17.82,17.71,17.75,105805289.0,1878698534.0,21162857293.0,0.0049995748463983,601166
2026-05-13,17.78,17.81,17.69,17.69,80607397.0,1428862238.0,21162857293.0,0.003808908971222,601166
2026-05-14,17.68,17.74,17.58,17.69,90921199.0,1604646427.0,21162857293.0,0.0042962629167316,601166
2026-05-15,17.67,17.81,17.6,17.67,86475009.0,1530401230.0,21162857293.0,0.0040861688855504,601166
2026-05-18,17.66,17.66,17.38,17.45,89116079.0,1557576583.0,21162857293.0,0.0042109663060231,601166
2026-05-19,17.45,17.7,17.45,17.5,82925693.0,1457733223.0,21162857293.0,0.0039184544814479,601166
2026-05-20,17.52,17.52,17.33,17.33,65283104.0,1136757138.0,21162857293.0,0.0030847963059125,601166
2026-05-21,17.33,17.42,17.28,17.37,78679762.0,1365096741.0,21162857293.0,0.0037178232084012,601166
2026-05-22,17.32,17.59,17.28,17.46,97319736.0,1698769878.0,21162857293.0,0.0045986104169492,601166
