date,open,high,low,close,volume,amount,outstanding_share,turnover,ticker
2000-06-08,39.8,59.98,39.8,57.5,23573000.0,1304305577.0,30000000.0,0.7857666666666666,000988
2000-06-09,57.6,58.5,55.0,55.03,5821800.0,328688138.0,30000000.0,0.19406,000988
2000-06-12,55.13,60.53,55.13,58.61,3635400.0,211105278.0,30000000.0,0.12118,000988
2000-06-13,58.6,59.49,57.5,57.85,1733000.0,100691660.0,30000000.0,0.0577666666666666,000988
2000-06-14,58.01,58.44,55.9,56.05,1643400.0,92928416.0,30000000.0,0.05478,000988
2000-06-15,56.1,57.4,55.8,56.49,903100.0,51052276.0,30000000.0,0.0301033333333333,000988
2000-06-16,56.56,58.0,55.9,56.15,1010700.0,57119241.0,30000000.0,0.03369,000988
2000-06-19,56.0,56.6,55.15,55.65,663500.0,36907647.0,30000000.0,0.0221166666666666,000988
2000-06-20,55.67,56.5,55.4,56.4,377800.0,21162387.0,30000000.0,0.0125933333333333,000988
2000-06-21,56.8,61.18,56.45,58.2,2067000.0,121725817.0,30000000.0,0.0689,000988
2000-06-22,58.3,58.5,57.38,57.5,925600.0,53693559.0,30000000.0,0.0308533333333333,000988
2000-06-23,57.78,59.99,57.78,59.52,1447300.0,85256710.0,30000000.0,0.0482433333333333,000988
2000-06-26,59.8,60.5,58.7,58.93,1257600.0,75018069.0,30000000.0,0.04192,000988
2000-06-27,59.0,59.4,58.5,58.59,573600.0,33772061.0,30000000.0,0.01912,000988
2000-06-28,58.4,59.66,58.22,58.5,597000.0,35119253.0,30000000.0,0.0199,000988
2000-06-29,58.62,58.79,56.98,58.04,957700.0,55260560.0,30000000.0,0.0319233333333333,000988
2000-06-30,57.88,58.02,57.2,57.31,361400.0,20806823.0,30000000.0,0.0120466666666666,000988
2000-07-03,57.0,57.0,55.67,55.97,698000.0,39258689.0,30000000.0,0.0232666666666666,000988
2000-07-04,55.69,56.58,55.69,56.35,321300.0,18040808.0,30000000.0,0.01071,000988
2000-07-05,56.35,56.77,55.9,56.02,247900.0,13933784.0,30000000.0,0.0082633333333333,000988
2000-07-06,56.0,57.2,55.7,56.88,222700.0,12549897.0,30000000.0,0.0074233333333333,000988
2000-07-07,56.18,57.89,56.18,57.27,265900.0,15221720.0,30000000.0,0.0088633333333333,000988
2000-07-10,58.3,62.19,58.0,59.94,1480200.0,89320464.0,30000000.0,0.04934,000988
2000-07-11,60.4,61.6,58.75,61.13,834500.0,50060066.0,30000000.0,0.0278166666666666,000988
2000-07-12,61.4,61.6,60.0,60.85,555400.0,33820973.0,30000000.0,0.0185133333333333,000988
2000-07-13,60.7,65.4,60.6,64.72,2036500.0,129349599.0,30000000.0,0.0678833333333333,000988
2000-07-14,65.0,65.39,63.51,64.24,856400.0,55182954.0,30000000.0,0.0285466666666666,000988
2000-07-17,64.0,64.87,62.0,62.05,571400.0,36087980.0,30000000.0,0.0190466666666666,000988
2000-07-18,62.1,62.79,61.62,62.74,592500.0,36755351.0,30000000.0,0.01975,000988
2000-07-19,62.88,65.5,62.88,63.91,797300.0,51340566.0,30000000.0,0.0265766666666666,000988
2000-07-20,63.5,64.4,62.3,62.82,567100.0,35807504.0,30000000.0,0.0189033333333333,000988
2000-07-21,62.88,64.05,62.88,63.04,423800.0,26862683.0,30000000.0,0.0141266666666666,000988
2000-07-24,63.1,63.38,61.23,61.33,583400.0,36224482.0,30000000.0,0.0194466666666666,000988
2000-07-25,61.1,61.78,60.61,60.86,473600.0,28896218.0,30000000.0,0.0157866666666666,000988
2000-07-26,60.78,62.49,60.68,61.1,294000.0,18071673.0,30000000.0,0.0098,000988
2000-07-27,61.3,61.9,60.88,61.38,302600.0,18547758.0,30000000.0,0.0100866666666666,000988
2000-07-28,61.38,63.1,61.03,62.7,351200.0,21854426.0,30000000.0,0.0117066666666666,000988
2000-07-31,63.0,63.6,62.0,62.2,531500.0,33434070.0,30000000.0,0.0177166666666666,000988
2000-08-01,62.56,63.0,61.12,61.27,319400.0,19728662.0,30000000.0,0.0106466666666666,000988
2000-08-02,61.27,62.28,60.8,62.0,306600.0,18792920.0,30000000.0,0.01022,000988
2000-08-03,62.2,63.0,61.51,62.78,374500.0,23394590.0,30000000.0,0.0124833333333333,000988
2000-08-04,60.1,62.28,60.1,61.3,720500.0,44310883.0,30000000.0,0.0240166666666666,000988
2000-08-07,61.0,61.5,60.32,60.88,644800.0,39214937.0,30000000.0,0.0214933333333333,000988
2000-08-08,60.9,61.8,60.9,61.19,345900.0,21266585.0,30000000.0,0.01153,000988
2000-08-09,61.3,62.7,61.0,62.41,474200.0,29428986.0,30000000.0,0.0158066666666666,000988
2000-08-10,62.88,63.48,62.22,63.16,594000.0,37213215.0,30000000.0,0.0198,000988
2000-08-11,63.21,63.85,62.2,62.25,354300.0,22292314.0,30000000.0,0.01181,000988
2000-08-14,62.25,65.2,62.0,65.0,981100.0,63175999.0,30000000.0,0.0327033333333333,000988
2000-08-15,65.39,68.0,65.2,67.53,1894800.0,126615885.0,30000000.0,0.06316,000988
2000-08-16,68.0,68.0,66.18,66.35,405200.0,27035872.0,30000000.0,0.0135066666666666,000988
2000-08-17,66.0,67.0,66.0,66.52,354900.0,23604371.0,30000000.0,0.01183,000988
2000-08-18,66.6,66.6,64.58,64.69,408000.0,26638904.0,30000000.0,0.0136,000988
2000-08-21,64.7,64.91,64.1,64.81,254300.0,16407114.0,30000000.0,0.0084766666666666,000988
2000-08-22,64.5,64.8,63.11,63.11,295600.0,18923556.0,30000000.0,0.0098533333333333,000988
2000-08-23,63.0,63.78,60.1,62.0,617400.0,38219973.0,30000000.0,0.02058,000988
2000-08-24,62.1,62.68,61.41,61.56,678300.0,41970638.0,30000000.0,0.02261,000988
2000-08-25,61.6,64.01,61.56,63.87,205400.0,12968198.0,30000000.0,0.0068466666666666,000988
2000-08-28,63.86,63.88,62.0,62.38,292900.0,18339351.0,30000000.0,0.0097633333333333,000988
2000-08-29,62.51,63.0,62.33,62.5,208300.0,13032938.0,30000000.0,0.0069433333333333,000988
2000-08-30,62.5,62.88,61.48,62.0,390700.0,24197728.0,30000000.0,0.0130233333333333,000988
2000-08-31,61.5,61.9,60.7,60.73,410600.0,25078328.0,30000000.0,0.0136866666666666,000988
2000-09-01,60.51,61.2,60.2,60.99,264700.0,16094727.0,30000000.0,0.0088233333333333,000988
2000-09-04,60.5,62.35,60.5,62.3,175600.0,10771658.0,30000000.0,0.0058533333333333,000988
2000-09-05,62.5,62.5,60.8,61.04,203700.0,12462200.0,30000000.0,0.00679,000988
2000-09-06,60.6,61.48,60.25,60.77,197256.0,11957494.0,30000000.0,0.0065752,000988
2000-09-07,60.77,62.0,60.5,61.78,142600.0,8709981.0,30000000.0,0.0047533333333333,000988
2000-09-11,62.1,63.5,61.72,63.42,364800.0,22857678.0,30000000.0,0.01216,000988
2000-09-12,63.4,63.4,62.02,62.79,129200.0,8099710.0,30000000.0,0.0043066666666666,000988
2000-09-13,62.45,62.9,62.2,62.4,97500.0,6091682.0,30000000.0,0.00325,000988
2000-09-14,62.0,62.77,61.9,62.03,75100.0,4680935.0,30000000.0,0.0025033333333333,000988
2000-09-15,62.0,62.01,60.98,61.03,197600.0,12136365.0,30000000.0,0.0065866666666666,000988
2000-09-18,60.8,61.5,60.6,61.1,155900.0,9514139.0,30000000.0,0.0051966666666666,000988
2000-09-19,61.1,62.48,60.86,61.12,281000.0,17308111.0,30000000.0,0.0093666666666666,000988
2000-09-20,61.21,63.15,61.2,62.58,237200.0,14766399.0,30000000.0,0.0079066666666666,000988
2000-09-21,63.0,65.5,62.8,63.74,1006600.0,64821239.0,30000000.0,0.0335533333333333,000988
2000-09-22,63.75,64.35,63.0,63.22,255000.0,16230674.0,30000000.0,0.0085,000988
2000-09-25,63.5,65.2,62.51,63.39,308400.0,19707004.0,30000000.0,0.01028,000988
2000-09-26,63.41,64.05,62.5,63.05,359200.0,22657593.0,30000000.0,0.0119733333333333,000988
2000-09-27,63.06,64.5,62.65,64.49,205200.0,13060866.0,30000000.0,0.00684,000988
2000-09-28,64.09,64.49,62.95,63.05,136500.0,8663202.0,30000000.0,0.00455,000988
2000-09-29,63.5,66.8,63.0,65.75,1088300.0,71285760.0,30000000.0,0.0362766666666666,000988
2000-10-09,65.98,68.3,65.6,68.08,1100100.0,74361056.0,30000000.0,0.03667,000988
2000-10-10,68.0,68.5,66.72,66.9,477900.0,32183224.0,30000000.0,0.01593,000988
2000-10-11,66.91,67.4,65.55,65.74,432100.0,28548338.0,30000000.0,0.0144033333333333,000988
2000-10-12,66.0,66.98,65.1,65.32,258300.0,17033053.0,30000000.0,0.00861,000988
2000-10-13,65.5,66.49,64.9,65.65,287400.0,18835299.0,30000000.0,0.00958,000988
2000-10-16,65.4,67.5,65.1,66.98,340200.0,22752234.0,30000000.0,0.01134,000988
2000-10-17,66.99,70.6,66.6,70.09,1067100.0,73988648.0,30000000.0,0.03557,000988
2000-10-18,69.66,75.5,69.6,75.44,1940700.0,142209701.0,30000000.0,0.06469,000988
2000-10-19,75.5,76.0,73.6,75.06,1256400.0,94120331.0,30000000.0,0.04188,000988
2000-10-20,75.5,82.0,75.33,78.42,3197700.0,253538533.0,30000000.0,0.10659,000988
2000-10-23,78.5,80.5,77.06,80.46,1393800.0,110080685.0,30000000.0,0.04646,000988
2000-10-24,80.6,83.23,79.1,83.0,1303500.0,106230535.0,30000000.0,0.04345,000988
2000-10-25,83.15,84.62,80.1,80.2,1650800.0,135995464.0,30000000.0,0.0550266666666666,000988
2000-10-26,79.5,80.5,77.5,77.86,1243900.0,98009039.0,30000000.0,0.0414633333333333,000988
2000-10-27,77.61,80.2,77.61,79.16,825600.0,65290912.0,30000000.0,0.02752,000988
2000-10-30,79.88,79.98,78.0,78.26,427300.0,33639338.0,30000000.0,0.0142433333333333,000988
2000-10-31,78.0,78.7,75.62,76.2,846700.0,65014436.0,30000000.0,0.0282233333333333,000988
2000-11-01,76.11,77.61,75.8,77.5,552300.0,42329108.0,30000000.0,0.01841,000988
2000-11-02,77.37,78.5,76.55,77.43,448700.0,34658095.0,30000000.0,0.0149566666666666,000988
2000-11-03,77.5,79.48,77.5,77.93,303500.0,23796543.0,30000000.0,0.0101166666666666,000988
2000-11-06,77.9,80.0,77.8,78.86,473800.0,37571406.0,30000000.0,0.0157933333333333,000988
2000-11-07,79.39,80.5,78.9,80.0,310100.0,24760615.0,30000000.0,0.0103366666666666,000988
2000-11-08,80.0,80.4,79.01,79.99,197500.0,15681797.0,30000000.0,0.0065833333333333,000988
2000-11-09,80.0,80.55,79.4,79.93,285400.0,22784810.0,30000000.0,0.0095133333333333,000988
2000-11-10,80.2,83.0,80.2,82.39,589400.0,48187130.0,30000000.0,0.0196466666666666,000988
2000-11-13,82.5,82.9,80.81,81.58,420400.0,34186424.0,30000000.0,0.0140133333333333,000988
2000-11-14,82.0,82.0,73.42,78.95,449900.0,35653082.0,30000000.0,0.0149966666666666,000988
2000-11-15,78.49,78.49,76.3,77.7,641700.0,49594377.0,30000000.0,0.02139,000988
2000-11-16,77.05,78.44,76.58,77.39,461500.0,35589668.0,30000000.0,0.0153833333333333,000988
2000-11-17,77.5,78.0,76.61,77.04,301000.0,23225041.0,30000000.0,0.0100333333333333,000988
2000-11-20,76.99,77.0,75.51,75.81,451415.0,34313188.0,30000000.0,0.0150471666666666,000988
2000-11-21,75.7,77.9,75.51,76.92,237313.0,18206369.0,30000000.0,0.0079104333333333,000988
2000-11-22,77.39,77.6,76.3,77.0,124988.0,9616080.0,30000000.0,0.0041662666666666,000988
2000-11-23,77.0,77.48,76.51,76.9,223894.0,17208570.0,30000000.0,0.0074631333333333,000988
2000-11-24,76.2,77.0,74.0,75.52,501858.0,37960016.0,30000000.0,0.0167286,000988
2000-11-27,74.79,75.4,73.8,74.01,298831.0,22251889.0,30000000.0,0.0099610333333333,000988
2000-11-28,73.68,74.5,73.68,74.3,235952.0,17451411.0,30000000.0,0.0078650666666666,000988
2000-11-29,74.02,74.5,72.5,73.01,441952.0,32353134.0,30000000.0,0.0147317333333333,000988
2000-11-30,72.11,75.3,72.11,74.58,312043.0,23203404.0,30000000.0,0.0104014333333333,000988
2000-12-01,74.81,75.25,73.48,74.88,122455.0,9062296.0,30000000.0,0.0040818333333333,000988
2000-12-04,74.48,74.68,73.21,74.46,135038.0,9940542.0,30000000.0,0.0045012666666666,000988
2000-12-05,74.0,74.44,73.28,74.18,122178.0,8978849.0,30000000.0,0.0040726,000988
2000-12-06,74.33,74.88,73.5,73.62,100100.0,7421023.0,30000000.0,0.0033366666666666,000988
2000-12-07,73.47,74.48,73.4,74.22,71884.0,5316286.0,30000000.0,0.0023961333333333,000988
2000-12-08,74.19,74.2,73.61,73.81,86180.0,6360842.0,30000000.0,0.0028726666666666,000988
2000-12-11,73.6,73.9,71.9,72.33,412602.0,30122796.0,30000000.0,0.0137534,000988
2000-12-12,71.99,72.1,70.0,70.94,403677.0,28627514.0,30000000.0,0.0134559,000988
2000-12-13,70.79,70.9,68.95,69.76,634029.0,44196906.0,30000000.0,0.0211343,000988
2000-12-14,69.69,70.0,68.3,68.3,488388.0,33666440.0,30000000.0,0.0162796,000988
2000-12-15,68.3,69.88,68.1,69.85,448281.0,30793100.0,30000000.0,0.0149427,000988
2000-12-18,69.0,72.3,68.38,71.94,553969.0,39277240.0,30000000.0,0.0184656333333333,000988
2000-12-19,71.8,72.25,70.08,70.3,252284.0,18018429.0,30000000.0,0.0084094666666666,000988
2000-12-20,70.0,72.4,69.6,71.78,223310.0,16028921.0,30000000.0,0.0074436666666666,000988
2000-12-21,71.9,72.47,70.75,70.96,149388.0,10668624.0,30000000.0,0.0049796,000988
2000-12-22,71.5,72.0,69.0,69.27,257969.0,18002709.0,30000000.0,0.0085989666666666,000988
2000-12-25,70.0,70.47,69.5,70.03,99616.0,6954629.0,30000000.0,0.0033205333333333,000988
2000-12-26,70.58,70.89,68.2,69.95,189044.0,13186941.0,30000000.0,0.0063014666666666,000988
2000-12-27,69.9,70.2,68.36,68.5,340578.0,23423433.0,30000000.0,0.0113526,000988
2000-12-28,68.39,69.49,68.3,68.7,279756.0,19197854.0,30000000.0,0.0093252,000988
2000-12-29,68.88,71.0,68.7,68.91,438099.0,30398813.0,30000000.0,0.0146033,000988
2001-01-02,69.8,70.99,69.02,70.45,153165.0,10755291.0,30000000.0,0.0051055,000988
2001-01-03,70.5,72.38,70.1,72.07,362638.0,25921671.0,30000000.0,0.0120879333333333,000988
2001-01-04,72.59,72.89,71.58,71.61,230597.0,16647687.0,30000000.0,0.0076865666666666,000988
2001-01-05,71.5,72.33,69.9,70.14,209510.0,14745428.0,30000000.0,0.0069836666666666,000988
2001-01-08,69.99,69.99,66.5,66.91,626912.0,42348055.0,30000000.0,0.0208970666666666,000988
2001-01-09,66.5,70.0,65.8,67.5,238990.0,16036636.0,30000000.0,0.0079663333333333,000988
2001-01-10,67.48,67.5,66.5,67.15,221449.0,14809610.0,30000000.0,0.0073816333333333,000988
2001-01-11,66.9,67.0,65.3,65.59,416305.0,27472478.0,30000000.0,0.0138768333333333,000988
2001-01-12,65.0,65.05,63.5,63.64,491496.0,31350044.0,30000000.0,0.0163832,000988
2001-01-15,62.0,62.0,60.0,60.15,587426.0,35972882.0,30000000.0,0.0195808666666666,000988
2001-01-16,59.2,61.96,59.0,59.42,433094.0,25848673.0,30000000.0,0.0144364666666666,000988
2001-01-17,59.0,59.8,54.9,56.01,1580830.0,89015473.0,30000000.0,0.0526943333333333,000988
2001-01-18,55.5,57.18,55.3,57.05,397050.0,22519306.0,30000000.0,0.013235,000988
2001-01-19,57.05,58.17,56.8,57.4,595401.0,34171778.0,30000000.0,0.0198467,000988
2001-02-05,57.0,57.0,51.66,51.66,1385168.0,72980320.0,30000000.0,0.0461722666666666,000988
2001-02-06,50.0,51.5,49.0,51.2,672288.0,33628431.0,30000000.0,0.0224096,000988
2001-02-07,51.48,51.48,50.0,50.57,204520.0,10348640.0,30000000.0,0.0068173333333333,000988
2001-02-08,50.4,50.98,47.95,48.02,441289.0,21723311.0,30000000.0,0.0147096333333333,000988
2001-02-09,49.0,49.98,46.91,48.5,1511875.0,72837283.0,30000000.0,0.0503958333333333,000988
2001-02-12,48.61,48.89,46.6,48.07,1672463.0,78929414.0,30000000.0,0.0557487666666666,000988
2001-02-13,48.0,49.2,48.0,48.16,1000761.0,48610717.0,30000000.0,0.0333587,000988
2001-02-14,48.6,49.65,48.35,49.2,476993.0,23413788.0,30000000.0,0.0158997666666666,000988
2001-02-15,49.26,49.58,47.61,47.74,396013.0,19196928.0,30000000.0,0.0132004333333333,000988
2001-02-16,47.5,51.05,47.1,51.01,923033.0,45590631.0,30000000.0,0.0307677666666666,000988
2001-02-19,51.0,51.98,49.87,51.47,759260.0,38916375.0,30000000.0,0.0253086666666666,000988
2001-02-20,51.7,53.9,50.5,50.77,1013434.0,52787586.0,30000000.0,0.0337811333333333,000988
2001-02-21,50.5,50.5,48.9,49.42,458999.0,22778835.0,30000000.0,0.0152999666666666,000988
2001-02-22,49.0,51.8,48.8,50.76,469533.0,23861596.0,30000000.0,0.0156511,000988
2001-02-23,50.78,51.75,50.41,51.64,346443.0,17715045.0,30000000.0,0.0115481,000988
2001-02-26,51.81,52.5,50.88,51.85,478510.0,24638501.0,30000000.0,0.0159503333333333,000988
2001-02-27,51.86,52.3,50.2,51.19,544464.0,27685307.0,30000000.0,0.0181488,000988
2001-02-28,49.89,50.98,49.66,49.85,630768.0,31591664.0,30000000.0,0.0210256,000988
2001-03-01,49.5,50.8,49.1,50.09,272461.0,13627579.0,30000000.0,0.0090820333333333,000988
2001-03-02,50.0,51.0,49.9,50.7,581528.0,29218030.0,30000000.0,0.0193842666666666,000988
2001-03-05,51.25,51.34,49.48,49.62,557620.0,27820777.0,30000000.0,0.0185873333333333,000988
2001-03-06,49.61,50.14,49.51,50.11,235137.0,11708886.0,30000000.0,0.0078379,000988
2001-03-07,50.2,50.45,49.88,49.99,272430.0,13630701.0,30000000.0,0.009081,000988
2001-03-08,49.99,50.3,49.81,50.18,290774.0,14546475.0,30000000.0,0.0096924666666666,000988
2001-03-09,50.38,51.5,50.08,50.99,673393.0,34401071.0,30000000.0,0.0224464333333333,000988
2001-03-12,51.3,51.5,50.0,50.3,315818.0,15931512.0,30000000.0,0.0105272666666666,000988
2001-03-13,50.3,50.3,49.0,49.37,406786.0,20118990.0,30000000.0,0.0135595333333333,000988
2001-03-14,49.14,49.99,48.81,49.5,173750.0,8588089.0,30000000.0,0.0057916666666666,000988
2001-03-15,49.49,49.92,49.18,49.36,165364.0,8166302.0,30000000.0,0.0055121333333333,000988
2001-03-16,49.4,49.9,49.3,49.66,175451.0,8702565.0,30000000.0,0.0058483666666666,000988
2001-03-19,49.5,49.5,48.52,48.84,265591.0,12958698.0,30000000.0,0.0088530333333333,000988
2001-03-20,48.7,49.2,48.61,48.85,179594.0,8775400.0,30000000.0,0.0059864666666666,000988
2001-03-21,48.8,49.99,48.75,49.77,203558.0,10092121.0,30000000.0,0.0067852666666666,000988
2001-03-22,49.89,51.4,49.89,51.37,619280.0,31479621.0,30000000.0,0.0206426666666666,000988
2001-03-23,51.7,53.1,51.6,51.63,1075025.0,56112289.0,30000000.0,0.0358341666666666,000988
2001-03-26,51.1,52.05,51.02,51.75,400969.0,20676758.0,30000000.0,0.0133656333333333,000988
2001-03-27,51.97,54.3,51.88,53.36,956900.0,50710242.0,30000000.0,0.0318966666666666,000988
2001-03-28,53.8,53.96,52.48,52.75,296856.0,15704586.0,30000000.0,0.0098952,000988
2001-03-29,52.75,52.93,51.65,51.68,347076.0,18005529.0,30000000.0,0.0115692,000988
2001-04-02,52.0,53.73,52.0,53.08,646730.0,34285852.0,30000000.0,0.0215576666666666,000988
2001-04-03,53.17,53.25,52.8,53.0,564200.0,29917645.0,30000000.0,0.0188066666666666,000988
2001-04-04,53.0,53.0,51.22,51.46,273390.0,14293330.0,30000000.0,0.009113,000988
2001-04-05,51.22,51.8,51.0,51.51,288471.0,14789414.0,30000000.0,0.0096157,000988
2001-04-06,51.8,52.45,51.55,51.77,152527.0,7914645.0,30000000.0,0.0050842333333333,000988
2001-04-09,51.9,51.9,51.2,51.82,151637.0,7806522.0,30000000.0,0.0050545666666666,000988
2001-04-10,51.9,52.44,51.35,52.07,145604.0,7565341.0,30000000.0,0.0048534666666666,000988
2001-04-11,52.15,52.87,52.15,52.74,156413.0,8207103.0,30000000.0,0.0052137666666666,000988
2001-04-12,52.98,54.5,52.5,53.03,820608.0,44019771.0,30000000.0,0.0273536,000988
2001-04-13,53.03,53.26,52.56,53.0,222059.0,11766812.0,30000000.0,0.0074019666666666,000988
2001-04-16,53.2,54.4,52.78,54.01,780534.0,41917803.0,30000000.0,0.0260178,000988
2001-04-17,54.4,56.6,53.98,56.07,1346832.0,74647315.0,30000000.0,0.0448944,000988
2001-04-18,56.25,56.49,54.58,54.94,642078.0,35506764.0,30000000.0,0.0214026,000988
2001-04-19,54.99,55.58,54.0,55.08,398996.0,21802349.0,30000000.0,0.0132998666666666,000988
2001-04-20,55.18,56.24,54.35,54.52,679916.0,37720346.0,30000000.0,0.0226638666666666,000988
2001-04-23,54.5,55.0,53.03,53.32,381163.0,20431178.0,30000000.0,0.0127054333333333,000988
2001-04-24,53.52,53.9,53.0,53.56,161900.0,8654000.0,30000000.0,0.0053966666666666,000988
2001-04-25,53.61,54.0,51.8,51.89,415405.0,21857612.0,30000000.0,0.0138468333333333,000988
2001-04-26,51.5,52.44,51.4,51.78,180258.0,9348257.0,30000000.0,0.0060086,000988
2001-04-27,51.8,52.5,51.75,51.98,182891.0,9525969.0,30000000.0,0.0060963666666666,000988
2001-04-30,52.1,52.52,51.79,52.1,163700.0,8512000.0,30000000.0,0.0054566666666666,000988
2001-05-08,52.28,54.17,52.2,53.97,246389.0,13182129.0,30000000.0,0.0082129666666666,000988
2001-05-09,53.95,53.95,53.0,53.25,143198.0,7650343.0,30000000.0,0.0047732666666666,000988
2001-05-10,53.3,53.73,53.2,53.29,99800.0,5337000.0,30000000.0,0.0033266666666666,000988
2001-05-11,53.4,53.87,53.2,53.35,106580.0,5695431.0,30000000.0,0.0035526666666666,000988
2001-05-14,53.53,53.85,52.82,53.5,208903.0,11106824.0,30000000.0,0.0069634333333333,000988
2001-05-15,53.51,54.58,53.5,53.64,218253.0,11780112.0,30000000.0,0.0072751,000988
2001-05-16,53.95,54.81,53.6,54.45,292215.0,15881345.0,30000000.0,0.0097405,000988
2001-05-17,54.4,54.77,53.77,54.01,204932.0,11084120.0,30000000.0,0.0068310666666666,000988
2001-05-18,54.5,57.0,54.5,55.27,1369504.0,76652606.0,30000000.0,0.0456501333333333,000988
2001-05-21,55.47,56.3,54.81,55.72,310167.0,17237366.0,30000000.0,0.0103389,000988
2001-05-22,55.6,55.69,54.0,54.29,250305.0,13705059.0,30000000.0,0.0083435,000988
2001-05-23,54.3,54.7,53.2,53.94,285392.0,15350136.0,30000000.0,0.0095130666666666,000988
2001-05-24,53.54,54.43,53.1,53.27,248763.0,13363993.0,30000000.0,0.0082921,000988
2001-05-25,53.25,53.3,52.48,53.0,220010.0,11628353.0,30000000.0,0.0073336666666666,000988
2001-05-28,52.91,53.0,52.0,52.21,193951.0,10166865.0,30000000.0,0.0064650333333333,000988
2001-05-29,52.21,53.3,52.21,52.86,133721.0,7046543.0,30000000.0,0.0044573666666666,000988
2001-05-30,53.02,53.95,52.9,53.43,148207.0,7907933.0,30000000.0,0.0049402333333333,000988
2001-05-31,53.69,53.69,52.6,52.7,207471.0,10978167.0,30000000.0,0.0069157,000988
2001-06-01,52.5,53.1,52.5,52.88,157288.0,8290335.0,30000000.0,0.0052429333333333,000988
2001-06-04,52.6,53.8,52.6,53.37,216407.0,11499650.0,30000000.0,0.0072135666666666,000988
2001-06-05,53.08,53.7,53.08,53.27,110700.0,5916307.0,30000000.0,0.00369,000988
2001-06-06,53.28,53.6,52.88,53.03,150340.0,7985424.0,30000000.0,0.0050113333333333,000988
2001-06-07,53.1,53.5,52.5,52.71,166981.0,8807802.0,30000000.0,0.0055660333333333,000988
2001-06-08,52.69,52.99,52.3,52.5,153759.0,8073053.0,30000000.0,0.0051253,000988
2001-06-11,52.52,52.58,51.9,52.08,224911.0,11737207.0,30000000.0,0.0074970333333333,000988
2001-06-12,52.0,52.44,51.88,52.19,177600.0,9239827.0,30000000.0,0.00592,000988
2001-06-13,52.15,52.9,51.8,52.63,216413.0,11264458.0,30000000.0,0.0072137666666666,000988
2001-06-14,53.0,53.0,51.41,51.56,214765.0,11168964.0,30000000.0,0.0071588333333333,000988
2001-06-15,51.2,52.46,51.11,51.86,146103.0,7540882.0,30000000.0,0.0048701,000988
2001-06-18,51.68,51.8,49.67,50.27,379098.0,19178533.0,30000000.0,0.0126366,000988
2001-06-19,50.05,50.35,49.51,50.0,178657.0,8908062.0,30000000.0,0.0059552333333333,000988
2001-06-20,50.0,50.8,49.6,50.58,269934.0,13553308.0,30000000.0,0.0089978,000988
2001-06-21,50.66,50.9,50.2,50.75,70013.0,3536460.0,30000000.0,0.0023337666666666,000988
2001-06-22,50.68,50.9,50.2,50.63,83120.0,4208521.0,30000000.0,0.0027706666666666,000988
2001-06-25,50.63,50.63,50.0,50.22,159698.0,8018754.0,30000000.0,0.0053232666666666,000988
2001-06-26,50.2,50.5,50.1,50.47,148222.0,7454340.0,30000000.0,0.0049407333333333,000988
2001-06-27,50.5,50.5,50.1,50.17,116037.0,5826684.0,30000000.0,0.0038679,000988
2001-06-28,50.17,50.17,49.58,49.63,236150.0,11765697.0,30000000.0,0.0078716666666666,000988
2001-06-29,49.65,50.5,49.57,49.86,191746.0,9573367.0,30000000.0,0.0063915333333333,000988
2001-07-02,49.7,49.7,49.0,49.05,180467.0,8881327.0,30000000.0,0.0060155666666666,000988
2001-07-03,49.0,49.65,48.9,49.43,113905.0,5605680.0,30000000.0,0.0037968333333333,000988
2001-07-04,49.44,49.5,49.0,49.1,211000.0,10372777.0,30000000.0,0.0070333333333333,000988
2001-07-05,49.2,49.9,49.0,49.58,188538.0,9334850.0,30000000.0,0.0062846,000988
2001-07-06,49.58,50.82,49.58,50.65,301903.0,15233632.0,30000000.0,0.0100634333333333,000988
2001-07-09,50.7,51.2,50.11,50.16,60611.0,3056755.0,30000000.0,0.0020203666666666,000988
2001-07-10,50.2,50.5,50.18,50.27,48410.0,2432876.0,30000000.0,0.0016136666666666,000988
2001-07-11,50.3,50.85,50.3,50.31,77339.0,3905972.0,30000000.0,0.0025779666666666,000988
2001-07-12,50.5,50.6,49.6,49.8,67939.0,3390155.0,30000000.0,0.0022646333333333,000988
2001-07-13,49.98,50.5,49.8,49.8,53000.0,2650306.0,30000000.0,0.0017666666666666,000988
2001-07-16,49.81,50.1,48.9,49.0,136777.0,6725829.0,30000000.0,0.0045592333333333,000988
2001-07-17,49.1,49.1,48.6,48.93,81477.0,3969684.0,30000000.0,0.0027159,000988
2001-07-18,49.1,49.39,48.7,49.0,54835.0,2681081.0,30000000.0,0.0018278333333333,000988
2001-07-19,49.0,49.45,49.0,49.3,31280.0,1540001.0,30000000.0,0.0010426666666666,000988
2001-07-20,49.8,50.1,49.32,49.99,60177.0,2992486.0,30000000.0,0.0020059,000988
2001-07-23,49.8,49.88,49.0,49.06,88656.0,4361248.0,30000000.0,0.0029552,000988
2001-07-24,48.5,49.0,47.55,47.64,256499.0,12308376.0,30000000.0,0.0085499666666666,000988
2001-07-25,47.28,47.55,46.6,46.86,221482.0,10418742.0,30000000.0,0.0073827333333333,000988
2001-07-26,46.61,46.9,45.11,45.18,286100.0,13101538.0,30000000.0,0.0095366666666666,000988
2001-07-27,45.0,45.0,42.69,43.3,519737.0,22679342.0,30000000.0,0.0173245666666666,000988
2001-07-30,42.69,42.69,41.3,41.5,572621.0,23890087.0,30000000.0,0.0190873666666666,000988
2001-07-31,41.0,42.4,40.81,42.34,417645.0,17469856.0,30000000.0,0.0139215,000988
2001-08-01,42.48,44.22,42.48,44.0,624134.0,27019632.0,30000000.0,0.0208044666666666,000988
2001-08-02,44.0,44.15,42.52,43.33,689473.0,29991825.0,30000000.0,0.0229824333333333,000988
2001-08-03,43.33,44.0,42.9,43.61,60335.0,2623543.0,30000000.0,0.0020111666666666,000988
2001-08-06,43.09,43.48,39.81,41.02,286279.0,11798047.0,30000000.0,0.0095426333333333,000988
2001-08-07,40.69,42.47,40.08,41.71,166450.0,6860135.0,30000000.0,0.0055483333333333,000988
2001-08-08,41.8,42.38,40.92,41.68,77667.0,3245520.0,30000000.0,0.0025889,000988
2001-08-09,41.7,42.3,41.58,42.0,130220.0,5464247.0,30000000.0,0.0043406666666666,000988
2001-08-10,42.1,43.1,41.8,42.9,189073.0,8030498.0,30000000.0,0.0063024333333333,000988
2001-08-13,42.9,43.45,42.0,42.76,98718.0,4223385.0,30000000.0,0.0032906,000988
2001-08-14,42.69,43.1,41.9,42.55,94085.0,3999928.0,30000000.0,0.0031361666666666,000988
2001-08-15,42.1,42.5,41.9,42.18,50050.0,2112340.0,30000000.0,0.0016683333333333,000988
2001-08-16,42.18,42.3,41.68,41.7,101390.0,4253780.0,30000000.0,0.0033796666666666,000988
2001-08-17,41.0,42.15,41.0,41.8,60228.0,2505306.0,30000000.0,0.0020076,000988
2001-08-20,41.3,41.9,41.01,41.35,47500.0,1975759.0,30000000.0,0.0015833333333333,000988
2001-08-21,41.35,42.1,40.3,41.23,188890.0,7821105.0,30000000.0,0.0062963333333333,000988
2001-08-22,41.0,41.5,40.0,40.21,255881.0,10339399.0,30000000.0,0.0085293666666666,000988
2001-08-23,40.0,40.01,38.58,38.87,397861.0,15555280.0,30000000.0,0.0132620333333333,000988
2001-08-24,38.49,39.42,38.11,38.21,214285.0,8253506.0,30000000.0,0.0071428333333333,000988
2001-08-27,37.81,37.9,35.9,35.92,461000.0,16891515.0,30000000.0,0.0153666666666666,000988
2001-08-28,35.49,36.98,34.98,36.83,462235.0,16365982.0,30000000.0,0.0154078333333333,000988
2001-08-29,36.9,37.6,36.11,36.78,299459.0,11095043.0,30000000.0,0.0099819666666666,000988
2001-08-30,36.52,36.52,35.62,36.0,106140.0,3830840.0,30000000.0,0.003538,000988
2001-08-31,35.99,37.15,35.8,36.8,145485.0,5311239.0,30000000.0,0.0048495,000988
2001-09-03,36.8,37.22,36.52,37.17,139900.0,5179000.0,30000000.0,0.0046633333333333,000988
2001-09-04,37.0,38.89,37.0,38.81,329295.0,12604335.0,30000000.0,0.0109765,000988
2001-09-05,38.85,39.08,38.2,38.4,223474.0,8643023.0,30000000.0,0.0074491333333333,000988
2001-09-06,38.18,38.7,37.75,37.9,85383.0,3252425.0,30000000.0,0.0028461,000988
2001-09-07,37.9,37.9,36.5,36.5,234850.0,8668683.0,30000000.0,0.0078283333333333,000988
2001-09-10,35.82,38.2,35.2,38.0,184730.0,6898277.0,30000000.0,0.0061576666666666,000988
2001-09-11,37.99,38.6,37.68,38.04,87580.0,3341425.0,30000000.0,0.0029193333333333,000988
2001-09-12,36.59,38.95,36.0,37.62,267642.0,10091932.0,30000000.0,0.0089214,000988
2001-09-13,38.08,38.78,37.66,38.13,141410.0,5412422.0,30000000.0,0.0047136666666666,000988
2001-09-14,38.0,38.3,37.4,37.4,77600.0,2921027.0,30000000.0,0.0025866666666666,000988
2001-09-17,37.41,38.0,36.6,36.66,119460.0,4404290.0,30000000.0,0.003982,000988
2001-09-18,36.7,37.8,36.7,37.15,57250.0,2135048.0,30000000.0,0.0019083333333333,000988
2001-09-19,37.58,39.39,37.1,39.27,784625.0,30563640.0,30000000.0,0.0261541666666666,000988
2001-09-20,39.5,39.65,38.5,38.76,197430.0,7727752.0,30000000.0,0.006581,000988
2001-09-21,38.5,39.08,38.4,38.54,88209.0,3414540.0,30000000.0,0.0029403,000988
2001-09-24,38.6,39.28,38.6,38.87,95535.0,3732192.0,30000000.0,0.0031845,000988
2001-09-25,39.01,39.5,38.88,38.96,72340.0,2827170.0,30000000.0,0.0024113333333333,000988
2001-09-26,38.9,38.9,37.81,38.0,96558.0,3692525.0,30000000.0,0.0032186,000988
2001-09-27,38.42,38.5,37.28,38.11,90542.0,3437569.0,30000000.0,0.0030180666666666,000988
2001-09-28,38.5,39.1,38.3,38.83,89503.0,3471013.0,30000000.0,0.0029834333333333,000988
2001-10-08,39.0,39.36,38.0,38.02,107219.0,4141609.0,30000000.0,0.0035739666666666,000988
2001-10-09,38.2,38.97,37.8,38.6,35800.0,1382996.0,30000000.0,0.0011933333333333,000988
2001-10-10,38.58,38.58,36.3,36.56,289067.0,10676842.0,30000000.0,0.0096355666666666,000988
2001-10-11,36.39,36.83,35.9,35.95,116819.0,4236763.0,30000000.0,0.0038939666666666,000988
2001-10-12,36.05,36.88,35.13,36.87,175843.0,6381006.0,30000000.0,0.0058614333333333,000988
2001-10-15,37.28,37.3,36.2,36.94,76144.0,2809993.0,30000000.0,0.0025381333333333,000988
2001-10-16,37.01,37.01,36.3,36.4,31915.0,1167956.0,30000000.0,0.0010638333333333,000988
2001-10-17,36.1,36.55,35.5,36.0,80897.0,2911644.0,30000000.0,0.0026965666666666,000988
2001-10-18,36.1,36.5,35.4,35.5,53524.0,1912025.0,30000000.0,0.0017841333333333,000988
2001-10-19,35.4,35.4,32.02,32.72,290864.0,9667028.0,30000000.0,0.0096954666666666,000988
2001-10-22,32.09,32.98,31.6,32.26,205391.0,6651514.0,30000000.0,0.0068463666666666,000988
2001-10-23,35.38,35.49,34.09,35.49,321471.0,11356342.0,30000000.0,0.0107157,000988
2001-10-24,37.49,39.04,36.08,39.04,997976.0,38073734.0,30000000.0,0.0332658666666666,000988
2001-10-25,38.98,39.68,37.5,38.51,772687.0,29995876.0,30000000.0,0.0257562333333333,000988
2001-10-26,38.01,38.45,37.5,37.99,136110.0,5155280.0,30000000.0,0.004537,000988
2001-10-29,38.0,38.44,37.8,37.9,70334.0,2675250.0,30000000.0,0.0023444666666666,000988
2001-10-30,38.1,38.15,36.5,36.52,183761.0,6820117.0,30000000.0,0.0061253666666666,000988
2001-10-31,36.49,36.49,35.62,36.19,119305.0,4299477.0,30000000.0,0.0039768333333333,000988
2001-11-01,36.3,37.26,36.3,36.82,48400.0,1784976.0,30000000.0,0.0016133333333333,000988
2001-11-02,36.7,37.05,36.6,36.78,47120.0,1735203.0,30000000.0,0.0015706666666666,000988
2001-11-05,36.78,36.89,36.0,36.02,66910.0,2424054.0,30000000.0,0.0022303333333333,000988
2001-11-06,36.2,36.58,36.0,36.16,27985.0,1013995.0,30000000.0,0.0009328333333333,000988
2001-11-07,36.35,36.35,33.88,34.01,170353.0,5954523.0,30000000.0,0.0056784333333333,000988
2001-11-08,33.57,34.6,33.02,34.34,98621.0,3336444.0,30000000.0,0.0032873666666666,000988
2001-11-09,34.1,35.28,33.8,35.0,71425.0,2474407.0,30000000.0,0.0023808333333333,000988
2001-11-12,35.2,35.2,34.2,34.79,26605.0,922156.0,30000000.0,0.0008868333333333,000988
2001-11-13,34.0,34.79,34.0,34.3,34492.0,1182819.0,30000000.0,0.0011497333333333,000988
2001-11-14,34.05,34.5,34.0,34.1,35298.0,1206564.0,30000000.0,0.0011766,000988
2001-11-15,34.0,34.39,33.33,33.91,38400.0,1301203.0,30000000.0,0.00128,000988
2001-11-16,37.29,37.3,34.6,34.61,294279.0,10444499.0,30000000.0,0.0098093,000988
2001-11-19,34.68,35.65,34.63,35.25,76092.0,2673228.0,30000000.0,0.0025364,000988
2001-11-20,35.7,36.5,35.25,36.18,134853.0,4869677.0,30000000.0,0.0044951,000988
2001-11-21,36.0,36.2,35.8,36.09,81470.0,2929820.0,30000000.0,0.0027156666666666,000988
2001-11-22,36.24,36.58,36.01,36.25,69480.0,2517512.0,30000000.0,0.002316,000988
2001-11-23,35.9,36.35,35.88,36.05,68527.0,2472347.0,30000000.0,0.0022842333333333,000988
2001-11-26,35.51,35.75,35.31,35.38,63300.0,2244881.0,30000000.0,0.00211,000988
2001-11-27,35.37,35.85,35.3,35.75,33898.0,1208379.0,30000000.0,0.0011299333333333,000988
2001-11-28,35.99,36.93,35.81,36.62,120115.0,4395541.0,30000000.0,0.0040038333333333,000988
2001-11-29,36.58,36.69,36.2,36.43,57589.0,2100704.0,30000000.0,0.0019196333333333,000988
2001-11-30,36.16,36.75,36.16,36.75,73705.0,2699034.0,30000000.0,0.0024568333333333,000988
2001-12-03,36.85,37.3,36.66,37.07,92475.0,3426077.0,30000000.0,0.0030825,000988
2001-12-04,36.94,37.48,36.61,37.28,179298.0,6604832.0,30000000.0,0.0059766,000988
2001-12-05,37.44,37.56,36.62,36.81,138852.0,5153728.0,30000000.0,0.0046284,000988
2001-12-06,36.8,37.68,36.6,37.09,124236.0,4600808.0,30000000.0,0.0041412,000988
2001-12-07,37.11,37.68,36.85,36.85,73750.0,2734676.0,30000000.0,0.0024583333333333,000988
2001-12-10,36.8,37.1,36.32,36.47,50729.0,1855167.0,30000000.0,0.0016909666666666,000988
2001-12-11,36.95,36.95,35.8,35.82,88432.0,3190525.0,30000000.0,0.0029477333333333,000988
2001-12-12,35.52,35.85,34.88,34.89,161000.0,5670295.0,30000000.0,0.0053666666666666,000988
2001-12-13,35.01,35.2,34.2,34.3,198400.0,6907399.0,30000000.0,0.0066133333333333,000988
2001-12-14,34.3,34.97,34.0,34.25,265712.0,9127721.0,30000000.0,0.0088570666666666,000988
2001-12-17,34.04,34.4,34.0,34.1,70436.0,2408596.0,30000000.0,0.0023478666666666,000988
2001-12-18,34.18,34.78,34.18,34.76,41969.0,1445818.0,30000000.0,0.0013989666666666,000988
2001-12-19,34.9,34.9,34.03,34.05,57076.0,1969665.0,30000000.0,0.0019025333333333,000988
2001-12-20,34.04,34.36,33.5,33.77,377481.0,12750316.0,30000000.0,0.0125827,000988
2001-12-21,33.7,34.48,33.51,33.82,63485.0,2149254.0,30000000.0,0.0021161666666666,000988
2001-12-24,33.9,33.9,32.8,32.95,107070.0,3552927.0,30000000.0,0.003569,000988
2001-12-25,32.9,33.4,32.61,33.0,78520.0,2581057.0,30000000.0,0.0026173333333333,000988
2001-12-26,33.5,33.5,33.0,33.38,45801.0,1521840.0,30000000.0,0.0015267,000988
2001-12-27,33.45,34.2,33.25,33.65,84550.0,2845610.0,30000000.0,0.0028183333333333,000988
2001-12-28,33.5,35.01,33.36,35.0,161144.0,5541874.0,30000000.0,0.0053714666666666,000988
2001-12-31,34.87,35.2,34.4,35.02,111012.0,3882238.0,30000000.0,0.0037004,000988
2002-01-04,34.31,35.05,34.02,34.3,106000.0,3695772.0,30000000.0,0.0035333333333333,000988
2002-01-07,34.0,34.0,33.5,33.8,52610.0,1772660.0,30000000.0,0.0017536666666666,000988
2002-01-08,33.8,34.2,33.43,33.53,35200.0,1185216.0,30000000.0,0.0011733333333333,000988
2002-01-09,33.33,33.36,33.0,33.22,52326.0,1736350.0,30000000.0,0.0017442,000988
2002-01-10,33.19,33.45,31.9,32.95,297380.0,9632264.0,30000000.0,0.0099126666666666,000988
2002-01-11,32.87,32.87,31.7,31.71,146547.0,4701062.0,30000000.0,0.0048849,000988
2002-01-14,31.49,31.5,29.9,29.92,295566.0,8942811.0,30000000.0,0.0098522,000988
2002-01-15,29.11,29.92,28.78,29.7,208382.0,6086880.0,30000000.0,0.0069460666666666,000988
2002-01-16,29.59,29.75,28.88,29.37,265239.0,7728042.0,30000000.0,0.0088413,000988
2002-01-17,29.37,29.58,26.5,26.52,568639.0,15860479.0,30000000.0,0.0189546333333333,000988
2002-01-18,26.01,27.5,25.78,26.94,348573.0,9356566.0,30000000.0,0.0116191,000988
2002-01-21,26.82,26.82,25.0,25.21,496084.0,12813693.0,30000000.0,0.0165361333333333,000988
2002-01-22,24.58,27.49,24.58,26.82,786860.0,20713714.0,30000000.0,0.0262286666666666,000988
2002-01-23,26.6,28.38,26.18,28.36,642133.0,17514376.0,30000000.0,0.0214044333333333,000988
2002-01-24,28.13,28.76,27.37,27.77,570770.0,16108812.0,30000000.0,0.0190256666666666,000988
2002-01-25,28.1,28.6,27.7,27.94,253078.0,7110702.0,30000000.0,0.0084359333333333,000988
2002-01-28,28.0,28.15,25.7,25.75,352205.0,9321031.0,30000000.0,0.0117401666666666,000988
2002-01-29,25.2,27.2,25.2,26.62,184206.0,4881276.0,30000000.0,0.0061402,000988
2002-01-30,26.5,27.0,26.4,26.63,112215.0,2998137.0,30000000.0,0.0037405,000988
2002-01-31,26.94,29.29,26.94,29.29,595075.0,17052591.0,30000000.0,0.0198358333333333,000988
2002-02-01,29.32,29.9,28.9,29.01,377745.0,11117546.0,30000000.0,0.0125915,000988
2002-02-04,29.29,29.34,28.44,29.18,160987.0,4660486.0,30000000.0,0.0053662333333333,000988
2002-02-05,29.2,29.22,28.8,29.08,163230.0,4738398.0,30000000.0,0.005441,000988
2002-02-06,29.1,29.3,28.81,28.87,184005.0,5342464.0,30000000.0,0.0061335,000988
2002-02-07,28.7,30.2,28.7,29.81,243098.0,7232980.0,30000000.0,0.0081032666666666,000988
2002-02-08,30.15,30.5,29.52,29.77,192292.0,5779950.0,30000000.0,0.0064097333333333,000988
2002-02-25,30.29,30.9,29.5,29.55,151642.0,4562049.0,30000000.0,0.0050547333333333,000988
2002-02-26,28.81,29.6,28.8,29.18,303617.0,8899898.0,30000000.0,0.0101205666666666,000988
2002-02-27,29.5,29.58,29.02,29.22,135378.0,3955493.0,30000000.0,0.0045126,000988
2002-02-28,29.12,29.66,28.51,29.0,153718.0,4456867.0,30000000.0,0.0051239333333333,000988
2002-03-01,28.6,28.98,28.6,28.8,88850.0,2562141.0,30000000.0,0.0029616666666666,000988
2002-03-04,28.8,29.49,28.8,29.45,52497.0,1532540.0,30000000.0,0.0017499,000988
2002-03-05,29.51,30.32,29.3,30.0,150105.0,4495962.0,30000000.0,0.0050035,000988
2002-03-06,30.18,30.6,29.9,30.13,239611.0,7255345.0,30000000.0,0.0079870333333333,000988
2002-03-07,30.0,30.7,29.52,30.69,241155.0,7300431.0,30000000.0,0.0080385,000988
2002-03-08,30.8,32.6,30.8,31.61,566387.0,17991041.0,30000000.0,0.0188795666666666,000988
2002-03-11,31.64,32.4,31.64,32.24,554317.0,17838317.0,30000000.0,0.0184772333333333,000988
2002-03-12,32.4,32.8,31.8,32.23,509967.0,16408945.0,30000000.0,0.0169989,000988
2002-03-13,32.28,33.15,32.28,32.61,332207.0,10843656.0,30000000.0,0.0110735666666666,000988
2002-03-14,32.58,33.15,32.58,33.04,358482.0,11836497.0,30000000.0,0.0119494,000988
2002-03-15,33.1,33.45,32.5,32.5,506272.0,16733490.0,30000000.0,0.0168757333333333,000988
2002-03-18,32.48,33.1,31.12,32.6,356888.0,11494227.0,30000000.0,0.0118962666666666,000988
2002-03-19,32.3,35.85,32.1,34.63,686881.0,23573781.0,30000000.0,0.0228960333333333,000988
2002-03-20,34.0,34.35,33.0,33.56,789957.0,26779378.0,30000000.0,0.0263319,000988
2002-03-21,33.55,33.55,32.41,32.85,405145.0,13307656.0,30000000.0,0.0135048333333333,000988
2002-03-22,32.7,33.1,32.4,32.97,428141.0,14051998.0,30000000.0,0.0142713666666666,000988
2002-03-25,32.92,34.9,32.85,34.08,679132.0,23262294.0,30000000.0,0.0226377333333333,000988
2002-03-26,34.0,34.67,33.5,33.52,353629.0,12133959.0,30000000.0,0.0117876333333333,000988
2002-03-27,33.21,33.5,32.5,33.13,183117.0,6049278.0,30000000.0,0.0061039,000988
2002-03-28,33.18,33.41,32.8,32.8,74320.0,2462256.0,30000000.0,0.0024773333333333,000988
2002-03-29,32.61,33.01,31.6,31.69,151038.0,4856279.0,30000000.0,0.0050346,000988
2002-04-01,31.49,31.7,31.1,31.51,108824.0,3415701.0,30000000.0,0.0036274666666666,000988
2002-04-02,31.5,31.69,30.4,30.71,108281.0,3360260.0,30000000.0,0.0036093666666666,000988
2002-04-03,30.63,31.16,30.63,30.9,61470.0,1905185.0,30000000.0,0.002049,000988
2002-04-04,30.9,32.84,30.8,32.7,277375.0,8961252.0,30000000.0,0.0092458333333333,000988
2002-04-05,32.0,32.8,32.0,32.35,67814.0,2195189.0,30000000.0,0.0022604666666666,000988
2002-04-08,32.0,32.35,31.88,32.09,33810.0,1084775.0,30000000.0,0.001127,000988
2002-04-09,32.5,32.78,32.0,32.75,59104.0,1917138.0,30000000.0,0.0019701333333333,000988
2002-04-10,32.2,33.65,32.2,33.4,181731.0,6064780.0,30000000.0,0.0060577,000988
2002-04-11,33.58,33.6,32.32,32.36,290502.0,9598481.0,30000000.0,0.0096834,000988
2002-04-12,33.03,34.2,32.48,33.44,695753.0,23256652.0,30000000.0,0.0231917666666666,000988
2002-04-15,33.7,34.2,33.2,33.58,126484.0,4229291.0,30000000.0,0.0042161333333333,000988
2002-04-16,33.63,34.1,33.02,33.12,66405.0,2224359.0,30000000.0,0.0022135,000988
2002-04-17,33.0,34.06,33.0,33.12,117060.0,3933095.0,30000000.0,0.003902,000988
2002-04-18,33.15,33.15,32.48,32.53,387331.0,12778600.0,30000000.0,0.0129110333333333,000988
2002-04-19,32.5,32.5,31.88,32.3,238239.0,7666569.0,30000000.0,0.0079413,000988
2002-04-22,32.01,32.1,31.5,32.02,51331.0,1635286.0,30000000.0,0.0017110333333333,000988
2002-04-23,32.0,32.39,31.75,32.09,42600.0,1365289.0,30000000.0,0.00142,000988
2002-04-24,32.08,32.7,31.8,32.1,291273.0,9387361.0,30000000.0,0.0097091,000988
2002-04-25,32.0,32.4,31.94,32.0,51200.0,1639671.0,30000000.0,0.0017066666666666,000988
2002-04-26,32.36,32.5,32.0,32.2,57000.0,1838369.0,30000000.0,0.0019,000988
2002-04-29,32.2,33.1,32.15,32.6,83000.0,2711421.0,30000000.0,0.0027666666666666,000988
2002-04-30,32.88,33.01,32.4,32.68,68902.0,2253640.0,30000000.0,0.0022967333333333,000988
2002-05-08,32.59,32.6,32.2,32.2,37800.0,1221162.0,30000000.0,0.00126,000988
2002-05-09,32.0,32.41,31.91,32.06,63604.0,2039531.0,30000000.0,0.0021201333333333,000988
2002-05-10,32.1,32.89,32.1,32.36,53000.0,1728576.0,30000000.0,0.0017666666666666,000988
2002-05-13,32.1,32.1,31.52,31.79,36008.0,1142641.0,30000000.0,0.0012002666666666,000988
2002-05-14,31.51,34.32,31.51,32.41,184690.0,6102532.0,30000000.0,0.0061563333333333,000988
2002-05-15,32.3,32.3,31.51,31.61,126983.0,4033111.0,30000000.0,0.0042327666666666,000988
2002-05-16,31.5,31.99,30.51,30.72,94339.0,2942916.0,30000000.0,0.0031446333333333,000988
2002-05-17,30.9,31.4,30.56,30.97,77650.0,2394812.0,30000000.0,0.0025883333333333,000988
2002-05-20,30.97,31.25,30.31,30.95,55009.0,1682826.0,30000000.0,0.0018336333333333,000988
2002-05-21,31.01,32.44,31.01,31.63,142385.0,4529093.0,30000000.0,0.0047461666666666,000988
2002-05-22,31.9,31.9,30.95,31.01,53885.0,1682258.0,30000000.0,0.0017961666666666,000988
2002-05-23,30.89,31.5,30.88,31.0,54120.0,1681376.0,30000000.0,0.001804,000988
2002-05-24,31.0,31.79,30.5,30.53,74901.0,2301600.0,30000000.0,0.0024967,000988
2002-05-27,31.1,31.12,30.0,30.6,36898.0,1121819.0,30000000.0,0.0012299333333333,000988
2002-05-28,30.5,30.88,30.5,30.75,343880.0,10550259.0,30000000.0,0.0114626666666666,000988
2002-05-29,30.78,30.78,29.45,29.64,154890.0,4632876.0,30000000.0,0.005163,000988
2002-05-30,29.98,29.98,29.0,29.4,421721.0,12348453.0,30000000.0,0.0140573666666666,000988
2002-05-31,29.01,30.49,29.01,29.21,232819.0,6850604.0,30000000.0,0.0077606333333333,000988
2002-06-03,29.25,29.25,28.0,28.28,82047.0,2324036.0,30000000.0,0.0027349,000988
2002-06-04,28.87,28.88,28.28,28.6,599749.0,17135490.0,30000000.0,0.0199916333333333,000988
2002-06-05,28.2,28.65,28.03,28.1,40860.0,1150259.0,30000000.0,0.001362,000988
2002-06-06,28.1,30.0,28.01,29.99,186980.0,5405586.0,30000000.0,0.0062326666666666,000988
2002-06-07,29.8,30.01,28.8,29.22,127681.0,3772264.0,30000000.0,0.0042560333333333,000988
2002-06-10,29.09,29.4,28.58,28.85,26750.0,777960.0,30000000.0,0.0008916666666666,000988
2002-06-11,28.62,29.3,28.62,29.0,71000.0,2054155.0,30000000.0,0.0023666666666666,000988
2002-06-12,28.9,29.15,28.7,28.83,17658.0,509658.0,30000000.0,0.0005886,000988
2002-06-13,28.85,29.0,28.4,28.4,47800.0,1369670.0,30000000.0,0.0015933333333333,000988
2002-06-14,28.4,28.7,28.1,28.2,38477.0,1088502.0,30000000.0,0.0012825666666666,000988
2002-06-17,28.1,28.45,28.1,28.2,26800.0,757098.0,30000000.0,0.0008933333333333,000988
2002-06-18,28.22,28.95,28.09,28.88,48200.0,1371964.0,30000000.0,0.0016066666666666,000988
2002-06-19,28.88,28.99,28.48,28.48,28500.0,816261.0,30000000.0,0.00095,000988
2002-06-20,28.21,28.68,28.21,28.5,20010.0,570343.0,30000000.0,0.000667,000988
2002-06-21,28.6,29.7,28.5,29.3,196486.0,5771594.0,30000000.0,0.0065495333333333,000988
2002-06-24,32.23,32.23,30.61,32.23,832190.0,26303540.0,30000000.0,0.0277396666666666,000988
2002-06-25,32.01,32.12,30.99,31.05,644429.0,20244165.0,30000000.0,0.0214809666666666,000988
2002-06-26,31.0,31.99,30.6,31.49,259084.0,8111028.0,30000000.0,0.0086361333333333,000988
2002-06-27,31.48,31.48,30.59,30.8,426078.0,13119128.0,30000000.0,0.0142026,000988
2002-06-28,30.7,31.08,29.35,30.0,802408.0,23977531.0,30000000.0,0.0267469333333333,000988
2002-07-02,29.98,30.15,29.69,30.06,122474.0,3653445.0,30000000.0,0.0040824666666666,000988
2002-07-03,30.1,30.1,29.65,29.9,87766.0,2617458.0,30000000.0,0.0029255333333333,000988
2002-07-04,29.9,30.2,29.68,29.98,73289.0,2194878.0,30000000.0,0.0024429666666666,000988
2002-07-05,29.93,29.93,29.71,29.93,25899.0,772800.0,30000000.0,0.0008633,000988
2002-07-08,29.8,30.19,28.55,29.9,91112.0,2701257.0,30000000.0,0.0030370666666666,000988
2002-07-09,29.9,30.0,29.24,29.37,163849.0,4826959.0,30000000.0,0.0054616333333333,000988
2002-07-10,29.8,29.8,29.12,29.15,89030.0,2611050.0,30000000.0,0.0029676666666666,000988
2002-07-11,29.02,29.45,29.02,29.28,75213.0,2199638.0,30000000.0,0.0025071,000988
2002-07-12,29.29,29.29,29.01,29.06,89038.0,2589306.0,30000000.0,0.0029679333333333,000988
2002-07-15,29.0,29.1,28.67,28.8,70827.0,2043695.0,30000000.0,0.0023609,000988
2002-07-16,29.0,29.44,28.8,28.85,70700.0,2057387.0,30000000.0,0.0023566666666666,000988
2002-07-17,28.8,29.0,28.7,28.82,57034.0,1642799.0,30000000.0,0.0019011333333333,000988
2002-07-18,29.0,29.0,28.72,28.8,82030.0,2368368.0,30000000.0,0.0027343333333333,000988
2002-07-19,28.9,29.0,28.75,28.99,38980.0,1126308.0,30000000.0,0.0012993333333333,000988
2002-07-22,29.1,29.1,28.6,28.79,77830.0,2240669.0,30000000.0,0.0025943333333333,000988
2002-07-23,28.71,28.72,28.35,28.36,73489.0,2091456.0,30000000.0,0.0024496333333333,000988
2002-07-24,28.38,28.38,28.05,28.25,63192.0,1783913.0,30000000.0,0.0021064,000988
2002-07-25,28.47,28.48,28.2,28.27,24500.0,693343.0,30000000.0,0.0008166666666666,000988
2002-07-26,28.32,28.4,28.2,28.28,30100.0,851776.0,30000000.0,0.0010033333333333,000988
2002-07-29,28.2,28.4,28.15,28.33,50486.0,1425100.0,30000000.0,0.0016828666666666,000988
2002-07-30,28.33,28.72,28.2,28.55,51755.0,1469752.0,30000000.0,0.0017251666666666,000988
2002-07-31,28.4,28.59,28.25,28.32,42000.0,1192509.0,30000000.0,0.0014,000988
2002-08-01,28.2,28.48,28.18,28.33,53042.0,1500511.0,30000000.0,0.0017680666666666,000988
2002-08-02,28.5,28.5,28.2,28.2,56270.0,1590706.0,30000000.0,0.0018756666666666,000988
2002-08-05,28.2,28.3,28.02,28.24,59350.0,1671373.0,30000000.0,0.0019783333333333,000988
2002-08-06,28.08,28.6,28.08,28.37,34671.0,982466.0,30000000.0,0.0011557,000988
2002-08-07,28.3,28.38,28.1,28.16,58455.0,1644477.0,30000000.0,0.0019485,000988
2002-08-08,28.18,28.35,28.03,28.2,70819.0,1992490.0,30000000.0,0.0023606333333333,000988
2002-08-09,28.0,28.18,27.31,27.32,160300.0,4442429.0,30000000.0,0.0053433333333333,000988
2002-08-12,27.2,27.25,26.67,26.67,116000.0,3117497.0,30000000.0,0.0038666666666666,000988
2002-08-13,26.3,27.1,26.25,26.72,50400.0,1350363.0,30000000.0,0.00168,000988
2002-08-14,26.8,26.98,26.58,26.83,28650.0,767059.0,30000000.0,0.000955,000988
2002-08-15,27.0,27.0,26.68,26.7,41399.0,1111672.0,30000000.0,0.0013799666666666,000988
2002-08-16,26.26,26.8,26.26,26.75,60466.0,1611152.0,30000000.0,0.0020155333333333,000988
2002-08-19,26.7,26.89,26.52,26.89,39084.0,1046257.0,30000000.0,0.0013028,000988
2002-08-20,26.91,27.15,26.55,27.01,139850.0,3761727.0,30000000.0,0.0046616666666666,000988
2002-08-21,27.05,28.4,26.82,28.0,327724.0,9078992.0,30000000.0,0.0109241333333333,000988
2002-08-22,28.01,29.5,27.81,28.36,936475.0,26913174.0,30000000.0,0.0312158333333333,000988
2002-08-23,28.09,28.4,28.0,28.3,179100.0,5053729.0,30000000.0,0.00597,000988
2002-08-26,28.3,28.8,28.1,28.57,276550.0,7906716.0,30000000.0,0.0092183333333333,000988
2002-08-27,28.58,30.33,28.5,29.62,760880.0,22430678.0,30000000.0,0.0253626666666666,000988
2002-08-28,29.8,29.8,28.82,28.86,230748.0,6732856.0,30000000.0,0.0076916,000988
2002-08-29,28.76,28.87,28.11,28.2,208171.0,5908851.0,30000000.0,0.0069390333333333,000988
2002-08-30,28.2,28.51,28.2,28.22,78560.0,2223691.0,30000000.0,0.0026186666666666,000988
2002-09-02,28.28,28.58,28.2,28.45,112123.0,3181474.0,30000000.0,0.0037374333333333,000988
2002-09-03,28.65,29.48,28.38,28.7,169039.0,4910516.0,30000000.0,0.0056346333333333,000988
2002-09-04,28.7,30.1,28.7,29.32,570396.0,16847422.0,30000000.0,0.0190132,000988
2002-09-05,29.2,29.31,28.76,29.03,314297.0,9121393.0,30000000.0,0.0104765666666666,000988
2002-09-06,29.0,29.85,28.82,29.69,570918.0,16847311.0,30000000.0,0.0190306,000988
2002-09-09,29.9,31.5,29.89,31.01,2504939.0,77505586.0,30000000.0,0.0834979666666666,000988
2002-09-10,31.0,31.45,30.52,31.19,735733.0,22775111.0,30000000.0,0.0245244333333333,000988
2002-09-11,31.2,31.33,30.2,30.49,507929.0,15480790.0,30000000.0,0.0169309666666666,000988
2002-09-12,31.14,31.15,30.2,30.9,875448.0,27082388.0,30000000.0,0.0291816,000988
2002-09-13,30.88,30.97,30.28,30.4,239377.0,7327260.0,30000000.0,0.0079792333333333,000988
2002-09-16,30.4,30.99,30.21,30.66,325181.0,9939785.0,30000000.0,0.0108393666666666,000988
2002-09-17,30.6,31.95,30.29,31.73,806903.0,25151313.0,30000000.0,0.0268967666666666,000988
2002-09-18,31.8,31.8,31.01,31.11,336940.0,10576880.0,30000000.0,0.0112313333333333,000988
2002-09-19,30.9,31.35,30.78,31.09,341934.0,10586100.0,30000000.0,0.0113978,000988
2002-09-20,31.15,31.51,30.4,30.48,289925.0,8891346.0,30000000.0,0.0096641666666666,000988
2002-09-23,30.58,30.78,30.11,30.5,115726.0,3528508.0,30000000.0,0.0038575333333333,000988
2002-09-24,30.4,30.97,30.4,30.56,135046.0,4152112.0,30000000.0,0.0045015333333333,000988
2002-09-25,30.44,30.45,29.93,30.01,301507.0,9087226.0,30000000.0,0.0100502333333333,000988
2002-09-26,29.68,30.0,29.2,29.79,449655.0,13304870.0,30000000.0,0.0149885,000988
2002-09-27,29.6,29.65,29.12,29.5,146785.0,4306159.0,30000000.0,0.0048928333333333,000988
2002-10-08,29.02,29.4,28.7,28.98,151850.0,4392660.0,30000000.0,0.0050616666666666,000988
2002-10-09,28.81,29.48,28.48,28.72,67898.0,1958854.0,30000000.0,0.0022632666666666,000988
2002-10-10,28.6,28.98,28.51,28.83,60999.0,1752072.0,30000000.0,0.0020333,000988
2002-10-11,29.28,29.29,28.58,28.63,47200.0,1358923.0,30000000.0,0.0015733333333333,000988
2002-10-14,28.6,28.73,28.3,28.5,73649.0,2092582.0,30000000.0,0.0024549666666666,000988
2002-10-15,28.4,28.9,28.4,28.4,49340.0,1408219.0,30000000.0,0.0016446666666666,000988
2002-10-16,28.41,28.98,28.4,28.66,86099.0,2481239.0,30000000.0,0.0028699666666666,000988
2002-10-17,28.6,28.6,27.88,28.0,306366.0,8607123.0,30000000.0,0.0102122,000988
2002-10-18,27.85,28.17,27.7,27.88,127156.0,3559556.0,30000000.0,0.0042385333333333,000988
2002-10-21,27.73,28.0,27.6,27.98,65446.0,1817125.0,30000000.0,0.0021815333333333,000988
2002-10-22,27.88,28.79,27.88,28.49,113818.0,3223144.0,30000000.0,0.0037939333333333,000988
2002-10-23,28.6,28.6,28.12,28.25,41950.0,1183745.0,30000000.0,0.0013983333333333,000988
2002-10-24,28.5,28.69,28.2,28.36,55800.0,1586122.0,30000000.0,0.00186,000988
2002-10-25,28.4,28.58,27.7,27.8,56840.0,1603896.0,30000000.0,0.0018946666666666,000988
2002-10-28,27.8,27.9,27.0,27.01,104535.0,2861482.0,30000000.0,0.0034845,000988
2002-10-29,27.1,27.45,26.82,27.3,49348.0,1337690.0,30000000.0,0.0016449333333333,000988
2002-10-30,27.25,27.45,27.01,27.22,27855.0,758018.0,30000000.0,0.0009285,000988
2002-10-31,27.23,27.5,27.15,27.26,39042.0,1065518.0,30000000.0,0.0013014,000988
2002-11-01,27.3,27.42,27.1,27.34,41200.0,1121374.0,30000000.0,0.0013733333333333,000988
2002-11-04,27.2,27.88,27.1,27.79,44831.0,1237568.0,30000000.0,0.0014943666666666,000988
2002-11-05,27.8,28.66,27.7,28.33,149591.0,4228922.0,30000000.0,0.0049863666666666,000988
2002-11-06,28.38,28.38,27.9,27.96,56400.0,1583973.0,30000000.0,0.00188,000988
2002-11-07,28.0,28.66,27.96,28.34,71610.0,2023050.0,30000000.0,0.002387,000988
2002-11-08,28.65,28.79,27.2,27.44,94061.0,2625993.0,30000000.0,0.0031353666666666,000988
2002-11-11,27.51,27.87,27.01,27.19,49200.0,1343346.0,30000000.0,0.00164,000988
2002-11-12,27.11,27.3,26.3,26.33,143700.0,3838022.0,30000000.0,0.00479,000988
2002-11-13,26.33,26.5,25.5,26.33,246220.0,6373644.0,30000000.0,0.0082073333333333,000988
2002-11-14,26.33,26.46,25.8,26.03,108748.0,2835356.0,30000000.0,0.0036249333333333,000988
2002-11-15,26.0,26.56,25.9,26.3,116820.0,3074256.0,30000000.0,0.003894,000988
2002-11-18,26.28,27.12,26.0,27.08,120851.0,3237447.0,30000000.0,0.0040283666666666,000988
2002-11-19,27.0,27.12,26.4,27.1,53513.0,1438289.0,30000000.0,0.0017837666666666,000988
2002-11-20,26.58,26.7,26.01,26.4,42800.0,1133302.0,30000000.0,0.0014266666666666,000988
2002-11-21,26.38,26.5,26.0,26.15,124335.0,3250133.0,30000000.0,0.0041445,000988
2002-11-22,26.1,26.6,25.81,26.2,88498.0,2326512.0,30000000.0,0.0029499333333333,000988
2002-11-25,26.38,26.38,26.0,26.34,26129.0,684614.0,30000000.0,0.0008709666666666,000988
2002-11-26,26.03,26.36,25.62,26.2,71595.0,1860756.0,30000000.0,0.0023865,000988
2002-11-27,25.8,26.25,25.39,26.23,102800.0,2655134.0,30000000.0,0.0034266666666666,000988
2002-11-28,26.02,27.55,25.9,27.23,170519.0,4567731.0,30000000.0,0.0056839666666666,000988
2002-11-29,27.0,28.0,27.0,27.3,306234.0,8463524.0,30000000.0,0.0102078,000988
2002-12-03,26.8,26.8,26.3,26.62,76400.0,2027526.0,30000000.0,0.0025466666666666,000988
2002-12-04,27.0,27.0,26.45,26.68,40930.0,1097160.0,30000000.0,0.0013643333333333,000988
2002-12-05,26.6,26.78,26.01,26.12,47100.0,1238381.0,30000000.0,0.00157,000988
2002-12-06,26.05,26.35,26.05,26.18,42676.0,1116351.0,30000000.0,0.0014225333333333,000988
2002-12-09,26.2,26.34,25.8,25.99,103680.0,2700686.0,30000000.0,0.003456,000988
2002-12-10,26.0,26.29,25.85,25.98,94330.0,2456981.0,30000000.0,0.0031443333333333,000988
2002-12-11,26.0,26.3,25.68,26.25,81200.0,2111390.0,30000000.0,0.0027066666666666,000988
2002-12-12,26.89,26.89,26.0,26.68,58620.0,1558794.0,30000000.0,0.001954,000988
2002-12-13,25.81,26.78,25.62,26.75,71797.0,1900530.0,30000000.0,0.0023932333333333,000988
2002-12-16,26.1,26.94,26.1,26.82,84410.0,2238434.0,30000000.0,0.0028136666666666,000988
2002-12-17,26.6,26.82,26.38,26.8,24040.0,641464.0,30000000.0,0.0008013333333333,000988
2002-12-18,26.56,26.98,26.51,26.51,37700.0,1008801.0,30000000.0,0.0012566666666666,000988
2002-12-19,26.51,26.51,25.9,25.99,157300.0,4093582.0,30000000.0,0.0052433333333333,000988
2002-12-20,26.1,26.5,25.9,26.14,115061.0,3020763.0,30000000.0,0.0038353666666666,000988
2002-12-23,26.47,26.9,26.22,26.8,94193.0,2496273.0,30000000.0,0.0031397666666666,000988
2002-12-24,26.58,26.59,26.22,26.45,44795.0,1182973.0,30000000.0,0.0014931666666666,000988
2002-12-25,26.28,26.57,26.22,26.24,124000.0,3264270.0,30000000.0,0.0041333333333333,000988
2002-12-26,26.2,27.5,26.15,26.85,1024721.0,27235186.0,30000000.0,0.0341573666666666,000988
2002-12-27,26.85,28.2,26.58,27.89,906309.0,25146541.0,30000000.0,0.0302103,000988
2002-12-30,27.59,28.29,26.5,27.07,463156.0,12624025.0,30000000.0,0.0154385333333333,000988
2002-12-31,27.0,27.14,26.01,26.03,230943.0,6112399.0,30000000.0,0.0076981,000988
2003-01-02,25.9,26.31,25.69,26.01,181144.0,4718606.0,30000000.0,0.0060381333333333,000988
2003-01-03,25.9,26.25,25.8,26.21,114227.0,2966127.0,30000000.0,0.0038075666666666,000988
2003-01-06,25.81,26.59,25.5,26.47,134182.0,3507387.0,30000000.0,0.0044727333333333,000988
2003-01-07,26.2,26.8,25.81,26.47,130182.0,3439661.0,30000000.0,0.0043394,000988
2003-01-08,26.08,26.8,26.08,26.72,101484.0,2696646.0,30000000.0,0.0033828,000988
2003-01-09,26.75,27.45,26.5,27.18,426362.0,11519812.0,30000000.0,0.0142120666666666,000988
2003-01-10,27.12,27.25,26.72,26.82,146197.0,3950894.0,30000000.0,0.0048732333333333,000988
2003-01-13,26.8,27.3,26.76,27.25,132001.0,3568006.0,30000000.0,0.0044000333333333,000988
2003-01-14,27.15,28.25,26.81,27.99,356961.0,9944889.0,30000000.0,0.0118987,000988
2003-01-15,28.13,29.5,27.98,28.22,456334.0,13056421.0,30000000.0,0.0152111333333333,000988
2003-01-16,28.25,28.8,28.02,28.4,315580.0,9011357.0,30000000.0,0.0105193333333333,000988
2003-01-17,28.41,29.0,28.2,28.39,196623.0,5591444.0,30000000.0,0.0065541,000988
2003-01-20,28.24,28.36,28.04,28.1,146260.0,4112620.0,30000000.0,0.0048753333333333,000988
2003-01-21,28.11,28.87,27.71,27.93,120530.0,3387602.0,30000000.0,0.0040176666666666,000988
2003-01-22,27.88,27.95,27.4,27.88,112270.0,3103259.0,30000000.0,0.0037423333333333,000988
2003-01-23,27.56,27.89,27.56,27.68,92461.0,2564938.0,30000000.0,0.0030820333333333,000988
2003-01-24,27.5,28.0,27.5,27.81,67005.0,1861690.0,30000000.0,0.0022335,000988
2003-01-27,27.82,28.09,27.81,28.0,91486.0,2561682.0,30000000.0,0.0030495333333333,000988
2003-01-28,28.0,28.06,27.88,28.04,74606.0,2087722.0,30000000.0,0.0024868666666666,000988
2003-01-29,28.0,28.38,27.9,27.98,75986.0,2136989.0,30000000.0,0.0025328666666666,000988
2003-02-10,28.08,28.08,27.0,27.44,41990.0,1155402.0,30000000.0,0.0013996666666666,000988
2003-02-11,27.4,27.6,27.38,27.53,35913.0,986692.0,30000000.0,0.0011971,000988
2003-02-12,27.51,27.75,27.31,27.72,50028.0,1375217.0,30000000.0,0.0016676,000988
2003-02-13,27.75,28.2,27.68,27.77,128170.0,3575526.0,30000000.0,0.0042723333333333,000988
2003-02-14,27.53,27.98,27.46,27.97,239441.0,6642521.0,30000000.0,0.0079813666666666,000988
2003-02-17,27.99,28.1,27.73,27.89,61600.0,1722130.0,30000000.0,0.0020533333333333,000988
2003-02-18,27.99,27.99,27.58,27.79,93920.0,2607702.0,30000000.0,0.0031306666666666,000988
2003-02-19,27.81,28.0,27.65,28.0,38370.0,1069077.0,30000000.0,0.001279,000988
2003-02-20,28.05,28.69,28.05,28.63,227438.0,6454735.0,30000000.0,0.0075812666666666,000988
2003-02-21,28.79,29.2,28.03,28.9,604273.0,17445072.0,30000000.0,0.0201424333333333,000988
2003-02-24,29.2,30.5,29.2,29.79,904607.0,27083628.0,30000000.0,0.0301535666666666,000988
2003-02-25,30.99,32.77,30.4,32.28,2505154.0,78926717.0,30000000.0,0.0835051333333333,000988
2003-02-26,31.99,32.15,30.88,31.38,1512934.0,47665939.0,30000000.0,0.0504311333333333,000988
2003-02-27,31.34,31.68,30.78,30.98,703559.0,21922038.0,30000000.0,0.0234519666666666,000988
2003-02-28,30.99,31.89,30.71,31.43,740563.0,23242320.0,30000000.0,0.0246854333333333,000988
2003-03-03,31.42,31.43,30.71,31.18,430005.0,13322304.0,30000000.0,0.0143335,000988
2003-03-04,31.15,31.52,30.82,31.32,287467.0,8958235.0,30000000.0,0.0095822333333333,000988
2003-03-05,31.2,31.7,31.0,31.2,221846.0,6927339.0,30000000.0,0.0073948666666666,000988
2003-03-06,31.21,31.3,30.31,30.42,387952.0,11877876.0,30000000.0,0.0129317333333333,000988
2003-03-07,30.42,30.99,30.35,30.5,335374.0,10268517.0,30000000.0,0.0111791333333333,000988
2003-03-10,30.5,30.6,29.79,30.09,356931.0,10728797.0,30000000.0,0.0118977,000988
2003-03-11,30.0,30.19,29.82,30.01,157315.0,4718467.0,30000000.0,0.0052438333333333,000988
2003-03-12,30.0,30.3,29.88,30.29,209626.0,6303430.0,30000000.0,0.0069875333333333,000988
2003-03-13,30.26,30.5,29.92,30.02,335335.0,10092999.0,30000000.0,0.0111778333333333,000988
2003-03-14,30.0,30.47,30.0,30.28,154973.0,4683173.0,30000000.0,0.0051657666666666,000988
2003-03-17,30.21,30.35,29.6,30.33,190103.0,5679383.0,30000000.0,0.0063367666666666,000988
2003-03-18,30.01,30.75,30.01,30.15,258451.0,7854570.0,30000000.0,0.0086150333333333,000988
2003-03-19,30.15,30.51,29.8,30.26,95930.0,2898898.0,30000000.0,0.0031976666666666,000988
2003-03-20,30.28,30.3,29.75,29.96,101930.0,3060971.0,30000000.0,0.0033976666666666,000988
2003-03-21,30.0,30.74,29.91,30.59,190981.0,5825640.0,30000000.0,0.0063660333333333,000988
2003-03-24,30.89,30.89,30.02,30.5,125987.0,3863403.0,30000000.0,0.0041995666666666,000988
2003-03-25,30.51,30.51,29.95,30.1,140687.0,4227862.0,30000000.0,0.0046895666666666,000988
2003-03-26,29.98,30.17,29.62,30.07,138611.0,4138826.0,30000000.0,0.0046203666666666,000988
2003-03-27,30.01,30.55,29.63,30.41,172376.0,5198190.0,30000000.0,0.0057458666666666,000988
2003-03-28,30.54,31.29,30.19,30.89,267074.0,8223237.0,30000000.0,0.0089024666666666,000988
2003-03-31,30.89,30.99,30.4,30.66,168247.0,5150284.0,30000000.0,0.0056082333333333,000988
2003-04-01,31.0,32.15,31.0,31.75,632594.0,19994045.0,30000000.0,0.0210864666666666,000988
2003-04-02,31.75,32.13,31.27,31.47,496796.0,15757046.0,30000000.0,0.0165598666666666,000988
2003-04-03,31.4,31.6,31.0,31.43,295181.0,9225426.0,30000000.0,0.0098393666666666,000988
2003-04-04,31.4,31.55,30.8,30.88,508120.0,15734784.0,30000000.0,0.0169373333333333,000988
2003-04-07,15.38,15.4,14.5,14.6,1385618.0,20568464.0,60000000.0,0.0230936333333333,000988
2003-04-08,14.6,15.15,14.3,15.15,1596384.0,23275081.0,60000000.0,0.0266064,000988
2003-04-09,14.98,15.2,14.73,15.15,1068615.0,16008629.0,60000000.0,0.01781025,000988
2003-04-10,15.15,15.39,14.83,15.15,743933.0,11194818.0,60000000.0,0.0123988833333333,000988
2003-04-11,15.08,15.1,14.7,14.86,1019558.0,15178462.0,60000000.0,0.0169926333333333,000988
2003-04-14,14.79,15.84,14.7,15.8,1566945.0,23811087.0,60000000.0,0.02611575,000988
2003-04-15,15.99,17.31,15.7,17.08,3276795.0,54434875.0,60000000.0,0.05461325,000988
2003-04-16,17.1,17.15,16.0,16.13,2410326.0,40053667.0,60000000.0,0.0401721,000988
2003-04-17,16.06,16.57,16.0,16.15,1109853.0,18027637.0,60000000.0,0.01849755,000988
2003-04-18,16.15,16.77,15.91,16.25,882660.0,14378945.0,60000000.0,0.014711,000988
2003-04-21,16.22,16.22,15.51,15.55,732270.0,11564089.0,60000000.0,0.0122045,000988
2003-04-22,15.56,15.88,15.5,15.69,445302.0,6987282.0,60000000.0,0.0074217,000988
2003-04-23,15.7,15.87,15.13,15.18,550479.0,8467437.0,60000000.0,0.00917465,000988
2003-04-24,15.1,15.1,14.3,14.38,821280.0,12043555.0,60000000.0,0.013688,000988
2003-04-25,14.41,14.88,14.38,14.53,382767.0,5576095.0,60000000.0,0.00637945,000988
2003-04-28,14.4,15.0,14.05,14.95,529467.0,7647712.0,60000000.0,0.00882445,000988
2003-04-29,14.85,14.85,14.38,14.39,387594.0,5629359.0,60000000.0,0.0064599,000988
2003-04-30,14.28,14.86,14.21,14.63,349127.0,5117681.0,60000000.0,0.0058187833333333,000988
2003-05-12,14.63,14.8,14.13,14.65,712600.0,10400592.0,60000000.0,0.0118766666666666,000988
2003-05-13,14.63,14.67,13.96,14.07,895265.0,12829318.0,60000000.0,0.0149210833333333,000988
2003-05-14,14.0,14.35,13.9,14.1,324112.0,4597092.0,60000000.0,0.0054018666666666,000988
2003-05-15,14.18,15.2,14.05,14.95,1037117.0,15403814.0,60000000.0,0.0172852833333333,000988
2003-05-16,15.0,15.12,14.65,14.71,449486.0,6643058.0,60000000.0,0.0074914333333333,000988
2003-05-19,14.76,15.23,14.7,15.03,473431.0,7109176.0,60000000.0,0.0078905166666666,000988
2003-05-20,15.03,15.04,14.6,14.89,285080.0,4207938.0,60000000.0,0.0047513333333333,000988
2003-05-21,14.82,14.99,14.6,14.68,158500.0,2340668.0,60000000.0,0.0026416666666666,000988
2003-05-22,14.55,14.61,14.41,14.5,180906.0,2626888.0,60000000.0,0.0030151,000988
2003-05-23,14.52,14.96,14.48,14.67,246837.0,3626815.0,60000000.0,0.00411395,000988
2003-05-26,14.85,15.15,14.82,15.1,652077.0,9768429.0,60000000.0,0.01086795,000988
2003-05-27,15.2,16.15,15.07,15.96,2672161.0,42408509.0,60000000.0,0.0445360166666666,000988
2003-05-28,15.96,16.36,15.96,16.25,3230764.0,52369296.0,60000000.0,0.0538460666666666,000988
2003-05-29,16.25,17.0,16.09,16.99,3044389.0,50061308.0,60000000.0,0.0507398166666666,000988
2003-05-30,17.01,17.6,16.67,16.99,10791451.0,184403473.0,60000000.0,0.1798575166666666,000988
2003-06-02,16.81,17.29,16.33,17.28,5335746.0,89402099.0,60000000.0,0.0889291,000988
2003-06-03,17.28,17.5,16.67,16.77,3480053.0,59947221.0,60000000.0,0.0580008833333333,000988
2003-06-04,16.77,17.13,16.6,16.9,2693325.0,45361124.0,60000000.0,0.04488875,000988
2003-06-05,16.88,16.98,16.55,16.84,2005786.0,33713828.0,60000000.0,0.0334297666666666,000988
2003-06-06,16.81,17.08,16.56,16.62,1714498.0,28888506.0,60000000.0,0.0285749666666666,000988
2003-06-09,16.62,16.92,16.4,16.53,1877199.0,31327692.0,60000000.0,0.03128665,000988
2003-06-10,16.53,17.36,16.46,17.28,4497260.0,76871877.0,60000000.0,0.0749543333333333,000988
2003-06-11,17.28,17.87,17.1,17.76,5621153.0,98885812.0,60000000.0,0.0936858833333333,000988
2003-06-12,17.76,18.26,17.58,18.18,5012085.0,90253593.0,60000000.0,0.08353475,000988
2003-06-13,18.18,18.4,17.55,17.93,4792546.0,85692482.0,60000000.0,0.0798757666666666,000988
2003-06-16,17.93,18.02,17.17,17.28,2472776.0,43219839.0,60000000.0,0.0412129333333333,000988
2003-06-17,17.26,17.54,17.0,17.34,3086638.0,53362794.0,60000000.0,0.0514439666666666,000988
2003-06-18,17.33,17.41,16.91,17.06,2176379.0,37292451.0,60000000.0,0.0362729833333333,000988
2003-06-19,17.06,17.34,16.99,17.11,2141649.0,36711791.0,60000000.0,0.03569415,000988
2003-06-20,17.11,17.42,17.03,17.26,1876178.0,32292392.0,60000000.0,0.0312696333333333,000988
2003-06-23,17.26,17.4,16.95,17.09,944300.0,16169266.0,60000000.0,0.0157383333333333,000988
2003-06-24,17.09,17.27,16.4,16.63,1866061.0,31178808.0,60000000.0,0.0311010166666666,000988
2003-06-25,16.63,16.78,16.39,16.59,914314.0,15142703.0,60000000.0,0.0152385666666666,000988
2003-06-26,16.59,17.07,16.42,16.99,2288603.0,38530378.0,60000000.0,0.0381433833333333,000988
2003-06-27,16.99,17.15,16.39,16.45,1447744.0,24315290.0,60000000.0,0.0241290666666666,000988
2003-06-30,16.45,16.7,15.85,16.07,1860925.0,30313360.0,60000000.0,0.0310154166666666,000988
2003-07-01,16.07,16.28,15.99,16.05,996882.0,16056851.0,60000000.0,0.0166147,000988
2003-07-02,16.05,16.23,15.99,16.18,796577.0,12817858.0,60000000.0,0.0132762833333333,000988
2003-07-03,16.18,16.33,16.05,16.25,1205007.0,19520311.0,60000000.0,0.02008345,000988
2003-07-04,16.25,16.33,16.09,16.14,1020679.0,16510852.0,60000000.0,0.0170113166666666,000988
2003-07-07,16.14,16.28,16.06,16.23,799428.0,12938999.0,60000000.0,0.0133238,000988
2003-07-08,16.23,16.33,16.08,16.29,1653333.0,26828846.0,60000000.0,0.02755555,000988
2003-07-09,16.29,16.31,15.6,15.71,1488698.0,23741024.0,60000000.0,0.0248116333333333,000988
2003-07-10,15.71,17.28,15.6,17.28,5729066.0,95207168.0,60000000.0,0.0954844333333333,000988
2003-07-11,17.28,17.38,17.0,17.32,4370808.0,75175714.0,60000000.0,0.0728468,000988
2003-07-14,17.32,17.38,16.65,16.77,2003677.0,33973873.0,60000000.0,0.0333946166666666,000988
2003-07-15,16.77,17.02,16.47,16.78,2246166.0,37512930.0,60000000.0,0.0374361,000988
2003-07-16,16.82,16.82,16.25,16.46,1619650.0,26692667.0,60000000.0,0.0269941666666666,000988
2003-07-17,16.56,16.76,16.3,16.64,2710783.0,44785953.0,60000000.0,0.0451797166666666,000988
2003-07-18,16.64,16.81,15.98,15.99,1346233.0,22118006.0,60000000.0,0.0224372166666666,000988
2003-07-21,16.03,16.13,15.7,15.81,817520.0,12976357.0,60000000.0,0.0136253333333333,000988
2003-07-22,15.81,16.25,15.8,15.99,623456.0,9986835.0,60000000.0,0.0103909333333333,000988
2003-07-23,15.99,16.2,15.82,16.04,486170.0,7783599.0,60000000.0,0.0081028333333333,000988
2003-07-24,16.04,16.06,15.68,15.74,475200.0,7508659.0,60000000.0,0.00792,000988
2003-07-25,15.75,16.16,15.7,16.03,1188803.0,18968015.0,60000000.0,0.0198133833333333,000988
2003-07-28,16.07,16.07,15.75,15.89,267372.0,4239690.0,60000000.0,0.0044562,000988
2003-07-29,15.9,16.15,15.8,15.99,732070.0,11685080.0,60000000.0,0.0122011666666666,000988
2003-07-30,15.98,16.0,15.6,15.82,1999540.0,31427593.0,60000000.0,0.0333256666666666,000988
2003-07-31,15.8,16.05,15.65,16.01,1935087.0,30802430.0,60000000.0,0.03225145,000988
2003-08-01,16.01,16.1,15.8,15.99,1280550.0,20410737.0,60000000.0,0.0213425,000988
2003-08-04,15.99,16.12,15.87,16.01,851291.0,13570166.0,60000000.0,0.0141881833333333,000988
2003-08-05,16.0,16.07,15.73,15.86,675031.0,10696591.0,60000000.0,0.0112505166666666,000988
2003-08-06,15.86,15.97,15.64,15.88,467969.0,7382119.0,60000000.0,0.0077994833333333,000988
2003-08-07,15.88,15.95,15.7,15.81,434913.0,6884183.0,60000000.0,0.00724855,000988
2003-08-08,15.81,15.81,15.3,15.35,478960.0,7466927.0,60000000.0,0.0079826666666666,000988
2003-08-11,15.32,16.06,15.0,15.84,990100.0,15415086.0,60000000.0,0.0165016666666666,000988
2003-08-12,15.8,15.8,15.57,15.64,500386.0,7840720.0,60000000.0,0.0083397666666666,000988
2003-08-13,15.64,15.82,15.2,15.26,342567.0,5287415.0,60000000.0,0.00570945,000988
2003-08-14,15.28,15.65,15.1,15.33,539649.0,8331815.0,60000000.0,0.00899415,000988
2003-08-15,15.33,15.4,15.16,15.34,291897.0,4451260.0,60000000.0,0.00486495,000988
2003-08-18,15.36,15.36,15.01,15.07,322079.0,4870187.0,60000000.0,0.0053679833333333,000988
2003-08-19,15.07,15.17,15.04,15.08,179780.0,2712018.0,60000000.0,0.0029963333333333,000988
2003-08-20,15.08,15.09,14.99,15.06,235344.0,3538714.0,60000000.0,0.0039224,000988
2003-08-21,15.06,15.06,14.76,14.81,270136.0,4022887.0,60000000.0,0.0045022666666666,000988
2003-08-22,14.82,15.25,14.8,14.87,260770.0,3905477.0,60000000.0,0.0043461666666666,000988
2003-08-25,14.87,14.88,14.26,14.5,244900.0,3588101.0,60000000.0,0.0040816666666666,000988
2003-08-26,14.5,14.56,14.21,14.33,328694.0,4737675.0,60000000.0,0.0054782333333333,000988
2003-08-27,14.33,14.45,14.2,14.3,243050.0,3476257.0,60000000.0,0.0040508333333333,000988
2003-08-28,14.3,14.34,14.1,14.29,251855.0,3585280.0,60000000.0,0.0041975833333333,000988
2003-08-29,14.27,14.39,14.0,14.27,352860.0,5002155.0,60000000.0,0.005881,000988
2003-09-01,14.27,14.66,13.98,14.56,486493.0,6941662.0,60000000.0,0.0081082166666666,000988
2003-09-02,14.5,15.0,14.38,14.77,647210.0,9573851.0,60000000.0,0.0107868333333333,000988
2003-09-03,14.77,14.77,14.35,14.53,354535.0,5141698.0,60000000.0,0.0059089166666666,000988
2003-09-04,14.53,14.6,14.0,14.3,220042.0,3163801.0,60000000.0,0.0036673666666666,000988
2003-09-05,14.3,14.3,14.0,14.08,321370.0,4524351.0,60000000.0,0.0053561666666666,000988
2003-09-08,14.08,14.22,13.99,14.1,257340.0,3610667.0,60000000.0,0.004289,000988
2003-09-09,14.12,14.15,14.0,14.05,280307.0,3931906.0,60000000.0,0.0046717833333333,000988
2003-09-10,14.05,14.45,14.02,14.3,432690.0,6176427.0,60000000.0,0.0072115,000988
2003-09-11,14.3,14.38,14.11,14.12,177010.0,2526972.0,60000000.0,0.0029501666666666,000988
2003-09-12,14.12,14.3,14.0,14.04,165070.0,2320919.0,60000000.0,0.0027511666666666,000988
2003-09-15,14.04,14.25,14.0,14.01,179785.0,2526411.0,60000000.0,0.0029964166666666,000988
2003-09-16,14.01,14.2,14.0,14.14,208621.0,2942002.0,60000000.0,0.0034770166666666,000988
2003-09-17,14.14,14.16,13.7,13.78,388109.0,5366120.0,60000000.0,0.0064684833333333,000988
2003-09-18,13.78,13.84,13.58,13.79,334369.0,4577857.0,60000000.0,0.0055728166666666,000988
2003-09-19,13.7,13.83,13.59,13.69,155380.0,2121173.0,60000000.0,0.0025896666666666,000988
2003-09-22,13.69,13.88,13.55,13.66,1140412.0,15574283.0,60000000.0,0.0190068666666666,000988
2003-09-23,13.66,13.7,13.3,13.6,413463.0,5598691.0,60000000.0,0.00689105,000988
2003-09-24,13.61,13.8,13.58,13.63,252000.0,3444172.0,60000000.0,0.0042,000988
2003-09-25,13.65,13.8,13.5,13.58,192000.0,2621516.0,60000000.0,0.0032,000988
2003-09-26,13.58,13.58,13.08,13.12,446970.0,5897987.0,60000000.0,0.0074495,000988
2003-09-29,13.1,13.13,12.95,13.02,1026779.0,13358575.0,60000000.0,0.0171129833333333,000988
2003-09-30,13.04,13.1,12.73,13.01,257141.0,3325064.0,60000000.0,0.0042856833333333,000988
2003-10-08,13.01,13.1,12.9,13.07,85771.0,1116341.0,60000000.0,0.0014295166666666,000988
2003-10-09,13.07,13.24,13.0,13.1,149900.0,1972566.0,60000000.0,0.0024983333333333,000988
2003-10-10,13.1,13.48,13.07,13.42,263620.0,3504232.0,60000000.0,0.0043936666666666,000988
2003-10-13,13.42,13.5,13.18,13.25,163650.0,2186025.0,60000000.0,0.0027275,000988
2003-10-14,13.28,13.3,12.95,13.03,84881.0,1108578.0,60000000.0,0.0014146833333333,000988
2003-10-15,13.03,13.14,12.8,13.0,245200.0,3193035.0,60000000.0,0.0040866666666666,000988
2003-10-16,13.01,13.01,12.66,12.8,145410.0,1859449.0,60000000.0,0.0024235,000988
2003-10-17,12.8,12.95,12.78,12.84,126754.0,1631984.0,60000000.0,0.0021125666666666,000988
2003-10-20,12.85,12.9,12.4,12.67,227705.0,2873440.0,60000000.0,0.0037950833333333,000988
2003-10-21,12.69,12.8,12.3,12.71,159230.0,2003548.0,60000000.0,0.0026538333333333,000988
2003-10-22,12.73,12.94,12.66,12.88,246160.0,3157912.0,60000000.0,0.0041026666666666,000988
2003-10-23,12.9,12.94,12.55,12.65,168159.0,2149566.0,60000000.0,0.00280265,000988
2003-10-24,12.68,12.68,12.18,12.56,321749.0,3967275.0,60000000.0,0.0053624833333333,000988
2003-10-27,12.49,12.96,12.0,12.24,348860.0,4317640.0,60000000.0,0.0058143333333333,000988
2003-10-29,12.01,12.08,11.02,11.8,2312155.0,25856662.0,60000000.0,0.0385359166666666,000988
2003-10-30,11.67,11.67,11.12,11.37,456918.0,5158037.0,60000000.0,0.0076153,000988
2003-10-31,11.37,11.55,11.3,11.44,146600.0,1676854.0,60000000.0,0.0024433333333333,000988
2003-11-03,11.44,11.59,11.1,11.5,907567.0,10464303.0,60000000.0,0.0151261166666666,000988
2003-11-04,11.5,11.65,11.41,11.49,332900.0,3845460.0,60000000.0,0.0055483333333333,000988
2003-11-05,11.5,11.78,11.1,11.3,327889.0,3745723.0,60000000.0,0.0054648166666666,000988
2003-11-06,11.26,11.27,10.4,10.5,368600.0,3968532.0,60000000.0,0.0061433333333333,000988
2003-11-07,10.45,10.65,9.98,10.46,1102372.0,11392767.0,60000000.0,0.0183728666666666,000988
2003-11-10,10.4,10.4,10.05,10.13,454780.0,4613722.0,60000000.0,0.0075796666666666,000988
2003-11-11,10.13,10.5,9.98,10.39,748937.0,7701100.0,60000000.0,0.0124822833333333,000988
2003-11-12,10.39,10.41,10.16,10.32,295895.0,3040812.0,60000000.0,0.0049315833333333,000988
2003-11-13,10.3,10.65,10.27,10.6,636094.0,6654303.0,60000000.0,0.0106015666666666,000988
2003-11-14,10.55,10.65,10.52,10.58,449300.0,4761504.0,60000000.0,0.0074883333333333,000988
2003-11-17,10.58,10.63,10.29,10.36,324200.0,3400069.0,60000000.0,0.0054033333333333,000988
2003-11-18,10.21,10.4,10.15,10.2,223981.0,2291699.0,60000000.0,0.0037330166666666,000988
2003-11-19,10.23,10.8,10.2,10.8,1455050.0,15426857.0,60000000.0,0.0242508333333333,000988
2003-11-20,10.78,11.5,10.75,11.5,1920376.0,21638043.0,60000000.0,0.0320062666666666,000988
2003-11-21,11.5,11.57,10.9,11.03,1259684.0,14098982.0,60000000.0,0.0209947333333333,000988
2003-11-24,11.03,11.48,10.8,11.38,1256496.0,14057081.0,60000000.0,0.0209416,000988
2003-11-25,11.58,12.35,11.58,11.94,2463570.0,29728521.0,60000000.0,0.0410595,000988
2003-11-26,11.84,11.98,11.55,11.87,996396.0,11702635.0,60000000.0,0.0166066,000988
2003-11-27,11.86,12.08,11.4,11.44,725130.0,8496244.0,60000000.0,0.0120855,000988
2003-11-28,11.48,11.6,11.01,11.39,819560.0,9221925.0,60000000.0,0.0136593333333333,000988
2003-12-01,11.36,11.64,11.23,11.55,920392.0,10599348.0,60000000.0,0.0153398666666666,000988
2003-12-02,11.53,12.18,11.53,11.86,1498842.0,17885797.0,60000000.0,0.0249807,000988
2003-12-03,11.86,11.92,11.62,11.86,456275.0,5385620.0,60000000.0,0.0076045833333333,000988
2003-12-04,11.86,12.15,11.85,11.96,1092552.0,13094791.0,60000000.0,0.0182092,000988
2003-12-05,11.96,12.1,11.85,11.94,661528.0,7884698.0,60000000.0,0.0110254666666666,000988
2003-12-08,11.95,11.95,11.55,11.63,631160.0,7422610.0,60000000.0,0.0105193333333333,000988
2003-12-09,11.63,11.83,11.56,11.83,565390.0,6590098.0,60000000.0,0.0094231666666666,000988
2003-12-10,11.83,11.9,11.65,11.86,470020.0,5550565.0,60000000.0,0.0078336666666666,000988
2003-12-11,12.0,12.85,12.0,12.22,1719599.0,21328096.0,60000000.0,0.0286599833333333,000988
2003-12-12,12.2,12.2,11.9,11.99,493857.0,5935676.0,60000000.0,0.00823095,000988
2003-12-15,11.99,12.17,11.76,11.85,594069.0,7122556.0,60000000.0,0.00990115,000988
2003-12-16,11.88,11.88,11.6,11.71,520610.0,6088270.0,60000000.0,0.0086768333333333,000988
2003-12-17,11.74,11.86,11.64,11.65,479600.0,5653671.0,60000000.0,0.0079933333333333,000988
2003-12-18,11.65,11.7,11.38,11.43,808860.0,9316588.0,60000000.0,0.013481,000988
2003-12-19,11.5,12.0,11.28,11.35,1312805.0,15217455.0,60000000.0,0.0218800833333333,000988
2003-12-22,11.4,11.69,10.51,11.63,1113687.0,12438344.0,60000000.0,0.01856145,000988
2003-12-23,11.68,11.7,11.33,11.5,788205.0,9064892.0,60000000.0,0.01313675,000988
2003-12-24,11.5,11.56,11.2,11.25,633302.0,7168385.0,60000000.0,0.0105550333333333,000988
2003-12-25,11.3,11.5,11.15,11.3,641872.0,7271336.0,60000000.0,0.0106978666666666,000988
2003-12-26,11.3,11.65,11.29,11.53,1067337.0,12278207.0,60000000.0,0.01778895,000988
2003-12-29,11.53,11.53,11.2,11.31,499700.0,5683004.0,60000000.0,0.0083283333333333,000988
2003-12-30,11.35,11.5,11.27,11.47,822312.0,9361897.0,60000000.0,0.0137052,000988
2003-12-31,11.5,11.6,11.18,11.39,495480.0,5590352.0,60000000.0,0.008258,000988
2004-01-02,11.34,11.46,11.13,11.42,485122.0,5494750.0,60000000.0,0.0080853666666666,000988
2004-01-05,11.45,11.6,11.34,11.43,910953.0,10461966.0,60000000.0,0.01518255,000988
2004-01-06,11.43,12.3,11.3,12.15,1461731.0,17076516.0,60000000.0,0.0243621833333333,000988
2004-01-07,12.2,12.22,11.81,12.02,1171940.0,13993685.0,60000000.0,0.0195323333333333,000988
2004-01-08,12.05,12.51,12.05,12.38,2112028.0,26099241.0,60000000.0,0.0352004666666666,000988
2004-01-09,12.51,12.53,11.97,12.02,963455.0,11863262.0,60000000.0,0.0160575833333333,000988
2004-01-12,12.02,12.27,11.7,12.22,1047134.0,12580397.0,60000000.0,0.0174522333333333,000988
2004-01-13,12.23,12.46,12.08,12.4,1214089.0,14965258.0,60000000.0,0.0202348166666666,000988
2004-01-14,12.4,12.5,12.1,12.11,519269.0,6365316.0,60000000.0,0.0086544833333333,000988
2004-01-15,12.13,12.45,12.1,12.2,775950.0,9546801.0,60000000.0,0.0129325,000988
2004-01-16,12.35,13.28,12.35,13.04,2674981.0,34541412.0,60000000.0,0.0445830166666666,000988
2004-01-29,13.04,13.59,12.87,13.27,1960012.0,25968719.0,60000000.0,0.0326668666666666,000988
2004-01-30,13.27,13.44,12.78,12.94,1200975.0,15726570.0,60000000.0,0.02001625,000988
2004-02-02,13.01,13.33,12.8,13.04,1097043.0,14389263.0,60000000.0,0.01828405,000988
2004-02-03,13.25,14.04,13.25,13.62,1993385.0,27500029.0,60000000.0,0.0332230833333333,000988
2004-02-04,13.62,14.15,13.62,14.03,1355803.0,18931384.0,60000000.0,0.0225967166666666,000988
2004-02-05,14.04,14.13,13.88,13.95,1037050.0,14494958.0,60000000.0,0.0172841666666666,000988
2004-02-06,13.95,13.97,13.6,13.6,859419.0,11785327.0,60000000.0,0.01432365,000988
2004-02-09,13.59,14.0,13.45,14.0,687893.0,9415024.0,60000000.0,0.0114648833333333,000988
2004-02-10,14.3,14.4,13.74,13.85,642531.0,8993088.0,60000000.0,0.01070885,000988
2004-02-11,14.2,14.2,13.78,13.94,988938.0,13730598.0,60000000.0,0.0164823,000988
2004-02-12,14.19,14.38,13.98,14.2,949502.0,13424018.0,60000000.0,0.0158250333333333,000988
2004-02-13,14.4,14.45,13.98,14.15,965791.0,13755683.0,60000000.0,0.0160965166666666,000988
2004-02-16,14.15,14.85,14.1,14.71,1751707.0,25450803.0,60000000.0,0.0291951166666666,000988
2004-02-17,14.7,15.4,14.63,15.05,2949494.0,44441554.0,60000000.0,0.0491582333333333,000988
2004-02-18,15.01,15.31,14.8,14.95,1687123.0,25402558.0,60000000.0,0.0281187166666666,000988
2004-02-19,15.2,15.9,15.15,15.5,2715476.0,42392864.0,60000000.0,0.0452579333333333,000988
2004-02-20,15.49,15.5,14.9,15.46,1074364.0,16314217.0,60000000.0,0.0179060666666666,000988
2004-02-23,15.5,15.55,14.85,14.91,1308423.0,19798500.0,60000000.0,0.02180705,000988
2004-02-24,14.95,14.95,14.09,14.62,1399279.0,20105417.0,60000000.0,0.0233213166666666,000988
2004-02-25,15.0,15.25,14.3,14.34,1200700.0,17799456.0,60000000.0,0.0200116666666666,000988
2004-02-26,14.85,14.88,14.0,14.16,850563.0,12080998.0,60000000.0,0.01417605,000988
2004-02-27,14.16,14.4,14.12,14.39,863607.0,12324616.0,60000000.0,0.01439345,000988
2004-03-01,14.5,14.7,13.93,14.66,1282353.0,18356374.0,60000000.0,0.02137255,000988
2004-03-02,14.66,15.13,14.44,14.8,1495755.0,22177097.0,60000000.0,0.02492925,000988
2004-03-03,14.8,14.88,14.3,14.37,896216.0,13076113.0,60000000.0,0.0149369333333333,000988
2004-03-04,14.8,14.8,14.31,14.69,749967.0,10894881.0,60000000.0,0.01249945,000988
2004-03-05,14.78,15.5,14.78,14.84,2197586.0,33300844.0,60000000.0,0.0366264333333333,000988
2004-03-08,14.9,14.9,14.06,14.21,1052473.0,15113256.0,60000000.0,0.0175412166666666,000988
2004-03-09,14.28,14.43,13.98,13.99,673012.0,9527523.0,60000000.0,0.0112168666666666,000988
2004-03-10,14.3,14.31,13.9,14.29,812447.0,11500675.0,60000000.0,0.0135407833333333,000988
2004-03-11,14.32,14.39,14.16,14.34,700580.0,10000859.0,60000000.0,0.0116763333333333,000988
2004-03-12,14.35,14.45,14.18,14.36,820306.0,11771090.0,60000000.0,0.0136717666666666,000988
2004-03-15,14.36,15.0,14.28,14.72,1029691.0,15084822.0,60000000.0,0.0171615166666666,000988
2004-03-16,14.75,14.8,14.43,14.54,674399.0,9825399.0,60000000.0,0.0112399833333333,000988
2004-03-17,14.6,14.6,14.24,14.4,468606.0,6724150.0,60000000.0,0.0078101,000988
2004-03-18,14.4,14.76,14.21,14.24,694387.0,10081305.0,60000000.0,0.0115731166666666,000988
2004-03-19,14.24,14.56,14.17,14.46,1202500.0,17266107.0,60000000.0,0.0200416666666666,000988
2004-03-22,14.46,14.8,14.35,14.64,1521266.0,22223757.0,60000000.0,0.0253544333333333,000988
2004-03-23,14.7,14.71,14.36,14.57,1109980.0,16129937.0,60000000.0,0.0184996666666666,000988
2004-03-24,14.57,15.5,14.48,14.99,4926762.0,73320416.0,60000000.0,0.0821127,000988
2004-03-25,14.9,15.35,14.79,15.09,3169711.0,47783379.0,60000000.0,0.0528285166666666,000988
2004-03-26,15.3,15.9,15.09,15.85,7398099.0,114869780.0,60000000.0,0.12330165,000988
2004-03-29,15.98,16.08,15.47,15.6,4256041.0,66816408.0,60000000.0,0.0709340166666666,000988
2004-03-31,16.78,16.99,16.0,16.01,10130653.0,165416002.0,60000000.0,0.1688442166666666,000988
2004-04-01,15.88,16.16,15.36,15.48,6797894.0,106771473.0,60000000.0,0.1132982333333333,000988
2004-04-02,15.5,15.94,15.4,15.8,2498849.0,39294458.0,60000000.0,0.0416474833333333,000988
2004-04-05,15.87,16.14,15.78,16.05,2800535.0,44758005.0,60000000.0,0.0466755833333333,000988
2004-04-06,12.5,12.66,12.1,12.19,3204644.0,39598884.0,78000000.0,0.0410851794871794,000988
2004-04-07,12.2,12.29,11.78,11.84,2206115.0,26328811.0,78000000.0,0.0282835256410256,000988
2004-04-08,11.83,12.09,11.6,11.91,1691237.0,20027642.0,78000000.0,0.0216825256410256,000988
2004-04-09,11.88,12.18,11.66,11.7,1394978.0,16624868.0,78000000.0,0.0178843333333333,000988
2004-04-12,11.69,11.75,11.0,11.02,5699026.0,63647286.0,78000000.0,0.0730644358974359,000988
2004-04-13,10.96,11.17,10.85,10.9,1959174.0,21541867.0,78000000.0,0.0251176153846153,000988
2004-04-14,10.9,11.0,10.58,10.78,1341140.0,14458138.0,78000000.0,0.0171941025641025,000988
2004-04-15,10.77,11.19,10.75,10.86,1231181.0,13536879.0,78000000.0,0.0157843717948717,000988
2004-04-16,10.87,11.28,10.87,11.26,2167722.0,24199578.0,78000000.0,0.0277913076923076,000988
2004-04-19,11.26,11.26,10.85,10.88,1168476.0,12860655.0,78000000.0,0.0149804615384615,000988
2004-04-20,10.88,11.03,10.58,10.67,1304481.0,13990565.0,78000000.0,0.0167241153846153,000988
2004-04-21,10.67,10.67,10.0,10.24,1632373.0,16764307.0,78000000.0,0.0209278589743589,000988
2004-04-22,10.24,10.53,10.24,10.42,688254.0,7159517.0,78000000.0,0.0088237692307692,000988
2004-04-23,10.45,10.46,10.08,10.13,753346.0,7674885.0,78000000.0,0.009658282051282,000988
2004-04-26,10.1,10.3,10.02,10.15,413667.0,4204810.0,78000000.0,0.005303423076923,000988
2004-04-27,10.18,10.37,10.15,10.3,624292.0,6407824.0,78000000.0,0.0080037435897435,000988
2004-04-28,10.3,10.48,10.17,10.38,532422.0,5506016.0,78000000.0,0.006825923076923,000988
2004-04-29,10.5,10.5,10.08,10.1,670899.0,6841430.0,78000000.0,0.0086012692307692,000988
2004-04-30,10.11,10.3,9.98,10.13,619383.0,6256484.0,78000000.0,0.0079408076923076,000988
2004-05-10,10.17,10.18,9.6,9.63,626200.0,6100158.0,78000000.0,0.0080282051282051,000988
2004-05-11,9.63,9.69,9.33,9.48,550908.0,5230027.0,78000000.0,0.007062923076923,000988
2004-05-12,9.56,9.82,9.5,9.8,487261.0,4729296.0,78000000.0,0.0062469358974358,000988
2004-05-13,9.78,9.78,9.61,9.69,401027.0,3877529.0,78000000.0,0.0051413717948717,000988
2004-05-14,9.73,9.73,9.4,9.46,440164.0,4177740.0,78000000.0,0.0056431282051282,000988
2004-05-17,9.4,9.54,9.21,9.4,326423.0,3061972.0,78000000.0,0.0041849102564102,000988
2004-05-18,9.48,9.98,9.48,9.8,871061.0,8460318.0,78000000.0,0.0111674487179487,000988
2004-05-19,9.83,10.08,9.8,9.88,879688.0,8754366.0,78000000.0,0.0112780512820512,000988
2004-05-20,9.9,9.91,9.65,9.7,391395.0,3819926.0,78000000.0,0.0050178846153846,000988
2004-05-24,9.78,9.88,9.7,9.77,313843.0,3072007.0,78000000.0,0.0040236282051282,000988
2004-05-25,9.73,9.83,9.68,9.69,484850.0,4729746.0,78000000.0,0.0062160256410256,000988
2004-05-26,9.6,10.08,9.6,9.99,659135.0,6542713.0,78000000.0,0.0084504487179487,000988
2004-05-27,10.0,10.55,9.9,10.4,1696554.0,17428348.0,78000000.0,0.0217506923076923,000988
2004-05-28,10.45,10.9,10.45,10.69,3257449.0,35039996.0,78000000.0,0.0417621666666666,000988
2004-05-31,10.69,10.8,10.58,10.76,1055065.0,11275812.0,78000000.0,0.0135264743589743,000988
2004-06-01,10.75,10.96,10.58,10.91,1641584.0,17708855.0,78000000.0,0.0210459487179487,000988
2004-06-02,10.9,10.9,10.6,10.68,1338331.0,14343879.0,78000000.0,0.0171580897435897,000988
2004-06-03,10.65,10.75,10.16,10.21,1496016.0,15454542.0,78000000.0,0.0191796923076923,000988
2004-06-04,10.2,10.55,10.1,10.33,850222.0,8794519.0,78000000.0,0.010900282051282,000988
2004-06-07,10.38,10.45,10.16,10.33,822295.0,8494989.0,78000000.0,0.0105422435897435,000988
2004-06-08,10.59,11.36,10.59,10.8,4258534.0,46885272.0,78000000.0,0.0545965897435897,000988
2004-06-09,10.66,10.79,10.2,10.24,1812835.0,19103104.0,78000000.0,0.0232414743589743,000988
2004-06-10,10.1,10.75,9.9,10.65,1916069.0,19952310.0,78000000.0,0.0245649871794871,000988
2004-06-11,10.65,11.3,10.65,10.9,4178136.0,45933991.0,78000000.0,0.0535658461538461,000988
2004-06-14,11.0,11.45,10.9,11.19,3794013.0,42374292.0,78000000.0,0.0486411923076923,000988
2004-06-15,11.15,11.39,11.0,11.29,2776594.0,30983790.0,78000000.0,0.0355973589743589,000988
2004-06-16,11.25,11.25,11.05,11.14,1330823.0,14855194.0,78000000.0,0.0170618333333333,000988
2004-06-17,11.06,11.7,10.99,11.49,5302161.0,60907359.0,78000000.0,0.067976423076923,000988
2004-06-18,11.67,11.75,11.38,11.67,3021637.0,35002278.0,78000000.0,0.0387389358974359,000988
2004-06-21,11.88,11.94,11.52,11.93,3263246.0,38353976.0,78000000.0,0.0418364871794871,000988
2004-06-22,12.0,12.68,11.85,12.18,6262682.0,77053536.0,78000000.0,0.0802907948717948,000988
2004-06-23,12.11,12.63,12.0,12.61,4961650.0,61341536.0,78000000.0,0.0636108974358974,000988
2004-06-24,12.68,13.44,12.62,13.16,10306098.0,134883728.0,78000000.0,0.1321294615384615,000988
2004-06-25,13.4,13.65,11.84,11.84,10454016.0,130106132.0,78000000.0,0.1340258461538461,000988
2004-06-28,11.0,11.1,10.66,10.66,5597837.0,60068961.0,78000000.0,0.071767141025641,000988
2004-06-29,10.33,10.47,9.59,10.02,5923129.0,59022206.0,78000000.0,0.0759375512820512,000988
2004-06-30,10.02,10.45,9.9,10.06,3557296.0,36208629.0,78000000.0,0.0456063589743589,000988
2004-07-01,10.15,10.43,10.05,10.4,3504626.0,35993383.0,78000000.0,0.0449311025641025,000988
2004-07-02,10.41,10.44,9.92,10.19,3001295.0,30399220.0,78000000.0,0.038478141025641,000988
2004-07-05,10.12,10.28,9.99,10.09,1291921.0,13070584.0,78000000.0,0.0165630897435897,000988
2004-07-06,10.1,10.38,10.06,10.18,1751293.0,17928251.0,78000000.0,0.0224524743589743,000988
2004-07-07,10.11,10.2,9.75,9.78,2074452.0,20572503.0,78000000.0,0.0265955384615384,000988
2004-07-08,9.8,9.95,9.78,9.89,1011861.0,9981622.0,78000000.0,0.0129725769230769,000988
2004-07-09,9.91,10.05,9.72,9.75,901159.0,8909624.0,78000000.0,0.0115533205128205,000988
2004-07-12,9.7,9.7,8.88,8.9,2219203.0,20272424.0,78000000.0,0.0284513205128205,000988
2004-07-13,8.8,9.08,8.7,8.91,998237.0,8878362.0,78000000.0,0.0127979102564102,000988
2004-07-14,8.99,9.08,8.3,8.73,1282128.0,11030144.0,78000000.0,0.0164375384615384,000988
2004-07-15,8.72,9.13,8.61,8.91,1155055.0,10354309.0,78000000.0,0.0148083974358974,000988
2004-07-16,8.91,9.44,8.91,9.31,1848246.0,17044308.0,78000000.0,0.0236954615384615,000988
2004-07-19,9.32,9.4,9.05,9.15,1142030.0,10506121.0,78000000.0,0.0146414102564102,000988
2004-07-20,9.15,9.25,8.8,9.04,1435616.0,12868256.0,78000000.0,0.0184053333333333,000988
2004-07-21,8.95,9.15,8.8,8.89,987642.0,8826473.0,78000000.0,0.0126620769230769,000988
2004-07-22,8.83,9.04,8.67,8.7,949674.0,8388000.0,78000000.0,0.0121753076923076,000988
2004-07-23,8.68,8.72,8.39,8.7,1319081.0,11254378.0,78000000.0,0.0169112948717948,000988
2004-07-26,8.5,8.65,8.38,8.45,671082.0,5689894.0,78000000.0,0.0086036153846153,000988
2004-07-27,8.46,8.59,8.38,8.49,560865.0,4743639.0,78000000.0,0.0071905769230769,000988
2004-07-28,8.55,8.84,8.55,8.8,901984.0,7846151.0,78000000.0,0.0115638974358974,000988
2004-07-29,8.94,9.17,8.8,9.1,1550378.0,14020236.0,78000000.0,0.019876641025641,000988
2004-07-30,9.05,9.15,8.76,8.77,908189.0,8116103.0,78000000.0,0.0116434487179487,000988
2004-08-02,8.67,8.96,8.52,8.82,457072.0,4002450.0,78000000.0,0.0058598974358974,000988
2004-08-03,8.8,9.04,8.69,8.95,678262.0,6069093.0,78000000.0,0.0086956666666666,000988
2004-08-04,9.02,9.17,8.9,9.08,1071253.0,9716157.0,78000000.0,0.0137340128205128,000988
2004-08-05,9.06,9.06,8.83,8.84,621084.0,5535976.0,78000000.0,0.0079626153846153,000988
2004-08-06,8.8,8.88,8.5,8.6,744772.0,6439592.0,78000000.0,0.0095483589743589,000988
2004-08-09,8.53,8.74,8.48,8.67,331012.0,2850171.0,78000000.0,0.0042437435897435,000988
2004-08-10,8.65,8.76,8.61,8.69,293364.0,2544130.0,78000000.0,0.0037610769230769,000988
2004-08-11,8.69,8.71,8.48,8.54,526150.0,4495579.0,78000000.0,0.0067455128205128,000988
2004-08-12,8.48,8.51,8.38,8.48,525398.0,4426302.0,78000000.0,0.0067358717948717,000988
2004-08-13,8.42,8.63,8.42,8.52,285227.0,2429389.0,78000000.0,0.0036567564102564,000988
2004-08-16,8.5,8.5,8.01,8.05,845200.0,6879462.0,78000000.0,0.0108358974358974,000988
2004-08-17,8.0,8.0,7.75,7.83,770926.0,6073372.0,78000000.0,0.0098836666666666,000988
2004-08-18,7.86,7.96,7.83,7.85,382530.0,3020545.0,78000000.0,0.0049042307692307,000988
2004-08-19,7.86,7.86,7.55,7.58,621175.0,4740298.0,78000000.0,0.007963782051282,000988
2004-08-20,7.5,7.72,7.41,7.67,444276.0,3384772.0,78000000.0,0.0056958461538461,000988
2004-08-23,7.51,7.63,7.45,7.51,343913.0,2587208.0,78000000.0,0.004409141025641,000988
2004-08-24,7.48,7.87,7.46,7.71,345319.0,2660835.0,78000000.0,0.0044271666666666,000988
2004-08-25,7.7,7.88,7.68,7.77,395097.0,3078240.0,78000000.0,0.0050653461538461,000988
2004-08-26,7.88,7.91,7.72,7.73,211260.0,1640333.0,78000000.0,0.0027084615384615,000988
2004-08-27,7.7,7.78,7.5,7.56,211080.0,1607090.0,78000000.0,0.0027061538461538,000988
2004-08-30,7.5,7.67,7.46,7.66,250903.0,1900963.0,78000000.0,0.0032167051282051,000988
2004-08-31,7.95,7.96,7.78,7.8,517831.0,4072891.0,78000000.0,0.0066388589743589,000988
2004-09-01,7.8,7.8,7.6,7.63,227583.0,1742038.0,78000000.0,0.0029177307692307,000988
2004-09-02,7.64,7.76,7.52,7.74,273166.0,2085317.0,78000000.0,0.0035021282051282,000988
2004-09-03,7.9,7.9,7.74,7.76,358890.0,2793995.0,78000000.0,0.0046011538461538,000988
2004-09-06,7.7,7.79,7.7,7.74,143805.0,1115122.0,78000000.0,0.0018436538461538,000988
2004-09-07,7.72,7.82,7.72,7.77,161330.0,1254368.0,78000000.0,0.0020683333333333,000988
2004-09-08,7.75,7.77,7.65,7.75,175797.0,1355306.0,78000000.0,0.0022538076923076,000988
2004-09-09,7.75,7.75,7.5,7.56,248130.0,1881501.0,78000000.0,0.0031811538461538,000988
2004-09-10,7.5,7.58,7.39,7.43,400500.0,2981706.0,78000000.0,0.0051346153846153,000988
2004-09-13,7.41,7.41,6.85,6.91,708320.0,5009189.0,78000000.0,0.0090810256410256,000988
2004-09-14,7.2,7.35,7.06,7.25,683022.0,4927699.0,78000000.0,0.0087566923076923,000988
2004-09-15,7.26,7.88,7.18,7.78,1574718.0,12094841.0,78000000.0,0.0201886923076923,000988
2004-09-16,7.98,7.98,7.71,7.86,1061488.0,8288689.0,78000000.0,0.0136088205128205,000988
2004-09-17,7.85,8.41,7.75,8.28,2119695.0,17344425.0,78000000.0,0.0271755769230769,000988
2004-09-20,8.36,9.08,8.22,8.96,3135461.0,27189219.0,78000000.0,0.0401982179487179,000988
2004-09-21,9.0,9.35,8.61,8.98,3228153.0,29162362.0,78000000.0,0.0413865769230769,000988
2004-09-22,8.94,9.3,8.52,9.02,3037924.0,26952777.0,78000000.0,0.0389477435897435,000988
2004-09-23,8.96,9.12,8.72,9.11,1590327.0,14186100.0,78000000.0,0.0203888076923076,000988
2004-09-24,9.2,9.44,8.75,8.76,3527135.0,32407518.0,78000000.0,0.0452196794871794,000988
2004-09-27,8.72,9.08,8.48,8.53,1296008.0,11300575.0,78000000.0,0.0166154871794871,000988
2004-09-28,8.68,8.7,8.45,8.6,700597.0,5996497.0,78000000.0,0.0089820128205128,000988
2004-09-29,8.6,8.6,8.32,8.32,954898.0,8030439.0,78000000.0,0.012242282051282,000988
2004-09-30,8.33,8.4,8.09,8.12,786959.0,6469845.0,78000000.0,0.0100892179487179,000988
2004-10-08,8.1,8.5,7.9,8.48,933799.0,7663235.0,78000000.0,0.011971782051282,000988
2004-10-11,8.6,8.99,8.38,8.59,2021783.0,17532087.0,78000000.0,0.0259202948717948,000988
2004-10-12,8.51,8.6,8.4,8.42,797081.0,6762011.0,78000000.0,0.0102189871794871,000988
2004-10-13,8.43,8.71,8.39,8.71,1093201.0,9363595.0,78000000.0,0.0140153974358974,000988
2004-10-14,8.71,8.78,7.95,7.96,1332094.0,11078264.0,78000000.0,0.0170781282051282,000988
2004-10-15,7.8,8.11,7.6,7.95,963386.0,7590616.0,78000000.0,0.0123511025641025,000988
2004-10-18,7.88,8.18,7.88,8.07,475586.0,3819611.0,78000000.0,0.0060972564102564,000988
2004-10-19,8.05,8.28,7.94,7.94,652479.0,5301260.0,78000000.0,0.0083651153846153,000988
2004-10-20,7.9,7.9,7.65,7.79,691543.0,5353306.0,78000000.0,0.0088659358974358,000988
2004-10-21,7.71,7.71,7.3,7.33,1313749.0,9728957.0,78000000.0,0.0168429358974358,000988
2004-10-22,7.3,7.48,7.01,7.4,737655.0,5398814.0,78000000.0,0.0094571153846153,000988
2004-10-25,7.55,7.59,7.25,7.32,435170.0,3221596.0,78000000.0,0.0055791025641025,000988
2004-10-26,7.3,7.52,7.17,7.5,532250.0,3888222.0,78000000.0,0.0068237179487179,000988
2004-10-27,7.5,7.7,7.4,7.68,870130.0,6553792.0,78000000.0,0.0111555128205128,000988
2004-10-28,7.7,7.77,7.52,7.54,760716.0,5841152.0,78000000.0,0.0097527692307692,000988
2004-10-29,7.45,7.51,7.11,7.42,583602.0,4310284.0,78000000.0,0.0074820769230769,000988
2004-11-01,7.3,7.5,7.25,7.28,454510.0,3341844.0,78000000.0,0.0058270512820512,000988
2004-11-02,7.28,7.38,7.25,7.35,264118.0,1934306.0,78000000.0,0.0033861282051282,000988
2004-11-03,7.34,7.84,7.34,7.84,1680872.0,12958799.0,78000000.0,0.021549641025641,000988
2004-11-04,7.8,7.85,7.5,7.54,971719.0,7461336.0,78000000.0,0.0124579358974358,000988
2004-11-05,7.6,7.75,7.5,7.59,700432.0,5328584.0,78000000.0,0.0089798974358974,000988
2004-11-08,7.68,7.85,7.58,7.8,862624.0,6669753.0,78000000.0,0.011059282051282,000988
2004-11-09,7.8,7.9,7.6,7.7,522716.0,4041800.0,78000000.0,0.0067014871794871,000988
2004-11-10,7.7,8.18,7.68,8.11,1736362.0,13889300.0,78000000.0,0.0222610512820512,000988
2004-11-11,8.12,8.65,8.12,8.2,2980760.0,25025642.0,78000000.0,0.0382148717948718,000988
2004-11-12,8.2,8.36,8.12,8.26,1088826.0,8972341.0,78000000.0,0.0139593076923076,000988
2004-11-15,8.45,8.45,8.14,8.28,623092.0,5129487.0,78000000.0,0.0079883589743589,000988
2004-11-16,8.28,8.33,8.06,8.15,776096.0,6320451.0,78000000.0,0.0099499487179487,000988
2004-11-17,8.15,8.2,8.06,8.07,461439.0,3747892.0,78000000.0,0.0059158846153846,000988
2004-11-18,8.12,8.22,8.01,8.17,537627.0,4384190.0,78000000.0,0.0068926538461538,000988
2004-11-19,8.2,8.35,8.18,8.26,664102.0,5489465.0,78000000.0,0.0085141282051282,000988
2004-11-22,8.31,8.51,8.31,8.46,1347933.0,11364141.0,78000000.0,0.0172811923076923,000988
2004-11-23,8.48,8.5,8.26,8.29,717910.0,5985169.0,78000000.0,0.0092039743589743,000988
2004-11-24,8.23,8.36,8.08,8.09,704800.0,5759440.0,78000000.0,0.0090358974358974,000988
2004-11-25,8.05,8.12,7.95,8.07,546394.0,4396258.0,78000000.0,0.0070050512820512,000988
2004-11-26,8.09,8.16,8.02,8.05,344334.0,2787830.0,78000000.0,0.0044145384615384,000988
2004-11-29,8.06,8.06,7.78,7.81,433611.0,3429238.0,78000000.0,0.0055591153846153,000988
2004-11-30,7.81,7.93,7.8,7.84,287157.0,2253828.0,78000000.0,0.0036815,000988
2004-12-01,7.85,8.0,7.85,7.9,221450.0,1752487.0,78000000.0,0.0028391025641025,000988
2004-12-02,7.9,8.07,7.82,8.07,488073.0,3885181.0,78000000.0,0.0062573461538461,000988
2004-12-03,8.08,8.27,8.08,8.12,562384.0,4601470.0,78000000.0,0.0072100512820512,000988
2004-12-06,8.12,8.25,8.09,8.2,423535.0,3468445.0,78000000.0,0.0054299358974358,000988
2004-12-07,8.22,8.22,7.83,7.84,460454.0,3669900.0,78000000.0,0.0059032564102564,000988
2004-12-08,7.88,8.24,7.88,8.02,645701.0,5231336.0,78000000.0,0.0082782179487179,000988
2004-12-09,8.07,8.15,7.92,8.11,403331.0,3246895.0,78000000.0,0.0051709102564102,000988
2004-12-10,8.05,8.08,7.65,7.78,575482.0,4513935.0,78000000.0,0.0073779743589743,000988
2004-12-13,7.77,7.8,7.69,7.74,260412.0,2012850.0,78000000.0,0.0033386153846153,000988
2004-12-14,7.74,7.83,7.65,7.66,214500.0,1659267.0,78000000.0,0.00275,000988
2004-12-15,7.66,7.78,7.48,7.51,408659.0,3084506.0,78000000.0,0.0052392179487179,000988
2004-12-16,7.51,7.6,7.4,7.5,253725.0,1903693.0,78000000.0,0.0032528846153846,000988
2004-12-17,7.45,7.55,7.4,7.47,196098.0,1468302.0,78000000.0,0.0025140769230769,000988
2004-12-20,7.43,7.5,7.4,7.44,113974.0,849894.0,78000000.0,0.0014612051282051,000988
2004-12-21,7.47,7.6,7.47,7.52,164488.0,1241493.0,78000000.0,0.0021088205128205,000988
2004-12-22,7.51,7.8,7.5,7.76,272985.0,2103552.0,78000000.0,0.0034998076923076,000988
2004-12-23,7.8,7.8,7.53,7.55,207121.0,1590813.0,78000000.0,0.0026553974358974,000988
2004-12-24,7.55,7.73,7.52,7.6,176445.0,1344086.0,78000000.0,0.0022621153846153,000988
2004-12-27,7.59,7.75,7.59,7.68,175712.0,1352457.0,78000000.0,0.0022527179487179,000988
2004-12-28,7.6,7.77,7.5,7.69,231770.0,1772871.0,78000000.0,0.0029714102564102,000988
2004-12-29,7.69,8.29,7.69,7.99,1868975.0,14993924.0,78000000.0,0.0239612179487179,000988
2004-12-30,7.95,8.15,7.83,8.05,1143853.0,9152591.0,78000000.0,0.014664782051282,000988
2004-12-31,8.1,8.1,7.85,7.89,537592.0,4265344.0,78000000.0,0.0068922051282051,000988
2005-01-04,7.85,7.85,7.6,7.61,463189.0,3569500.0,78000000.0,0.0059383205128205,000988
2005-01-05,7.65,8.06,7.61,7.98,901103.0,7164470.0,78000000.0,0.0115526025641025,000988
2005-01-06,8.05,8.36,7.92,8.29,3142549.0,25797235.0,78000000.0,0.0402890897435897,000988
2005-01-07,8.33,8.4,8.15,8.18,1770201.0,14650175.0,78000000.0,0.0226948846153846,000988
2005-01-10,8.14,8.4,8.11,8.38,1169409.0,9723704.0,78000000.0,0.014992423076923,000988
2005-01-11,8.35,8.4,8.21,8.33,975518.0,8091702.0,78000000.0,0.012506641025641,000988
2005-01-12,8.36,8.55,8.33,8.54,2429833.0,20545557.0,78000000.0,0.0311517051282051,000988
2005-01-13,8.5,8.85,8.45,8.68,4204620.0,36445879.0,78000000.0,0.0539053846153846,000988
2005-01-14,8.68,8.82,8.26,8.29,2340651.0,19964441.0,78000000.0,0.0300083461538461,000988
2005-01-17,8.15,8.48,8.08,8.46,2126367.0,17675624.0,78000000.0,0.0272611153846153,000988
2005-01-18,8.4,9.07,8.4,8.98,4103454.0,35962195.0,78000000.0,0.0526083846153846,000988
2005-01-19,9.03,9.08,8.61,8.73,2836266.0,25026760.0,78000000.0,0.0363623846153846,000988
2005-01-20,8.65,8.89,8.51,8.83,2404202.0,21062426.0,78000000.0,0.0308231025641025,000988
2005-01-21,8.8,8.83,8.15,8.43,3093761.0,26238922.0,78000000.0,0.0396636025641025,000988
2005-01-24,8.68,8.98,8.53,8.97,3024594.0,26609205.0,78000000.0,0.0387768461538461,000988
2005-01-25,8.94,8.94,8.57,8.75,1888438.0,16466427.0,78000000.0,0.0242107435897435,000988
2005-01-26,8.69,8.69,8.41,8.47,1177305.0,10012435.0,78000000.0,0.0150936538461538,000988
2005-01-27,8.42,8.46,8.12,8.18,1502633.0,12328820.0,78000000.0,0.0192645256410256,000988
2005-01-28,8.17,8.26,7.9,7.98,864111.0,6992120.0,78000000.0,0.0110783461538461,000988
2005-01-31,8.0,8.0,7.42,7.67,1047951.0,8012919.0,78000000.0,0.0134352692307692,000988
2005-02-01,7.67,7.83,7.45,7.56,858643.0,6528228.0,78000000.0,0.0110082435897435,000988
2005-02-02,7.58,8.15,7.58,8.09,1108201.0,8748437.0,78000000.0,0.0142077051282051,000988
2005-02-03,8.1,8.15,7.78,7.79,1060998.0,8413484.0,78000000.0,0.0136025384615384,000988
2005-02-04,7.7,7.95,7.69,7.89,766698.0,6027008.0,78000000.0,0.0098294615384615,000988
2005-02-16,7.98,8.2,7.9,7.92,786336.0,6337297.0,78000000.0,0.0100812307692307,000988
2005-02-17,7.98,8.18,7.9,8.16,696415.0,5638288.0,78000000.0,0.0089283974358974,000988
2005-02-18,8.17,8.17,7.97,8.04,490197.0,3948739.0,78000000.0,0.0062845769230769,000988
2005-02-21,8.08,8.14,8.0,8.1,530073.0,4276950.0,78000000.0,0.0067958076923076,000988
2005-02-22,8.08,8.35,8.04,8.31,1193188.0,9832193.0,78000000.0,0.015297282051282,000988
2005-02-23,8.32,8.51,8.24,8.41,1423192.0,11958392.0,78000000.0,0.0182460512820512,000988
2005-02-24,8.41,8.48,8.29,8.34,984810.0,8217353.0,78000000.0,0.0126257692307692,000988
2005-02-25,8.34,8.43,8.28,8.3,1101833.0,9204878.0,78000000.0,0.0141260641025641,000988
2005-02-28,8.33,8.36,8.18,8.24,689310.0,5697911.0,78000000.0,0.0088373076923076,000988
2005-03-01,8.21,8.45,8.21,8.39,717633.0,5989764.0,78000000.0,0.009200423076923,000988
2005-03-02,8.41,8.43,8.05,8.06,951915.0,7814255.0,78000000.0,0.0122040384615384,000988
2005-03-03,8.06,8.2,8.01,8.13,527811.0,4280743.0,78000000.0,0.0067668076923076,000988
2005-03-04,8.2,8.2,8.03,8.04,480491.0,3877470.0,78000000.0,0.006160141025641,000988
2005-03-07,8.03,8.13,8.02,8.06,387239.0,3120667.0,78000000.0,0.0049646025641025,000988
2005-03-08,8.08,8.23,8.05,8.21,563761.0,4588438.0,78000000.0,0.0072277051282051,000988
2005-03-09,8.25,8.43,8.2,8.39,1106969.0,9239520.0,78000000.0,0.0141919102564102,000988
2005-03-10,8.38,8.38,8.07,8.1,730486.0,5988447.0,78000000.0,0.0093652051282051,000988
2005-03-11,8.03,8.2,8.03,8.15,458781.0,3720095.0,78000000.0,0.0058818076923076,000988
2005-03-14,8.13,8.13,7.8,7.83,1182680.0,9326614.0,78000000.0,0.0151625641025641,000988
2005-03-15,7.81,7.89,7.65,7.7,735240.0,5718972.0,78000000.0,0.0094261538461538,000988
2005-03-16,7.7,7.82,7.68,7.77,323296.0,2510405.0,78000000.0,0.0041448205128205,000988
2005-03-17,7.72,7.75,7.61,7.65,523082.0,4013962.0,78000000.0,0.0067061794871794,000988
2005-03-18,7.63,7.63,7.28,7.37,601644.0,4451502.0,78000000.0,0.0077133846153846,000988
2005-03-21,7.29,7.43,7.29,7.38,276399.0,2036348.0,78000000.0,0.0035435769230769,000988
2005-03-22,7.31,7.37,7.0,7.06,746288.0,5291665.0,78000000.0,0.0095677948717948,000988
2005-03-23,7.06,7.19,6.87,6.98,558574.0,3923294.0,78000000.0,0.0071612051282051,000988
2005-03-24,7.0,7.18,6.91,7.13,390388.0,2752947.0,78000000.0,0.0050049743589743,000988
2005-03-25,7.1,7.2,7.03,7.05,305689.0,2174872.0,78000000.0,0.0039190897435897,000988
2005-03-28,7.0,7.01,6.85,6.94,464506.0,3207079.0,78000000.0,0.0059552051282051,000988
2005-03-29,6.96,7.09,6.96,6.97,235133.0,1650572.0,78000000.0,0.0030145256410256,000988
2005-03-30,6.9,6.92,6.55,6.62,465412.0,3136592.0,78000000.0,0.0059668205128205,000988
2005-03-31,6.61,6.76,6.51,6.72,307002.0,2051940.0,78000000.0,0.003935923076923,000988
2005-04-01,6.7,7.1,6.66,6.98,579897.0,3975815.0,78000000.0,0.0074345769230769,000988
2005-04-04,6.9,6.9,6.7,6.74,322123.0,2194993.0,78000000.0,0.004129782051282,000988
2005-04-05,6.75,6.86,6.56,6.6,297261.0,1983306.0,78000000.0,0.0038110384615384,000988
2005-04-06,6.55,6.62,6.2,6.44,1061647.0,6775848.0,78000000.0,0.0136108589743589,000988
2005-04-07,6.4,6.77,6.38,6.67,942186.0,6274052.0,78000000.0,0.0120793076923076,000988
2005-04-08,6.67,6.9,6.6,6.86,575173.0,3888590.0,78000000.0,0.0073740128205128,000988
2005-04-11,6.81,7.18,6.78,6.99,818300.0,5730272.0,78000000.0,0.0104910256410256,000988
2005-04-12,6.96,6.96,6.68,6.69,532670.0,3615189.0,78000000.0,0.0068291025641025,000988
2005-04-13,6.78,7.08,6.78,6.95,709130.0,4925473.0,78000000.0,0.0090914102564102,000988
2005-04-14,6.95,7.07,6.8,6.84,486846.0,3378569.0,78000000.0,0.0062416153846153,000988
2005-04-15,6.78,6.78,6.6,6.63,513445.0,3408019.0,78000000.0,0.0065826282051282,000988
2005-04-18,6.65,6.65,6.41,6.47,355298.0,2297423.0,78000000.0,0.0045551025641025,000988
2005-04-19,6.38,6.55,6.38,6.45,283086.0,1826596.0,78000000.0,0.0036293076923076,000988
2005-04-21,6.35,6.35,5.81,5.81,1108366.0,6594095.0,78000000.0,0.0142098205128205,000988
2005-04-22,5.71,6.0,5.71,5.84,727567.0,4269512.0,78000000.0,0.009327782051282,000988
2005-04-25,5.59,5.84,5.59,5.78,551316.0,3129748.0,78000000.0,0.0070681538461538,000988
2005-04-26,5.9,6.18,5.88,6.05,913588.0,5523808.0,78000000.0,0.0117126666666666,000988
2005-04-27,6.1,6.14,5.78,5.81,530997.0,3146405.0,78000000.0,0.0068076538461538,000988
2005-04-28,5.81,6.12,5.52,6.01,837765.0,4916192.0,78000000.0,0.0107405769230769,000988
2005-04-29,6.0,6.05,5.84,5.89,476129.0,2820079.0,78000000.0,0.0061042179487179,000988
2005-05-09,6.05,6.13,5.83,5.9,488280.0,2921171.0,78000000.0,0.00626,000988
2005-05-10,5.82,5.98,5.51,5.97,540215.0,3101522.0,78000000.0,0.0069258333333333,000988
2005-05-11,5.77,6.19,5.77,6.19,1274119.0,7775311.0,78000000.0,0.0163348589743589,000988
2005-05-12,6.18,6.2,5.97,6.05,612582.0,3711869.0,78000000.0,0.0078536153846153,000988
2005-05-13,6.05,6.21,6.02,6.15,723023.0,4427910.0,78000000.0,0.0092695256410256,000988
2005-05-16,6.08,6.14,5.9,5.93,625470.0,3759040.0,78000000.0,0.0080188461538461,000988
2005-05-17,5.87,6.11,5.83,6.02,416698.0,2504727.0,78000000.0,0.005342282051282,000988
2005-05-18,6.02,6.1,5.96,6.08,366143.0,2210852.0,78000000.0,0.004694141025641,000988
2005-05-19,6.08,6.21,6.04,6.17,1040867.0,6403139.0,78000000.0,0.0133444487179487,000988
2005-05-20,6.17,6.17,6.0,6.03,552860.0,3357665.0,78000000.0,0.0070879487179487,000988
2005-05-23,6.02,6.02,5.73,5.76,537120.0,3120759.0,78000000.0,0.0068861538461538,000988
2005-05-24,5.75,5.96,5.71,5.9,391908.0,2298284.0,78000000.0,0.0050244615384615,000988
2005-05-25,5.9,5.96,5.81,5.83,343856.0,2021411.0,78000000.0,0.0044084102564102,000988
2005-05-26,5.76,5.9,5.76,5.8,263486.0,1534749.0,78000000.0,0.0033780256410256,000988
2005-05-27,5.78,5.96,5.76,5.89,516214.0,3038677.0,78000000.0,0.0066181282051282,000988
2005-05-30,5.88,6.01,5.8,5.97,308097.0,1828267.0,78000000.0,0.0039499615384615,000988
2005-05-31,5.98,6.05,5.87,5.9,292979.0,1736800.0,78000000.0,0.003756141025641,000988
2005-06-01,5.83,5.88,5.72,5.82,279760.0,1621580.0,78000000.0,0.0035866666666666,000988
2005-06-02,5.76,5.86,5.72,5.77,209660.0,1212146.0,78000000.0,0.0026879487179487,000988
2005-06-03,5.75,5.9,5.67,5.8,241600.0,1395425.0,78000000.0,0.0030974358974358,000988
2005-06-06,5.68,5.84,5.63,5.82,303214.0,1740319.0,78000000.0,0.0038873589743589,000988
2005-06-07,5.82,6.05,5.82,5.9,648329.0,3858683.0,78000000.0,0.0083119102564102,000988
2005-06-08,5.95,6.4,5.95,6.31,1816711.0,11245854.0,78000000.0,0.0232911666666666,000988
2005-06-09,6.3,6.48,6.2,6.35,1579134.0,9992531.0,78000000.0,0.0202453076923076,000988
2005-06-10,6.33,6.39,6.15,6.17,1046381.0,6528463.0,78000000.0,0.013415141025641,000988
2005-06-13,6.1,6.3,6.03,6.24,722077.0,4428309.0,78000000.0,0.0092573974358974,000988
2005-06-14,6.27,6.28,6.06,6.12,472478.0,2912464.0,78000000.0,0.0060574102564102,000988
2005-06-15,6.17,6.18,5.88,5.89,479170.0,2890333.0,78000000.0,0.0061432051282051,000988
2005-06-16,5.89,5.99,5.81,5.93,518692.0,3053670.0,78000000.0,0.0066498974358974,000988
2005-06-17,5.93,5.98,5.83,5.86,417849.0,2454711.0,78000000.0,0.0053570384615384,000988
2005-06-20,5.92,6.16,5.77,6.13,800179.0,4835327.0,78000000.0,0.0102587051282051,000988
2005-06-21,6.15,6.15,5.98,6.05,675943.0,4093935.0,78000000.0,0.0086659358974358,000988
2005-06-22,6.03,6.22,5.97,6.2,771066.0,4720107.0,78000000.0,0.0098854615384615,000988
2005-06-23,6.18,6.2,6.01,6.06,646901.0,3961563.0,78000000.0,0.0082936025641025,000988
2005-06-24,6.06,6.08,5.94,6.05,352574.0,2119891.0,78000000.0,0.0045201794871794,000988
2005-06-27,6.14,6.35,6.07,6.29,1596791.0,9993392.0,78000000.0,0.0204716794871794,000988
2005-06-28,6.18,6.31,6.15,6.15,1135873.0,7084914.0,78000000.0,0.0145624743589743,000988
2005-06-29,6.15,6.26,6.15,6.17,494973.0,3071296.0,78000000.0,0.0063458076923076,000988
2005-07-01,5.98,5.98,5.55,5.55,1438930.0,8155434.0,78000000.0,0.0184478205128205,000988
2005-07-04,5.5,5.5,5.03,5.21,1166604.0,5982191.0,78000000.0,0.0149564615384615,000988
2005-07-05,5.17,5.24,5.08,5.13,414169.0,2141906.0,78000000.0,0.0053098589743589,000988
2005-07-06,5.12,5.22,5.06,5.08,292065.0,1500376.0,78000000.0,0.003744423076923,000988
2005-07-07,5.19,5.19,5.08,5.15,350956.0,1798245.0,78000000.0,0.0044994358974358,000988
2005-07-08,5.09,5.1,4.76,4.77,804282.0,3945306.0,78000000.0,0.0103113076923076,000988
2005-07-11,4.8,5.0,4.8,4.8,578963.0,2853599.0,78000000.0,0.0074226025641025,000988
2005-07-12,4.82,5.08,4.71,5.01,492799.0,2446410.0,78000000.0,0.0063179358974358,000988
2005-07-13,5.01,5.06,4.91,4.95,356669.0,1776998.0,78000000.0,0.0045726794871794,000988
2005-07-14,5.0,5.16,4.98,5.01,433502.0,2195637.0,78000000.0,0.0055577179487179,000988
2005-07-15,4.91,5.1,4.8,4.81,314500.0,1535112.0,78000000.0,0.0040320512820512,000988
2005-07-18,4.82,4.82,4.5,4.53,572202.0,2631732.0,78000000.0,0.007335923076923,000988
2005-07-19,4.53,4.65,4.5,4.59,348848.0,1592350.0,78000000.0,0.0044724102564102,000988
2005-07-20,4.56,4.7,4.53,4.62,324162.0,1495109.0,78000000.0,0.004155923076923,000988
2005-07-21,4.55,4.65,4.44,4.61,410325.0,1862781.0,78000000.0,0.0052605769230769,000988
2005-07-22,4.61,4.83,4.61,4.76,756345.0,3577359.0,78000000.0,0.0096967307692307,000988
2005-07-25,4.78,4.78,4.63,4.67,434937.0,2042377.0,78000000.0,0.0055761153846153,000988
2005-07-26,4.66,5.0,4.66,4.89,1300073.0,6365061.0,78000000.0,0.0166676025641025,000988
2005-07-27,4.89,5.0,4.79,4.99,968813.0,4763578.0,78000000.0,0.0124206794871794,000988
2005-07-28,5.0,5.27,4.91,5.15,2096615.0,10680204.0,78000000.0,0.0268796794871794,000988
2005-07-29,5.08,5.17,4.98,5.04,1069045.0,5387505.0,78000000.0,0.0137057051282051,000988
2005-08-01,5.06,5.09,4.93,5.02,541851.0,2709878.0,78000000.0,0.0069468076923076,000988
2005-08-03,5.15,5.32,5.12,5.17,1834781.0,9579890.0,78000000.0,0.0235228333333333,000988
2005-08-04,5.15,5.21,5.0,5.18,718205.0,3672409.0,78000000.0,0.0092077564102564,000988
2005-08-05,5.15,5.4,5.15,5.4,1595348.0,8457694.0,78000000.0,0.0204531794871794,000988
2005-08-08,5.48,5.54,5.38,5.4,2037149.0,11130871.0,78000000.0,0.0261172948717948,000988
2005-08-09,5.4,5.56,5.32,5.52,1190558.0,6525761.0,78000000.0,0.0152635641025641,000988
2005-08-10,5.54,5.68,5.39,5.65,1738980.0,9636005.0,78000000.0,0.0222946153846153,000988
2005-08-11,5.65,5.65,5.5,5.6,1657913.0,9233256.0,78000000.0,0.0212552948717948,000988
2005-08-12,5.61,5.62,5.39,5.42,1376601.0,7570554.0,78000000.0,0.0176487307692307,000988
2005-08-15,5.43,5.67,5.43,5.66,1480973.0,8254245.0,78000000.0,0.0189868333333333,000988
2005-08-16,5.72,5.9,5.65,5.73,2342348.0,13540174.0,78000000.0,0.0300301025641025,000988
2005-08-17,5.7,5.82,5.55,5.8,1589763.0,9013574.0,78000000.0,0.0203815769230769,000988
2005-08-18,5.85,5.95,5.5,5.54,1920239.0,11179187.0,78000000.0,0.0246184487179487,000988
2005-08-19,5.51,5.68,5.48,5.66,1532880.0,8577780.0,78000000.0,0.0196523076923076,000988
2005-08-22,5.67,5.75,5.62,5.72,738784.0,4211409.0,78000000.0,0.0094715897435897,000988
2005-08-23,5.74,5.77,5.5,5.59,738257.0,4115838.0,78000000.0,0.0094648333333333,000988
2005-08-24,5.59,5.66,5.53,5.61,702496.0,3927891.0,78000000.0,0.0090063589743589,000988
2005-08-25,5.65,5.72,5.5,5.68,607431.0,3411299.0,78000000.0,0.0077875769230769,000988
2005-08-26,5.68,5.85,5.6,5.84,1344478.0,7756940.0,78000000.0,0.0172368974358974,000988
2005-08-29,5.82,5.95,5.7,5.75,1065248.0,6208297.0,78000000.0,0.0136570256410256,000988
2005-08-30,5.75,5.75,5.6,5.64,477251.0,2709332.0,78000000.0,0.0061186025641025,000988
2005-08-31,5.63,5.78,5.54,5.76,638123.0,3636641.0,78000000.0,0.0081810641025641,000988
2005-09-01,5.78,5.92,5.72,5.9,1462192.0,8556640.0,78000000.0,0.0187460512820512,000988
2005-09-02,5.9,6.11,5.9,6.04,2314220.0,13965167.0,78000000.0,0.0296694871794871,000988
2005-09-05,6.04,6.14,5.97,6.1,1320047.0,7988820.0,78000000.0,0.0169236794871794,000988
2005-09-06,6.11,6.16,5.84,5.87,1589801.0,9610870.0,78000000.0,0.0203820641025641,000988
2005-09-07,5.88,6.13,5.86,6.11,1425457.0,8567690.0,78000000.0,0.0182750897435897,000988
2005-09-08,6.38,6.72,6.2,6.41,4769449.0,31019937.0,78000000.0,0.061146782051282,000988
2005-09-09,6.41,6.69,6.37,6.52,4288815.0,28132646.0,78000000.0,0.0549848076923076,000988
2005-09-12,6.51,6.51,6.21,6.3,2021020.0,12773063.0,78000000.0,0.0259105128205128,000988
2005-09-13,6.33,6.47,6.26,6.43,1376341.0,8805117.0,78000000.0,0.0176453974358974,000988
2005-09-14,6.45,6.78,6.42,6.7,2770826.0,18318154.0,78000000.0,0.0355234102564102,000988
2005-09-15,6.66,6.72,6.58,6.7,1639630.0,10875884.0,78000000.0,0.0210208974358974,000988
2005-09-16,6.65,6.7,6.54,6.58,1380279.0,9087602.0,78000000.0,0.0176958846153846,000988
2005-09-19,6.55,6.7,6.5,6.64,966473.0,6368248.0,78000000.0,0.0123906794871794,000988
2005-09-20,6.65,6.68,6.44,6.49,1427568.0,9314674.0,78000000.0,0.0183021538461538,000988
2005-09-21,6.5,6.5,6.29,6.32,1330115.0,8473848.0,78000000.0,0.0170527564102564,000988
2005-09-22,6.3,6.31,5.96,6.13,1483413.0,9145585.0,78000000.0,0.0190181153846153,000988
2005-09-23,6.09,6.19,5.9,5.95,864910.0,5249906.0,78000000.0,0.0110885897435897,000988
2005-09-26,5.96,6.07,5.87,6.07,727185.0,4340007.0,78000000.0,0.0093228846153846,000988
2005-09-27,6.07,6.07,5.87,5.88,691753.0,4103115.0,78000000.0,0.0088686282051282,000988
2005-09-28,5.85,5.94,5.72,5.79,614290.0,3588427.0,78000000.0,0.0078755128205128,000988
2005-09-29,5.82,5.95,5.8,5.94,623942.0,3679722.0,78000000.0,0.0079992564102564,000988
2005-09-30,5.95,5.99,5.85,5.93,407965.0,2419376.0,78000000.0,0.0052303205128205,000988
2005-10-20,6.52,6.52,6.52,6.52,759446.0,4951588.0,78000000.0,0.0097364871794871,000988
2005-10-21,6.69,6.77,6.48,6.51,3820740.0,25170012.0,78000000.0,0.0489838461538461,000988
2005-10-24,6.47,6.5,6.33,6.45,1375362.0,8814117.0,78000000.0,0.0176328461538461,000988
2005-10-25,6.45,6.54,6.35,6.36,1351890.0,8742389.0,78000000.0,0.017331923076923,000988
2005-10-26,6.31,6.44,6.0,6.09,1085549.0,6767593.0,78000000.0,0.0139172948717948,000988
2005-10-27,6.02,6.14,5.78,6.0,1090833.0,6528118.0,78000000.0,0.0139850384615384,000988
2005-10-28,5.97,5.97,5.7,5.79,888992.0,5170966.0,78000000.0,0.0113973333333333,000988
2005-10-31,5.75,6.08,5.71,5.92,1206446.0,7050846.0,78000000.0,0.0154672564102564,000988
2005-11-22,4.2,4.3,4.15,4.2,4353560.0,18430019.0,113880000.0,0.0382293642430628,000988
2005-11-23,4.22,4.26,4.18,4.25,2058978.0,8707289.0,113880000.0,0.0180802423603793,000988
2005-11-24,4.23,4.27,4.2,4.25,1399899.0,5942468.0,113880000.0,0.012292755532139,000988
2005-11-25,4.25,4.33,4.22,4.28,1485197.0,6368363.0,113880000.0,0.0130417720407446,000988
2005-11-28,4.28,4.33,4.23,4.27,1205303.0,5154607.0,113880000.0,0.0105839743589743,000988
2005-11-29,4.27,4.27,4.18,4.2,1038134.0,4383870.0,113880000.0,0.0091160344221988,000988
2005-11-30,4.2,4.28,4.18,4.28,1306973.0,5515118.0,113880000.0,0.0114767562346329,000988
2005-12-01,4.29,4.3,4.22,4.25,1108627.0,4714118.0,113880000.0,0.0097350456621004,000988
2005-12-02,4.23,4.29,4.2,4.23,1074930.0,4562800.0,113880000.0,0.0094391464699683,000988
2005-12-05,4.19,4.23,4.05,4.06,1486858.0,6133868.0,113880000.0,0.0130563575693712,000988
2005-12-06,4.05,4.13,4.01,4.07,530868.0,2164300.0,113880000.0,0.0046616438356164,000988
2005-12-07,4.05,4.1,4.01,4.07,553722.0,2244638.0,113880000.0,0.0048623287671232,000988
2005-12-08,4.07,4.08,4.01,4.04,483186.0,1951379.0,113880000.0,0.0042429399367755,000988
2005-12-09,4.04,4.24,4.0,4.2,1011860.0,4195401.0,113880000.0,0.0088853178784685,000988
2005-12-12,4.19,4.22,4.16,4.2,1036245.0,4342265.0,113880000.0,0.0090994467860906,000988
2005-12-13,4.17,4.2,4.08,4.17,911431.0,3764671.0,113880000.0,0.0080034334387074,000988
2005-12-14,4.17,4.28,4.13,4.27,1667884.0,7051187.0,113880000.0,0.0146459782226905,000988
2005-12-15,4.29,4.43,4.27,4.37,5418427.0,23701130.0,113880000.0,0.0475801457674745,000988
2005-12-16,4.37,4.43,4.32,4.4,1752096.0,7687115.0,113880000.0,0.0153854583772392,000988
2005-12-19,4.4,4.46,4.37,4.43,1684251.0,7453099.0,113880000.0,0.0147896996838777,000988
2005-12-20,4.42,4.44,4.37,4.41,1299999.0,5724113.0,113880000.0,0.011415516332982,000988
2005-12-21,4.41,4.42,4.36,4.4,1026449.0,4503391.0,113880000.0,0.0090134264137688,000988
2005-12-22,4.38,4.49,4.37,4.47,1504289.0,6683778.0,113880000.0,0.0132094221988057,000988
2005-12-23,4.47,4.59,4.47,4.52,1657629.0,7504966.0,113880000.0,0.0145559272918861,000988
2005-12-26,4.55,4.62,4.48,4.61,2845818.0,13034249.0,113880000.0,0.0249896206533192,000988
2005-12-27,4.63,4.68,4.57,4.67,2587206.0,11979678.0,113880000.0,0.0227187038988408,000988
2005-12-28,4.67,4.8,4.65,4.8,4494298.0,21368305.0,113880000.0,0.0394652089919213,000988
2005-12-29,4.8,4.83,4.74,4.82,2963186.0,14184415.0,113880000.0,0.0260202493853178,000988
2005-12-30,4.8,4.8,4.63,4.64,1863544.0,8781550.0,113880000.0,0.0163641025641025,000988
2006-01-04,4.62,4.77,4.62,4.75,2249696.0,10613451.0,113880000.0,0.0197549701440112,000988
2006-01-05,4.76,4.81,4.7,4.75,1728102.0,8216062.0,113880000.0,0.0151747629083245,000988
2006-01-06,4.75,4.97,4.75,4.83,3466877.0,16901102.0,113880000.0,0.0304432472778363,000988
2006-01-09,4.83,5.0,4.82,4.89,2668004.0,13085931.0,113880000.0,0.0234282051282051,000988
2006-01-10,4.9,4.94,4.8,4.92,1475504.0,7184443.0,113880000.0,0.0129566561292588,000988
2006-01-11,4.89,5.15,4.89,5.09,4864619.0,24668959.0,113880000.0,0.042717061819459,000988
2006-01-12,5.07,5.35,5.05,5.33,5047268.0,26453715.0,113880000.0,0.0443209343168247,000988
2006-01-13,5.35,5.6,5.25,5.33,5125797.0,27663963.0,113880000.0,0.0450105110642781,000988
2006-01-16,5.3,5.43,5.05,5.07,3813167.0,20036456.0,113880000.0,0.0334840797330523,000988
2006-01-17,5.08,5.15,5.02,5.12,2833316.0,14404979.0,113880000.0,0.0248798384264137,000988
2006-01-18,5.18,5.4,5.18,5.39,4856820.0,25877178.0,113880000.0,0.0426485774499473,000988
2006-01-19,5.41,5.48,5.33,5.4,3259378.0,17570998.0,113880000.0,0.028621162627327,000988
2006-01-20,5.4,5.55,5.3,5.52,3982849.0,21682977.0,113880000.0,0.0349740867579908,000988
2006-01-23,5.5,5.64,5.43,5.55,2997390.0,16650703.0,113880000.0,0.0263206006322444,000988
2006-01-24,5.56,5.67,5.53,5.54,2860404.0,15964069.0,113880000.0,0.0251177028451001,000988
2006-01-25,5.54,5.62,5.24,5.37,2985470.0,16131185.0,113880000.0,0.0262159290481208,000988
2006-02-06,5.4,5.55,5.37,5.45,1994558.0,10864069.0,113880000.0,0.0175145591851071,000988
2006-02-07,5.46,5.56,5.2,5.43,3491934.0,18650520.0,113880000.0,0.030663277133825,000988
2006-02-08,5.5,5.55,5.35,5.43,2138718.0,11602031.0,113880000.0,0.0187804531085353,000988
2006-02-09,5.42,5.47,5.24,5.28,1885022.0,10022055.0,113880000.0,0.0165527046013347,000988
2006-02-10,5.32,5.33,5.2,5.25,1408585.0,7409732.0,113880000.0,0.0123690288022479,000988
2006-02-13,5.26,5.35,5.2,5.34,1346172.0,7107802.0,113880000.0,0.0118209694415173,000988
2006-02-14,5.4,5.57,5.33,5.54,4681363.0,25631089.0,113880000.0,0.0411078591499824,000988
2006-02-15,5.55,5.6,5.42,5.47,2057467.0,11334633.0,113880000.0,0.0180669740077274,000988
2006-02-16,5.48,5.53,5.09,5.13,3075111.0,16140769.0,113880000.0,0.0270030821917808,000988
2006-02-17,5.09,5.28,4.96,5.25,4457315.0,22910385.0,113880000.0,0.0391404548647699,000988
2006-02-20,5.28,5.39,5.23,5.28,2615864.0,13882637.0,113880000.0,0.0229703547593958,000988
2006-02-21,5.3,5.5,5.18,5.48,4093683.0,21931286.0,113880000.0,0.035947339304531,000988
2006-02-22,5.5,5.54,5.4,5.49,3603721.0,19729851.0,113880000.0,0.0316448981383912,000988
2006-02-23,5.48,5.49,5.3,5.41,1725656.0,9270291.0,113880000.0,0.0151532841587636,000988
2006-02-24,5.44,5.57,5.38,5.52,4236810.0,23358126.0,113880000.0,0.03720416227608,000988
2006-02-27,5.58,5.68,5.32,5.34,2879575.0,15782956.0,113880000.0,0.0252860467158412,000988
2006-02-28,5.32,5.36,5.17,5.33,1721365.0,9034211.0,113880000.0,0.0151156041447137,000988
2006-03-01,5.36,5.43,5.3,5.35,2562162.0,13736433.0,113880000.0,0.0224987881981032,000988
2006-03-02,5.31,5.35,5.01,5.04,5237698.0,26927483.0,113880000.0,0.0459931331225851,000988
2006-03-03,5.0,5.0,4.8,4.9,3071671.0,15008256.0,113880000.0,0.0269728749560941,000988
2006-03-06,4.88,4.91,4.8,4.86,1226204.0,5949383.0,113880000.0,0.0107675096592904,000988
2006-03-07,4.86,4.89,4.64,4.66,1917515.0,9049843.0,113880000.0,0.0168380312609764,000988
2006-03-08,4.62,4.78,4.61,4.73,1070833.0,5042529.0,113880000.0,0.0094031700035124,000988
2006-03-09,4.7,4.82,4.69,4.76,1178836.0,5609226.0,113880000.0,0.0103515630488233,000988
2006-03-10,4.79,4.95,4.79,4.94,2322509.0,11307985.0,113880000.0,0.020394353705655,000988
2006-03-13,4.97,4.98,4.83,4.91,2133676.0,10472376.0,113880000.0,0.0187361784334387,000988
2006-03-14,4.93,5.02,4.9,5.0,3000275.0,14904564.0,113880000.0,0.0263459343168247,000988
2006-03-15,4.98,4.99,4.91,4.97,1354566.0,6702418.0,113880000.0,0.0118946786090621,000988
2006-03-16,4.97,4.99,4.83,4.85,1069940.0,5229391.0,113880000.0,0.0093953284158763,000988
2006-03-17,4.83,4.89,4.72,4.8,1155635.0,5531648.0,113880000.0,0.0101478310502283,000988
2006-03-20,4.79,4.86,4.73,4.84,905436.0,4355329.0,113880000.0,0.0079507903055848,000988
2006-03-21,4.87,4.97,4.81,4.84,1433818.0,7010767.0,113880000.0,0.0125906041447137,000988
2006-03-22,4.83,4.9,4.8,4.88,1509124.0,7288308.0,113880000.0,0.0132518791710572,000988
2006-03-23,4.86,5.0,4.81,4.97,2673377.0,13206264.0,113880000.0,0.0234753863716192,000988
2006-03-24,4.95,5.0,4.84,4.89,1507735.0,7399341.0,113880000.0,0.0132396821215314,000988
2006-03-27,4.88,4.96,4.75,4.94,2575803.0,12412966.0,113880000.0,0.0226185721812434,000988
2006-03-28,4.96,5.08,4.91,5.04,3973868.0,19925949.0,113880000.0,0.0348952230417983,000988
2006-03-29,5.04,5.13,4.94,5.03,3011031.0,15141563.0,113880000.0,0.0264403846153846,000988
2006-03-30,5.0,5.06,4.94,4.99,2071825.0,10330817.0,113880000.0,0.0181930540920266,000988
2006-03-31,5.0,5.03,4.9,5.03,2131050.0,10585141.0,113880000.0,0.0187131190727081,000988
2006-04-03,5.05,5.18,5.05,5.17,5661225.0,29007255.0,113880000.0,0.0497121970495258,000988
2006-04-04,5.19,5.32,5.16,5.29,7434250.0,39003951.0,113880000.0,0.0652814365999297,000988
2006-04-05,5.29,5.42,5.23,5.24,4390105.0,23321465.0,113880000.0,0.0385502722163681,000988
2006-04-06,5.2,5.29,5.08,5.15,3129211.0,16210657.0,113880000.0,0.0274781436599929,000988
2006-04-07,5.1,5.25,5.1,5.2,2516752.0,13059417.0,113880000.0,0.0221000351246926,000988
2006-04-11,5.25,5.38,5.16,5.23,2999226.0,15733098.0,113880000.0,0.0263367228661749,000988
2006-04-12,5.2,5.24,5.1,5.14,2452780.0,12669117.0,113880000.0,0.0215382859149982,000988
2006-04-13,5.17,5.19,4.82,4.85,3569763.0,17781135.0,113880000.0,0.0313467070600632,000988
2006-04-14,4.85,4.98,4.79,4.96,1957307.0,9518674.0,113880000.0,0.0171874517035475,000988
2006-04-17,4.9,4.97,4.87,4.95,2073328.0,10217370.0,113880000.0,0.0182062521952932,000988
2006-04-18,4.98,4.99,4.85,4.98,2328357.0,11510438.0,113880000.0,0.0204457060063224,000988
2006-04-19,5.0,5.13,4.88,5.0,4179399.0,20968495.0,113880000.0,0.0367000263435194,000988
2006-04-20,5.02,5.11,4.91,4.95,3028817.0,15163308.0,113880000.0,0.0265965665612925,000988
2006-04-21,4.9,5.06,4.88,4.97,3111691.0,15507630.0,113880000.0,0.0273242975061468,000988
2006-04-24,4.96,4.96,4.69,4.69,4092169.0,19416368.0,113880000.0,0.0359340446083596,000988
2006-04-25,4.68,4.68,4.48,4.56,2627147.0,11946700.0,113880000.0,0.0230694327362135,000988
2006-04-26,4.59,4.76,4.56,4.73,2570183.0,11966075.0,113880000.0,0.0225692219880576,000988
2006-04-27,4.73,4.77,4.61,4.72,1612795.0,7560683.0,113880000.0,0.0141622321742184,000988
2006-04-28,4.53,4.74,4.48,4.66,1913838.0,8885033.0,113880000.0,0.0168057428872497,000988
2006-05-08,4.61,5.1,4.61,4.98,4560507.0,22356129.0,113880000.0,0.0400466016859852,000988
2006-05-09,5.0,5.19,4.9,5.17,5662783.0,28930678.0,113880000.0,0.0497258781173164,000988
2006-05-10,5.19,5.27,5.06,5.19,4428483.0,22944805.0,113880000.0,0.0388872760800843,000988
2006-05-11,5.18,5.25,5.08,5.14,6081584.0,31430684.0,113880000.0,0.0534034422198805,000988
2006-05-12,5.1,5.65,5.1,5.65,7491085.0,40850462.0,113880000.0,0.0657805145767474,000988
2006-05-15,6.01,6.22,5.83,6.22,15258185.0,93072287.0,113880000.0,0.1339847646645592,000988
2006-05-16,6.37,6.8,6.08,6.25,14553930.0,94251876.0,113880000.0,0.1278005795574288,000988
2006-05-17,6.65,6.88,6.26,6.88,17649943.0,119124496.0,113880000.0,0.1549872058306989,000988
2006-05-18,6.9,7.15,6.6,6.97,15112007.0,105047800.0,113880000.0,0.1327011503336845,000988
2006-05-19,6.95,7.67,6.6,7.53,16215518.0,117360139.0,113880000.0,0.1423912715138742,000988
2006-05-22,7.54,8.0,7.35,7.78,9825803.0,75144497.0,113880000.0,0.0862820776255707,000988
2006-05-24,7.7,7.7,7.0,7.0,9235372.0,65401727.0,113880000.0,0.0810974007727432,000988
2006-05-25,6.72,6.95,6.3,6.6,14771248.0,96194422.0,113880000.0,0.1297088865472427,000988
2006-05-26,6.7,6.82,6.51,6.71,9100970.0,60593726.0,113880000.0,0.0799171935370565,000988
2006-05-29,6.9,7.28,6.88,6.98,12523419.0,88378101.0,113880000.0,0.10997031085353,000988
2006-05-30,6.9,7.27,6.75,7.1,7799277.0,54993086.0,113880000.0,0.0684868018967334,000988
2006-05-31,7.0,7.05,6.64,6.69,6166539.0,42289913.0,113880000.0,0.0541494467860906,000988
2006-06-01,6.65,7.03,6.58,6.89,5020941.0,34479968.0,113880000.0,0.0440897523709167,000988
2006-06-02,6.87,7.24,6.65,7.01,7548871.0,52816717.0,113880000.0,0.0662879434492448,000988
2006-06-05,6.98,7.11,6.85,7.08,5957791.0,41636817.0,113880000.0,0.0523163944502985,000988
2006-06-06,7.1,7.45,7.03,7.16,6601264.0,47501723.0,113880000.0,0.0579668422901299,000988
2006-06-07,7.1,7.17,6.44,6.44,6689657.0,44394801.0,113880000.0,0.0587430365296803,000988
2006-06-08,6.3,6.35,5.8,6.19,5936549.0,35987521.0,113880000.0,0.0521298647699332,000988
2006-06-09,6.1,6.16,5.8,5.83,3355831.0,20194742.0,113880000.0,0.0294681331225851,000988
2006-06-12,5.8,6.05,5.7,5.96,2215079.0,13187395.0,113880000.0,0.0194509922725676,000988
2006-06-14,6.1,6.17,5.75,5.92,2356669.0,14036199.0,113880000.0,0.0206943185809624,000988
2006-06-15,5.99,6.04,5.88,5.9,1632164.0,9698749.0,113880000.0,0.0143323147172462,000988
2006-06-16,5.91,6.38,5.91,6.3,3598744.0,22182758.0,113880000.0,0.0316011942395504,000988
2006-06-19,6.27,6.43,6.18,6.34,3553335.0,22409899.0,113880000.0,0.0312024499473129,000988
2006-06-20,6.33,6.34,6.17,6.26,2347781.0,14641506.0,113880000.0,0.0206162715138742,000988
2006-06-21,6.22,6.27,6.09,6.1,2073036.0,12796657.0,113880000.0,0.0182036880927291,000988
2006-06-22,6.1,6.29,6.1,6.21,1560274.0,9682941.0,113880000.0,0.0137010361784334,000988
2006-06-23,6.21,6.37,6.09,6.34,2715030.0,17065266.0,113880000.0,0.0238411485774499,000988
2006-06-26,6.35,6.54,6.29,6.45,3045761.0,19604731.0,113880000.0,0.0267453547593958,000988
2006-06-27,6.46,6.49,6.31,6.4,1713764.0,10926003.0,113880000.0,0.0150488584474885,000988
2006-06-28,6.35,6.43,6.24,6.32,1674175.0,10584105.0,113880000.0,0.0147012205830698,000988
2006-06-29,6.35,6.54,6.34,6.45,3068627.0,19807717.0,113880000.0,0.0269461450649806,000988
2006-06-30,6.52,6.6,6.42,6.54,4003983.0,26016949.0,113880000.0,0.0351596680716543,000988
2006-07-03,6.52,6.82,6.46,6.71,4052098.0,27057845.0,113880000.0,0.0355821742184755,000988
2006-07-04,6.71,6.74,6.42,6.54,3290723.0,21657375.0,113880000.0,0.0288964085001756,000988
2006-07-05,6.5,6.68,6.41,6.66,3548353.0,23315921.0,113880000.0,0.0311587021426062,000988
2006-07-06,6.7,6.96,6.69,6.83,5715520.0,38978398.0,113880000.0,0.050188970846505,000988
2006-07-07,6.82,6.88,6.64,6.66,3130893.0,21100813.0,113880000.0,0.027492913593256,000988
2006-07-10,6.7,6.84,6.64,6.77,2094999.0,14107964.0,113880000.0,0.0183965489989462,000988
2006-07-11,6.76,6.79,6.58,6.69,2276797.0,15153178.0,113880000.0,0.0199929487179487,000988
2006-07-12,6.7,6.77,6.57,6.58,2562572.0,17030691.0,113880000.0,0.0225023884791008,000988
2006-07-13,6.52,6.58,5.92,5.92,5192706.0,31888107.0,113880000.0,0.0455980505795574,000988
2006-07-14,5.85,6.03,5.78,5.9,2112291.0,12485910.0,113880000.0,0.0185483930453108,000988
2006-07-17,5.95,6.05,5.83,6.02,1667327.0,9988342.0,113880000.0,0.0146410871092377,000988
2006-07-18,6.02,6.02,5.89,5.98,1427827.0,8497153.0,113880000.0,0.0125379961362838,000988
2006-07-19,5.95,5.96,5.72,5.75,1850230.0,10771638.0,113880000.0,0.0162471900245872,000988
2006-07-20,5.65,5.78,5.58,5.74,3172175.0,17980244.0,113880000.0,0.0278554179838426,000988
2006-07-21,5.82,5.96,5.74,5.91,2621168.0,15360903.0,113880000.0,0.0230169301018616,000988
2006-07-24,5.82,6.05,5.7,6.04,2947275.0,17484913.0,113880000.0,0.0258805321390937,000988
2006-07-25,6.09,6.27,6.09,6.11,4688078.0,28950751.0,113880000.0,0.0411668247277836,000988
2006-07-26,6.15,6.18,6.05,6.12,1651377.0,10106703.0,113880000.0,0.0145010273972602,000988
2006-07-27,6.11,6.13,5.82,5.9,1937752.0,11602010.0,113880000.0,0.0170157358623112,000988
2006-07-28,5.9,5.97,5.72,5.81,1328298.0,7744268.0,113880000.0,0.0116640147523709,000988
2006-07-31,5.75,5.86,5.43,5.48,1569982.0,8788574.0,113880000.0,0.0137862838075166,000988
2006-08-01,5.51,5.55,5.38,5.39,1194483.0,6522383.0,113880000.0,0.0104889620653319,000988
2006-08-02,5.39,5.45,5.29,5.37,1349199.0,7210693.0,113880000.0,0.011847550052687,000988
2006-08-03,5.43,5.47,5.34,5.44,847132.0,4571412.0,113880000.0,0.0074388127853881,000988
2006-08-04,5.46,5.47,5.14,5.16,1095407.0,5792724.0,113880000.0,0.0096189585528626,000988
2006-08-07,5.1,5.18,5.03,5.04,952407.0,4862842.0,113880000.0,0.0083632507903055,000988
2006-08-08,5.06,5.19,5.06,5.19,914612.0,4695150.0,113880000.0,0.0080313663505444,000988
2006-08-09,5.2,5.23,5.13,5.16,847232.0,4383956.0,113880000.0,0.0074396909027046,000988
2006-08-10,5.15,5.32,5.15,5.28,999815.0,5242245.0,113880000.0,0.0087795486476993,000988
2006-08-11,5.28,5.4,5.21,5.33,1158448.0,6124976.0,113880000.0,0.0101725324903407,000988
2006-08-14,5.28,5.33,5.05,5.19,1253713.0,6550880.0,113880000.0,0.0110090709518791,000988
2006-08-15,5.19,5.3,5.1,5.29,1713095.0,8896868.0,113880000.0,0.0150429838426413,000988
2006-08-16,5.29,5.36,5.22,5.35,1375355.0,7305916.0,113880000.0,0.0120772304179838,000988
2006-08-17,5.34,5.34,5.21,5.27,893236.0,4702076.0,113880000.0,0.007843659992975,000988
2006-08-18,5.26,5.37,5.21,5.22,819075.0,4339519.0,113880000.0,0.0071924394099051,000988
2006-08-21,5.03,5.31,4.95,5.29,1386431.0,7144940.0,113880000.0,0.0121744906919564,000988
2006-08-22,5.24,5.42,5.24,5.32,1476931.0,7889658.0,113880000.0,0.0129691868633649,000988
2006-08-23,5.3,5.42,5.28,5.36,1604421.0,8607170.0,113880000.0,0.0140886986301369,000988
2006-08-24,5.31,5.5,5.3,5.5,1722390.0,9318821.0,113880000.0,0.0151246048472075,000988
2006-08-25,5.53,5.64,5.46,5.47,3031155.0,16839835.0,113880000.0,0.0266170969441517,000988
2006-08-28,5.48,5.67,5.48,5.58,2335755.0,13042327.0,113880000.0,0.0205106691253951,000988
2006-08-29,5.6,5.82,5.55,5.64,3000470.0,17034210.0,113880000.0,0.0263476466455918,000988
2006-08-30,5.6,5.6,5.4,5.54,2416202.0,13317422.0,113880000.0,0.0212170881629785,000988
2006-08-31,5.58,5.6,5.52,5.57,1668217.0,9282388.0,113880000.0,0.0146489023533544,000988
2006-09-01,5.6,5.6,5.45,5.55,1851136.0,10249537.0,113880000.0,0.0162551457674745,000988
2006-09-04,5.53,5.76,5.5,5.73,4136369.0,23527849.0,113880000.0,0.0363221724622409,000988
2006-09-05,5.74,5.8,5.63,5.77,4313644.0,24715471.0,113880000.0,0.0378788549350193,000988
2006-09-06,5.75,5.81,5.67,5.74,1434260.0,8227884.0,113880000.0,0.0125944854232525,000988
2006-09-07,5.78,5.82,5.55,5.57,1443825.0,8171657.0,113880000.0,0.0126784773445732,000988
2006-09-08,5.56,5.68,5.5,5.52,955309.0,5325775.0,113880000.0,0.0083887337548296,000988
2006-09-11,5.5,5.56,5.37,5.45,1052171.0,5737833.0,113880000.0,0.0092392957499121,000988
2006-09-12,5.48,5.59,5.44,5.54,1081915.0,5968767.0,113880000.0,0.009500482964524,000988
2006-09-13,5.54,5.57,5.45,5.46,1166618.0,6413251.0,113880000.0,0.0102442746750965,000988
2006-09-14,5.49,5.55,5.43,5.52,1048768.0,5755023.0,113880000.0,0.0092094134176325,000988
2006-09-18,5.58,5.65,5.52,5.62,1633609.0,9118594.0,113880000.0,0.0143450035124692,000988
2006-09-19,5.64,5.65,5.56,5.6,1052337.0,5894842.0,113880000.0,0.0092407534246575,000988
2006-09-20,5.6,5.6,5.52,5.57,1101976.0,6123134.0,113880000.0,0.0096766420793818,000988
2006-09-21,5.57,5.64,5.52,5.61,1362749.0,7607173.0,113880000.0,0.0119665349490691,000988
2006-09-22,5.61,5.73,5.53,5.67,2635995.0,14927194.0,113880000.0,0.0231471285563751,000988
2006-09-25,5.7,6.22,5.7,6.08,10011868.0,60070332.0,113880000.0,0.0879159466104671,000988
2006-09-26,6.09,6.18,5.92,6.1,4825307.0,29165864.0,113880000.0,0.042371856340007,000988
2006-09-27,6.1,6.57,6.0,6.39,8184179.0,51679446.0,113880000.0,0.0718666930101861,000988
2006-09-28,6.36,6.44,6.24,6.3,4892004.0,30983094.0,113880000.0,0.0429575342465753,000988
2006-09-29,6.3,6.45,6.24,6.32,3789815.0,24016902.0,113880000.0,0.0332790217773094,000988
2006-10-09,6.36,6.66,6.26,6.6,5595319.0,36365029.0,113880000.0,0.0491334650509308,000988
2006-10-10,6.56,7.2,6.5,6.93,8038033.0,55149205.0,113880000.0,0.0705833596768528,000988
2006-10-11,6.9,7.4,6.89,6.93,10292562.0,73613130.0,113880000.0,0.0903807692307692,000988
2006-10-12,6.9,6.92,6.48,6.5,6571193.0,43636523.0,113880000.0,0.0577027836318932,000988
2006-10-13,6.43,6.75,6.42,6.67,3682266.0,24346193.0,113880000.0,0.0323346153846153,000988
2006-10-16,6.61,6.89,6.49,6.51,3222575.0,21390811.0,113880000.0,0.0282979891113452,000988
2006-10-17,6.45,6.56,6.33,6.44,2540349.0,16289759.0,113880000.0,0.0223072444678609,000988
2006-10-18,6.4,6.62,6.35,6.61,2721425.0,17673082.0,113880000.0,0.0238973041798384,000988
2006-10-19,6.58,6.71,6.51,6.6,2173341.0,14357290.0,113880000.0,0.0190844836670179,000988
2006-10-20,6.63,6.76,6.53,6.63,3097867.0,20626818.0,113880000.0,0.0272029065683175,000988
2006-10-23,6.67,6.67,6.25,6.38,2437629.0,15607456.0,113880000.0,0.0214052423603793,000988
2006-10-24,6.3,6.45,6.3,6.44,2407613.0,15396051.0,113880000.0,0.0211416666666666,000988
2006-10-25,6.44,6.48,6.1,6.29,2672587.0,16856365.0,113880000.0,0.0234684492448191,000988
2006-10-26,6.28,6.29,6.15,6.15,1583802.0,9834463.0,113880000.0,0.0139076396206533,000988
2006-10-27,6.2,6.35,6.15,6.16,1629520.0,10122030.0,113880000.0,0.0143090972953986,000988
2006-10-30,6.1,6.2,5.88,5.98,1886143.0,11280831.0,113880000.0,0.0165625482964524,000988
2006-10-31,5.98,6.07,5.95,6.07,2274158.0,13658340.0,113880000.0,0.0199697752019669,000988
2006-11-01,6.07,6.08,5.94,5.99,1422081.0,8539537.0,113880000.0,0.0124875395152792,000988
2006-11-02,5.99,6.18,5.89,6.11,1769548.0,10693835.0,113880000.0,0.0155387074113101,000988
2006-11-03,6.12,6.16,6.05,6.11,1511440.0,9234604.0,113880000.0,0.0132722163681067,000988
2006-11-06,6.08,6.1,5.88,5.89,2449300.0,14601823.0,113880000.0,0.0215077274323849,000988
2006-11-07,5.89,5.92,5.66,5.71,1966011.0,11280326.0,113880000.0,0.0172638830347734,000988
2006-11-08,5.68,5.84,5.63,5.73,1414604.0,8119196.0,113880000.0,0.0124218826835265,000988
2006-11-09,5.73,5.83,5.69,5.79,1296506.0,7482331.0,113880000.0,0.0113848436951176,000988
2006-11-10,5.79,5.79,5.49,5.58,1536332.0,8681654.0,113880000.0,0.0134907973305233,000988
2006-11-13,5.58,5.65,5.2,5.27,2032560.0,10956528.0,113880000.0,0.0178482613277133,000988
2006-11-14,5.26,5.46,5.26,5.43,1533111.0,8206965.0,113880000.0,0.0134625131717597,000988
2006-11-15,5.45,5.54,5.4,5.47,1555045.0,8518972.0,113880000.0,0.013655119423955,000988
2006-11-16,5.5,5.57,5.3,5.33,1754172.0,9552290.0,113880000.0,0.0154036880927291,000988
2006-11-17,5.33,5.45,5.21,5.4,1222990.0,6567735.0,113880000.0,0.010739286968739,000988
2006-11-20,5.4,5.58,5.35,5.55,1664827.0,9110165.0,113880000.0,0.0146191341763259,000988
2006-11-21,5.54,5.54,5.3,5.44,1955806.0,10612547.0,113880000.0,0.0171742711626273,000988
2006-11-22,5.5,5.68,5.44,5.61,2442638.0,13679716.0,171042078.0,0.0142809186403827,000988
2006-11-23,5.6,5.68,5.51,5.64,1757886.0,9829692.0,171042078.0,0.0102775060999902,000988
2006-11-24,5.66,5.68,5.55,5.63,1544642.0,8663138.0,171042078.0,0.009030771948409,000988
2006-11-27,5.59,5.71,5.55,5.61,3073659.0,17297364.0,171042078.0,0.0179701921067633,000988
2006-11-28,5.62,5.73,5.59,5.68,4378063.0,24788385.0,171042078.0,0.0255964090894639,000988
2006-11-29,5.62,5.78,5.51,5.74,3746327.0,21163889.0,171042078.0,0.0219029553651704,000988
2006-11-30,5.75,5.83,5.7,5.73,4105789.0,23637979.0,171042078.0,0.0240045551831988,000988
2006-12-01,5.75,6.04,5.71,5.95,10655168.0,62213472.0,171042078.0,0.0622955948886448,000988
2006-12-06,6.23,6.55,6.08,6.55,25490628.0,160971091.0,171042078.0,0.1490313278350138,000988
2006-12-07,6.55,6.78,6.3,6.37,16381152.0,106995779.0,171042078.0,0.0957726437350696,000988
2006-12-08,6.2,6.3,5.82,5.83,7997847.0,48519959.0,171042078.0,0.0467595289622241,000988
2006-12-11,5.75,6.0,5.75,5.97,4510530.0,26566986.0,171042078.0,0.0263708793341484,000988
2006-12-12,5.95,6.07,5.8,5.98,4104688.0,24344695.0,171042078.0,0.0239981181706644,000988
2006-12-13,5.99,6.12,5.86,6.04,5474505.0,32777540.0,171042078.0,0.0320067732105078,000988
2006-12-14,6.08,6.21,6.0,6.14,10629376.0,64917212.0,171042078.0,0.0621448015850228,000988
2006-12-15,6.16,6.16,6.05,6.11,5180762.0,31529334.0,171042078.0,0.0302894004830787,000988
2006-12-18,6.12,6.13,5.95,6.01,6149291.0,36963837.0,171042078.0,0.0359519193867604,000988
2006-12-19,6.0,6.28,5.95,6.23,8196575.0,50372116.0,171042078.0,0.0479213951084013,000988
2006-12-20,6.25,6.25,6.08,6.17,4919679.0,30277749.0,171042078.0,0.0287629749212939,000988
2006-12-21,6.17,6.2,5.97,6.01,5655436.0,34519048.0,171042078.0,0.0330645889369983,000988
2006-12-22,5.97,6.06,5.86,5.88,3769790.0,22355341.0,171042078.0,0.022040132136374,000988
2006-12-25,5.88,5.97,5.82,5.86,3122339.0,18444606.0,171042078.0,0.018254800435715,000988
2006-12-26,5.92,6.13,5.8,6.08,6009383.0,35909430.0,171042078.0,0.0351339452272089,000988
2006-12-27,6.08,6.11,5.92,5.99,3083283.0,18494448.0,171042078.0,0.0180264589629225,000988
2006-12-28,5.96,6.02,5.64,5.68,4499172.0,25996692.0,171042078.0,0.026304474621736,000988
2006-12-29,5.65,5.77,5.63,5.7,3766561.0,21454374.0,171042078.0,0.0220212537408484,000988
2007-01-04,5.7,5.83,5.68,5.72,3489253.0,20046089.0,171042078.0,0.0203999684802706,000988
2007-01-05,5.75,5.82,5.62,5.81,3637374.0,20770022.0,171042078.0,0.0212659600639323,000988
2007-01-08,5.81,6.19,5.76,6.15,6813762.0,41004934.0,171042078.0,0.0398367587652904,000988
2007-01-22,6.77,6.77,6.77,6.77,410430.0,2778611.0,171042078.0,0.0023995849723013,000988
2007-01-23,7.45,7.45,7.45,7.45,319789.0,2382428.0,171042078.0,0.0018696510457502,000988
2007-01-24,8.2,8.2,8.2,8.2,2273397.0,18641855.0,171042078.0,0.0132914486691397,000988
2007-01-25,9.02,9.02,8.84,9.02,32068295.0,289005535.0,171042078.0,0.1874877537444324,000988
2007-01-26,9.09,9.34,8.71,9.03,31576779.0,285213469.0,171042078.0,0.1846140982922342,000988
2007-01-29,9.03,9.63,8.97,9.35,20832257.0,192816620.0,171042078.0,0.1217960939412815,000988
2007-01-30,9.28,9.3,9.0,9.1,12037914.0,109725696.0,171042078.0,0.0703798395152799,000988
2007-01-31,9.02,9.38,8.19,8.21,13222868.0,116993248.0,171042078.0,0.0773076903333693,000988
2007-02-01,8.12,8.89,8.12,8.61,14690159.0,125950559.0,171042078.0,0.0858862285337763,000988
2007-02-02,8.7,8.76,8.21,8.25,7375040.0,62019779.0,171042078.0,0.0431182787664682,000988
2007-02-05,8.22,8.77,8.22,8.5,8511611.0,73117099.0,171042078.0,0.0497632576704312,000988
2007-02-07,8.9,9.05,8.58,8.99,9706505.0,85335184.0,171042078.0,0.0567492228432818,000988
2007-02-08,8.89,9.14,8.7,8.9,6319422.0,56333456.0,171042078.0,0.036946592755965,000988
2007-02-09,8.89,8.98,8.67,8.75,4953961.0,43460299.0,171042078.0,0.0289634051335601,000988
2007-02-12,8.7,9.08,8.65,9.0,5743046.0,51194152.0,171042078.0,0.0335768020779074,000988
2007-02-13,8.99,9.12,8.85,9.0,5080228.0,45518252.0,171042078.0,0.0297016269879508,000988
2007-02-14,8.99,9.35,8.85,9.24,7929855.0,72250222.0,171042078.0,0.0463620127440219,000988
2007-02-15,9.19,10.16,9.16,10.16,11304478.0,112867749.0,171042078.0,0.0660917952598775,000988
2007-02-16,10.47,10.62,9.96,10.06,11514392.0,119601418.0,171042078.0,0.0673190605179621,000988
2007-02-26,10.2,10.49,9.88,10.34,7916057.0,80345957.0,171042078.0,0.0462813425360746,000988
2007-02-27,10.29,10.55,9.31,9.31,12534664.0,123013023.0,171042078.0,0.0732840956247035,000988
2007-02-28,9.08,9.59,8.88,9.4,9628319.0,88994466.0,171042078.0,0.0562921072556192,000988
2007-03-01,9.4,9.53,8.98,9.09,8331651.0,76408471.0,171042078.0,0.048711118909582,000988
2007-03-02,9.14,9.43,9.09,9.26,4555652.0,42173816.0,171042078.0,0.0266346857642831,000988
2007-03-06,9.5,9.85,9.31,9.61,11160852.0,107704734.0,171042078.0,0.0652520837591788,000988
2007-03-07,9.75,9.81,9.56,9.72,5070889.0,49051807.0,171042078.0,0.0296470263884422,000988
2007-03-08,9.75,10.13,9.64,9.98,6290292.0,62604133.0,171042078.0,0.0367762837867299,000988
2007-03-09,10.0,10.08,9.7,9.93,5904953.0,58465895.0,171042078.0,0.0345233937113416,000988
2007-03-12,10.32,10.53,10.1,10.49,10025491.0,104019607.0,171042078.0,0.0586141791378376,000988
2007-03-13,10.3,10.85,10.23,10.68,8221355.0,86685177.0,171042078.0,0.0480662717392851,000988
2007-03-14,10.46,10.98,10.0,10.6,10127746.0,106313616.0,171042078.0,0.0592120144845293,000988
2007-03-15,10.5,10.75,10.4,10.55,6424148.0,68098681.0,171042078.0,0.0375588748401431,000988
2007-03-16,10.63,10.93,10.01,10.12,8244101.0,85729766.0,171042078.0,0.0481992565595467,000988
2007-03-19,9.6,10.25,9.58,10.12,6089453.0,60916115.0,171042078.0,0.0356020756483091,000988
2007-03-20,10.15,10.34,10.05,10.23,3794298.0,38611345.0,171042078.0,0.0221834185152965,000988
2007-03-21,10.23,10.38,10.17,10.33,4312253.0,44304003.0,171042078.0,0.0252116499660393,000988
2007-03-22,10.32,10.78,10.28,10.4,6182743.0,65207417.0,171042078.0,0.036147496991939,000988
2007-03-23,10.32,10.5,9.98,10.26,6017959.0,61403337.0,171042078.0,0.0351840849361056,000988
2007-03-26,10.26,10.69,10.26,10.69,7575416.0,79700439.0,171042078.0,0.044289779968646,000988
2007-03-27,10.73,11.25,10.62,11.07,10355882.0,113561802.0,171042078.0,0.0605458149309902,000988
2007-03-28,11.05,11.05,10.18,10.65,9424793.0,100429327.0,171042078.0,0.0551021895325663,000988
2007-03-29,10.6,10.78,10.23,10.23,6454573.0,67239342.0,171042078.0,0.0377367550457379,000988
2007-03-30,10.16,10.49,10.08,10.34,3994712.0,41211706.0,171042078.0,0.0233551418850278,000988
2007-04-02,10.34,10.57,10.3,10.55,3912183.0,40801018.0,171042078.0,0.0228726348846159,000988
2007-04-03,10.6,10.71,10.4,10.62,5738162.0,60617444.0,171042078.0,0.0335482477007792,000988
2007-04-04,10.62,10.79,10.43,10.75,6768281.0,72104122.0,171042078.0,0.0395708534364274,000988
2007-04-05,10.72,11.28,10.65,10.98,10110096.0,111488137.0,171042078.0,0.0591088235024834,000988
2007-04-06,10.85,11.08,10.75,10.99,8234086.0,90004389.0,171042078.0,0.0481407037161931,000988
2007-04-09,11.03,11.6,11.03,11.25,8795968.0,99909565.0,171042078.0,0.0514257550121672,000988
2007-04-10,11.29,11.49,10.8,11.39,9324329.0,104758690.0,171042078.0,0.0545148252934579,000988
2007-04-11,11.38,12.53,11.33,12.53,23245780.0,283909165.0,171042078.0,0.1359067913101476,000988
2007-04-12,12.8,12.8,12.3,12.39,14894098.0,185725652.0,171042078.0,0.087078560867344,000988
2007-04-13,12.31,13.19,12.19,12.7,15901191.0,200839695.0,171042078.0,0.0929665447586529,000988
2007-04-16,12.64,13.29,12.59,12.94,9528505.0,123749647.0,171042078.0,0.0557085432509771,000988
2007-04-17,12.94,13.0,12.3,12.85,10335272.0,131364627.0,171042078.0,0.0604253182658363,000988
2007-04-18,12.83,13.25,12.48,13.13,11129439.0,143782594.0,171042078.0,0.0650684271971953,000988
2007-04-19,13.08,13.08,11.83,12.04,11260137.0,140403273.0,171042078.0,0.0658325549576169,000988
2007-04-20,12.15,12.62,12.15,12.49,6774535.0,84429690.0,171042078.0,0.0396074175385076,000988
2007-04-23,12.58,13.2,12.5,13.1,10295793.0,133218271.0,171042078.0,0.0601945037173835,000988
2007-04-24,13.2,13.99,12.9,13.44,12647561.0,170789292.0,171042078.0,0.0739441495793801,000988
2007-04-25,13.44,13.6,12.9,13.12,7807489.0,102787037.0,171042078.0,0.0456465981429435,000988
2007-04-26,13.2,13.77,13.2,13.52,9057636.0,122444372.0,171042078.0,0.0529556007849717,000988
2007-04-27,13.58,13.97,13.38,13.88,12076444.0,166398055.0,171042078.0,0.070605105721412,000988
2007-04-30,13.88,14.88,13.88,14.8,14854129.0,216550967.0,171042078.0,0.086844881526755,000988
2007-05-08,15.16,15.5,14.8,14.85,13576700.0,204361531.0,171042078.0,0.0793763742744051,000988
2007-05-09,14.95,15.86,14.4,15.55,14705306.0,223849890.0,171042078.0,0.0859747856898698,000988
2007-05-10,15.48,15.49,14.95,15.23,8248932.0,124914758.0,171042078.0,0.048227501071403,000988
2007-05-11,15.0,15.0,14.3,14.5,9425476.0,137811221.0,171042078.0,0.0551061827020132,000988
2007-05-14,14.0,14.79,14.0,14.4,6688289.0,96697908.0,171042078.0,0.0391031790434632,000988
2007-05-15,14.52,14.69,13.65,13.7,8281916.0,117652525.0,171042078.0,0.0484203425077658,000988
2007-05-16,13.7,14.15,13.18,14.08,7740492.0,105762153.0,171042078.0,0.045254899206732,000988
2007-05-17,14.08,14.48,13.96,14.29,6622195.0,94510494.0,171042078.0,0.0387167595099025,000988
2007-05-18,14.3,14.35,13.84,14.0,7120218.0,100259783.0,171042078.0,0.0416284582323654,000988
2007-05-21,13.48,14.35,13.18,14.27,8655182.0,120614087.0,171042078.0,0.0506026476128289,000988
2007-05-22,14.38,14.86,14.32,14.47,8901144.0,129949166.0,171042078.0,0.0520406680278989,000988
2007-05-23,14.6,15.37,14.42,15.3,12028010.0,180201631.0,171042078.0,0.0703219356350429,000988
2007-05-24,15.45,15.78,14.61,15.04,13742901.0,208751356.0,171042078.0,0.080348070841375,000988
2007-05-25,14.99,15.36,14.81,15.14,9411081.0,142833037.0,171042078.0,0.0550220221248715,000988
2007-05-28,15.3,15.69,15.19,15.39,11748665.0,181088860.0,171042078.0,0.0686887410242993,000988
2007-05-29,15.34,15.59,14.93,15.24,9523297.0,145045300.0,171042078.0,0.0556780946031303,000988
2007-05-30,13.99,14.8,13.72,13.72,9686704.0,137376814.0,171042078.0,0.0566334560084098,000988
2007-05-31,12.98,13.5,12.35,12.35,12927820.0,162035210.0,171042078.0,0.0755826879044348,000988
2007-06-01,12.24,13.0,11.12,11.12,12232626.0,142159017.0,171042078.0,0.0715182260589701,000988
2007-06-04,11.26,11.54,10.01,10.01,11831136.0,123332840.0,171042078.0,0.0691709089268665,000988
2007-06-05,9.82,10.7,9.09,10.64,13421677.0,133097385.0,171042078.0,0.0784700300472261,000988
2007-06-06,10.69,10.96,10.28,10.63,9863744.0,104800344.0,171042078.0,0.0576685229467336,000988
2007-06-07,10.6,11.6,10.51,11.48,11548176.0,126589939.0,171042078.0,0.0675165791659757,000988
2007-06-08,11.75,12.3,11.51,11.91,19243384.0,228871985.0,171042078.0,0.1125067248072138,000988
2007-06-11,12.05,12.36,11.72,11.99,10605828.0,127814864.0,171042078.0,0.0620071278600813,000988
2007-06-12,12.0,12.06,11.12,11.86,9054571.0,105705829.0,171042078.0,0.0529376812178346,000988
2007-06-13,11.89,12.6,11.88,12.28,10342376.0,127089929.0,171042078.0,0.0604668519052954,000988
2007-06-14,12.14,12.16,11.7,11.73,7129045.0,85208623.0,171042078.0,0.0416800654164175,000988
2007-06-15,11.55,12.05,11.51,12.0,5697553.0,67291018.0,171042078.0,0.0333108265908696,000988
2007-06-18,12.55,13.1,12.25,12.77,12072700.0,152823008.0,171042078.0,0.0705832163708862,000988
2007-06-19,12.78,13.7,12.51,13.42,12174157.0,160266372.0,171042078.0,0.0711763861989562,000988
2007-06-20,13.56,13.72,12.61,12.75,11910883.0,158593836.0,171042078.0,0.0696371509237627,000988
2007-06-21,12.58,13.01,12.3,12.85,7015584.0,89318504.0,171042078.0,0.0410167140275271,000988
2007-06-22,12.95,13.0,11.57,11.6,7802059.0,93807313.0,171042078.0,0.0456148515688636,000988
2007-06-25,11.61,12.0,10.44,10.46,6192843.0,67686042.0,171042078.0,0.0362065467890304,000988
2007-06-26,10.1,10.85,10.05,10.85,5460544.0,57355910.0,171042078.0,0.0319251500206867,000988
2007-06-27,10.88,11.25,10.75,11.04,4460692.0,49131480.0,171042078.0,0.0260795007413322,000988
2007-06-28,11.05,11.6,10.87,11.45,8089370.0,91523855.0,171042078.0,0.0472946195146202,000988
2007-06-29,10.99,11.55,10.31,10.56,5797477.0,62882028.0,171042078.0,0.0338950337121138,000988
2007-07-02,10.46,10.85,10.01,10.7,3367151.0,35192992.0,171042078.0,0.0196860973590369,000988
2007-07-03,10.79,10.88,10.23,10.64,2446528.0,25855004.0,171042078.0,0.0143036615820348,000988
2007-07-04,10.7,10.7,10.16,10.21,1808432.0,18857028.0,171042078.0,0.0105730240251173,000988
2007-07-05,10.02,10.14,9.19,9.2,4276648.0,40755909.0,171042078.0,0.0250034848150055,000988
2007-07-06,9.2,9.88,9.01,9.83,3374246.0,31982886.0,171042078.0,0.0197275783798651,000988
2007-07-09,9.8,10.23,9.75,10.11,4568265.0,45799382.0,171042078.0,0.0267084278524726,000988
2007-07-10,10.08,10.1,9.61,9.67,2852314.0,27975799.0,171042078.0,0.0166760953407032,000988
2007-07-11,9.67,9.8,9.54,9.77,1609223.0,15629518.0,171042078.0,0.0094083457054351,000988
2007-07-12,9.7,9.86,9.66,9.8,1672028.0,16306913.0,171042078.0,0.0097755360525963,000988
2007-07-13,9.81,9.92,9.7,9.81,1228834.0,12060711.0,171042078.0,0.0071843958771361,000988
2007-07-16,9.85,10.14,9.81,9.88,2665774.0,26599681.0,171042078.0,0.015585486514026,000988
2007-07-17,9.87,10.19,9.6,10.08,2687350.0,26896041.0,171042078.0,0.0157116309122483,000988
2007-07-18,10.1,10.29,9.82,10.19,3078755.0,31124687.0,171042078.0,0.0179999859449789,000988
2007-07-19,10.24,10.76,10.15,10.65,4717987.0,49225072.0,171042078.0,0.0275837797059504,000988
2007-07-20,10.72,10.88,10.42,10.83,4331917.0,46384873.0,171042078.0,0.0253266158284162,000988
2007-07-23,10.79,11.28,10.79,11.2,4934863.0,54669783.0,171042078.0,0.0288517483984262,000988
2007-07-24,11.25,11.39,10.93,11.04,3845822.0,42877281.0,171042078.0,0.0224846543316668,000988
2007-07-25,11.05,11.33,11.01,11.29,4461506.0,49890088.0,171042078.0,0.0260842598041868,000988
2007-07-26,11.29,11.53,11.25,11.4,4567340.0,52006678.0,171042078.0,0.0267030198265014,000988
2007-07-27,11.38,11.79,11.12,11.61,5202570.0,59609585.0,171042078.0,0.0304169012726798,000988
2007-07-30,11.5,11.99,11.4,11.68,5014339.0,58894341.0,171042078.0,0.0293164059898757,000988
2007-07-31,11.68,11.91,11.39,11.68,3939666.0,45724624.0,171042078.0,0.0230333146443648,000988
2007-08-01,11.7,12.1,10.9,11.0,5807316.0,67189915.0,171042078.0,0.0339525575689041,000988
2007-08-02,11.02,11.4,10.93,11.31,4204370.0,47136432.0,171042078.0,0.0245809104353842,000988
2007-08-03,11.32,11.61,11.0,11.43,4665413.0,52719480.0,171042078.0,0.0272764050492885,000988
2007-08-06,11.6,12.3,11.55,12.2,9378450.0,112506621.0,171042078.0,0.0548312445081496,000988
2007-08-07,12.28,12.29,11.82,11.85,4409444.0,52852286.0,171042078.0,0.0257798785629814,000988
2007-08-08,11.8,11.85,11.14,11.4,3471710.0,39991503.0,171042078.0,0.020297403075283,000988
2007-08-09,11.25,11.67,11.25,11.41,2512548.0,28763501.0,171042078.0,0.0146896484735177,000988
2007-08-10,11.44,11.44,10.8,11.02,3729740.0,41267575.0,171042078.0,0.0218059792281054,000988
2007-08-13,10.89,11.42,10.85,11.28,2686968.0,29967722.0,171042078.0,0.0157093975436851,000988
2007-08-14,11.35,11.58,11.3,11.5,2940071.0,33715358.0,171042078.0,0.0171891679192531,000988
2007-08-15,11.5,11.57,11.0,11.2,2472914.0,27761752.0,171042078.0,0.0144579277153075,000988
2007-08-16,11.2,12.32,11.2,12.32,9546742.0,113823344.0,171042078.0,0.0558151661370718,000988
2007-08-17,12.14,12.52,11.9,12.28,7175884.0,87736484.0,171042078.0,0.0419539103120578,000988
2007-08-20,12.57,12.98,12.38,12.8,8854425.0,112187701.0,171042078.0,0.0517675247140063,000988
2007-08-21,12.9,13.55,12.76,13.28,10339155.0,136803506.0,171042078.0,0.0604480202818864,000988
2007-08-22,13.02,13.94,12.85,13.8,9399707.0,128132831.0,171042078.0,0.0549555238682261,000988
2007-08-23,13.79,13.79,13.38,13.5,5643198.0,76266671.0,171042078.0,0.03299303929177,000988
2007-08-24,13.45,13.7,12.88,13.4,5583095.0,74262568.0,171042078.0,0.0326416462269594,000988
2007-08-27,13.5,13.86,13.01,13.8,9074973.0,123021831.0,171042078.0,0.0530569618079593,000988
2007-08-28,13.81,13.89,13.2,13.38,4160765.0,55840033.0,171042078.0,0.0243259731678423,000988
2007-08-29,13.12,13.3,12.52,12.75,5086711.0,65706254.0,171042078.0,0.0297395299418661,000988
2007-08-30,12.83,14.03,12.68,14.03,6572352.0,89920098.0,171042078.0,0.0384253516845135,000988
2007-08-31,14.79,15.38,14.2,14.32,18846388.0,276427901.0,171042078.0,0.1101856819115586,000988
2007-09-03,14.58,15.1,14.42,14.49,9870611.0,145668880.0,171042078.0,0.0577086709622412,000988
2007-09-04,14.4,14.73,14.0,14.18,9908018.0,142696672.0,171042078.0,0.0579273715325184,000988
2007-09-05,14.18,14.78,13.96,14.7,7924748.0,113422085.0,171042078.0,0.0463321545941461,000988
2007-09-06,14.7,14.98,14.46,14.48,7146384.0,105198105.0,171042078.0,0.0417814381324342,000988
2007-09-07,14.34,15.28,14.16,14.72,11320279.0,168274812.0,171042078.0,0.0661841760364955,000988
2007-09-10,14.5,15.08,14.0,14.89,9576241.0,138808032.0,171042078.0,0.0559876324701808,000988
2007-09-11,14.88,15.39,13.8,13.93,8117811.0,120640910.0,171042078.0,0.047460900235321,000988
2007-09-12,13.94,14.29,13.05,13.5,7198409.0,97360381.0,171042078.0,0.0420856030526008,000988
2007-09-13,13.55,13.75,13.1,13.65,4380161.0,59160069.0,171042078.0,0.0256086750770181,000988
2007-09-17,13.82,13.95,13.5,13.69,5987024.0,82091032.0,171042078.0,0.0350032230080834,000988
2007-09-18,13.69,13.87,13.3,13.51,5289927.0,71255500.0,171042078.0,0.0309276352454043,000988
2007-09-19,13.61,14.2,13.61,13.83,6322560.0,87784769.0,171042078.0,0.0369649391186652,000988
2007-09-20,13.67,14.08,13.58,13.61,3584004.0,49166376.0,171042078.0,0.0209539315816778,000988
2007-09-21,13.61,13.8,13.0,13.25,3974469.0,53016385.0,171042078.0,0.0232367908907187,000988
2007-09-24,13.24,13.39,12.62,13.15,3672518.0,47679310.0,171042078.0,0.0214714299717523,000988
2007-09-25,13.21,13.21,12.85,12.95,2807922.0,36455746.0,171042078.0,0.0164165568661999,000988
2007-09-26,12.81,13.25,12.79,12.85,2025839.0,26264660.0,171042078.0,0.0118440972168263,000988
2007-09-27,13.3,13.83,13.22,13.4,4178963.0,56377038.0,171042078.0,0.0244323680398691,000988
2007-09-28,13.35,13.92,13.35,13.69,3822588.0,52033200.0,171042078.0,0.0223488164122982,000988
2007-10-08,14.2,14.2,13.56,13.56,3903349.0,53878624.0,171042078.0,0.0228209867749618,000988
2007-10-09,13.68,13.69,13.21,13.47,2962187.0,39688177.0,171042078.0,0.0173184694353397,000988
2007-10-10,13.6,13.6,13.12,13.19,3019453.0,40148739.0,171042078.0,0.0176532759383337,000988
2007-10-11,13.19,13.28,12.68,12.77,3449485.0,44498172.0,171042078.0,0.020167464289109,000988
2007-10-12,12.72,12.95,11.6,12.17,5201397.0,63136034.0,171042078.0,0.0304100433110968,000988
2007-10-15,12.05,12.45,11.69,12.2,3622654.0,43387429.0,171042078.0,0.0211798993695574,000988
2007-10-16,12.02,12.4,11.8,12.26,2315214.0,27919395.0,171042078.0,0.013535932368642,000988
2007-10-17,12.36,12.38,12.0,12.18,2037427.0,24744419.0,171042078.0,0.0119118466275883,000988
2007-10-18,12.16,12.27,11.65,11.65,1765995.0,20988677.0,171042078.0,0.0103249154865857,000988
2007-10-19,11.75,12.1,11.7,11.78,1579451.0,18798377.0,171042078.0,0.0092342832738503,000988
2007-10-22,11.78,12.28,11.58,11.79,1491005.0,17821892.0,171042078.0,0.0087171824467661,000988
2007-10-23,11.8,12.35,11.8,12.29,2460323.0,29928460.0,171042078.0,0.0143843142504384,000988
2007-10-24,12.29,12.35,11.7,11.75,1858876.0,22147226.0,171042078.0,0.010867945605759,000988
2007-10-25,11.6,11.6,10.58,10.58,3383722.0,36562117.0,171042078.0,0.0197829799518689,000988
2007-10-26,10.37,10.58,9.86,10.16,2049546.0,20911986.0,171042078.0,0.0119827005375835,000988
2007-10-29,10.16,10.4,9.99,10.35,1481621.0,14977357.0,171042078.0,0.0086623187541021,000988
2007-10-30,10.34,10.85,10.31,10.77,1789332.0,18933846.0,171042078.0,0.0104613555969543,000988
2007-10-31,11.01,11.2,10.55,11.01,2926822.0,32057071.0,171042078.0,0.0171117074478012,000988
2007-11-01,11.0,11.0,10.4,10.46,3958346.0,42037685.0,171042078.0,0.0231425275364112,000988
2007-11-02,10.4,10.45,9.95,10.04,2385244.0,24111138.0,171042078.0,0.0139453637835246,000988
2007-11-05,9.8,10.33,9.8,10.18,1739190.0,17655957.0,171042078.0,0.0101681996637108,000988
2007-11-06,10.18,10.5,10.18,10.26,1104939.0,11435508.0,171042078.0,0.00646004195529,000988
2007-11-07,10.3,11.05,10.3,10.7,5574322.0,59970961.0,171042078.0,0.0325903547546937,000988
2007-11-08,10.45,10.65,9.7,9.98,2341971.0,24025113.0,171042078.0,0.0136923675588178,000988
2007-11-09,9.98,10.3,9.7,10.01,1867386.0,18736613.0,171042078.0,0.0109176994446945,000988
2007-11-12,9.81,10.45,9.81,10.38,2419282.0,24564001.0,171042078.0,0.0141443674462374,000988
2007-11-13,10.43,10.6,10.26,10.32,1707910.0,17775932.0,171042078.0,0.0099853206881642,000988
2007-11-14,10.4,10.6,10.32,10.59,2811110.0,29568312.0,171042078.0,0.0164351955546283,000988
2007-11-15,10.58,10.63,9.98,10.28,1705410.0,17705560.0,171042078.0,0.0099707044017554,000988
2007-11-16,10.18,10.5,10.13,10.46,1334759.0,13740158.0,171042078.0,0.0078036879322759,000988
2007-11-19,10.48,10.98,10.41,10.84,3266322.0,35102846.0,171042078.0,0.0190965991421128,000988
2007-11-20,10.9,10.95,10.68,10.85,2309770.0,24997081.0,171042078.0,0.0135041039433583,000988
2007-11-21,10.86,10.95,10.6,10.61,1873303.0,20085163.0,171042078.0,0.0109522932713668,000988
2007-11-22,10.52,10.59,9.91,9.96,1816530.0,18553393.0,171042078.0,0.0106203691000526,000988
2007-11-23,9.93,10.24,9.9,10.24,1172766.0,11807317.0,186346928.0,0.00629345496911,000988
2007-11-26,10.29,10.38,10.01,10.1,1473595.0,15080017.0,186346928.0,0.0079078040932341,000988
2007-11-27,10.03,10.28,10.0,10.18,854209.0,8659898.0,186346928.0,0.0045839714620892,000988
2007-11-28,10.29,10.6,10.28,10.4,1984889.0,20719807.0,186346928.0,0.0106515788658453,000988
2007-11-29,10.54,10.6,10.28,10.56,1639416.0,17231321.0,186346928.0,0.008797655092012,000988
2007-11-30,10.56,10.77,10.39,10.42,1594751.0,16878088.0,186346928.0,0.0085579677492724,000988
2007-12-03,10.62,11.16,10.62,10.96,3934363.0,42950992.0,186346928.0,0.0211131089856227,000988
2007-12-04,10.94,10.94,10.65,10.69,1642331.0,17682259.0,186346928.0,0.008813297957882,000988
2007-12-05,10.7,10.9,10.68,10.82,1333437.0,14406352.0,186346928.0,0.0071556693437951,000988
2007-12-06,10.82,11.03,10.68,10.95,1565591.0,17046325.0,186346928.0,0.0084014854272242,000988
2007-12-07,11.15,11.48,11.12,11.15,3228510.0,36387616.0,186346928.0,0.0173252654854605,000988
2007-12-10,11.12,11.47,11.05,11.36,2850095.0,32220580.0,186346928.0,0.0152945639114587,000988
2007-12-11,11.58,11.58,11.2,11.47,2982540.0,34052879.0,186346928.0,0.0160053081207756,000988
2007-12-12,11.45,11.57,11.35,11.47,2024408.0,23197652.0,186346928.0,0.010863651049831,000988
2007-12-13,11.55,11.65,10.92,10.97,2542589.0,28743882.0,186346928.0,0.0136443837700399,000988
2007-12-14,10.95,11.39,10.75,11.33,2288016.0,25296642.0,186346928.0,0.012278259827283,000988
2007-12-17,11.38,11.68,11.18,11.41,2576007.0,29661671.0,186346928.0,0.0138237159455614,000988
2007-12-18,11.35,11.58,11.26,11.45,1354141.0,15458764.0,186346928.0,0.0072667739389833,000988
2007-12-19,11.77,12.6,11.76,12.6,7461011.0,93362977.0,186346928.0,0.0400382827883269,000988
2007-12-20,13.02,13.17,12.66,12.9,13939811.0,179218367.0,186346928.0,0.0748056925306544,000988
2007-12-21,12.93,13.38,12.82,13.13,6835741.0,89164182.0,186346928.0,0.0366828746433641,000988
2007-12-24,13.3,13.64,13.06,13.16,7423520.0,99300411.0,186346928.0,0.0398370935312655,000988
2007-12-25,13.17,13.39,12.92,13.25,3764406.0,49561595.0,186346928.0,0.0202010628262141,000988
2007-12-26,13.38,13.63,13.3,13.53,4513837.0,60907589.0,186346928.0,0.0242227604632151,000988
2007-12-27,13.82,14.14,13.45,13.97,9520361.0,131049997.0,186346928.0,0.0510894443078771,000988
2007-12-28,13.82,14.08,13.65,13.69,4385818.0,60704995.0,186346928.0,0.0235357676516137,000988
2008-01-02,13.73,14.01,13.4,13.7,4926570.0,67707177.0,186346928.0,0.0264376239140363,000988
2008-01-03,13.58,14.2,13.56,14.08,6387214.0,89010136.0,186346928.0,0.0342759286055952,000988
2008-01-04,13.95,14.1,13.6,13.67,3822925.0,52631415.0,186346928.0,0.0205150953709309,000988
2008-01-07,13.61,13.83,13.35,13.66,5088385.0,68881149.0,186346928.0,0.0273059773757043,000988
2008-01-08,13.66,13.67,12.95,13.01,5893211.0,78290217.0,186346928.0,0.031624943127584,000988
2008-01-09,12.85,13.66,12.85,13.45,3445546.0,46022243.0,186346928.0,0.0184899533197563,000988
2008-01-10,13.48,13.78,13.32,13.58,3004284.0,40645794.0,186346928.0,0.0161219937041301,000988
2008-01-11,13.68,13.9,13.6,13.88,5109562.0,70283333.0,186346928.0,0.0274196202472412,000988
2008-01-14,14.07,14.36,13.9,14.25,5465005.0,77205525.0,186346928.0,0.0293270463787844,000988
2008-01-15,14.2,14.32,13.9,14.15,4084679.0,57569169.0,186346928.0,0.0219197549637094,000988
2008-01-16,14.05,14.05,13.71,13.75,3658794.0,50632776.0,186346928.0,0.0196343134779232,000988
2008-01-17,13.63,13.91,12.89,13.42,3192444.0,43052151.0,186346928.0,0.0171317232554539,000988
2008-01-18,13.81,14.76,13.81,14.44,9139546.0,131580487.0,186346928.0,0.0490458635304146,000988
2008-01-21,14.68,15.3,14.21,14.55,15453250.0,230764644.0,186346928.0,0.0829273128666762,000988
2008-01-22,14.09,14.48,13.1,13.1,6968391.0,94366077.0,186346928.0,0.0373947189513099,000988
2008-01-23,12.92,14.39,12.92,14.27,9766077.0,134338114.0,186346928.0,0.0524080386235291,000988
2008-01-24,14.27,15.7,14.2,15.7,20736845.0,316381590.0,186346928.0,0.1112808524538703,000988
2008-01-25,16.12,16.15,14.85,14.99,18926775.0,294515321.0,186346928.0,0.1015674108671112,000988
2008-01-28,15.0,15.5,14.2,14.48,11656181.0,173943121.0,186346928.0,0.0625509694476959,000988
2008-01-29,14.67,15.48,14.67,15.28,7913183.0,120089412.0,186346928.0,0.0424647891163518,000988
2008-01-30,15.51,15.66,13.75,14.68,10354611.0,150349530.0,186346928.0,0.0555663090941858,000988
2008-01-31,14.32,14.54,13.3,13.38,5367027.0,74874502.0,186346928.0,0.0288012636301683,000988
2008-02-01,13.2,13.5,12.04,12.22,5979586.0,74840574.0,186346928.0,0.0320884602938021,000988
2008-02-04,12.8,13.44,12.6,13.44,4578225.0,60190363.0,186346928.0,0.0245682880267282,000988
2008-02-05,13.42,14.38,12.91,13.92,4845346.0,66745686.0,186346928.0,0.0260017487382459,000988
2008-02-13,13.72,14.45,13.3,13.7,3626227.0,50831134.0,186346928.0,0.0194595480532955,000988
2008-02-14,13.8,14.14,13.7,13.86,2173422.0,30224166.0,186346928.0,0.0116633100600402,000988
2008-02-15,13.8,13.88,13.08,13.78,3322784.0,44877469.0,186346928.0,0.0178311713300688,000988
2008-02-18,13.91,14.32,13.82,14.13,3853606.0,54567103.0,186346928.0,0.0206797398881724,000988
2008-02-19,14.18,14.51,13.99,14.39,3758541.0,53938485.0,186346928.0,0.0201695892727568,000988
2008-02-20,14.45,14.64,13.96,13.98,4010155.0,57035007.0,186346928.0,0.0215198342309136,000988
2008-02-21,13.98,14.95,13.65,14.75,6980087.0,101169114.0,186346928.0,0.0374574836028421,000988
2008-02-22,14.7,14.92,13.9,14.65,5779390.0,83452869.0,186346928.0,0.0310141415371226,000988
2008-02-25,14.68,15.14,14.31,14.84,8081784.0,119395954.0,186346928.0,0.0433695585258051,000988
2008-02-26,15.14,15.75,14.41,14.94,17849355.0,270943747.0,186346928.0,0.0957856144534886,000988
2008-02-27,14.88,15.82,14.8,15.75,24811117.0,383111196.0,186346928.0,0.133144759971573,000988
2008-02-28,15.71,16.38,15.31,15.85,18682881.0,296860253.0,186346928.0,0.1002585940134199,000988
2008-02-29,15.76,16.08,15.01,15.41,17820831.0,275302607.0,186346928.0,0.0956325451203574,000988
2008-03-03,15.6,16.95,15.4,16.95,19912610.0,328465752.0,186346928.0,0.1068577315103364,000988
2008-03-04,17.0,17.25,16.5,16.6,19255720.0,325127858.0,186346928.0,0.1033326398597781,000988
2008-03-05,16.5,17.58,16.2,17.39,15261961.0,258928731.0,186346928.0,0.0819007920538405,000988
2008-03-06,17.49,17.9,16.59,16.67,14039223.0,241621761.0,186346928.0,0.0753391706033383,000988
2008-03-07,16.17,16.55,15.62,15.7,10599414.0,170393090.0,186346928.0,0.0568800039461879,000988
2008-03-10,15.5,15.73,15.1,15.38,6040366.0,93029066.0,186346928.0,0.0324146261214459,000988
2008-03-11,15.1,16.12,15.0,15.96,6170767.0,96504900.0,186346928.0,0.033114401542482,000988
2008-03-12,16.23,16.35,14.5,14.8,6440415.0,100340681.0,186346928.0,0.0345614229819769,000988
2008-03-13,14.63,16.28,14.42,16.16,14338460.0,220295295.0,186346928.0,0.0769449765225,000988
2008-03-14,15.79,16.6,15.21,15.98,7787426.0,124215688.0,186346928.0,0.0417899349540122,000988
2008-03-17,16.1,16.55,14.38,14.38,13988324.0,217499368.0,186346928.0,0.0750660295296094,000988
2008-03-18,13.71,14.2,12.94,12.94,8051857.0,107671270.0,186346928.0,0.0432089602249842,000988
2008-03-19,13.3,14.14,12.95,13.88,7292507.0,99431158.0,186346928.0,0.0391340339133468,000988
2008-03-20,13.87,14.89,13.5,14.52,9076726.0,128973311.0,186346928.0,0.0487087503798291,000988
2008-03-21,14.76,15.16,14.31,14.35,6122787.0,89854955.0,186346928.0,0.0328569247999623,000988
2008-03-24,14.65,15.2,14.28,14.48,10385183.0,153731441.0,186346928.0,0.0557303686809368,000988
2008-03-25,14.2,14.87,13.9,14.51,5720360.0,82258022.0,186346928.0,0.0306973667953356,000988
2008-03-26,14.74,14.99,14.25,14.48,4160914.0,60622693.0,186346928.0,0.0223288574953057,000988
2008-03-27,14.0,14.0,13.03,13.03,8499649.0,112772245.0,186346928.0,0.0456119620066932,000988
2008-03-28,12.5,13.0,11.73,12.72,7856014.0,97612641.0,186346928.0,0.0421580011235817,000988
2008-03-31,12.23,12.29,11.45,11.45,7904490.0,92570894.0,186346928.0,0.04241813956815,000988
2008-04-01,11.48,11.85,10.4,10.53,6098989.0,67021927.0,186346928.0,0.0327292167649793,000988
2008-04-02,10.65,11.0,9.6,9.9,6027038.0,61515470.0,186346928.0,0.0323431036115604,000988
2008-04-03,9.85,10.57,9.55,10.37,4537089.0,45837941.0,186346928.0,0.0243475384794108,000988
2008-04-07,10.05,11.41,9.91,11.41,5572550.0,60220623.0,186346928.0,0.0299041688521959,000988
2008-04-08,11.48,11.97,11.36,11.5,8559071.0,99869537.0,186346928.0,0.0459308403517121,000988
2008-04-09,11.25,11.69,10.45,10.45,5468910.0,60632548.0,186346928.0,0.029348001916082,000988
2008-04-10,10.25,11.15,10.15,11.0,4610089.0,49813797.0,186346928.0,0.024739280918009,000988
2008-04-11,11.2,11.46,11.06,11.15,3849223.0,43356924.0,186346928.0,0.0206562192428522,000988
2008-04-14,10.91,10.91,10.04,10.04,4949898.0,51209548.0,186346928.0,0.0265628097716749,000988
2008-04-16,10.78,10.97,10.06,10.31,4880285.0,51538391.0,186346928.0,0.0261892431089607,000988
2008-04-17,10.15,10.58,9.81,10.34,3325848.0,34072016.0,186346928.0,0.0178476137798204,000988
2008-04-18,9.99,10.29,9.5,9.5,3305786.0,32349649.0,186346928.0,0.0177399543715579,000988
2008-04-21,10.38,10.39,9.41,9.72,3522603.0,34916638.0,186346928.0,0.018903466978538,000988
2008-04-22,9.48,9.59,8.75,9.35,3738758.0,34053968.0,186346928.0,0.0200634270718967,000988
2008-04-23,9.2,9.85,8.9,9.7,3898243.0,36706949.0,186346928.0,0.0209192769735383,000988
2008-04-24,10.59,10.67,10.21,10.67,8380635.0,88302270.0,186346928.0,0.0449732930397435,000988
2008-04-25,10.57,11.3,10.34,10.69,7703704.0,84252207.0,186346928.0,0.041340654673953,000988
2008-04-28,10.48,11.1,10.36,10.98,4764673.0,51967403.0,186346928.0,0.0255688304129167,000988
2008-04-29,9.8,10.29,9.7,9.96,5007620.0,50140817.0,204975021.00000003,0.024430391447551,000988
2008-04-30,9.96,10.5,9.91,10.35,6283922.0,64184309.0,204975021.00000003,0.0306570135684972,000988
2008-05-05,10.38,10.83,10.14,10.78,7123533.0,74796891.0,204975021.00000003,0.0347531760955399,000988
2008-05-06,10.6,11.7,10.43,11.31,12622791.0,140413867.0,204975021.00000003,0.0615820939469497,000988
2008-05-07,11.11,11.59,10.5,10.5,8935222.0,99121464.0,204975021.00000003,0.0435917603833298,000988
2008-05-08,10.29,11.0,10.29,10.98,5992781.0,64108767.0,204975021.00000003,0.0292366404977706,000988
2008-05-09,11.05,11.29,10.51,11.05,6644536.0,73167943.0,204975021.00000003,0.0324163206208428,000988
2008-05-12,10.8,11.5,10.67,11.35,7177072.0,80541829.0,204975021.00000003,0.0350143737758172,000988
2008-05-13,10.9,11.45,10.8,10.99,7545137.0,83876558.0,204975021.00000003,0.0368100315989234,000988
2008-05-14,10.9,11.59,10.85,11.39,7350937.0,83587305.0,204975021.00000003,0.0358625990822559,000988
2008-05-15,11.55,11.94,11.33,11.35,9755419.0,112999452.0,204975021.00000003,0.0475932089305652,000988
2008-05-16,11.6,11.9,11.17,11.46,7480003.0,86081181.0,204975021.00000003,0.0364922660503105,000988
2008-05-19,11.3,11.49,10.71,11.04,4279055.0,47256166.0,204975021.00000003,0.0208759827374282,000988
2008-05-20,11.0,11.2,9.94,9.96,5869543.0,62059876.0,204975021.00000003,0.0286354062625025,000988
2008-05-21,9.8,10.34,9.58,10.2,5068359.0,50149781.0,204975021.00000003,0.0247267153591363,000988
2008-05-22,10.01,10.49,9.9,10.01,4592451.0,46725928.0,204975021.00000003,0.022404930013399,000988
2008-05-23,10.0,10.85,9.6,10.43,7475788.0,77084880.0,204975021.00000003,0.0364717025690657,000988
2008-05-26,10.43,10.89,10.33,10.4,7010226.0,74301443.0,204975021.00000003,0.0342003916662606,000988
2008-05-27,10.2,10.9,9.88,10.69,7236573.0,75864629.0,204975021.00000003,0.0353046579270749,000988
2008-05-28,10.7,11.32,10.61,11.21,9369561.0,103540265.0,204975021.00000003,0.0457107454083392,000988
2008-05-29,11.19,11.3,10.76,10.78,5406710.0,59787805.0,204975021.00000003,0.0263774091770918,000988
2008-05-30,10.68,11.15,10.68,11.0,4490332.0,48951636.0,204975021.00000003,0.0219067278446577,000988
2008-06-02,11.1,11.15,10.88,10.9,3326167.0,36620035.0,204975021.00000003,0.0162271821404033,000988
2008-06-03,10.91,11.24,10.5,10.68,4643560.0,50660059.0,204975021.00000003,0.0226542725906099,000988
2008-06-04,10.67,10.67,9.98,10.1,5510016.0,55875030.0,204975021.00000003,0.0268814022953557,000988
2008-06-05,10.09,10.4,10.0,10.15,2249576.0,22807040.0,204975021.00000003,0.0109748787390049,000988
2008-06-06,10.16,10.28,9.99,10.07,1705453.0,17228383.0,204975021.00000003,0.0083202967448409,000988
2008-06-10,9.6,9.66,9.06,9.06,2961327.0,27489653.0,204975021.00000003,0.0144472579417372,000988
2008-06-11,8.92,8.95,8.3,8.62,2880112.0,24925697.0,204975021.00000003,0.0140510389312266,000988
2008-06-12,8.62,9.0,8.35,8.65,3361287.0,28867395.0,204975021.00000003,0.0163985200908943,000988
2008-06-13,8.67,8.83,7.79,7.89,4052661.0,33197949.0,204975021.00000003,0.0197714871803818,000988
2008-06-16,8.0,8.09,7.69,8.0,3102016.0,24641878.0,204975021.00000003,0.0151336293801379,000988
2008-06-17,8.05,8.11,7.45,7.6,3688497.0,29055332.0,204975021.00000003,0.017994860944544,000988
2008-06-18,7.53,8.28,7.53,8.27,4049770.0,32242915.0,204975021.00000003,0.019757383022783,000988
2008-06-19,8.27,8.45,7.45,7.47,6562186.0,53234498.0,204975021.00000003,0.032014564350258,000988
2008-06-20,7.55,8.06,7.03,7.63,4749728.0,36525213.0,204975021.00000003,0.0231722283858187,000988
2008-06-23,7.13,7.65,7.13,7.38,1933560.0,14368674.0,204975021.00000003,0.0094331494177527,000988
2008-06-24,7.35,7.75,7.28,7.63,2161458.0,16330166.0,204975021.00000003,0.0105449824542279,000988
2008-06-25,7.9,8.25,7.9,8.18,4324142.0,35133075.0,204975021.00000003,0.0210959461250646,000988
2008-06-26,8.1,8.42,8.01,8.24,4128391.0,33964284.0,204975021.00000003,0.0201409468327362,000988
2008-06-27,7.82,8.02,7.46,7.56,3641685.0,28251507.0,204975021.00000003,0.0177664818973234,000988
2008-06-30,7.5,7.78,7.42,7.68,1769039.0,13457476.0,204975021.00000003,0.0086305101537225,000988
2008-07-02,7.58,7.99,7.46,7.99,2907916.0,22652085.0,204975021.00000003,0.0141866847277942,000988
2008-07-03,7.94,8.43,7.7,8.37,5682870.0,46618294.0,204975021.00000003,0.0277246952934816,000988
2008-07-04,8.4,8.68,8.38,8.41,7852261.0,66942158.0,204975021.00000003,0.0383083800245104,000988
2008-07-07,8.38,8.86,8.31,8.7,5580255.0,48221296.0,204975021.00000003,0.0272240733176946,000988
2008-07-08,8.7,8.82,8.54,8.75,4750905.0,41332986.0,204975021.00000003,0.0231779705489089,000988
2008-07-09,8.8,8.88,8.7,8.84,5538663.0,48649138.0,204975021.00000003,0.0270211607881723,000988
2008-07-10,8.7,8.95,8.61,8.61,4895225.0,42923914.0,204975021.00000003,0.023882056340904,000988
2008-07-11,8.58,8.96,8.52,8.71,4926290.0,43274868.0,204975021.00000003,0.0240336113930682,000988
2008-07-14,8.65,8.87,8.5,8.81,3542792.0,30903677.0,204975021.00000003,0.0172840182316654,000988
2008-07-15,8.99,9.05,8.46,8.47,4080404.0,35508243.0,204975021.00000003,0.0199068353797119,000988
2008-07-16,8.39,8.5,7.72,7.92,3540741.0,28631947.0,204975021.00000003,0.0172740121343858,000988
2008-07-17,8.09,8.16,7.65,7.8,2378500.0,18935986.0,204975021.00000003,0.0116038529397199,000988
2008-07-18,7.85,8.14,7.6,8.12,2382428.0,18831951.0,204975021.00000003,0.0116230162503556,000988
2008-07-21,8.04,8.5,7.88,8.49,2997984.0,24916750.0,204975021.00000003,0.0146260943668838,000988
2008-07-22,8.45,8.66,8.4,8.66,3722063.0,31875974.0,204975021.00000003,0.0181586174834444,000988
2008-07-23,8.7,8.86,8.6,8.82,5395149.0,47334189.0,204975021.00000003,0.0263210071826264,000988
2008-07-24,8.91,8.96,8.71,8.86,8757216.0,77391242.0,204975021.00000003,0.0427233326152458,000988
2008-07-25,8.7,8.8,8.56,8.61,3588653.0,31113095.0,204975021.00000003,0.0175077576891674,000988
2008-07-28,8.66,8.89,8.61,8.8,2956184.0,25914435.0,204975021.00000003,0.0144221670795681,000988
2008-07-29,8.58,8.76,8.46,8.6,2945140.0,25341247.0,204975021.00000003,0.0143682873436563,000988
2008-07-30,8.75,8.87,8.55,8.6,2306726.0,20092892.0,204975021.00000003,0.0112536932000119,000988
2008-07-31,8.72,8.72,8.0,8.06,2796170.0,23151206.0,204975021.00000003,0.0136415158606082,000988
2008-08-01,8.03,8.35,7.92,8.26,2179270.0,17693910.0,204975021.00000003,0.0106318808475692,000988
2008-08-04,8.18,8.18,7.81,7.9,2034567.0,16314502.0,204975021.00000003,0.0099259265352142,000988
2008-08-05,7.85,8.0,7.8,7.8,1436767.0,11332433.0,204975021.00000003,0.0070094736080061,000988
2008-08-06,7.95,7.98,7.51,7.77,1418646.0,11049080.0,204975021.00000003,0.0069210677139045,000988
2008-08-07,7.8,7.91,7.63,7.82,1449577.0,11228535.0,204975021.00000003,0.0070719690278748,000988
2008-08-08,7.88,7.88,7.15,7.15,2708950.0,20131747.0,204975021.00000003,0.0132160005974581,000988
2008-08-11,7.15,7.18,6.44,6.44,3552157.0,23815418.0,204975021.00000003,0.0173297067255819,000988
2008-08-12,6.19,6.53,6.18,6.21,2866008.0,18156415.0,204975021.00000003,0.0139822305470089,000988
2008-08-13,6.27,6.27,5.82,6.12,2773309.0,16679066.0,204975021.00000003,0.0135299851975621,000988
2008-08-14,6.08,6.23,6.01,6.14,1538872.0,9466898.0,204975021.00000003,0.0075076074757421,000988
2008-08-15,6.15,6.26,6.08,6.1,1316114.0,8125413.0,204975021.00000003,0.0064208506655062,000988
2008-08-18,6.12,6.17,5.49,5.5,2510375.0,14412167.0,204975021.00000003,0.0122472240166278,000988
2008-08-19,5.3,5.68,5.3,5.64,1801444.0,10047426.0,204975021.00000003,0.0087886025878245,000988
2008-08-20,5.6,6.2,5.46,6.2,3918289.0,23699682.0,204975021.00000003,0.0191159341313105,000988
2008-08-21,6.05,6.39,6.03,6.16,3844005.0,23906101.0,204975021.00000003,0.0187535289970771,000988
2008-08-22,6.16,6.25,5.87,6.16,1863999.0,11283325.0,204975021.00000003,0.0090937861155286,000988
2008-08-25,6.27,6.35,6.06,6.09,3038088.0,18871453.0,204975021.00000003,0.0148217474752691,000988
2008-08-26,5.98,5.98,5.56,5.85,2762711.0,15952153.0,204975021.00000003,0.0134782813365341,000988
2008-08-27,5.95,6.05,5.72,6.02,4876830.0,28979232.0,204975021.00000003,0.0237923136985554,000988
2008-08-28,6.05,6.23,6.0,6.11,3628796.0,22253798.0,204975021.00000003,0.0177036010646389,000988
2008-08-29,6.1,6.33,6.05,6.19,3101822.0,19197324.0,204975021.00000003,0.0151326829233499,000988
2008-09-01,6.15,6.18,5.82,5.85,2413091.0,14414559.0,204975021.00000003,0.0117726100879384,000988
2008-09-02,5.85,6.1,5.75,5.92,1682594.0,9975853.0,204975021.00000003,0.0082087758390813,000988
2008-09-03,5.9,6.15,5.76,6.03,2064561.0,12266910.0,204975021.00000003,0.0100722565604713,000988
2008-09-04,6.0,6.15,5.9,6.07,1370646.0,8261739.0,204975021.00000003,0.0066868928385181,000988
2008-09-05,5.88,6.25,5.85,5.94,4287146.0,26143071.0,204975021.00000003,0.0209154558398606,000988
2008-09-08,5.86,5.94,5.42,5.49,3054536.0,17213582.0,204975021.00000003,0.0149019913992349,000988
2008-09-09,5.52,5.67,5.42,5.6,1388432.0,7732296.0,204975021.00000003,0.0067736643871352,000988
2008-09-10,5.6,5.79,5.52,5.67,1552056.0,8825420.0,204975021.00000003,0.0075719275081815,000988
2008-09-11,5.6,5.71,5.46,5.49,1304280.0,7247287.0,204975021.00000003,0.0063631168014369,000988
2008-09-12,5.49,5.63,5.45,5.47,806007.0,4456635.0,204975021.00000003,0.0039322205996993,000988
2008-09-16,5.57,5.57,5.15,5.2,1841995.0,9880558.0,204975021.00000003,0.0089864364497369,000988
2008-09-17,5.17,5.27,5.01,5.03,1534300.0,7881448.0,204975021.00000003,0.0074853023188615,000988
2008-09-18,4.9,5.12,4.58,4.98,2731270.0,13316171.0,204975021.00000003,0.0133248919145128,000988
2008-09-19,5.47,5.48,5.38,5.48,1971595.0,10767271.0,204975021.00000003,0.0096187086132802,000988
2008-09-22,5.95,6.03,5.61,5.93,6526855.0,38358494.0,204975021.00000003,0.0318421970060439,000988
2008-09-23,5.83,5.83,5.55,5.75,3658087.0,20837426.0,204975021.00000003,0.0178465014037003,000988
2008-09-24,5.7,5.88,5.58,5.88,5284686.0,30450532.0,204975021.00000003,0.0257820976147137,000988
2008-09-25,6.0,6.19,5.88,6.05,8956778.0,54114160.0,204975021.00000003,0.0436969244169512,000988
2008-09-26,6.13,6.13,5.8,5.9,3663676.0,21708640.0,204975021.00000003,0.0178737681407531,000988
2008-10-06,5.84,6.14,5.62,6.12,6787959.0,40568813.0,204975021.00000003,0.0331160302698541,000988
2008-10-07,5.9,6.1,5.85,6.07,3148975.0,18877095.0,204975021.00000003,0.0153627255879144,000988
2008-10-08,5.9,6.11,5.81,5.9,2809508.0,16821961.0,204975021.00000003,0.0137065872041062,000988
2008-10-09,6.04,6.21,5.86,5.98,5103436.0,31103467.0,204975021.00000003,0.0248978435279682,000988
2008-10-10,5.7,5.81,5.38,5.38,3555059.0,19694246.0,204975021.00000003,0.0173438645482563,000988
2008-10-13,5.35,5.52,5.01,5.52,2515727.0,13058678.0,204975021.00000003,0.0122733345152334,000988
2008-10-14,5.71,5.8,5.42,5.48,2990150.0,16866207.0,204975021.00000003,0.0145878750757634,000988
2008-10-15,5.43,5.66,5.35,5.66,2332723.0,13002740.0,204975021.00000003,0.0113805232882498,000988
2008-10-16,5.66,5.66,5.22,5.38,2655865.0,14511815.0,204975021.00000003,0.0129570178212105,000988
2008-10-17,5.7,5.7,5.4,5.47,2112719.0,11612721.0,204975021.00000003,0.0103072022614892,000988
2008-10-20,5.5,5.7,5.2,5.64,2363513.0,12990865.0,204975021.00000003,0.0115307367135237,000988
2008-10-21,5.69,5.87,5.65,5.74,4520804.0,26094028.0,204975021.00000003,0.0220553898613821,000988
2008-10-22,5.68,5.74,5.35,5.35,2248970.0,12547972.0,204975021.00000003,0.0109719222812032,000988
2008-10-23,5.2,5.38,5.1,5.35,1770449.0,9273330.0,204975021.00000003,0.008637389040687,000988
2008-10-24,5.32,5.39,5.11,5.17,1427624.0,7471680.0,204975021.00000003,0.0069648681728882,000988
2008-10-27,5.06,5.06,4.65,4.65,2209226.0,10667540.0,204975021.00000003,0.0107780254843832,000988
2008-10-28,4.59,4.93,4.48,4.84,2012182.0,9595779.0,204975021.00000003,0.0098167181063491,000988
2008-10-29,4.92,4.96,4.62,4.63,1753346.0,8404770.0,204975021.00000003,0.0085539496054009,000988
2008-10-30,4.6,4.85,4.6,4.65,1481119.0,6999797.0,204975021.00000003,0.0072258511928631,000988
2008-10-31,4.65,4.73,4.55,4.56,949185.0,4396900.0,204975021.00000003,0.0046307349811175,000988
2008-11-03,4.57,4.64,4.5,4.52,651641.0,2980597.0,204975021.00000003,0.0031791239577431,000988
2008-11-04,4.56,4.56,4.31,4.37,1100634.0,4846055.0,204975021.00000003,0.0053696006207507,000988
2008-11-05,4.42,4.58,4.42,4.51,1629305.0,7332803.0,204975021.00000003,0.0079487978196133,000988
2008-11-06,4.41,4.45,4.32,4.41,1204815.0,5290333.0,204975021.00000003,0.0058778625518472,000988
2008-11-07,4.33,4.54,4.33,4.5,1157876.0,5165788.0,204975021.00000003,0.0056488639169355,000988
2008-11-10,4.59,4.92,4.59,4.87,2774098.0,13159572.0,204975021.00000003,0.0135338344470763,000988
2008-11-11,4.84,4.9,4.75,4.77,2173830.0,10478425.0,204975021.00000003,0.0106053410283587,000988
2008-11-12,4.73,4.93,4.7,4.93,1956833.0,9464274.0,204975021.00000003,0.0095466900818124,000988
2008-11-13,4.85,5.16,4.82,5.14,3374615.0,17034950.0,204975021.00000003,0.01646354264796,000988
2008-11-14,5.14,5.46,5.01,5.46,5081267.0,26522056.0,204975021.00000003,0.0247896888860423,000988
2008-11-17,5.4,5.78,5.33,5.68,6025631.0,33389356.0,204975021.00000003,0.0293969039281132,000988
2008-11-18,5.64,5.98,5.24,5.27,7226310.0,39937048.0,204975021.00000003,0.0352545884115313,000988
2008-11-19,5.28,5.79,5.28,5.79,5861656.0,32557822.0,204975021.00000003,0.0285969284032906,000988
2008-11-20,5.69,5.96,5.6,5.77,7089756.0,41186596.0,204975021.00000003,0.0345883901629164,000988
2008-11-21,5.61,5.76,5.26,5.46,4732082.0,26014340.0,204975021.00000003,0.0230861398472548,000988
2008-11-24,5.5,5.58,5.26,5.26,2285083.0,12364267.0,204975021.00000003,0.0111481047244288,000988
2008-11-25,5.35,5.39,4.99,5.07,4079188.0,20869364.0,204975021.00000003,0.0199009029495354,000988
2008-11-26,5.07,5.2,5.04,5.1,2171251.0,11146958.0,328893399.99999994,0.0066016861390347,000988
2008-11-27,5.45,5.5,5.13,5.14,3464656.0,18441676.0,328893399.99999994,0.01053428253653,000988
2008-11-28,5.14,5.27,5.1,5.16,1989641.0,10273072.0,328893399.99999994,0.0060495011453559,000988
2008-12-01,5.13,5.48,5.11,5.48,3554955.0,18964004.0,328893399.99999994,0.0108088365409582,000988
2008-12-02,5.4,5.98,5.37,5.78,10510693.0,60462980.0,328893399.99999994,0.0319577498362691,000988
2008-12-03,5.78,5.96,5.69,5.84,8755681.0,50941420.0,328893399.99999994,0.0266216378923991,000988
2008-12-04,6.2,6.23,5.84,5.87,10256239.0,62154308.0,328893399.99999994,0.0311840827453515,000988
2008-12-05,5.88,6.09,5.8,6.03,5994050.0,35706456.0,328893399.99999994,0.0182249020503299,000988
2008-12-08,6.07,6.44,6.05,6.38,10180052.0,63337900.0,328893399.99999994,0.0309524362605026,000988
2008-12-09,6.38,6.5,6.01,6.09,7338169.0,45198748.0,328893399.99999994,0.0223116943058145,000988
2008-12-10,6.0,6.28,6.0,6.23,5764516.0,35563868.0,328893399.99999994,0.0175270041904154,000988
2008-12-11,6.2,6.25,5.89,5.9,6073466.0,36779108.0,328893399.99999994,0.0184663663059216,000988
2008-12-12,5.85,5.94,5.66,5.84,5705946.0,33016140.0,328893399.99999994,0.0173489221735674,000988
2008-12-15,6.15,6.36,5.99,6.09,8007478.0,49256020.0,328893399.99999994,0.0243467275415073,000988
2008-12-16,5.96,6.08,5.78,6.07,4132143.0,24380328.0,328893399.99999994,0.0125637759833429,000988
2008-12-17,6.08,6.19,6.02,6.07,4591946.0,28099064.0,328893399.99999994,0.0139618064698166,000988
2008-12-18,6.08,6.16,5.95,6.16,3573239.0,21690278.0,328893399.99999994,0.010864429021683,000988
2008-12-19,6.12,6.25,6.09,6.13,4060485.0,25119564.0,328893399.99999994,0.0123458999177241,000988
2008-12-22,6.14,6.37,6.09,6.28,5577150.0,34789552.0,328893399.99999994,0.0169573180854343,000988
2008-12-23,6.29,6.29,5.75,5.75,5702170.0,34215152.0,328893399.99999994,0.0173374412499612,000988
2008-12-24,5.72,5.84,5.53,5.62,3623721.0,20744350.0,328893399.99999994,0.0110179194839422,000988
2008-12-25,5.65,5.75,5.51,5.57,2254919.0,12689742.0,328893399.99999994,0.0068560785956787,000988
2008-12-26,5.62,5.72,5.55,5.59,1755449.0,9870623.0,328893399.99999994,0.0053374406418614,000988
2008-12-29,5.8,5.87,5.66,5.75,4023881.0,23158368.0,328893399.99999994,0.0122346054983164,000988
2008-12-30,5.76,6.05,5.69,5.84,4429644.0,26129242.0,328893399.99999994,0.013468327427671,000988
2008-12-31,5.81,5.9,5.56,5.59,2697688.0,15354293.0,328893399.99999994,0.0082023172249731,000988
2009-01-05,5.77,5.82,5.68,5.79,2772840.0,15973518.0,328893399.99999994,0.0084308167935264,000988
2009-01-06,5.78,5.98,5.73,5.96,6393478.0,37533920.0,328893399.99999994,0.019439362419556,000988
2009-01-07,5.95,6.22,5.89,6.12,8142743.0,49354200.0,328893399.99999994,0.0247580006166131,000988
2009-01-08,6.04,6.08,5.78,5.8,5587160.0,33099656.0,328893399.99999994,0.0169877534787867,000988
2009-01-09,5.82,6.18,5.8,6.1,5661762.0,34046176.0,328893399.99999994,0.0172145807729799,000988
2009-01-12,6.05,6.37,6.05,6.21,7119830.0,44560012.0,328893399.99999994,0.0216478348303736,000988
2009-01-13,6.1,6.32,6.03,6.19,5803906.0,35673984.0,328893399.99999994,0.0176467694395813,000988
2009-01-14,6.19,6.62,6.13,6.5,10833959.0,69326824.0,328893399.99999994,0.0329406397331171,000988
2009-01-16,6.69,6.85,6.46,6.5,10784394.0,72058136.0,328893399.99999994,0.0327899374082909,000988
2009-01-19,6.59,6.69,6.39,6.52,5978266.0,38965484.0,328893399.99999994,0.0181769108166962,000988
2009-01-20,6.52,6.58,6.37,6.55,3280083.0,21264260.0,328893399.99999994,0.009973088544799,000988
2009-01-21,6.53,6.58,6.4,6.43,4191084.0,27216720.0,328893399.99999994,0.0127429860252592,000988
2009-01-22,6.5,6.7,6.45,6.53,5772710.0,38073392.0,328893399.99999994,0.0175519180378809,000988
2009-01-23,6.53,6.75,6.5,6.62,6376482.0,42428364.0,328893399.99999994,0.0193876861013325,000988
2009-02-02,6.72,6.93,6.65,6.9,6600039.0,45098684.0,328893399.99999994,0.0200674108997018,000988
2009-02-03,6.82,7.03,6.75,6.96,8868673.0,61098568.0,328893399.99999994,0.0269651899369218,000988
2009-02-04,6.98,7.21,6.91,7.12,8047349.0,56837176.0,328893399.99999994,0.0244679552706135,000988
2009-02-05,7.1,7.3,6.86,6.94,9534959.0,67704184.0,328893399.99999994,0.0289910317446321,000988
2009-02-06,7.01,7.24,7.0,7.2,7628211.0,54478880.0,328893399.99999994,0.023193566669322,000988
2009-02-09,7.36,7.65,7.26,7.4,10971015.0,81423336.0,328893399.99999994,0.0333573583416389,000988
2009-02-10,7.39,7.51,7.25,7.48,7171318.0,52714784.0,328893399.99999994,0.0218043840344622,000988
2009-02-11,7.36,7.66,7.25,7.35,9843282.0,73146216.0,328893399.99999994,0.0299284874673678,000988
2009-02-12,7.51,7.74,7.36,7.7,12901532.0,97890992.0,328893399.99999994,0.0392270930337915,000988
2009-02-13,7.7,7.97,7.55,7.91,12801172.0,99399352.0,328893399.99999994,0.0389219485705702,000988
2009-02-16,7.99,7.99,7.65,7.86,11907405.0,92730808.0,328893399.99999994,0.0362044510470565,000988
2009-02-17,7.84,7.86,7.38,7.5,13035693.0,99013680.0,328893399.99999994,0.0396350093981819,000988
2009-02-18,7.36,7.5,7.06,7.09,9152332.0,66571932.0,328893399.99999994,0.0278276547963565,000988
2009-02-19,7.26,7.34,7.05,7.18,6407830.0,46030416.0,328893399.99999994,0.019482999658856,000988
2009-02-20,7.19,7.37,7.13,7.36,5795467.0,42220096.0,328893399.99999994,0.0176211106699009,000988
2009-02-23,7.33,7.61,7.22,7.55,8349417.0,62331380.0,328893399.99999994,0.0253863926731275,000988
2009-02-24,7.46,7.56,7.02,7.07,9787958.0,71194000.0,328893399.99999994,0.0297602749097427,000988
2009-02-25,7.17,7.27,6.9,7.2,6889426.0,48987444.0,328893399.99999994,0.0209472917364714,000988
2009-02-26,7.2,7.3,6.5,6.66,6353422.0,44374776.0,328893399.99999994,0.0193175721981651,000988
2009-02-27,6.61,6.73,6.22,6.25,6193503.0,39851396.0,328893399.99999994,0.0188313386647466,000988
2009-03-02,6.31,6.53,6.31,6.47,4122385.0,26542134.0,328893399.99999994,0.0125341067956973,000988
2009-03-03,6.34,6.5,6.22,6.39,4183198.0,26651410.0,328893399.99999994,0.0127190086514353,000988
2009-03-04,6.42,6.88,6.42,6.81,7286827.0,48493476.0,328893399.99999994,0.022155589014556,000988
2009-03-06,6.68,6.73,6.53,6.67,5946298.0,39513264.0,328893399.99999994,0.0180797121498941,000988
2009-03-09,6.72,6.85,6.32,6.4,5152661.0,34212548.0,328893399.99999994,0.0156666597748693,000988
2009-03-10,6.29,6.55,6.25,6.55,3157731.0,20200446.0,328893399.99999994,0.0096010774311676,000988
2009-03-11,6.68,6.84,6.56,6.6,6203737.0,41602380.0,328893399.99999994,0.0188624551298384,000988
2009-03-12,6.56,6.72,6.36,6.67,3535614.0,23246624.0,328893399.99999994,0.0107500302529634,000988
2009-03-13,6.76,6.87,6.62,6.78,6111998.0,41250736.0,328893399.99999994,0.0185835228070858,000988
2009-03-16,6.8,6.86,6.68,6.83,5246469.0,35557716.0,328893399.99999994,0.0159518828897144,000988
2009-03-17,6.8,7.05,6.74,7.04,8039707.0,55578600.0,328893399.99999994,0.0244447197785057,000988
2009-03-18,7.01,7.24,7.0,7.15,8278727.0,58900176.0,328893399.99999994,0.0251714598103823,000988
2009-03-19,7.18,7.24,7.04,7.18,7045017.0,50433984.0,328893399.99999994,0.0214203659909259,000988
2009-03-20,7.19,7.19,6.9,7.01,6020811.0,42317416.0,328893399.99999994,0.0183062688396909,000988
2009-03-23,6.9,7.15,6.9,7.12,6273874.0,44258076.0,328893399.99999994,0.019075706596727,000988
2009-03-24,7.18,7.33,7.1,7.23,8860577.0,63914196.0,328893399.99999994,0.0269405740583423,000988
2009-03-25,7.2,7.25,7.02,7.02,5385976.0,38443116.0,328893399.99999994,0.0163760537608842,000988
2009-03-26,6.98,7.17,6.91,7.14,4670803.0,33044136.0,328893399.99999994,0.0142015710865587,000988
2009-03-27,7.14,7.41,7.12,7.31,10503247.0,76465496.0,328893399.99999994,0.0319351102819333,000988
2009-03-30,7.28,7.52,7.2,7.36,8645826.0,63962652.0,328893399.99999994,0.0262876238927263,000988
2009-03-31,7.58,7.84,7.48,7.63,21955516.0,168260800.0,328893399.99999994,0.0667557208505856,000988
2009-04-01,7.68,7.97,7.6,7.82,16745983.0,130385248.0,328893399.99999994,0.0509161418258925,000988
2009-04-02,8.3,8.6,8.3,8.6,8669914.0,74223768.0,328893399.99999994,0.0263608634286975,000988
2009-04-03,8.97,8.98,8.21,8.23,29407008.0,252551232.0,328893399.99999994,0.0894119736060377,000988
2009-04-07,8.17,8.43,8.12,8.38,12592824.0,104363656.0,328893399.99999994,0.0382884667190037,000988
2009-04-08,8.33,8.59,8.05,8.05,13851406.0,116071984.0,328893399.99999994,0.0421151838255191,000988
2009-04-09,8.13,8.22,7.9,8.17,10001747.0,80781592.0,328893399.99999994,0.0304103001154781,000988
2009-04-10,8.22,8.55,8.2,8.47,12365600.0,104167368.0,328893399.99999994,0.0375975924114013,000988
2009-04-13,8.56,8.71,8.33,8.61,15250713.0,130245552.0,328893399.99999994,0.046369775130787,000988
2009-04-14,8.61,9.47,8.41,9.41,24338402.0,220622352.0,328893399.99999994,0.0740008829608621,000988
2009-04-15,9.22,9.85,9.01,9.71,23136956.0,218150448.0,328893399.99999994,0.0703478877958633,000988
2009-04-16,9.65,9.73,9.22,9.36,14202592.0,134692112.0,328893399.99999994,0.0431829644498795,000988
2009-04-17,9.33,9.95,9.25,9.62,16054573.0,154842288.0,328893399.99999994,0.0488139105254164,000988
2009-04-20,9.74,10.57,9.71,10.23,14017000.0,143970656.0,328893399.99999994,0.0426186721898341,000988
2009-04-21,10.03,10.4,9.85,10.16,13297885.0,133946984.0,328893399.99999994,0.0404322038690955,000988
2009-04-22,10.2,10.54,9.39,9.55,16623134.0,168655872.0,328893399.99999994,0.0505426195843395,000988
2009-04-23,9.28,9.79,9.28,9.68,9665768.0,92271680.0,328893399.99999994,0.0293887563569229,000988
2009-04-24,9.71,9.79,9.31,9.37,8051669.0,76827160.0,328893399.99999994,0.0244810902255867,000988
2009-04-27,9.34,9.64,9.15,9.18,8709756.0,81583256.0,328893399.99999994,0.0264820029833374,000988
2009-04-28,9.12,9.48,9.12,9.39,7900783.0,73605296.0,328893399.99999994,0.0240223215181575,000988
2009-04-29,9.45,9.8,9.27,9.72,11449922.0,108872784.0,328893399.99999994,0.0348134745178833,000988
2009-04-30,9.74,10.23,9.61,10.07,14063769.0,140306800.0,328893399.99999994,0.0427608732799138,000988
2009-05-04,10.25,10.39,10.07,10.29,11041930.0,113162560.0,328893399.99999994,0.0335729753166223,000988
2009-05-05,10.3,10.34,10.1,10.18,10178620.0,103876272.0,328893399.99999994,0.0309480822661689,000988
2009-05-06,10.2,10.68,10.11,10.5,12982956.0,135621488.0,328893399.99999994,0.0394746626110466,000988
2009-05-07,10.5,10.88,10.07,10.72,21064228.0,222369168.0,328893399.99999994,0.0640457607236873,000988
2009-05-08,10.55,10.74,10.41,10.58,11030437.0,116259144.0,328893399.99999994,0.0335380308634956,000988
2009-05-11,10.63,10.65,9.9,9.9,12914540.0,131740016.0,328893399.99999994,0.0392666438426554,000988
2009-05-12,9.71,10.18,9.71,10.18,7462876.0,74625856.0,328893399.99999994,0.0226908657942056,000988
2009-05-13,10.17,10.28,9.95,10.08,6606802.0,66723108.0,328893399.99999994,0.0200879737933324,000988
2009-05-14,10.0,10.22,9.92,10.13,5916837.0,59712096.0,328893399.99999994,0.0179901360136749,000988
2009-05-15,10.2,10.3,9.94,10.26,9294810.0,94761192.0,328893399.99999994,0.0282608589895692,000988
2009-05-18,10.18,10.29,10.01,10.26,6075353.0,61801792.0,328893399.99999994,0.0184721037272259,000988
2009-05-19,10.32,10.76,10.2,10.64,14676056.0,154743264.0,328893399.99999994,0.0446225311909573,000988
2009-05-20,10.63,10.64,10.37,10.37,7276321.0,76400376.0,328893399.99999994,0.0221236455337808,000988
2009-05-21,10.28,10.34,9.94,10.01,8530792.0,86146792.0,328893399.99999994,0.0259378631495797,000988
2009-05-22,10.0,10.23,9.95,10.05,5191979.0,52428484.0,328893399.99999994,0.0157862061081189,000988
2009-05-25,9.55,10.18,9.55,10.12,6148491.0,60812184.0,328893399.99999994,0.0186944797311226,000988
2009-05-26,10.06,10.25,10.0,10.0,5532520.0,56017780.0,328893399.99999994,0.0168216206223657,000988
2009-05-27,10.06,10.16,9.91,9.97,3687546.0,36915744.0,328893399.99999994,0.0112119793221755,000988
2009-06-02,10.6,10.67,10.11,10.27,11886067.0,123799808.0,328893399.99999994,0.0361395728828854,000988
2009-06-03,10.19,10.4,10.14,10.29,6349150.0,65372640.0,328893399.99999994,0.019304583187136,000988
2009-06-04,10.3,10.62,10.24,10.62,12035130.0,126003712.0,328893399.99999994,0.0365927987609359,000988
2009-06-05,10.64,10.73,10.24,10.25,8249672.0,86015728.0,328893399.99999994,0.0250831181166907,000988
2009-06-08,10.26,10.75,10.26,10.6,12414711.0,131370144.0,328893399.99999994,0.0377469143497558,000988
2009-06-09,10.65,11.48,10.63,11.27,23383284.0,261986400.0,328893399.99999994,0.0710968477932363,000988
2009-06-10,11.27,11.45,10.95,11.29,13224004.0,148528768.0,328893399.99999994,0.0402075687745634,000988
2009-06-11,11.18,11.48,10.8,10.88,13273483.0,147564288.0,328893399.99999994,0.0403580096164897,000988
2009-06-12,10.81,10.97,10.28,10.48,12880003.0,136349712.0,328893399.99999994,0.0391616341343426,000988
2009-06-15,10.49,10.69,10.45,10.61,5421399.0,57297800.0,328893399.99999994,0.016483757351166,000988
2009-06-16,10.57,10.65,10.35,10.45,5908455.0,61894692.0,328893399.99999994,0.0179646505524282,000988
2009-06-17,10.49,10.76,10.38,10.69,6304789.0,66937832.0,328893399.99999994,0.0191697036182544,000988
2009-06-18,10.68,10.9,10.62,10.83,7373023.0,79382328.0,328893399.99999994,0.0224176678522585,000988
2009-06-19,10.82,10.9,10.62,10.7,7092682.0,76160640.0,328893399.99999994,0.0215652913679629,000988
2009-06-22,10.78,10.97,10.67,10.85,8374731.0,90749568.0,328893399.99999994,0.0254633598606721,000988
2009-06-23,10.7,10.84,10.53,10.69,5878476.0,62780264.0,328893399.99999994,0.0178734994378117,000988
2009-06-24,10.65,11.03,10.64,10.88,10486480.0,114234832.0,328893399.99999994,0.0318841302379433,000988
2009-06-25,10.89,10.94,10.64,10.75,6558521.0,70654552.0,328893399.99999994,0.0199411754690121,000988
2009-06-26,10.72,11.16,10.71,11.09,11776973.0,129329048.0,328893399.99999994,0.0358078727028271,000988
2009-06-29,11.1,11.27,10.88,11.17,11334453.0,125586376.0,328893399.99999994,0.0344623911577429,000988
2009-06-30,11.31,11.98,11.31,11.71,23407924.0,273306464.0,328895050.0,0.0711714086301998,000988
2009-07-01,11.55,11.87,11.52,11.64,12097795.0,140807552.0,328895050.0,0.0367831470859777,000988
2009-07-02,11.85,11.96,11.51,11.7,12504030.0,146501152.0,328895050.0,0.0380182979342498,000988
2009-07-03,11.65,11.85,11.36,11.71,12914011.0,150186656.0,328895050.0,0.0392648384340232,000988
2009-07-06,11.74,12.39,11.51,12.3,18410760.0,220168432.0,328895050.0,0.0559776135274763,000988
2009-07-07,12.3,12.3,11.95,12.04,12248072.0,148410144.0,328895050.0,0.0372400618373551,000988
2009-07-08,12.25,12.78,12.21,12.25,18102796.0,224509216.0,328895050.0,0.0550412540413727,000988
2009-07-09,12.25,12.58,12.17,12.45,12300318.0,152369920.0,328895050.0,0.0373989149426238,000988
2009-07-10,12.59,12.62,12.2,12.25,12476662.0,154195696.0,328895050.0,0.0379350859795548,000988
2009-07-13,12.25,12.3,12.05,12.15,9700818.0,118068384.0,328895050.0,0.0294951778690497,000988
2009-07-14,12.18,12.49,12.18,12.41,8158709.0,101067504.0,328895050.0,0.0248064207716108,000988
2009-07-15,12.42,12.68,12.4,12.52,11326642.0,141997808.0,328895050.0,0.0344384690496254,000988
2009-07-16,12.55,12.63,12.2,12.2,10407653.0,128466400.0,328895050.0,0.0316442980823213,000988
2009-07-20,12.49,12.6,12.26,12.36,10500087.0,129936152.0,328895050.0,0.0319253421418169,000988
2009-07-21,12.5,13.2,12.41,12.61,18440042.0,236088928.0,328895050.0,0.0560666449677488,000988
2009-07-22,12.61,13.15,12.51,13.01,16523457.0,214322000.0,328895050.0,0.050239299740145,000988
2009-07-23,13.07,13.26,12.78,13.2,13155636.0,171346864.0,328895050.0,0.0399994952797252,000988
2009-07-24,13.03,13.15,11.91,12.63,15694344.0,199623424.0,328895050.0,0.0477183952753317,000988
2009-07-27,12.74,12.94,12.61,12.7,9783925.0,124746040.0,328895050.0,0.0297478633381682,000988
2009-07-28,12.8,12.82,12.4,12.76,12152706.0,152027360.0,328895050.0,0.0369501030799946,000988
2009-07-29,12.65,12.65,11.48,11.75,12832544.0,155743035.0,328895050.0,0.0390171393579806,000988
2009-07-30,11.78,11.98,11.44,11.86,7678155.0,90213208.0,328895050.0,0.0233453042239462,000988
2009-07-31,11.99,12.37,11.89,12.27,7988708.0,97577992.0,328895050.0,0.0242895355220457,000988
2009-08-03,12.3,12.46,12.13,12.3,7878837.0,96593024.0,328895050.0,0.0239554745503162,000988
2009-08-04,12.34,12.4,11.91,12.13,7296647.0,88544584.0,328895050.0,0.0221853354132268,000988
2009-08-05,12.15,12.43,12.13,12.42,9459924.0,116321664.0,328895050.0,0.0287627436168467,000988
2009-08-06,12.28,12.41,12.0,12.27,6595110.0,80697768.0,328895050.0,0.0200523236819769,000988
2009-08-07,12.27,12.55,12.16,12.2,10099794.0,124850736.0,328895050.0,0.030708257846994,000988
2009-08-10,12.3,12.54,12.26,12.49,7858858.0,97566672.0,328895050.0,0.0238947287288148,000988
2009-08-11,12.6,12.89,12.52,12.87,13506545.0,172255392.0,328895050.0,0.0410664283332935,000988
2009-08-12,12.88,12.88,11.96,12.05,9547056.0,118523688.0,328895050.0,0.0290276670323861,000988
2009-08-13,12.15,12.28,11.7,11.83,8750384.0,103774344.0,328895050.0,0.0266053988954835,000988
2009-08-14,11.71,11.86,10.96,10.96,9796499.0,110518576.0,328895050.0,0.0297860943787387,000988
2009-08-17,10.88,10.89,9.98,10.02,9515897.0,98784544.0,328895050.0,0.0289329286044286,000988
2009-08-18,9.83,10.42,9.81,10.39,6100899.0,62425380.0,328895050.0,0.0185496832500215,000988
2009-08-19,10.41,10.5,10.0,10.43,6598602.0,67827832.0,328895050.0,0.0200629410506482,000988
2009-08-20,10.31,10.97,10.2,10.87,10531708.0,112581336.0,328895050.0,0.0320214852731897,000988
2009-08-21,10.78,11.26,10.7,11.23,12602407.0,138778176.0,328895050.0,0.0383174115876782,000988
2009-08-24,11.32,11.52,11.12,11.33,11592387.0,130596632.0,328895050.0,0.0352464623593453,000988
2009-08-25,11.3,11.8,10.73,11.58,14695748.0,165208064.0,328895050.0,0.0446821805314491,000988
2009-08-26,11.34,11.77,11.26,11.5,10962424.0,126554240.0,328895050.0,0.0333310702000531,000988
2009-08-27,11.48,11.81,11.3,11.49,8030102.0,92921064.0,328895050.0,0.0244153932994734,000988
2009-08-28,11.45,11.46,10.9,10.9,6797283.0,75270712.0,328895050.0,0.020667027369369,000988
2009-08-31,10.68,10.88,10.12,10.15,5778731.0,60740132.0,328895050.0,0.0175701367351074,000988
2009-09-01,10.02,10.41,10.01,10.2,4132430.0,42222164.0,328895050.0,0.012564585572206,000988
2009-09-02,10.2,10.36,10.09,10.27,2642632.0,27008476.0,328895050.0,0.0080348792114688,000988
2009-09-03,10.27,10.84,10.21,10.79,5216056.0,55072016.0,328895050.0,0.0158593326351369,000988
2009-09-04,10.68,11.25,10.68,11.0,7076756.0,77786152.0,328895050.0,0.021516760437714,000988
2009-09-07,10.95,11.2,10.92,11.08,6956990.0,77058808.0,328895050.0,0.0211526138809325,000988
2009-09-08,11.0,11.25,10.82,11.11,5078013.0,56170936.0,328895050.0,0.0154396151599119,000988
2009-09-09,11.18,11.22,10.95,11.09,5210607.0,57603012.0,328895050.0,0.015842765040094,000988
2009-09-10,11.08,11.08,10.82,10.86,4343761.0,47519640.0,328895050.0,0.0132071340082497,000988
2009-09-11,10.81,11.65,10.81,11.59,16196959.0,185711664.0,328895050.0,0.0492465879313173,000988
2009-09-14,11.73,12.47,11.57,12.11,22213532.0,265914928.0,328895050.0,0.0675398793627328,000988
2009-09-15,11.99,12.39,11.83,12.0,14657499.0,177020320.0,328895050.0,0.0445658850748893,000988
2009-09-16,12.26,12.6,12.07,12.38,19419350.0,239908752.0,328895050.0,0.0590442148642857,000988
2009-09-17,12.45,13.37,12.3,12.97,28863948.0,369207520.0,328895050.0,0.087760360029742,000988
2009-09-18,13.06,13.69,12.5,12.7,34079208.0,449371072.0,328895050.0,0.103617272439947,000988
2009-09-29,10.2,10.2,10.2,10.2,2141800.0,21846360.0,328895050.0,0.0065121077377114,000988
2009-09-30,9.75,10.09,9.74,9.8,11083112.0,109641256.0,328895050.0,0.0336980200826981,000988
2009-10-09,9.9,10.44,9.82,10.28,7920663.0,80511464.0,328895050.0,0.0240826458166518,000988
2009-10-12,10.31,10.45,10.12,10.33,7178414.0,73985792.0,328895050.0,0.0218258499177777,000988
2009-10-13,10.33,10.52,10.22,10.46,5492912.0,57069900.0,328895050.0,0.0167011087579457,000988
2009-10-14,10.44,10.78,10.36,10.44,8305838.0,87743920.0,328895050.0,0.0252537640806695,000988
2009-10-15,10.4,10.53,10.12,10.26,10409705.0,107477160.0,407601666.0,0.0255389167128674,000988
2009-10-16,10.33,10.65,10.26,10.62,9467520.0,98751672.0,407601666.0,0.023227382981305,000988
2009-10-19,10.62,11.37,10.62,11.33,16854516.0,186382992.0,407601666.0,0.0413504590533248,000988
2009-10-20,11.37,11.48,11.15,11.35,12734944.0,143263168.0,407601666.0,0.0312436014429833,000988
2009-10-21,11.35,11.58,11.21,11.32,11586581.0,132342984.0,407601666.0,0.0284262356278004,000988
2009-10-22,11.22,11.39,11.06,11.11,9281343.0,103711464.0,407601666.0,0.022770620863949,000988
2009-10-23,11.11,11.28,11.09,11.15,8803822.0,98466608.0,407601666.0,0.0215990824728375,000988
2009-10-26,11.2,11.36,11.11,11.27,7399185.0,83272424.0,407601666.0,0.0181529802677499,000988
2009-10-27,11.24,11.24,10.63,10.67,11697041.0,126935944.0,407601666.0,0.0286972355014859,000988
2009-10-28,10.6,10.93,10.44,10.88,8480207.0,90392680.0,407601666.0,0.0208051333136602,000988
2009-10-29,10.61,10.76,10.52,10.65,5434069.0,57765136.0,407601666.0,0.0133318125348388,000988
2009-10-30,10.81,10.85,10.45,10.5,6611721.0,70538016.0,407601666.0,0.0162210352692719,000988
2009-11-02,10.3,10.77,10.2,10.75,7731378.0,81036656.0,407601666.0,0.0189679744832053,000988
2009-11-03,10.7,10.94,10.7,10.88,8497173.0,92129680.0,407601666.0,0.0208467572848438,000988
2009-11-04,10.87,11.11,10.83,10.91,8761095.0,96144824.0,407601666.0,0.0214942570916773,000988
2009-11-05,11.06,11.33,11.03,11.24,13587443.0,152442144.0,407601666.0,0.0333351017264978,000988
2009-11-06,11.27,11.34,11.15,11.19,10711470.0,120208936.0,407601666.0,0.0262792596142136,000988
2009-11-09,11.17,11.28,11.0,11.16,8170843.0,90937584.0,407601666.0,0.0200461472107918,000988
2009-11-10,11.21,11.24,11.04,11.16,8384427.0,93377568.0,407601666.0,0.0205701489944351,000988
2009-11-11,11.16,11.36,11.16,11.26,10370621.0,116823096.0,407601666.0,0.0254430289791798,000988
2009-11-13,11.28,11.29,10.99,11.22,10024361.0,111361872.0,407601666.0,0.024593523128534,000988
2009-11-16,11.29,11.55,11.23,11.46,14711676.0,167855488.0,407601666.0,0.0360932675873802,000988
2009-11-17,11.5,11.51,11.34,11.42,10823746.0,123548256.0,407601666.0,0.0265547148180694,000988
2009-11-18,11.45,11.48,11.25,11.34,10474443.0,118868624.0,407601666.0,0.0256977433453375,000988
2009-11-19,11.35,11.73,11.33,11.73,17256612.0,199952672.0,407601666.0,0.042336951586454,000988
2009-11-20,11.65,11.84,11.58,11.72,13655664.0,160480560.0,407601666.0,0.0335024734663376,000988
2009-11-23,11.77,11.84,11.63,11.83,11431562.0,134282272.0,407601666.0,0.028045915788774,000988
2009-11-24,11.85,11.89,11.0,11.06,17435084.0,200612880.0,407601666.0,0.0427748104444695,000988
2009-11-25,11.0,11.29,10.83,11.27,10858933.0,120021776.0,407601666.0,0.0266410417468705,000988
2009-11-26,11.29,11.31,10.54,10.65,12460227.0,136055808.0,407601666.0,0.030569617446068,000988
2009-11-27,10.55,10.75,10.41,10.45,8155250.0,86017328.0,407601666.0,0.0200078917243679,000988
2009-11-30,10.55,10.84,10.5,10.82,7040229.0,75308624.0,407601666.0,0.0172723263599221,000988
2009-12-01,10.78,11.1,10.73,11.09,7748727.0,84914472.0,407601666.0,0.0190105380972608,000988
2009-12-02,11.1,11.3,11.03,11.25,9633053.0,107728096.0,407601666.0,0.0236334976118571,000988
2009-12-03,11.26,11.42,11.19,11.34,9013285.0,101893864.0,407601666.0,0.0221129738954501,000988
2009-12-04,11.35,11.45,10.83,11.05,10577924.0,117821296.0,407601666.0,0.0259516211104004,000988
2009-12-07,11.06,11.88,11.06,11.78,21106834.0,244226832.0,407601666.0,0.051782992466964,000988
2009-12-08,11.76,12.36,11.52,12.07,29966404.0,359573152.0,407601666.0,0.0735188457252282,000988
2009-12-09,11.85,12.35,11.73,12.19,23105138.0,280241568.0,407601666.0,0.056685582830763,000988
2009-12-10,12.2,12.49,11.91,12.11,14667702.0,178703264.0,407601666.0,0.0359853828467914,000988
2009-12-11,12.1,12.27,11.83,11.85,10693047.0,128818176.0,407601666.0,0.026234061074716,000988
2009-12-14,11.98,12.89,11.85,12.82,22504084.0,277801920.0,407601666.0,0.0552109715861661,000988
2009-12-15,12.69,13.01,12.53,12.6,19151728.0,245106784.0,407601666.0,0.0469863830242538,000988
2009-12-16,12.57,12.8,12.4,12.65,11434473.0,143885440.0,407601666.0,0.028053057565275,000988
2009-12-17,12.71,12.82,12.04,12.04,13098597.0,162273424.0,407601666.0,0.032135778856213,000988
2009-12-18,11.9,13.18,11.83,12.67,22921870.0,288591616.0,407601666.0,0.0562359575831567,000988
2009-12-21,12.7,12.79,12.1,12.63,14773235.0,182996640.0,407601666.0,0.0362442949386767,000988
2009-12-22,12.55,13.37,12.41,12.85,25070808.0,325797984.0,407601666.0,0.0615081097337811,000988
2009-12-23,12.81,13.55,12.65,13.28,25146572.0,333380704.0,407601666.0,0.0616939872861069,000988
2009-12-24,13.28,13.68,13.15,13.5,20797484.0,278985472.0,407601666.0,0.0510240407113547,000988
2009-12-25,13.45,14.18,13.3,13.94,19769444.0,275581312.0,407601666.0,0.0485018724138384,000988
2009-12-28,14.11,15.16,14.05,15.13,28005396.0,411011808.0,407601666.0,0.0687077564594645,000988
2009-12-29,14.93,15.1,14.6,14.9,21960642.0,326169376.0,407601666.0,0.0538777042191971,000988
2009-12-30,14.85,15.24,14.59,14.91,23093278.0,343615168.0,407601666.0,0.0566564857956198,000988
2009-12-31,14.9,15.48,14.74,14.81,20332292.0,306412064.0,407601666.0,0.0498827499885635,000988
2010-01-04,14.76,15.4,14.4,15.08,17023610.0,253737024.0,407601666.0,0.0417653101545468,000988
2010-01-05,15.08,15.58,14.96,15.1,14413443.0,219462784.0,407601666.0,0.0353615900088102,000988
2010-01-06,15.0,15.16,14.75,14.95,11319599.0,168471189.0,407601666.0,0.0277712284914949,000988
2010-01-07,14.85,14.95,14.06,14.18,12063649.0,175845088.0,407601666.0,0.0295966626397449,000988
2010-01-08,14.05,14.61,14.04,14.6,10458336.0,149595664.0,407601666.0,0.0256582268238324,000988
2010-01-11,14.73,15.25,14.36,14.95,11876055.0,176801632.0,407601666.0,0.0291364240891007,000988
2010-01-12,14.92,15.57,14.76,15.48,14678900.0,225648417.0,407601666.0,0.0360128557472579,000988
2010-01-13,15.14,16.0,15.06,15.71,17531166.0,274768448.0,407601666.0,0.0430105356831392,000988
2010-01-14,15.9,16.96,15.9,16.74,25964388.0,429099040.0,407601666.0,0.0637003971421451,000988
2010-01-15,16.88,17.24,16.4,16.88,20203140.0,339131680.0,407601666.0,0.0495658916173321,000988
2010-01-18,16.89,17.09,16.5,16.87,12092235.0,202988304.0,407601666.0,0.029666794835917,000988
2010-01-19,16.88,17.19,16.53,16.94,10231544.0,172512304.0,407601666.0,0.0251018208546772,000988
2010-01-20,17.07,17.08,16.2,16.38,14869563.0,246995456.0,407601666.0,0.0364806237077549,000988
2010-01-21,16.3,16.99,16.26,16.71,8968607.0,149497056.0,407601666.0,0.0220033619784076,000988
2010-01-22,16.46,16.72,15.63,16.04,9491176.0,153758528.0,407601666.0,0.0232854200355501,000988
2010-01-25,15.92,16.12,15.49,15.49,6941394.0,109374632.0,407601666.0,0.0170298469781033,000988
2010-01-27,14.88,15.74,14.2,14.95,10327663.0,153985824.0,407601666.0,0.0253376368682457,000988
2010-01-28,14.75,15.35,14.71,15.03,5865771.0,88409192.0,407601666.0,0.0143909397072974,000988
2010-01-29,14.95,15.58,14.9,15.27,6298081.0,96705040.0,407601666.0,0.0154515585321479,000988
2010-02-01,15.22,15.26,14.65,14.72,5772748.0,86267544.0,407601666.0,0.0141627193447241,000988
2010-02-02,14.89,15.12,14.65,14.7,4758707.0,70723328.0,407601666.0,0.0116748958528545,000988
2010-02-03,14.76,15.04,14.23,15.04,5973283.0,88054608.0,407601666.0,0.0146547070295831,000988
2010-02-04,15.09,16.37,14.94,15.9,10888842.0,172053456.0,407601666.0,0.0267144197590203,000988
2010-02-05,15.51,16.18,15.4,15.92,7802057.0,123649176.0,407601666.0,0.0191413766203791,000988
2010-02-08,15.85,16.28,15.48,15.55,5540457.0,87503008.0,407601666.0,0.0135928222629001,000988
2010-02-09,15.5,15.75,14.95,15.02,5785107.0,88212704.0,407601666.0,0.0141930406143138,000988
2010-02-10,15.18,15.48,15.01,15.45,3048973.0,46623460.0,407601666.0,0.0074802760987733,000988
2010-02-11,15.38,15.6,15.35,15.39,2894621.0,44705984.0,407601666.0,0.0071015926613018,000988
2010-02-12,15.57,15.59,15.39,15.5,2799115.0,43370836.0,407601666.0,0.0068672805670033,000988
2010-02-22,15.44,15.7,15.4,15.47,3447199.0,53614696.0,407601666.0,0.0084572740681584,000988
2010-02-23,15.46,15.95,15.17,15.88,5548965.0,86420080.0,407601666.0,0.0136136955828831,000988
2010-02-24,15.75,16.33,15.72,16.3,7724273.0,125078872.0,407601666.0,0.0189505432492515,000988
2010-02-25,16.49,16.67,16.21,16.37,5990273.0,98204880.0,407601666.0,0.0146963898817822,000988
2010-02-26,16.3,16.55,16.26,16.34,5130638.0,84201256.0,407601666.0,0.0125873823096689,000988
2010-03-01,16.36,16.48,16.2,16.3,5539912.0,90488456.0,407601666.0,0.0135914851731739,000988
2010-03-02,16.36,16.51,16.03,16.4,8998588.0,146341760.0,407601666.0,0.0220769166336037,000988
2010-03-03,16.32,16.42,16.06,16.38,6375022.0,103626008.0,407601666.0,0.0156403237076072,000988
2010-03-04,16.34,16.67,15.95,16.0,9689101.0,158736656.0,407601666.0,0.023771004409977,000988
2010-03-05,16.04,16.14,15.4,15.46,8775554.0,137634528.0,407601666.0,0.0215297304501203,000988
2010-03-08,15.52,16.06,15.52,15.89,5004853.0,79295368.0,407601666.0,0.0122787844542323,000988
2010-03-09,15.78,15.79,15.28,15.41,7454897.0,115111064.0,407601666.0,0.0182896627316533,000988
2010-03-10,15.42,15.72,15.0,15.24,6135117.0,93667504.0,407601666.0,0.0150517466236264,000988
2010-03-11,15.2,15.4,15.08,15.29,3518191.0,53619224.0,407601666.0,0.008631444111909,000988
2010-03-12,15.39,15.42,15.14,15.14,3350483.0,51144764.0,407601666.0,0.0082199933893302,000988
2010-03-15,15.14,15.23,14.57,14.91,4625073.0,68624200.0,407601666.0,0.0113470414519846,000988
2010-03-16,14.97,15.15,14.82,15.1,2220793.0,33282408.0,407601666.0,0.005448439457556,000988
2010-03-17,15.09,15.64,15.01,15.61,5683615.0,87867880.0,407601666.0,0.0139440426134077,000988
2010-03-18,15.61,16.11,15.58,15.9,7924569.0,125933024.0,407601666.0,0.0194419445773315,000988
2010-03-19,15.85,16.19,15.78,15.97,6375151.0,102209680.0,407601666.0,0.0156406401930653,000988
2010-03-22,15.95,16.08,15.6,15.9,5866405.0,92785328.0,407601666.0,0.014392495147456,000988
2010-03-23,15.9,15.93,15.61,15.76,3875513.0,61021912.0,407601666.0,0.0095080892039337,000988
2010-03-24,15.79,16.39,15.79,16.18,12317138.0,199238736.0,407601666.0,0.0302185663784799,000988
2010-03-25,16.2,16.84,16.1,16.58,16371688.0,269371680.0,407601666.0,0.0401659005976683,000988
2010-03-26,16.51,16.61,16.1,16.33,8721150.0,142398640.0,407601666.0,0.0213962570015599,000988
2010-03-29,16.34,16.64,16.11,16.15,7422340.0,120859160.0,407601666.0,0.018209788180797,000988
2010-03-30,16.22,16.37,16.1,16.17,6536031.0,105783720.0,407601666.0,0.0160353392667438,000988
2010-03-31,16.2,17.5,16.2,17.34,24278232.0,411679872.0,407601666.0,0.0595636230790087,000988
2010-04-01,17.56,18.27,17.29,17.95,22041226.0,393352480.0,407601666.0,0.0540754070421292,000988
2010-04-02,17.88,18.38,17.7,18.15,26629812.0,479701632.0,407601666.0,0.0653329321769749,000988
2010-04-06,18.0,18.15,17.56,17.99,17407344.0,309799840.0,407601666.0,0.0427067538040926,000988
2010-04-08,18.09,18.25,17.6,17.86,14747241.0,264398352.0,407601666.0,0.036180521892175,000988
2010-04-09,17.86,17.98,17.66,17.91,17163936.0,305631456.0,407601666.0,0.0421095825452293,000988
2010-04-12,17.99,18.4,17.5,18.25,26326092.0,474638624.0,407601666.0,0.0645877929262438,000988
2010-04-13,18.22,19.18,18.0,18.78,33264060.0,619194688.0,407601666.0,0.0816092346393893,000988
2010-04-14,18.7,19.28,18.45,18.78,15032984.0,284837056.0,407601666.0,0.0368815568089459,000988
2010-04-15,18.85,19.05,18.51,18.95,10998645.0,207122368.0,407601666.0,0.0269838077649074,000988
2010-04-16,19.15,19.15,18.35,18.46,8624130.0,160942800.0,407601666.0,0.0211582304965358,000988
2010-04-19,18.37,19.18,17.77,17.98,17851800.0,333507328.0,407601666.0,0.0437971713295205,000988
2010-04-20,18.0,19.58,17.68,19.34,18438006.0,344910048.0,407601666.0,0.0452353548525486,000988
2010-04-21,19.56,20.75,19.51,20.28,23136894.0,465839712.0,407601666.0,0.056763492227728,000988
2010-04-22,20.2,21.19,19.98,20.55,26419436.0,545265856.0,407601666.0,0.064816800822399,000988
2010-04-23,20.6,21.05,19.88,20.19,18088336.0,370132064.0,407601666.0,0.0443774829909552,000988
2010-04-26,20.3,20.87,20.01,20.62,9408468.0,192939440.0,407601666.0,0.0230825062427492,000988
2010-04-27,20.91,21.17,19.57,20.14,19187612.0,389501728.0,407601666.0,0.0470744199558791,000988
2010-04-28,19.6,20.4,19.2,19.59,11907079.0,235745520.0,407601666.0,0.029212537615094,000988
2010-04-29,19.62,19.95,18.98,19.0,10970313.0,213664416.0,407601666.0,0.0269142987261489,000988
2010-04-30,19.06,20.3,18.2,20.3,19975968.0,387848704.0,407601666.0,0.049008553365432,000988
2010-05-04,19.9,20.9,19.8,19.85,13534996.0,273878336.0,407601666.0,0.0332064295340736,000988
2010-05-05,19.5,20.75,18.88,20.7,14569172.0,291412096.0,407601666.0,0.0357436517445441,000988
2010-05-06,20.6,21.07,20.22,20.32,16971622.0,352074944.0,407601666.0,0.0416377640615433,000988
2010-05-07,19.6,20.44,19.09,19.32,12672955.0,250076560.0,407601666.0,0.0310915191401597,000988
2010-05-10,19.13,19.52,17.6,17.9,11467007.0,211689504.0,407601666.0,0.0281328756884914,000988
2010-05-12,17.0,17.6,16.11,16.85,17695996.0,296514976.0,407601666.0,0.0434149255906132,000988
2010-05-13,16.72,17.49,16.3,17.35,10774069.0,183570688.0,407601666.0,0.0264328384761803,000988
2010-05-14,17.08,18.75,17.01,18.18,13645251.0,247056192.0,407601666.0,0.0334769264657519,000988
2010-05-17,17.8,18.43,17.37,17.43,9634990.0,171107888.0,407601666.0,0.0236382498004804,000988
2010-05-18,17.02,18.17,16.93,17.97,8441189.0,148285904.0,407601666.0,0.0207094075027652,000988
2010-05-19,17.75,18.35,17.58,17.83,6713976.0,120825984.0,407601666.0,0.0164719051957947,000988
2010-05-20,17.6,18.31,17.5,17.77,6026784.0,108419448.0,407601666.0,0.0147859650799366,000988
2010-05-21,17.18,18.26,17.09,18.1,8603437.0,153780240.0,407601666.0,0.0211074627943252,000988
2010-05-24,18.2,18.88,18.2,18.78,12163308.0,227523680.0,407601666.0,0.0298411636030947,000988
2010-05-25,18.65,19.09,18.25,18.55,9276783.0,173073424.0,407601666.0,0.0227594334710104,000988
2010-05-26,18.53,18.68,18.01,18.33,6757060.0,123446600.0,407601666.0,0.01657760643206,000988
2010-05-27,18.23,18.87,18.0,18.79,7617567.0,140917968.0,407601666.0,0.0186887533477353,000988
2010-05-28,19.09,19.32,18.72,18.85,10272126.0,195563376.0,407601666.0,0.0252013837450801,000988
2010-05-31,18.76,18.84,17.98,17.98,6416405.0,118467936.0,407601666.0,0.0157418517519013,000988
2010-06-01,17.79,17.91,17.04,17.24,6255975.0,108763888.0,407601666.0,0.0153482566972628,000988
2010-06-02,17.14,17.75,17.12,17.75,4236661.0,73616704.0,407601666.0,0.0103941209111741,000988
2010-06-03,17.9,18.16,17.41,17.44,5934338.0,106033344.0,407601666.0,0.0145591603151101,000988
2010-06-04,17.35,17.76,17.25,17.63,3467312.0,60956780.0,407601666.0,0.0085066188124952,000988
2010-06-07,17.3,17.75,17.15,17.5,6008273.0,104776936.0,407601666.0,0.0147405506433823,000988
2010-06-08,17.48,17.98,17.45,17.78,6154670.0,109266112.0,407601666.0,0.0150997174776022,000988
2010-06-09,17.9,18.65,17.82,18.51,10219996.0,186699920.0,407601666.0,0.0250734892727352,000988
2010-06-10,18.41,18.8,18.32,18.48,7483115.0,138893904.0,407601666.0,0.0183588920855882,000988
2010-06-11,18.58,18.69,18.21,18.22,5437186.0,99695840.0,407601666.0,0.0133394597067225,000988
2010-06-17,18.35,18.75,17.88,17.94,6639804.0,121667328.0,407601666.0,0.0162899334174949,000988
2010-06-18,17.7,17.85,16.9,16.99,8606284.0,148004672.0,407601666.0,0.021114447554785,000988
2010-06-21,17.0,17.5,16.68,17.39,5099211.0,87497280.0,407601666.0,0.0125102800732909,000988
2010-06-22,17.35,17.45,17.11,17.18,4474556.0,77196160.0,407601666.0,0.0109777667101095,000988
2010-06-23,17.1,17.37,16.97,17.05,4805802.0,82370848.0,407601666.0,0.0117904375788297,000988
2010-06-24,17.2,17.35,16.89,17.23,4867009.0,83442136.0,407601666.0,0.0119406013418993,000988
2010-06-25,17.11,17.2,16.68,16.73,4814153.0,81412384.0,407601666.0,0.0118109257188364,000988
2010-06-28,16.71,16.85,15.58,15.78,6203262.0,100525296.0,407601666.0,0.0152189319069171,000988
2010-06-29,15.84,15.96,14.51,14.53,9903706.0,148921488.0,407601666.0,0.0242975110901534,000988
2010-06-30,14.52,14.59,13.89,13.97,6793135.0,96577968.0,407601678.0,0.0166661114677746,000988
2010-07-01,14.0,14.48,13.8,14.45,9569546.0,135608688.0,407601678.0,0.0234776903936102,000988
2010-07-02,14.28,14.6,13.81,14.4,8839718.0,125385856.0,407601678.0,0.0216871482064899,000988
2010-07-05,14.13,14.32,13.97,14.13,4873975.0,68889056.0,407601678.0,0.011957691204598,000988
2010-07-06,14.08,14.78,14.08,14.68,7155072.0,103884480.0,407601678.0,0.0175540788622563,000988
2010-07-07,14.75,14.91,14.49,14.76,6736526.0,98993552.0,407601678.0,0.016527228330007,000988
2010-07-08,14.79,14.99,14.26,14.37,6744156.0,98424472.0,407601678.0,0.016545947585623,000988
2010-07-09,14.51,15.48,14.38,15.21,13146031.0,197798896.0,407601678.0,0.0322521513270119,000988
2010-07-12,15.14,15.5,15.08,15.45,9362619.0,143113248.0,407601678.0,0.0229700207465779,000988
2010-07-13,15.3,15.35,14.93,15.09,7236483.0,109519512.0,407601678.0,0.017753810620966,000988
2010-07-14,15.11,15.3,15.06,15.23,6917049.0,105143680.0,407601678.0,0.0169701190484304,000988
2010-07-15,15.21,15.32,14.77,14.78,5870928.0,88555024.0,407601678.0,0.0144035913414468,000988
2010-07-16,14.72,14.93,14.43,14.85,4787302.0,70308168.0,407601678.0,0.0117450497836272,000988
2010-07-19,14.71,15.58,14.54,15.38,6762162.0,102771112.0,407601678.0,0.0165901230661763,000988
2010-07-20,15.42,15.83,15.4,15.74,8269158.0,129422784.0,407601678.0,0.0202873502400056,000988
2010-07-21,15.82,16.12,15.7,16.03,8801595.0,140275328.0,407601678.0,0.0215936181695503,000988
2010-07-22,15.81,16.1,15.69,15.99,12733159.0,202534320.0,407601678.0,0.0312392212477594,000988
2010-07-23,15.95,16.1,15.6,15.81,9687206.0,153427056.0,407601678.0,0.0237663545634372,000988
2010-07-26,15.88,15.99,15.63,15.88,8635265.0,136564592.0,407601678.0,0.0211855482106234,000988
2010-07-27,15.88,16.09,15.8,16.03,11089622.0,177393904.0,407601678.0,0.027207007719924,000988
2010-07-28,16.03,16.33,15.83,16.25,13428801.0,216786704.0,407601678.0,0.0329458923375678,000988
2010-07-29,16.33,16.48,16.03,16.41,11150202.0,181339968.0,407601678.0,0.0273556332120889,000988
2010-07-30,16.44,16.44,16.0,16.16,6751212.0,109255536.0,407601678.0,0.0165632586036606,000988
2010-08-02,16.3,16.56,16.0,16.44,11024403.0,180685824.0,407601678.0,0.0270470010184796,000988
2010-08-03,16.42,17.39,16.42,16.9,21740106.0,367275872.0,407601678.0,0.0533366449978157,000988
2010-08-04,16.78,17.36,16.71,17.33,13842570.0,235167344.0,407601678.0,0.0339610230947086,000988
2010-08-05,17.37,17.37,16.85,17.03,8894217.0,152246288.0,407601678.0,0.0218208547218002,000988
2010-08-06,17.01,17.85,16.66,17.8,16963468.0,294054688.0,407601678.0,0.0416177580112906,000988
2010-08-10,18.0,18.3,16.69,16.7,21418380.0,372333312.0,407601678.0,0.0525473302884685,000988
2010-08-11,16.6,17.0,16.45,16.77,8744066.0,145705088.0,407601678.0,0.0214524779262562,000988
2010-08-12,16.51,16.82,16.3,16.3,6159899.0,101895512.0,407601678.0,0.015112545733926,000988
2010-08-13,16.3,16.71,16.3,16.71,5725916.0,94622992.0,407601678.0,0.0140478224429684,000988
2010-08-16,16.72,17.15,16.55,16.97,10896516.0,183848224.0,407601678.0,0.0267332461766754,000988
2010-08-17,17.0,17.29,16.91,17.13,9162014.0,156453472.0,407601678.0,0.0224778613399133,000988
2010-08-18,17.13,17.13,16.71,16.8,8025660.0,135699936.0,407601678.0,0.0196899581949218,000988
2010-08-19,16.81,17.08,16.65,16.98,8011064.0,135295632.0,407601678.0,0.0196541487250697,000988
2010-08-20,16.98,17.08,16.5,16.5,7324781.0,122879712.0,407601678.0,0.0179704387772417,000988
2010-08-23,16.51,16.73,16.47,16.57,5426419.0,90123048.0,407601678.0,0.013313043819216,000988
2010-08-24,16.51,16.68,16.14,16.56,9928642.0,162789664.0,407601678.0,0.0243586877480911,000988
2010-08-25,16.4,16.49,15.81,15.82,8183324.0,132047568.0,407601678.0,0.0200767672011399,000988
2010-08-26,15.97,16.2,15.83,16.17,5285494.0,84564304.0,407601678.0,0.0129673018667013,000988
2010-08-27,16.17,16.33,15.85,16.25,5769774.0,92596240.0,407601678.0,0.0141554225888147,000988
2010-08-30,16.26,16.64,16.26,16.58,6868938.0,113445600.0,407601678.0,0.0168520846962754,000988
2010-08-31,16.51,16.58,16.36,16.5,7239763.0,119149552.0,407601678.0,0.0177618576928429,000988
2010-09-01,16.68,17.28,16.6,17.04,16418278.0,278697472.0,407601678.0,0.0402802021830734,000988
2010-09-02,17.2,17.36,17.0,17.17,10630522.0,182288992.0,407601678.0,0.026080662994719,000988
2010-09-03,17.18,17.23,16.8,17.0,9054713.0,153741376.0,407601678.0,0.0222146116876388,000988
2010-09-06,17.2,17.25,16.91,17.1,7907370.0,135138640.0,407601678.0,0.0193997483984842,000988
2010-09-07,17.2,17.28,16.7,17.01,9674217.0,164371696.0,407601678.0,0.0237344876681297,000988
2010-09-08,16.97,17.15,16.81,17.14,8959339.0,152100688.0,407601678.0,0.0219806234458141,000988
2010-09-09,17.19,17.7,17.11,17.21,15938349.0,276778688.0,407601678.0,0.0391027560980747,000988
2010-09-10,17.23,17.46,16.83,17.3,10820280.0,186412640.0,407601678.0,0.0265462106365518,000988
2010-09-13,17.46,17.9,17.31,17.84,16402071.0,289949632.0,407601678.0,0.0402404403251745,000988
2010-09-14,17.8,17.95,17.58,17.7,10251574.0,181842400.0,407601678.0,0.0251509612283784,000988
2010-09-15,17.69,17.69,16.83,17.0,10023213.0,173550432.0,407601678.0,0.0245907059293313,000988
2010-09-16,16.92,17.1,16.19,16.35,11277730.0,185652592.0,407601678.0,0.0276685072920627,000988
2010-09-17,16.45,16.66,16.38,16.52,5815008.0,96025608.0,407601678.0,0.0142663985794484,000988
2010-09-20,16.6,16.6,15.95,16.21,4951670.0,80340272.0,407601678.0,0.0121483062196814,000988
2010-09-21,16.27,16.3,15.98,16.05,3760754.0,60511136.0,407601678.0,0.0092265419967186,000988
2010-09-27,16.2,16.64,16.18,16.64,4072423.0,67107992.0,407601678.0,0.009991183107936,000988
2010-09-28,16.64,16.88,16.4,16.61,4529786.0,75448856.0,407601678.0,0.0111132663197721,000988
2010-09-29,16.61,16.8,16.3,16.33,3151160.0,52076692.0,407601678.0,0.0077309789681484,000988
2010-09-30,16.34,16.65,16.3,16.54,2614752.0,43158460.0,407601678.0,0.0064149686842064,000988
2010-10-08,16.71,17.16,16.65,17.13,6019992.0,102193656.0,407601678.0,0.0147693013177438,000988
2010-10-11,17.14,17.36,16.95,17.19,8611352.0,147783328.0,407601678.0,0.0211268806405649,000988
2010-10-12,17.18,17.39,17.03,17.3,8700762.0,150280560.0,407601678.0,0.0213462369504769,000988
2010-10-13,17.39,17.5,17.11,17.35,8795038.0,152151376.0,407601678.0,0.0215775313859232,000988
2010-10-14,17.45,17.54,16.45,16.51,12462569.0,211069424.0,407601678.0,0.0305753623516731,000988
2010-10-15,16.4,16.87,16.0,16.29,13219459.0,216287632.0,407601678.0,0.0324322977885287,000988
2010-10-18,16.49,16.5,15.84,16.18,9224602.0,148442416.0,407601678.0,0.0226314132102272,000988
2010-10-19,16.15,17.14,16.11,17.11,11193112.0,187603584.0,407601678.0,0.0274609075578928,000988
2010-10-20,16.8,17.58,16.7,17.26,16864074.0,290945920.0,407601678.0,0.0413739071996656,000988
2010-10-21,17.24,17.65,17.15,17.39,11534918.0,201003040.0,407601678.0,0.0282994860487301,000988
2010-10-22,17.44,17.67,17.31,17.5,11028014.0,192888896.0,407601678.0,0.0270558601576708,000988
2010-10-25,17.69,19.07,17.69,18.92,26204712.0,486489408.0,407601678.0,0.0642900002977907,000988
2010-10-26,19.0,19.18,18.7,19.14,18722130.0,354902432.0,407601678.0,0.0459324164018775,000988
2010-10-27,19.18,19.25,18.71,18.83,11902275.0,225690320.0,407601678.0,0.0292007507388132,000988
2010-10-28,18.78,19.8,18.7,19.79,17650144.0,343445120.0,407601678.0,0.0433024321357185,000988
2010-10-29,19.88,19.88,19.16,19.3,13852940.0,268962016.0,407601678.0,0.0339864645993925,000988
2010-11-01,19.49,20.21,19.08,19.89,15546433.0,307176352.0,407601678.0,0.0381412389573136,000988
2010-11-02,19.98,20.43,19.43,19.78,15839217.0,315202528.0,407601678.0,0.0388595480708497,000988
2010-11-03,19.7,19.76,19.02,19.03,10509527.0,203875744.0,407601678.0,0.0257838168173586,000988
2010-11-04,19.0,20.06,18.75,20.0,17924888.0,348882272.0,407601678.0,0.0439764823539318,000988
2010-11-05,19.95,20.29,19.7,19.76,16027746.0,319528896.0,407601678.0,0.0393220805141042,000988
2010-11-08,19.75,20.49,19.7,20.37,12105638.0,242479248.0,407601678.0,0.029699676555306,000988
2010-11-09,20.45,20.48,19.81,19.97,9161509.0,183239520.0,407601678.0,0.0224766223852493,000988
2010-11-10,19.85,20.14,19.32,19.5,10441707.0,205623808.0,407601678.0,0.0256174288860508,000988
2010-11-11,19.37,19.99,19.35,19.35,10960268.0,215900080.0,407601678.0,0.0268896537761554,000988
2010-11-12,19.17,19.45,17.42,17.56,16580861.0,303986432.0,407601678.0,0.0406790793437312,000988
2010-11-15,17.61,18.57,17.61,18.4,8054369.0,146014384.0,407601678.0,0.0197603921542246,000988
2010-11-16,18.38,18.76,17.6,18.0,9168273.0,167331584.0,407601678.0,0.0224932170176198,000988
2010-11-17,17.9,18.35,17.55,17.63,7840598.0,141208160.0,407601678.0,0.0192359316047761,000988
2010-11-18,18.0,18.13,17.58,18.0,5368305.0,96063688.0,407601678.0,0.0131704683512122,000988
2010-11-19,18.11,18.99,18.0,18.71,12435003.0,230194960.0,407601678.0,0.0305077326006494,000988
2010-11-22,18.65,19.81,18.51,19.2,14802254.0,286488128.0,407601678.0,0.0363154883773564,000988
2010-11-24,18.9,19.8,18.8,19.62,13324600.0,258115040.0,407601678.0,0.0326902481495672,000988
2010-11-25,19.6,19.79,19.25,19.36,9191965.0,179311648.0,407601678.0,0.0225513423916768,000988
2010-11-26,19.25,19.59,18.74,18.99,5845524.0,112052592.0,407601678.0,0.0143412657884102,000988
2010-11-29,18.93,19.23,18.82,19.1,4805776.0,91532880.0,407601678.0,0.0117903734439483,000988
2010-11-30,19.06,19.09,17.58,18.0,11893836.0,215708592.0,407601678.0,0.0291800467023592,000988
2010-12-01,18.05,18.22,17.91,18.15,4825628.0,87262072.0,407601678.0,0.011839077855808,000988
2010-12-02,18.65,18.7,17.89,18.0,5940168.0,108726264.0,407601678.0,0.0145734630660671,000988
2010-12-03,17.88,18.23,17.67,18.14,4553733.0,81817968.0,407601678.0,0.0111720173046,000988
2010-12-06,18.0,18.12,17.5,17.71,4285568.0,76313424.0,407601678.0,0.0105141078442763,000988
2010-12-07,17.64,18.07,17.25,18.01,4054823.0,71731408.0,407601678.0,0.009948003697865,000988
2010-12-08,18.0,18.2,17.72,17.73,4059193.0,72939576.0,407601678.0,0.0099587249491156,000988
2010-12-09,17.73,17.73,17.31,17.4,3227819.0,56435436.0,407601678.0,0.007919052286139,000988
2010-12-10,17.3,17.95,17.25,17.86,3383036.0,59935444.0,407601678.0,0.0082998578823318,000988
2010-12-13,17.86,18.52,17.85,18.42,5261168.0,96406072.0,407601678.0,0.0129076210525315,000988
2010-12-14,18.49,18.88,18.49,18.7,5481113.0,102571664.0,407601678.0,0.0134472287427629,000988
2010-12-15,18.62,19.25,18.61,18.92,8192316.0,155138384.0,407601678.0,0.0200988279542853,000988
2010-12-16,19.06,19.47,18.91,19.09,8915525.0,171294928.0,407601678.0,0.021873131248493,000988
2010-12-20,19.9,20.3,19.16,19.55,18582024.0,365633472.0,407601678.0,0.0455886837639564,000988
2010-12-21,19.68,20.17,19.18,19.87,11660275.0,229214752.0,407601678.0,0.0286070338503366,000988
2010-12-22,19.79,20.47,19.55,20.09,11307706.0,225673840.0,407601678.0,0.0277420496782155,000988
2010-12-23,19.98,20.3,19.5,19.55,10765498.0,214388240.0,407601678.0,0.0264118098159546,000988
2010-12-24,19.3,19.48,18.67,18.73,7062067.0,134070536.0,407601678.0,0.0173259026671622,000988
2010-12-27,19.0,19.16,17.9,17.99,6646497.0,122989512.0,407601678.0,0.0163063533806158,000988
2010-12-28,17.78,18.26,17.64,17.91,4140844.0,74263920.0,407601678.0,0.0101590455179627,000988
2010-12-29,17.88,18.35,17.88,18.33,3055865.0,55338736.0,407601678.0,0.0074971845429939,000988
2010-12-30,18.51,19.15,18.41,19.04,5599101.0,105274424.0,407601678.0,0.0137366976197777,000988
2010-12-31,19.0,19.48,18.85,19.24,5717337.0,109933400.0,407601678.0,0.0140267749339343,000988
2011-01-04,19.49,21.16,19.49,20.96,31052748.0,642841472.0,407601678.0,0.076184053393421,000988
2011-01-05,20.7,21.58,20.65,21.1,22472452.0,475602368.0,407601678.0,0.0551333647846268,000988
2011-01-06,20.93,21.44,20.73,21.17,13063240.0,275809632.0,407601678.0,0.0320490339100125,000988
2011-01-07,20.97,21.16,20.12,20.26,12960149.0,268071856.0,407601678.0,0.031796112968897,000988
2011-01-10,20.45,21.37,20.14,20.5,12567432.0,261771152.0,407601678.0,0.0308326306743025,000988
2011-01-11,20.21,20.65,19.72,20.01,10883274.0,218721616.0,407601678.0,0.0267007585773481,000988
2011-01-12,20.07,21.02,19.76,21.02,11721053.0,237480000.0,407601678.0,0.0287561451108648,000988
2011-01-13,21.09,21.5,20.72,21.25,13864768.0,293528704.0,407601678.0,0.0340154831256607,000988
2011-01-14,20.97,21.07,19.95,20.02,11235050.0,228993088.0,407601678.0,0.0275637972226404,000988
2011-01-17,19.7,19.82,18.82,19.1,8638556.0,166091168.0,407601678.0,0.0211936222696315,000988
2011-01-18,19.1,19.65,18.9,19.38,5288242.0,102306240.0,407601678.0,0.0129740437427737,000988
2011-01-19,19.38,20.26,19.25,20.11,6497858.0,129284696.0,407601678.0,0.015941686088937,000988
2011-01-20,19.81,20.08,19.2,19.23,5855895.0,114979592.0,407601678.0,0.0143667097464696,000988
2011-01-21,19.0,19.69,18.8,19.24,5976147.0,114673032.0,407601678.0,0.0146617330657799,000988
2011-01-24,19.05,19.23,18.3,18.3,6333858.0,117857848.0,407601678.0,0.0155393324950934,000988
2011-01-25,18.38,18.52,17.92,18.14,4093626.0,74523864.0,407601678.0,0.0100432020301938,000988
2011-01-26,18.23,18.79,18.14,18.79,4033468.0,74884992.0,407601678.0,0.0098956118625203,000988
2011-01-27,18.68,19.47,18.48,19.19,5531353.0,105637680.0,407601678.0,0.0135704863315111,000988
2011-01-28,19.28,19.35,18.83,19.11,4218741.0,80501560.0,407601678.0,0.0103501561149117,000988
2011-01-31,19.15,19.79,18.91,19.65,5619277.0,109193384.0,407601678.0,0.0137861969253227,000988
2011-02-01,19.6,19.73,19.25,19.41,3488391.0,67846448.0,407601678.0,0.0085583332657428,000988
2011-02-09,19.22,19.94,19.16,19.44,4919953.0,96330824.0,407601678.0,0.0120704925066574,000988
2011-02-10,19.38,20.58,19.3,20.45,8774664.0,176939440.0,407601678.0,0.0215275463120149,000988
2011-02-11,20.46,20.67,20.23,20.65,6313535.0,129232824.0,407601678.0,0.0154894725433392,000988
2011-02-14,20.61,20.93,20.45,20.69,7547919.0,156004864.0,407601678.0,0.0185178800956751,000988
2011-02-15,20.74,20.98,20.38,20.53,9182368.0,189589888.0,407601678.0,0.0225277973463102,000988
2011-02-16,20.01,20.46,19.73,20.38,15036080.0,302310240.0,407601678.0,0.0368891513739057,000988
2011-02-17,20.42,21.55,20.41,21.51,19300892.0,404584448.0,407601678.0,0.0473523369548051,000988
2011-02-18,21.51,21.51,20.88,21.32,15171390.0,321350720.0,407601678.0,0.0372211176225825,000988
2011-02-21,21.01,23.45,21.01,22.85,19734596.0,445695872.0,407601678.0,0.0484163757539781,000988
2011-02-22,22.7,23.43,22.18,22.8,18960676.0,432397504.0,407601678.0,0.0465176593311276,000988
2011-02-23,22.5,24.28,22.22,23.82,21475578.0,499825408.0,407601678.0,0.0526876584644482,000988
2011-02-24,23.69,23.9,22.88,23.54,14105097.0,330508544.0,407601678.0,0.0346051004235561,000988
2011-02-25,23.36,23.68,22.8,22.91,8939645.0,206046032.0,407601678.0,0.0219323066672949,000988
2011-02-28,22.99,23.7,22.67,23.42,8003997.0,186822784.0,407601678.0,0.0196368107199009,000988
2011-03-01,23.4,23.68,22.92,23.08,6402347.0,148266544.0,407601678.0,0.015707361734659,000988
2011-03-02,22.9,23.06,22.08,22.52,7417659.0,166966624.0,407601678.0,0.0181983033936381,000988
2011-03-03,22.56,23.17,22.31,22.59,6377645.0,144998016.0,407601678.0,0.015646758451274,000988
2011-03-04,22.7,22.98,22.41,22.71,4504309.0,102282048.0,407601678.0,0.0110507616703187,000988
2011-03-07,22.81,23.17,22.36,22.72,7059396.0,160279152.0,407601678.0,0.0173193497010088,000988
2011-03-08,22.73,23.35,22.41,23.32,7670291.0,175476688.0,407601678.0,0.0188181045711985,000988
2011-03-09,23.34,23.7,23.05,23.1,6926161.0,161465056.0,407601678.0,0.0169924742066444,000988
2011-03-10,23.28,23.28,22.39,22.4,6163717.0,139500832.0,407601678.0,0.0151219127218607,000988
2011-03-14,22.25,22.69,21.72,22.06,6805353.0,149894912.0,407601678.0,0.016696086810516,000988
2011-03-15,21.91,22.6,21.49,22.43,7475524.0,164510352.0,407601678.0,0.0183402679711244,000988
2011-03-16,22.3,22.72,22.17,22.43,5005131.0,112307848.0,407601678.0,0.0122794661311477,000988
2011-03-17,22.2,23.1,21.79,22.7,8573291.0,193898560.0,407601678.0,0.0210335027129108,000988
2011-03-18,22.74,23.09,22.47,22.79,4054581.0,92271464.0,407601678.0,0.0099474099809765,000988
2011-03-21,22.73,23.08,22.52,22.65,4655988.0,106086976.0,407601678.0,0.011422887223737,000988
2011-03-22,22.71,22.83,21.8,22.03,5078936.0,112186016.0,407601678.0,0.0124605375152552,000988
2011-03-23,22.1,22.4,21.68,22.29,3916632.0,86325160.0,407601678.0,0.0096089692741647,000988
2011-03-24,22.23,22.29,21.91,21.95,3462761.0,76461792.0,407601678.0,0.0084954532498269,000988
2011-03-25,21.83,22.56,21.7,22.37,5185866.0,114509496.0,407601678.0,0.0127228769651924,000988
2011-03-28,22.27,22.78,22.21,22.28,5325690.0,119983576.0,407601678.0,0.0130659177512021,000988
2011-03-29,22.2,22.2,21.01,21.01,7956278.0,170973392.0,407601678.0,0.0195197380909702,000988
2011-03-30,21.08,21.13,20.25,20.32,5844358.0,120075000.0,407601678.0,0.014338405152493,000988
2011-03-31,20.38,20.71,20.3,20.49,3293330.0,67518632.0,407601678.0,0.0080797753732505,000988
2011-04-01,20.48,20.79,20.3,20.54,3362754.0,68974224.0,407601678.0,0.0082500985189761,000988
2011-04-06,20.54,20.58,19.96,20.12,4104205.0,83072104.0,407601678.0,0.0100691562903722,000988
2011-04-07,20.17,20.88,20.08,20.7,4797596.0,98524128.0,407601678.0,0.0117703048317676,000988
2011-04-08,20.75,20.88,20.5,20.88,3451846.0,71604480.0,407601678.0,0.0084686746554561,000988
2011-04-11,20.8,20.88,20.49,20.5,3284120.0,67666352.0,407601678.0,0.0080571797842304,000988
2011-04-12,20.7,20.89,20.36,20.42,3554791.0,72903520.0,407601678.0,0.008721237403738,000988
2011-04-13,20.4,20.88,20.16,20.77,3396022.0,69744048.0,407601678.0,0.0083317174175126,000988
2011-04-14,20.7,20.83,20.56,20.61,2619726.0,54224696.0,407601678.0,0.0064271717743026,000988
2011-04-15,20.6,20.85,20.36,20.75,3216166.0,66414320.0,407601678.0,0.0078904631005959,000988
2011-04-18,20.6,20.7,20.24,20.33,3646711.0,74259880.0,407601678.0,0.0089467516863362,000988
2011-04-19,20.28,20.28,19.23,19.26,9408500.0,183401760.0,407601678.0,0.0230825840712068,000988
2011-04-20,19.25,19.47,19.07,19.37,5130601.0,98799152.0,407601678.0,0.0125872911641938,000988
2011-04-21,19.45,19.84,19.41,19.7,4585450.0,90102904.0,407601678.0,0.011249831017624,000988
2011-04-22,19.7,20.49,19.42,20.01,8800584.0,176564912.0,407601678.0,0.0215911378068468,000988
2011-04-25,20.01,20.68,20.0,20.25,4994277.0,101546008.0,407601678.0,0.0122528371926869,000988
2011-04-26,20.18,20.29,19.75,19.9,6059662.0,121124440.0,407601678.0,0.0148666267266937,000988
2011-04-27,19.91,20.47,19.91,20.05,3692571.0,74582712.0,407601678.0,0.0090592634900781,000988
2011-04-28,20.15,20.42,19.33,19.4,3008139.0,59906228.0,407601678.0,0.0073800947404343,000988
2011-04-29,19.5,19.69,19.35,19.6,2527573.0,49414652.0,407601678.0,0.0062010858551961,000988
2011-05-03,19.6,21.2,19.6,21.0,8478754.0,175472880.0,407601678.0,0.0208015679464401,000988
2011-05-04,20.9,21.07,20.45,20.63,4999263.0,103639360.0,407601678.0,0.01226506972329,000988
2011-05-05,20.54,21.02,20.38,20.79,5192477.0,107720456.0,407601678.0,0.0127390962311004,000988
2011-05-06,20.82,21.62,20.6,21.49,9309644.0,197398656.0,407601678.0,0.0228400531756397,000988
2011-05-09,21.72,22.11,21.05,21.52,8925166.0,190840896.0,407601678.0,0.0218967842423847,000988
2011-05-10,21.39,21.54,21.12,21.18,4586528.0,97493816.0,407601678.0,0.0112524757564908,000988
2011-05-11,21.3,21.38,20.7,21.18,5825125.0,122600352.0,407601678.0,0.0142912193801125,000988
2011-05-12,21.0,21.45,20.76,20.83,6945934.0,146904704.0,407601678.0,0.0170409848018339,000988
2011-05-13,21.15,21.76,21.05,21.74,10869398.0,233437472.0,407601678.0,0.026666715537908,000988
2011-05-16,21.67,21.94,21.35,21.39,6383208.0,138223376.0,407601678.0,0.0156604065795823,000988
2011-05-17,21.28,21.36,20.61,20.78,6225027.0,130335776.0,407601678.0,0.0152723291781934,000988
2011-05-18,20.72,21.1,20.7,20.95,2771893.0,58128248.0,407601678.0,0.0068004945750002,000988
2011-05-19,20.9,21.6,20.88,21.19,4858375.0,103373008.0,407601678.0,0.0119194185456714,000988
2011-05-20,21.1,21.34,20.7,20.83,3015909.0,63091816.0,407601678.0,0.0073991574686304,000988
2011-05-23,20.81,20.81,19.06,19.37,7484724.0,148762160.0,407601678.0,0.0183628390263888,000988
2011-05-24,19.29,19.7,19.05,19.52,4470872.0,86229808.0,407601678.0,0.0109687281513105,000988
2011-05-25,19.51,19.62,19.16,19.2,2709932.0,52492332.0,407601678.0,0.00664848097117,000988
2011-05-26,19.39,19.52,19.13,19.22,3306712.0,63614900.0,407601678.0,0.0081126064451579,000988
2011-05-27,19.33,19.37,18.3,18.5,4718317.0,88442328.0,407601678.0,0.0115758036697778,000988
2011-05-30,18.58,18.78,18.01,18.08,3067985.0,56605136.0,407601678.0,0.0075269194549292,000988
2011-05-31,18.11,18.45,17.68,18.38,3867619.0,69676592.0,407601678.0,0.0094887219772436,000988
2011-06-01,18.38,18.58,18.14,18.5,2124578.0,39031912.0,407601678.0,0.0052123877664703,000988
2011-06-02,18.26,18.67,17.86,18.62,3779368.0,69068864.0,407601678.0,0.0092722091296199,000988
2011-06-03,18.86,18.86,18.4,18.62,3091810.0,57620872.0,407601678.0,0.0075853711279373,000988
2011-06-07,18.99,19.34,18.83,19.03,4308046.0,82354904.0,407601678.0,0.0105692548203886,000988
2011-06-08,18.85,19.3,18.83,19.15,2504807.0,47762376.0,407601678.0,0.006145232306919,000988
2011-06-09,19.15,19.19,18.45,18.51,2202609.0,41500656.0,407601678.0,0.005403827115746,000988
2011-06-10,18.2,18.61,18.14,18.57,2183509.0,40106092.0,407601678.0,0.0053569676423167,000988
2011-06-13,18.48,18.85,18.24,18.76,1594518.0,29695130.0,407601678.0,0.0039119515106608,000988
2011-06-14,18.77,19.0,18.68,18.96,1908559.0,36109344.0,407601678.0,0.0046824120287355,000988
2011-06-15,18.96,19.0,18.55,18.56,1321267.0,24805780.0,407601678.0,0.0032415641821768,000988
2011-06-16,18.35,18.4,17.99,18.05,2330796.0,42337340.0,407601678.0,0.0057183179702218,000988
2011-06-17,17.98,18.14,17.86,18.06,1908748.0,34338716.0,407601678.0,0.0046828757167187,000988
2011-06-20,17.9,17.98,17.24,17.5,2547796.0,44497244.0,407601678.0,0.006250700469393,000988
2011-06-21,17.5,17.65,17.33,17.6,1108169.0,19442164.0,407601678.0,0.0027187547544885,000988
2011-06-22,17.6,17.6,17.0,17.2,4431294.0,76185448.0,407601678.0,0.0108716284529132,000988
2011-06-23,17.08,17.64,16.9,17.5,3631590.0,62455836.0,407601678.0,0.0089096541943087,000988
2011-06-24,17.51,18.5,17.45,18.23,5506694.0,99828800.0,407601678.0,0.0135099885432758,000988
2011-06-27,18.3,19.1,18.28,18.72,5661164.0,106516424.0,407601678.0,0.0138889614679162,000988
2011-06-28,18.85,18.92,18.56,18.76,2288659.0,42898092.0,407601678.0,0.0056149400837353,000988
2011-06-29,18.62,18.85,18.2,18.33,2588193.0,47845828.0,407601678.0,0.0063498094823839,000988
2011-06-30,18.25,18.64,18.25,18.62,2383733.0,44157096.0,407601678.0,0.0058481923128883,000988
2011-07-01,18.63,18.9,18.5,18.6,2882089.0,53929436.0,407601678.0,0.0070708467495563,000988
2011-07-04,18.75,19.23,18.65,19.08,4788849.0,90987600.0,407601678.0,0.0117488451556374,000988
2011-07-06,19.17,19.3,18.9,19.21,4072460.0,77830272.0,407601678.0,0.0099912738828322,000988
2011-07-07,19.16,19.21,18.8,18.83,6270019.0,118816016.0,407601678.0,0.0153827114519386,000988
2011-07-08,18.8,18.83,18.5,18.67,2737363.0,50937764.0,407601678.0,0.0067157795164915,000988
2011-07-11,18.5,18.8,18.38,18.67,2844258.0,52827500.0,407601678.0,0.0069780330982837,000988
2011-07-12,18.59,19.39,18.42,19.22,9465357.0,181050304.0,407601678.0,0.0232220756461164,000988
2011-07-13,19.16,19.33,19.06,19.3,5588395.0,107334200.0,407601678.0,0.0137104317809015,000988
2011-07-14,19.4,19.84,19.22,19.58,6539180.0,127904336.0,407601678.0,0.0160430644743322,000988
2011-07-15,19.48,19.66,19.16,19.63,4099167.0,79546520.0,407601678.0,0.0100567961842394,000988
2011-07-18,19.75,20.09,19.62,19.72,5011208.0,99700240.0,407601678.0,0.0122943752945001,000988
2011-07-19,19.69,20.24,19.52,19.66,6465377.0,128880672.0,407601678.0,0.0158619979969758,000988
2011-07-20,19.75,20.19,19.58,19.72,2891424.0,57287112.0,407601678.0,0.0070937490105229,000988
2011-07-21,19.7,19.95,19.44,19.63,3229426.0,63625648.0,407601678.0,0.0079229948606835,000988
2011-07-22,19.75,19.93,19.38,19.5,2701596.0,52914316.0,407601678.0,0.0066280296324,000988
2011-07-25,19.5,19.72,18.5,18.61,4030029.0,76523368.0,407601678.0,0.0098871747039274,000988
2011-07-26,18.57,18.69,18.0,18.27,3472838.0,63300504.0,407601678.0,0.0085201759154681,000988
2011-07-27,18.25,18.85,18.11,18.8,2399359.0,44642612.0,407601678.0,0.0058865287595798,000988
2011-07-28,18.52,18.83,18.43,18.56,1600536.0,29714558.0,407601678.0,0.0039267159248544,000988
2011-07-29,18.56,18.63,17.88,18.09,2852531.0,51800692.0,407601678.0,0.0069983298743927,000988
2011-08-01,18.02,18.33,18.0,18.22,1679719.0,30560116.0,407601678.0,0.0041209815627893,000988
2011-08-02,18.1,18.17,17.88,18.16,1757320.0,31593518.0,407601678.0,0.0043113659605689,000988
2011-08-03,17.99,18.4,17.91,18.17,1556533.0,28298780.0,407601678.0,0.0038187600395501,000988
2011-08-04,18.24,18.39,18.02,18.16,1792654.0,32588852.0,407601678.0,0.0043980535330377,000988
2011-08-05,17.48,18.21,17.18,18.2,2579097.0,46274588.0,407601678.0,0.006327493578179,000988
2011-08-08,18.2,18.89,17.52,18.1,7080875.0,129899488.0,407601678.0,0.0173720457549244,000988
2011-08-09,17.45,18.27,16.92,18.1,5859612.0,104192416.0,407601678.0,0.0143758289434716,000988
2011-08-10,18.35,18.42,18.03,18.09,4596398.0,83710616.0,407601678.0,0.0112766905733886,000988
2011-08-11,17.53,18.4,17.52,18.35,4472382.0,81151816.0,407601678.0,0.0109724327484245,000988
2011-08-12,18.45,18.69,18.26,18.38,2650646.0,48917784.0,407601678.0,0.0065030301469956,000988
2011-08-15,18.5,18.98,18.35,18.92,4842739.0,90723992.0,407601678.0,0.0118810575652242,000988
2011-08-16,18.99,18.99,18.45,18.56,3472283.0,64798640.0,407601678.0,0.0085188142920255,000988
2011-08-17,18.59,18.68,18.22,18.34,1792045.0,32936228.0,407601678.0,0.0043965594273142,000988
2011-08-18,18.34,18.54,17.99,17.99,2225790.0,40545740.0,407601678.0,0.0054606988148856,000988
2011-08-19,17.64,17.84,17.51,17.59,2678192.0,47226544.0,407601678.0,0.0065706108305079,000988
2011-08-22,17.55,17.85,17.38,17.48,1526219.0,26890716.0,407601678.0,0.0037443884124539,000988
2011-08-23,17.68,17.87,17.58,17.8,1142236.0,20267388.0,407601678.0,0.0028023339001072,000988
2011-08-24,17.9,18.06,17.77,17.79,1529257.0,27399440.0,407601678.0,0.0037518417674423,000988
2011-08-25,17.81,18.18,17.72,18.18,2510427.0,45250132.0,407601678.0,0.0061590202776348,000988
2011-08-26,18.29,18.29,17.95,18.19,2074280.0,37534676.0,407601678.0,0.0050889878819389,000988
2011-08-29,18.08,18.38,18.08,18.14,2162225.0,39397804.0,407601678.0,0.0053047499966376,000988
2011-08-30,18.25,18.35,17.82,17.82,2411952.0,43667204.0,407601678.0,0.0059174241181607,000988
2011-08-31,17.84,17.95,17.6,17.65,1415805.0,25107088.0,407601678.0,0.0034735014020231,000988
2011-09-01,17.66,17.9,17.55,17.68,1211247.0,21464974.0,407601678.0,0.0029716438017215,000988
2011-09-02,17.58,17.69,17.29,17.53,1517495.0,26535312.0,407601678.0,0.0037229851639619,000988
2011-09-05,17.44,17.44,16.94,16.98,2229163.0,37982556.0,407601678.0,0.0054689740506907,000988
2011-09-06,16.89,17.0,16.55,16.61,2024108.0,33844924.0,407601678.0,0.0049658971227297,000988
2011-09-07,16.65,17.05,16.65,17.0,1227603.0,20770600.0,407601678.0,0.0030117712125807,000988
2011-09-08,17.06,17.19,16.78,16.78,1435006.0,24395288.0,407601678.0,0.0035206086663853,000988
2011-09-09,16.9,17.13,16.65,17.0,2569574.0,43316840.0,407601678.0,0.0063041300826048,000988
2011-09-13,16.8,16.99,16.7,16.99,1024035.0,17255850.0,407601678.0,0.0025123424540955,000988
2011-09-14,17.05,17.15,16.55,17.0,1510621.0,25487628.0,407601678.0,0.0037061206602785,000988
2011-09-15,17.09,17.25,16.98,17.06,1698890.0,29000452.0,407601678.0,0.0041680152258843,000988
2011-09-16,17.06,17.23,16.96,16.96,1620600.0,27730382.0,407601678.0,0.0039759404523354,000988
2011-09-19,16.85,16.85,16.41,16.46,1360306.0,22518420.0,407601678.0,0.0033373415111406,000988
2011-09-20,16.45,16.59,16.23,16.42,1019248.0,16735497.0,407601678.0,0.0025005981452313,000988
2011-09-21,16.47,16.93,16.36,16.89,3610699.0,60282164.0,407601678.0,0.0088584007252295,000988
2011-09-22,16.8,16.8,16.11,16.16,3344595.0,54894256.0,407601678.0,0.0082055476719602,000988
2011-09-23,15.89,15.97,15.66,15.85,2745014.0,43429732.0,407601678.0,0.0067345502929946,000988
2011-09-26,15.9,15.9,15.01,15.23,4520305.0,69534168.0,407601678.0,0.0110900058659719,000988
2011-09-27,15.23,15.37,14.97,15.17,2507793.0,37904928.0,407601678.0,0.0061525580863776,000988
2011-09-28,15.28,15.31,14.69,14.7,3146681.0,46904140.0,407601678.0,0.0077199902989604,000988
2011-09-30,14.54,14.68,14.42,14.57,2405414.0,34999144.0,407601678.0,0.0059013839486696,000988
2011-10-10,14.68,14.7,14.36,14.38,1163880.0,16926676.0,407601678.0,0.0028554347609923,000988
2011-10-11,14.67,14.94,13.9,14.01,3387406.0,48831152.0,407601678.0,0.0083105791335824,000988
2011-10-12,13.99,14.82,13.85,14.82,5386495.0,77718000.0,407601678.0,0.0132150952528708,000988
2011-10-13,14.75,15.26,14.67,15.07,4879766.0,73347168.0,407601678.0,0.0119718987025367,000988
2011-10-14,15.07,15.09,14.65,14.85,2577055.0,38250140.0,407601678.0,0.0063224837852605,000988
2011-10-17,14.92,15.21,14.85,15.21,3737611.0,56386108.0,407601678.0,0.0091697635258508,000988
2011-10-18,15.15,15.15,14.75,14.75,3551873.0,52891488.0,407601678.0,0.0087140784538183,000988
2011-10-19,14.83,14.9,14.4,14.68,2500982.0,36733408.0,407601678.0,0.0061358481453552,000988
2011-10-20,14.68,14.68,14.13,14.28,1440851.0,20665576.0,407601678.0,0.0035349486466049,000988
2011-10-21,14.15,14.19,13.11,13.12,5382214.0,72524512.0,407601678.0,0.0132045923520462,000988
2011-10-24,13.11,13.35,12.8,13.34,3641891.0,47680140.0,407601678.0,0.0089349264160781,000988
2011-10-25,13.34,13.99,13.21,13.88,6711746.0,92034536.0,407601678.0,0.0164664336833274,000988
2011-10-26,13.74,14.17,13.69,13.9,5080631.0,70921048.0,407601678.0,0.0124646959868501,000988
2011-10-27,13.89,13.96,13.71,13.78,4143110.0,57312288.0,407601678.0,0.0101646048670094,000988
2011-10-28,13.99,14.27,13.95,14.13,6651436.0,93806656.0,407601678.0,0.016318470602567,000988
2011-10-31,14.18,14.54,14.1,14.47,5623303.0,81040944.0,407601678.0,0.0137960742153765,000988
2011-11-01,14.31,14.65,14.25,14.42,5684109.0,82051992.0,407601678.0,0.0139452541704207,000988
2011-11-02,14.19,15.18,14.1,15.08,9498504.0,138932144.0,407601678.0,0.0233033976862087,000988
2011-11-03,15.1,15.68,15.02,15.4,13559639.0,209368256.0,407601678.0,0.0332668870906856,000988
2011-11-04,15.48,15.63,15.29,15.53,7961903.0,123208016.0,407601678.0,0.0195335383285639,000988
2011-11-07,15.49,15.5,15.18,15.23,3079688.0,47219512.0,407601678.0,0.0075556313092508,000988
2011-11-08,15.19,15.42,15.1,15.14,2284215.0,34822228.0,407601678.0,0.0056040372826924,000988
2011-11-09,15.15,15.47,15.14,15.46,3773230.0,57881860.0,407601678.0,0.0092571503103576,000988
2011-11-10,15.2,15.74,15.09,15.15,5114665.0,78950888.0,407601678.0,0.012548194171075,000988
2011-11-11,15.29,15.5,15.11,15.23,3331620.0,50963596.0,407601678.0,0.0081737151239107,000988
2011-11-14,15.36,15.98,15.31,15.87,6647892.0,104563776.0,407601678.0,0.0163097758395391,000988
2011-11-15,15.8,15.93,15.73,15.86,2562836.0,40562812.0,407601678.0,0.0062875992379992,000988
2011-11-16,15.93,15.95,15.14,15.22,5470864.0,84648400.0,407601678.0,0.0134220840965232,000988
2011-11-17,15.26,15.5,14.95,15.37,3825096.0,58231044.0,407601678.0,0.0093843970877862,000988
2011-11-18,15.28,15.28,14.88,14.99,3412552.0,51294204.0,407601678.0,0.0083722717157214,000988
2011-11-21,14.9,15.09,14.59,14.89,3243042.0,47951444.0,407601678.0,0.0079564000224748,000988
2011-11-22,14.7,15.05,14.7,14.84,2506079.0,37332688.0,407601678.0,0.0061483530006468,000988
2011-11-23,15.32,15.65,15.0,15.1,6027992.0,92203320.0,407601678.0,0.0147889283223215,000988
2011-11-24,14.8,14.98,14.45,14.88,4877409.0,71852520.0,407601678.0,0.011966116096313,000988
2011-11-25,14.88,14.9,14.65,14.73,2371597.0,35056984.0,407601678.0,0.0058184181469439,000988
2011-11-28,14.45,14.83,14.44,14.59,1794709.0,26201228.0,407601678.0,0.0044030952198386,000988
2011-11-29,14.78,15.17,14.66,15.14,3127924.0,46835968.0,407601678.0,0.0076739723333523,000988
2011-11-30,15.18,15.18,14.53,14.8,4598919.0,67985680.0,407601678.0,0.0112828755332062,000988
2011-12-01,15.2,15.42,14.9,14.9,5204678.0,78904480.0,407601678.0,0.012769029866457,000988
2011-12-02,14.81,15.05,14.48,14.8,3376692.0,49600528.0,407601678.0,0.0082842936677017,000988
2011-12-05,14.7,14.82,13.86,13.92,3051599.0,43521884.0,407601678.0,0.0074867184428028,000988
2011-12-06,13.85,14.04,13.76,13.97,2492360.0,34641968.0,407601678.0,0.0061146951411716,000988
2011-12-07,14.1,14.14,13.84,14.08,1459525.0,20402800.0,407601678.0,0.0035807629820405,000988
2011-12-08,14.01,14.28,13.84,14.09,1024190.0,14401302.0,407601678.0,0.0025127227273092,000988
2011-12-09,14.07,14.15,13.91,14.08,853783.0,12026666.0,407601678.0,0.0020946503561744,000988
2011-12-12,14.15,14.15,13.87,13.87,1003287.0,14045217.0,407601678.0,0.0024614398177232,000988
2011-12-13,13.83,13.91,13.53,13.91,2055565.0,28129166.0,407601678.0,0.0050430729581049,000988
2011-12-14,13.82,14.04,13.72,13.9,1322535.0,18406692.0,407601678.0,0.0032446750624024,000988
2011-12-15,13.78,13.92,13.4,13.56,2116212.0,28749806.0,407601678.0,0.0051918628264332,000988
2011-12-16,13.5,14.0,13.5,13.92,1603683.0,22104190.0,407601678.0,0.0039344366977802,000988
2011-12-19,13.8,13.98,13.55,13.95,1766535.0,24335302.0,407601678.0,0.0043339738164669,000988
2011-12-20,13.96,14.16,13.78,13.93,1633352.0,22952920.0,407601678.0,0.0040072258976323,000988
2011-12-21,14.08,14.15,13.65,13.65,1355409.0,18824880.0,407601678.0,0.0033253273309635,000988
2011-12-23,13.63,13.68,13.29,13.51,2712336.0,36599184.0,407601678.0,0.0066543788860457,000988
2011-12-26,13.6,13.7,13.1,13.27,2515438.0,33545590.0,407601678.0,0.0061713141426272,000988
2011-12-27,13.15,13.45,13.02,13.02,2105420.0,27824680.0,407601678.0,0.0051653859972578,000988
2011-12-28,13.0,13.02,12.32,12.5,2624224.0,32973720.0,407601678.0,0.0064382070576264,000988
2011-12-29,12.5,13.05,12.5,12.64,4220823.0,53891756.0,407601678.0,0.0103552640428531,000988
2011-12-30,12.71,12.96,12.66,12.86,2368967.0,30410534.0,407601678.0,0.005811965769189,000988
2012-01-04,12.93,13.03,12.6,12.6,2672066.0,34297732.0,407599616.0,0.0065556146156918,000988
2012-01-05,12.58,12.61,12.06,12.06,3064599.0,37625728.0,407599616.0,0.0075186503610445,000988
2012-01-06,12.3,12.34,11.61,12.07,3195196.0,37910540.0,407599616.0,0.0078390554715341,000988
2012-01-09,12.08,12.79,11.9,12.71,5305337.0,65868560.0,407599616.0,0.0130160500445613,000988
2012-01-10,12.6,13.5,12.51,13.44,8547559.0,112286120.0,407599616.0,0.0209704785394105,000988
2012-01-11,13.34,14.08,13.29,14.0,12509477.0,172873088.0,407599616.0,0.0306906005524794,000988
2012-01-12,13.84,14.06,13.58,13.7,7947532.0,109726816.0,407599616.0,0.0194983795077962,000988
2012-01-13,13.7,13.91,13.29,13.38,4468489.0,60486176.0,407599616.0,0.0109629372172911,000988
2012-01-16,13.15,13.48,12.88,12.88,2283396.0,30149642.0,407599616.0,0.0056020563081197,000988
2012-01-17,12.9,13.76,12.75,13.73,3303717.0,44198380.0,407599616.0,0.0081052995888985,000988
2012-01-18,13.6,14.2,13.58,13.91,4781845.0,66469904.0,407599616.0,0.0117317210622691,000988
2012-01-19,13.8,14.07,13.71,13.88,2814977.0,39118332.0,407599616.0,0.0069062307458111,000988
2012-01-20,13.86,14.0,13.8,13.97,1649173.0,22975016.0,407599616.0,0.0040460612210194,000988
2012-01-30,14.02,14.13,13.62,13.63,2305638.0,32074002.0,407599616.0,0.0056566245636502,000988
2012-01-31,13.63,13.76,13.55,13.66,883663.0,12042011.0,407599616.0,0.0021679681857207,000988
2012-02-01,13.65,13.83,13.58,13.67,1404249.0,19238208.0,407599616.0,0.0034451676225327,000988
2012-02-02,13.66,14.01,13.66,14.0,1873305.0,26066932.0,407599616.0,0.0045959439765517,000988
2012-02-03,14.0,14.33,13.87,14.2,3934570.0,55505660.0,407599616.0,0.0096530267584942,000988
2012-02-06,14.2,14.85,14.03,14.6,8476627.0,122918880.0,407599616.0,0.0207964548229603,000988
2012-02-07,14.51,14.59,14.25,14.49,3679464.0,53064288.0,407599616.0,0.009027152763559,000988
2012-02-08,14.47,14.85,14.4,14.76,3918673.0,57482508.0,407599616.0,0.0096140252497195,000988
2012-02-09,14.71,15.12,14.68,14.83,4730131.0,70576848.0,407599616.0,0.011604846556087,000988
2012-02-10,14.82,15.0,14.65,14.73,2957718.0,43734324.0,407599616.0,0.0072564297999731,000988
2012-02-13,14.68,15.06,14.57,15.0,3136503.0,46717932.0,407599616.0,0.0076950587706147,000988
2012-02-14,15.22,15.76,15.21,15.39,7695851.0,118871208.0,407599616.0,0.0188809083667046,000988
2012-02-15,15.3,16.0,15.24,15.83,6794134.0,106722336.0,407599616.0,0.0166686467143286,000988
2012-02-16,15.84,16.14,15.46,15.61,4508273.0,71245792.0,407599616.0,0.0110605428048293,000988
2012-02-17,15.71,15.87,15.33,15.44,2696836.0,41862404.0,407599616.0,0.0066163850360447,000988
2012-02-20,15.71,16.1,15.58,15.61,4289758.0,68029592.0,407599616.0,0.0105244407296006,000988
2012-02-21,15.59,15.99,15.41,15.99,3239383.0,50893520.0,407599616.0,0.0079474633263638,000988
2012-02-22,15.89,16.25,15.84,16.15,3771967.0,60630292.0,407599616.0,0.0092540985122027,000988
2012-02-23,16.1,16.69,16.02,16.51,6120188.0,100842408.0,407599616.0,0.015015195696357,000988
2012-02-24,16.38,16.6,16.3,16.5,2980814.0,48963796.0,407599616.0,0.0073130932488415,000988
2012-02-27,16.5,16.63,16.15,16.17,5032981.0,82497592.0,407599616.0,0.0123478551069096,000988
2012-02-28,16.05,16.15,15.59,15.77,6033017.0,95105488.0,407599616.0,0.0148013314124417,000988
2012-02-29,15.66,15.9,15.55,15.58,2406278.0,37858744.0,407599616.0,0.0059035335303161,000988
2012-03-01,15.57,16.25,15.57,16.2,5637505.0,90654296.0,407599616.0,0.0138309870242861,000988
2012-03-02,16.21,16.46,16.15,16.3,3468669.0,56590972.0,407599616.0,0.0085099908435635,000988
2012-03-05,16.25,16.95,16.25,16.95,8316172.0,138566768.0,407599616.0,0.0204027964540575,000988
2012-03-06,16.99,16.99,16.46,16.52,8009535.0,133358312.0,407599616.0,0.0196504969229411,000988
2012-03-07,16.31,17.15,16.22,16.88,7863072.0,132512536.0,407599616.0,0.0192911663587043,000988
2012-03-08,16.9,17.16,16.79,17.04,4712098.0,80218624.0,407599616.0,0.0115606046105794,000988
2012-03-09,17.1,17.2,16.7,17.18,7228147.0,122226944.0,407599616.0,0.0177334489932394,000988
2012-03-12,17.15,17.59,17.06,17.56,6984751.0,121381712.0,407599616.0,0.0171363041715917,000988
2012-03-13,17.58,17.93,17.38,17.54,5907214.0,103882048.0,407599616.0,0.0144926878439453,000988
2012-03-14,17.61,18.3,16.81,16.98,15020625.0,265680992.0,407599616.0,0.036851420880632,000988
2012-03-15,16.93,17.48,16.85,17.35,6498999.0,111784528.0,407599616.0,0.0159445660517992,000988
2012-03-16,17.2,17.97,17.2,17.79,6467562.0,113811776.0,407599616.0,0.0158674388937599,000988
2012-03-19,17.81,17.93,17.44,17.8,4132802.0,73128752.0,407599616.0,0.0101393667652523,000988
2012-03-20,18.13,18.22,17.47,17.51,9018518.0,160554976.0,407599616.0,0.0221259236907622,000988
2012-03-21,17.7,17.77,16.86,17.25,6383014.0,109623552.0,407599616.0,0.0156600098465254,000988
2012-03-22,17.19,17.39,17.02,17.13,2357486.0,40532392.0,407599616.0,0.005783827823822,000988
2012-03-23,17.13,17.28,16.67,16.8,3519415.0,59505852.0,407599616.0,0.0086344904701774,000988
2012-03-26,16.83,16.97,16.71,16.91,1842741.0,31051556.0,407599616.0,0.004520958626222,000988
2012-03-27,17.02,17.23,16.9,16.9,2283369.0,38988876.0,407599616.0,0.0056019900666442,000988
2012-03-28,16.96,16.96,16.2,16.21,3951070.0,65362312.0,407599616.0,0.0096935076602231,000988
2012-03-29,16.21,16.29,15.73,15.99,4133040.0,66212504.0,407599616.0,0.0101399506715923,000988
2012-03-30,16.02,16.12,15.88,15.95,1656757.0,26490760.0,407599616.0,0.0040646677154867,000988
2012-04-05,16.07,16.81,16.07,16.81,5285823.0,87432472.0,407599616.0,0.01296817463145,000988
2012-04-06,16.4,16.76,16.13,16.57,5175384.0,85612160.0,407599616.0,0.0126972249159331,000988
2012-04-09,16.58,16.79,16.5,16.52,2800382.0,46671964.0,407599616.0,0.0068704235481909,000988
2012-04-10,16.4,16.57,15.7,16.47,4138310.0,66706424.0,407599616.0,0.0101528800262657,000988
2012-04-11,16.17,16.59,16.12,16.52,2318646.0,38133132.0,407599616.0,0.0056885382345404,000988
2012-04-12,16.59,16.69,16.13,16.67,5707048.0,93614592.0,407599616.0,0.0140016029848271,000988
2012-04-13,16.69,16.98,16.58,16.88,5593918.0,93957272.0,407599616.0,0.0137240512022464,000988
2012-04-16,16.79,17.19,16.71,16.92,4561056.0,77562336.0,407599616.0,0.0111900399827658,000988
2012-04-17,16.94,17.15,16.79,16.93,5148689.0,87341296.0,407599616.0,0.0126317317237119,000988
2012-04-18,16.96,17.4,16.9,17.3,7183249.0,123084288.0,407599616.0,0.0176232967795533,000988
2012-04-19,17.24,17.25,16.68,16.68,7210445.0,122132680.0,407599616.0,0.0176900191191544,000988
2012-04-20,16.9,17.14,16.67,17.09,6075392.0,102872624.0,407599616.0,0.0149052937282453,000988
2012-04-23,16.99,17.07,16.56,16.68,4192857.0,70261936.0,407599616.0,0.0102867049806052,000988
2012-04-24,16.53,16.77,16.21,16.45,4450634.0,73224544.0,407599616.0,0.0109191319748446,000988
2012-04-25,16.51,16.67,16.38,16.6,2875499.0,47526224.0,407599616.0,0.0070547146933524,000988
2012-04-26,16.67,17.09,16.58,16.91,5596870.0,94672200.0,407599616.0,0.0137312936035739,000988
2012-04-27,17.0,17.08,16.67,16.69,3320982.0,55826584.0,407599616.0,0.0081476573324347,000988
2012-05-02,17.0,17.1,16.75,16.96,5810601.0,98472336.0,407599616.0,0.0142556586706892,000988
2012-05-03,17.05,17.33,16.96,17.23,4473655.0,76839112.0,407599616.0,0.0109756114196142,000988
2012-05-04,17.3,17.66,17.1,17.61,5598270.0,97061768.0,407599616.0,0.0137347283467509,000988
2012-05-07,17.5,18.18,17.41,18.06,7413743.0,132363232.0,407599616.0,0.0181887879894371,000988
2012-05-08,18.19,18.19,17.69,17.74,5321795.0,94974992.0,407599616.0,0.0130564279039948,000988
2012-05-09,17.6,17.6,17.07,17.07,5503456.0,95183104.0,407599616.0,0.0135021128184772,000988
2012-05-10,17.15,17.32,17.1,17.17,3564387.0,61299088.0,407599616.0,0.0087448242345743,000988
2012-05-11,17.12,17.41,17.09,17.09,2885878.0,49739264.0,407599616.0,0.0070801784072338,000988
2012-05-14,17.25,17.27,16.82,16.85,3947760.0,67395784.0,407599616.0,0.0096853869459975,000988
2012-05-15,16.75,17.02,16.61,17.0,3375395.0,56740512.0,407599616.0,0.0082811535327844,000988
2012-05-16,17.07,17.07,16.69,16.7,2342014.0,39521092.0,407599616.0,0.0057458690049403,000988
2012-05-17,16.68,16.95,16.66,16.89,2145079.0,36202352.0,407599616.0,0.005262711042397,000988
2012-05-21,16.55,16.78,16.41,16.44,2748920.0,45507772.0,407599616.0,0.0067441672957807,000988
2012-05-22,16.56,16.7,16.28,16.58,2965545.0,49010540.0,407599616.0,0.0072756324677204,000988
2012-05-23,16.55,16.59,15.98,16.07,4685774.0,76091440.0,407599616.0,0.0114960216253,000988
2012-05-24,16.0,16.3,16.0,16.18,4131184.0,66776532.0,407599616.0,0.0101353971834948,000988
2012-05-25,16.12,16.19,15.56,15.63,3923482.0,61917384.0,407599616.0,0.0096258235925325,000988
2012-05-28,15.53,15.87,15.37,15.85,2475978.0,38783892.0,407599616.0,0.0060745346727706,000988
2012-05-29,15.88,16.33,15.87,16.09,3634544.0,58827028.0,407599616.0,0.0089169465753373,000988
2012-05-30,16.09,16.16,15.8,16.05,3456695.0,55378444.0,407599616.0,0.0084806139758483,000988
2012-05-31,16.01,16.47,15.97,16.33,4139866.0,67396984.0,407599616.0,0.0101566974979682,000988
2012-06-01,16.39,16.39,16.03,16.16,3107760.0,50214608.0,407599616.0,0.0076245410398031,000988
2012-06-04,14.55,14.99,14.54,14.54,18235800.0,268037984.0,407599616.0,0.0447394925906897,000988
2012-06-05,14.44,14.58,14.06,14.26,6273135.0,89837048.0,407607816.0,0.0153901244131196,000988
2012-06-06,14.27,14.68,14.27,14.53,5469672.0,79526000.0,407607816.0,0.013418957599184,000988
2012-06-07,14.78,14.85,14.39,14.44,4599272.0,67398864.0,407607816.0,0.0112835716575169,000988
2012-06-08,14.61,14.69,14.45,14.48,3332298.0,48613000.0,445558316.0,0.0074789267315571,000988
2012-06-11,14.5,14.58,13.81,14.29,4504715.0,63860824.0,445558316.0,0.0101102702794127,000988
2012-06-12,14.26,14.26,13.97,13.99,3563002.0,50287368.0,445558316.0,0.0079967130497907,000988
2012-06-13,14.01,14.44,13.95,14.34,3495235.0,49772480.0,445558316.0,0.0078446184808724,000988
2012-06-14,14.33,14.53,14.23,14.4,2831647.0,40909492.0,445558316.0,0.0063552780821624,000988
2012-06-15,14.42,14.64,14.39,14.57,2933556.0,42595804.0,445558316.0,0.006584000106509,000988
2012-06-18,14.76,14.78,14.62,14.68,3408928.0,50111820.0,445558316.0,0.0076509131971851,000988
2012-06-19,14.68,14.69,14.46,14.5,2438241.0,35520068.0,445558316.0,0.0054723274427673,000988
2012-06-20,14.54,14.76,14.53,14.59,3426430.0,50174556.0,445558316.0,0.007690194250577,000988
2012-06-21,14.6,14.67,14.38,14.55,2177327.0,31591598.0,445558316.0,0.0048867385520866,000988
2012-06-25,14.5,14.5,14.04,14.04,1932942.0,27481576.0,445558316.0,0.0043382469378037,000988
2012-06-26,14.02,14.15,13.92,14.02,1925246.0,27007418.0,445558316.0,0.0043209742268619,000988
2012-06-27,14.02,14.14,13.89,13.94,1818921.0,25499448.0,445558316.0,0.0040823410419748,000988
2012-06-28,13.99,14.05,13.4,13.42,3485120.0,47882896.0,445558316.0,0.0078219166265095,000988
2012-06-29,13.35,13.77,13.31,13.77,1784414.0,24218022.0,445558316.0,0.0040048943896268,000988
2012-07-02,13.9,14.15,13.85,14.03,2545199.0,35773488.0,445558316.0,0.0057123813171068,000988
2012-07-03,14.03,14.24,13.95,14.04,2346156.0,33094126.0,445558316.0,0.0052656541596229,000988
2012-07-04,14.06,14.19,13.92,14.03,1665694.0,23395414.0,445558316.0,0.0037384421750979,000988
2012-07-05,14.0,14.0,13.52,13.82,2461004.0,33788456.0,445558316.0,0.005523416153678,000988
2012-07-09,14.21,14.55,14.11,14.17,7260476.0,104112712.0,445558316.0,0.0162952317110382,000988
2012-07-10,13.98,14.38,13.75,14.37,3475551.0,49336948.0,445558316.0,0.0078004402009635,000988
2012-07-11,14.31,14.42,14.15,14.28,2749877.0,39270996.0,445558316.0,0.0061717555284053,000988
2012-07-12,14.35,14.43,14.21,14.33,5323560.0,76246600.0,445558316.0,0.0119480656264981,000988
2012-07-13,7.08,7.08,6.7,6.78,7885135.0,53995768.0,891116632.0,0.0088486004153045,000988
2012-07-16,6.93,6.94,6.53,6.56,4827212.0,32587014.0,891116632.0,0.0054170372616275,000988
2012-07-17,6.56,6.64,6.38,6.52,4292282.0,27891568.0,891116632.0,0.00481674546952,000988
2012-07-18,6.49,6.57,6.35,6.54,5560389.0,35739308.0,891116632.0,0.0062397993711781,000988
2012-07-19,6.54,6.77,6.41,6.62,6372311.0,42047088.0,891116632.0,0.0071509281402347,000988
2012-07-20,6.57,6.68,6.44,6.47,3902175.0,25621590.0,891116632.0,0.0043789722465869,000988
2012-07-23,6.45,6.53,6.39,6.43,2500564.0,16123000.0,891116632.0,0.0028061018167597,000988
2012-07-24,6.36,6.49,6.36,6.4,3407313.0,21889682.0,891116632.0,0.0038236442656812,000988
2012-07-25,6.4,6.44,6.33,6.34,2637550.0,16817626.0,891116632.0,0.0029598258020169,000988
2012-07-26,6.35,6.45,6.33,6.34,2712851.0,17312122.0,891116632.0,0.003044327647562,000988
2012-07-27,6.39,6.42,6.25,6.28,2438785.0,15396119.0,891116632.0,0.0027367741914169,000988
2012-07-30,6.33,6.36,5.98,6.0,5172685.0,31636602.0,891116632.0,0.0058047227649545,000988
2012-07-31,6.0,6.04,5.79,5.81,4309800.0,25333252.0,891116632.0,0.004836403951217,000988
2012-08-01,5.81,5.98,5.78,5.89,3548211.0,20957678.0,891116632.0,0.0039817582486778,000988
2012-08-02,5.88,5.91,5.78,5.79,3320373.0,19379374.0,891116632.0,0.0037260812791113,000988
2012-08-03,5.81,5.99,5.76,5.97,5105261.0,30032950.0,891116632.0,0.0057290603908288,000988
2012-08-06,5.96,6.32,5.93,6.28,9537323.0,58665780.0,891116632.0,0.010702665237652,000988
2012-08-07,6.28,6.47,6.2,6.38,9302459.0,59511116.0,891116632.0,0.0104391037782807,000988
2012-08-08,6.36,6.42,6.26,6.33,5098141.0,32220368.0,891116632.0,0.0057210704153931,000988
2012-08-09,6.34,6.68,6.25,6.59,9371069.0,61138660.0,891116632.0,0.0105160970668539,000988
2012-08-10,6.54,6.62,6.5,6.55,4461060.0,29226152.0,891116632.0,0.0050061460417226,000988
2012-08-13,6.55,6.55,6.31,6.31,5129082.0,32867618.0,891116632.0,0.0057557920207239,000988
2012-08-14,6.3,6.43,6.25,6.42,4077239.0,25886638.0,891116632.0,0.004575426889799,000988
2012-08-15,6.43,6.43,6.29,6.32,2959137.0,18833458.0,891116632.0,0.0033207067332573,000988
2012-08-16,6.29,6.33,6.16,6.22,2293357.0,14347051.0,891116632.0,0.0025735766987682,000988
2012-08-17,6.24,6.29,6.15,6.24,2452916.0,15238539.0,891116632.0,0.0027526318238441,000988
2012-08-20,6.23,6.23,6.07,6.2,2979384.0,18318936.0,891116632.0,0.0033434276648087,000988
2012-08-21,6.16,6.47,6.15,6.46,8224500.0,52320680.0,891116632.0,0.0092294315970078,000988
2012-08-22,6.49,6.49,6.32,6.38,3763481.0,24073364.0,891116632.0,0.0042233315649752,000988
2012-08-23,6.37,6.63,6.34,6.56,6522162.0,42413328.0,891116632.0,0.0073190890684666,000988
2012-08-24,6.51,6.59,6.4,6.42,4333195.0,28110932.0,891116632.0,0.004862657529211,000988
2012-08-27,6.05,6.05,5.78,5.79,12166252.0,71202864.0,891116632.0,0.0136528166607039,000988
2012-08-28,5.75,6.02,5.72,5.88,7002705.0,41134204.0,891116632.0,0.0078583484456835,000988
2012-08-29,6.03,6.47,5.99,6.47,12331371.0,78813976.0,891116632.0,0.0138381111486201,000988
2012-08-30,6.78,6.79,6.2,6.36,32413412.0,212543648.0,891116632.0,0.0363739277621293,000988
2012-08-31,6.2,6.26,6.05,6.14,15037454.0,92478584.0,891116632.0,0.016874843830768,000988
2012-09-03,6.12,6.55,6.11,6.41,19727220.0,125270480.0,891116632.0,0.0221376409008602,000988
2012-09-04,6.38,6.44,6.26,6.3,12090966.0,76560888.0,891116632.0,0.0135683316479722,000988
2012-09-05,6.28,6.55,6.24,6.38,12568903.0,80467208.0,891116632.0,0.0141046666044047,000988
2012-09-06,6.4,6.6,6.34,6.57,16235178.0,105628176.0,891116632.0,0.0182189148053068,000988
2012-09-07,6.62,6.87,6.5,6.71,19368986.0,129928416.0,891116632.0,0.0217356351620648,000988
2012-09-10,6.72,6.93,6.62,6.83,16733745.0,113228560.0,891116632.0,0.0187784004911267,000988
2012-09-11,6.75,6.78,6.68,6.72,10025333.0,67471272.0,891116632.0,0.0112503039893884,000988
2012-09-12,6.76,6.8,6.58,6.7,10544597.0,70441976.0,891116632.0,0.0118330155911622,000988
2012-09-13,6.71,6.79,6.58,6.59,8832535.0,59056356.0,891116632.0,0.009911760910776,000988
2012-09-14,6.65,6.68,6.45,6.54,8109588.0,53079120.0,891116632.0,0.0091004787799763,000988
2012-09-17,6.53,6.59,6.27,6.28,6520636.0,41964196.0,891116632.0,0.0073173766102482,000988
2012-09-18,6.28,6.35,6.25,6.28,3913322.0,24666766.0,891116632.0,0.0043914812713314,000988
2012-09-19,6.3,6.41,6.28,6.36,4716096.0,29927208.0,891116632.0,0.0052923442685783,000988
2012-09-20,6.35,6.37,5.98,6.0,7242778.0,44421984.0,891116632.0,0.0081277553800611,000988
2012-09-21,6.01,6.04,5.89,5.9,4292097.0,25648750.0,891116632.0,0.0048165378648212,000988
2012-09-24,5.9,5.95,5.81,5.94,4685537.0,27626180.0,891116632.0,0.0052580513388958,000988
2012-09-25,5.9,5.96,5.88,5.88,3387315.0,20057198.0,891116632.0,0.0038012027588325,000988
2012-09-26,5.85,5.86,5.6,5.66,4696435.0,26877436.0,891116632.0,0.0052702809389377,000988
2012-09-27,5.68,5.84,5.61,5.77,5926741.0,33914400.0,891116632.0,0.0066509150285952,000988
2012-09-28,5.72,5.87,5.71,5.86,5413769.0,31354786.0,891116632.0,0.0060752642309564,000988
2012-10-08,5.9,5.95,5.77,5.81,4555632.0,26681362.0,891116632.0,0.0051122735637594,000988
2012-10-09,5.81,6.04,5.81,5.99,8227196.0,48848948.0,891116632.0,0.0092324570146728,000988
2012-10-10,5.94,6.49,5.92,6.44,18443788.0,115032480.0,891116632.0,0.0206973894748269,000988
2012-10-11,6.3,6.39,6.2,6.24,16172611.0,101758680.0,891116632.0,0.0181487028961658,000988
2012-10-12,6.25,6.31,6.0,6.1,7980289.0,49014364.0,891116632.0,0.008955381050502,000988
2012-10-15,6.15,6.31,6.13,6.2,7311304.0,45490356.0,891116632.0,0.0082046544048792,000988
2012-10-16,6.17,6.18,6.08,6.11,4843087.0,29673172.0,891116632.0,0.0054348519891613,000988
2012-10-17,6.11,6.16,6.02,6.09,3889508.0,23647538.0,891116632.0,0.0043647574967493,000988
2012-10-18,6.1,6.21,6.1,6.19,5332197.0,32931914.0,891116632.0,0.005983725147215,000988
2012-10-19,6.17,6.21,6.11,6.13,4111393.0,25308362.0,891116632.0,0.0046137540837639,000988
2012-10-22,6.11,6.18,6.08,6.16,3334965.0,20480584.0,891116632.0,0.0037424562400042,000988
2012-10-23,6.2,6.39,6.14,6.23,8524749.0,53351500.0,891116632.0,0.0095663672900675,000988
2012-10-24,6.17,6.25,6.14,6.16,4040797.0,24986794.0,891116632.0,0.0045345321306942,000988
2012-10-25,6.16,6.21,5.98,6.02,5401104.0,32939538.0,891116632.0,0.0060610517254939,000988
2012-10-26,5.96,6.05,5.76,5.8,5466697.0,32114508.0,891116632.0,0.0061346593741951,000988
2012-10-29,5.84,5.84,5.7,5.81,2228568.0,12842939.0,891116632.0,0.0025008712888662,000988
2012-10-30,5.81,5.81,5.68,5.7,3943554.0,22615522.0,891116632.0,0.0044254072456813,000988
2012-10-31,5.73,5.74,5.57,5.57,9288507.0,52199180.0,891116632.0,0.010423447017427,000988
2012-11-01,5.59,5.68,5.55,5.65,7445803.0,41950864.0,891116632.0,0.0083555875096717,000988
2012-11-02,5.65,5.7,5.59,5.68,4343666.0,24549454.0,891116632.0,0.0048744079551642,000988
2012-11-05,5.68,5.71,5.61,5.64,4389785.0,24794998.0,891116632.0,0.0049261621232988,000988
2012-11-06,5.65,5.65,5.5,5.56,4844101.0,26880214.0,891116632.0,0.0054359898873484,000988
2012-11-07,5.53,5.59,5.52,5.58,2638104.0,14677391.0,891116632.0,0.0029604474939258,000988
2012-11-08,5.53,5.53,5.37,5.37,4650533.0,25285650.0,891116632.0,0.0052187702855039,000988
2012-11-09,5.37,5.42,5.26,5.27,3312728.0,17612240.0,891116632.0,0.003717502155206,000988
2012-11-12,5.27,5.33,5.27,5.31,2239687.0,11864592.0,891116632.0,0.0025133488923591,000988
2012-11-13,5.33,5.33,5.18,5.2,2748256.0,14382237.0,891116632.0,0.003084058698166,000988
2012-11-14,5.2,5.21,5.06,5.13,3321033.0,17016342.0,891116632.0,0.0037268219229017,000988
2012-11-15,5.11,5.14,4.96,4.97,4171155.0,21039666.0,891116632.0,0.0046808182567958,000988
2012-11-16,4.96,4.96,4.83,4.89,4078849.0,19927810.0,891116632.0,0.0045772336117726,000988
2012-11-19,4.9,4.93,4.79,4.92,3263148.0,15834257.0,891116632.0,0.0036618640959222,000988
2012-11-20,4.92,4.97,4.88,4.9,2643093.0,13000293.0,891116632.0,0.0029660460876685,000988
2012-11-21,4.92,5.26,4.9,5.18,7782914.0,39532388.0,891116632.0,0.0087338892806121,000988
2012-11-22,5.23,5.38,5.15,5.19,12150941.0,63899268.0,891116632.0,0.0136356348469545,000988
2012-11-23,5.15,5.2,5.08,5.1,6256975.0,32097980.0,891116632.0,0.0070214995156773,000988
2012-11-26,5.1,5.15,4.98,4.99,3385991.0,17089498.0,891116632.0,0.0037997169825015,000988
2012-11-27,4.95,5.01,4.71,4.74,5758211.0,27608080.0,891116632.0,0.0064617927589079,000988
2012-11-28,4.75,4.75,4.63,4.65,3052275.0,14239839.0,891116632.0,0.0034252250383314,000988
2012-11-29,4.65,4.7,4.55,4.59,4461143.0,20689638.0,891116632.0,0.0050062391832902,000988
2012-11-30,4.58,4.65,4.55,4.59,3904030.0,17997566.0,891116632.0,0.0043810539045129,000988
2012-12-03,4.6,4.63,4.38,4.38,5933886.0,26669434.0,891116632.0,0.0066589330587199,000988
2012-12-04,4.36,4.47,4.23,4.44,6206368.0,26915720.0,891116632.0,0.0069647089697681,000988
2012-12-05,4.42,4.68,4.39,4.61,7406905.0,34003876.0,891116632.0,0.0083119366579166,000988
2012-12-06,4.61,4.69,4.55,4.62,4759028.0,21932922.0,891116632.0,0.0053405220249553,000988
2012-12-07,4.62,4.81,4.58,4.79,9014923.0,42527332.0,891116632.0,0.0101164344556863,000988
2012-12-10,4.79,5.06,4.79,4.99,13335774.0,66322208.0,891116632.0,0.0149652397016421,000988
2012-12-11,4.94,4.98,4.87,4.89,7905650.0,38897028.0,891116632.0,0.0088716220931223,000988
2012-12-12,4.88,5.04,4.87,5.01,9401523.0,46743872.0,891116632.0,0.0105502721668424,000988
2012-12-13,5.0,5.19,4.97,5.02,14015739.0,71255552.0,891116632.0,0.0157282879666867,000988
2012-12-14,4.92,5.24,4.91,5.22,16142484.0,82926024.0,891116632.0,0.0181148947515099,000988
2012-12-17,5.37,5.74,5.37,5.4,20215396.0,111644040.0,891116632.0,0.0226854659357317,000988
2012-12-18,5.31,5.5,5.28,5.34,10800676.0,58266448.0,891116632.0,0.0121203842596442,000988
2012-12-19,5.37,5.67,5.35,5.6,18785212.0,104646640.0,891116632.0,0.0210805312407186,000988
2012-12-20,5.6,5.6,5.36,5.54,13495194.0,74013704.0,891116632.0,0.015144138842647,000988
2012-12-21,5.51,5.54,5.32,5.38,10873674.0,58949568.0,891116632.0,0.012202301707236,000988
2012-12-24,5.36,5.55,5.34,5.51,8832731.0,48328264.0,891116632.0,0.009911980859538,000988
2012-12-25,5.5,5.62,5.42,5.59,13780672.0,76655360.0,891116632.0,0.0154644987032404,000988
2012-12-26,5.6,5.66,5.52,5.63,10302612.0,57674880.0,891116632.0,0.0115614630341676,000988
2012-12-27,5.65,5.68,5.49,5.49,9762049.0,54501808.0,891116632.0,0.010954849959528,000988
2012-12-28,5.49,5.57,5.43,5.55,8260367.0,45520124.0,891116632.0,0.009269681098265,000988
2012-12-31,5.5,5.6,5.48,5.54,8073004.0,44703116.0,891116632.0,0.0090594246702377,000988
2013-01-04,5.59,5.62,5.42,5.46,7591138.0,41709376.0,891116632.0,0.0085186806388773,000988
2013-01-07,5.45,5.61,5.43,5.6,7888221.0,43823404.0,891116632.0,0.0088520634861183,000988
2013-01-08,5.61,5.78,5.59,5.73,14323278.0,81642384.0,891116632.0,0.0160734044070675,000988
2013-01-09,5.74,5.82,5.64,5.71,13044046.0,74975168.0,891116632.0,0.0146378661687912,000988
2013-01-10,5.69,5.77,5.65,5.72,9399833.0,53703864.0,891116632.0,0.010548375669864,000988
2013-01-11,5.77,5.97,5.7,5.72,23498796.0,136785424.0,891116632.0,0.0263700565741432,000988
2013-01-14,5.68,6.2,5.6,6.08,26246232.0,156566144.0,891116632.0,0.029453195078509,000988
2013-01-15,6.08,6.37,6.0,6.31,31174104.0,194165840.0,891116632.0,0.0349831917400459,000988
2013-01-16,6.31,6.35,6.12,6.22,20225276.0,125553248.0,891116632.0,0.0226965531488363,000988
2013-01-17,6.24,6.31,6.1,6.11,13920579.0,86092144.0,891116632.0,0.0156215005983638,000988
2013-01-18,6.25,6.72,6.25,6.72,49307584.0,323941632.0,891116632.0,0.0553323574371351,000988
2013-01-21,7.05,7.28,6.86,7.2,82276552.0,584688832.0,891116632.0,0.0923297232320089,000988
2013-01-22,6.98,6.98,6.67,6.73,44738344.0,305565440.0,891116632.0,0.0502048131450429,000988
2013-01-23,6.68,7.09,6.68,7.01,40890984.0,283664800.0,891116632.0,0.0458873536096226,000988
2013-01-24,7.0,7.01,6.5,6.6,37531496.0,253853264.0,891116632.0,0.0421173779640553,000988
2013-01-25,6.53,6.72,6.32,6.35,19649696.0,126997256.0,891116632.0,0.0220506444323665,000988
2013-01-28,6.38,6.54,6.35,6.53,18529304.0,119526968.0,891116632.0,0.0207933544663096,000988
2013-01-29,6.52,6.98,6.45,6.79,27692586.0,187628656.0,891116632.0,0.0310762755463866,000988
2013-01-30,6.77,7.36,6.68,7.31,56815772.0,405914816.0,891116632.0,0.0637579526178117,000988
2013-01-31,7.24,7.33,6.93,7.1,29159832.0,207941184.0,891116632.0,0.0327228007567925,000988
2013-02-01,7.03,7.81,6.97,7.58,64584628.0,492967712.0,891116632.0,0.0724760661856886,000988
2013-02-04,7.44,8.33,7.41,8.01,66057544.0,524720512.0,891116632.0,0.0741289541995665,000988
2013-02-05,7.8,8.03,7.7,8.0,34964776.0,275021312.0,891116632.0,0.0392370367069975,000988
2013-02-06,8.1,8.19,7.79,7.81,26137446.0,206530512.0,891116632.0,0.0293311167824774,000988
2013-02-07,7.77,7.99,7.6,7.89,26933616.0,211314400.0,891116632.0,0.0302245688530701,000988
2013-02-08,7.81,7.91,7.71,7.78,20551134.0,160161888.0,891116632.0,0.0230622269431505,000988
2013-02-18,7.81,7.83,7.48,7.55,25501384.0,193633728.0,891116632.0,0.0286173359179317,000988
2013-02-19,7.51,7.88,7.51,7.7,25691228.0,198831024.0,891116632.0,0.0288303764932983,000988
2013-02-20,7.65,7.65,7.42,7.63,21466132.0,162113200.0,891116632.0,0.0240890263172643,000988
2013-02-21,7.6,7.6,7.26,7.3,20575080.0,151619792.0,891116632.0,0.0230890988464908,000988
2013-02-22,7.31,7.64,7.31,7.42,20798032.0,155366768.0,891116632.0,0.0233392928076332,000988
2013-02-25,7.42,7.86,7.35,7.79,30143556.0,230259488.0,891116632.0,0.0338267235932366,000988
2013-02-26,7.79,8.08,7.52,7.58,41014696.0,322713440.0,891116632.0,0.0460261816771926,000988
2013-02-27,7.54,8.03,7.48,7.98,36607168.0,286025920.0,891116632.0,0.0410801085799956,000988
2013-02-28,7.98,8.0,7.78,7.97,31030012.0,245143744.0,891116632.0,0.0348214934899789,000988
2013-03-01,8.0,8.11,7.88,7.99,30174784.0,240651408.0,891116632.0,0.0338617672663975,000988
2013-03-04,7.84,7.89,7.38,7.45,31145846.0,237639648.0,891116632.0,0.0349514809639418,000988
2013-03-05,7.45,7.76,7.34,7.67,19254054.0,145821920.0,891116632.0,0.0216066599012821,000988
2013-03-06,7.66,7.83,7.55,7.76,21044664.0,162182240.0,891116632.0,0.0236160601702247,000988
2013-03-07,7.69,7.8,7.3,7.33,28052896.0,210041328.0,891116632.0,0.031480610946559,000988
2013-03-08,7.36,7.48,6.95,7.01,27339042.0,195357360.0,891116632.0,0.0306795328672532,000988
2013-03-11,7.0,7.12,6.9,7.04,10493768.0,73632864.0,891116632.0,0.0117759759196145,000988
2013-03-12,7.04,7.11,6.61,6.75,18161572.0,124065592.0,891116632.0,0.020380690190058,000988
2013-03-13,6.77,6.84,6.62,6.79,10712995.0,72298144.0,891116632.0,0.0120219897320915,000988
2013-03-14,6.79,6.89,6.75,6.77,9647204.0,65804208.0,891116632.0,0.0108259723290632,000988
2013-03-15,6.75,7.09,6.68,6.93,18308404.0,127162552.0,891116632.0,0.0205454632340427,000988
2013-03-18,6.86,6.96,6.72,6.77,9961242.0,67967304.0,891116632.0,0.0111783818664042,000988
2013-03-19,6.77,6.83,6.39,6.55,13189757.0,86643664.0,891116632.0,0.0148013812405198,000988
2013-03-20,6.6,6.89,6.6,6.89,15685409.0,106278576.0,891116632.0,0.0176019708719789,000988
2013-03-21,6.94,7.11,6.88,7.02,17254628.0,120946384.0,891116632.0,0.0193629289145621,000988
2013-03-22,7.02,7.07,6.9,6.98,9071069.0,63184072.0,891116632.0,0.0101794407984969,000988
2013-03-25,6.98,7.02,6.82,6.89,8964461.0,61972256.0,891116632.0,0.0100598066269736,000988
2013-03-26,6.83,6.89,6.63,6.72,10818211.0,72615808.0,891116632.0,0.0121400618185297,000988
2013-03-27,6.8,6.94,6.7,6.78,8935129.0,60961288.0,891116632.0,0.0100268906214287,000988
2013-03-28,6.62,6.67,6.46,6.47,10318727.0,67604328.0,891116632.0,0.0115795470867162,000988
2013-03-29,6.46,6.62,6.46,6.54,7669729.0,50195148.0,891116632.0,0.0086068744814988,000988
2013-04-01,6.5,6.69,6.4,6.6,8215771.0,53730092.0,891116632.0,0.0092196360217862,000988
2013-04-02,6.56,6.63,6.38,6.4,9084649.0,58966020.0,891116632.0,0.0101946801055779,000988
2013-04-03,6.4,6.46,6.2,6.21,8173589.0,51196528.0,891116632.0,0.00917229990608,000988
2013-04-08,6.15,6.45,6.05,6.39,10157943.0,63533924.0,891116632.0,0.0113991172818778,000988
2013-04-09,6.36,6.54,6.34,6.49,10080305.0,64884984.0,891116632.0,0.0113119928840021,000988
2013-04-10,6.5,6.73,6.45,6.59,16862344.0,111865672.0,891116632.0,0.0189227126893082,000988
2013-04-11,6.7,6.77,6.53,6.55,11142694.0,74169224.0,891116632.0,0.0125041926049473,000988
2013-04-12,6.5,6.61,6.3,6.32,8666935.0,55670456.0,891116632.0,0.0097259266506429,000988
2013-04-15,6.12,6.13,5.69,5.7,22566936.0,131303344.0,891116632.0,0.0253243348733726,000988
2013-04-16,5.6,5.85,5.52,5.79,9001503.0,51291660.0,891116632.0,0.0101013746986152,000988
2013-04-17,5.75,5.89,5.73,5.8,6082209.0,35330440.0,891116632.0,0.0068253792843583,000988
2013-04-18,5.75,5.83,5.7,5.75,5871353.0,33795268.0,891116632.0,0.006588759303956,000988
2013-04-19,5.75,5.92,5.75,5.92,9889042.0,58015844.0,891116632.0,0.0110973599244862,000988
2013-04-22,5.87,5.91,5.78,5.8,8963449.0,52132956.0,891116632.0,0.0100586709731616,000988
2013-04-23,5.8,5.83,5.57,5.72,11784288.0,66965240.0,891116632.0,0.0132241814110815,000988
2013-04-24,6.29,6.29,6.22,6.29,37865908.0,238085744.0,891116632.0,0.042492650950768,000988
2013-04-25,6.36,6.84,6.23,6.49,62773724.0,409715520.0,891116632.0,0.0704438922423793,000988
2013-04-26,6.25,6.28,5.85,6.02,31282028.0,190545904.0,891116632.0,0.0351043027103998,000988
2013-05-02,5.85,6.13,5.82,6.06,11918184.0,71822216.0,891116632.0,0.0133744378367746,000988
2013-05-03,6.07,6.26,6.01,6.19,14430082.0,89085952.0,891116632.0,0.0161932585273529,000988
2013-05-06,6.16,6.3,6.11,6.28,17331360.0,107696456.0,891116632.0,0.0194490366105073,000988
2013-05-07,6.28,6.29,6.14,6.23,12428080.0,77247488.0,891116632.0,0.0139466367854752,000988
2013-05-08,6.26,6.35,6.18,6.31,15011344.0,94093480.0,891116632.0,0.0168455435135453,000988
2013-05-09,6.3,6.67,6.3,6.54,31361696.0,203980096.0,891116632.0,0.0351937051490247,000988
2013-05-10,6.49,6.6,6.43,6.5,17082896.0,111049400.0,891116632.0,0.0191702134003038,000988
2013-05-13,6.52,6.58,6.45,6.53,14701333.0,95789696.0,891116632.0,0.0164976530255132,000988
2013-05-14,6.53,6.53,6.23,6.26,16011970.0,101015768.0,891116632.0,0.0179684335641487,000988
2013-05-15,6.3,6.55,6.3,6.5,16969104.0,109519896.0,891116632.0,0.0190425174333408,000988
2013-05-16,6.5,6.76,6.12,6.64,28937224.0,192006768.0,891116632.0,0.0324729928281711,000988
2013-05-17,6.65,6.75,6.52,6.69,21310700.0,141469280.0,891116632.0,0.0239146024602534,000988
2013-05-20,6.77,7.17,6.72,7.1,38126508.0,264601168.0,891116632.0,0.0427850930292141,000988
2013-05-21,7.08,7.35,7.01,7.19,45538832.0,327388256.0,891116632.0,0.0511031108215248,000988
2013-05-22,7.2,7.33,7.05,7.12,30355680.0,217655920.0,891116632.0,0.0340647665074665,000988
2013-05-23,7.12,7.56,7.05,7.28,42104872.0,308954400.0,891116632.0,0.0472495636239005,000988
2013-05-24,7.32,7.68,7.32,7.64,44359692.0,333241952.0,891116632.0,0.0497798945806232,000988
2013-05-27,7.7,7.74,7.46,7.67,32428280.0,246563536.0,891116632.0,0.0363906124467891,000988
2013-05-28,7.58,7.59,7.13,7.23,37854040.0,275757920.0,891116632.0,0.0424793328287918,000988
2013-05-29,7.24,7.42,7.2,7.36,21790412.0,158735296.0,891116632.0,0.0244529292996071,000988
2013-05-30,7.3,7.52,7.2,7.24,26574896.0,195180528.0,891116632.0,0.02982201773112,000988
2013-05-31,7.23,7.5,7.07,7.41,42307240.0,308959936.0,891116632.0,0.0474766584762835,000988
2013-06-03,7.43,7.59,7.34,7.5,36067796.0,269719488.0,891116632.0,0.0404748320307414,000988
2013-06-04,7.44,7.5,7.14,7.21,19766270.0,144077920.0,891116632.0,0.0221814623251246,000988
2013-06-05,7.21,7.36,7.16,7.22,14599069.0,105911152.0,891116632.0,0.0163828936367557,000988
2013-06-06,7.2,7.22,6.8,6.81,24505832.0,170203200.0,891116632.0,0.0275001398470138,000988
2013-06-07,6.81,6.9,6.5,6.59,15477205.0,103309568.0,891116632.0,0.0173683269329889,000988
2013-06-13,6.48,6.48,6.13,6.32,11956678.0,75314728.0,891116632.0,0.0134176353247551,000988
2013-06-14,6.35,6.56,6.35,6.5,12770528.0,82521456.0,891116632.0,0.0143309276714296,000988
2013-06-17,6.53,6.54,6.35,6.43,10317386.0,66653968.0,891116632.0,0.0115780422331966,000988
2013-06-18,6.48,6.66,6.4,6.62,12584676.0,82358936.0,891116632.0,0.0141223668688073,000988
2013-06-19,6.55,6.74,6.42,6.7,16741108.0,110975968.0,891116632.0,0.0187866631581397,000988
2013-06-20,6.71,6.71,6.3,6.3,14823792.0,96275416.0,891116632.0,0.016635074992069,000988
2013-06-21,6.1,6.29,5.92,6.2,11444417.0,69996800.0,891116632.0,0.0128427824024723,000988
2013-06-24,6.18,6.18,5.62,5.76,13642927.0,80834328.0,891116632.0,0.0153099229776243,000988
2013-06-25,5.68,5.94,5.21,5.86,17404528.0,98728288.0,891116632.0,0.0195311448299844,000988
2013-06-26,5.87,5.95,5.73,5.92,11087323.0,64996740.0,891116632.0,0.0124420559574967,000988
2013-06-27,5.95,6.09,5.79,5.8,14180476.0,84713616.0,891116632.0,0.0159131537789544,000988
2013-06-28,5.7,5.88,5.58,5.74,8936092.0,51487292.0,891116632.0,0.0100279712880502,000988
2013-07-01,5.75,5.97,5.74,5.96,9518494.0,55896896.0,891116632.0,0.0106815355680624,000988
2013-07-02,6.05,6.06,5.86,6.04,14823622.0,88334640.0,891116632.0,0.0166348842201836,000988
2013-07-03,5.98,6.03,5.77,5.95,11912798.0,70305912.0,891116632.0,0.01336839373457,000988
2013-07-04,5.86,6.06,5.81,5.97,12660907.0,75625640.0,891116632.0,0.0142079123487844,000988
2013-07-05,5.97,6.0,5.85,5.86,10874076.0,64416092.0,891116632.0,0.0122027528266356,000988
2013-07-08,5.75,5.75,5.45,5.47,10586315.0,59062776.0,891116632.0,0.0118798310118399,000988
2013-07-09,5.41,5.53,5.35,5.41,5824027.0,31637180.0,891116632.0,0.0065356506554351,000988
2013-07-10,5.44,5.76,5.43,5.74,11630442.0,65113396.0,891116632.0,0.0130515373435427,000988
2013-07-11,5.76,5.96,5.67,5.9,16908008.0,98773384.0,891116632.0,0.0189739562621024,000988
2013-07-12,5.88,6.08,5.83,5.85,13255929.0,78874760.0,891116632.0,0.0148756386358188,000988
2013-07-15,5.79,5.94,5.75,5.9,13176955.0,77181576.0,891116632.0,0.0147870149953614,000988
2013-07-16,5.92,6.17,5.88,6.12,20071038.0,121075032.0,891116632.0,0.0225234691837734,000988
2013-07-17,6.14,6.17,5.94,5.96,16911834.0,102384992.0,891116632.0,0.0189782497517115,000988
2013-07-18,5.92,6.12,5.85,6.02,13500641.0,81105728.0,891116632.0,0.0151502513982928,000988
2013-07-19,5.98,6.28,5.94,6.09,26237192.0,160676656.0,891116632.0,0.0294430505029559,000988
2013-07-22,6.2,6.36,6.13,6.31,30877214.0,192847744.0,891116632.0,0.0346500254750042,000988
2013-07-23,6.22,6.42,6.2,6.35,24553668.0,154758368.0,891116632.0,0.0275538208111909,000988
2013-07-24,6.35,6.85,6.22,6.66,40532668.0,264598048.0,891116632.0,0.0454852558514472,000988
2013-07-25,6.61,6.72,6.37,6.45,26114388.0,170493184.0,891116632.0,0.0293052413816915,000988
2013-07-26,6.41,6.74,6.34,6.61,25209584.0,165034720.0,891116632.0,0.0282898815875765,000988
2013-07-29,6.55,6.68,6.37,6.44,16979412.0,110263944.0,891116632.0,0.0190540849427216,000988
2013-07-30,6.44,6.52,6.07,6.21,15149140.0,95140392.0,891116632.0,0.0170001764707271,000988
2013-07-31,6.26,6.35,6.1,6.14,9982496.0,62173400.0,891116632.0,0.0112022328408297,000988
2013-08-01,6.14,6.43,6.14,6.4,14811429.0,93634688.0,891116632.0,0.01662120138725,000988
2013-08-02,6.58,6.63,6.43,6.44,19561850.0,127273888.0,891116632.0,0.0219520647438662,000988
2013-08-05,6.53,6.68,6.48,6.64,19674506.0,129988608.0,891116632.0,0.0220784859057596,000988
2013-08-06,6.63,6.72,6.48,6.68,19480300.0,128789088.0,891116632.0,0.0218605503482511,000988
2013-08-07,6.8,6.87,6.59,6.62,23067096.0,154680944.0,891116632.0,0.0258856082039775,000988
2013-08-08,6.66,6.68,6.46,6.51,14751834.0,96560256.0,891116632.0,0.0165543246195409,000988
2013-08-09,6.53,6.57,6.35,6.46,13133251.0,84956568.0,891116632.0,0.0147379709101872,000988
2013-08-12,6.5,6.6,6.45,6.59,11785869.0,76950680.0,891116632.0,0.0132259555896157,000988
2013-08-13,6.56,6.64,6.55,6.61,12279512.0,80955592.0,891116632.0,0.0137799156238843,000988
2013-08-14,6.63,6.84,6.46,6.7,27438008.0,182408224.0,891116632.0,0.0307905912814339,000988
2013-08-15,6.65,6.72,6.47,6.48,14332835.0,94565896.0,891116632.0,0.0160841291535898,000988
2013-08-16,6.44,6.57,6.25,6.25,13860564.0,88864344.0,891116632.0,0.015554152511879,000988
2013-08-19,6.22,6.39,6.18,6.36,8942069.0,56446844.0,891116632.0,0.0100346786031034,000988
2013-08-20,6.34,6.42,6.26,6.35,9010128.0,57148892.0,891116632.0,0.0101110535663304,000988
2013-08-21,6.36,6.44,6.23,6.42,10581811.0,67256632.0,891116632.0,0.0118747766790643,000988
2013-08-22,6.4,6.67,6.36,6.6,24126840.0,158772160.0,891116632.0,0.0270748397388233,000988
2013-08-23,6.58,6.64,6.36,6.64,19256784.0,125756120.0,891116632.0,0.0216097234733241,000988
2013-08-26,6.6,6.78,6.56,6.74,22976750.0,153814944.0,891116632.0,0.0257842230465742,000988
2013-08-27,6.72,6.72,6.55,6.7,16772240.0,111484704.0,891116632.0,0.0188215991012947,000988
2013-08-28,6.62,6.62,6.51,6.52,13835819.0,90860968.0,891116632.0,0.0155263839806774,000988
2013-08-29,6.5,6.55,6.3,6.38,13259809.0,85038816.0,891116632.0,0.0148799927235563,000988
2013-08-30,6.38,6.38,6.14,6.21,14507482.0,91113392.0,891116632.0,0.016280115844589,000988
2013-09-02,6.28,6.36,6.24,6.33,9161623.0,57671516.0,891116632.0,0.0102810593709129,000988
2013-09-03,6.28,6.4,6.27,6.39,9094585.0,57765528.0,891116632.0,0.0102058301611859,000988
2013-09-04,6.39,6.39,6.28,6.31,8842754.0,55931340.0,891116632.0,0.0099232285454638,000988
2013-09-05,6.32,6.34,6.23,6.28,8924355.0,56062168.0,891116632.0,0.0100148001726445,000988
2013-09-06,6.26,6.43,6.26,6.36,10863278.0,69061424.0,891116632.0,0.0121906354453498,000988
2013-09-09,6.37,6.39,6.29,6.37,12309234.0,78068840.0,891116632.0,0.013813269282578,000988
2013-09-10,6.37,6.67,6.33,6.58,26096208.0,168454544.0,891116632.0,0.0292848400118291,000988
2013-09-11,6.53,6.56,6.41,6.47,16148526.0,104722464.0,891116632.0,0.0181216750087546,000988
2013-09-12,6.48,6.61,6.46,6.54,23260816.0,152445200.0,891116632.0,0.0261029983783312,000988
2013-09-13,6.51,6.53,6.32,6.39,14153359.0,90701320.0,891116632.0,0.0158827234188577,000988
2013-09-16,6.4,6.49,6.31,6.45,12641957.0,80898904.0,891116632.0,0.0141866468944998,000988
2013-09-17,6.44,6.44,6.17,6.19,12953277.0,81701240.0,891116632.0,0.0145360063260495,000988
2013-09-18,6.2,6.22,6.1,6.21,9155798.0,56415572.0,891116632.0,0.010274522628369,000988
2013-09-23,6.21,6.33,6.2,6.31,8997246.0,56596212.0,891116632.0,0.0100965975461672,000988
2013-09-24,6.3,6.36,6.24,6.3,9953962.0,62843936.0,891116632.0,0.0111702123409587,000988
2013-09-25,6.3,6.58,6.28,6.5,21887014.0,140722576.0,891116632.0,0.0245613348623931,000988
2013-09-26,6.48,6.48,6.28,6.28,15557780.0,99432576.0,891116632.0,0.0174587471957318,000988
2013-09-27,6.28,6.44,6.27,6.29,8494164.0,53877612.0,891116632.0,0.0095320451835085,000988
2013-09-30,6.37,6.48,6.32,6.44,10445219.0,67032988.0,891116632.0,0.0117214948357063,000988
2013-10-08,6.45,6.58,6.42,6.56,17049448.0,111388296.0,891116632.0,0.0191326784707571,000988
2013-10-09,6.54,6.63,6.5,6.59,15559132.0,102185064.0,891116632.0,0.0174602643933145,000988
2013-10-10,6.59,6.77,6.53,6.66,28697578.0,191151584.0,891116632.0,0.0322040650678821,000988
2013-10-11,6.68,6.74,6.5,6.65,20307678.0,134310400.0,891116632.0,0.0227890236482534,000988
2013-10-14,6.64,6.71,6.55,6.67,16557124.0,110038272.0,891116632.0,0.0185801986018817,000988
2013-10-15,6.65,6.9,6.48,6.88,33536008.0,224727360.0,891116632.0,0.037633691029571,000988
2013-10-16,6.94,6.94,6.58,6.66,24709390.0,166822736.0,891116632.0,0.0277285701025946,000988
2013-10-17,6.77,7.09,6.67,6.84,39910600.0,275358496.0,891116632.0,0.0447871788796329,000988
2013-10-18,6.83,6.95,6.77,6.84,17168532.0,117616104.0,891116632.0,0.0192663130542938,000988
2013-10-21,6.86,7.19,6.81,7.09,33217760.0,233718416.0,891116632.0,0.0372765570825974,000988
2013-10-22,7.07,7.09,6.9,6.95,21264560.0,148320000.0,891116632.0,0.0238628247261801,000988
2013-10-23,6.93,6.95,6.61,6.62,20988268.0,141531696.0,891116632.0,0.0235527732805238,000988
2013-10-24,6.64,6.69,6.54,6.59,11302827.0,74647192.0,891116632.0,0.0126838918656834,000988
2013-10-25,6.66,6.67,6.33,6.37,15531291.0,100350008.0,891116632.0,0.0174290215694234,000988
2013-10-28,6.38,6.46,6.31,6.33,8867996.0,56547732.0,891116632.0,0.0099515548038834,000988
2013-10-29,6.33,6.43,5.83,6.04,16123678.0,98068088.0,891116632.0,0.0180937908922341,000988
2013-10-30,6.05,6.16,6.02,6.13,7685421.0,46868108.0,891116632.0,0.008624483848709,000988
2013-10-31,6.13,6.21,6.05,6.13,7343781.0,45044856.0,891116632.0,0.008241099690304,000988
2013-11-01,6.12,6.2,6.04,6.16,5394042.0,32998160.0,891116632.0,0.0060531268369368,000988
2013-11-04,6.2,6.24,6.15,6.16,5292081.0,32729434.0,891116632.0,0.0059387074710103,000988
2013-11-05,6.14,6.23,6.05,6.22,7176233.0,44135592.0,891116632.0,0.0080530794088017,000988
2013-11-06,6.2,6.36,6.15,6.17,8416977.0,52822748.0,891116632.0,0.009445426892223,000988
2013-11-07,6.13,6.17,6.04,6.08,5861852.0,35752664.0,891116632.0,0.0065780973999372,000988
2013-11-08,6.1,6.1,5.9,5.93,6230460.0,37396044.0,891116632.0,0.0069917447124923,000988
2013-11-11,5.97,6.02,5.9,6.01,3726898.0,22293422.0,891116632.0,0.0041822785774241,000988
2013-11-12,6.01,6.15,5.99,6.12,6250607.0,38012140.0,891116632.0,0.0070143534252876,000988
2013-11-13,6.12,6.15,5.9,5.91,4934062.0,29741172.0,891116632.0,0.0055369430025406,000988
2013-11-14,5.93,6.08,5.9,6.06,5950883.0,35773368.0,891116632.0,0.0066780068806975,000988
2013-11-15,6.08,6.24,6.04,6.14,8881521.0,54746224.0,891116632.0,0.0099667323906485,000988
2013-11-18,6.2,6.4,6.15,6.33,11859352.0,74792640.0,891116632.0,0.0133084172981747,000988
2013-11-19,6.34,6.38,6.24,6.37,8972680.0,56649576.0,891116632.0,0.010069029886539,000988
2013-11-20,6.5,6.64,6.41,6.46,16934030.0,110148696.0,891116632.0,0.0190031578268196,000988
2013-11-21,6.41,6.56,6.4,6.45,11344665.0,73450552.0,891116632.0,0.0127308419488684,000988
2013-11-22,6.45,6.46,6.27,6.36,11297604.0,71922536.0,891116632.0,0.0126780306800513,000988
2013-11-25,6.35,6.5,6.31,6.36,9204855.0,59053548.0,891116632.0,0.0103295737835583,000988
2013-11-26,6.38,6.54,6.38,6.5,17308552.0,112319952.0,891116632.0,0.0194234417566117,000988
2013-11-27,6.48,6.76,6.4,6.69,26726508.0,176147088.0,891116632.0,0.0299921548316472,000988
2013-11-28,6.65,6.88,6.6,6.67,25860136.0,173755216.0,891116632.0,0.0290199229498838,000988
2013-11-29,6.76,6.92,6.73,6.83,32502844.0,221981280.0,891116632.0,0.0364742872401017,000988
2013-12-02,6.75,6.8,6.32,6.48,25266524.0,166415216.0,891116632.0,0.0283537789473106,000988
2013-12-03,6.42,6.84,6.42,6.8,18693628.0,124463832.0,891116632.0,0.0209777568151146,000988
2013-12-04,6.8,7.19,6.75,6.95,50884440.0,356286528.0,891116632.0,0.057101885626123,000988
2013-12-05,6.91,6.99,6.81,6.84,25940998.0,178800912.0,891116632.0,0.0291106652804568,000988
2013-12-06,6.83,6.88,6.62,6.65,20073188.0,134819040.0,891116632.0,0.02252588188703,000988
2013-12-09,6.71,6.89,6.69,6.76,13183283.0,89580152.0,891116632.0,0.0147941161982486,000988
2013-12-10,6.76,6.84,6.65,6.71,13499198.0,91006752.0,891116632.0,0.015148632081642,000988
2013-12-11,6.72,6.74,6.55,6.74,15112863.0,100481672.0,891116632.0,0.0169594668725698,000988
2013-12-12,6.72,6.8,6.64,6.64,10826595.0,72886608.0,891116632.0,0.0121494702390427,000988
2013-12-13,6.6,6.79,6.59,6.74,14737772.0,99013672.0,891116632.0,0.0165385444180554,000988
2013-12-16,6.78,6.85,6.62,6.66,11783208.0,79197192.0,891116632.0,0.0132229694485154,000988
2013-12-17,6.67,6.97,6.65,6.84,27307964.0,186720528.0,891116632.0,0.0306446575222265,000988
2013-12-18,6.84,6.94,6.78,6.88,15440076.0,106041648.0,891116632.0,0.0173266612310295,000988
2013-12-19,6.9,6.94,6.6,6.6,18931500.0,127667504.0,891116632.0,0.02124469381467,000988
2013-12-20,6.55,6.67,6.47,6.58,12518677.0,82277872.0,891116632.0,0.0140483036119563,000988
2013-12-23,6.55,6.59,6.33,6.5,9451853.0,61081620.0,891116632.0,0.0106067518667971,000988
2013-12-24,6.5,6.69,6.5,6.58,10742419.0,71034816.0,891116632.0,0.012055008978892,000988
2013-12-25,6.56,6.78,6.54,6.75,11959801.0,80250096.0,891116632.0,0.0134211399165087,000988
2013-12-26,6.75,6.84,6.65,6.67,12697008.0,85488208.0,891116632.0,0.0142484244419309,000988
2013-12-27,6.66,7.09,6.66,6.99,34772896.0,240854192.0,891116632.0,0.0390217113577563,000988
2013-12-30,7.01,7.05,6.88,6.96,19234684.0,134106440.0,891116632.0,0.0215849231282218,000988
2013-12-31,6.93,7.04,6.85,6.89,19041988.0,132120952.0,891116632.0,0.0213686820739308,000988
2014-01-02,6.88,7.11,6.83,7.04,30459416.0,213914528.0,891116632.0,0.0341811777563141,000988
2014-01-03,7.06,7.24,6.85,6.9,32224510.0,226081840.0,891116632.0,0.0361619442874454,000988
2014-01-06,6.85,6.95,6.59,6.64,20263340.0,137028576.0,891116632.0,0.0227392680961654,000988
2014-01-07,6.68,6.79,6.54,6.73,10326329.0,68908264.0,891116632.0,0.0115880779565564,000988
2014-01-08,6.72,6.8,6.6,6.64,13440512.0,89905832.0,891116632.0,0.015082775382426,000988
2014-01-09,6.63,6.71,6.32,6.32,17301936.0,112926272.0,891116632.0,0.0194160173637068,000988
2014-01-10,6.32,6.32,6.09,6.16,14774610.0,91371488.0,891116632.0,0.0165798835634346,000988
2014-01-13,6.16,6.28,6.1,6.19,7873617.0,48743036.0,891116632.0,0.0088356750589747,000988
2014-01-14,6.19,6.37,6.16,6.37,10148318.0,63835564.0,891116632.0,0.0113883162266014,000988
2014-01-15,6.38,6.55,6.33,6.44,17110772.0,110744152.0,891116632.0,0.0192014955007595,000988
2014-01-16,6.45,6.55,6.36,6.37,10209186.0,65850588.0,891116632.0,0.0114566215390759,000988
2014-01-17,6.36,6.59,6.35,6.5,13308500.0,86631504.0,891116632.0,0.0149346331580982,000988
2014-01-20,6.45,6.55,6.39,6.44,9967900.0,64505196.0,891116632.0,0.0111858533911866,000988
2014-01-21,6.46,6.55,6.44,6.5,7345343.0,47759180.0,891116632.0,0.0082428525472746,000988
2014-01-22,6.5,6.7,6.46,6.67,12539954.0,83135144.0,891116632.0,0.0140721803966958,000988
2014-01-23,6.64,6.78,6.63,6.72,14658235.0,98631552.0,891116632.0,0.0164492889860011,000988
2014-01-24,6.72,6.92,6.7,6.75,21375884.0,145447712.0,891116632.0,0.0239877511342421,000988
2014-01-27,6.7,7.05,6.66,6.88,23962580.0,165039824.0,891116632.0,0.0268905092100222,000988
2014-01-28,6.85,7.03,6.83,7.0,21046252.0,146489808.0,891116632.0,0.0236178422040718,000988
2014-01-29,7.05,7.17,6.93,7.03,21735676.0,152985904.0,891116632.0,0.0243915052412578,000988
2014-01-30,6.8,7.02,6.75,6.89,25170128.0,173191040.0,891116632.0,0.0282456045551622,000988
2014-02-07,6.82,7.58,6.79,7.58,59722712.0,439963424.0,891116632.0,0.0670200845269376,000988
2014-02-10,7.8,8.28,7.71,8.13,89929576.0,719589824.0,891116632.0,0.1009178515702981,000988
2014-02-11,8.07,8.4,8.0,8.37,70976376.0,583436544.0,891116632.0,0.0796488062855502,000988
2014-02-12,8.35,8.45,8.22,8.28,41408328.0,344225472.0,891116632.0,0.0464679106112789,000988
2014-02-13,8.27,9.05,8.27,8.37,64102936.0,556242112.0,891116632.0,0.0719355174149639,000988
2014-02-14,8.35,8.86,8.2,8.65,53217996.0,454490304.0,891116632.0,0.0597205731426635,000988
2014-02-17,8.79,9.19,8.56,9.11,59643160.0,530324416.0,891116632.0,0.0669308122620698,000988
2014-02-18,9.08,9.21,8.9,8.99,37766568.0,340931648.0,891116632.0,0.0423811728384394,000988
2014-02-19,8.98,9.03,8.53,8.74,44116160.0,385043904.0,891116632.0,0.0495066059994714,000988
2014-02-20,8.76,8.82,8.52,8.61,29543382.0,256176592.0,891116632.0,0.0331532157958869,000988
2014-02-21,8.65,8.74,8.25,8.55,32413356.0,275228736.0,891116632.0,0.0363738649196259,000988
2014-02-24,8.49,8.97,8.41,8.89,48833408.0,424818304.0,891116632.0,0.0548002430281202,000988
2014-02-25,9.0,9.5,8.86,8.89,81942808.0,754307264.0,891116632.0,0.0919551998665871,000988
2014-02-26,8.85,9.15,8.44,9.15,38107772.0,336694496.0,891116632.0,0.0427640677230677,000988
2014-02-27,9.1,9.56,8.8,8.85,46821376.0,432795328.0,891116632.0,0.0525423657450038,000988
2014-02-28,8.7,8.83,8.1,8.65,43115804.0,363721184.0,891116632.0,0.0483840189395095,000988
2014-03-03,8.59,8.83,8.46,8.78,22501248.0,194725264.0,891116632.0,0.0252506206168532,000988
2014-03-04,8.87,9.29,8.73,9.13,37678904.0,342987616.0,891116632.0,0.0422827973880752,000988
2014-03-05,9.0,9.72,9.0,9.51,42861552.0,404044832.0,891116632.0,0.0480987005077018,000988
2014-03-06,9.23,9.5,9.2,9.3,24474630.0,228077808.0,891116632.0,0.0274651253507296,000988
2014-03-07,9.6,10.23,9.6,9.91,45761764.0,456439488.0,891116632.0,0.0513532823389161,000988
2014-03-10,9.85,10.08,9.26,9.31,29466216.0,282974016.0,891116632.0,0.0330666210705401,000988
2014-03-11,9.27,9.49,8.85,9.18,21993312.0,201095184.0,891116632.0,0.0246806211557725,000988
2014-03-12,9.18,9.55,9.0,9.4,22362768.0,208266256.0,891116632.0,0.0250952200833796,000988
2014-03-13,9.49,10.06,9.35,9.67,28831744.0,281586016.0,891116632.0,0.0323546244842167,000988
2014-03-14,9.45,9.89,9.3,9.32,20655640.0,195502240.0,891116632.0,0.0231795022764203,000988
2014-03-17,9.31,9.75,9.11,9.71,22011278.0,207876016.0,891116632.0,0.0247007823774969,000988
2014-03-18,9.65,10.18,9.62,10.07,33282408.0,330362816.0,891116632.0,0.0373491042640532,000988
2014-03-19,10.0,10.25,9.71,9.92,28326402.0,282261728.0,891116632.0,0.0317875359776698,000988
2014-03-20,9.86,10.04,9.34,9.35,23046176.0,222646832.0,891116632.0,0.0258621320401974,000988
2014-03-21,9.32,9.57,9.07,9.5,26869300.0,249933968.0,891116632.0,0.0301523942378846,000988
2014-03-24,9.45,9.48,9.18,9.32,16925266.0,157753616.0,891116632.0,0.0189933229750334,000988
2014-03-25,9.27,9.27,8.76,8.85,29262580.0,263396832.0,891116632.0,0.0328381032843296,000988
2014-03-26,8.89,9.17,8.7,9.07,20393444.0,183611088.0,891116632.0,0.0228852691866265,000988
2014-03-27,9.0,9.12,8.76,8.76,14641652.0,131179368.0,891116632.0,0.0164306797496738,000988
2014-03-28,8.72,8.91,8.55,8.86,17080064.0,149317504.0,891116632.0,0.0191670353651305,000988
2014-03-31,8.85,8.87,8.55,8.62,12385073.0,107285632.0,891116632.0,0.0138983748650311,000988
2014-04-01,8.58,9.07,8.58,9.07,16882602.0,150049072.0,891116632.0,0.0189454459649228,000988
2014-04-02,9.05,9.18,8.92,8.98,12483769.0,112962536.0,891116632.0,0.0140091302885703,000988
2014-04-03,9.0,9.21,8.94,8.99,11310925.0,102835656.0,891116632.0,0.0126929793405539,000988
2014-04-04,8.99,9.08,8.79,8.99,13942202.0,124663544.0,891116632.0,0.0156457656599994,000988
2014-04-08,8.92,8.92,8.42,8.73,21664648.0,187704288.0,891116632.0,0.0243117985031615,000988
2014-04-09,8.73,8.97,8.65,8.73,16989424.0,149812560.0,891116632.0,0.0190653202845842,000988
2014-04-10,8.88,9.09,8.8,9.01,23727084.0,212714784.0,891116632.0,0.0266262385281122,000988
2014-04-11,8.97,8.97,8.67,8.79,15102007.0,132794416.0,891116632.0,0.0169472844044055,000988
2014-04-14,8.83,8.9,8.65,8.87,11392768.0,99948976.0,891116632.0,0.0127848225371244,000988
2014-04-15,8.83,9.07,8.77,8.94,17337996.0,155166320.0,891116632.0,0.0194564834471634,000988
2014-04-16,8.88,8.97,8.76,8.85,7865880.0,69472976.0,891116632.0,0.0088269926938138,000988
2014-04-17,8.85,9.09,8.8,8.97,12757524.0,114747080.0,891116632.0,0.0143163347443839,000988
2014-04-18,8.95,9.05,8.88,8.98,11468369.0,103087160.0,891116632.0,0.0128696610389379,000988
2014-04-21,9.0,9.37,8.94,9.12,28540940.0,262834464.0,891116632.0,0.0320282878526724,000988
2014-04-22,9.13,9.18,8.7,8.92,15157752.0,135181648.0,891116632.0,0.017009840750004,000988
2014-04-23,8.9,8.99,8.78,8.85,8080993.0,71712480.0,891116632.0,0.0090683898266641,000988
2014-04-24,8.85,8.85,8.51,8.51,14360764.0,124420288.0,891116632.0,0.0161154707299863,000988
2014-04-25,8.53,8.6,8.1,8.15,19959276.0,164862384.0,891116632.0,0.0223980512575597,000988
2014-04-28,8.09,8.1,7.82,7.93,11871898.0,94588216.0,891116632.0,0.0133224962633174,000988
2014-04-29,7.95,8.16,7.91,8.15,7477523.0,60207516.0,891116632.0,0.0083911832991127,000988
2014-04-30,8.16,8.24,8.05,8.18,5276388.0,42931376.0,891116632.0,0.0059210969816126,000988
2014-05-05,8.13,8.28,7.96,8.28,8644799.0,70249408.0,891116632.0,0.0097010859067884,000988
2014-05-06,8.25,8.44,8.2,8.31,9935123.0,82974256.0,891116632.0,0.0111490714494934,000988
2014-05-07,8.31,8.39,8.12,8.14,8131679.0,67159720.0,891116632.0,0.0091252690253906,000988
2014-05-08,8.13,8.27,7.98,8.14,7248221.0,59103148.0,891116632.0,0.0081338634469567,000988
2014-05-09,8.15,8.24,7.85,7.96,9812849.0,78558056.0,891116632.0,0.0110118570876365,000988
2014-05-12,8.04,8.14,7.95,8.11,10506625.0,84857736.0,891116632.0,0.0117904038850887,000988
2014-05-13,8.11,8.12,7.85,7.92,9711481.0,77733608.0,891116632.0,0.0108981031789338,000988
2014-05-14,7.92,8.24,7.88,8.22,13473845.0,109133080.0,891116632.0,0.0151201812604031,000988
2014-05-15,8.22,8.31,8.0,8.06,8808524.0,72005984.0,891116632.0,0.0098848160652443,000988
2014-05-16,8.06,8.14,7.91,8.08,7912042.0,63611976.0,891116632.0,0.0088787951160135,000988
2014-05-19,8.09,8.16,7.96,8.05,5512218.0,44487968.0,891116632.0,0.006185742474168,000988
2014-05-20,8.07,8.25,8.03,8.13,5941467.0,48473744.0,891116632.0,0.0066674403626213,000988
2014-05-21,8.1,8.25,7.97,8.25,8222441.0,67032060.0,891116632.0,0.0092271210128193,000988
2014-05-22,8.23,8.36,8.14,8.15,9813666.0,81130872.0,891116632.0,0.011012773914874,000988
2014-05-23,8.12,8.28,8.1,8.28,7736052.0,63397364.0,891116632.0,0.0086813013271196,000988
2014-05-26,8.31,8.53,8.27,8.47,12407081.0,104410728.0,891116632.0,0.0139230719688778,000988
2014-05-27,8.45,8.7,8.42,8.53,15781926.0,135436496.0,891116632.0,0.0177102810488223,000988
2014-05-28,8.54,8.65,8.47,8.59,10628862.0,90943720.0,891116632.0,0.0119275767260059,000988
2014-05-29,8.56,8.75,8.33,8.38,13449427.0,114813504.0,891116632.0,0.015092779684534,000988
2014-05-30,8.41,8.54,8.32,8.51,7758597.0,65565204.0,891116632.0,0.0087066010456866,000988
2014-06-03,8.52,8.6,8.38,8.38,6534878.0,55433220.0,891116632.0,0.0073333588054947,000988
2014-06-04,8.38,8.38,8.01,8.11,9432014.0,76997472.0,891116632.0,0.0105844887877707,000988
2014-06-05,8.11,8.19,8.0,8.12,12603564.0,101970696.0,891116632.0,0.0141435627474631,000988
2014-06-06,8.14,8.28,8.11,8.17,12278128.0,100557592.0,891116632.0,0.0137783625162996,000988
2014-06-09,8.21,8.3,8.1,8.15,10630541.0,87277440.0,891116632.0,0.0119294608789211,000988
2014-06-10,8.18,8.33,8.02,8.28,10961732.0,89942376.0,891116632.0,0.0123011192994992,000988
2014-06-11,8.26,8.6,8.22,8.49,18041602.0,152926976.0,891116632.0,0.0202460613483421,000988
2014-06-12,8.45,8.58,8.36,8.41,10770789.0,91235496.0,891116632.0,0.0120868454400029,000988
2014-06-13,8.48,9.15,8.41,8.86,34213940.0,302984416.0,891116632.0,0.0383944578873038,000988
2014-06-16,8.8,8.9,8.72,8.82,17575600.0,154761472.0,891116632.0,0.0197231197004524,000988
2014-06-17,8.83,9.32,8.79,8.95,32306654.0,293579776.0,891116632.0,0.0362541252624718,000988
2014-06-18,9.0,9.28,8.85,9.0,22453300.0,202727872.0,891116632.0,0.0251968139676692,000988
2014-06-19,9.0,9.14,8.56,8.75,15414251.0,136048768.0,891116632.0,0.0172976807372617,000988
2014-06-20,8.79,9.02,8.66,8.98,15947457.0,141505280.0,891116632.0,0.0178960378780137,000988
2014-06-23,9.0,9.2,8.9,8.94,16307352.0,147542448.0,891116632.0,0.0182999075703482,000988
2014-06-24,9.0,9.35,8.95,9.31,27800760.0,256216256.0,891116632.0,0.0311976670636307,000988
2014-06-25,9.25,9.29,9.01,9.1,18476868.0,168277824.0,891116632.0,0.020734511439351,000988
2014-06-26,9.1,9.53,9.01,9.4,28244580.0,263145296.0,891116632.0,0.0316957163470381,000988
2014-06-27,9.6,9.77,9.36,9.4,35718612.0,340554272.0,891116632.0,0.0400829820893748,000988
2014-06-30,9.36,9.55,9.3,9.39,20638120.0,193860160.0,891116632.0,0.0231598415503482,000988
2014-07-01,9.37,9.59,9.16,9.56,28089242.0,262837744.0,891116632.0,0.031521397975658,000988
2014-07-02,9.54,9.54,9.25,9.35,22526840.0,210558944.0,891116632.0,0.0252793396409191,000988
2014-07-03,9.3,9.3,9.1,9.2,19582212.0,180294752.0,891116632.0,0.0219749147269871,000988
2014-07-04,9.24,9.28,9.13,9.16,11548429.0,106273936.0,891116632.0,0.0129595033750868,000988
2014-07-07,9.15,9.35,9.13,9.35,15868024.0,146662112.0,891116632.0,0.0178068991534656,000988
2014-07-08,9.35,9.39,9.16,9.19,15113318.0,139579904.0,891116632.0,0.0169599774679101,000988
2014-07-09,9.19,9.19,8.92,8.94,21196584.0,191787040.0,891116632.0,0.0237865429045207,000988
2014-07-10,8.98,9.05,8.89,8.95,8454842.0,75824448.0,891116632.0,0.0094879185242274,000988
2014-07-11,9.05,9.67,9.01,9.57,40152488.0,376589600.0,891116632.0,0.045058622584434,000988
2014-07-14,9.57,9.59,9.33,9.56,24857128.0,235471808.0,891116632.0,0.0278943598485097,000988
2014-07-15,9.55,9.66,9.36,9.44,21789444.0,206866128.0,891116632.0,0.0244518430220478,000988
2014-07-16,9.46,9.56,9.09,9.13,18439808.0,171719168.0,891116632.0,0.0206929231683333,000988
2014-07-17,9.13,9.19,8.8,8.99,19350044.0,173993232.0,891116632.0,0.0217143786852807,000988
2014-07-18,8.96,9.08,8.9,8.99,8434410.0,75954688.0,891116632.0,0.0094649899879772,000988
2014-07-21,8.99,9.07,8.9,9.0,6001542.0,53948720.0,891116632.0,0.0067348557803598,000988
2014-07-22,8.98,9.18,8.91,9.1,10901143.0,98690456.0,891116632.0,0.0122331270773543,000988
2014-07-23,9.07,9.13,8.83,8.95,10998005.0,98701160.0,891116632.0,0.0123418244089063,000988
2014-07-24,8.93,8.93,8.58,8.61,20633176.0,179636544.0,891116632.0,0.0231542934550457,000988
2014-07-25,8.62,8.76,8.51,8.73,13464774.0,116305224.0,891116632.0,0.0151100018970356,000988
2014-07-28,8.78,8.95,8.75,8.88,13292390.0,117682656.0,891116632.0,0.0149165547164874,000988
2014-07-29,9.02,9.23,8.99,9.01,23340872.0,212524064.0,891116632.0,0.0261928362257298,000988
2014-07-30,8.98,9.07,8.9,9.0,12096145.0,108636712.0,891116632.0,0.0135741434573516,000988
2014-07-31,9.02,9.17,9.0,9.12,15691106.0,142792464.0,891116632.0,0.017608363974515,000988
2014-08-01,9.11,9.11,8.83,8.85,15803023.0,141905952.0,891116632.0,0.0177339558398007,000988
2014-08-04,8.84,9.04,8.84,8.97,9826159.0,88047672.0,891116632.0,0.0110267934040759,000988
2014-08-05,8.98,9.6,8.93,9.52,53852152.0,503718816.0,891116632.0,0.0604322151177176,000988
2014-08-06,9.41,9.6,9.36,9.42,24119080.0,227012256.0,891116632.0,0.0270661315633484,000988
2014-08-07,9.4,9.49,9.19,9.2,19482920.0,181371168.0,891116632.0,0.0218634904796614,000988
2014-08-08,9.25,9.46,9.19,9.37,18050364.0,168761440.0,891116632.0,0.0202558939557532,000988
2014-08-11,9.42,9.53,9.29,9.42,26441172.0,248689424.0,891116632.0,0.0296719543216874,000988
2014-08-12,9.4,9.8,9.35,9.68,38273132.0,368190112.0,891116632.0,0.0429496326581861,000988
2014-08-13,9.59,9.64,9.35,9.56,26746512.0,254283376.0,891116632.0,0.0300146030716212,000988
2014-08-14,9.55,9.86,9.51,9.69,37359208.0,363055168.0,891116632.0,0.041924038513513,000988
2014-08-15,9.64,10.2,9.62,9.97,45113276.0,450925440.0,891116632.0,0.050625557171735,000988
2014-08-18,10.09,10.42,10.03,10.11,35760640.0,363862048.0,891116632.0,0.0401301453881965,000988
2014-08-19,10.11,10.23,9.9,10.04,31076916.0,312123136.0,891116632.0,0.034874128575349,000988
2014-08-20,10.07,10.3,9.97,10.08,25175732.0,255305632.0,891116632.0,0.0282518932942551,000988
2014-08-21,10.1,10.17,9.78,10.01,30488310.0,302040768.0,891116632.0,0.0342136022437071,000988
2014-08-22,9.96,10.44,9.88,10.32,39017960.0,396516672.0,891116632.0,0.0437854693750121,000988
2014-08-25,10.37,10.37,9.98,10.02,32794732.0,331369344.0,891116632.0,0.0368018403229623,000988
2014-08-26,10.0,10.18,9.72,9.84,23959108.0,238759744.0,891116632.0,0.0268866129748097,000988
2014-08-27,9.81,10.13,9.75,9.94,17966694.0,179576912.0,891116632.0,0.0201620005225084,000988
2014-08-28,9.94,9.98,9.68,9.7,17693020.0,173122288.0,891116632.0,0.0198548869638873,000988
2014-08-29,9.68,9.89,9.67,9.87,13599677.0,133479376.0,891116632.0,0.0152613883656028,000988
2014-09-01,9.88,10.15,9.8,10.14,21020556.0,210874096.0,891116632.0,0.0235890064724995,000988
2014-09-02,10.09,10.25,10.05,10.18,24803548.0,251821456.0,891116632.0,0.0278342330389811,000988
2014-09-03,10.24,10.55,10.17,10.39,44102184.0,456554496.0,891116632.0,0.0494909223061162,000988
2014-09-04,10.33,10.58,10.26,10.49,38339340.0,400184192.0,891116632.0,0.0430239304522373,000988
2014-09-05,10.59,11.15,10.54,10.8,51410672.0,559014592.0,891116632.0,0.0576924166308232,000988
2014-09-09,10.81,11.45,10.56,11.22,39987368.0,439068160.0,891116632.0,0.0448733269743303,000988
2014-09-10,11.21,11.64,10.98,11.16,36002336.0,402984032.0,891116632.0,0.0404013736329859,000988
2014-09-11,10.97,11.17,10.91,10.91,31815002.0,350407840.0,891116632.0,0.0357023995036375,000988
2014-09-12,10.92,11.02,10.76,10.99,20603406.0,225078688.0,891116632.0,0.0231208859313491,000988
2014-09-15,11.0,11.28,10.88,11.28,32575212.0,359582400.0,891116632.0,0.0365554977095299,000988
2014-09-16,11.25,11.3,10.5,10.59,32794900.0,358095072.0,891116632.0,0.0368020288504726,000988
2014-09-17,10.68,10.75,10.33,10.56,20533920.0,215907200.0,891116632.0,0.0230429096064722,000988
2014-09-18,10.68,10.85,10.51,10.78,17045438.0,182667920.0,891116632.0,0.0191281784986367,000988
2014-09-19,10.71,10.85,10.63,10.77,12908193.0,138756560.0,891116632.0,0.0144854136220408,000988
2014-09-22,10.7,10.75,10.28,10.35,22187816.0,232889312.0,891116632.0,0.0248988911251742,000988
2014-09-23,10.35,10.51,10.3,10.47,15574011.0,162230288.0,891116632.0,0.0174769614220375,000988
2014-09-24,10.5,10.88,10.41,10.81,21701828.0,231561328.0,891116632.0,0.0243535214366866,000988
2014-09-25,10.81,10.92,10.63,10.71,23712282.0,256270944.0,891116632.0,0.0266096279078314,000988
2014-09-26,10.71,10.85,10.61,10.72,14043659.0,150503376.0,891116632.0,0.0157596194433951,000988
2014-09-29,10.77,11.18,10.76,11.1,37121020.0,408004640.0,891116632.0,0.0416567469026882,000988
2014-09-30,11.0,11.28,10.9,11.08,31845086.0,352599872.0,891116632.0,0.0357361593942284,000988
2014-10-08,11.06,11.07,10.82,11.04,23818488.0,261217600.0,891116632.0,0.0267288109599552,000988
2014-10-09,11.04,11.24,10.83,11.09,24924056.0,275104160.0,891116632.0,0.027969465617605,000988
2014-10-10,11.0,11.02,10.74,10.78,19297288.0,209817136.0,891116632.0,0.0216551765583026,000988
2014-10-13,10.82,10.82,10.38,10.58,20586036.0,216585696.0,891116632.0,0.0231013935334112,000988
2014-10-14,10.66,10.78,10.49,10.59,15271570.0,162448464.0,891116632.0,0.0171375658938436,000988
2014-10-15,10.65,10.67,10.34,10.5,15598557.0,163642208.0,891116632.0,0.0175045066379144,000988
2014-10-16,10.44,10.59,10.31,10.33,13204688.0,138073200.0,891116632.0,0.0148181366229959,000988
2014-10-17,10.34,10.7,10.11,10.56,19893780.0,208366720.0,891116632.0,0.022324552461052,000988
2014-10-20,10.52,10.93,10.52,10.89,23825964.0,257078480.0,891116632.0,0.0267372004341626,000988
2014-10-21,10.9,11.37,10.8,11.09,44901740.0,500396064.0,891116632.0,0.0503881741037911,000988
2014-10-22,11.09,11.09,10.67,10.69,25850668.0,281066528.0,891116632.0,0.0290092980780545,000988
2014-10-23,10.73,10.84,10.38,10.53,15453038.0,163342256.0,891116632.0,0.0173412070261976,000988
2014-10-24,10.55,11.35,10.53,11.35,53824528.0,599494720.0,891116632.0,0.0604012158085272,000988
2014-10-27,11.28,11.52,11.01,11.39,37328192.0,421267808.0,891116632.0,0.0418892327441151,000988
2014-10-28,11.49,11.79,11.26,11.7,48786752.0,561543232.0,891116632.0,0.0547478862452653,000988
2014-10-29,11.69,12.05,11.51,11.6,49838344.0,586104000.0,891116632.0,0.0559279697071123,000988
2014-10-30,11.55,12.67,11.5,12.35,66489576.0,804932480.0,891116632.0,0.0746137751360026,000988
2014-10-31,12.44,12.66,12.11,12.24,41868636.0,516306784.0,891116632.0,0.0469844625231952,000988
2014-11-03,12.31,12.55,12.09,12.35,30518646.0,373785856.0,891116632.0,0.0342476449255634,000988
2014-11-04,12.3,12.85,12.21,12.48,38585392.0,482770368.0,891116632.0,0.0433000469460433,000988
2014-11-05,12.4,12.68,11.95,11.98,34071008.0,419371808.0,891116632.0,0.0382340613748077,000988
2014-11-06,11.99,12.33,11.88,12.16,26690820.0,322937312.0,891116632.0,0.0299521062019634,000988
2014-11-07,12.1,12.18,11.66,11.73,26744464.0,318397152.0,891116632.0,0.0300123048314959,000988
2014-11-10,11.78,12.03,11.66,11.92,21475404.0,255004896.0,891116632.0,0.0240994312403317,000988
2014-11-11,11.95,11.95,11.25,11.43,26845244.0,310145984.0,891116632.0,0.0301253988939126,000988
2014-11-12,11.4,11.63,11.24,11.58,18679862.0,214208128.0,891116632.0,0.0209623087811472,000988
2014-11-13,11.56,11.56,11.08,11.13,23767792.0,267100192.0,891116632.0,0.0266719205393531,000988
2014-11-14,11.13,11.27,10.98,11.07,15023466.0,166951152.0,891116632.0,0.0168591466711621,000988
2014-11-17,11.2,11.5,11.02,11.32,21631744.0,245297152.0,891116632.0,0.0242748740436481,000988
2014-11-18,11.3,11.51,11.3,11.36,13454934.0,153173664.0,891116632.0,0.0150989595714335,000988
2014-11-19,11.55,12.5,11.55,12.45,93324936.0,1149032320.0,891116632.0,0.1047280823280605,000988
2014-11-20,12.28,12.49,12.13,12.49,47839944.0,588369152.0,891116632.0,0.0536853900848301,000988
2014-11-21,12.58,12.95,12.39,12.41,53394044.0,678954880.0,891116632.0,0.0599181320184359,000988
2014-11-24,12.51,13.05,12.33,12.99,53514008.0,682128256.0,891116632.0,0.0600527541270265,000988
2014-11-25,12.91,13.25,12.81,13.0,39265932.0,511972960.0,891116632.0,0.0440637404689356,000988
2014-11-26,13.4,14.08,13.1,13.44,55528024.0,751722880.0,891116632.0,0.0623128578302643,000988
2014-11-27,13.45,13.86,13.21,13.74,33059772.0,446818944.0,891116632.0,0.0370992649141801,000988
2014-11-28,13.61,13.77,13.27,13.56,30669340.0,413922688.0,891116632.0,0.0344167518579094,000988
2014-12-01,13.58,13.69,12.88,13.19,33657984.0,441626304.0,891116632.0,0.0377705709795348,000988
2014-12-02,13.0,13.4,12.93,13.27,22716488.0,300458176.0,891116632.0,0.0254921602675237,000988
2014-12-03,13.2,13.3,12.73,13.18,29956888.0,389642400.0,891116632.0,0.0336172470855644,000988
2014-12-04,13.3,13.8,13.15,13.63,36225348.0,490675040.0,891116632.0,0.040651634925382,000988
2014-12-05,13.49,13.68,12.68,13.35,34843756.0,458997984.0,891116632.0,0.0391012295683423,000988
2014-12-08,13.25,13.52,13.0,13.27,27596716.0,367801952.0,891116632.0,0.0309686914248953,000988
2014-12-09,13.39,13.39,12.55,12.7,33143876.0,426815488.0,891116632.0,0.0371936453768265,000988
2014-12-10,12.65,13.17,12.56,13.16,20806444.0,268332944.0,891116632.0,0.023348732649398,000988
2014-12-11,13.02,13.52,12.93,13.45,20852088.0,276510656.0,891116632.0,0.0233999537784409,000988
2014-12-12,13.49,14.12,13.4,14.03,38809864.0,536451424.0,891116632.0,0.0435519466322787,000988
2014-12-15,14.1,14.26,13.8,14.1,27240002.0,380306496.0,891116632.0,0.0305683914111929,000988
2014-12-16,14.1,14.54,13.78,13.87,25386264.0,357742784.0,891116632.0,0.0284881496858875,000988
2014-12-17,13.97,13.97,13.36,13.6,24252056.0,328392960.0,891116632.0,0.0272153555764853,000988
2014-12-18,13.46,13.72,13.35,13.48,17404984.0,235384144.0,891116632.0,0.0195316565475124,000988
2014-12-19,13.44,13.44,12.88,13.26,15760508.0,207428384.0,891116632.0,0.0176862460356367,000988
2014-12-22,13.33,13.35,12.19,12.6,22822272.0,286471968.0,891116632.0,0.0256108697564967,000988
2014-12-23,12.5,12.89,12.29,12.57,12601715.0,159174928.0,891116632.0,0.0141414878226624,000988
2014-12-24,12.5,12.95,12.45,12.79,13683734.0,173466992.0,891116632.0,0.0153557160854338,000988
2014-12-25,12.91,13.38,12.81,13.14,19247348.0,253325088.0,891116632.0,0.0215991345114968,000988
2014-12-26,13.1,13.25,12.92,13.05,9843757.0,128330136.0,891116632.0,0.0110465416607778,000988
2014-12-29,13.15,13.15,12.28,12.42,23652894.0,296592320.0,891116632.0,0.0265429834329475,000988
2014-12-30,12.45,12.48,11.48,11.88,26222712.0,309049600.0,891116632.0,0.0294268012270699,000988
2014-12-31,11.72,11.98,11.6,11.94,14452507.0,170154384.0,891116632.0,0.0162184235834125,000988
2015-01-05,11.87,11.87,11.3,11.63,20381294.0,236456016.0,891116632.0,0.022871634607758,000988
2015-01-06,11.59,12.03,11.5,11.95,19964552.0,236151120.0,891116632.0,0.0224039719191325,000988
2015-01-07,11.95,12.05,11.77,11.84,12458466.0,148278192.0,891116632.0,0.0139807355767095,000988
2015-01-08,11.84,12.35,11.7,12.08,19187092.0,231404256.0,891116632.0,0.0215315159778097,000988
2015-01-09,12.08,12.26,11.87,11.87,12992063.0,156697792.0,891116632.0,0.0145795314927979,000988
2015-01-12,11.78,11.78,11.26,11.35,12095954.0,138777904.0,891116632.0,0.0135739291195274,000988
2015-01-13,11.35,12.15,11.34,12.03,17144210.0,202675872.0,891116632.0,0.0192390192084306,000988
2015-01-14,12.0,12.15,11.85,11.9,9085083.0,108525400.0,891116632.0,0.0101951671349794,000988
2015-01-15,11.9,12.04,11.75,11.85,9518226.0,112852136.0,891116632.0,0.010681234821796,000988
2015-01-16,11.96,12.15,11.93,12.05,21216232.0,255478544.0,891116632.0,0.0238085916457229,000988
2015-01-19,11.65,12.08,11.33,11.5,14804076.0,173680224.0,891116632.0,0.0166129499421126,000988
2015-01-20,11.68,12.32,11.66,12.28,28132168.0,338585152.0,891116632.0,0.0315695689989096,000988
2015-01-21,12.17,12.44,12.17,12.39,36258320.0,445728672.0,891116632.0,0.0406886356936495,000988
2015-01-22,12.31,12.77,12.23,12.68,30045416.0,376090240.0,891116632.0,0.0337165921059814,000988
2015-01-23,12.78,12.89,12.36,12.43,23837668.0,299476736.0,891116632.0,0.0267503345173788,000988
2015-01-26,12.43,12.91,12.3,12.75,26627956.0,337952416.0,891116632.0,0.0298815610031168,000988
2015-01-27,12.72,13.12,12.5,13.05,47900828.0,617132608.0,891116632.0,0.0537537133523056,000988
2015-01-28,12.9,12.96,12.64,12.69,26715216.0,341613408.0,891116632.0,0.0299794830897062,000988
2015-01-29,12.46,12.62,12.26,12.29,19116418.0,237356816.0,891116632.0,0.0214522064941101,000988
2015-01-30,12.36,12.52,12.26,12.26,13776179.0,170719680.0,891116632.0,0.015459456714528,000988
2015-02-02,12.27,12.52,12.14,12.28,13083370.0,161823200.0,891116632.0,0.0146819950724474,000988
2015-02-03,12.33,12.76,12.29,12.65,25348138.0,318278560.0,891116632.0,0.0284453651629296,000988
2015-02-04,12.75,12.89,12.58,12.64,26772248.0,340884032.0,891116632.0,0.030043483690696,000988
2015-02-05,12.65,12.88,12.5,12.51,28862350.0,366570656.0,891116632.0,0.0323889701567145,000988
2015-02-06,12.55,12.6,11.76,11.89,25763328.0,312820768.0,891116632.0,0.0289112862164601,000988
2015-02-09,11.8,12.01,11.7,11.7,11034486.0,130870488.0,891116632.0,0.0123827629333261,000988
2015-02-10,11.7,11.87,11.63,11.85,12221652.0,143457040.0,891116632.0,0.0137149858515938,000988
2015-02-11,11.9,12.16,11.85,12.08,13027556.0,156962544.0,891116632.0,0.0146193612959072,000988
2015-02-12,12.13,12.51,12.11,12.34,19699336.0,244080304.0,891116632.0,0.0221063498229039,000988
2015-02-13,12.39,12.53,12.32,12.4,16622762.0,206647984.0,891116632.0,0.0186538567490231,000988
2015-02-16,12.44,12.7,12.41,12.66,20585936.0,258798464.0,891116632.0,0.0231012813146551,000988
2015-02-17,12.66,12.78,12.46,12.69,21201048.0,267599216.0,891116632.0,0.0237915523497938,000988
2015-02-25,12.79,13.09,12.69,12.75,26527660.0,342251904.0,891116632.0,0.0297690100794796,000988
2015-02-26,12.7,12.82,12.5,12.8,17613676.0,222809760.0,891116632.0,0.0197658481140322,000988
2015-02-27,12.8,13.13,12.8,13.05,30851384.0,400965696.0,891116632.0,0.0346210393702987,000988
2015-03-02,13.13,13.36,13.02,13.21,29820322.0,392971168.0,891116632.0,0.0334639944190829,000988
2015-03-03,13.15,13.61,13.08,13.17,39964960.0,534149280.0,891116632.0,0.0448481809954591,000988
2015-03-04,13.16,13.4,12.9,13.39,32933620.0,433819456.0,891116632.0,0.0369576987089609,000988
2015-03-05,13.33,13.48,13.08,13.22,25227814.0,334463136.0,891116632.0,0.028310339066817,000988
2015-03-06,13.19,13.29,12.88,12.9,21937872.0,286735424.0,891116632.0,0.0246184070773801,000988
2015-03-09,12.89,13.94,12.72,13.56,42253392.0,568739840.0,891116632.0,0.0474162309204885,000988
2015-03-10,13.63,13.91,13.49,13.7,36630264.0,502432000.0,891116632.0,0.0411060266239088,000988
2015-03-11,13.7,13.88,13.54,13.77,22907750.0,314546432.0,891116632.0,0.0257067921048521,000988
2015-03-12,13.8,14.25,13.67,14.06,34454260.0,482597632.0,891116632.0,0.038664142002009,000988
2015-03-13,14.04,14.25,13.84,13.94,22565948.0,315398880.0,891116632.0,0.0253232261520622,000988
2015-03-16,14.1,14.41,13.99,14.35,33184948.0,473266304.0,891116632.0,0.0372397358643397,000988
2015-03-17,14.55,15.75,14.4,15.1,58530276.0,884051904.0,891116632.0,0.0656819476802224,000988
2015-03-18,14.95,15.33,14.88,15.16,33578008.0,506515168.0,891116632.0,0.037680822907141,000988
2015-03-19,15.13,15.36,14.85,14.98,30244964.0,455266144.0,891116632.0,0.0339405223894418,000988
2015-03-20,15.06,15.48,15.0,15.32,32333286.0,492205792.0,891116632.0,0.0362840113616014,000988
2015-03-23,15.38,15.48,15.1,15.4,37002976.0,565805632.0,891116632.0,0.0415242793942151,000988
2015-03-24,15.42,15.58,14.68,15.09,48916800.0,735717888.0,891116632.0,0.054893824493223,000988
2015-03-25,15.13,16.16,14.8,15.82,69712496.0,1086874240.0,891116632.0,0.0782304958707133,000988
2015-03-26,15.85,16.19,15.19,15.46,44090416.0,692152704.0,891116632.0,0.0494777164028961,000988
2015-03-27,15.46,15.63,15.17,15.48,21456426.0,330810240.0,891116632.0,0.0240781343647954,000988
2015-03-30,15.63,16.2,15.63,15.93,35394956.0,565451200.0,891116632.0,0.0397197793520702,000988
2015-03-31,15.74,16.37,15.4,16.0,51381640.0,811384128.0,891116632.0,0.0576598372815467,000988
2015-04-01,16.0,16.84,15.97,16.68,55463472.0,910655296.0,891116632.0,0.0622404183788144,000988
2015-04-02,16.78,16.88,16.23,16.64,46785776.0,776889664.0,891116632.0,0.0525024158678254,000988
2015-04-03,16.4,17.05,16.3,16.82,40741140.0,682721664.0,891116632.0,0.0457192005367037,000988
2015-04-07,16.85,17.42,16.69,17.29,45066452.0,766571328.0,891116632.0,0.0505730118613699,000988
2015-04-08,17.25,17.48,16.5,16.86,38916000.0,659541504.0,891116632.0,0.0436710511312732,000988
2015-04-09,16.75,17.05,15.91,16.29,34442588.0,564593472.0,891116632.0,0.0386510438287947,000988
2015-04-10,16.29,16.74,16.1,16.57,24538832.0,405071392.0,891116632.0,0.0275371720365331,000988
2015-04-13,16.59,16.89,16.3,16.75,36508080.0,607603072.0,891116632.0,0.0409689132589324,000988
2015-04-14,16.78,17.9,16.61,17.07,48265028.0,833183872.0,891116632.0,0.054162414062091,000988
2015-04-15,16.98,16.98,16.08,16.1,32475584.0,534600800.0,891116632.0,0.0364436964071836,000988
2015-04-16,16.06,16.4,15.51,16.0,29131720.0,466191328.0,891116632.0,0.0326912538200723,000988
2015-04-17,16.25,16.35,15.71,15.85,37263464.0,594627904.0,891116632.0,0.0418165957876544,000988
2015-04-20,15.84,16.26,15.56,15.92,36122560.0,572719488.0,891116632.0,0.0405362875103424,000988
2015-04-21,15.88,16.58,15.82,16.53,34141148.0,556257920.0,891116632.0,0.0383127716103496,000988
2015-04-22,16.55,17.4,16.52,17.39,54710236.0,924992768.0,891116632.0,0.0613951463089738,000988
2015-04-23,17.4,17.97,17.12,17.26,69121648.0,1210622336.0,891116632.0,0.0775674535945593,000988
2015-04-24,16.9,17.27,16.61,17.04,44688520.0,757664128.0,891116632.0,0.0501489012719942,000988
2015-04-27,17.15,17.51,16.72,16.88,37915264.0,648269696.0,891116632.0,0.0425480376400381,000988
2015-04-28,16.8,16.98,15.69,15.84,45594160.0,739087616.0,891116632.0,0.0511651992149104,000988
2015-04-29,15.88,16.45,15.88,16.09,38681928.0,626119808.0,891116632.0,0.0434083784444503,000988
2015-04-30,16.23,16.39,15.91,15.98,36608272.0,589192128.0,891116632.0,0.0410813474750631,000988
2015-05-04,15.95,16.1,15.62,16.1,27801140.0,442074848.0,891116632.0,0.031198093494904,000988
2015-05-05,16.35,16.88,16.1,16.21,51561064.0,849609408.0,891116632.0,0.0578611846625257,000988
2015-05-06,16.32,17.28,16.32,16.66,71999848.0,1210834304.0,891116632.0,0.0807973338331766,000988
2015-05-07,16.66,17.12,16.05,16.11,43717828.0,725667072.0,891116632.0,0.0490596027838474,000988
2015-05-08,16.21,17.72,16.21,17.72,93870272.0,1612251648.0,891116632.0,0.1053400516039296,000988
2015-05-11,17.98,19.02,17.85,18.8,102083096.0,1893046272.0,891116632.0,0.114556380538973,000988
2015-05-12,18.7,19.32,18.1,19.0,81730536.0,1522047104.0,891116632.0,0.0917169908685982,000988
2015-05-13,18.98,19.88,18.5,19.1,69674928.0,1341486592.0,891116632.0,0.0781883375284145,000988
2015-05-14,19.15,19.74,19.0,19.02,49246680.0,948066816.0,891116632.0,0.0552640117259084,000988
2015-05-15,18.8,18.81,18.05,18.22,54016772.0,990042432.0,891116632.0,0.0606169496340407,000988
2015-05-18,18.24,18.78,18.2,18.34,39095392.0,723405120.0,891116632.0,0.0438723626022502,000988
2015-05-19,18.34,20.17,18.31,20.17,57280736.0,1100541824.0,891116632.0,0.0642797294350129,000988
2015-05-20,20.64,21.6,20.15,20.45,86382536.0,1816283392.0,891116632.0,0.0969374074032544,000988
2015-05-21,20.55,21.5,20.37,21.34,54119472.0,1140317184.0,891116632.0,0.0607321982965749,000988
2015-05-22,21.91,22.34,20.49,21.82,59661392.0,1269996032.0,891116632.0,0.0669512719856854,000988
2015-05-25,21.16,22.18,21.16,21.87,56801544.0,1234578176.0,891116632.0,0.0637419861331911,000988
2015-05-26,21.92,23.88,21.92,22.97,62086080.0,1423424512.0,891116632.0,0.0696722266990523,000988
2015-05-27,22.97,23.36,21.91,22.7,48600208.0,1103102336.0,891116632.0,0.0545385488888507,000988
2015-05-28,22.95,23.8,21.18,21.2,66754692.0,1525682816.0,891116632.0,0.074911285013475,000988
2015-05-29,21.25,22.19,20.23,21.58,56472560.0,1215719168.0,891116632.0,0.0633728043805605,000988
2015-06-01,21.58,23.74,21.58,23.74,58965272.0,1357208960.0,891116632.0,0.0661700947805898,000988
2015-06-02,24.68,26.11,24.02,26.11,81041384.0,2060027136.0,891116632.0,0.0909436330664289,000988
2015-06-03,27.2,27.86,24.7,26.75,86724896.0,2307635456.0,891116632.0,0.0973215995367035,000988
2015-06-04,26.5,26.5,24.08,26.05,71299928.0,1801646208.0,891116632.0,0.0800118923153484,000988
2015-06-05,26.35,27.18,25.3,26.03,59390332.0,1563207424.0,891116632.0,0.0666470918253493,000988
2015-06-08,25.5,25.52,24.36,24.76,51840272.0,1286914944.0,891116632.0,0.0581745084071105,000988
2015-06-09,24.5,25.29,24.16,24.88,40771700.0,1011902464.0,891116632.0,0.0457534945885736,000988
2015-06-10,24.59,26.4,24.29,25.95,51373488.0,1318165504.0,891116632.0,0.0576506892085479,000988
2015-06-11,25.9,25.98,25.3,25.77,34241636.0,876187008.0,891116632.0,0.0384255379939985,000988
2015-06-12,25.99,26.2,25.4,25.78,42060884.0,1085206528.0,891116632.0,0.0472002008374589,000988
2015-06-15,25.77,27.06,25.68,26.2,58458224.0,1546714240.0,891116632.0,0.0656010918220635,000988
2015-06-16,25.98,25.98,24.01,24.2,44801852.0,1109336448.0,891116632.0,0.050276081032679,000988
2015-06-17,23.83,24.49,22.3,24.21,41653396.0,979587200.0,891116632.0,0.0467429228725247,000988
2015-06-18,23.9,24.2,22.6,22.75,28429300.0,667592832.0,891116632.0,0.0319030068333412,000988
2015-06-19,22.05,22.46,20.48,20.48,34793916.0,746181248.0,891116632.0,0.0390452997402925,000988
2015-06-23,20.48,21.0,18.6,20.84,31369136.0,632142720.0,891116632.0,0.03520205422448,000988
2015-06-24,21.06,22.04,20.85,21.41,33318316.0,711910592.0,891116632.0,0.0373893997750005,000988
2015-06-25,21.55,22.27,20.28,20.8,36554824.0,789836544.0,891116632.0,0.0410213687942926,000988
2015-06-26,19.9,20.35,18.72,18.72,32903600.0,634034368.0,891116632.0,0.0369240106383739,000988
2015-06-29,19.33,19.49,16.85,16.85,43693968.0,769623168.0,891116632.0,0.0490328273886375,000988
2015-06-30,16.52,17.88,15.17,17.81,46140400.0,757561280.0,891116632.0,0.0517781829483348,000988
2015-07-01,17.39,18.46,16.46,16.72,40905308.0,728688256.0,891116632.0,0.0459034278242491,000988
2015-07-02,16.86,17.0,15.05,15.05,37447952.0,589958784.0,891116632.0,0.0420236259264432,000988
2015-07-03,14.21,15.35,13.55,13.55,42647736.0,594968960.0,891116632.0,0.0478587588521184,000988
2015-07-06,14.91,14.91,12.2,12.7,58981720.0,777629760.0,891116632.0,0.0661885525215962,000988
2015-07-07,12.0,12.4,11.43,11.43,22743580.0,263655744.0,891116632.0,0.0255225625729315,000988
2015-07-08,10.29,11.38,10.29,10.29,147199968.0,1538139264.0,891116632.0,0.1651859730971781,000988
2015-07-09,10.28,11.32,10.28,11.32,49789488.0,550455424.0,891116632.0,0.0558731441116228,000988
2015-07-10,12.0,12.45,11.82,12.45,20465188.0,251738336.0,891116632.0,0.0229657794110165,000988
2015-07-13,13.7,13.7,13.3,13.7,15817230.0,216307552.0,891116632.0,0.0177498987584826,000988
2015-07-14,14.81,15.07,14.49,15.07,82204976.0,1227945856.0,891116632.0,0.0922494015351292,000988
2015-07-15,14.5,14.85,13.56,13.56,60557672.0,848217856.0,891116632.0,0.0679570662530289,000988
2015-07-16,13.56,14.87,12.6,14.39,52901212.0,745065664.0,891116632.0,0.0593650820782795,000988
2015-07-17,14.4,15.79,14.4,15.56,47806052.0,730541952.0,891116632.0,0.0536473569040062,000988
2015-07-20,15.6,16.28,15.16,15.89,58501856.0,925560128.0,891116632.0,0.0656500551097333,000988
2015-07-21,15.48,16.2,15.26,15.85,42949620.0,678829376.0,891116632.0,0.0481975293218407,000988
2015-07-22,15.85,16.31,15.51,16.3,43677528.0,697281600.0,891116632.0,0.0490143786251315,000988
2015-07-23,16.34,16.8,16.02,16.6,47932776.0,788168384.0,891116632.0,0.0537895650005105,000988
2015-07-24,16.65,17.16,15.81,16.11,51734496.0,860134592.0,891116632.0,0.058055807895638,000988
2015-07-27,15.6,16.36,14.5,14.5,46370640.0,718056896.0,891116632.0,0.0520365554124232,000988
2015-07-28,13.98,14.94,13.05,13.7,46605080.0,638724736.0,891116632.0,0.0522996410642686,000988
2015-07-29,14.05,15.07,13.43,15.07,40697216.0,574146112.0,891116632.0,0.0456699095702659,000988
2015-07-30,15.0,15.65,14.64,14.67,43590668.0,662697408.0,891116632.0,0.0489169054135665,000988
2015-07-31,14.39,15.45,14.37,14.98,36106984.0,538286912.0,891116632.0,0.0405188083168893,000988
2015-08-03,14.72,15.06,13.75,14.25,33296694.0,482369920.0,891116632.0,0.0373651358355524,000988
2015-08-04,14.35,15.68,14.35,15.68,41199408.0,628127296.0,891116632.0,0.0462334631859951,000988
2015-08-05,16.2,16.8,15.82,16.12,76375144.0,1237844224.0,891116632.0,0.0857072365809013,000988
2015-08-06,15.71,16.98,15.55,16.68,60741444.0,1003664192.0,891116632.0,0.0681632929055239,000988
2015-08-07,16.88,17.09,16.42,16.97,55209824.0,927914432.0,891116632.0,0.0619557777482936,000988
2015-08-10,17.0,18.03,16.98,17.69,51298780.0,894058368.0,891116632.0,0.0575668528202265,000988
2015-08-11,17.56,17.95,17.2,17.49,44184416.0,774170688.0,891116632.0,0.049583202033648,000988
2015-08-12,17.2,17.98,17.05,17.37,39546684.0,698743552.0,891116632.0,0.0443787968711148,000988
2015-08-13,17.32,17.88,16.8,17.8,34640216.0,602556416.0,891116632.0,0.0388728195121376,000988
2015-08-14,17.82,18.14,17.44,17.45,31824048.0,566371840.0,891116632.0,0.0357125508123161,000988
2015-08-17,17.4,18.49,17.2,18.46,38495164.0,690160768.0,891116632.0,0.0431987942067722,000988
2015-08-18,18.4,18.77,16.61,16.61,48276560.0,857260544.0,891116632.0,0.0541753551290466,000988
2015-08-19,15.89,17.8,15.55,17.65,38409104.0,644306624.0,891116632.0,0.0431022187452562,000988
2015-08-20,17.38,19.3,17.05,17.75,51259944.0,934864896.0,891116632.0,0.0575232715441001,000988
2015-08-21,17.05,17.47,15.98,16.11,42321688.0,707149696.0,891116632.0,0.0474928718421675,000988
2015-08-24,16.21,16.7,14.5,14.5,63238696.0,989172160.0,891116632.0,0.070965678037081,000988
2015-08-25,13.09,14.05,13.05,13.05,37070504.0,494474112.0,891116632.0,0.0416000584758471,000988
2015-08-26,13.25,13.89,11.75,12.38,55539608.0,727355712.0,891116632.0,0.0623258572509731,000988
2015-08-27,12.96,13.38,11.73,13.0,34077928.0,433888352.0,891116632.0,0.0382418269127312,000988
2015-08-28,13.35,14.25,13.11,14.25,39131832.0,529886176.0,891116632.0,0.04391325511698,000988
2015-08-31,14.0,14.1,13.2,13.2,29370908.0,400119968.0,891116632.0,0.0329596676184582,000988
2015-09-01,13.25,13.36,11.88,11.88,31879568.0,394231360.0,891116632.0,0.0357748546657133,000988
2015-09-02,11.0,12.35,10.8,11.78,28023308.0,324650880.0,891116632.0,0.0314474076609985,000988
2015-09-07,12.25,12.66,10.71,11.09,63827868.0,732279232.0,891116632.0,0.0716268395268825,000988
2015-09-08,10.89,11.9,10.71,11.76,34014712.0,381688640.0,891116632.0,0.038170886703863,000988
2015-09-09,11.92,12.53,11.66,12.25,77845128.0,939567808.0,891116632.0,0.0873568343408497,000988
2015-09-10,11.89,12.18,11.8,11.85,33058226.0,396183328.0,891116632.0,0.0370975300122105,000988
2015-09-11,11.94,12.45,11.85,12.3,42855368.0,522755392.0,891116632.0,0.0480917608998234,000988
2015-09-14,12.44,12.47,11.07,11.07,42762464.0,496303104.0,891116632.0,0.0479875051866386,000988
2015-09-15,10.6,10.85,9.96,9.96,41372088.0,424633344.0,891116632.0,0.0464272425340614,000988
2015-09-16,9.96,10.96,9.94,10.95,41802504.0,433494592.0,891116632.0,0.0469102500153986,000988
2015-09-17,10.84,11.38,10.5,10.51,50834784.0,558100800.0,891116632.0,0.0570461622805846,000988
2015-09-18,10.65,11.09,10.52,11.01,34313124.0,370722496.0,891116632.0,0.0385057609383728,000988
2015-09-21,10.73,11.51,10.66,11.47,37099696.0,414623424.0,891116632.0,0.0416328173751334,000988
2015-09-22,11.5,11.84,11.31,11.51,38145696.0,441820032.0,891116632.0,0.0428066255641382,000988
2015-09-23,11.25,11.48,11.04,11.21,30393212.0,342260672.0,891116632.0,0.0341068844510131,000988
2015-09-24,11.39,11.67,11.34,11.61,33633288.0,387162880.0,891116632.0,0.0377428574355236,000988
2015-09-25,11.49,11.56,10.76,10.88,31273388.0,348231776.0,891116632.0,0.0350946070098711,000988
2015-09-28,10.97,11.25,10.74,11.19,17290264.0,190656912.0,891116632.0,0.0194029191904926,000988
2015-09-29,10.9,11.03,10.66,10.88,15447733.0,167872208.0,891116632.0,0.0173352538211855,000988
2015-09-30,10.92,11.1,10.82,10.97,16282881.0,178768016.0,891116632.0,0.0182724465185383,000988
2015-10-08,11.44,11.9,11.22,11.68,33770836.0,392580448.0,891116632.0,0.0378972120901902,000988
2015-10-09,11.7,12.16,11.58,12.01,34219240.0,409512832.0,891116632.0,0.0384004054813781,000988
2015-10-12,12.25,12.99,12.25,12.84,42921824.0,543197568.0,891116632.0,0.0481663369963899,000988
2015-10-13,12.68,13.2,12.58,12.97,38539124.0,499549728.0,891116632.0,0.0432481255719621,000988
2015-10-14,12.77,14.27,12.72,14.27,98098320.0,1365493632.0,891116632.0,0.1100847144776442,000988
2015-10-15,14.28,15.09,14.11,14.84,68228960.0,996401664.0,891116632.0,0.0765656902249356,000988
2015-10-16,14.69,14.87,14.26,14.77,53267096.0,776851520.0,891116632.0,0.0597756725519179,000988
2015-10-19,14.85,15.44,14.51,15.15,55293808.0,824690560.0,891116632.0,0.0620500235484326,000988
2015-10-20,15.08,16.18,14.92,15.43,60541348.0,945232256.0,891116632.0,0.06793874766328,000988
2015-10-21,15.36,15.37,13.89,13.89,53745508.0,783390656.0,891116632.0,0.060312540547442,000988
2015-10-22,13.99,14.83,13.99,14.75,40199372.0,579601664.0,891116632.0,0.0451112352260528,000988
2015-10-23,14.86,15.68,14.68,15.51,47644244.0,724083008.0,891116632.0,0.0534657779791052,000988
2015-10-26,15.8,16.21,15.2,15.77,44811596.0,700877120.0,891116632.0,0.0502870156282752,000988
2015-10-27,15.59,17.35,14.57,17.35,63017604.0,1022363712.0,891116632.0,0.0707175713448023,000988
2015-10-28,17.8,19.07,17.5,18.0,85033624.0,1559326976.0,891116632.0,0.0954236751357144,000988
2015-10-29,17.9,18.88,17.55,17.64,52641860.0,963838592.0,891116632.0,0.0590740404899097,000988
2015-10-30,17.4,18.0,16.61,17.74,40417692.0,698540160.0,891116632.0,0.0453562312144118,000988
2015-11-02,17.0,17.58,16.15,16.32,33570304.0,569799232.0,891116632.0,0.0376721775741696,000988
2015-11-03,16.54,17.07,15.48,15.86,40969840.0,662902976.0,891116632.0,0.0459758448319478,000988
2015-11-04,16.15,17.3,16.0,17.27,38616600.0,646096576.0,891116632.0,0.0433350681754529,000988
2015-11-05,17.2,17.91,16.9,17.59,46785704.0,816116160.0,891116632.0,0.052502335070321,000988
2015-11-06,17.99,18.25,17.69,17.83,45251888.0,812019328.0,891116632.0,0.0507811058339667,000988
2015-11-09,17.59,18.22,17.4,17.62,37974708.0,672215104.0,891116632.0,0.0426147449574255,000988
2015-11-10,17.4,17.84,17.0,17.2,39068272.0,680568960.0,891116632.0,0.0438419288755907,000988
2015-11-11,17.19,18.92,17.18,18.92,74620368.0,1368622208.0,891116632.0,0.0837380487810264,000988
2015-11-12,19.0,19.1,18.18,18.39,53645236.0,992813952.0,891116632.0,0.0602000165563064,000988
2015-11-13,18.01,18.23,17.49,17.73,31235512.0,556457600.0,891116632.0,0.0350521030338035,000988
2015-11-16,17.46,18.58,17.31,18.53,45455176.0,825253568.0,891116632.0,0.0510092330989059,000988
2015-11-17,18.53,18.86,18.0,18.06,42010680.0,773134656.0,891116632.0,0.0471438625331369,000988
2015-11-18,18.11,18.28,17.3,17.39,26417336.0,469808000.0,891116632.0,0.0296452058589789,000988
2015-11-19,17.38,18.3,17.38,18.21,29853100.0,533013568.0,891116632.0,0.0335007774829636,000988
2015-11-20,18.3,19.82,18.16,18.69,50319328.0,954440064.0,891116632.0,0.0564677239690438,000988
2015-11-23,18.82,19.0,17.91,18.03,30416900.0,559227904.0,891116632.0,0.0341334668299626,000988
2015-11-24,18.1,18.42,17.6,18.18,21196832.0,382592064.0,891116632.0,0.0237868212070358,000988
2015-11-25,18.2,18.52,17.97,18.51,27586572.0,504340000.0,891116632.0,0.0309573079542746,000988
2015-11-26,18.6,18.68,17.91,18.07,22522260.0,410386528.0,891116632.0,0.0252742000218889,000988
2015-11-27,18.0,18.0,16.26,16.42,33958432.0,580752128.0,891116632.0,0.0381077299879192,000988
2015-11-30,16.48,16.8,15.0,16.15,30891488.0,493627520.0,891116632.0,0.0346660435802526,000988
2015-12-01,16.15,16.28,15.81,16.05,19762280.0,316804256.0,891116632.0,0.0221769847967555,000988
2015-12-02,16.1,16.44,15.66,16.21,22622132.0,364858208.0,891116632.0,0.0253862751380001,000988
2015-12-03,16.28,16.61,16.0,16.6,23370186.0,381606496.0,891116632.0,0.0262257320318986,000988
2015-12-04,16.36,17.3,16.29,16.9,34631676.0,581232512.0,891116632.0,0.0388632360303651,000988
2015-12-07,16.66,16.88,16.29,16.75,26328332.0,436728544.0,891116632.0,0.0295453266772828,000988
2015-12-08,16.64,16.69,15.88,16.03,20295112.0,329327520.0,891116632.0,0.0227749222393595,000988
2015-12-09,16.0,16.09,15.6,15.7,17673946.0,280137152.0,891116632.0,0.0198334823583452,000988
2015-12-10,15.84,15.95,15.45,15.45,20880560.0,328061728.0,891116632.0,0.0234319047026831,000988
2015-12-11,15.55,17.0,15.49,17.0,87558288.0,1458953600.0,891116632.0,0.0982568216726988,000988
2015-12-14,18.19,18.19,16.83,17.52,114384120.0,2009885696.0,891116632.0,0.1283604366616737,000988
2015-12-15,17.15,19.27,17.01,19.27,83483824.0,1552505856.0,891116632.0,0.093684508853382,000988
2015-12-16,19.97,21.15,19.34,20.26,157683152.0,3173636352.0,891116632.0,0.176950071783645,000988
2015-12-17,19.89,22.29,19.85,22.18,158019456.0,3391721728.0,891116632.0,0.1773274679492235,000988
2015-12-18,21.58,21.98,21.02,21.16,122641656.0,2632746496.0,891116632.0,0.137626940846953,000988
2015-12-21,21.3,22.4,21.14,21.26,101615024.0,2202137600.0,891116632.0,0.1140311159628316,000988
2015-12-22,20.92,21.16,20.41,21.05,72773808.0,1511167104.0,891116632.0,0.0816658621180353,000988
2015-12-23,20.88,21.45,20.5,20.83,58548424.0,1224986112.0,891116632.0,0.0657023131400828,000988
2015-12-24,20.61,21.66,20.61,21.66,71475368.0,1518216960.0,891116632.0,0.0802087689010836,000988
2015-12-25,21.5,21.77,20.75,20.91,54488960.0,1156506752.0,891116632.0,0.0611468331341839,000988
2015-12-28,20.91,21.07,19.58,19.59,69852272.0,1411098624.0,891116632.0,0.0783873507592662,000988
2015-12-29,19.5,20.15,19.41,20.08,39310532.0,777216896.0,891116632.0,0.0441137900341646,000988
2015-12-30,20.08,21.88,19.96,21.2,77364824.0,1633246336.0,891116632.0,0.0868178431664599,000988
2015-12-31,21.01,21.75,20.48,21.18,69448016.0,1471587072.0,891116632.0,0.0779336997045298,000988
2016-01-04,21.14,22.15,19.35,19.54,77616904.0,1653370368.0,891116632.0,0.0871007242068847,000988
2016-01-05,18.5,21.49,18.5,21.2,129758240.0,2700261888.0,891116632.0,0.1456130828899173,000988
2016-01-06,20.67,22.88,20.11,22.3,146296000.0,3122098688.0,891116632.0,0.1641715514518642,000988
2016-01-07,21.4,21.69,20.07,20.07,32360464.0,671147328.0,891116632.0,0.0363145101751394,000988
2016-01-08,20.66,21.41,18.91,20.9,108503936.0,2239403008.0,891116632.0,0.1217617673193647,000988
2016-01-11,19.5,20.28,18.81,18.81,85043464.0,1625544832.0,891116632.0,0.0954347174613165,000988
2016-01-12,18.06,18.27,16.93,16.93,85223592.0,1466065664.0,891116632.0,0.0956368548623386,000988
2016-01-13,17.01,17.48,15.28,15.3,69529584.0,1148533632.0,891116632.0,0.0780252342995209,000988
2016-01-14,14.34,16.39,14.18,16.19,72186176.0,1095661440.0,891116632.0,0.081006428797078,000988
2016-01-15,15.7,16.1,14.61,14.91,60872228.0,941798144.0,891116632.0,0.0683100570835266,000988
2016-01-18,14.6,16.16,14.6,15.72,69892048.0,1090836608.0,891116632.0,0.0784319868917001,000988
2016-01-19,15.58,16.67,15.55,16.48,68616600.0,1104994432.0,891116632.0,0.0770006950111554,000988
2016-01-20,16.16,16.8,15.8,16.02,64663680.0,1052544832.0,891116632.0,0.0725647773567759,000988
2016-01-21,15.78,16.48,14.9,14.95,59345832.0,942468544.0,891116632.0,0.0665971544788763,000988
2016-01-22,15.26,15.35,14.58,15.29,43536620.0,658607296.0,891116632.0,0.0488562534202593,000988
2016-01-25,15.53,16.13,15.33,15.76,48077676.0,755726336.0,891116632.0,0.0539521699781269,000988
2016-01-26,15.48,15.54,14.18,14.18,52508476.0,778556096.0,891116632.0,0.0589243586242479,000988
2016-01-27,14.32,14.38,12.86,13.74,50575976.0,686654208.0,891116632.0,0.0567557311622481,000988
2016-01-28,13.52,13.91,12.58,12.63,38825544.0,516795456.0,891116632.0,0.0435695425332382,000988
2016-01-29,12.66,13.57,12.58,13.25,43627712.0,572838336.0,891116632.0,0.0489584757295832,000988
2016-02-01,13.17,13.39,12.25,12.63,38256648.0,494043904.0,891116632.0,0.0429311345184274,000988
2016-02-02,12.7,13.64,12.61,13.37,41635664.0,550988928.0,891116632.0,0.0467230242426897,000988
2016-02-03,13.1,14.5,12.91,14.22,59169704.0,808251264.0,891116632.0,0.066399505828099,000988
2016-02-04,14.05,14.55,14.02,14.36,55263200.0,790814592.0,891116632.0,0.0620156756315597,000988
2016-02-05,14.31,14.9,14.1,14.26,39580608.0,574921216.0,891116632.0,0.0444168659619406,000988
2016-02-15,15.66,15.69,14.88,15.16,71157688.0,1090073984.0,891116632.0,0.0798522723566447,000988
2016-02-16,15.08,16.32,14.95,15.97,79364480.0,1235945088.0,891116632.0,0.089061832256319,000988
2016-02-17,15.87,16.08,15.43,15.99,64140300.0,1014262976.0,891116632.0,0.0719774468310002,000988
2016-02-18,16.39,16.84,15.66,15.75,63695124.0,1035186368.0,891116632.0,0.0714778758612598,000988
2016-02-19,15.59,16.16,15.5,15.91,46255152.0,733067392.0,891116632.0,0.0519069562153565,000988
2016-02-22,16.14,16.46,15.9,16.22,48109108.0,779383168.0,891116632.0,0.0539874425775502,000988
2016-02-23,16.3,16.37,15.55,15.81,44782324.0,711075328.0,891116632.0,0.050254166953984,000988
2016-02-24,15.7,15.95,15.12,15.81,38789928.0,604674240.0,891116632.0,0.0435295747010588,000988
2016-02-25,16.19,16.56,14.41,14.69,81556832.0,1289014656.0,891116632.0,0.0915220624004692,000988
2016-02-26,15.01,16.16,14.6,16.16,90181464.0,1404432256.0,891116632.0,0.1012005171507112,000988
2016-02-29,15.9,16.14,14.63,15.12,81505992.0,1237278080.0,891116632.0,0.0914650103848583,000988
2016-03-01,14.65,15.38,13.83,15.1,76692688.0,1120907008.0,891116632.0,0.0860635805078318,000988
2016-03-02,14.9,16.61,14.6,16.61,114873016.0,1820015232.0,891116632.0,0.1289090696715893,000988
2016-03-03,16.69,17.75,16.61,17.02,128093016.0,2193486336.0,891116632.0,0.1437443892305221,000988
2016-03-04,16.92,17.87,16.23,16.78,109762424.0,1881868288.0,891116632.0,0.1231740268988717,000988
2016-03-07,17.29,18.38,17.02,17.57,92365808.0,1633148032.0,891116632.0,0.1036517608168713,000988
2016-03-08,17.21,18.7,16.35,18.5,108297448.0,1903491328.0,891116632.0,0.1215300490542297,000988
2016-03-09,17.77,18.23,17.35,17.39,76122512.0,1355335680.0,891116632.0,0.0854237360929427,000988
2016-03-10,17.48,17.9,16.84,17.0,60319032.0,1041222720.0,891116632.0,0.0676892674134265,000988
2016-03-11,16.53,17.17,16.38,16.89,48873192.0,818036352.0,891116632.0,0.0548448881380546,000988
2016-03-14,17.24,18.51,17.09,17.9,83635416.0,1504190080.0,891116632.0,0.0938546235101579,000988
2016-03-15,17.98,18.45,17.61,17.95,74023520.0,1332030336.0,891116632.0,0.0830682733795052,000988
2016-03-16,18.1,18.14,17.14,17.25,63762180.0,1120026112.0,891116632.0,0.071553125270363,000988
2016-03-17,17.33,18.75,17.25,18.49,97344528.0,1767849856.0,891116632.0,0.1092388184715196,000988
2016-03-18,18.5,19.39,18.23,19.13,108612160.0,2042209920.0,891116632.0,0.121883214945987,000988
2016-03-21,19.15,19.45,18.87,19.4,94885312.0,1819956096.0,891116632.0,0.10647911686604,000988
2016-03-22,18.99,19.26,18.7,18.78,69764776.0,1324866176.0,891116632.0,0.0782891638364123,000988
2016-03-23,18.63,20.17,18.6,19.41,87704728.0,1710711552.0,891116632.0,0.0984211548191595,000988
2016-03-24,19.0,19.34,18.79,18.8,62081088.0,1178722176.0,891116632.0,0.0696666247387468,000988
2016-03-25,18.79,19.48,18.7,18.88,49379184.0,942537088.0,891116632.0,0.0554127060665163,000988
2016-03-31,19.4,20.42,19.0,19.08,89755008.0,1755563648.0,891116632.0,0.1007219535321163,000988
2016-04-01,18.85,18.94,18.21,18.55,52308292.0,967082496.0,891116632.0,0.0586997146294986,000988
2016-04-05,18.75,19.68,18.61,19.36,65844576.0,1268868096.0,891116632.0,0.073889964159035,000988
2016-04-06,19.2,19.59,19.07,19.27,49421392.0,953339520.0,891116632.0,0.055460071359099,000988
2016-04-07,19.36,19.45,18.5,18.54,49166436.0,924860224.0,891116632.0,0.0551739629072482,000988
2016-04-08,18.36,18.36,17.56,17.91,47912408.0,857555392.0,891116632.0,0.0537667082842641,000988
2016-04-11,18.05,18.49,18.05,18.11,34783044.0,635187904.0,891116632.0,0.0390330993171273,000988
2016-04-12,18.4,18.45,17.83,18.35,33330600.0,604055808.0,891116632.0,0.0374031847270021,000988
2016-04-13,18.45,19.18,18.45,18.77,63145548.0,1195694592.0,891116632.0,0.0708611485101312,000988
2016-04-14,18.97,19.3,18.66,19.23,57211676.0,1085027200.0,891116632.0,0.0642022311620371,000988
2016-04-15,19.25,19.3,18.82,19.02,43284208.0,824442240.0,891116632.0,0.0485729998135642,000988
2016-04-18,18.74,18.89,18.3,18.65,38780592.0,718612096.0,891116632.0,0.0435190979579876,000988
2016-04-19,18.85,18.95,18.41,18.73,31252688.0,582279808.0,891116632.0,0.0350713777273545,000988
2016-04-20,18.82,18.87,17.04,17.23,55899228.0,993097408.0,891116632.0,0.0627294183417283,000988
2016-04-21,17.22,17.45,16.71,16.76,32984422.0,565852544.0,891116632.0,0.0370147080814445,000988
2016-04-22,16.61,17.2,16.54,17.09,27560874.0,464523392.0,891116632.0,0.0309284699783271,000988
2016-04-25,16.9,16.98,16.34,16.84,25191536.0,420123232.0,891116632.0,0.0282696283464721,000988
2016-04-26,16.86,17.39,16.8,17.34,32316300.0,552710272.0,891116632.0,0.036264949883687,000988
2016-04-27,17.5,17.74,17.11,17.15,35285328.0,616413376.0,891116632.0,0.0395967561741121,000988
2016-04-28,17.2,17.91,17.16,17.6,48034368.0,842996352.0,891116632.0,0.0539035702792269,000988
2016-04-29,17.36,17.45,17.1,17.19,26689058.0,460315232.0,891116632.0,0.0299501289074806,000988
2016-05-03,17.3,17.84,17.2,17.78,38494264.0,678948928.0,891116632.0,0.0431977842379671,000988
2016-05-04,17.7,18.12,17.49,17.79,44302884.0,788574464.0,891116632.0,0.0497161453496471,000988
2016-05-05,17.71,18.05,17.66,17.95,32242200.0,576494720.0,891116632.0,0.0361817957854028,000988
2016-05-06,18.0,18.18,17.0,17.0,49377832.0,862831104.0,891116632.0,0.0554111888689336,000988
2016-05-09,16.69,16.7,15.82,15.93,36202704.0,586160768.0,891116632.0,0.0406262241102464,000988
2016-05-10,15.95,16.15,15.8,15.97,18140398.0,289788704.0,891116632.0,0.0203569289906374,000988
2016-05-11,16.15,16.18,15.67,15.68,20608735.0,328004687.0,891116632.0,0.0231268660688626,000988
2016-05-12,15.27,15.58,14.89,15.4,23042465.0,351437510.0,891116632.0,0.0258579676021578,000988
2016-05-13,15.44,16.58,15.4,15.87,37062224.0,593956461.0,891116632.0,0.0415907667628405,000988
2016-05-16,15.72,16.13,15.59,16.12,26176418.0,417166827.0,891116632.0,0.0293748506761121,000988
2016-05-17,16.12,16.49,15.83,16.25,37101098.0,601235996.0,891116632.0,0.0416343906820942,000988
2016-05-18,16.21,16.48,15.6,16.0,42272393.0,682159322.0,891116632.0,0.0474375536063387,000988
2016-05-19,15.83,16.39,15.75,16.02,34365743.0,555617397.0,891116632.0,0.0385648093256551,000988
2016-05-20,15.81,17.2,15.75,17.0,69287119.0,1156674906.0,891116632.0,0.077753143092497,000988
2016-05-23,17.21,17.35,16.89,17.29,63364070.0,1084195051.0,891116632.0,0.0711063711803776,000988
2016-05-24,17.12,17.48,16.8,16.91,45409264.0,777840951.0,891116632.0,0.0509577112235965,000988
2016-05-25,17.2,17.34,16.68,16.98,42883618.0,730104205.0,891116632.0,0.0481234626984271,000988
2016-05-26,16.83,17.84,16.69,17.77,72045059.0,1246260664.0,891116632.0,0.0808480690550055,000988
2016-05-27,17.7,18.16,17.44,17.87,68010036.0,1209808840.0,891116632.0,0.0763200164352897,000988
2016-05-30,18.28,18.5,17.7,17.71,70982535.0,1289993315.0,891116632.0,0.0796557178387396,000988
2016-05-31,17.8,18.71,17.7,18.68,74397120.0,1365129794.0,891116632.0,0.0834875226523658,000988
2016-06-01,18.61,18.81,18.43,18.75,62293945.0,1160682182.0,891116632.0,0.0699054902164591,000988
2016-06-02,18.69,18.95,18.45,18.73,55228262.0,1031341464.0,891116632.0,0.0619764686425468,000988
2016-06-03,18.73,18.89,18.45,18.45,44836947.0,833211233.0,891116632.0,0.0503154642051389,000988
2016-06-06,18.75,18.95,18.39,18.5,41659612.0,778154510.0,891116632.0,0.046749898390405,000988
2016-06-07,18.45,18.75,18.22,18.71,39675970.0,732652749.0,891116632.0,0.0445238800121508,000988
2016-06-08,18.62,19.1,18.37,18.85,65598172.0,1235754698.0,891116632.0,0.0736134526552075,000988
2016-06-13,18.43,20.15,18.0,18.09,91989451.0,1766057364.0,891116632.0,0.1032294176729045,000988
2016-06-14,17.96,18.97,17.88,18.78,67727404.0,1255065611.0,891116632.0,0.0760028503204954,000988
2016-06-15,18.45,19.85,18.36,19.43,85496714.0,1649689926.0,891116632.0,0.0959433489734259,000988
2016-06-16,19.48,20.3,19.22,19.94,93923520.0,1861847129.0,891116632.0,0.1053998058471879,000988
2016-06-17,19.95,20.27,19.3,19.62,74664461.0,1479144457.0,891116632.0,0.083787529397162,000988
2016-06-20,19.6,20.12,19.58,19.63,51661008.0,1022036173.0,891116632.0,0.0579733405761413,000988
2016-06-21,19.72,19.8,18.68,18.82,62320754.0,1199190627.0,891116632.0,0.069935574942787,000988
2016-06-22,18.76,19.64,18.62,19.59,48906397.0,933668745.0,891116632.0,0.0548821503760239,000988
2016-06-23,19.69,20.68,19.61,20.15,96905997.0,1959270797.0,891116632.0,0.1087467044381234,000988
2016-06-24,19.97,20.2,18.77,19.78,74283559.0,1465328934.0,891116632.0,0.0833600859107295,000988
2016-06-27,19.65,20.68,19.65,20.5,77967476.0,1584075370.0,891116632.0,0.0874941317445862,000988
2016-06-28,20.32,20.77,20.1,20.41,57727008.0,1177527583.0,891116632.0,0.0647805303223203,000988
2016-06-29,20.49,20.49,19.98,20.2,47454712.0,957290570.0,891116632.0,0.0532530875262577,000988
2016-06-30,20.3,20.48,20.0,20.05,39096174.0,789838753.0,891116632.0,0.0438732401529231,000988
2016-07-01,20.03,20.25,19.6,19.79,37416545.0,744256184.0,891116632.0,0.0419883813817089,000988
2016-07-04,19.6,20.23,19.52,20.04,36179763.0,724355460.0,891116632.0,0.0406004800054051,000988
2016-07-05,20.06,20.24,19.65,19.85,35459589.0,704656147.0,891116632.0,0.0397923097007126,000988
2016-07-06,19.75,20.47,19.75,20.15,47476424.0,960468417.0,891116632.0,0.0532774524625862,000988
2016-07-07,20.0,20.0,19.3,19.65,49126021.0,965019923.0,891116632.0,0.0551286096969627,000988
2016-07-08,19.66,20.35,19.61,19.78,49590896.0,991867334.0,891116632.0,0.055650286639471,000988
2016-07-11,19.75,20.26,19.59,20.1,46459569.0,927036987.0,891116632.0,0.0521363504300523,000988
2016-07-12,20.03,20.65,19.81,20.5,67674865.0,1371600821.0,891116632.0,0.075943891708218,000988
2016-07-13,20.57,20.67,20.15,20.37,44629512.0,909954672.0,891116632.0,0.0500826832283835,000988
2016-07-14,20.3,21.24,20.24,20.66,78250388.0,1626465493.0,891116632.0,0.0878116120718976,000988
2016-07-15,20.55,21.5,20.18,21.2,78854850.0,1637563155.0,891116632.0,0.0884899318095097,000988
2016-07-18,21.08,21.69,20.86,20.91,71168291.0,1513730408.0,891116632.0,0.079864170911356,000988
2016-07-19,20.95,21.12,20.4,20.64,40000861.0,825795860.0,891116632.0,0.0448884686510934,000988
2016-07-20,20.66,21.1,20.45,20.8,37544963.0,779986078.0,891116632.0,0.0421324904639418,000988
2016-07-21,20.78,21.77,20.7,21.33,88028523.0,1877862036.0,891116632.0,0.098784513540535,000988
2016-07-22,21.2,21.32,20.7,20.8,51477148.0,1079038285.0,891116632.0,0.0577670151711409,000988
2016-07-25,21.0,21.29,20.1,20.13,57742942.0,1186330164.0,891116632.0,0.0647984112589203,000988
2016-07-26,20.09,20.5,19.96,20.17,35409311.0,713593882.0,891116632.0,0.0397358883545111,000988
2016-07-27,20.2,20.35,18.61,18.95,60864325.0,1186042591.0,891116632.0,0.0683011884352305,000988
2016-07-28,18.81,19.16,18.26,18.85,33049958.0,618705036.0,891116632.0,0.0370882517654546,000988
2016-07-29,18.85,19.05,18.51,18.56,19238131.0,359417312.0,891116632.0,0.0215887913087453,000988
2016-08-01,18.45,18.5,17.85,18.18,22842953.0,413998125.0,891116632.0,0.0256340777174496,000988
2016-08-02,18.22,18.45,18.15,18.38,20275416.0,371143298.0,891116632.0,0.0227528196331543,000988
2016-08-03,18.31,18.75,18.18,18.64,31907835.0,590354573.0,891116632.0,0.0358065755415055,000988
2016-08-04,18.6,18.74,18.41,18.59,25996430.0,483236233.0,891116632.0,0.0291728703813486,000988
2016-08-05,18.59,18.79,18.34,18.36,20451440.0,378889783.0,891116632.0,0.0229503515764252,000988
2016-08-08,18.4,18.8,18.32,18.8,21430674.0,398237111.0,891116632.0,0.0240492357907197,000988
2016-08-09,18.94,19.28,18.75,19.16,37282797.0,709373561.0,891116632.0,0.0418382910397749,000988
2016-08-10,19.04,19.32,18.92,18.99,28083162.0,536337499.0,891116632.0,0.0315145750752859,000988
2016-08-11,19.1,19.38,18.85,18.98,35456498.0,678901461.0,891116632.0,0.039788841018961,000988
2016-08-12,19.03,19.15,18.59,18.93,26827850.0,505735935.0,891116632.0,0.0301058795634733,000988
2016-08-15,19.19,19.68,18.88,19.63,48379486.0,933708201.0,891116632.0,0.0542908574059697,000988
2016-08-16,19.6,19.6,19.22,19.24,48722547.0,942521295.0,891116632.0,0.0546758361928991,000988
2016-08-17,19.25,19.36,19.02,19.09,28883220.0,554229102.0,891116632.0,0.0324123902111166,000988
2016-08-18,19.15,19.18,18.75,18.82,30461496.0,576591704.0,891116632.0,0.0341835119064414,000988
2016-08-19,18.85,18.92,18.62,18.89,20890073.0,392340240.0,891116632.0,0.0234425800729527,000988
2016-08-22,18.85,18.88,18.35,18.38,19864119.0,369252204.0,891116632.0,0.0222912672557995,000988
2016-08-23,18.36,18.49,18.31,18.42,14610531.0,268738082.0,891116632.0,0.016395756150582,000988
2016-08-24,18.46,18.51,18.31,18.38,11885056.0,218845502.0,891116632.0,0.0133372620072475,000988
2016-08-25,18.3,18.3,17.83,18.07,20758847.0,374078633.0,891116632.0,0.023295319888048,000988
2016-08-26,18.15,18.63,18.13,18.36,24944199.0,460815073.0,891116632.0,0.02799206984165,000988
2016-08-29,18.23,18.59,18.21,18.4,12888368.0,237164656.0,891116632.0,0.0144631662536402,000988
2016-08-30,18.39,18.51,18.32,18.37,11116264.0,204734471.0,891116632.0,0.0124745331877051,000988
2016-08-31,18.37,18.45,18.1,18.38,12686465.0,232221964.0,891116632.0,0.0142365932184733,000988
2016-09-01,18.4,18.46,18.18,18.18,13581714.0,248718087.0,891116632.0,0.0152412305104411,000988
2016-09-02,18.13,18.23,17.71,17.77,20234470.0,363101696.0,891116632.0,0.0227068705412738,000988
2016-09-05,17.78,17.92,17.64,17.72,11442030.0,203577077.0,891116632.0,0.0128401037407637,000988
2016-09-06,17.77,18.14,17.55,18.12,19504143.0,349550574.0,891116632.0,0.0218873066662726,000988
2016-09-07,18.13,18.16,17.98,18.0,13249497.0,239325096.0,891116632.0,0.0148684207254253,000988
2016-09-08,18.07,18.12,17.85,17.92,10469077.0,188134236.0,891116632.0,0.0117482679865411,000988
2016-09-09,17.92,17.98,17.6,17.6,14360787.0,255365108.0,891116632.0,0.0161154965403002,000988
2016-09-12,17.27,17.35,16.72,16.74,23462503.0,399334101.0,891116632.0,0.0263293290209849,000988
2016-09-13,16.83,16.94,16.63,16.78,12162326.0,203873186.0,891116632.0,0.0136484109523387,000988
2016-09-14,16.66,17.19,16.64,16.93,16534150.0,281491548.0,891116632.0,0.0185544174648509,000988
2016-09-19,17.0,17.43,17.0,17.22,14519456.0,250643480.0,891116632.0,0.0162935529184467,000988
2016-09-20,17.22,17.35,17.1,17.24,9662055.0,166305129.0,891116632.0,0.0108426379365344,000988
2016-09-21,17.31,17.46,17.25,17.34,14904360.0,258910909.0,891116632.0,0.016725487399499,000988
2016-09-22,17.48,17.5,17.2,17.25,13081803.0,226603800.0,891116632.0,0.0146802366045391,000988
2016-09-23,17.27,17.53,17.26,17.3,13234609.0,230055614.0,891116632.0,0.0148517135970143,000988
2016-09-26,17.26,17.35,16.79,16.8,11835285.0,201600218.0,891116632.0,0.0132814096101395,000988
2016-09-27,16.78,17.06,16.73,17.04,9491700.0,160381641.0,891116632.0,0.0106514676745479,000988
2016-09-28,17.1,17.15,16.91,16.97,6194181.0,105365905.0,891116632.0,0.0069510328699599,000988
2016-09-29,17.06,17.1,16.86,16.88,9545285.0,162222611.0,891116632.0,0.0107116000950142,000988
2016-09-30,16.93,17.28,16.93,17.2,14852222.0,254504540.0,891116632.0,0.0166669787844336,000988
2016-10-10,17.39,17.8,17.31,17.69,20037303.0,351665613.0,891116632.0,0.0224856121863967,000988
2016-10-11,17.69,17.75,17.6,17.69,13857187.0,244985050.0,891116632.0,0.0155503628844849,000988
2016-10-12,17.61,17.8,17.5,17.8,16784010.0,296301210.0,891116632.0,0.0188348072488899,000988
2016-10-13,17.81,17.85,17.63,17.66,12730977.0,225313139.0,891116632.0,0.014286544031197,000988
2016-10-14,17.57,17.75,17.52,17.71,10632391.0,187608696.0,891116632.0,0.0119315369259093,000988
2016-10-17,17.72,17.78,17.32,17.36,13737748.0,240843424.0,891116632.0,0.0154163299243639,000988
2016-10-18,17.38,17.7,17.32,17.66,13263004.0,232877094.0,891116632.0,0.0148835781128143,000988
2016-10-19,17.71,17.72,17.56,17.65,10544341.0,185921822.0,891116632.0,0.0118327283111465,000988
2016-10-20,17.67,17.75,17.59,17.71,15492154.0,274139463.0,891116632.0,0.0173851025148411,000988
2016-10-21,17.7,17.75,17.33,17.46,13893139.0,243416157.0,891116632.0,0.0155907077716848,000988
2016-10-24,17.46,17.6,17.39,17.53,11448666.0,200531841.0,891116632.0,0.0128475505774198,000988
2016-10-25,17.54,17.61,17.48,17.55,9327070.0,163521542.0,891116632.0,0.0104667219363491,000988
2016-10-26,17.54,17.6,17.36,17.39,11521693.0,201019432.0,891116632.0,0.0129295005684508,000988
2016-10-27,17.38,17.49,17.31,17.35,8837748.0,153529410.0,891116632.0,0.0099176108745325,000988
2016-10-28,17.31,17.42,17.01,17.02,16095776.0,276148503.0,891116632.0,0.0180624796149018,000988
2016-10-31,17.04,17.05,16.87,17.01,9168962.0,155477505.0,891116632.0,0.0102892951054245,000988
2016-11-01,17.04,17.11,16.93,17.09,9743957.0,165893557.0,891116632.0,0.010934547342171,000988
2016-11-02,17.08,17.08,16.87,16.88,10404190.0,176214906.0,891116632.0,0.0116754526022582,000988
2016-11-03,16.87,17.07,16.8,16.91,11049828.0,187288166.0,891116632.0,0.0123999795348898,000988
2016-11-04,16.94,17.22,16.9,16.98,13559257.0,231330107.0,891116632.0,0.0152160295443795,000988
2016-11-07,16.92,17.05,16.85,16.89,8565469.0,144845057.0,891116632.0,0.0096120627675592,000988
2016-11-08,17.01,17.04,16.89,16.95,8372569.0,141973401.0,891116632.0,0.0093955927870056,000988
2016-11-09,17.0,17.01,16.51,16.66,14074145.0,235899518.0,891116632.0,0.0157938304533855,000988
2016-11-10,16.85,16.91,16.73,16.9,9844208.0,165897045.0,891116632.0,0.0110470477673678,000988
2016-11-11,16.9,17.07,16.75,17.07,15421350.0,260155818.0,891116632.0,0.0173056471467586,000988
2016-11-14,17.03,17.15,17.0,17.06,13795115.0,235610366.0,891116632.0,0.0154807064581867,000988
2016-11-15,17.04,17.09,16.95,17.06,10319215.0,175479352.0,891116632.0,0.0115800947142461,000988
2016-11-16,17.1,17.32,17.04,17.2,20813715.0,357807443.0,891116632.0,0.0233568920751554,000988
2016-11-17,17.13,17.19,16.99,17.05,10004940.0,170684033.0,891116632.0,0.0112274192184531,000988
2016-11-18,17.0,17.09,16.85,16.88,9387436.0,159322684.0,891116632.0,0.0105344639106679,000988
2016-11-21,16.85,16.95,16.78,16.88,9029347.0,152440120.0,891116632.0,0.0101326208890689,000988
2016-11-22,16.93,16.97,16.85,16.97,9644347.0,162947014.0,891116632.0,0.0108227662392008,000988
2016-11-23,17.03,17.15,16.98,17.07,17155039.0,292800915.0,891116632.0,0.0192511713775307,000988
2016-11-24,17.07,17.08,16.83,16.88,10676053.0,180840986.0,891116632.0,0.011980533879206,000988
2016-11-25,16.95,17.01,16.65,16.99,11193746.0,188915922.0,891116632.0,0.0125614825243212,000988
2016-11-28,17.03,17.09,16.9,16.91,10269150.0,174182629.0,891116632.0,0.0115239123939951,000988
2016-11-29,16.89,16.97,16.77,16.77,11580595.0,195300859.0,891116632.0,0.01299559966018,000988
2016-11-30,16.74,16.88,16.68,16.71,8933841.0,149680008.0,891116632.0,0.0100254452438499,000988
2016-12-01,16.68,16.77,16.66,16.73,7210866.0,120540443.0,891116632.0,0.0080919441306084,000988
2016-12-02,16.73,16.73,16.26,16.28,15055107.0,248105852.0,891116632.0,0.0168946538077857,000988
2016-12-05,16.13,16.36,16.06,16.18,6581566.0,106640553.0,891116632.0,0.0073857514983515,000988
2016-12-06,16.22,16.35,16.21,16.22,4321792.0,70325279.0,891116632.0,0.0048498612244508,000988
2016-12-07,16.27,16.38,16.16,16.35,7028223.0,114516628.0,891116632.0,0.00788698442787,000988
2016-12-08,16.37,16.38,16.2,16.24,5447323.0,88632373.0,891116632.0,0.0061129181123846,000988
2016-12-09,16.22,16.3,16.15,16.2,5666530.0,91863924.0,891116632.0,0.0063589094811104,000988
2016-12-12,16.35,16.35,15.31,15.5,15213759.0,239050041.0,891116632.0,0.0170726911087436,000988
2016-12-13,15.48,15.59,15.19,15.53,9119570.0,140311379.0,891116632.0,0.0102338680174022,000988
2016-12-14,15.52,15.54,15.2,15.45,7959143.0,122618505.0,891116632.0,0.0089316512723331,000988
2016-12-15,15.43,16.95,15.38,16.42,33473736.0,546883145.0,891116632.0,0.0375638101657606,000988
2016-12-16,16.29,16.6,16.23,16.26,15283279.0,250066623.0,891116632.0,0.0171507055879975,000988
2016-12-19,16.2,16.26,16.02,16.05,7791856.0,125385647.0,891116632.0,0.0087439238817843,000988
2016-12-20,16.2,16.56,16.19,16.25,15463962.0,253183964.0,891116632.0,0.0173534658031161,000988
2016-12-21,16.28,16.39,16.15,16.3,8824174.0,143321769.0,891116632.0,0.0099023783005769,000988
2016-12-22,16.37,16.37,16.11,16.14,6312783.0,102177980.0,891116632.0,0.0070841265590922,000988
2016-12-23,16.12,16.3,15.92,15.92,8121515.0,130842512.0,891116632.0,0.0091138631110186,000988
2016-12-26,15.86,15.86,15.45,15.84,7156981.0,112135694.0,891116632.0,0.0080314750538737,000988
2016-12-27,15.9,15.9,15.7,15.71,5492865.0,86679248.0,891116632.0,0.0061640247782963,000988
2016-12-28,15.74,15.78,15.57,15.58,5179666.0,81104133.0,891116632.0,0.0058125567563191,000988
2016-12-29,15.7,15.78,15.6,15.6,6327157.0,99434910.0,891116632.0,0.0071002568830967,000988
2016-12-30,15.61,15.71,15.58,15.65,4300854.0,67317270.0,891116632.0,0.0048263648612946,000988
2017-01-03,15.73,15.83,15.69,15.76,5139071.0,81025633.0,891116632.0,0.0057670015522726,000988
2017-01-04,15.8,15.95,15.71,15.93,7718708.0,122445095.0,891116632.0,0.0086618381060583,000988
2017-01-05,15.93,15.97,15.83,15.84,6090159.0,96770202.0,891116632.0,0.0068343006754698,000988
2017-01-06,15.84,15.95,15.66,15.68,6548516.0,103440225.0,891116632.0,0.0073486631994542,000988
2017-01-09,15.66,15.8,15.61,15.76,5600816.0,88016464.0,891116632.0,0.0062851660477143,000988
2017-01-10,15.81,16.15,15.81,15.93,11923449.0,190848171.0,891116632.0,0.0133803461542843,000988
2017-01-11,15.87,16.03,15.71,15.71,6649871.0,105353226.0,891116632.0,0.0074624025197186,000988
2017-01-12,15.62,15.75,15.43,15.46,7106385.0,110662325.0,891116632.0,0.0079746968520277,000988
2017-01-13,15.45,15.53,15.1,15.15,7638849.0,116933515.0,891116632.0,0.0085722213296092,000988
2017-01-16,15.16,15.16,14.2,14.67,11910568.0,175813032.0,891116632.0,0.0133658912563086,000988
2017-01-17,14.62,14.95,14.55,14.88,7481925.0,110254270.0,891116632.0,0.0083961231687571,000988
2017-01-18,14.87,14.87,14.67,14.71,4733768.0,69809645.0,891116632.0,0.0053121755671596,000988
2017-01-19,14.82,15.21,14.82,14.85,8395350.0,125925786.0,891116632.0,0.0094211573418371,000988
2017-01-20,14.83,15.04,14.74,14.96,5829280.0,87141619.0,891116632.0,0.0065415455066941,000988
2017-01-23,15.06,15.24,14.98,15.04,6082090.0,91960951.0,891116632.0,0.0068252457440385,000988
2017-01-24,15.03,15.03,14.9,14.9,3861104.0,57672540.0,891116632.0,0.0043328828812612,000988
2017-01-25,14.9,15.03,14.86,14.99,3685218.0,55145294.0,891116632.0,0.0041355057998737,000988
2017-01-26,14.99,15.12,14.99,15.04,4253160.0,64080494.0,891116632.0,0.0047728432477512,000988
2017-02-03,15.06,15.1,14.96,15.05,3643830.0,54750628.0,891116632.0,0.0040890607010912,000988
2017-02-06,15.05,15.17,15.0,15.17,5515526.0,83283908.0,891116632.0,0.0061894546706204,000988
2017-02-07,15.17,15.21,15.08,15.15,4704320.0,71298738.0,891116632.0,0.0052791293878577,000988
2017-02-08,15.16,15.21,15.03,15.2,5376336.0,81322543.0,891116632.0,0.0060332573839784,000988
2017-02-09,15.21,15.28,15.14,15.25,7572362.0,115317414.0,891116632.0,0.0084976104452284,000988
2017-02-10,15.28,15.28,15.12,15.17,6479449.0,98427312.0,891116632.0,0.0072711570711655,000988
2017-02-13,15.16,15.22,15.09,15.18,6294915.0,95364829.0,891116632.0,0.0070640753117488,000988
2017-02-14,15.18,15.19,15.05,15.08,6054310.0,91410053.0,891116632.0,0.0067940713735887,000988
2017-02-15,15.08,15.15,14.9,14.93,7033564.0,105792830.0,891116632.0,0.0078929780316343,000988
2017-02-16,14.92,15.08,14.88,15.0,5899272.0,88413312.0,891116632.0,0.0066200896584769,000988
2017-02-17,15.02,15.47,15.02,15.3,25958648.0,397775422.0,891116632.0,0.0291304718909118,000988
2017-02-20,15.38,15.41,15.21,15.37,11820132.0,180996741.0,891116632.0,0.0132644051020248,000988
2017-02-21,15.39,15.57,15.32,15.56,14780162.0,228617188.0,891116632.0,0.0165861139487743,000988
2017-02-22,15.55,15.81,15.49,15.75,19776153.0,310543815.0,891116632.0,0.0221925529047919,000988
2017-02-23,15.73,15.78,15.49,15.58,13009293.0,202818694.0,891116632.0,0.0145988667844772,000988
2017-02-24,15.6,15.68,15.51,15.63,8972892.0,140084598.0,891116632.0,0.0100692677903019,000988
2017-02-27,15.5,15.61,15.37,15.37,9184267.0,142149731.0,891116632.0,0.0103064701860485,000988
2017-02-28,15.35,15.54,15.35,15.5,5881194.0,90957724.0,891116632.0,0.0065998027517457,000988
2017-03-01,15.52,15.85,15.52,15.77,17538568.0,276269526.0,891116632.0,0.0196815628506864,000988
2017-03-02,15.8,15.87,15.56,15.58,10207464.0,159767919.0,891116632.0,0.0114546891320955,000988
2017-03-03,15.51,15.78,15.4,15.74,10996577.0,171802849.0,891116632.0,0.0123402219250689,000988
2017-03-06,15.72,16.16,15.7,16.08,20701737.0,331978535.0,891116632.0,0.0232312317564284,000988
2017-03-07,16.13,16.13,15.91,16.1,12207791.0,195758142.0,891116632.0,0.0136994312098082,000988
2017-03-08,16.1,16.1,15.8,15.86,12426240.0,197816013.0,891116632.0,0.0139445719603626,000988
2017-03-09,15.8,15.85,15.59,15.79,9698626.0,152684461.0,891116632.0,0.0108836774578347,000988
2017-03-10,15.83,16.0,15.65,15.66,10142012.0,160554960.0,891116632.0,0.0113812397118405,000988
2017-03-13,15.66,16.08,15.55,16.02,18457007.0,293708801.0,891116632.0,0.0207122236721982,000988
2017-03-14,16.03,16.05,15.74,15.81,12928456.0,205099979.0,891116632.0,0.0145081525085932,000988
2017-03-15,15.75,15.92,15.72,15.85,8496883.0,134675812.0,891116632.0,0.0095350964114874,000988
2017-03-16,15.92,16.07,15.9,16.04,14231485.0,227700529.0,891116632.0,0.0159703954442632,000988
2017-03-17,16.04,16.08,15.79,15.83,12812907.0,204580449.0,891116632.0,0.0143784848580853,000988
2017-03-20,15.83,15.88,15.65,15.77,11243795.0,177110506.0,891116632.0,0.0126176468895712,000988
2017-03-21,15.76,15.82,15.66,15.77,6777265.0,106648635.0,891116632.0,0.0076053624818889,000988
2017-03-22,15.65,15.73,15.39,15.41,14499403.0,224830933.0,891116632.0,0.0162710496912821,000988
2017-03-23,15.44,15.59,15.25,15.39,9165894.0,141407036.0,891116632.0,0.0102858522339868,000988
2017-03-24,15.42,15.54,15.34,15.49,7025968.0,108336256.0,891116632.0,0.0078844538949195,000988
2017-03-27,15.49,15.59,15.39,15.41,6912670.0,106894771.0,891116632.0,0.0077573122886118,000988
2017-03-28,15.38,15.45,15.27,15.32,6301105.0,96714747.0,891116632.0,0.0070710216527526,000988
2017-03-29,15.39,15.44,15.07,15.1,9756283.0,148843662.0,891116632.0,0.0109483794260502,000988
2017-03-30,15.09,15.19,14.76,14.78,11371096.0,169664592.0,891116632.0,0.0127605024882983,000988
2017-03-31,14.83,14.92,14.83,14.88,5922936.0,88132392.0,891116632.0,0.0066466451049249,000988
2017-04-05,14.87,15.19,14.83,15.15,7250317.0,109323449.0,891116632.0,0.0081362155520849,000988
2017-04-06,15.13,15.17,15.05,15.17,6040100.0,91237994.0,891116632.0,0.0067781250883442,000988
2017-04-07,15.15,15.16,15.06,15.07,6398694.0,96590692.0,891116632.0,0.0071805348146616,000988
2017-04-10,15.05,15.56,15.03,15.35,16535546.0,254395660.0,891116632.0,0.0185559840386864,000988
2017-04-11,15.4,15.7,15.35,15.69,20155004.0,314153699.0,891116632.0,0.0226176947845363,000988
2017-04-12,15.62,15.67,15.45,15.5,9599687.0,149164381.0,891116632.0,0.0107726493427181,000988
2017-04-13,15.42,15.63,15.38,15.43,7240630.0,112088880.0,891116632.0,0.0081253449211797,000988
2017-04-14,15.39,15.42,15.03,15.08,9023623.0,137029869.0,891116632.0,0.0101261974874687,000988
2017-04-17,15.09,15.22,14.91,14.97,7071959.0,106370131.0,891116632.0,0.0079360644230462,000988
2017-04-18,15.05,15.2,14.95,14.97,6164725.0,92967682.0,891116632.0,0.0069179777131575,000988
2017-04-19,14.93,15.08,14.57,14.74,8433022.0,124446786.0,891116632.0,0.0094634323916423,000988
2017-04-20,14.74,14.89,14.72,14.81,5266066.0,77952651.0,891116632.0,0.005909513761606,000988
2017-04-21,14.82,14.88,14.51,14.55,6116053.0,89756548.0,891116632.0,0.0068633586001792,000988
2017-04-24,14.6,14.66,14.18,14.21,6298861.0,90375975.0,891116632.0,0.0070685034638653,000988
2017-04-25,14.33,14.73,14.33,14.46,8406214.0,122639758.0,891116632.0,0.0094333487875019,000988
2017-04-26,14.47,14.63,14.33,14.36,5836221.0,84480002.0,891116632.0,0.0065493346105563,000988
2017-04-27,14.37,14.51,14.03,14.5,7898095.0,112705472.0,891116632.0,0.0088631439660975,000988
2017-04-28,14.43,14.64,14.4,14.49,4784022.0,69399299.0,891116632.0,0.0053685699808597,000988
2017-05-02,14.45,14.65,14.34,14.51,4546418.0,65934754.0,891116632.0,0.0051019337275706,000988
2017-05-03,14.5,14.99,14.5,14.85,13701481.0,202690095.0,891116632.0,0.0153756315480822,000988
2017-05-04,14.85,14.95,14.65,14.69,7462769.0,109994545.0,891116632.0,0.0083746265438349,000988
2017-05-05,14.65,14.85,14.55,14.56,6018447.0,88549737.0,891116632.0,0.0067538263610817,000988
2017-05-08,14.55,14.73,14.38,14.4,5975522.0,87092143.0,891116632.0,0.0067056564600176,000988
2017-05-09,14.36,14.47,14.02,14.29,7604204.0,108335156.0,891116632.0,0.0085333431415518,000988
2017-05-10,14.35,14.42,13.79,13.83,9144536.0,128959615.0,891116632.0,0.0102618845520549,000988
2017-05-11,13.82,13.88,12.91,13.41,11611343.0,155993590.0,891116632.0,0.0130301046833115,000988
2017-05-12,13.43,13.49,13.08,13.25,6553098.0,86937802.0,891116632.0,0.0073538050628596,000988
2017-05-15,13.3,13.47,13.24,13.27,5296398.0,70832089.0,891116632.0,0.005943551954712,000988
2017-05-16,13.26,13.64,13.0,13.61,8278002.0,110511209.0,891116632.0,0.0092894708759066,000988
2017-05-17,13.65,13.73,13.54,13.57,6455161.0,88039730.0,891116632.0,0.0072439013796793,000988
2017-05-18,13.63,14.11,13.63,13.84,13001339.0,181026207.0,891116632.0,0.0145899409046155,000988
2017-05-19,13.78,13.92,13.64,13.75,5919285.0,81301095.0,891116632.0,0.006642547998139,000988
2017-05-22,13.7,13.79,13.25,13.36,6419112.0,86914389.0,891116632.0,0.0072034476402859,000988
2017-05-23,13.35,13.55,13.07,13.09,6197580.0,82450278.0,891116632.0,0.0069548471854804,000988
2017-05-24,13.09,13.26,12.91,13.26,5766909.0,75645311.0,891116632.0,0.0064715535463151,000988
2017-05-25,13.26,13.7,13.06,13.66,9161488.0,122572344.0,891116632.0,0.0102809078755922,000988
2017-05-26,13.59,13.68,13.54,13.56,5492059.0,74763355.0,891116632.0,0.006163120295122,000988
2017-05-31,13.72,13.77,13.46,13.5,5451821.0,74324334.0,891116632.0,0.0061179657120348,000988
2017-06-01,13.49,13.54,13.1,13.1,6415862.0,85116344.0,891116632.0,0.0071998005307121,000988
2017-06-02,13.12,13.53,13.01,13.4,7243498.0,96169062.0,891116632.0,0.0081285633551052,000988
2017-06-05,13.4,13.55,13.35,13.41,5138624.0,68993799.0,891116632.0,0.0057664999344328,000988
2017-06-06,13.38,13.55,13.33,13.55,4848210.0,65007875.0,891116632.0,0.0054406009560373,000988
2017-06-07,13.5,13.89,13.48,13.89,12830378.0,176199432.0,891116632.0,0.0143980905969668,000988
2017-06-08,13.88,13.95,13.75,13.75,7308953.0,101086440.0,891116632.0,0.0082020161419229,000988
2017-06-09,13.71,14.04,13.69,14.02,9898471.0,137390485.0,891116632.0,0.0111079410310007,000988
2017-06-12,13.91,13.99,13.66,13.7,7920322.0,109344853.0,891116632.0,0.0088880868290201,000988
2017-06-13,13.73,13.95,13.7,13.87,5937378.0,82264425.0,891116632.0,0.0066628517376836,000988
2017-06-14,13.84,13.93,13.72,13.81,5825187.0,80451178.0,891116632.0,0.0065369523930061,000988
2017-06-15,13.84,14.11,13.81,14.01,9584884.0,134235577.0,891116632.0,0.0107560376002498,000988
2017-06-16,14.01,14.07,13.89,14.0,6277964.0,87708739.0,891116632.0,0.0070450531103991,000988
2017-06-19,13.99,14.15,13.98,14.06,6339434.0,89163277.0,891116632.0,0.0071140339797854,000988
2017-06-20,14.12,14.63,14.05,14.49,21042611.0,302845419.0,891116632.0,0.0236137563191615,000988
2017-06-21,14.33,14.66,14.21,14.51,17024951.0,246031619.0,891116632.0,0.0191051882420706,000988
2017-06-22,14.42,14.68,14.33,14.36,14834058.0,215515985.0,891116632.0,0.0166465953695722,000988
2017-06-23,14.36,14.52,14.07,14.27,10859656.0,155312492.0,891116632.0,0.0121865708820032,000988
2017-06-26,14.26,14.6,14.23,14.59,13868668.0,201389710.0,891116632.0,0.0155632467198749,000988
2017-06-27,14.63,14.87,14.52,14.53,14413158.0,211688957.0,891116632.0,0.0161742666250673,000988
2017-06-28,14.6,14.74,14.51,14.52,9656461.0,141068304.0,891116632.0,0.0108363604193171,000988
2017-06-29,14.52,14.77,14.49,14.58,8311715.0,121429959.0,891116632.0,0.009327303185157,000988
2017-06-30,14.58,14.72,14.53,14.59,7621130.0,111397625.0,891116632.0,0.0085523372882125,000988
2017-07-03,14.6,14.75,14.52,14.74,9138602.0,133848930.0,891116632.0,0.0102552254910668,000988
2017-07-04,14.75,14.77,14.55,14.6,8844992.0,129386786.0,891116632.0,0.0099257400012257,000988
2017-07-05,14.6,14.73,14.57,14.72,8439834.0,123616520.0,891116632.0,0.0094710767333091,000988
2017-07-06,14.74,14.95,14.66,14.9,15983334.0,237139954.0,891116632.0,0.0179362986011465,000988
2017-07-07,14.83,14.94,14.72,14.9,9967524.0,148108487.0,891116632.0,0.0111854314486636,000988
2017-07-10,14.97,15.36,14.85,15.19,25497981.0,386520915.0,891116632.0,0.028613517113661,000988
2017-07-11,15.12,15.24,14.96,14.99,10994993.0,166029785.0,891116632.0,0.012338444379972,000988
2017-07-12,15.11,15.23,14.7,14.94,11908910.0,177981793.0,891116632.0,0.0133640306693321,000988
2017-07-13,14.96,15.08,14.86,15.07,10016478.0,150142118.0,891116632.0,0.0112403670185341,000988
2017-07-14,15.06,15.23,14.96,15.05,7291053.0,110169961.0,891116632.0,0.0081819289845776,000988
2017-07-17,15.05,15.07,14.01,14.1,16413373.0,236858651.0,891116632.0,0.0184188830177731,000988
2017-07-18,14.03,14.37,13.99,14.32,10220655.0,144898756.0,891116632.0,0.0114694919082152,000988
2017-07-19,14.23,14.62,14.22,14.59,9183483.0,132720989.0,891116632.0,0.0103055903910005,000988
2017-07-20,14.58,14.84,14.51,14.54,9554743.0,140074735.0,891116632.0,0.010722213744968,000988
2017-07-21,14.55,14.87,14.55,14.65,7928190.0,116684518.0,891116632.0,0.0088969162007515,000988
2017-07-24,14.67,15.06,14.65,15.01,13859459.0,206396306.0,891116632.0,0.0155529124946239,000988
2017-07-25,14.91,15.09,14.74,15.01,12477418.0,185973241.0,891116632.0,0.0140020032753692,000988
2017-07-26,15.0,15.07,14.77,14.91,8457575.0,125852847.0,891116632.0,0.0094909854628322,000988
2017-07-27,14.94,15.32,14.74,15.21,18276104.0,275654643.0,891116632.0,0.0205092165758163,000988
2017-07-28,15.13,15.27,15.05,15.08,9149884.0,138478881.0,891116632.0,0.0102678860111321,000988
2017-07-31,15.08,15.36,15.07,15.19,15419025.0,235020573.0,891116632.0,0.0173030380606789,000988
2017-08-01,15.16,15.48,15.12,15.38,18096096.0,277431834.0,891116632.0,0.0203072138373016,000988
2017-08-02,15.38,15.5,15.04,15.04,17987446.0,275257539.0,891116632.0,0.0201852881587783,000988
2017-08-03,15.07,15.29,15.07,15.26,13279926.0,201440730.0,891116632.0,0.0149025677707247,000988
2017-08-04,15.26,15.32,14.96,14.97,11615973.0,175904988.0,891116632.0,0.0130353004117198,000988
2017-08-07,14.97,15.26,14.95,15.2,8663374.0,130896882.0,891116632.0,0.0097219305407375,000988
2017-08-08,15.31,15.4,15.15,15.27,12352804.0,188080645.0,891116632.0,0.013862162994619,000988
2017-08-09,15.2,15.31,15.12,15.19,8226118.0,125040563.0,891116632.0,0.0092312472964818,000988
2017-08-10,15.26,15.75,15.1,15.57,24592662.0,380525107.0,891116632.0,0.027597579392952,000988
2017-08-11,15.5,15.74,15.2,15.31,22580368.0,350421746.0,891116632.0,0.0253394080966945,000988
2017-08-14,15.39,15.95,15.37,15.93,25967383.0,409468235.0,891116632.0,0.0291402741992588,000988
2017-08-15,15.89,16.0,15.75,15.92,15276807.0,242340622.0,891116632.0,0.0171434427901015,000988
2017-08-16,15.87,16.08,15.81,16.01,15625266.0,249215478.0,891116632.0,0.0175344791454863,000988
2017-08-17,16.01,16.33,15.8,16.14,23468717.0,377384096.0,891116632.0,0.0263363022944902,000988
2017-08-18,16.03,16.19,15.87,15.9,18425794.0,294587867.0,891116632.0,0.0206771968318508,000988
2017-08-21,15.82,16.44,15.82,16.4,22395908.0,365089152.0,891116632.0,0.0251324093791574,000988
2017-08-22,16.4,16.46,16.08,16.11,14959047.0,242656469.0,891116632.0,0.0167868564706578,000988
2017-08-23,16.1,16.3,15.87,15.91,12572273.0,201383832.0,891116632.0,0.0141084483764859,000988
2017-08-24,15.89,15.99,15.64,15.82,12058695.0,190732231.0,891116632.0,0.013532117533185,000988
2017-08-25,15.84,16.1,15.77,15.96,10714720.0,170878437.0,891116632.0,0.0120239255056345,000988
2017-08-28,15.97,16.43,15.9,16.28,20142375.0,327136647.0,891116632.0,0.022603522677826,000988
2017-08-29,16.28,16.39,16.0,16.05,15072638.0,243536196.0,891116632.0,0.0169143268779209,000988
2017-08-30,16.05,16.31,15.93,16.05,12235353.0,197363626.0,891116632.0,0.0137303609433697,000988
2017-08-31,16.11,16.11,15.85,15.91,10406373.0,165821121.0,891116632.0,0.0116779023377043,000988
2017-09-01,15.93,16.04,15.9,16.02,9311558.0,148673742.0,891116632.0,0.0104493145629,000988
2017-09-04,16.03,16.56,15.99,16.37,22126671.0,361045986.0,891116632.0,0.0248302749667453,000988
2017-09-05,16.43,16.64,16.31,16.38,18223658.0,299786548.0,891116632.0,0.0204503623269821,000988
2017-09-06,16.27,16.96,16.25,16.8,28626268.0,477650065.0,891116632.0,0.0321240418728936,000988
2017-09-07,16.78,16.91,16.59,16.61,17486571.0,292473778.0,891116632.0,0.0196232124640672,000988
2017-09-08,16.65,17.05,16.65,16.92,22672829.0,382794720.0,891116632.0,0.0254431666807897,000988
2017-09-11,16.95,17.12,16.82,17.0,17391470.0,295288128.0,891116632.0,0.0195164913048104,000988
2017-09-12,17.01,17.11,16.85,17.01,17831319.0,302469886.0,891116632.0,0.0200100843814123,000988
2017-09-13,16.95,16.99,16.7,16.8,12387856.0,208194533.0,891116632.0,0.0139014979130139,000988
2017-09-14,16.85,17.64,16.85,17.47,37863176.0,658184882.0,891116632.0,0.0424895851343508,000988
2017-09-15,17.51,17.65,17.02,17.09,25925785.0,446223227.0,891116632.0,0.0290935934410884,000988
2017-09-18,17.12,17.22,16.8,17.06,17768230.0,301891215.0,891116632.0,0.0199392866903644,000988
2017-09-19,16.95,17.17,16.57,16.7,15906958.0,268573852.0,891116632.0,0.017850590403973,000988
2017-09-20,16.72,17.22,16.7,17.09,17352703.0,293866517.0,891116632.0,0.0194729874596258,000988
2017-09-21,16.98,17.35,16.82,16.99,19864690.0,339794722.0,891116632.0,0.022291908024897,000988
2017-09-22,16.9,17.33,16.8,17.3,19989789.0,342954982.0,891116632.0,0.0224322925666143,000988
2017-09-25,17.3,17.55,16.85,16.88,23386236.0,403744769.0,891116632.0,0.0262437431422557,000988
2017-09-26,16.89,17.03,16.1,16.43,26692646.0,441980846.0,891116632.0,0.0299541553164502,000988
2017-09-27,16.45,16.98,16.37,16.92,18582931.0,309635549.0,891116632.0,0.0208535340186535,000988
2017-09-28,16.85,17.14,16.76,16.77,13675179.0,230909467.0,891116632.0,0.0153461157708478,000988
2017-09-29,16.81,16.98,16.75,16.88,11445018.0,192988818.0,891116632.0,0.0128434568371965,000988
2017-10-09,17.23,17.86,17.1,17.54,35386241.0,620211005.0,891116632.0,0.0397099994874744,000988
2017-10-10,17.41,17.97,17.41,17.97,38632156.0,688225106.0,891116632.0,0.0433525249251548,000988
2017-10-11,18.01,18.09,17.45,17.51,25289333.0,446868829.0,891116632.0,0.0283793749233938,000988
2017-10-12,17.43,17.77,17.36,17.53,16014158.0,281272970.0,891116632.0,0.0179708889105326,000988
2017-10-13,17.55,17.94,17.48,17.68,19559240.0,347182835.0,891116632.0,0.0219491358343315,000988
2017-10-16,17.8,18.05,17.31,17.35,23301927.0,410185480.0,891116632.0,0.0261491326311593,000988
2017-10-17,17.34,17.5,17.2,17.3,12210839.0,211481837.0,891116632.0,0.0137028516374947,000988
2017-10-18,17.26,17.77,17.26,17.49,19254017.0,338289571.0,891116632.0,0.0216066183803423,000988
2017-10-19,17.47,17.49,16.7,16.94,25012645.0,426011840.0,891116632.0,0.0280688790914633,000988
2017-10-20,16.8,17.07,16.78,17.06,9756100.0,165204084.0,891116632.0,0.0109481740657265,000988
2017-10-23,17.06,17.25,16.88,17.21,10661894.0,182282917.0,891116632.0,0.0119646448255271,000988
2017-10-24,17.17,17.2,16.65,16.9,14057410.0,237673014.0,891116632.0,0.015775050644549,000988
2017-10-25,16.91,17.44,16.85,17.43,17631370.0,303314787.0,891116632.0,0.0197857041007399,000988
2017-10-26,17.38,17.73,17.28,17.56,20227055.0,354893309.0,891116632.0,0.0226985495205076,000988
2017-10-27,17.55,17.72,17.44,17.5,11073286.0,194292731.0,891116632.0,0.0124263038107002,000988
2017-10-30,17.41,17.67,16.8,16.92,20257334.0,346772364.0,891116632.0,0.0227325282376729,000988
2017-10-31,17.1,18.08,17.05,18.0,36030078.0,635231280.0,891116632.0,0.0404325053603084,000988
2017-11-01,18.11,18.17,17.86,18.06,32647584.0,587132415.0,891116632.0,0.0366367126677083,000988
2017-11-02,18.03,18.04,17.68,17.75,19900378.0,355141092.0,891116632.0,0.0223319566545807,000988
2017-11-03,17.75,18.25,17.71,17.85,26339764.0,473737484.0,891116632.0,0.0295581555254823,000988
2017-11-06,17.97,18.56,17.68,18.52,38989855.0,711599707.0,891116632.0,0.0437539302936049,000988
2017-11-07,18.4,18.48,18.09,18.36,31612806.0,578149649.0,891116632.0,0.0354754976675152,000988
2017-11-08,18.31,18.45,18.13,18.14,21579856.0,394059916.0,891116632.0,0.0242166459754731,000988
2017-11-09,18.09,18.97,18.09,18.75,39491102.0,733653403.0,891116632.0,0.0443164234420887,000988
2017-11-10,18.61,19.33,18.6,19.24,46714807.0,887042459.0,891116632.0,0.0524227753387953,000988
2017-11-13,19.13,20.1,19.07,19.98,44744521.0,878664617.0,891116632.0,0.0502117448976084,000988
2017-11-14,19.9,20.14,19.46,19.58,33067479.0,652979361.0,891116632.0,0.0371079136137142,000988
2017-11-15,19.57,19.97,18.86,19.27,32119628.0,621973989.0,891116632.0,0.0360442470116526,000988
2017-11-16,19.3,19.55,18.95,19.33,22502385.0,433299093.0,891116632.0,0.0252518965441102,000988
2017-11-17,19.3,19.36,18.28,18.39,31145203.0,584960740.0,891116632.0,0.03495075939734,000988
2017-11-20,18.29,18.95,17.9,18.88,27780625.0,513451066.0,891116632.0,0.0311750718170862,000988
2017-11-21,18.75,19.19,18.57,19.11,25571498.0,484043372.0,891116632.0,0.028696016976597,000988
2017-11-22,19.16,19.46,18.44,18.66,30935947.0,586551926.0,891116632.0,0.0347159349170356,000988
2017-11-23,18.51,18.6,17.66,17.7,28579932.0,516006809.0,891116632.0,0.0320720441900583,000988
2017-11-24,17.75,17.97,17.35,17.38,15380191.0,272306921.0,891116632.0,0.0172594590289276,000988
2017-11-27,17.29,17.52,16.88,17.06,18818859.0,322845764.0,891116632.0,0.02111828948559,000988
2017-11-28,17.08,17.45,17.06,17.39,11574099.0,199655275.0,891116632.0,0.0129883099297825,000988
2017-11-29,17.38,17.45,16.67,16.93,19363051.0,328252282.0,891116632.0,0.0217289749788891,000988
2017-11-30,16.8,17.08,16.77,16.85,10604519.0,179442947.0,891116632.0,0.0119002593142038,000988
2017-12-01,16.83,17.28,16.81,17.26,15514538.0,265447118.0,891116632.0,0.0174102215612108,000988
2017-12-04,17.14,17.2,16.89,16.92,12634482.0,215057570.0,891116632.0,0.0141782585424799,000988
2017-12-05,16.85,17.07,16.14,16.32,21063923.0,348762285.0,891116632.0,0.0236376723804656,000988
2017-12-06,16.3,16.58,16.02,16.58,16904996.0,275639573.0,891116632.0,0.018970576233168,000988
2017-12-07,16.55,16.92,16.45,16.76,14029863.0,234570614.0,891116632.0,0.0157441377438009,000988
2017-12-08,16.69,17.2,16.6,17.06,12421978.0,211616150.0,890892332.0,0.0139432988182908,000988
2017-12-11,17.08,17.22,16.95,17.2,10783730.0,184539739.0,890892332.0,0.0121044144310807,000988
2017-12-12,17.23,17.41,17.05,17.05,13323904.0,229647136.0,890892332.0,0.0149556837806524,000988
2017-12-13,17.07,17.32,17.04,17.32,9033353.0,155621181.0,890892332.0,0.0101396685946557,000988
2017-12-14,17.33,17.4,17.19,17.31,8502094.0,147194463.0,890892332.0,0.009543346254775,000988
2017-12-15,17.33,17.42,17.05,17.12,9866462.0,169871837.0,890892332.0,0.0110748085325309,000988
2017-12-18,17.13,17.24,16.83,16.92,7460875.0,127076199.0,890892332.0,0.0083746090655542,000988
2017-12-19,16.96,17.31,16.93,17.3,9312197.0,160140749.0,890892332.0,0.0104526626456585,000988
2017-12-20,17.27,17.31,16.64,16.68,16743443.0,282881132.0,890892332.0,0.0187940140447858,000988
2017-12-21,16.66,17.28,16.57,17.17,13021752.0,221100142.0,890892332.0,0.0146165271966893,000988
2017-12-22,17.28,17.28,17.05,17.08,7107916.0,121857503.0,890892332.0,0.007978423143505,000988
2017-12-25,17.11,17.12,16.61,16.72,10568685.0,177659319.0,890892332.0,0.0118630328496305,000988
2017-12-26,16.85,17.05,16.74,16.99,8603745.0,145652684.0,890892332.0,0.0096574464623408,000988
2017-12-27,17.09,17.25,16.9,16.93,10036175.0,171571932.0,890892332.0,0.0112653062996618,000988
2017-12-28,16.91,17.07,16.75,16.75,9780283.0,165262022.0,890892332.0,0.0109780751822656,000988
2017-12-29,16.8,16.96,16.29,16.58,16698027.0,276544924.0,890892332.0,0.0187430359429785,000988
2018-01-02,16.64,16.75,16.43,16.7,11549590.0,191884303.0,891026632.0,0.0129621153680623,000988
2018-01-03,16.66,17.17,16.66,17.06,14646973.0,249413660.0,891026632.0,0.0164383111278316,000988
2018-01-04,17.01,17.2,16.99,17.16,13450163.0,229960525.0,891026632.0,0.0150951301756376,000988
2018-01-05,17.18,17.19,16.96,17.01,9423461.0,160699258.0,891026632.0,0.0105759588564127,000988
2018-01-08,16.93,16.99,16.61,16.88,12504169.0,209931813.0,891026632.0,0.0140334402485065,000988
2018-01-09,16.75,17.33,16.67,17.32,19341287.0,331403606.0,891026632.0,0.0217067440022376,000988
2018-01-10,17.32,17.38,17.03,17.1,13198905.0,226516944.0,891026632.0,0.0148131430935725,000988
2018-01-11,16.97,17.3,16.8,17.15,13728447.0,234393360.0,891026632.0,0.0154074485620986,000988
2018-01-12,17.14,17.14,16.78,16.78,11625738.0,196427210.0,891026632.0,0.0130475763377631,000988
2018-01-15,16.7,16.7,15.95,16.0,17796037.0,290745923.0,891026632.0,0.0199725085209349,000988
2018-01-16,16.06,16.15,15.58,15.73,16274257.0,258017654.0,891026632.0,0.0182646134419919,000988
2018-01-17,15.83,15.83,15.2,15.78,15524265.0,240767086.0,891026632.0,0.0174228967378384,000988
2018-01-18,15.71,15.8,15.39,15.54,9243769.0,144051583.0,891026632.0,0.0103742903612784,000988
2018-01-19,15.58,15.88,15.47,15.68,9564542.0,150411006.0,891026632.0,0.0107342941911078,000988
2018-01-22,15.75,15.97,15.4,15.82,9427621.0,148334532.0,891026632.0,0.0105806276281986,000988
2018-01-23,15.78,16.02,15.58,15.66,10835595.0,170574028.0,891026632.0,0.012160798129769,000988
2018-01-24,15.7,15.83,15.47,15.8,11591132.0,181507123.0,891026632.0,0.0130087379924688,000988
2018-01-25,15.78,15.95,15.68,15.71,9308108.0,147019781.0,891026632.0,0.0104464980795321,000988
2018-01-26,15.71,15.78,15.5,15.52,9401666.0,146686542.0,891026632.0,0.0105514983080775,000988
2018-01-29,15.62,15.69,15.3,15.34,8451178.0,130807438.0,891026632.0,0.0094847647606564,000988
2018-01-30,15.38,15.6,15.36,15.39,5531260.0,85518395.0,891026632.0,0.0062077381318945,000988
2018-01-31,15.46,15.46,15.05,15.11,8012561.0,121755694.0,891026632.0,0.0089925045023794,000988
2018-02-01,15.12,15.26,14.56,14.85,12344337.0,183124458.0,891026632.0,0.0138540606494464,000988
2018-02-02,14.87,14.95,14.56,14.87,6410910.0,94793872.0,891026632.0,0.0071949701274473,000988
2018-02-05,14.7,14.85,14.59,14.68,5931094.0,87314344.0,891026632.0,0.0066564721939759,000988
2018-02-06,14.39,14.5,13.49,13.56,11410691.0,160244341.0,891026632.0,0.0128062288939529,000988
2018-02-07,13.95,14.06,13.52,13.7,8007095.0,110471617.0,891026632.0,0.0089863700056049,000988
2018-02-08,13.7,14.25,13.69,14.1,9068558.0,127593248.0,891026632.0,0.0101776508965222,000988
2018-02-09,13.72,14.14,13.68,13.89,7711889.0,107243287.0,891026632.0,0.0086550600431435,000988
2018-02-12,13.98,14.31,13.91,14.21,6818704.0,96874783.0,891026632.0,0.0076526377047728,000988
2018-02-13,14.28,14.53,14.15,14.36,7747880.0,111228335.0,891026632.0,0.0086954527751983,000988
2018-02-14,14.36,14.42,14.12,14.28,4997963.0,71247639.0,891026632.0,0.0056092184234511,000988
2018-02-22,14.39,14.63,14.23,14.6,6629438.0,96194136.0,891026632.0,0.0074402243007255,000988
2018-02-23,14.59,14.63,14.43,14.55,5231274.0,75967348.0,891026632.0,0.005871063571083,000988
2018-02-26,14.65,15.11,14.56,15.02,9897799.0,147345377.0,891026632.0,0.0111083088254987,000988
2018-02-27,15.0,15.41,14.99,15.3,11486377.0,175405106.0,891026632.0,0.0128911713606333,000988
2018-02-28,15.28,15.56,15.11,15.29,9946385.0,153260709.0,891026632.0,0.0111628369375159,000988
2018-03-01,15.18,15.67,15.16,15.67,11308512.0,175305408.0,891026632.0,0.0126915533092618,000988
2018-03-02,15.48,16.06,15.48,15.69,14677234.0,232415226.0,891026632.0,0.0164722730756716,000988
2018-03-05,15.65,16.15,15.57,16.14,14131763.0,225661825.0,891026632.0,0.0158600904759488,000988
2018-03-06,16.11,16.23,15.96,16.04,9833118.0,158048239.0,891026632.0,0.0110357172803337,000988
2018-03-07,16.1,16.14,15.74,15.75,10363020.0,164861764.0,891026632.0,0.0116304267771875,000988
2018-03-08,15.83,15.97,15.63,15.82,12578365.0,198940225.0,891026632.0,0.0141167104868308,000988
2018-03-09,15.9,16.32,15.85,16.26,14058916.0,226994577.0,891026632.0,0.0157783342215522,000988
2018-03-12,16.31,16.55,16.15,16.28,16169817.0,264090132.0,891026632.0,0.018147400334943,000988
2018-03-13,16.23,16.3,16.05,16.2,9308647.0,150545175.0,891026632.0,0.0104471029997226,000988
2018-03-14,16.13,16.26,15.82,15.85,10464434.0,168065649.0,891026632.0,0.0117442438016824,000988
2018-03-15,15.8,15.95,15.4,15.58,12393077.0,193728946.0,891026632.0,0.0139087615958037,000988
2018-03-16,15.68,15.92,15.62,15.78,11860995.0,187297661.0,891026632.0,0.013311605482966,000988
2018-03-19,15.75,15.94,15.55,15.63,9965937.0,157183781.0,891026632.0,0.0111847801649098,000988
2018-03-20,15.55,15.78,15.42,15.72,7563187.0,118066486.0,891026632.0,0.0084881716532127,000988
2018-03-21,15.77,15.91,15.31,15.35,10738404.0,168134730.0,891026632.0,0.0120517205820173,000988
2018-03-22,15.36,15.51,15.2,15.24,8816750.0,135119872.0,891026632.0,0.0098950465489565,000988
2018-03-23,14.65,14.8,13.99,14.14,16463690.0,237945756.0,891026632.0,0.0184772142702913,000988
2018-03-26,14.01,14.65,13.95,14.6,10618982.0,152287762.0,891026632.0,0.0119176931627336,000988
2018-03-27,14.8,15.12,14.7,14.99,11094091.0,165794844.0,891026632.0,0.0124509084258213,000988
2018-03-28,14.71,14.94,14.71,14.75,7430320.0,110103266.0,891026632.0,0.0083390548981929,000988
2018-03-29,14.93,15.09,14.86,15.01,9748682.0,146061215.0,891026632.0,0.0109409546806901,000988
2018-03-30,15.14,15.47,14.97,15.46,10895690.0,166398287.0,891026632.0,0.0122282428029603,000988
2018-04-02,15.6,15.95,15.5,15.71,16257534.0,256126654.0,891026632.0,0.0182458452038726,000988
2018-04-03,15.51,15.66,15.01,15.33,12331644.0,189279369.0,891026632.0,0.0138398152839947,000988
2018-04-04,15.36,15.56,15.01,15.08,8762320.0,133939309.0,891026632.0,0.0098339597104208,000988
2018-04-09,14.86,15.29,14.81,14.99,9358913.0,140888073.0,891026632.0,0.0105035165772688,000988
2018-04-10,15.05,15.18,14.8,15.12,9638512.0,144708897.0,891026632.0,0.0108173107894265,000988
2018-04-11,15.15,15.54,15.15,15.47,11689308.0,179841501.0,891026632.0,0.013118921006617,000988
2018-04-12,15.49,15.63,15.16,15.24,11210305.0,172360728.0,891026632.0,0.0125813355037854,000988
2018-04-13,15.35,15.44,15.21,15.24,6147415.0,94056810.0,891026632.0,0.0068992494491455,000988
2018-04-16,15.22,15.54,15.04,15.51,11393158.0,174905706.0,891026632.0,0.0127865515920965,000988
2018-04-17,15.53,15.65,15.17,15.38,14039526.0,216181763.0,891026632.0,0.0157565728069057,000988
2018-04-18,15.47,15.76,14.65,15.7,25466901.0,388171879.0,891026632.0,0.0285815261692424,000988
2018-04-19,15.59,16.7,15.45,16.14,37243482.0,598733810.0,891026632.0,0.0417983937431849,000988
2018-04-20,15.95,16.41,15.85,15.94,25225531.0,406519550.0,891026632.0,0.0283106363985762,000988
2018-04-23,16.05,16.35,15.57,16.0,20052230.0,320713175.0,891026632.0,0.0225046359781533,000988
2018-04-24,15.89,16.65,15.84,16.63,27932887.0,456111417.0,891026632.0,0.0313491045012894,000988
2018-04-25,16.79,17.2,16.62,17.0,40429706.0,684564653.0,891026632.0,0.0453742958381068,000988
2018-04-26,16.9,16.92,16.52,16.55,21218167.0,354684029.0,891026632.0,0.0238131681343504,000988
2018-04-27,16.83,16.88,16.14,16.53,18324277.0,302481242.0,891026632.0,0.0205653527536761,000988
2018-05-02,16.49,16.79,15.84,15.98,19403058.0,315304971.0,891026632.0,0.0217760696517542,000988
2018-05-03,15.67,15.7,14.85,15.41,26980323.0,411271296.0,891026632.0,0.030280041057179,000988
2018-05-04,15.35,15.53,15.12,15.18,13208395.0,202378107.0,891026632.0,0.0148237937292092,000988
2018-05-07,15.29,15.72,15.24,15.59,14505513.0,225523922.0,891026632.0,0.0162795504410916,000988
2018-05-08,15.58,15.79,15.52,15.7,9924911.0,155603255.0,891026632.0,0.0111387366477728,000988
2018-05-09,15.75,15.87,15.55,15.62,8575793.0,134656212.0,891026632.0,0.0096246202885661,000988
2018-05-10,15.62,16.35,15.55,16.28,21150515.0,339551109.0,891026632.0,0.0237372422331816,000988
2018-05-11,16.42,17.91,16.39,17.23,60942490.0,1045984528.0,891026632.0,0.0683958119896016,000988
2018-05-14,17.32,17.54,16.99,17.42,35977241.0,620949508.0,891026632.0,0.0403772903165031,000988
2018-05-15,17.36,17.37,16.95,17.18,25584224.0,438789933.0,891026632.0,0.0287131978789159,000988
2018-05-16,17.1,17.59,16.93,17.0,31732026.0,547410986.0,891026632.0,0.0356128816585136,000988
2018-05-17,16.9,17.8,16.78,17.72,39470367.0,686393488.0,891026632.0,0.0442976288053307,000988
2018-05-18,17.59,17.72,17.06,17.38,28280019.0,490317963.0,891026632.0,0.0317386910608077,000988
2018-05-21,17.43,17.68,17.16,17.6,28073932.0,490051163.0,891026632.0,0.0315073994331518,000988
2018-05-22,17.5,18.06,17.46,17.93,38094275.0,680560754.0,891026632.0,0.0427532395013755,000988
2018-05-23,17.78,17.9,17.36,17.36,26814598.0,471074652.0,891026632.0,0.0300940477388559,000988
2018-05-24,17.36,17.58,17.06,17.12,21853262.0,377847269.0,891026632.0,0.0245259358308383,000988
2018-05-25,17.2,17.23,16.71,16.8,20259627.0,342542321.0,891026632.0,0.0227373978200014,000988
2018-05-28,16.86,16.97,16.47,16.55,22337046.0,373916231.0,891026632.0,0.0250688870543209,000988
2018-05-29,16.58,16.74,16.35,16.52,18718311.0,309923547.0,891026632.0,0.021007577470479,000988
2018-05-30,16.2,16.52,16.02,16.1,19932383.0,323609523.0,891026632.0,0.0223701315809828,000988
2018-05-31,16.25,16.5,16.08,16.45,17111118.0,279350328.0,891026632.0,0.0192038233039032,000988
2018-06-01,16.32,16.32,15.66,15.71,22617009.0,360358056.0,891026632.0,0.0253830897840099,000988
2018-06-04,15.81,15.99,15.69,15.72,11479798.0,181920944.0,891026632.0,0.0128837877429459,000988
2018-06-05,15.8,16.45,15.78,16.43,16580365.0,268488224.0,891026632.0,0.018608158728975,000988
2018-06-06,16.7,16.82,16.36,16.51,18085126.0,299941237.0,891026632.0,0.0202969533687293,000988
2018-06-07,16.6,16.72,16.16,16.22,13241014.0,216834541.0,891026632.0,0.0148604020625951,000988
2018-06-08,16.24,16.46,16.03,16.21,10802813.0,175572057.0,891026632.0,0.0121240068613347,000988
2018-06-11,16.05,16.23,15.96,16.05,8245463.0,132457982.0,891026632.0,0.0092538906289391,000988
2018-06-12,16.12,16.36,15.77,16.31,11433449.0,183994094.0,891026632.0,0.0128317702180645,000988
2018-06-13,16.23,16.44,15.74,15.74,15337453.0,248103292.0,891026632.0,0.0172132374602244,000988
2018-06-14,15.52,15.55,14.98,15.03,25194940.0,384614265.0,891026632.0,0.0282763040914359,000988
2018-06-15,15.06,15.14,14.73,15.01,13842673.0,206548944.0,891026632.0,0.0155356445058535,000988
2018-06-19,14.75,14.99,13.55,13.9,20512363.0,292574616.0,891026632.0,0.0230210436628116,000988
2018-06-20,13.92,14.47,13.82,14.27,12643971.0,178926743.0,891026632.0,0.0141903401603376,000988
2018-06-21,14.27,14.28,13.8,13.81,10937311.0,153134188.0,891026632.0,0.0122749540891388,000988
2018-06-22,13.75,14.16,13.56,14.04,7981610.0,111462127.0,891026632.0,0.0089577681669115,000988
2018-06-25,14.22,14.29,13.73,13.73,10393279.0,145391077.0,891026632.0,0.0116643864804256,000988
2018-06-26,13.49,14.16,13.3,14.02,12096791.0,166882497.0,891026632.0,0.0135762395483595,000988
2018-06-27,14.04,14.11,13.84,13.9,8370043.0,116897893.0,891026632.0,0.009393706876317,000988
2018-06-28,13.9,14.14,13.77,13.8,7364013.0,102958448.0,891026632.0,0.0082646384917482,000988
2018-06-29,13.91,14.48,13.85,14.45,12596382.0,179370624.0,891026632.0,0.0141369309823278,000988
2018-07-02,14.4,14.53,14.01,14.11,10264006.0,146446314.0,891116632.0,0.0115181398611803,000988
2018-07-03,14.17,14.78,14.09,14.68,15240333.0,221041856.0,891116632.0,0.0171025121209947,000988
2018-07-04,14.56,14.59,14.1,14.22,12845231.0,184063562.0,891116632.0,0.0144147584488132,000988
2018-07-05,14.21,14.44,14.01,14.06,9377695.0,133009101.0,891116632.0,0.0105235326816344,000988
2018-07-06,14.11,14.79,14.11,14.5,18052201.0,261283020.0,891116632.0,0.0202579554143031,000988
2018-07-09,14.6,14.85,14.5,14.81,13277355.0,195603809.0,891116632.0,0.0148996826265049,000988
2018-07-10,14.8,15.02,14.64,14.92,13991383.0,207801617.0,891116632.0,0.0157009559664463,000988
2018-07-11,14.58,14.72,14.2,14.52,12596264.0,182599071.0,891116632.0,0.0141353707782664,000988
2018-07-12,14.59,15.24,14.59,15.12,20135532.0,302408024.0,891116632.0,0.0225958435483448,000988
2018-07-13,15.05,15.2,14.97,15.12,10924745.0,164705410.0,891116632.0,0.0122596129481735,000988
2018-07-16,15.1,15.4,14.9,15.21,12453466.0,188934085.0,891116632.0,0.0139751246389036,000988
2018-07-17,15.08,15.12,14.8,15.08,11832844.0,176987209.0,891116632.0,0.0132786703503026,000988
2018-07-18,15.14,15.18,14.7,14.74,10213490.0,152726510.0,891116632.0,0.0114614514343392,000988
2018-07-19,14.74,14.92,14.54,14.78,8253209.0,121516587.0,891116632.0,0.009261648479702,000988
2018-07-20,14.71,15.09,14.57,15.0,9904034.0,147569067.0,891116632.0,0.0111141837604036,000988
2018-07-23,14.96,15.36,14.92,15.24,11804940.0,179078752.0,891116632.0,0.0132473568285952,000988
2018-07-24,15.25,15.42,15.1,15.34,14413498.0,220867252.0,891116632.0,0.0161746481688381,000988
2018-07-25,15.36,15.48,15.18,15.2,10768725.0,164583042.0,891116632.0,0.0120845292448766,000988
2018-07-26,15.22,15.25,14.87,14.93,9668379.0,144923271.0,891116632.0,0.0108497346506714,000988
2018-07-27,14.81,14.99,14.8,14.84,5908802.0,88009201.0,891116632.0,0.006630784105935,000988
2018-07-30,14.88,15.16,14.8,14.82,7824718.0,116944781.0,891116632.0,0.0087808012094201,000988
2018-07-31,14.79,14.8,14.51,14.62,7805205.0,114297286.0,891116632.0,0.0087589039635386,000988
2018-08-01,14.63,14.83,14.39,14.43,7003415.0,102382837.0,891116632.0,0.007859145198852,000988
2018-08-02,14.39,14.4,13.75,14.05,10276391.0,143912817.0,891116632.0,0.0115320381541257,000988
2018-08-03,14.03,14.1,13.84,13.91,5332548.0,74489794.0,891116632.0,0.005984119035049,000988
2018-08-06,13.85,14.12,13.71,13.86,7325534.0,101955862.0,891116632.0,0.008220623133875,000988
2018-08-07,13.98,14.28,13.83,14.27,7746920.0,109162098.0,891116632.0,0.0086934972615346,000988
2018-08-08,14.26,14.26,13.83,13.85,6729107.0,94437680.0,891116632.0,0.0075513201733171,000988
2018-08-09,13.88,14.6,13.83,14.39,13119426.0,188481733.0,891116632.0,0.0147224566671537,000988
2018-08-10,14.39,14.55,14.32,14.43,6579994.0,94874505.0,891116632.0,0.0073839874195053,000988
2018-08-13,14.25,14.62,14.17,14.56,8300200.0,119667098.0,891116632.0,0.0093143811953899,000988
2018-08-14,14.45,14.54,14.28,14.33,6473454.0,92962361.0,891116632.0,0.0072644295567361,000988
2018-08-15,14.35,14.38,13.93,13.98,7407245.0,104435987.0,891116632.0,0.0083123182016874,000988
2018-08-16,13.8,14.12,13.71,13.94,5864255.0,81855610.0,891116632.0,0.0065807940166467,000988
2018-08-17,14.09,14.15,13.58,13.63,7589182.0,104767806.0,891116632.0,0.0085164856400076,000988
2018-08-20,13.62,13.85,13.46,13.82,6113327.0,83556737.0,891116632.0,0.0068602995168874,000988
2018-08-21,13.78,13.97,13.75,13.88,4708966.0,65324320.0,891116632.0,0.005284343071267,000988
2018-08-22,13.85,14.0,13.67,13.9,6061474.0,83773427.0,891116632.0,0.006802110725277,000988
2018-08-23,13.85,14.05,13.81,13.94,5932247.0,82738776.0,891116632.0,0.0066570937933071,000988
2018-08-24,13.92,13.94,13.7,13.73,4798825.0,66119486.0,891116632.0,0.0053851817233279,000988
2018-08-27,13.74,14.27,13.74,14.22,10430094.0,147089485.0,891116632.0,0.0117045217488433,000988
2018-08-28,14.24,14.43,14.15,14.23,6919043.0,98826971.0,891116632.0,0.0077644639899393,000988
2018-08-29,14.23,14.45,14.19,14.28,6347216.0,90817435.0,891116632.0,0.0071227668433866,000988
2018-08-30,14.4,14.43,13.99,14.0,6161163.0,86873230.0,891116632.0,0.0069139804810645,000988
2018-08-31,13.7,13.88,13.61,13.71,5365599.0,73801893.0,891116632.0,0.0060212084561339,000988
2018-09-03,13.68,13.85,13.53,13.8,4541907.0,62023098.0,891116632.0,0.0050968715394821,000988
2018-09-04,13.8,14.0,13.72,13.94,4771294.0,66353957.0,891116632.0,0.0053542867775808,000988
2018-09-05,13.93,13.94,13.55,13.57,8828898.0,121219152.0,891116632.0,0.0099076795146159,000988
2018-09-06,13.51,13.82,13.5,13.8,7238884.0,99160679.0,891116632.0,0.0081233855816979,000988
2018-09-07,14.0,14.3,13.85,13.99,17257733.0,243521589.0,891116632.0,0.0193664133069396,000988
2018-09-10,13.85,13.95,13.6,13.7,8347698.0,114255578.0,891116632.0,0.0093676828601713,000988
2018-09-11,13.72,13.87,13.56,13.77,5444993.0,74951034.0,891116632.0,0.006110303415367,000988
2018-09-12,13.75,15.08,13.6,14.73,29985323.0,434194388.0,891116632.0,0.0336491564888668,000988
2018-09-13,15.0,15.29,14.7,15.25,37165639.0,561686491.0,891116632.0,0.041706817789481,000988
2018-09-14,15.14,15.33,14.95,15.0,23147140.0,349688355.0,891116632.0,0.0259754325851254,000988
2018-09-17,15.0,15.45,14.91,15.13,22239513.0,337599561.0,891116632.0,0.0249569048555251,000988
2018-09-18,15.03,15.14,14.72,15.09,17876255.0,267361895.0,891116632.0,0.020060511001662,000988
2018-09-19,14.97,15.55,14.84,15.23,24598699.0,374493779.0,891116632.0,0.0276043540392589,000988
2018-09-20,15.18,15.35,15.05,15.17,11977752.0,181796144.0,891116632.0,0.0134412843054196,000988
2018-09-21,15.21,15.44,15.14,15.36,15652851.0,239096726.0,891116632.0,0.0175654346893617,000988
2018-09-25,15.27,15.43,15.02,15.13,14446793.0,219564364.0,891116632.0,0.0162120114036879,000988
2018-09-26,15.13,15.34,15.08,15.11,14664299.0,222870742.0,891116632.0,0.0164560939313721,000988
2018-09-27,15.06,15.16,14.59,14.63,22241176.0,328876476.0,891116632.0,0.0249587710534393,000988
2018-09-28,14.69,14.81,14.58,14.7,11672070.0,171553433.0,891116632.0,0.0130982517673399,000988
2018-10-08,14.5,14.98,14.15,14.19,17034951.0,248008829.0,891116632.0,0.0191164101176825,000988
2018-10-09,14.28,14.34,13.93,14.09,9392682.0,132538140.0,891116632.0,0.0105403509066139,000988
2018-10-10,14.11,14.14,13.68,13.93,9856177.0,137236088.0,891116632.0,0.0110604792302877,000988
2018-10-11,13.47,13.57,12.54,12.54,26637629.0,342893118.0,891116632.0,0.0298924159233962,000988
2018-10-12,12.15,12.31,11.46,12.01,18880262.0,225067023.0,891116632.0,0.0211871951684097,000988
2018-10-15,12.08,12.28,11.68,11.68,9746747.0,117156161.0,891116632.0,0.0109376782454667,000988
2018-10-16,11.75,11.9,10.78,10.99,15879424.0,178916092.0,891116632.0,0.0178196920916632,000988
2018-10-17,11.25,11.32,10.73,11.17,14877319.0,164829307.0,891116632.0,0.0166951423256568,000988
2018-10-18,11.05,11.21,10.86,10.97,8626137.0,95167584.0,891116632.0,0.0096801436425215,000988
2018-10-19,10.75,11.36,10.7,11.34,11516023.0,128229979.0,891116632.0,0.0129231377649788,000988
2018-10-22,11.37,12.03,11.37,11.84,21155574.0,247720525.0,891116632.0,0.0237405219926363,000988
2018-10-23,11.8,11.83,11.46,11.49,11099457.0,129165853.0,891116632.0,0.0124556725813641,000988
2018-10-24,11.42,11.66,11.32,11.45,6613516.0,75937055.0,891116632.0,0.0074216053909315,000988
2018-10-25,11.0,11.35,10.92,11.26,9686236.0,107333225.0,891116632.0,0.0108697735539515,000988
2018-10-26,11.43,11.55,11.27,11.37,7511393.0,85727406.0,891116632.0,0.0084291917918102,000988
2018-10-29,11.3,11.55,11.17,11.26,6181285.0,70231896.0,891116632.0,0.0069365611391708,000988
2018-10-30,11.15,11.16,10.13,10.36,26185394.0,273297529.0,891116632.0,0.0293849234316614,000988
2018-10-31,10.47,10.84,10.38,10.77,14336288.0,152618658.0,891116632.0,0.0160880040672386,000988
2018-11-01,10.98,11.35,10.89,11.07,15593891.0,173749875.0,891116632.0,0.0174992705107539,000988
2018-11-02,11.4,11.66,11.21,11.6,15866532.0,181997816.0,891116632.0,0.0178052248496243,000988
2018-11-05,11.58,11.75,11.35,11.66,16243274.0,187441200.0,891116632.0,0.0182280000358022,000988
2018-11-06,11.8,12.12,11.65,11.9,23441530.0,278279677.0,891116632.0,0.0263057933812641,000988
2018-11-07,11.86,11.89,11.61,11.63,15945418.0,186963297.0,891116632.0,0.0178937497375764,000988
2018-11-08,11.74,12.17,11.53,11.82,24096545.0,286606528.0,891116632.0,0.027040843066657,000988
2018-11-09,11.81,12.01,11.63,11.85,14559162.0,172567912.0,891116632.0,0.0163381104977513,000988
2018-11-12,12.0,12.08,11.75,12.08,17731326.0,212199775.0,891116632.0,0.0198978734806062,000988
2018-11-13,11.85,12.21,11.81,12.07,19919709.0,239314913.0,891116632.0,0.0223536496623261,000988
2018-11-14,12.04,12.33,11.95,12.31,20590075.0,250098871.0,891116632.0,0.0231059260489708,000988
2018-11-15,12.25,12.85,12.21,12.72,24454103.0,308018059.0,891116632.0,0.027442090206661,000988
2018-11-16,12.77,13.28,12.6,12.96,30676962.0,398133827.0,891116632.0,0.0344253051715008,000988
2018-11-19,12.95,13.12,12.62,12.8,18264544.0,234046301.0,891116632.0,0.0204962440876089,000988
2018-11-20,12.67,12.76,12.31,12.32,16787512.0,209965254.0,891116632.0,0.0188387371497292,000988
2018-11-21,12.1,12.55,12.08,12.42,10682354.0,132219365.0,891116632.0,0.0119876047830291,000988
2018-11-22,12.46,12.62,12.36,12.42,9361797.0,116899901.0,891116632.0,0.0105056921437866,000988
2018-11-23,12.37,12.43,11.74,11.8,14489498.0,173499968.0,891116632.0,0.0162599344234885,000988
2018-11-26,11.83,12.06,11.75,11.96,8109791.0,96592576.0,891116632.0,0.0091007065840512,000988
2018-11-27,12.13,12.66,12.12,12.49,18657429.0,231552625.0,891116632.0,0.0209371347475871,000988
2018-11-28,12.42,12.55,12.2,12.51,12639706.0,156954422.0,891116632.0,0.0141841208502996,000988
2018-11-29,12.7,12.71,11.98,12.0,13298308.0,163725501.0,891116632.0,0.0149231958224745,000988
2018-11-30,12.01,12.08,11.56,11.89,11939893.0,141391741.0,891116632.0,0.0133987994065405,000988
2018-12-03,12.22,12.64,12.22,12.53,20001191.0,249203990.0,891116632.0,0.022445087749187,000988
2018-12-04,12.6,12.6,12.34,12.46,10759723.0,133963815.0,891116632.0,0.0120744273124508,000988
2018-12-05,12.18,12.37,12.1,12.2,10004188.0,122171749.0,891116632.0,0.011226575333407,000988
2018-12-06,12.08,12.08,11.76,11.81,12816200.0,152186829.0,890869132.0,0.0143861758586557,000988
2018-12-07,11.88,12.12,11.83,11.88,8019477.0,96021407.0,890869132.0,0.0090018575253542,000988
2018-12-10,11.8,12.05,11.72,11.84,6542848.0,77834879.0,1005255207.0,0.00650864372991,000988
2018-12-11,11.93,12.17,11.87,12.16,10589912.0,127679736.0,1005255207.0,0.0105345507551297,000988
2018-12-12,12.2,12.24,11.96,12.01,7516206.0,90553581.0,1005255207.0,0.0074769132730291,000988
2018-12-13,12.06,12.2,11.91,12.08,9018433.0,109334419.0,1005255207.0,0.008971287029603,000988
2018-12-14,12.08,12.12,11.65,11.73,9568930.0,113710592.0,1005255207.0,0.009518906177623,000988
2018-12-17,11.71,11.79,11.58,11.71,6078938.0,71021865.0,1005255207.0,0.006047158928071,000988
2018-12-18,11.62,11.79,11.54,11.66,5887700.0,68541364.0,1005255207.0,0.0058569206694992,000988
2018-12-19,11.71,11.75,11.48,11.48,5201184.0,60396360.0,1005255207.0,0.0051739935926539,000988
2018-12-20,11.63,12.09,11.51,11.95,16637080.0,198398385.0,1005255207.0,0.0165501057683156,000988
2018-12-21,11.87,12.1,11.7,11.9,12937253.0,154211167.0,1005255207.0,0.0128696204803642,000988
2018-12-24,11.9,12.24,11.9,12.22,14532506.0,176278096.0,1005255207.0,0.0144565339217387,000988
2018-12-25,12.05,12.52,11.91,12.46,23056036.0,281832862.0,1005255207.0,0.022935505172668,000988
2018-12-26,12.37,12.46,12.16,12.26,14122981.0,173502863.0,1005255207.0,0.0140491498095766,000988
2018-12-27,12.5,12.55,12.23,12.31,18172521.0,224791458.0,1005255207.0,0.0180775198909265,000988
2018-12-28,12.3,12.3,11.91,11.94,14344547.0,173206823.0,1005255207.0,0.0142695575214264,000988
2019-01-02,12.01,12.29,11.93,12.2,13058773.0,158419812.0,1005255207.0,0.0129905052061073,000988
2019-01-03,12.14,12.17,11.68,11.69,18588969.0,220484501.0,1005255207.0,0.0184917908114849,000988
2019-01-04,11.38,11.94,11.35,11.9,12586489.0,147703357.0,1005255207.0,0.0125206901813143,000988
2019-01-07,11.93,12.34,11.93,12.24,17930829.0,218621190.0,1005255207.0,0.0178370913924547,000988
2019-01-08,12.21,12.46,12.12,12.28,12131049.0,148652740.0,1005255207.0,0.0120676311005668,000988
2019-01-09,12.27,12.64,12.18,12.35,23083096.0,287331867.0,1005255207.0,0.0229624237101812,000988
2019-01-10,12.32,12.61,12.28,12.49,16529208.0,205943549.0,1005255207.0,0.0164427976944565,000988
2019-01-11,12.69,12.86,12.38,12.55,20951829.0,264700137.0,1005255207.0,0.0208422984075127,000988
2019-01-14,12.69,12.69,12.23,12.45,13950882.0,173157660.0,1005255207.0,0.0138779504974004,000988
2019-01-15,12.4,12.89,12.34,12.84,26789307.0,341230202.0,1005255207.0,0.0266492596242776,000988
2019-01-16,12.8,12.87,12.53,12.55,18589229.0,235568773.0,1005255207.0,0.018492049452274,000988
2019-01-17,12.55,12.62,12.31,12.36,12053722.0,150028107.0,1005255207.0,0.0119907083455674,000988
2019-01-18,12.4,12.49,12.22,12.47,12208072.0,151024386.0,1005255207.0,0.0121442514447975,000988
2019-01-21,12.45,12.71,12.39,12.5,12922199.0,162261567.0,1005255207.0,0.0128546451786745,000988
2019-01-22,12.47,12.47,12.17,12.2,11024258.0,135384162.0,1005255207.0,0.0109666261097019,000988
2019-01-23,12.13,12.25,12.07,12.24,6547746.0,79642480.0,1005255207.0,0.006513516124468,000988
2019-01-24,12.3,12.54,12.15,12.37,11866156.0,147056786.0,1005255207.0,0.0118041228907556,000988
2019-01-25,12.34,12.48,12.25,12.3,9515574.0,117654657.0,1005255207.0,0.0094658291086076,000988
2019-01-28,12.38,12.42,12.03,12.06,11489622.0,140188413.0,1005255207.0,0.0114295573104154,000988
2019-01-29,12.04,12.08,11.61,11.85,10069310.0,119001239.0,1005255207.0,0.0100166703239966,000988
2019-01-30,11.8,11.92,11.64,11.66,7420499.0,87423039.0,1005255207.0,0.0073817066037838,000988
2019-01-31,11.74,11.84,11.5,11.72,9131027.0,106972178.0,1005255207.0,0.0090832924181013,000988
2019-02-01,11.76,12.01,11.76,11.99,8992367.0,107040701.0,1005255207.0,0.008945357295722,000988
2019-02-11,11.95,12.38,11.93,12.36,12118264.0,148037394.0,1005255207.0,0.0120549129371483,000988
2019-02-12,12.3,12.46,12.3,12.43,11377495.0,140923297.0,1005255207.0,0.0113180164805652,000988
2019-02-13,12.41,13.02,12.39,12.93,31974563.0,409761114.0,1005255207.0,0.0318074084842815,000988
2019-02-14,12.85,13.27,12.81,13.19,28922235.0,378501002.0,1005255207.0,0.0287710372436797,000988
2019-02-15,13.23,13.32,12.98,13.03,22746661.0,298520960.0,1005255207.0,0.0226277475029283,000988
2019-02-18,13.17,13.46,13.06,13.43,27282304.0,363107758.0,1005255207.0,0.0271396793670127,000988
2019-02-19,13.46,13.48,13.09,13.32,26226189.0,348012986.0,1005255207.0,0.0260890854554907,000988
2019-02-20,13.47,13.58,13.12,13.35,19942156.0,265871170.0,1005255207.0,0.0198379037095601,000988
2019-02-21,13.39,13.88,13.3,13.44,40138672.0,544851876.0,1005255207.0,0.0399288376926557,000988
2019-02-22,13.36,13.78,13.26,13.74,29430128.0,400252449.0,1005255207.0,0.0292762751140865,000988
2019-02-25,14.4,14.63,14.01,14.33,45824381.0,655042644.0,1005255207.0,0.0455848233174085,000988
2019-02-26,14.27,15.09,14.12,14.66,52319581.0,766109753.0,1005255207.0,0.0520460681383966,000988
2019-02-27,14.6,14.86,14.19,14.39,34749924.0,505361392.0,1005255207.0,0.0345682606347345,000988
2019-02-28,14.56,14.95,14.5,14.7,27549228.0,405414690.0,1005255207.0,0.0274052079592958,000988
2019-03-01,14.96,15.27,14.68,15.0,35317908.0,530425410.0,1005255207.0,0.035133275365367,000988
2019-03-04,15.25,15.3,14.8,14.94,46497694.0,700768963.0,1005255207.0,0.0462546164160281,000988
2019-03-05,14.9,15.32,14.78,15.3,37378623.0,563426154.0,1005255207.0,0.037183217495137,000988
2019-03-06,15.5,15.89,15.26,15.45,45780623.0,712755043.0,1005255207.0,0.0455412940726006,000988
2019-03-07,15.36,16.06,15.3,16.03,46369322.0,727484276.0,1005255207.0,0.0461269155107196,000988
2019-03-08,15.68,17.63,15.5,16.91,103756953.0,1776592410.0,1005255207.0,0.1032145392309318,000988
2019-03-11,17.5,18.6,16.98,18.6,98858561.0,1779894723.0,1005255207.0,0.0983417547221916,000988
2019-03-12,17.92,17.92,17.2,17.77,113450984.0,1997308023.0,1005255207.0,0.1128578924137818,000988
2019-03-13,17.5,17.5,16.39,16.57,71495379.0,1216069904.0,1005255207.0,0.0711216201638635,000988
2019-03-14,16.38,16.72,15.62,16.06,41340722.0,665613039.0,1005255207.0,0.0411246036947909,000988
2019-03-15,16.16,16.44,15.86,16.09,32489655.0,526337655.0,1005255207.0,0.03231980772023,000988
2019-03-18,16.33,16.33,15.9,16.26,26438335.0,426368908.0,1005255207.0,0.0263001224125964,000988
2019-03-19,16.26,16.77,16.1,16.58,31308224.0,516889372.0,1005255207.0,0.0311445529274438,000988
2019-03-20,16.6,16.88,16.02,16.35,34412437.0,567836236.0,1005255207.0,0.0342325379270579,000988
2019-03-21,16.26,17.13,16.26,16.75,50123552.0,844489171.0,1005255207.0,0.0498615193942487,000988
2019-03-22,16.65,16.73,16.01,16.45,33897864.0,554878411.0,1005255207.0,0.0337206549779154,000988
2019-03-25,16.09,16.84,16.03,16.49,31893590.0,528154850.0,1005255207.0,0.0317268587896008,000988
2019-03-26,16.49,16.57,15.86,15.86,27906783.0,450095042.0,1005255207.0,0.0277608937568029,000988
2019-03-27,16.01,16.05,15.39,15.73,18356689.0,287935801.0,1005255207.0,0.018260725109579,000988
2019-03-28,15.6,16.13,15.54,15.59,22510805.0,356169933.0,1005255207.0,0.0223931244953999,000988
2019-03-29,15.29,15.56,14.53,15.44,45399797.0,686420298.0,1005255207.0,0.0451624589296954,000988
2019-04-01,15.48,16.05,15.44,15.98,30020523.0,476258290.0,1005255207.0,0.0298635836859684,000988
2019-04-02,16.0,16.59,15.94,16.17,32652940.0,531279868.0,1005255207.0,0.0324822391096552,000988
2019-04-03,16.16,16.16,15.89,16.13,19665987.0,315033186.0,1005255207.0,0.0195631784476795,000988
2019-04-04,16.13,16.24,15.9,15.99,20996650.0,336679628.0,1005255207.0,0.0208868850952393,000988
2019-04-08,16.01,16.18,15.2,15.39,32051000.0,500439308.0,1005255207.0,0.0318834458919644,000988
2019-04-09,15.3,15.78,15.26,15.64,17017680.0,265319047.0,1005255207.0,0.0169287160926886,000988
2019-04-10,15.53,15.62,15.13,15.36,19073405.0,293375310.0,1005255207.0,0.0189736943088522,000988
2019-04-11,15.45,15.66,15.09,15.09,18699055.0,286972249.0,1005255207.0,0.0186013013111405,000988
2019-04-12,15.29,15.56,15.16,15.33,20831896.0,319897375.0,1005255207.0,0.0207229923853555,000988
2019-04-15,15.65,16.09,15.42,15.7,38884832.0,614259763.0,1005255207.0,0.0386815524348733,000988
2019-04-16,15.55,16.44,15.22,16.37,48266357.0,769169142.0,1005255207.0,0.0480140333160194,000988
2019-04-17,16.34,16.57,16.2,16.26,35954912.0,588211342.0,1005255207.0,0.0357669492777867,000988
2019-04-18,16.24,16.28,15.95,15.97,23749577.0,382439477.0,1005255207.0,0.0236254205246807,000988
2019-04-19,15.95,16.14,15.72,16.14,19806788.0,315829705.0,1005255207.0,0.0197032433774799,000988
2019-04-22,16.17,16.31,15.83,15.9,22250450.0,357955498.0,1005255207.0,0.0221341305621309,000988
2019-04-23,15.95,15.95,15.38,15.38,19870385.0,308891543.0,1005255207.0,0.0197665079092696,000988
2019-04-24,15.46,15.72,15.31,15.69,14264628.0,221321493.0,1005255207.0,0.014190056316714,000988
2019-04-25,15.65,15.65,15.01,15.05,17177424.0,263056245.0,1005255207.0,0.0170876249935206,000988
2019-04-26,15.0,15.36,14.92,15.09,14193969.0,215163869.0,1005255207.0,0.014119766703183,000988
2019-04-29,15.05,15.26,14.53,14.72,18486864.0,276033637.0,1005255207.0,0.0183902195892828,000988
2019-04-30,14.75,15.04,14.7,14.87,10483530.0,156098413.0,1005255207.0,0.0104287248919467,000988
2019-05-06,14.45,14.45,13.38,13.38,27018330.0,373571609.0,1005255207.0,0.0268770853529137,000988
2019-05-07,13.47,13.66,13.3,13.56,12413514.0,167525798.0,1005255207.0,0.0123486194486332,000988
2019-05-08,13.24,13.78,13.08,13.55,10215031.0,137997151.0,1005255207.0,0.0101616295333449,000988
2019-05-09,13.4,13.75,13.28,13.4,10194308.0,137826442.0,1005255207.0,0.0101410148676802,000988
2019-05-10,13.6,13.97,13.14,13.95,24672506.0,338751583.0,1005255207.0,0.0245435246972065,000988
2019-05-13,13.73,13.87,13.51,13.62,12867990.0,176087378.0,1005255207.0,0.0128007195689163,000988
2019-05-14,13.38,13.71,13.36,13.42,11792987.0,159792785.0,1005255207.0,0.0117313363988374,000988
2019-05-15,13.58,13.74,13.56,13.66,12136740.0,165483364.0,1005255207.0,0.0120732923495316,000988
2019-05-16,13.67,13.8,13.47,13.79,13882565.0,189529832.0,1005255207.0,0.013809990640516,000988
2019-05-17,13.85,14.22,13.5,13.63,25355047.0,352998297.0,1005255207.0,0.0252224975542951,000988
2019-05-20,14.02,14.99,14.02,14.7,39237142.0,571689331.0,1005255207.0,0.0390320206518462,000988
2019-05-21,14.46,14.84,14.22,14.72,31216894.0,455631549.0,1005255207.0,0.031053700376406,000988
2019-05-22,14.65,15.17,14.57,14.83,30486707.0,454303892.0,1005255207.0,0.0303273305999398,000988
2019-05-23,15.0,15.08,14.5,14.6,26122533.0,385602808.0,1005255207.0,0.0259859713415043,000988
2019-05-24,14.39,14.56,14.07,14.1,17894312.0,255807128.0,1005255207.0,0.0178007652936235,000988
2019-05-27,14.24,15.05,14.18,15.0,31198224.0,457936646.0,1005255207.0,0.031035127978203,000988
2019-05-28,14.9,15.12,14.7,14.85,23230859.0,345347643.0,1005255207.0,0.0231094142444964,000988
2019-05-29,14.85,15.2,14.68,14.9,24424855.0,365911116.0,1005255207.0,0.0242971683508026,000988
2019-05-30,14.82,14.82,14.35,14.68,18667211.0,272182390.0,1005255207.0,0.0185696237831076,000988
2019-05-31,14.56,14.99,14.53,14.61,17059416.0,252229556.0,1005255207.0,0.0169702339079751,000988
2019-06-03,14.69,15.15,14.45,14.93,26645903.0,396343694.0,1005255207.0,0.0265066053022692,000988
2019-06-04,14.96,15.24,14.63,14.93,29377204.0,441137150.0,1005255207.0,0.0292236277866899,000988
2019-06-05,15.1,15.18,14.76,14.96,21356578.0,319906713.0,1005255207.0,0.0212449314873332,000988
2019-06-06,14.98,14.98,14.07,14.18,22041693.0,318167242.0,1005255207.0,0.0219264648882341,000988
2019-06-10,14.3,14.68,14.2,14.63,15995287.0,232455714.0,1005255207.0,0.0159116678915148,000988
2019-06-11,14.59,15.13,14.33,15.09,25200379.0,375536859.0,1005255207.0,0.0250686381174845,000988
2019-06-12,15.03,15.32,14.96,15.28,25343635.0,383960475.0,1005255207.0,0.0252111452131975,000988
2019-06-13,15.39,15.94,15.3,15.54,43972858.0,689710965.0,1005255207.0,0.043742979587471,000988
2019-06-14,15.47,15.8,15.31,15.48,32351376.0,502268706.0,1005255207.0,0.0321822516060839,000988
2019-06-17,15.59,15.75,15.04,15.21,25150306.0,385071518.0,1005255207.0,0.0250188268858178,000988
2019-06-18,15.22,15.3,14.91,15.05,16611692.0,250639403.0,1005255207.0,0.0165248504900308,000988
2019-06-19,15.48,15.88,15.37,15.38,29792295.0,463944585.0,1005255207.0,0.0296365488012836,000988
2019-06-20,15.31,15.64,15.05,15.58,27681533.0,426070313.0,1005255207.0,0.0275368213039258,000988
2019-06-21,15.57,15.79,15.51,15.66,25857138.0,404740969.0,1005255207.0,0.0257219637560156,000988
2019-06-24,15.71,15.96,15.48,15.94,27872091.0,439288344.0,1005255207.0,0.0277263831173569,000988
2019-06-25,15.85,15.85,15.47,15.66,19762444.0,308898037.0,1005255207.0,0.0196591311961242,000988
2019-06-26,15.52,15.87,15.49,15.54,15802315.0,248230952.0,1005255207.0,0.015719704697834,000988
2019-06-27,15.55,16.08,15.55,16.04,29490150.0,467838518.0,1005255207.0,0.0293359833350258,000988
2019-06-28,15.85,16.05,15.67,15.82,22244920.0,351986124.0,1005255207.0,0.0221286294715009,000988
2019-07-01,16.36,16.44,16.09,16.2,36172970.0,587321490.0,1005176982.0,0.0359866676692363,000988
2019-07-02,16.09,16.2,15.78,16.13,30507228.0,488149609.0,1005176982.0,0.030350106047295,000988
2019-07-03,16.11,16.11,15.72,15.81,18205776.0,289558473.0,1005176982.0,0.0181120104479272,000988
2019-07-04,15.84,15.89,15.58,15.68,13136965.0,205976408.0,1005176982.0,0.0130693054409795,000988
2019-07-05,15.65,15.8,15.65,15.67,9854668.0,154902448.0,1005176982.0,0.0098039133172271,000988
2019-07-08,15.7,15.71,14.92,14.95,18668589.0,283426138.0,1005176982.0,0.0185724398133899,000988
2019-07-09,14.94,15.03,14.68,14.87,11799713.0,175218879.0,1005176982.0,0.0117389407152182,000988
2019-07-10,14.94,14.99,14.63,14.71,8679962.0,128671431.0,1005176982.0,0.0086352574277312,000988
2019-07-11,15.03,15.44,15.03,15.17,21025321.0,319845969.0,1005176982.0,0.0209170338920474,000988
2019-07-12,15.1,15.36,14.9,15.22,12336060.0,187193608.0,1005176982.0,0.0122725253571315,000988
2019-07-15,15.18,15.87,15.05,15.81,25413129.0,397371136.0,1005176982.0,0.0252822432816114,000988
2019-07-16,15.89,15.95,15.68,15.82,20345043.0,321479600.0,1005176982.0,0.0202402595406825,000988
2019-07-17,15.84,15.89,15.69,15.73,16909291.0,267274802.0,1005176982.0,0.0168222027591157,000988
2019-07-18,15.64,15.76,15.41,15.55,17505131.0,272871406.0,1005176982.0,0.0174149739931072,000988
2019-07-19,15.69,15.91,15.63,15.85,20289076.0,320682964.0,1005176982.0,0.0201845807885799,000988
2019-07-22,15.75,15.77,15.1,15.22,16545906.0,254490501.0,1005176982.0,0.0164606893077462,000988
2019-07-23,15.4,16.35,15.37,16.2,44103519.0,708224590.0,1005176982.0,0.0438763718128993,000988
2019-07-24,16.22,16.43,16.05,16.21,36264600.0,590412366.0,1005176982.0,0.0360778257455163,000988
2019-07-25,16.3,16.56,16.15,16.43,36382783.0,596207320.0,1005176982.0,0.0361954000653787,000988
2019-07-26,16.4,16.4,16.15,16.19,21158352.0,343784514.0,1005176982.0,0.0210493797399749,000988
2019-07-29,16.25,16.46,16.12,16.38,20799630.0,339290216.0,1005176982.0,0.0206925052726684,000988
2019-07-30,16.4,16.55,16.16,16.2,23621377.0,385921982.0,1005176982.0,0.0234997193757865,000988
2019-07-31,16.25,16.88,16.22,16.6,43722634.0,727029599.0,1005176982.0,0.0434974484921104,000988
2019-08-01,16.5,16.58,16.28,16.53,26081045.0,428138161.0,1005176982.0,0.0259467193012185,000988
2019-08-02,15.95,16.23,15.89,16.08,28771303.0,461787392.0,1005176982.0,0.0286231216146173,000988
2019-08-05,16.07,16.49,16.0,16.0,25446011.0,412556658.0,1005176982.0,0.0253149559288256,000988
2019-08-06,15.5,15.62,14.92,15.32,32974152.0,505228289.0,1005176982.0,0.0328043246020132,000988
2019-08-07,15.52,15.52,14.77,14.77,26385028.0,398490420.0,1005176982.0,0.0262491366918308,000988
2019-08-08,14.87,14.98,14.73,14.88,16395704.0,244015374.0,1005176982.0,0.0163112608959443,000988
2019-08-09,15.0,15.1,14.35,14.38,22602029.0,332235019.0,1005176982.0,0.0224856213430482,000988
2019-08-12,14.47,14.89,14.29,14.89,20111002.0,292970086.0,1005176982.0,0.0200074239264663,000988
2019-08-13,14.7,15.39,14.61,15.15,30537794.0,462865275.0,1005176982.0,0.0303805146226478,000988
2019-08-14,15.49,15.84,15.43,15.5,35604665.0,556110550.0,1005176982.0,0.0354212896212141,000988
2019-08-15,15.04,16.05,15.0,16.04,38649158.0,606754612.0,1005176982.0,0.0384501025114003,000988
2019-08-16,16.0,16.24,15.86,16.0,26570008.0,425364336.0,1005176982.0,0.0264331639858422,000988
2019-08-19,16.13,16.65,16.03,16.39,37335467.0,611308318.0,1005176982.0,0.0371431774389756,000988
2019-08-20,16.39,16.54,16.15,16.19,25528851.0,417006287.0,1005176982.0,0.0253973692764086,000988
2019-08-21,16.33,16.55,16.14,16.22,22213631.0,362085607.0,1005176982.0,0.0220992237166051,000988
2019-08-22,16.28,16.68,16.16,16.36,31948409.0,525684134.0,1005176982.0,0.0317838645055642,000988
2019-08-23,16.6,17.09,16.58,16.77,52108804.0,878464961.0,1005176982.0,0.0518404270423295,000988
2019-08-26,16.53,17.89,16.53,17.7,72863917.0,1270911126.0,1005176982.0,0.0724886445917441,000988
2019-08-27,17.9,18.35,17.67,18.08,61242273.0,1104873531.0,1005176982.0,0.0609268557643911,000988
2019-08-28,17.99,18.28,17.57,17.77,46861254.0,837452446.0,1005176982.0,0.0466199035982302,000988
2019-08-29,17.6,18.18,17.43,17.81,49987920.0,888884362.0,1005176982.0,0.049730466271262,000988
2019-08-30,17.95,18.12,17.1,17.42,45752882.0,808767362.0,1005176982.0,0.0455172400674809,000988
2019-09-02,17.42,19.16,17.41,19.16,74100284.0,1377434840.0,1005176982.0,0.0737186439074268,000988
2019-09-03,20.11,20.66,19.43,20.0,129146236.0,2576446205.0,1005176982.0,0.1284810917009239,000988
2019-09-04,20.12,20.8,19.39,19.85,105036217.0,2101993338.0,1005176982.0,0.1044952469872614,000988
2019-09-05,20.16,21.84,20.02,21.64,153556433.0,3226135720.0,1005176982.0,0.1527655684021622,000988
2019-09-06,21.69,23.15,21.46,21.85,128658040.0,2851717589.0,1005176982.0,0.1279954100660056,000988
2019-09-09,22.0,22.85,21.74,22.42,81068267.0,1809923019.0,1005176982.0,0.0806507395729441,000988
2019-09-10,22.23,22.59,21.56,21.9,67429709.0,1482597424.0,1005176982.0,0.0670824244958685,000988
2019-09-11,22.14,22.24,20.98,21.38,67206793.0,1442200465.0,1005176982.0,0.0668606565843546,000988
2019-09-12,21.5,21.75,21.1,21.46,46978595.0,1008240362.0,1005176982.0,0.0467366402546611,000988
2019-09-16,21.43,21.76,21.13,21.73,61687174.0,1326457618.0,1005176982.0,0.0613694653823658,000988
2019-09-17,21.4,21.4,19.92,20.16,85243003.0,1741524186.0,1005176982.0,0.084803974351255,000988
2019-09-18,20.31,20.53,19.98,20.22,43704175.0,885407492.0,1005176982.0,0.0434790845618468,000988
2019-09-19,20.37,20.65,20.06,20.5,40373942.0,824890506.0,1005176982.0,0.0401660033237808,000988
2019-09-20,20.5,21.31,20.37,20.78,56714705.0,1180323619.0,1005176982.0,0.0564226061833954,000988
2019-09-23,20.7,21.06,20.18,20.75,46650243.0,963606463.0,1005176982.0,0.0464099793721699,000988
2019-09-24,20.94,22.18,20.68,21.69,81013268.0,1743361590.0,1005176982.0,0.0805960238353329,000988
2019-09-25,21.4,21.4,19.57,19.78,82432392.0,1673615372.0,1005176982.0,0.0820078388941859,000988
2019-09-26,19.99,20.07,19.0,19.25,47168187.0,920033052.0,1005176982.0,0.0469252557954018,000988
2019-09-27,19.25,19.74,19.25,19.5,26348505.0,513856093.0,1005176982.0,0.0262128017969277,000988
2019-09-30,19.44,19.66,18.83,18.98,26448130.0,508040996.0,1005176982.0,0.0263119136964081,000988
2019-10-08,19.2,19.76,19.17,19.41,34482353.0,674000333.0,1005176982.0,0.0343047578859102,000988
2019-10-09,19.31,19.75,19.03,19.75,29005179.0,566911984.0,1005176982.0,0.0288557930786361,000988
2019-10-10,19.78,20.18,19.51,20.12,34446630.0,684422698.0,1005176982.0,0.034269218870752,000988
2019-10-11,19.98,20.12,19.52,19.6,30393002.0,599553299.0,1005176982.0,0.0302364683476207,000988
2019-10-14,20.23,21.48,20.22,20.55,58970090.0,1219556586.0,1005176982.0,0.0586663752314216,000988
2019-10-15,20.31,20.65,19.98,20.16,31346289.0,632770287.0,1005176982.0,0.0311848456155753,000988
2019-10-16,20.12,20.27,19.67,19.7,25206865.0,501046772.0,1005176982.0,0.0250770416069873,000988
2019-10-17,19.77,19.84,19.26,19.48,19910033.0,389024326.0,1005176982.0,0.0198074899809036,000988
2019-10-18,19.58,19.64,18.95,19.14,21114117.0,407004286.0,1005176982.0,0.0210053725643311,000988
2019-10-21,19.07,19.13,18.41,19.03,17755734.0,334728299.0,1005176982.0,0.0176642863077419,000988
2019-10-22,19.15,19.62,19.09,19.53,21167436.0,411595802.0,1005176982.0,0.0210584169544781,000988
2019-10-23,19.52,19.76,19.27,19.38,17359648.0,339068599.0,1005176982.0,0.0172702402769505,000988
2019-10-24,19.37,19.48,18.95,19.25,14124027.0,271386874.0,1005176982.0,0.0140512837569135,000988
2019-10-25,19.32,19.84,19.0,19.81,23634504.0,461030475.0,1005176982.0,0.0235127787675504,000988
2019-10-28,20.07,20.63,19.71,20.37,35925326.0,725298898.0,1005176982.0,0.035740299114808,000988
2019-10-29,20.2,20.21,19.4,19.41,31101632.0,615189812.0,1005176982.0,0.0309414486771445,000988
2019-10-30,19.3,19.77,19.2,19.37,14863049.0,290030371.0,1005176982.0,0.0147864995579455,000988
2019-10-31,19.51,20.14,19.32,19.96,30967397.0,615117935.0,1005176982.0,0.0308079050302009,000988
2019-11-01,19.75,20.29,19.7,20.14,29842085.0,596599113.0,1005176982.0,0.0296883887458537,000988
2019-11-04,20.31,21.22,20.18,20.81,49919527.0,1038172338.0,1005176982.0,0.049662425517022,000988
2019-11-05,20.79,21.14,20.58,20.95,32481611.0,677191806.0,1005176982.0,0.0323143203452305,000988
2019-11-06,20.77,21.13,20.39,20.54,35352328.0,734940935.0,1005176982.0,0.0351702522372323,000988
2019-11-07,20.54,20.68,20.2,20.58,21881665.0,447805734.0,1005176982.0,0.0217689674473663,000988
2019-11-08,20.75,20.91,20.31,20.41,24374947.0,502954362.0,1005176982.0,0.0242494082499792,000988
2019-11-11,20.2,20.31,19.56,19.65,23508788.0,468715039.0,1005176982.0,0.0233877102450402,000988
2019-11-12,19.65,19.76,18.5,19.15,38858976.0,737809397.0,1005176982.0,0.038658839881791,000988
2019-11-13,19.11,19.27,18.85,19.07,19124640.0,364526807.0,1005176982.0,0.019026142005309,000988
2019-11-14,19.08,19.44,18.68,19.28,30261331.0,577126015.0,1005176982.0,0.0301054754952596,000988
2019-11-15,19.17,19.4,18.86,18.9,22010301.0,419918385.0,1005176982.0,0.0218969409309454,000988
2019-11-18,18.79,19.0,18.56,18.76,20418310.0,382983832.0,1005176982.0,0.0203131491922683,000988
2019-11-19,18.0,18.88,17.58,18.7,46574558.0,856691997.0,1005176982.0,0.0463346841740552,000988
2019-11-20,18.62,19.44,18.55,18.9,36563225.0,695439327.0,1005176982.0,0.0363749127315372,000988
2019-11-21,18.79,19.1,18.55,18.72,15090462.0,283842543.0,1005176982.0,0.0150127413084753,000988
2019-11-22,18.71,18.97,18.15,18.18,23856445.0,441500659.0,1005176982.0,0.0237335767006252,000988
2019-11-25,18.22,18.31,17.71,17.84,16747847.0,299645977.0,1005176982.0,0.0166615902471988,000988
2019-11-26,17.91,18.13,17.73,17.79,13303414.0,237901431.0,1005176982.0,0.0132348971755503,000988
2019-11-27,17.78,18.44,17.7,18.2,20630394.0,374520937.0,1005176982.0,0.0205241408920364,000988
2019-11-28,18.23,18.37,17.96,18.04,13340498.0,241740952.0,1005176982.0,0.0132717901811245,000988
2019-11-29,18.08,18.18,17.86,18.15,12459575.0,225029328.0,1005176982.0,0.0123954042154936,000988
2019-12-02,18.2,18.65,18.08,18.6,19035655.0,351562692.0,1005176982.0,0.0189376153064356,000988
2019-12-03,18.65,19.04,18.3,18.73,25937666.0,484518800.0,1005176982.0,0.0258040787487909,000988
2019-12-04,18.5,18.65,18.32,18.44,16782031.0,309676598.0,1005176982.0,0.0166955981886978,000988
2019-12-05,18.51,18.93,18.39,18.82,26170352.0,489645008.0,1005176982.0,0.0260355663416892,000988
2019-12-06,18.75,19.65,18.7,19.64,49044852.0,950162917.0,1005176982.0,0.0487922553721987,000988
2019-12-09,19.62,19.82,19.39,19.49,26205980.0,512968288.0,1005176982.0,0.0260710108461277,000988
2019-12-10,19.48,19.7,19.24,19.62,27088866.0,528180815.0,1005176982.0,0.0269493497016826,000988
2019-12-11,19.55,19.66,18.93,18.96,32184869.0,617688331.0,1005176982.0,0.0320191066611591,000988
2019-12-12,19.03,20.07,19.03,19.88,51412746.0,1006104475.0,1005176982.0,0.0511479539629967,000988
2019-12-13,20.02,20.18,19.7,19.99,42114669.0,839734864.0,1005176982.0,0.0418977650246272,000988
2019-12-16,19.99,20.56,19.85,20.4,41101033.0,834863219.0,1005176982.0,0.0408893495732674,000988
2019-12-17,20.5,21.3,20.38,20.89,58739256.0,1228766364.0,1005176982.0,0.0584367301001327,000988
2019-12-18,20.84,21.28,20.64,20.81,43613763.0,913565279.0,1005176982.0,0.0433891382124784,000988
2019-12-19,20.89,21.28,20.62,21.23,44136240.0,928428323.0,1005176982.0,0.0439089242893148,000988
2019-12-20,21.3,21.34,20.2,20.3,54619684.0,1123865712.0,1005176982.0,0.0543383752096304,000988
2019-12-23,20.44,20.58,19.69,19.71,33726004.0,677980851.0,1005176982.0,0.0335523043244537,000988
2019-12-24,19.75,20.08,19.72,20.08,21057381.0,419788459.0,1005176982.0,0.0209489287728238,000988
2019-12-25,19.99,20.51,19.9,20.44,31259778.0,633715555.0,1005176982.0,0.031098780174813,000988
2019-12-26,20.44,20.55,20.15,20.37,21278957.0,432456670.0,1005176982.0,0.021169363585765,000988
2019-12-27,20.66,20.85,19.92,19.95,33301420.0,680357910.0,1005176982.0,0.0331299070674501,000988
2019-12-30,19.59,20.35,19.51,20.19,25419976.0,507946265.0,1005176982.0,0.025289055017378,000988
2019-12-31,20.15,20.41,19.99,20.29,21865487.0,441004691.0,1005176982.0,0.0217528727692254,000988
2020-01-02,20.43,20.98,20.35,20.85,36037956.0,747108515.0,1005176982.0,0.0358523490343912,000988
2020-01-03,20.83,21.25,20.81,20.9,33442039.0,702342925.0,1005176982.0,0.0332698018347578,000988
2020-01-06,21.0,22.12,21.0,21.94,60130285.0,1307863212.0,1005176982.0,0.059820594857195,000988
2020-01-07,22.01,22.21,21.7,22.19,39829775.0,876196704.0,1005176982.0,0.0396246389573612,000988
2020-01-08,21.98,22.5,21.7,21.8,41567225.0,916102426.0,1005176982.0,0.0413531405358026,000988
2020-01-09,22.3,23.05,22.08,22.99,46515700.0,1054101919.0,1005176982.0,0.0462761293115245,000988
2020-01-10,23.0,23.18,22.48,22.7,30098880.0,685031784.0,1005176982.0,0.0299438611697138,000988
2020-01-13,22.79,23.24,22.61,23.03,32231971.0,739946603.0,1005176982.0,0.0320659660708386,000988
2020-01-14,23.0,23.0,22.22,22.55,37511676.0,848752226.0,1005176982.0,0.037318478906434,000988
2020-01-15,22.53,22.95,22.36,22.74,32988977.0,748618423.0,1005176982.0,0.0328190732485356,000988
2020-01-16,22.74,23.49,22.54,23.47,46097334.0,1064596393.0,1005176982.0,0.045859918029838,000988
2020-01-17,23.4,23.42,22.13,22.22,57630160.0,1306555245.0,1005176982.0,0.0573333462982143,000988
2020-01-20,22.03,23.13,21.88,22.79,40937190.0,929482246.0,1005176982.0,0.0407263504169656,000988
2020-01-21,22.9,23.2,22.47,22.71,32491106.0,740873166.0,1005176982.0,0.0323237664429526,000988
2020-01-22,22.6,24.13,22.27,24.08,63275863.0,1477294103.0,1005176982.0,0.0629499721273959,000988
2020-01-23,22.03,23.38,21.67,22.12,91454173.0,2052730497.0,1005176982.0,0.0909831548450638,000988
2020-02-03,19.91,19.91,19.91,19.91,6464900.0,128716159.0,1005176982.0,0.0064316037033963,000988
2020-02-04,17.92,19.82,17.92,19.33,69608010.0,1321461797.0,1005176982.0,0.0692495065510762,000988
2020-02-05,19.8,21.26,19.8,20.95,65450334.0,1350940526.0,1005176982.0,0.0651132439083249,000988
2020-02-06,20.9,21.48,20.5,21.21,56252133.0,1190350425.0,1005176982.0,0.0559624165767058,000988
2020-02-07,21.56,22.47,21.28,22.16,60105536.0,1320093045.0,1005176982.0,0.0597959733224372,000988
2020-02-10,22.25,22.3,21.5,21.99,44562709.0,976649381.0,1005176982.0,0.0443331968379673,000988
2020-02-11,22.0,22.18,21.15,21.51,48402652.0,1040872028.0,1005176982.0,0.048153362906991,000988
2020-02-12,21.33,22.96,21.25,22.42,58769462.0,1304132057.0,1005176982.0,0.0584667805296003,000988
2020-02-13,22.29,23.07,22.11,22.34,55155115.0,1243933580.0,1005176982.0,0.0548710485692359,000988
2020-02-14,22.22,23.35,22.19,23.05,60483286.0,1382090617.0,1005176982.0,0.0601717777894758,000988
2020-02-17,23.39,23.68,22.78,23.57,68067376.0,1580938374.0,1005176982.0,0.0677168073074717,000988
2020-02-18,23.57,24.09,23.39,23.68,60039227.0,1420696504.0,1005176982.0,0.0597300058349326,000988
2020-02-19,23.56,24.1,23.1,23.25,63961710.0,1503258705.0,1005176982.0,0.0636322867966349,000988
2020-02-20,23.83,24.15,23.1,24.13,78628522.0,1868699206.0,1005176982.0,0.0782235600377088,000988
2020-02-21,24.38,25.46,24.16,24.72,95191708.0,2365700956.0,1005176982.0,0.0947014403479446,000988
2020-02-24,24.75,25.8,24.75,25.79,102844578.0,2594618052.0,1005176982.0,0.1023148956270071,000988
2020-02-25,25.01,25.96,23.72,25.42,109286151.0,2743181210.0,1005176982.0,0.1087232924718922,000988
2020-02-26,24.5,24.99,23.0,23.17,86056564.0,2066971161.0,1005176982.0,0.0856133452526671,000988
2020-02-27,23.26,23.6,22.52,23.16,47728290.0,1106106756.0,1005176982.0,0.0474824740863395,000988
2020-02-28,21.99,22.63,21.01,21.13,71306732.0,1551047014.0,1005176982.0,0.0709394795910676,000988
2020-03-02,21.71,22.86,21.3,22.54,63518327.0,1401963983.0,1005176982.0,0.0631911873604761,000988
2020-03-03,23.3,23.86,22.65,22.91,68294726.0,1587988632.0,1005176982.0,0.0679429863824717,000988
2020-03-04,22.61,23.32,22.46,22.81,44794310.0,1023038244.0,1005176982.0,0.0445636050189617,000988
2020-03-05,23.68,24.35,23.35,24.28,82149342.0,1964675383.0,1005176982.0,0.0817262466919482,000988
2020-03-06,23.78,23.94,23.51,23.77,44527698.0,1056649981.0,1005176982.0,0.0442983661557821,000988
2020-03-09,23.5,23.78,22.75,22.96,51504540.0,1196277664.0,1005176982.0,0.0512392751946243,000988
2020-03-10,22.7,25.26,22.1,24.82,91059983.0,2182716515.0,1005176982.0,0.0905909950492678,000988
2020-03-11,25.09,25.83,24.3,24.35,86174063.0,2161285645.0,1005176982.0,0.0857302390953476,000988
2020-03-12,23.68,24.34,23.01,23.6,60052448.0,1417578700.0,1005176982.0,0.0597431587425665,000988
2020-03-13,22.5,24.78,22.31,24.75,79152691.0,1878582460.0,1005176982.0,0.0787450294002056,000988
2020-03-16,24.78,24.95,22.8,22.95,68167018.0,1624232300.0,1005176982.0,0.0678159361193967,000988
2020-03-17,23.48,23.7,21.88,23.0,51231260.0,1172159640.0,1005176982.0,0.0509674026737711,000988
2020-03-18,23.08,23.65,22.16,22.16,52578496.0,1210746019.0,1005176982.0,0.0523076999787486,000988
2020-03-19,22.22,23.17,21.47,22.75,50463400.0,1121272702.0,1005176982.0,0.0502034973976354,000988
2020-03-20,23.25,23.34,22.5,22.93,33318486.0,762408466.0,1005176982.0,0.0331468851721079,000988
2020-03-23,21.94,22.92,21.78,21.97,37273344.0,832457459.0,1005176982.0,0.0370813743922361,000988
2020-03-24,22.55,23.25,21.51,22.81,53626239.0,1203631491.0,1005176982.0,0.0533500467681819,000988
2020-03-25,23.41,23.57,22.88,22.98,43417430.0,1007556044.0,1005176982.0,0.0431938163900374,000988
2020-03-26,22.78,22.9,22.12,22.16,31735554.0,712806054.0,1005176982.0,0.0315721057766919,000988
2020-03-27,22.48,22.69,21.79,21.83,26785621.0,594212443.0,1005176982.0,0.026647666510135,000988
2020-03-30,21.38,21.38,19.91,20.18,42412125.0,868503752.0,1005176982.0,0.0421936890313709,000988
2020-03-31,20.5,20.58,19.69,19.74,29502623.0,592016904.0,1005176982.0,0.0293506750834053,000988
2020-04-01,19.64,20.11,19.32,19.4,32017371.0,630987887.0,1005176982.0,0.0318524713292728,000988
2020-04-02,19.35,20.17,19.32,20.11,29572436.0,584321160.0,1005176982.0,0.0294201285241925,000988
2020-04-03,20.07,20.16,19.54,19.66,22611329.0,447608171.0,1005176982.0,0.0224948734450825,000988
2020-04-07,20.22,20.97,20.14,20.89,43126606.0,884848267.0,1005176982.0,0.0429044902263788,000988
2020-04-08,20.8,21.45,20.63,21.23,33315480.0,704951259.0,1005176982.0,0.0331438946539665,000988
2020-04-09,21.38,21.46,20.94,21.0,20843849.0,440208703.0,1005176982.0,0.0207364965307174,000988
2020-04-10,21.14,21.25,20.51,20.72,22598400.0,472416456.0,1005176982.0,0.0224820110335554,000988
2020-04-13,20.31,20.71,20.08,20.5,13548469.0,277091994.0,1005176982.0,0.0134786900641542,000988
2020-04-14,20.74,20.98,20.51,20.85,17783610.0,369382500.0,1005176982.0,0.0176920187374525,000988
2020-04-15,20.6,21.14,20.51,20.72,20963668.0,437387209.0,1005176982.0,0.0208556984246581,000988
2020-04-16,20.52,20.79,20.37,20.75,17862459.0,367807611.0,1005176982.0,0.0177704616399582,000988
2020-04-17,20.97,21.36,20.82,20.93,25804163.0,544021550.0,1005176982.0,0.0256712633318139,000988
2020-04-20,21.01,21.83,21.01,21.48,32352207.0,696275274.0,1005176982.0,0.0321855828170963,000988
2020-04-21,21.25,21.66,21.06,21.65,24002076.0,513389359.0,1005176982.0,0.0238784576545347,000988
2020-04-22,21.41,21.54,21.03,21.27,19517869.0,414674657.0,1005176982.0,0.0194173457505615,000988
2020-04-23,21.34,21.39,20.55,20.56,24368747.0,505757703.0,1005176982.0,0.0242432401819563,000988
2020-04-24,20.52,20.77,20.03,20.18,16165520.0,328506716.0,1005176982.0,0.0160822624169481,000988
2020-04-27,20.25,20.46,19.66,20.05,13890827.0,279180182.0,1005176982.0,0.0138192848112791,000988
2020-04-28,20.05,20.28,19.43,19.91,19617579.0,390438498.0,1005176982.0,0.0195165422122648,000988
2020-04-29,19.88,20.09,19.69,20.09,12620219.0,251628268.0,1005176982.0,0.0125552208476656,000988
2020-04-30,20.56,21.06,20.37,20.9,27177571.0,564345507.0,1005176982.0,0.0270375978426453,000988
2020-05-06,20.74,21.72,20.67,21.65,35597498.0,759134023.0,1005176982.0,0.0354141595335496,000988
2020-05-07,22.05,22.6,21.98,22.27,49409969.0,1102044385.0,1005176982.0,0.0491554919032159,000988
2020-05-08,22.44,22.68,22.25,22.34,32475708.0,729752587.0,1005176982.0,0.0323084477475629,000988
2020-05-11,22.51,22.8,22.22,22.46,27941077.0,630040486.0,1005176982.0,0.0277971715432695,000988
2020-05-12,22.4,22.45,21.75,22.19,23079333.0,509597078.0,1005176982.0,0.0229604670752398,000988
2020-05-13,22.19,22.7,22.12,22.22,21022094.0,469559130.0,1005176982.0,0.0209138235121265,000988
2020-05-14,22.1,22.36,21.88,21.9,17531244.0,387153158.0,1005176982.0,0.0174409525028299,000988
2020-05-15,22.04,22.29,21.81,22.0,18414200.0,406658157.0,1005176982.0,0.0183193609978625,000988
2020-05-18,22.05,22.19,21.28,21.46,25863445.0,559858069.0,1005176982.0,0.0257302400106093,000988
2020-05-19,21.67,21.95,21.32,21.77,21263945.0,460564075.0,1005176982.0,0.0211544289023522,000988
2020-05-20,21.86,22.29,21.52,21.58,22965409.0,502201123.0,1005176982.0,0.0228471298201693,000988
2020-05-21,21.69,21.75,20.49,20.62,26749911.0,561873698.0,1005176982.0,0.0266121404280226,000988
2020-05-22,20.72,20.85,20.13,20.16,19126944.0,390279652.0,1005176982.0,0.0190284341389743,000988
2020-05-25,20.2,20.25,19.44,19.57,22919535.0,452727869.0,1005176982.0,0.0228014920858981,000988
2020-05-26,19.66,19.94,19.61,19.9,16941311.0,335494511.0,1005176982.0,0.0168540578459047,000988
2020-05-27,19.95,19.97,19.38,19.4,18773875.0,366961643.0,1005176982.0,0.0186771835569151,000988
2020-05-28,19.44,19.61,19.06,19.56,15676754.0,303524163.0,1005176982.0,0.0155960137177116,000988
2020-05-29,19.48,19.7,19.34,19.43,14681981.0,286605818.0,1005176982.0,0.0146063641158866,000988
2020-06-01,19.64,20.33,19.5,20.21,25137895.0,504315925.0,1005176982.0,0.0250084268244813,000988
2020-06-02,20.28,20.84,20.08,20.73,25879032.0,530331394.0,1005176982.0,0.0257457467325888,000988
2020-06-03,20.7,20.88,20.47,20.52,22979135.0,474238837.0,1005176982.0,0.0228607851268922,000988
2020-06-04,20.65,20.95,20.42,20.78,21638543.0,448381248.0,1005176982.0,0.021527097603196,000988
2020-06-05,21.33,21.33,20.51,21.18,28676374.0,601615360.0,1005176982.0,0.0285286815292393,000988
2020-06-08,21.18,22.3,21.18,21.94,41696078.0,916656444.0,1005176982.0,0.0414813299017625,000988
2020-06-09,21.97,22.12,21.63,21.8,20886803.0,455321195.0,1005176982.0,0.0207792293039197,000988
2020-06-10,21.89,22.26,21.75,22.02,26866546.0,591889462.0,1005176982.0,0.0267281747205787,000988
2020-06-11,22.05,22.22,21.74,21.78,23761195.0,521999474.0,1005176982.0,0.0236388172684996,000988
2020-06-12,21.3,22.19,21.19,21.76,27372883.0,597744235.0,1005176982.0,0.0272319039235619,000988
2020-06-15,21.97,22.24,21.44,21.48,26186793.0,572109439.0,1005176982.0,0.0260519226652963,000988
2020-06-16,21.86,22.84,21.85,22.49,44976055.0,1011630044.0,1005176982.0,0.0447444139742547,000988
2020-06-17,22.53,22.61,21.95,22.32,26383106.0,585283802.0,1005176982.0,0.0262472245907437,000988
2020-06-18,22.42,24.0,22.33,23.89,71311312.0,1672662793.0,1005176982.0,0.0709440360026071,000988
2020-06-19,23.65,23.95,23.55,23.8,31859699.0,757261167.0,1005176982.0,0.0316956113903531,000988
2020-06-22,23.8,24.24,23.61,23.99,30121878.0,720153221.0,1005176982.0,0.02996674072268,000988
2020-06-23,24.1,24.61,23.66,24.3,32581890.0,787834921.0,1005176982.0,0.0324140828764023,000988
2020-06-24,24.3,24.6,24.11,24.47,27210413.0,662897582.0,1005176982.0,0.0270702706958723,000988
2020-06-29,24.11,24.42,23.81,24.05,27461820.0,661121517.0,1005176982.0,0.0273203828696507,000988
2020-06-30,24.3,24.69,23.68,24.43,39080709.0,948079142.0,1005075732.0,0.0388833475485805,000988
2020-07-01,24.27,25.15,24.27,24.85,34797084.0,860172604.0,1005075732.0,0.0346213552791263,000988
2020-07-02,24.79,24.95,24.45,24.6,32101367.0,790719623.0,1005075732.0,0.0319392519169888,000988
2020-07-03,24.8,25.06,24.2,24.42,31540163.0,773161523.0,1005075732.0,0.0313808820527765,000988
2020-07-06,24.51,25.56,23.9,24.0,86224909.0,2129214759.0,1005075732.0,0.0857894646689171,000988
2020-07-07,23.95,24.53,23.31,24.07,112205639.0,2682349513.0,1005075732.0,0.111638989409009,000988
2020-07-08,24.0,26.48,23.6,26.48,114316434.0,2898545585.0,1005075732.0,0.1137391246851834,000988
2020-07-09,26.5,27.55,26.06,27.17,120872704.0,3241674409.0,1005075732.0,0.1202622848722806,000988
2020-07-10,26.8,26.8,25.56,25.83,90082843.0,2350105326.0,1005075732.0,0.0896279157200862,000988
2020-07-13,26.06,26.48,25.25,26.45,74785486.0,1943561488.0,1005075732.0,0.0744078118881493,000988
2020-07-14,26.25,26.29,25.3,25.75,54570513.0,1406645031.0,1005075732.0,0.0542949265041054,000988
2020-07-15,25.65,25.81,24.43,24.61,43545510.0,1087929998.0,1005075732.0,0.0433256008612891,000988
2020-07-16,24.63,24.96,22.5,22.89,45597937.0,1085789415.0,1005075732.0,0.0453676629016449,000988
2020-07-17,22.96,23.16,22.35,22.76,29714018.0,678124023.0,1005075732.0,0.0295639592659073,000988
2020-07-20,22.99,23.34,22.65,23.23,29062367.0,671581711.0,1005075732.0,0.0289155991680037,000988
2020-07-21,23.18,23.68,23.07,23.57,25226144.0,590946459.0,1005075732.0,0.0250987494741341,000988
2020-07-22,23.38,24.09,23.29,23.42,27602282.0,651779687.0,1005075732.0,0.0274628877418761,000988
2020-07-23,23.23,23.57,22.52,23.44,27042434.0,624750215.0,1005075732.0,0.0269058670297294,000988
2020-07-24,23.54,23.56,22.14,22.2,31816457.0,730104507.0,1005075732.0,0.0316557807407094,000988
2020-07-27,22.3,22.77,22.24,22.42,17095467.0,384567378.0,1005075732.0,0.0170091331983329,000988
2020-07-28,22.6,23.28,22.54,23.24,17388219.0,399674489.0,1005075732.0,0.0173004067717356,000988
2020-07-29,23.09,23.55,23.0,23.52,24710036.0,576676131.0,1005075732.0,0.0245852478706549,000988
2020-07-30,23.53,23.55,23.13,23.16,15037734.0,349861454.0,1005075732.0,0.0149617919538027,000988
2020-07-31,23.17,23.88,23.1,23.38,21218485.0,498183038.0,1005075732.0,0.0211113295490453,000988
2020-08-03,23.5,24.43,23.5,24.35,29217753.0,703174869.0,1005075732.0,0.0290702004533127,000988
2020-08-04,24.49,24.49,23.93,24.12,22670370.0,548268307.0,1005075732.0,0.0225558823859852,000988
2020-08-05,24.47,24.47,23.96,24.43,22470515.0,544524080.0,1005075732.0,0.0223570366735309,000988
2020-08-06,24.4,24.43,23.75,23.92,27609124.0,664058881.0,1005075732.0,0.0274696951890984,000988
2020-08-07,23.81,24.59,23.56,24.29,32486835.0,784378177.0,1005075732.0,0.032322773265408,000988
2020-08-10,24.4,24.64,23.9,24.4,24037581.0,584817079.0,1005075732.0,0.023916188835012,000988
2020-08-11,24.4,24.42,23.58,23.66,19991397.0,479720555.0,1005075732.0,0.0198904384649892,000988
2020-08-12,23.81,23.89,22.77,23.48,20933062.0,486326181.0,1005075732.0,0.0208273479634667,000988
2020-08-13,23.48,23.59,23.25,23.29,12854016.0,300609658.0,1005075732.0,0.0127891019460014,000988
2020-08-14,23.28,23.64,23.1,23.46,15062154.0,352330008.0,1005075732.0,0.0149860886303839,000988
2020-08-17,23.45,23.76,23.26,23.66,24793077.0,584673282.0,1005075732.0,0.0246678695053797,000988
2020-08-18,23.73,23.8,22.88,23.24,31406362.0,728217766.0,1005075732.0,0.0312477567610795,000988
2020-08-19,23.31,23.31,22.33,22.5,30007291.0,683174577.0,1005075732.0,0.0298557512082084,000988
2020-08-20,22.33,22.63,22.15,22.22,14392588.0,321530082.0,1005075732.0,0.0143199040050048,000988
2020-08-21,22.4,22.76,22.3,22.62,14063486.0,317277190.0,1005075732.0,0.0139924640027026,000988
2020-08-24,22.62,23.26,22.46,23.03,18964162.0,435225748.0,1005075732.0,0.0188683911034875,000988
2020-08-25,23.2,24.02,23.0,23.88,32895987.0,779455286.0,1005075732.0,0.0327298590072812,000988
2020-08-26,24.1,24.38,23.4,23.67,27539853.0,657187876.0,1005075732.0,0.0274007740145097,000988
2020-08-27,23.71,23.88,23.15,23.46,15356571.0,359942706.0,1005075732.0,0.0152790187953717,000988
2020-08-28,23.41,23.83,23.16,23.83,17252796.0,407126081.0,1005075732.0,0.0171656676712994,000988
2020-08-31,23.83,24.58,23.72,24.35,35483369.0,862240267.0,1005075732.0,0.0353041744718993,000988
2020-09-01,24.25,24.45,24.1,24.34,15951591.0,387279435.0,1005075732.0,0.0158710338854346,000988
2020-09-02,24.42,24.43,23.76,24.07,19603540.0,471426388.0,1005075732.0,0.0195045401812567,000988
2020-09-03,23.99,24.07,23.6,23.74,13894243.0,331244216.0,1005075732.0,0.0138240756966162,000988
2020-09-04,23.3,23.71,23.04,23.57,15671914.0,366436282.0,1005075732.0,0.0155927692819868,000988
2020-09-07,23.68,24.15,23.2,23.21,18659208.0,443375093.0,1005075732.0,0.0185649771513934,000988
2020-09-08,23.4,23.42,22.91,23.3,16235934.0,376917333.0,1005075732.0,0.0161539409251202,000988
2020-09-09,23.18,23.18,22.48,22.53,15177876.0,345089335.0,1005075732.0,0.0151012262228215,000988
2020-09-10,22.7,22.86,22.21,22.68,15182325.0,342855439.0,1005075732.0,0.0151056527549309,000988
2020-09-11,22.4,22.92,22.38,22.75,11245494.0,255227254.0,1005075732.0,0.0111887031414265,000988
2020-09-14,22.93,23.58,22.87,23.26,16032256.0,373160204.0,1005075732.0,0.0159512915191946,000988
2020-09-15,23.88,24.28,23.34,23.47,22544535.0,536426820.0,1005075732.0,0.0224306828651992,000988
2020-09-16,23.41,23.73,23.23,23.54,12833744.0,302046884.0,1005075732.0,0.0127689323216093,000988
2020-09-17,23.5,23.88,23.25,23.66,14633280.0,345257776.0,1005075732.0,0.0145593804865641,000988
2020-09-18,23.66,23.88,23.54,23.79,12954450.0,307394714.0,1005075732.0,0.0128890287443533,000988
2020-09-21,23.81,24.1,23.75,23.89,14092660.0,337000405.0,1005075732.0,0.0140214906711129,000988
2020-09-22,23.7,23.88,23.2,23.44,14320546.0,336119541.0,1005075732.0,0.0142482258242406,000988
2020-09-23,23.49,23.51,23.14,23.43,8127821.0,189962193.0,1005075732.0,0.008086774698884,000988
2020-09-24,23.2,23.33,22.81,22.89,9866139.0,226827589.0,1005075732.0,0.0098163140208025,000988
2020-09-25,23.03,23.07,22.75,23.01,6537514.0,149889527.0,1005075732.0,0.006504498906755,000988
2020-09-28,23.03,23.11,22.67,22.75,7028126.0,160691187.0,1005075732.0,0.0069926332675595,000988
2020-09-29,22.81,23.19,22.81,23.01,9236048.0,212706804.0,1005075732.0,0.0091894050427634,000988
2020-09-30,23.08,23.1,22.66,22.82,8955638.0,204696758.0,1005075732.0,0.0089104111410382,000988
2020-10-09,23.1,23.61,23.05,23.47,14738639.0,345386203.0,1005075732.0,0.0146642074131782,000988
2020-10-12,23.7,24.24,23.54,24.19,22904914.0,550134540.0,1005075732.0,0.0227892419155534,000988
2020-10-13,24.21,24.36,24.02,24.21,17392687.0,420626855.0,1005075732.0,0.0173048522078931,000988
2020-10-14,24.19,24.19,23.85,24.0,12140622.0,291598093.0,1005075732.0,0.0120793106563635,000988
2020-10-15,24.14,25.81,24.03,25.28,47859517.0,1203186099.0,1005075732.0,0.0476178216986339,000988
2020-10-16,25.4,25.5,23.87,24.2,39955872.0,975220469.0,1005075732.0,0.039754090888745,000988
2020-10-19,25.09,25.62,24.59,24.63,50425078.0,1260761720.0,1005075732.0,0.0501704263614634,000988
2020-10-20,24.31,25.24,24.31,25.02,25472276.0,635467699.0,1005075732.0,0.0253436384831546,000988
2020-10-21,25.13,25.14,24.13,24.41,23934046.0,584927205.0,1005075732.0,0.0238131766970172,000988
2020-10-22,24.01,24.18,23.6,23.99,15814340.0,377602577.0,1005075732.0,0.0157344760165794,000988
2020-10-23,23.95,24.17,23.66,23.79,12711006.0,303316460.0,1005075732.0,0.0126468141606666,000988
2020-10-26,23.6,23.86,23.41,23.7,11995637.0,283712324.0,1005075732.0,0.0119350578449744,000988
2020-10-27,23.51,23.83,23.5,23.83,8747412.0,207006088.0,1005075732.0,0.0087032367029631,000988
2020-10-28,23.8,24.32,23.43,24.12,13553980.0,324589345.0,1005075732.0,0.0134855310584695,000988
2020-10-29,23.84,24.38,23.77,24.27,11640801.0,281473303.0,1005075732.0,0.0115820138019211,000988
2020-10-30,24.1,24.24,23.22,23.28,21101473.0,500372234.0,1005075732.0,0.0209949084712354,000988
2020-11-02,23.28,23.7,23.01,23.52,12423948.0,290297009.0,1005075732.0,0.0123612058319999,000988
2020-11-03,23.54,24.39,23.42,24.2,16997784.0,409188804.0,1005075732.0,0.0169119435071585,000988
2020-11-04,24.26,24.66,24.04,24.47,18529771.0,452334147.0,1005075732.0,0.0184361938210642,000988
2020-11-05,24.69,24.89,24.35,24.7,22513413.0,554722357.0,1005075732.0,0.0223997180343819,000988
2020-11-06,24.72,25.09,24.48,24.67,23029149.0,569979648.0,1005075732.0,0.0229128495164979,000988
2020-11-09,24.89,25.93,24.71,25.84,46988782.0,1196797782.0,1005075732.0,0.0467514839966308,000988
2020-11-10,25.78,26.02,25.32,25.63,32606192.0,836297768.0,1005075732.0,0.0324415275007356,000988
2020-11-11,25.53,26.2,25.32,25.44,29362092.0,755040955.0,1005075732.0,0.0292138105270658,000988
2020-11-12,25.63,26.08,25.38,25.75,20517418.0,528826105.0,1005075732.0,0.0204138030068365,000988
2020-11-13,25.71,26.34,25.62,26.25,26884213.0,701335085.0,1005075732.0,0.0267484450614513,000988
2020-11-16,26.38,26.94,26.0,26.26,30422215.0,803694023.0,1005075732.0,0.0302685798009099,000988
2020-11-17,26.25,26.85,26.12,26.58,23124913.0,612934793.0,1005075732.0,0.0230081298988124,000988
2020-11-18,26.62,26.75,26.12,26.12,25472223.0,673351678.0,1005075732.0,0.0253435857508098,000988
2020-11-19,26.11,26.69,25.93,26.45,22122483.0,584984688.0,1005075732.0,0.0220107622696037,000988
2020-11-20,26.43,26.79,26.27,26.59,15859981.0,421914459.0,1005075732.0,0.0157798865250086,000988
2020-11-23,26.46,27.04,26.12,26.94,21617453.0,576731052.0,1005075732.0,0.0215082827211273,000988
2020-11-24,26.09,26.1,24.25,25.67,69484693.0,1738313040.0,1005075732.0,0.0691337884178463,000988
2020-11-25,25.5,26.38,25.4,25.6,29917444.0,773959161.0,1005075732.0,0.0297663579444578,000988
2020-11-26,25.41,25.56,24.79,24.95,20592084.0,516565321.0,1005075732.0,0.0204880919361407,000988
2020-11-27,25.0,25.25,24.44,24.82,14347734.0,355864963.0,1005075732.0,0.0142752765221476,000988
2020-11-30,24.89,25.25,24.65,24.66,17318857.0,431687605.0,1005075732.0,0.017231395056706,000988
2020-12-01,24.63,25.03,24.56,24.86,11966973.0,297222588.0,1005075732.0,0.0119065386010136,000988
2020-12-02,25.0,25.07,24.67,24.74,14766655.0,366345776.0,1005075732.0,0.0146920819296032,000988
2020-12-03,24.77,24.87,24.42,24.63,10701278.0,263626721.0,1005075732.0,0.0106472354861315,000988
2020-12-04,24.56,24.86,24.46,24.78,10859230.0,268048556.0,1005075732.0,0.0108043898128862,000988
2020-12-07,24.8,24.93,24.52,24.54,10119421.0,249535194.0,1005075732.0,0.0100683169216148,000988
2020-12-08,24.55,24.69,24.44,24.47,10084102.0,247446135.0,1005075732.0,0.0100331762860631,000988
2020-12-09,24.55,24.64,23.81,24.0,19202957.0,463688567.0,1005075732.0,0.0191059801650847,000988
2020-12-10,23.89,24.2,23.58,23.88,13071897.0,311671833.0,1005075732.0,0.0130058826253701,000988
2020-12-11,23.92,23.93,22.88,23.22,22189325.0,517445956.0,1005075732.0,0.022077266710883,000988
2020-12-14,23.29,23.43,23.04,23.24,9722905.0,225655041.0,1005075732.0,0.0096738033666899,000988
2020-12-15,23.55,24.5,23.38,23.42,20345388.0,485384852.0,1005075732.0,0.0202426417753761,000988
2020-12-16,23.38,23.42,22.98,23.02,9767703.0,225825946.0,1005075732.0,0.0097183751323527,000988
2020-12-17,22.94,24.25,22.57,24.13,24487269.0,578043180.0,1005075732.0,0.0243636058660701,000988
2020-12-18,24.13,24.35,23.3,23.35,15024302.0,355072973.0,1005075732.0,0.0149484277867331,000988
2020-12-21,23.33,23.55,23.1,23.44,13966707.0,325730198.0,1005075732.0,0.0138961737462386,000988
2020-12-22,23.43,24.03,22.94,23.43,20737119.0,485993537.0,1005075732.0,0.0206323944950249,000988
2020-12-23,23.34,23.45,23.0,23.3,14308307.0,331972117.0,1005075732.0,0.0142360486324029,000988
2020-12-24,23.42,24.1,23.15,23.6,21911478.0,517251680.0,1005075732.0,0.0218008228657539,000988
2020-12-25,23.58,24.31,23.28,24.04,24181475.0,578684491.0,1005075732.0,0.0240593561560592,000988
2020-12-28,24.0,24.01,23.28,23.57,19538764.0,461500977.0,1005075732.0,0.0194400913064728,000988
2020-12-29,23.59,23.82,23.31,23.4,12267298.0,288881887.0,1005075732.0,0.0122053469300162,000988
2020-12-30,23.31,23.6,23.2,23.39,10103279.0,236514146.0,1005075732.0,0.0100522564403136,000988
2020-12-31,23.46,23.54,23.13,23.19,15721568.0,366023513.0,1005075732.0,0.0156421725243685,000988
2021-01-04,23.27,24.27,23.06,24.08,31302305.0,744043986.0,1005075732.0,0.0311442252592364,000988
2021-01-05,24.18,24.6,23.9,24.39,24470181.0,593367729.0,1005075732.0,0.0243466041621627,000988
2021-01-06,24.55,24.55,23.66,23.69,17071134.0,409131953.0,1005075732.0,0.0169849230823931,000988
2021-01-07,23.69,23.7,23.07,23.43,17825411.0,416476567.0,1005075732.0,0.0177353909088315,000988
2021-01-08,23.42,24.35,23.42,24.04,22155080.0,531879012.0,1005075732.0,0.022043194651525,000988
2021-01-11,24.24,24.7,23.79,23.92,20013624.0,486264971.0,1005075732.0,0.0199125532164376,000988
2021-01-12,23.77,24.1,23.7,23.96,12612839.0,300935211.0,1005075732.0,0.0125491429137401,000988
2021-01-13,23.98,25.13,23.78,24.8,36407198.0,895467631.0,1005075732.0,0.0362233380439435,000988
2021-01-14,24.76,25.22,24.52,24.58,30901041.0,769370574.0,1005075732.0,0.0307449876821819,000988
2021-01-15,24.74,25.03,24.38,24.97,22932319.0,567238444.0,1005075732.0,0.022816508517589,000988
2021-01-18,24.89,25.41,24.72,25.31,23484470.0,590452038.0,1005075732.0,0.023365871100348,000988
2021-01-19,25.23,25.88,25.1,25.46,24228863.0,618261786.0,1005075732.0,0.0241065048419654,000988
2021-01-20,25.49,25.58,24.86,25.18,18737317.0,471655536.0,1005075732.0,0.0186426916932066,000988
2021-01-21,25.26,25.38,24.66,24.9,20311511.0,506180669.0,1005075732.0,0.0202089358575817,000988
2021-01-22,24.82,24.93,24.04,24.39,21618800.0,527495882.0,1005075732.0,0.0215096229186439,000988
2021-01-25,24.29,24.29,23.28,23.3,25416259.0,599708139.0,1005075732.0,0.0252879043745531,000988
2021-01-26,23.45,23.58,23.22,23.4,12162557.0,284532780.0,1005075732.0,0.0121011348824408,000988
2021-01-27,23.57,23.72,23.25,23.3,11363814.0,266174984.0,1005075732.0,0.0113064256137068,000988
2021-01-28,23.1,23.18,22.2,22.36,22563259.0,509865689.0,1005075732.0,0.0224493123071446,000988
2021-01-29,22.48,23.0,22.45,22.79,12104463.0,275813107.0,1005075732.0,0.0120433342628951,000988
2021-02-01,22.78,23.13,22.62,22.88,6017033.0,137290979.0,1005075732.0,0.0059866463873589,000988
2021-02-02,22.9,23.01,22.76,23.0,6909609.0,158146614.0,1005075732.0,0.0068747147901487,000988
2021-02-03,23.15,23.15,21.47,21.72,16794205.0,376106599.0,1005075732.0,0.0167093926012731,000988
2021-02-04,21.8,22.19,19.66,21.9,39884394.0,825353610.0,1005075732.0,0.039682973859725,000988
2021-02-05,21.61,21.68,20.58,21.02,16990478.0,357188460.0,1005075732.0,0.0169046744031821,000988
2021-02-08,21.1,21.27,20.77,21.1,9112013.0,191998305.0,1005075732.0,0.0090659964317992,000988
2021-02-09,21.24,21.45,20.97,21.26,8543348.0,181271746.0,1005075732.0,0.0085002032463758,000988
2021-02-10,21.28,21.86,21.21,21.73,12173984.0,262619597.0,1005075732.0,0.012112504174959,000988
2021-02-18,22.06,22.38,21.83,22.33,13015254.0,288254007.0,1005075732.0,0.0129495256781306,000988
2021-02-19,22.3,22.44,21.92,22.4,12348419.0,274409406.0,1005075732.0,0.0122860582609311,000988
2021-02-22,22.4,22.57,22.24,22.39,13110273.0,293909476.0,1005075732.0,0.0130440648227689,000988
2021-02-23,22.28,22.45,21.71,21.9,11262273.0,247445110.0,1005075732.0,0.0112053974058145,000988
2021-02-24,21.99,22.18,21.64,21.89,9177913.0,201489904.0,1005075732.0,0.0091315636302717,000988
2021-02-25,22.0,22.0,21.15,21.16,11063252.0,237477961.0,1005075732.0,0.0110073814815777,000988
2021-02-26,20.76,21.44,20.63,21.25,7734901.0,164020741.0,1005075732.0,0.007695838983803,000988
2021-03-01,21.26,21.65,21.19,21.47,7938722.0,169621254.0,1005075732.0,0.0078986306675644,000988
2021-03-02,21.46,21.49,21.05,21.25,8639314.0,183379991.0,1005075732.0,0.0085956846085703,000988
2021-03-03,21.25,22.47,21.11,22.37,18846167.0,413394377.0,1005075732.0,0.0187509919899249,000988
2021-03-04,22.15,22.42,21.92,22.02,11173093.0,246807127.0,1005075732.0,0.0111166677736479,000988
2021-03-05,22.09,22.53,22.0,22.25,10417855.0,231728751.0,1005075732.0,0.0103652438003547,000988
2021-03-08,22.42,22.53,22.11,22.18,11493734.0,256895789.0,1005075732.0,0.0114356895048382,000988
2021-03-09,22.18,22.29,21.31,21.6,11627738.0,251875970.0,1005075732.0,0.011569016771365,000988
2021-03-10,21.6,21.75,21.18,21.2,6322165.0,135220863.0,1005075732.0,0.0062902374405354,000988
2021-03-11,21.39,21.48,21.0,21.34,7178532.0,152570574.0,1005075732.0,0.0071422797023617,000988
2021-03-12,21.39,21.39,20.8,20.89,8112283.0,170106291.0,1005075732.0,0.0080713151673231,000988
2021-03-15,20.94,20.95,20.08,20.51,9479611.0,193862729.0,1005075732.0,0.0094317380254884,000988
2021-03-16,20.47,20.67,20.4,20.58,3824527.0,78610529.0,1005075732.0,0.0038052127598281,000988
2021-03-17,20.53,20.72,20.41,20.68,3712216.0,76488527.0,1005075732.0,0.0036934689415026,000988
2021-03-18,20.75,22.08,20.55,21.52,12830569.0,274467779.0,1005075732.0,0.0127657733556738,000988
2021-03-19,21.3,21.46,21.02,21.23,6695776.0,142057492.0,1005075732.0,0.006661961667979,000988
2021-03-22,21.23,21.53,21.2,21.3,5227434.0,111484340.0,1005075732.0,0.0052010349405192,000988
2021-03-23,21.31,21.34,21.13,21.25,3646226.0,77379157.0,1005075732.0,0.0036278121975389,000988
2021-03-24,21.25,21.77,21.23,21.42,8169526.0,175434133.0,1005075732.0,0.0081282690845031,000988
2021-03-25,21.23,21.57,21.2,21.5,4938819.0,105676713.0,1005075732.0,0.0049138774748567,000988
2021-03-26,21.51,21.67,21.5,21.61,5158904.0,111371377.0,1005075732.0,0.0051328510238072,000988
2021-03-29,21.6,21.66,21.26,21.35,5603972.0,119760899.0,1005075732.0,0.0055756713863229,000988
2021-03-30,21.38,21.45,21.16,21.36,4918566.0,104989654.0,1005075732.0,0.0048937267545128,000988
2021-03-31,21.36,21.46,20.77,20.78,8498888.0,178566511.0,1005075732.0,0.0084559677737796,000988
2021-04-01,20.8,21.16,20.7,20.86,5802255.0,121257953.0,1005075732.0,0.0057729530375328,000988
2021-04-02,20.89,21.57,20.86,21.4,10268688.0,218127562.0,1005075732.0,0.0102168301084798,000988
2021-04-06,21.58,21.67,21.1,21.21,7814239.0,166463653.0,1005075732.0,0.0077747763190445,000988
2021-04-07,21.22,21.4,21.1,21.33,5176551.0,109980205.0,1005075732.0,0.0051504089047092,000988
2021-04-08,21.26,21.39,21.05,21.11,6248830.0,132394231.0,1005075732.0,0.0062172727895493,000988
2021-04-09,21.34,21.34,20.3,20.75,15896235.0,327235138.0,1005075732.0,0.0158159574387176,000988
2021-04-12,20.72,21.29,20.58,20.75,9924279.0,207837961.0,1005075732.0,0.0098741604080437,000988
2021-04-13,20.88,20.99,20.73,20.83,5857519.0,122108050.0,1005075732.0,0.0058279379488589,000988
2021-04-14,20.79,20.91,20.56,20.64,5309272.0,109966073.0,1005075732.0,0.0052824596505131,000988
2021-04-15,20.65,20.8,20.45,20.62,4420631.0,90880831.0,1005075732.0,0.0043983063755836,000988
2021-04-16,20.62,20.85,20.62,20.84,4840335.0,100500451.0,1005075732.0,0.0048158908288116,000988
2021-04-19,20.88,21.17,20.81,21.12,10996111.0,231181833.0,1005075732.0,0.0109405795502781,000988
2021-04-20,21.1,21.25,20.9,20.9,8796969.0,184796007.0,1005075732.0,0.0087525434352045,000988
2021-04-21,20.91,21.58,20.85,21.07,11370929.0,241019665.0,1005075732.0,0.0113135046822521,000988
2021-04-22,21.23,21.23,20.94,21.0,8416769.0,177310052.0,1005075732.0,0.0083742634828635,000988
2021-04-23,21.08,21.08,20.61,20.75,8377524.0,173721967.0,1005075732.0,0.0083352166740008,000988
2021-04-26,20.9,20.97,20.62,20.66,7596999.0,157848987.0,1005075732.0,0.0075586334025623,000988
2021-04-27,20.58,20.73,20.15,20.18,9936203.0,201722832.0,1005075732.0,0.0098860241906626,000988
2021-04-28,20.4,20.44,20.06,20.36,8608334.0,174387224.0,1005075732.0,0.0085648610606389,000988
2021-04-29,20.3,20.56,20.24,20.45,6496482.0,132747717.0,1005075732.0,0.0064636741224192,000988
2021-04-30,20.53,20.53,20.17,20.18,7844554.0,159159618.0,1005075732.0,0.0078049382252918,000988
2021-05-06,20.2,20.34,19.9,19.95,9626820.0,193348418.0,1005075732.0,0.0095782036054572,000988
2021-05-07,20.04,20.1,19.75,19.8,9643934.0,192220132.0,1005075732.0,0.0095952311780621,000988
2021-05-10,19.83,20.4,19.62,19.95,12674407.0,254219387.0,1005075732.0,0.0126103999892418,000988
2021-05-11,19.9,20.07,19.84,19.97,7333539.0,146201672.0,1005075732.0,0.0072965039016582,000988
2021-05-12,20.26,20.26,20.01,20.22,7305558.0,146881398.0,1005075732.0,0.0072686642084797,000988
2021-05-13,20.09,20.22,19.93,19.98,5422831.0,108815168.0,1005075732.0,0.005395445166315,000988
2021-05-14,20.05,20.25,19.91,20.2,6074735.0,122213647.0,1005075732.0,0.0060440569865435,000988
2021-05-17,20.2,20.3,19.95,20.07,7287020.0,146623501.0,1005075732.0,0.0072502198272159,000988
2021-05-18,20.08,20.16,19.97,20.08,3717145.0,74661275.0,1005075732.0,0.0036983730495643,000988
2021-05-19,20.08,20.56,19.9,20.49,13295609.0,270037019.0,1005075732.0,0.0132284648576113,000988
2021-05-20,20.45,20.66,20.28,20.3,5947513.0,121387822.0,1005075732.0,0.0059174774702449,000988
2021-05-21,20.33,20.47,20.03,20.07,5000147.0,100800593.0,1005075732.0,0.0049748957623822,000988
2021-05-24,20.01,20.37,20.0,20.24,5349376.0,107798360.0,1005075732.0,0.0053223611213408,000988
2021-05-25,20.32,20.52,20.15,20.47,9126436.0,186221830.0,1005075732.0,0.0090803465942206,000988
2021-05-26,20.46,20.69,20.39,20.48,7558793.0,155135822.0,1005075732.0,0.0075206203466466,000988
2021-05-27,20.53,20.92,20.5,20.78,10725872.0,222498834.0,1005075732.0,0.0106717052839954,000988
2021-05-28,20.75,20.86,20.57,20.82,9074072.0,187728978.0,1005075732.0,0.0090282470376073,000988
2021-05-31,20.81,21.26,20.75,21.12,14283234.0,300879432.0,1005075732.0,0.0142111022535364,000988
2021-06-01,21.18,21.18,20.85,20.95,10618026.0,222835366.0,1005075732.0,0.0105644039169776,000988
2021-06-02,21.01,21.08,20.75,20.87,8085979.0,169138514.0,1005075732.0,0.0080451440051285,000988
2021-06-03,20.9,21.15,20.79,20.92,9476598.0,198930401.0,1005075732.0,0.0094287402414368,000988
2021-06-04,20.9,21.12,20.81,21.04,6326307.0,132775697.0,1005075732.0,0.0062943585230252,000988
2021-06-07,21.11,21.33,21.0,21.07,8904494.0,188157177.0,1005075732.0,0.0088595254233041,000988
2021-06-08,21.1,21.26,20.96,21.03,7525866.0,158377117.0,1005075732.0,0.0074878596312581,000988
2021-06-09,21.01,21.13,20.74,20.83,9202189.0,192144305.0,1005075732.0,0.0091557170340672,000988
2021-06-10,20.86,21.08,20.79,21.01,10116850.0,211954236.0,1005075732.0,0.0100657589054194,000988
2021-06-11,21.02,21.2,20.93,21.08,10232525.0,215470097.0,1005075732.0,0.0101808497352117,000988
2021-06-15,21.2,21.84,21.13,21.6,20948398.0,452781336.0,1005075732.0,0.0208426065151476,000988
2021-06-16,21.59,21.59,20.92,20.98,12352612.0,261959065.0,1005075732.0,0.0122902300858658,000988
2021-06-17,21.17,21.56,20.78,21.38,12068518.0,255197237.0,1005075732.0,0.0120075707887055,000988
2021-06-18,21.4,21.77,21.23,21.63,11979818.0,258056543.0,1005075732.0,0.0119193187324912,000988
2021-06-21,21.68,22.63,21.59,22.6,27117394.0,600656375.0,1005075732.0,0.0269804484743046,000988
2021-06-22,22.97,24.29,22.85,23.9,49953315.0,1179617852.0,1005075732.0,0.0497010458113419,000988
2021-06-23,23.8,24.2,23.42,24.11,30380800.0,724629334.0,1005075732.0,0.0302273739507621,000988
2021-06-24,24.49,24.49,23.63,23.82,19705212.0,470758064.0,1005075732.0,0.019605698727586,000988
2021-06-25,23.68,23.8,23.17,23.6,15201831.0,356380408.0,1005075732.0,0.0151250602476988,000988
2021-06-28,23.9,23.97,23.49,23.58,14812450.0,351570390.0,1005075732.0,0.0147376456603172,000988
2021-06-29,23.6,23.73,23.18,23.27,11775791.0,275411734.0,1005075732.0,0.0117163220890503,000988
2021-06-30,23.28,23.64,23.1,23.52,9932949.0,232881430.0,1004985657.0,0.0098836723995156,000988
2021-07-01,23.79,23.79,22.78,22.78,14187254.0,328504153.0,1004985657.0,0.0141168721177082,000988
2021-07-02,22.8,23.05,22.6,22.75,9339552.0,213096013.0,1004985657.0,0.0092932191966596,000988
2021-07-05,22.76,23.05,22.58,22.89,8774723.0,200515058.0,1004985657.0,0.00873119227014,000988
2021-07-06,22.81,23.1,22.44,22.71,9198615.0,209229012.0,1004985657.0,0.0091529813743401,000988
2021-07-07,22.69,23.36,22.5,23.22,12430541.0,286978964.0,1004985657.0,0.0123688740365774,000988
2021-07-08,23.22,23.85,23.0,23.8,22105685.0,521796798.0,1004985657.0,0.0219960203869854,000988
2021-07-09,23.64,23.85,23.35,23.8,12568109.0,296983257.0,1004985657.0,0.0125057595722483,000988
2021-07-12,23.85,25.59,23.5,24.82,38730604.0,960599811.0,1004985657.0,0.0385384644350202,000988
2021-07-13,24.91,25.09,24.0,24.15,24608943.0,599094162.0,1004985657.0,0.0244868599154544,000988
2021-07-14,24.13,24.45,23.6,23.77,17057651.0,407944298.0,1004985657.0,0.0169730292976708,000988
2021-07-15,23.52,23.88,23.27,23.52,12868564.0,302596531.0,1004985657.0,0.012804724037967,000988
2021-07-16,23.52,24.22,23.41,23.95,15706965.0,373975194.0,1004985657.0,0.0156290439476391,000988
2021-07-19,23.7,24.34,23.7,24.01,13431373.0,323354316.0,1004985657.0,0.0133647409855521,000988
2021-07-20,23.83,24.17,23.62,24.0,9125818.0,218092298.0,1004985657.0,0.0090805455146908,000988
2021-07-21,24.0,24.05,23.63,23.95,12670792.0,302515311.0,1004985657.0,0.0126079331697367,000988
2021-07-22,24.47,26.35,24.0,26.09,57719301.0,1471078984.0,1004985657.0,0.057432959961139,000988
2021-07-23,26.81,28.25,26.72,27.31,65161096.0,1785703062.0,1004985657.0,0.0648378367851671,000988
2021-07-26,27.31,28.05,26.5,27.3,40128014.0,1098322581.0,1004985657.0,0.0399289419908606,000988
2021-07-27,27.3,28.56,27.03,27.3,38115999.0,1059232391.0,1004985657.0,0.0379269084434306,000988
2021-07-28,27.0,27.03,25.01,26.32,36289959.0,952269070.0,1004985657.0,0.0361099272882458,000988
2021-07-29,27.05,27.3,26.68,27.12,26356622.0,710865322.0,1004985657.0,0.0262258688135685,000988
2021-07-30,27.17,28.13,27.01,28.05,41297042.0,1141852441.0,1004985657.0,0.0410921705323402,000988
2021-08-02,29.06,29.98,28.2,29.48,63588884.0,1852545941.0,1004985657.0,0.0632734244086828,000988
2021-08-03,29.01,29.87,28.73,29.42,39167178.0,1148930524.0,1004985657.0,0.0389728726247881,000988
2021-08-04,29.74,30.47,29.5,29.76,33100207.0,991558323.0,1004985657.0,0.0329359994040193,000988
2021-08-05,29.67,29.97,28.8,29.31,34971359.0,1020833363.0,1004985657.0,0.0347978687620215,000988
2021-08-06,29.27,29.35,28.74,29.27,17402504.0,504987465.0,1004985657.0,0.0173161715083064,000988
2021-08-09,29.04,29.65,28.68,29.23,19673521.0,571914207.0,1004985657.0,0.0195759221666185,000988
2021-08-10,29.39,30.1,28.91,29.62,27676069.0,820161693.0,1004985657.0,0.0275387701378906,000988
2021-08-11,29.22,30.28,29.08,30.19,27283615.0,816642580.0,1004985657.0,0.0271482630721763,000988
2021-08-12,30.19,31.28,29.45,31.12,42246405.0,1286035445.0,1004985657.0,0.0420368238150885,000988
2021-08-13,30.62,31.23,30.38,30.49,24982086.0,769092217.0,1004985657.0,0.0248581517815631,000988
2021-08-16,30.88,30.88,28.26,28.53,41369540.0,1199434979.0,1004985657.0,0.0411643088753056,000988
2021-08-17,28.7,28.85,26.98,27.36,29624208.0,822451312.0,1004985657.0,0.0294772445692724,000988
2021-08-18,27.35,27.6,26.96,27.35,15871178.0,433714230.0,1004985657.0,0.0157924422995023,000988
2021-08-19,27.35,28.01,27.21,27.75,16186035.0,447778456.0,1004985657.0,0.0161057373180003,000988
2021-08-20,27.69,28.27,27.28,27.54,13709480.0,379388822.0,1004985657.0,0.0136414683179901,000988
2021-08-23,27.9,28.13,27.58,27.79,16993742.0,472902751.0,1004985657.0,0.0169094373453331,000988
2021-08-24,28.12,28.18,27.61,27.71,14777042.0,412546171.0,1004985657.0,0.0147037342245372,000988
2021-08-25,27.63,27.83,26.3,27.51,22177750.0,599215992.0,1004985657.0,0.0220677278780308,000988
2021-08-26,27.66,27.66,26.84,27.0,14232344.0,385684176.0,1004985657.0,0.0141617384296659,000988
2021-08-27,26.78,27.2,26.52,26.8,11808127.0,316616922.0,1004985657.0,0.0117495477848396,000988
2021-08-30,26.96,27.21,26.67,26.83,16085220.0,433602602.0,1004985657.0,0.0160054224535067,000988
2021-08-31,26.83,27.01,26.09,26.94,16895526.0,449730668.0,1004985657.0,0.0168117085873992,000988
2021-09-01,26.92,27.23,26.2,26.72,17666770.0,473060380.0,1004985657.0,0.017579126504887,000988
2021-09-02,26.42,26.83,26.34,26.52,12420354.0,330733318.0,1004985657.0,0.0123587375735054,000988
2021-09-03,26.5,27.16,26.18,26.26,16298965.0,432760958.0,1004985657.0,0.0162181070809053,000988
2021-09-06,26.11,26.5,26.0,26.38,10551487.0,277651108.0,1004985657.0,0.010499141879793,000988
2021-09-07,26.8,27.18,26.51,26.92,14466157.0,388818289.0,1004985657.0,0.014394391501251,000988
2021-09-08,27.0,28.11,26.86,27.81,23871071.0,656719761.0,1004985657.0,0.0237526484420264,000988
2021-09-09,27.81,27.92,27.0,27.31,13261245.0,363251721.0,1004985657.0,0.0131954569775516,000988
2021-09-10,27.29,27.63,27.09,27.36,9064079.0,248253042.0,1004985657.0,0.0090191127971491,000988
2021-09-13,27.43,27.53,26.62,26.94,10161792.0,273811698.0,1004985657.0,0.0101113801268907,000988
2021-09-14,26.76,28.08,26.72,27.48,15387931.0,424124006.0,1004985657.0,0.0153115926509187,000988
2021-09-15,27.38,27.55,27.11,27.27,8971465.0,244389214.0,1004985657.0,0.0089269582481215,000988
2021-09-16,27.29,27.29,26.01,26.01,14375417.0,381206344.0,1004985657.0,0.0143041016554527,000988
2021-09-17,26.0,26.2,24.8,25.7,15416736.0,389926535.0,1004985657.0,0.0153402547515163,000988
2021-09-22,25.21,25.95,25.1,25.72,6898585.0,176051879.0,1004985657.0,0.0068643616473025,000988
2021-09-23,25.64,28.29,25.64,28.29,36829669.0,1020315967.0,1004985657.0,0.0366469598282037,000988
2021-09-24,28.7,28.8,27.83,28.08,26871803.0,758952616.0,1004985657.0,0.0267384940400199,000988
2021-09-27,29.31,29.8,27.74,28.28,30578023.0,871090522.0,1004985657.0,0.0304263277659892,000988
2021-09-28,28.11,30.15,27.83,29.65,36302050.0,1066979865.0,1004985657.0,0.0361219583057193,000988
2021-09-29,29.29,29.88,28.21,28.5,22406784.0,645649057.0,1004985657.0,0.0222956256578694,000988
2021-09-30,28.82,29.26,28.32,29.21,18742459.0,541783849.0,1004985657.0,0.0186494790940086,000988
2021-10-08,29.3,29.88,28.71,29.02,17918014.0,523407983.0,1004985657.0,0.0178291241026139,000988
2021-10-11,29.02,29.38,28.38,28.84,14240356.0,410992674.0,1004985657.0,0.0141697106827465,000988
2021-10-12,28.51,29.16,28.2,28.5,14370156.0,411675671.0,1004985657.0,0.0142988667548715,000988
2021-10-13,28.34,29.22,27.84,28.86,20630778.0,590688094.0,1004985657.0,0.0205284302878364,000988
2021-10-14,28.8,30.38,28.55,30.3,34350210.0,1020305556.0,1004985657.0,0.0341798012347155,000988
2021-10-15,30.12,30.58,29.7,29.95,21967482.0,659367589.0,1004985657.0,0.021858503001501,000988
2021-10-18,29.75,30.4,29.75,29.93,19689263.0,592258861.0,1004985657.0,0.0195915860717602,000988
2021-10-19,29.9,30.69,29.9,30.5,23510776.0,714307960.0,1004985657.0,0.0233941408379721,000988
2021-10-20,30.22,30.78,30.05,30.2,18657969.0,566545646.0,1004985657.0,0.0185654082424382,000988
2021-10-21,30.22,30.32,29.48,29.67,18735370.0,558043241.0,1004985657.0,0.0186424252619955,000988
2021-10-22,29.86,31.21,29.74,30.46,28196882.0,864230400.0,1004985657.0,0.0280569994244206,000988
2021-10-25,30.3,30.76,30.15,30.5,15044851.0,458520058.0,1004985657.0,0.0149702146445658,000988
2021-10-26,30.52,31.14,30.2,30.31,19005824.0,580898789.0,1004985657.0,0.0189115375603813,000988
2021-10-27,30.22,30.73,29.85,29.98,16969482.0,512724364.0,1004985657.0,0.0168852976973381,000988
2021-10-28,29.8,30.73,29.62,29.79,18331722.0,551859146.0,1004985657.0,0.0182407797288593,000988
2021-10-29,29.99,29.99,28.47,28.8,35752950.0,1030376950.0,1004985657.0,0.0355755823488334,000988
2021-11-01,28.65,30.94,28.65,30.85,39084899.0,1179752010.0,1004985657.0,0.0388910018046158,000988
2021-11-02,30.75,30.75,29.8,30.29,24040501.0,727059612.0,1004985657.0,0.0239212379127516,000988
2021-11-03,30.25,30.25,29.58,30.08,14405124.0,431265402.0,1004985657.0,0.0143336612812972,000988
2021-11-04,30.18,30.46,29.6,30.19,17397688.0,522304716.0,1004985657.0,0.0173113794001141,000988
2021-11-05,30.25,30.66,29.41,29.48,16197687.0,485749279.0,1004985657.0,0.0161173315133192,000988
2021-11-08,29.39,29.39,28.78,29.22,13355938.0,388439997.0,1004985657.0,0.0132896802128191,000988
2021-11-09,29.38,29.79,28.98,29.44,12378347.0,364056864.0,1004985657.0,0.0123169389670205,000988
2021-11-10,29.3,30.22,29.13,29.38,17558005.0,520394267.0,1004985657.0,0.0174709010797355,000988
2021-11-11,29.2,30.15,29.09,29.69,15150943.0,450468359.0,1004985657.0,0.0150757803302659,000988
2021-11-12,29.56,32.1,29.4,31.81,37695204.0,1168646808.0,1004985657.0,0.0375082009752503,000988
2021-11-15,32.15,32.29,30.23,30.4,34045170.0,1054868761.0,1004985657.0,0.0338762745148312,000988
2021-11-16,30.25,30.28,28.68,28.79,31170950.0,917794638.0,1004985657.0,0.0310163133004792,000988
2021-11-17,28.78,29.27,28.52,28.98,16247843.0,470152727.0,1004985657.0,0.0161672386932383,000988
2021-11-18,28.98,29.17,28.08,28.37,17827451.0,507040000.0,1004985657.0,0.0177390103787321,000988
2021-11-19,28.5,28.81,28.16,28.59,14007430.0,399606166.0,1004985657.0,0.0139379402108223,000988
2021-11-22,28.6,29.35,28.58,29.27,17138318.0,498550987.0,1004985657.0,0.0170532961148519,000988
2021-11-23,29.08,29.59,29.01,29.31,11832843.0,347510910.0,1004985657.0,0.0117741411706535,000988
2021-11-24,29.33,31.02,29.14,30.29,34215370.0,1039524125.0,1004985657.0,0.0340456301656452,000988
2021-11-25,30.3,30.56,30.0,30.39,17025072.0,516216948.0,1004985657.0,0.0169406119195987,000988
2021-11-26,30.1,30.45,29.65,29.81,13224225.0,395430107.0,1004985657.0,0.013158620630941,000988
2021-11-29,29.31,29.45,28.86,29.16,19007475.0,553312560.0,1004985657.0,0.0189131803698965,000988
2021-11-30,29.37,30.55,29.23,30.0,25222202.0,758194831.0,1004985657.0,0.0250970765844472,000988
2021-12-01,30.0,30.35,29.64,29.88,14446273.0,431213894.0,1004985657.0,0.0143746061442546,000988
2021-12-02,29.86,30.15,29.3,29.5,13784267.0,408717448.0,1004985657.0,0.0137158843054015,000988
2021-12-03,29.6,30.09,29.25,29.75,13413678.0,398913623.0,1004985657.0,0.0133471337690941,000988
2021-12-06,29.85,30.09,29.09,29.1,16788561.0,494747284.0,1004985657.0,0.0167052742325853,000988
2021-12-07,29.11,29.35,27.75,27.96,25543607.0,721758044.0,1004985657.0,0.0254168871188178,000988
2021-12-08,27.93,28.73,27.93,28.72,13903227.0,394859763.0,1004985657.0,0.0138342541539376,000988
2021-12-09,28.5,28.99,28.49,28.73,11753031.0,337909484.0,1004985657.0,0.0116947251118828,000988
2021-12-10,28.7,28.75,28.12,28.51,10462903.0,297566198.0,1004985657.0,0.0104109973382436,000988
2021-12-13,28.6,28.76,28.26,28.64,9667829.0,276030694.0,1004985657.0,0.0096198676395637,000988
2021-12-14,28.5,28.61,28.1,28.28,10966541.0,309965730.0,1004985657.0,0.0109121368286353,000988
2021-12-15,28.21,28.8,28.08,28.19,10717113.0,305116196.0,1004985657.0,0.0106639462218713,000988
2021-12-16,28.19,28.41,27.86,28.27,8745169.0,246393247.0,1004985657.0,0.0087017848852742,000988
2021-12-17,28.11,28.27,27.19,27.25,16211908.0,446023003.0,1004985657.0,0.0161314819640256,000988
2021-12-20,27.12,27.38,26.53,26.8,12202348.0,327499667.0,1004985657.0,0.012141813084602,000988
2021-12-21,26.71,27.35,26.71,27.15,6956507.0,188380804.0,1004985657.0,0.0069219963006894,000988
2021-12-22,27.26,27.58,27.08,27.43,7509754.0,205693302.0,1004985657.0,0.0074724986846255,000988
2021-12-23,27.44,27.59,27.26,27.43,6383232.0,175068951.0,1004985657.0,0.00635156527413,000988
2021-12-24,27.34,27.54,26.77,27.13,9041132.0,244956296.0,1004985657.0,0.0089962796354615,000988
2021-12-27,27.13,27.48,27.0,27.18,7098753.0,193160541.0,1004985657.0,0.00706353662916,000988
2021-12-28,27.05,27.43,27.04,27.35,7656985.0,208546610.0,1004985657.0,0.0076189992828922,000988
2021-12-29,27.37,27.55,27.19,27.45,7294530.0,200186682.0,1004985657.0,0.0072583423944327,000988
2021-12-30,27.45,28.05,27.2,27.77,9409723.0,261116518.0,1004985657.0,0.0093630420836941,000988
2021-12-31,27.78,27.95,27.5,27.86,8231864.0,228788459.0,1004985657.0,0.0081910263521303,000988
2022-01-04,27.86,28.1,27.39,27.68,12434537.0,343905939.0,1004985657.0,0.0123728502127269,000988
2022-01-05,27.71,27.8,26.9,26.98,9812351.0,266697764.0,1004985657.0,0.0097636726769723,000988
2022-01-06,26.92,27.09,26.68,26.71,8395844.0,224927652.0,1004985657.0,0.0083541928598887,000988
2022-01-07,26.72,26.92,26.12,26.27,9282069.0,245277385.0,1004985657.0,0.0092360213654273,000988
2022-01-10,26.27,26.45,25.73,26.4,8523477.0,223004849.0,1004985657.0,0.0084811926823349,000988
2022-01-11,26.42,26.92,26.28,26.43,8628425.0,228540390.0,1004985657.0,0.0085856200433316,000988
2022-01-12,26.48,26.64,26.0,26.11,8563251.0,224360262.0,1004985657.0,0.0085207693665622,000988
2022-01-13,26.18,26.36,25.51,25.56,11420731.0,295541966.0,1004985657.0,0.0113640736267741,000988
2022-01-14,25.57,25.94,25.42,25.66,10372659.0,266117056.0,1004985657.0,0.0103212010318272,000988
2022-01-17,25.72,26.56,25.72,26.44,10483326.0,276281684.0,1004985657.0,0.0104313190213022,000988
2022-01-18,26.52,26.66,26.26,26.51,7923627.0,209628411.0,1004985657.0,0.0078843184923185,000988
2022-01-19,26.49,26.7,26.22,26.54,6531159.0,172854858.0,1004985657.0,0.006498758419594,000988
2022-01-20,26.4,26.46,25.68,25.79,11861763.0,307058915.0,1004985657.0,0.0118029177007448,000988
2022-01-21,25.68,25.87,25.08,25.21,13838010.0,350305158.0,1004985657.0,0.0137693606904879,000988
2022-01-24,25.27,25.68,24.95,25.53,9100155.0,230650693.0,1004985657.0,0.0090550098268715,000988
2022-01-25,25.56,25.94,24.8,24.87,9105751.0,231258338.0,1004985657.0,0.0090605780655434,000988
2022-01-26,25.06,25.33,24.55,24.89,7813699.0,194443695.0,1004985657.0,0.0077749358367211,000988
2022-01-27,24.85,24.99,23.77,23.78,12229286.0,296455807.0,1004985657.0,0.0121686174472438,000988
2022-01-28,24.24,24.88,23.91,24.45,14069433.0,344328835.0,1004985657.0,0.0139996356186802,000988
2022-02-07,24.7,24.88,24.08,24.23,10934327.0,266056557.0,1004985657.0,0.0108800826398261,000988
2022-02-08,24.3,24.3,23.79,24.18,8409458.0,201805914.0,1004985657.0,0.0083677393218757,000988
2022-02-09,24.15,24.55,24.08,24.39,9241457.0,224921127.0,1004985657.0,0.0091956108384539,000988
2022-02-10,24.4,24.55,24.13,24.32,5861190.0,142563783.0,1004985657.0,0.005832113084575,000988
2022-02-11,24.28,24.3,23.15,23.4,14386568.0,339367874.0,1004985657.0,0.0143151973361944,000988
2022-02-14,23.26,23.94,23.12,23.52,10206745.0,240585300.0,1004985657.0,0.0101561101184949,000988
2022-02-15,23.53,24.08,23.41,23.8,9545029.0,227308866.0,1004985657.0,0.009497676840974,000988
2022-02-16,24.0,24.05,23.82,23.9,4903582.0,117310380.0,1004985657.0,0.0048792557046413,000988
2022-02-17,23.85,24.06,23.74,23.91,6415338.0,153402026.0,1004985657.0,0.006383511998719,000988
2022-02-18,23.88,24.27,23.86,24.11,6734230.0,162122768.0,1004985657.0,0.0067008219998904,000988
2022-02-21,24.29,24.49,24.15,24.45,7990083.0,194368197.0,1004985657.0,0.0079504448091839,000988
2022-02-22,24.25,24.25,23.66,23.97,10600203.0,253429820.0,1004985657.0,0.0105476162034419,000988
2022-02-23,24.0,25.11,23.97,25.0,14938718.0,370071973.0,1004985657.0,0.0148646081622635,000988
2022-02-24,25.17,25.29,24.21,24.53,15685261.0,387924829.0,1004985657.0,0.0156074476195235,000988
2022-02-25,24.89,25.16,24.8,24.84,11911979.0,297153633.0,1004985657.0,0.0118528845830085,000988
2022-02-28,24.64,24.79,24.35,24.55,9775777.0,239486652.0,1004985657.0,0.0097272801177897,000988
2022-03-01,24.69,24.85,24.44,24.58,6613299.0,162768198.0,1004985657.0,0.0065804909293347,000988
2022-03-02,24.46,25.25,24.26,25.07,13601750.0,337566085.0,1004985657.0,0.0135342727582827,000988
2022-03-03,25.15,25.17,24.59,24.65,10714606.0,266039845.0,1004985657.0,0.0106614516589066,000988
2022-03-04,24.57,24.81,24.25,24.42,8971044.0,219306918.0,1004985657.0,0.0089265393366703,000988
2022-03-07,24.22,24.22,23.33,23.55,13155261.0,310459946.0,1004985657.0,0.0130899987560717,000988
2022-03-08,23.45,23.74,22.5,23.12,13747972.0,317415940.0,1004985657.0,0.0136797693621213,000988
2022-03-09,23.11,23.25,21.11,22.25,15186182.0,339395796.0,1004985657.0,0.0151108445122814,000988
2022-03-10,22.74,23.25,22.37,22.38,13829936.0,315801874.0,1004985657.0,0.0137613267449845,000988
2022-03-11,22.3,22.51,21.8,22.47,13108010.0,290287547.0,1004985657.0,0.0130429821646698,000988
2022-03-14,22.2,22.44,21.9,21.9,9076789.0,200819118.0,1004985657.0,0.0090317597438109,000988
2022-03-15,21.7,22.18,20.56,20.66,15258974.0,326407064.0,1004985657.0,0.0151832753967353,000988
2022-03-16,20.97,21.28,20.0,21.21,15756497.0,328354375.0,1004985657.0,0.0156783302231745,000988
2022-03-17,21.63,21.66,21.2,21.22,14291479.0,306182965.0,1004985657.0,0.0142205800654526,000988
2022-03-18,21.11,21.21,20.77,20.97,17513747.0,367375864.0,1004985657.0,0.0174268626402894,000988
2022-03-21,21.02,21.45,20.91,21.19,15072530.0,318452777.0,1004985657.0,0.0149977563311632,000988
2022-03-22,21.13,21.18,20.71,20.85,13170152.0,275480459.0,1004985657.0,0.0131048158829594,000988
2022-03-23,20.93,22.35,20.83,22.12,27268450.0,595274882.0,1004985657.0,0.0271331733045817,000988
2022-03-24,21.82,22.18,21.49,21.7,19080964.0,415681783.0,1004985657.0,0.0189863047965867,000988
2022-03-25,21.57,21.94,20.96,21.1,15541620.0,332994556.0,1004985657.0,0.0154645192115413,000988
2022-03-28,21.06,21.15,20.58,21.11,12453928.0,259646197.0,1004985657.0,0.0123921450154586,000988
2022-03-29,21.2,22.09,21.18,21.46,19934590.0,430165252.0,1004985657.0,0.0198356960232717,000988
2022-03-30,22.51,22.72,20.68,21.04,39097911.0,829144910.0,1004985657.0,0.0389039492530787,000988
2022-03-31,21.0,21.04,20.06,20.17,26415959.0,539627736.0,1004985657.0,0.0262849114472486,000988
2022-04-01,20.01,20.07,19.46,19.79,27866965.0,549325328.0,1004985657.0,0.0277287191174311,000988
2022-04-06,19.75,19.79,19.16,19.38,18527844.0,359538023.0,1004985657.0,0.0184359287826134,000988
2022-04-07,19.3,19.31,18.64,18.65,17959120.0,339258853.0,1004985657.0,0.017870026178891,000988
2022-04-08,18.69,18.81,18.0,18.49,16508135.0,303324534.0,1004985657.0,0.0164262394045291,000988
2022-04-11,18.5,18.5,17.62,17.68,19267342.0,344407504.0,1004985657.0,0.0191717581895798,000988
2022-04-12,17.57,18.21,17.5,18.16,14225963.0,253833284.0,1004985657.0,0.014155389085319,000988
2022-04-13,18.04,18.14,17.72,17.76,8712995.0,155810562.0,1004985657.0,0.0086697704980281,000988
2022-04-14,17.9,18.06,17.68,17.87,10977357.0,196230477.0,1004985657.0,0.0109228991712863,000988
2022-04-15,17.7,17.8,17.35,17.6,10202989.0,179807128.0,1004985657.0,0.0101523727517237,000988
2022-04-18,17.53,18.05,17.29,17.97,10400045.0,184957920.0,1004985657.0,0.0103484511719752,000988
2022-04-19,18.0,18.29,17.75,17.84,11427549.0,205386725.0,1004985657.0,0.0113708578031974,000988
2022-04-20,17.79,18.03,17.51,17.58,8636785.0,153356871.0,1004985657.0,0.0085939385700108,000988
2022-04-21,17.49,17.74,16.89,16.98,12016204.0,207430840.0,1004985657.0,0.0119565925307529,000988
2022-04-22,16.89,17.18,16.5,16.9,12960599.0,218479371.0,1004985657.0,0.0128963024593693,000988
2022-04-25,16.68,16.79,15.37,15.45,20348135.0,325291999.0,1004985657.0,0.0202471894581476,000988
2022-04-26,15.51,15.87,14.98,15.02,15973131.0,246820654.0,1004985657.0,0.015893889518465,000988
2022-04-27,14.86,15.93,14.78,15.89,16804901.0,258809741.0,1004985657.0,0.0167215331710948,000988
2022-04-28,15.73,16.34,15.5,16.08,18964505.0,303653494.0,1004985657.0,0.0188704235407809,000988
2022-04-29,16.23,16.86,15.99,16.83,20864556.0,343832301.0,1004985657.0,0.0207610485330538,000988
2022-05-05,16.7,17.35,16.66,17.11,14970035.0,256226519.0,1004985657.0,0.0148957698010211,000988
2022-05-06,16.75,17.07,16.62,16.9,11955191.0,201497565.0,1004985657.0,0.0118958822115806,000988
2022-05-09,16.89,17.05,16.66,16.75,9355600.0,157284590.0,1004985657.0,0.0093091875837587,000988
2022-05-10,16.55,17.8,16.5,17.71,17845790.0,310534748.0,1004985657.0,0.0177572584003554,000988
2022-05-11,17.71,18.5,17.58,17.77,20016352.0,362175954.0,1004985657.0,0.0199170524082414,000988
2022-05-12,17.95,18.39,17.88,18.15,15775508.0,286760237.0,1004985657.0,0.0156972469110571,000988
2022-05-13,18.25,18.35,17.93,18.19,10146437.0,183707109.0,1004985657.0,0.0100961013018716,000988
2022-05-16,18.2,18.38,17.93,17.99,10644507.0,192486777.0,1004985657.0,0.0105917004146856,000988
2022-05-17,18.14,18.33,17.88,18.28,9671416.0,175341139.0,1004985657.0,0.009623436844731,000988
2022-05-18,18.35,19.12,18.22,18.9,19216643.0,362736148.0,1004985657.0,0.0191213107034422,000988
2022-05-19,18.53,19.0,18.5,18.89,13636197.0,255790459.0,1004985657.0,0.0135685488693496,000988
2022-05-20,18.95,19.23,18.7,18.93,12033711.0,227941238.0,1004985657.0,0.0119740126798645,000988
2022-05-23,19.02,19.53,18.76,19.48,17582485.0,337931759.0,1004985657.0,0.0174952596363273,000988
2022-05-24,19.31,19.86,18.7,18.71,19053379.0,366603807.0,1004985657.0,0.0189588566436625,000988
2022-05-25,18.72,19.17,18.72,18.97,8713133.0,164814063.0,1004985657.0,0.0086699078134206,000988
2022-05-26,18.93,19.56,18.69,19.35,12334366.0,236573454.0,1004985657.0,0.0122731761533985,000988
2022-05-27,19.65,20.0,19.55,19.9,19257339.0,381950378.0,1004985657.0,0.0191618048136979,000988
2022-05-30,19.7,20.23,19.5,20.03,12785270.0,255003887.0,1004985657.0,0.0127218432531321,000988
2022-05-31,20.04,20.48,19.8,20.45,13647102.0,276440903.0,1004985657.0,0.0135793997704785,000988
2022-06-01,20.38,20.43,20.12,20.32,10357907.0,210053949.0,1004985657.0,0.0103065222153712,000988
2022-06-02,20.11,20.54,20.06,20.4,9462450.0,192796924.0,1004985657.0,0.0094155075090788,000988
2022-06-06,20.48,21.02,20.33,20.95,15773333.0,327011986.0,1004985657.0,0.0156950827010658,000988
2022-06-07,20.98,21.01,20.4,20.62,11690456.0,241260922.0,1004985657.0,0.0116324605416731,000988
2022-06-08,20.57,20.97,20.43,20.71,9804578.0,202955443.0,1004985657.0,0.0097559382382309,000988
2022-06-09,20.68,20.68,19.97,20.33,11534120.0,233150926.0,1004985657.0,0.0114769001126152,000988
2022-06-10,20.18,20.55,20.05,20.52,11557199.0,235237160.0,1004985657.0,0.0114998646194609,000988
2022-06-13,20.33,21.3,20.29,21.2,20895448.0,439390278.0,1004985657.0,0.0207917872802039,000988
2022-06-14,20.9,21.77,20.58,21.75,18844555.0,397594106.0,1004985657.0,0.0187510686035591,000988
2022-06-15,21.78,22.08,21.3,21.32,15973777.0,344232053.0,1004985657.0,0.0158945323137084,000988
2022-06-16,21.5,21.9,21.34,21.56,12677508.0,274336566.0,1004985657.0,0.0126146158521742,000988
2022-06-17,21.34,21.68,21.03,21.58,11869417.0,254441768.0,1004985657.0,0.0118105337298361,000988
2022-06-20,21.57,21.75,21.14,21.3,14842043.0,316399918.0,1004985657.0,0.0147684127595464,000988
2022-06-21,21.42,21.84,21.3,21.66,13395825.0,289332703.0,1004985657.0,0.013329369336462,000988
2022-06-22,21.72,21.78,21.2,21.24,9321422.0,199754204.0,1004985657.0,0.0092751791382033,000988
2022-06-23,21.25,22.94,21.1,22.67,27586756.0,614480978.0,1004985657.0,0.0274499002128544,000988
2022-06-24,22.71,23.45,22.58,23.2,36478796.0,841500885.0,1004985657.0,0.0362978274823279,000988
2022-06-27,23.28,23.63,22.95,23.44,20734430.0,484184233.0,1004985657.0,0.0206315680781899,000988
2022-06-28,23.68,25.78,23.15,25.2,53411590.0,1324026109.0,1004985657.0,0.0531466191860288,000988
2022-06-29,24.65,26.66,22.98,23.98,70597739.0,1704958861.0,1004985657.0,0.070247509014947,000988
2022-06-30,23.96,23.96,23.0,23.17,36340969.0,850447478.0,1004985657.0,0.0361606842315362,000988
2022-07-01,23.27,23.85,23.15,23.36,23314608.0,547287771.0,1004985657.0,0.0231989460124205,000988
2022-07-04,24.0,24.56,23.46,23.52,43564440.0,1044859178.0,1004985657.0,0.0433483201442346,000988
2022-07-05,23.8,24.07,22.58,22.9,34432732.0,791857705.0,1004985657.0,0.0342619138493834,000988
2022-07-06,22.7,23.05,22.44,22.67,18127581.0,411055988.0,1004985657.0,0.018037651456751,000988
2022-07-07,22.59,23.09,22.5,22.86,18169030.0,416000279.0,1004985657.0,0.0180788948314314,000988
2022-07-08,22.98,23.08,22.37,22.41,14579226.0,330565277.0,1004985657.0,0.0145068995745876,000988
2022-07-11,22.5,22.5,21.55,21.9,22807343.0,497878065.0,1004985657.0,0.0226941975152984,000988
2022-07-12,21.9,22.15,21.75,21.82,11781394.0,258516430.0,1004985657.0,0.0117229474052085,000988
2022-07-13,21.81,21.9,21.58,21.72,12995923.0,282211530.0,1004985657.0,0.0129314512197063,000988
2022-07-14,21.68,22.25,21.45,22.11,13336346.0,292630437.0,1004985657.0,0.0132701854072331,000988
2022-07-15,21.9,22.36,21.76,21.78,13765266.0,303368240.0,1004985657.0,0.0136969775679097,000988
2022-07-18,21.8,21.97,21.53,21.9,12771933.0,278492253.0,1004985657.0,0.0127085724169693,000988
2022-07-19,21.93,22.75,21.91,22.51,18949287.0,424989570.0,1004985657.0,0.0188552810361153,000988
2022-07-20,22.81,22.9,22.45,22.68,12646273.0,286170935.0,1004985657.0,0.0125835358066209,000988
2022-07-21,22.58,22.77,22.4,22.53,12015527.0,271610282.0,1004985657.0,0.0119559188892981,000988
2022-07-22,22.52,22.68,21.9,22.19,13421654.0,298599716.0,1004985657.0,0.013355070200768,000988
2022-07-25,22.2,22.57,21.9,22.02,10127400.0,224822444.0,1004985657.0,0.0100771587429729,000988
2022-07-26,22.04,22.13,21.63,22.03,8691366.0,190675720.0,1004985657.0,0.0086482487978432,000988
2022-07-27,22.0,22.29,21.7,21.96,14989076.0,328481815.0,1004985657.0,0.014914716340076,000988
2022-07-28,22.16,23.09,22.16,22.84,33680213.0,767174137.0,1004985657.0,0.0335131280386024,000988
2022-07-29,22.8,22.93,22.02,22.07,23554461.0,528118132.0,1004985657.0,0.0234376091200274,000988
2022-08-01,21.91,23.18,21.64,23.1,35186916.0,803391311.0,1004985657.0,0.0350123564002267,000988
2022-08-02,22.81,23.14,21.9,22.56,35073535.0,788805518.0,1004985657.0,0.0348995378746982,000988
2022-08-03,22.57,24.21,22.57,23.48,59949279.0,1423176567.0,1004985657.0,0.0596518752107921,000988
2022-08-04,23.7,23.97,23.35,23.59,27020068.0,638486573.0,1004985657.0,0.0268860235086917,000988
2022-08-05,23.6,24.2,23.31,24.17,28807325.0,687687588.0,1004985657.0,0.028664414063374,000988
2022-08-08,24.0,24.08,23.56,23.99,23380572.0,557249393.0,1004985657.0,0.0232645827700603,000988
2022-08-09,23.84,23.99,23.45,23.73,17562413.0,415371382.0,1004985657.0,0.0174752872119845,000988
2022-08-10,23.51,23.98,23.44,23.6,13740319.0,324724031.0,1004985657.0,0.0136721543280691,000988
2022-08-11,23.75,24.08,23.7,23.99,17889590.0,427758577.0,1004985657.0,0.0178008411119045,000988
2022-08-12,23.81,23.99,23.26,23.29,18087369.0,426819074.0,1004985657.0,0.0179976389454083,000988
2022-08-15,23.21,23.55,23.11,23.47,11763124.0,275221615.0,1004985657.0,0.0117047680412816,000988
2022-08-16,23.43,24.62,23.39,23.8,23305110.0,559654852.0,1004985657.0,0.0231894951312723,000988
2022-08-17,23.7,24.48,23.4,24.3,24808048.0,596635273.0,1004985657.0,0.0246849771707736,000988
2022-08-18,24.25,24.85,24.1,24.75,24757760.0,610129654.0,1004985657.0,0.0246349386456965,000988
2022-08-19,24.74,24.9,24.19,24.2,18678276.0,456479095.0,1004985657.0,0.0185856145009639,000988
2022-08-22,24.12,24.15,23.66,24.0,15425593.0,367701077.0,1004985657.0,0.0153490678126165,000988
2022-08-23,23.96,23.98,23.52,23.65,17273775.0,408550155.0,1004985657.0,0.0171880811230323,000988
2022-08-24,23.55,23.65,22.26,22.44,22508560.0,513246686.0,1004985657.0,0.0223968967549155,000988
2022-08-25,22.56,22.59,21.62,22.0,16391923.0,360310725.0,1004985657.0,0.0163106039233751,000988
2022-08-26,22.02,22.24,21.9,22.04,9840689.0,216985604.0,1004985657.0,0.0097918700943211,000988
2022-08-29,21.65,22.03,21.57,21.76,11405563.0,248701118.0,1004985657.0,0.0113489808740623,000988
2022-08-30,21.76,22.15,21.59,22.01,13388630.0,293136996.0,1004985657.0,0.0133222100303069,000988
2022-08-31,21.87,21.91,20.95,21.16,16067090.0,341610157.0,1004985657.0,0.0159873823950504,000988
2022-09-01,21.05,21.32,20.88,20.94,6782266.0,142705451.0,1004985657.0,0.0067486196969674,000988
2022-09-02,20.96,21.38,20.94,21.16,6751381.0,142843808.0,1004985657.0,0.0067178879150909,000988
2022-09-05,21.05,21.38,20.9,21.07,8627086.0,182305738.0,1004985657.0,0.0085842876860082,000988
2022-09-06,21.16,21.55,21.06,21.43,9118332.0,194523639.0,1004985657.0,0.0090730966521644,000988
2022-09-07,21.38,22.05,21.31,21.96,12769415.0,278574012.0,1004985657.0,0.0127060669085747,000988
2022-09-08,21.91,21.91,21.33,21.38,10787544.0,233076933.0,1004985657.0,0.0107340278190656,000988
2022-09-09,21.45,21.5,21.05,21.31,10862114.0,230127699.0,1004985657.0,0.0108082278829975,000988
2022-09-13,21.33,21.51,20.98,21.04,9433974.0,199510488.0,1004985657.0,0.0093871727763374,000988
2022-09-14,20.7,20.77,20.29,20.65,11088365.0,227825446.0,1004985657.0,0.0110333564690864,000988
2022-09-15,20.76,21.0,19.9,20.15,11575074.0,236240845.0,1004985657.0,0.0115176509429527,000988
2022-09-16,20.05,20.25,19.6,19.6,11186394.0,222254659.0,1004985657.0,0.011130899154713,000988
2022-09-19,19.55,19.83,19.19,19.39,8612743.0,167793715.0,1004985657.0,0.0085700158405345,000988
2022-09-20,19.49,19.75,19.48,19.67,7095790.0,139347457.0,1004985657.0,0.0070605883283765,000988
2022-09-21,19.62,19.74,19.26,19.66,6745904.0,131914567.0,1004985657.0,0.0067124380860691,000988
2022-09-22,19.42,20.19,19.4,19.84,8238537.0,164257374.0,1004985657.0,0.0081976662478875,000988
2022-09-23,19.88,19.98,19.06,19.3,7562764.0,146935556.0,1004985657.0,0.0075252457060688,000988
2022-09-26,19.17,19.58,19.05,19.19,6577063.0,127086663.0,1004985657.0,0.00654443469336,000988
2022-09-27,19.38,19.5,19.09,19.41,6826143.0,131604599.0,1004985657.0,0.0067922790265254,000988
2022-09-28,19.35,19.38,18.64,18.69,8058751.0,152373602.0,1004985657.0,0.0080187721524865,000988
2022-09-29,18.86,19.14,18.75,18.94,6661224.0,126401407.0,1004985657.0,0.0066281781770742,000988
2022-09-30,18.75,19.02,18.46,18.48,5919422.0,110691638.0,1004985657.0,0.0058900562000756,000988
2022-10-10,18.57,18.61,18.1,18.24,6384133.0,117274331.0,1004985657.0,0.0063524618043379,000988
2022-10-11,18.27,18.63,18.17,18.46,5784348.0,106798208.0,1004985657.0,0.0057556522918615,000988
2022-10-12,18.38,19.33,18.33,19.32,9645033.0,181374990.0,1004985657.0,0.0095971847287766,000988
2022-10-13,19.33,19.56,19.25,19.38,8215396.0,159553886.0,1004985657.0,0.0081746400486191,000988
2022-10-14,19.47,20.13,19.45,20.1,9879981.0,196403479.0,1004985657.0,0.0098309671697135,000988
2022-10-17,19.91,20.3,19.8,20.25,11132584.0,224176950.0,1004985657.0,0.0110773561020085,000988
2022-10-18,20.4,20.65,20.17,20.41,11979790.0,244353481.0,1004985657.0,0.0119203591778225,000988
2022-10-19,20.39,20.56,20.09,20.14,8354340.0,169602982.0,1004985657.0,0.0083128947580592,000988
2022-10-20,19.96,20.44,19.59,20.18,10510159.0,210520251.0,1004985657.0,0.0104580189048409,000988
2022-10-21,20.25,20.32,19.81,20.05,7079996.0,142177026.0,1004985657.0,0.0070448726812028,000988
2022-10-24,20.15,20.55,19.64,19.83,9581354.0,192523692.0,1004985657.0,0.0095338216354265,000988
2022-10-25,19.71,20.07,19.26,19.7,12287006.0,242259023.0,1004985657.0,0.0122260511027372,000988
2022-10-26,19.81,20.07,19.31,20.0,16333894.0,322672628.0,1004985657.0,0.0162528628008071,000988
2022-10-27,19.83,20.48,19.83,20.18,16365543.0,330519775.0,1004985657.0,0.0162843547925381,000988
2022-10-28,18.18,18.61,18.16,18.16,19019838.0,345685200.0,1004985657.0,0.0189254820379988,000988
2022-10-31,17.4,17.44,16.4,16.77,43162227.0,724244475.0,1004985657.0,0.0429481024921731,000988
2022-11-01,16.92,17.95,16.92,17.94,26459439.0,463165145.0,1004985657.0,0.0263281757462932,000988
2022-11-02,17.88,18.22,17.68,17.9,14860085.0,266948295.0,1004985657.0,0.014786365254564,000988
2022-11-03,17.76,18.24,17.72,18.17,12387492.0,223834597.0,1004985657.0,0.0123260385993747,000988
2022-11-04,18.1,18.63,18.04,18.45,13570681.0,249613672.0,1004985657.0,0.0135033578892161,000988
2022-11-07,18.5,18.61,18.25,18.37,10100158.0,185959990.0,1004985657.0,0.0100500518884519,000988
2022-11-08,18.37,18.37,18.04,18.23,8962078.0,162493163.0,1004985657.0,0.0089176178163107,000988
2022-11-09,18.24,18.26,17.91,17.91,9484165.0,170745616.0,1004985657.0,0.0094371147826242,000988
2022-11-10,17.8,17.91,17.44,17.5,11164525.0,196573493.0,1004985657.0,0.0111091386451498,000988
2022-11-11,17.98,18.08,17.66,17.73,10177285.0,181505457.0,1004985657.0,0.0101267962673023,000988
2022-11-14,17.76,17.85,17.45,17.5,10608478.0,186942242.0,1004985657.0,0.0105558501517997,000988
2022-11-15,17.53,18.16,17.45,18.16,16834524.0,301881994.0,1004985657.0,0.0167510092136568,000988
2022-11-16,18.23,18.31,17.91,17.98,11473041.0,207519368.0,1004985657.0,0.0114161241208639,000988
2022-11-17,17.92,18.07,17.71,18.06,7886439.0,140788496.0,1004985657.0,0.007847314979143,000988
2022-11-18,18.0,18.17,17.66,17.67,14891065.0,266263513.0,1004985657.0,0.0148171915651528,000988
2022-11-21,17.56,17.82,17.35,17.8,11111727.0,195174222.0,1004985657.0,0.0110566025719907,000988
2022-11-22,17.82,17.93,17.62,17.7,7846321.0,139552385.0,1004985657.0,0.0078073960014734,000988
2022-11-23,17.63,17.75,17.4,17.63,7222317.0,127064017.0,1004985657.0,0.0071864876376041,000988
2022-11-24,17.63,17.77,17.52,17.56,5480290.0,96571899.0,1004985657.0,0.0054531027003502,000988
2022-11-25,17.5,17.59,17.36,17.36,7386227.0,128865671.0,1004985657.0,0.0073495844926272,000988
2022-11-28,17.01,17.24,16.8,17.2,8192635.0,139447821.0,1004985657.0,0.0081519919641997,000988
2022-11-29,17.19,17.49,17.15,17.3,10627041.0,184032643.0,1004985657.0,0.0105743210621761,000988
2022-11-30,17.32,17.47,17.26,17.37,9278287.0,160938766.0,1004985657.0,0.0092322581276401,000988
2022-12-01,17.5,17.87,17.45,17.65,13128815.0,232392914.0,1004985657.0,0.0130636839526556,000988
2022-12-02,17.64,17.89,17.59,17.77,7233710.0,128564347.0,1004985657.0,0.0071978241178023,000988
2022-12-05,17.84,17.93,17.68,17.86,11332697.0,201713119.0,1004985657.0,0.0112764763567167,000988
2022-12-06,17.82,18.09,17.77,17.98,9541741.0,171294112.0,1004985657.0,0.0094944051524906,000988
2022-12-07,17.9,18.07,17.82,17.88,7391037.0,132507485.0,1004985657.0,0.007354370630585,000988
2022-12-08,17.86,18.05,17.73,17.85,8371559.0,149797427.0,1004985657.0,0.0083300283359168,000988
2022-12-09,17.85,17.94,17.6,17.69,9807451.0,173749371.0,1004985657.0,0.0097587969854976,000988
2022-12-12,17.66,17.81,17.51,17.73,8096753.0,143086189.0,1004985657.0,0.0080565856274703,000988
2022-12-13,17.7,17.83,17.62,17.63,6782696.0,120144893.0,1004985657.0,0.0067490475637703,000988
2022-12-14,17.7,17.88,17.51,17.53,7745916.0,137048238.0,1004985657.0,0.0077074891030011,000988
2022-12-15,17.49,17.89,17.42,17.82,8802011.0,156352660.0,1004985657.0,0.0087583448964585,000988
2022-12-16,17.73,17.74,17.37,17.48,8563481.0,150017732.0,1004985657.0,0.0085209982255498,000988
2022-12-19,17.46,17.58,16.97,17.04,8025603.0,138067226.0,1004985657.0,0.0079857885971799,000988
2022-12-20,17.0,17.28,16.91,17.07,5164217.0,88113505.0,1004985657.0,0.0051385977143353,000988
2022-12-21,17.06,17.11,16.66,16.78,5910384.0,99475405.0,1004985657.0,0.0058810630369026,000988
2022-12-22,16.86,16.92,16.54,16.62,6113447.0,102263308.0,1004985657.0,0.0060831186568864,000988
2022-12-23,16.5,16.65,16.41,16.54,5087376.0,84041240.0,1004985657.0,0.0050621379166608,000988
2022-12-26,16.48,16.78,16.46,16.69,7843881.0,130958703.0,1004985657.0,0.0078049681061269,000988
2022-12-27,16.75,16.78,16.36,16.62,8309220.0,137516019.0,1004985657.0,0.0082679985949292,000988
2022-12-28,16.54,16.61,16.12,16.34,7731994.0,126606290.0,1004985657.0,0.0076936361689786,000988
2022-12-29,16.24,16.53,16.23,16.28,6810614.0,111359126.0,1004985657.0,0.006776827064707,000988
2022-12-30,16.3,16.46,16.25,16.41,6017290.0,98501160.0,1004985657.0,0.0059874386844109,000988
2023-01-03,16.43,17.12,16.43,17.05,14563798.0,245868973.0,1004985657.0,0.0144915481117159,000988
2023-01-04,17.05,17.19,16.86,17.04,8219734.0,140104170.0,1004985657.0,0.0081789565281328,000988
2023-01-05,17.1,17.25,16.91,17.18,11167681.0,190418021.0,1004985657.0,0.0111122789884751,000988
2023-01-06,17.12,17.35,17.08,17.18,8204158.0,141299728.0,1004985657.0,0.0081634577994778,000988
2023-01-09,17.2,17.37,17.18,17.28,8361261.0,144607165.0,1004985657.0,0.0083197814235074,000988
2023-01-10,17.25,17.35,17.04,17.11,7858743.0,134652614.0,1004985657.0,0.0078197563768813,000988
2023-01-11,17.11,17.57,17.1,17.31,11771093.0,204470907.0,1004985657.0,0.0117126975076819,000988
2023-01-12,17.3,17.45,17.23,17.35,6062856.0,105136118.0,1004985657.0,0.0060327786349691,000988
2023-01-13,17.35,17.45,17.28,17.39,5254018.0,91178683.0,1004985657.0,0.0052279532184408,000988
2023-01-16,17.38,17.73,17.36,17.53,12037824.0,211889773.0,1004985657.0,0.011978105275586,000988
2023-01-17,17.6,18.1,17.54,18.08,18941185.0,338956148.0,1004985657.0,0.0188472192295178,000988
2023-01-18,18.08,18.29,17.99,18.21,14565672.0,264504944.0,1004985657.0,0.0144934128149452,000988
2023-01-19,18.12,18.85,18.1,18.77,18372532.0,342943969.0,1004985657.0,0.0182813872735698,000988
2023-01-20,18.76,18.94,18.56,18.7,12383799.0,231823190.0,1004985657.0,0.0123223639200653,000988
2023-01-30,18.95,19.1,18.75,18.82,13928344.0,263240143.0,1004985657.0,0.0138592465504211,000988
2023-01-31,18.76,18.93,18.67,18.76,10106691.0,190060594.0,1004985657.0,0.0100565524787385,000988
2023-02-01,18.96,19.19,18.88,19.1,14530565.0,277403481.0,1004985657.0,0.0144584799780878,000988
2023-02-02,19.2,19.29,19.0,19.03,11848022.0,226963601.0,1004985657.0,0.0117892448687951,000988
2023-02-03,19.03,19.24,18.85,19.19,12662730.0,241243164.0,1004985657.0,0.0125999111647023,000988
2023-02-06,19.08,19.41,19.08,19.18,8625713.0,165777349.0,1004985657.0,0.0085829214973562,000988
2023-02-07,19.26,19.84,19.21,19.68,17509462.0,343846376.0,1004985657.0,0.0174225988978467,000988
2023-02-08,19.76,19.9,19.27,19.3,13985241.0,272798134.0,1004985657.0,0.0139158612887546,000988
2023-02-09,19.18,20.16,19.1,20.09,20343453.0,403034935.0,1004985657.0,0.0202425306851916,000988
2023-02-10,19.9,20.46,19.59,19.82,25550553.0,510548934.0,1004985657.0,0.0254237986602429,000988
2023-02-13,19.82,19.94,19.61,19.76,15820549.0,312712471.0,1004985657.0,0.0157420644661001,000988
2023-02-14,19.82,20.04,19.76,19.82,12769258.0,253898468.0,1004985657.0,0.0127059106874397,000988
2023-02-15,19.76,20.27,19.71,20.13,16014144.0,320252255.0,1004985657.0,0.015934699056108,000988
2023-02-16,20.12,20.5,19.57,19.82,23499727.0,472337564.0,1004985657.0,0.0233831466512163,000988
2023-02-17,19.82,19.95,19.33,19.4,16409324.0,320623085.0,1004985657.0,0.0163279185983447,000988
2023-02-20,19.47,19.95,19.21,19.87,13251569.0,260396984.0,1004985657.0,0.0131858289794478,000988
2023-02-21,19.87,19.94,19.55,19.7,9663704.0,190831287.0,1004985657.0,0.0096157631033733,000988
2023-02-22,19.63,20.02,19.61,19.92,10642369.0,210952114.0,1004985657.0,0.0105895730211401,000988
2023-02-23,20.0,20.2,19.66,19.81,12785734.0,253972745.0,1004985657.0,0.0127223049512635,000988
2023-02-24,19.81,19.96,19.63,19.78,10180449.0,201344314.0,1004985657.0,0.0101299445709402,000988
2023-02-27,19.68,19.97,19.59,19.78,11861450.0,234958744.0,1004985657.0,0.0118026062535139,000988
2023-02-28,19.9,20.15,19.67,19.92,19740283.0,392338415.0,1004985657.0,0.0196423529654413,000988
2023-03-01,20.35,21.17,20.2,21.02,50181470.0,1042113299.0,1004985657.0,0.0499325235643636,000988
2023-03-02,21.12,21.56,20.91,21.29,35637380.0,757899780.0,1004985657.0,0.0354605856827666,000988
2023-03-03,21.08,21.19,20.67,20.9,24310096.0,508818989.0,1004985657.0,0.0241894954725707,000988
2023-03-06,21.65,21.85,21.23,21.32,26722801.0,573169131.0,1004985657.0,0.0265902312275487,000988
2023-03-07,21.33,21.4,20.54,20.54,22903697.0,478162679.0,1004985657.0,0.022790073510472,000988
2023-03-08,20.54,21.16,20.45,21.14,20060136.0,420809435.0,1004985657.0,0.0199606191991653,000988
2023-03-09,21.14,21.48,20.93,21.39,19602947.0,417656283.0,1004985657.0,0.0195056982788362,000988
2023-03-10,21.13,21.3,20.97,21.08,12111966.0,255989918.0,1004985657.0,0.0120518794627931,000988
2023-03-13,20.95,21.17,20.76,21.14,18607124.0,389912803.0,1004985657.0,0.0185148154805954,000988
2023-03-14,21.05,21.05,20.44,20.77,19395855.0,401234459.0,1004985657.0,0.0192996336464133,000988
2023-03-15,20.93,21.23,20.82,21.04,17461529.0,367309437.0,1004985657.0,0.0173749036897946,000988
2023-03-16,20.77,21.18,20.68,20.78,15768104.0,329171053.0,1004985657.0,0.015689879641735,000988
2023-03-17,20.95,21.54,20.88,21.4,27762638.0,592039265.0,1004985657.0,0.0276249096757009,000988
2023-03-20,21.38,21.57,21.19,21.29,21223501.0,454100533.0,1004985657.0,0.0211182128343549,000988
2023-03-21,21.29,21.56,21.1,21.35,14377606.0,306790125.0,1004985657.0,0.0143062797959911,000988
2023-03-22,21.37,22.9,21.22,22.81,51048151.0,1138311749.0,1004985657.0,0.0507949050261918,000988
2023-03-23,22.79,23.97,22.79,23.54,51397011.0,1204928826.0,1004985657.0,0.0511420343584067,000988
2023-03-24,23.76,24.28,23.51,23.68,42969452.0,1025543958.0,1004985657.0,0.0427562838342079,000988
2023-03-27,23.66,24.58,23.66,24.28,46349692.0,1124233777.0,1004985657.0,0.0461197547220318,000988
2023-03-28,24.0,24.0,23.22,23.28,32303522.0,761497510.0,1004985657.0,0.0321432666973873,000988
2023-03-29,23.31,24.28,23.01,23.92,38181258.0,907307008.0,1004985657.0,0.0379918436985215,000988
2023-03-30,23.89,24.88,23.81,24.09,39932466.0,968114176.0,1004985657.0,0.0397343640895364,000988
2023-03-31,24.11,25.8,24.0,25.41,57328870.0,1437815192.0,1004985657.0,0.0570444658594764,000988
2023-04-03,26.88,27.95,26.88,27.95,61015719.0,1689380768.0,1004985657.0,0.0607130246834955,000988
2023-04-04,29.6,30.75,29.34,30.75,190478553.0,5808017855.0,1004985657.0,0.1895336034631586,000988
2023-04-06,30.99,33.5,30.36,31.95,164166246.0,5240302024.0,1004985657.0,0.1633518298062636,000988
2023-04-07,31.98,32.88,30.84,31.77,84931887.0,2679940847.0,1004985657.0,0.0845105464027532,000988
2023-04-10,32.0,34.08,31.31,32.5,118860268.0,3880655291.0,1004985657.0,0.1182706112988834,000988
2023-04-11,32.27,33.25,30.9,31.95,114312566.0,3628886178.0,1004985657.0,0.1137454701007737,000988
2023-04-12,30.9,32.19,30.33,31.66,75728700.0,2370126500.0,1004985657.0,0.0753530157097555,000988
2023-04-13,31.99,32.35,30.4,30.69,72847786.0,2284664499.0,1004985657.0,0.0724863937038257,000988
2023-04-14,30.69,31.26,29.38,30.71,76186248.0,2312939707.0,1004985657.0,0.0758082938491131,000988
2023-04-17,30.71,32.24,30.21,31.05,85079670.0,2665977783.0,1004985657.0,0.0846575962625902,000988
2023-04-18,30.4,34.0,30.38,32.68,136787798.0,4392075399.0,1004985657.0,0.136109204193349,000988
2023-04-19,31.65,33.32,31.01,31.72,116687470.0,3742607340.0,1004985657.0,0.1161085923836224,000988
2023-04-20,32.55,34.89,32.4,34.89,78727528.0,2701802694.0,1004985657.0,0.0783369667533473,000988
2023-04-21,37.17,37.89,35.0,36.26,171272862.0,6212982873.0,1004985657.0,0.1704231904276818,000988
2023-04-24,36.55,38.13,35.68,37.99,143387042.0,5323726475.0,1004985657.0,0.142675709848464,000988
2023-04-25,36.91,37.29,34.71,35.31,119311731.0,4305882684.0,1004985657.0,0.1187198346254607,000988
2023-04-26,35.54,36.78,33.8,34.45,121157739.0,4280588466.0,1004985657.0,0.1205566847209243,000988
2023-04-27,33.26,34.01,31.1,31.89,109964452.0,3567408631.0,1004985657.0,0.1094189267618572,000988
2023-04-28,32.01,33.9,32.01,33.32,85119931.0,2832804109.0,1004985657.0,0.0846976575308477,000988
2023-05-04,32.86,33.55,31.26,31.48,81051255.0,2587441382.0,1004985657.0,0.0806491659213799,000988
2023-05-05,31.48,31.76,29.88,30.18,87413757.0,2682510950.0,1004985657.0,0.0869801040354548,000988
2023-05-08,30.5,31.04,29.45,30.45,55005277.0,1670819110.0,1004985657.0,0.0547324000266801,000988
2023-05-09,30.13,31.75,30.13,30.24,62166766.0,1921111033.0,1004985657.0,0.0618583614273412,000988
2023-05-10,30.61,30.85,28.77,29.1,66877395.0,1972665728.0,1004985657.0,0.0665456213570618,000988
2023-05-11,29.17,29.55,28.62,28.7,45002000.0,1305445388.0,1004985657.0,0.044778748518995,000988
2023-05-12,28.85,29.57,28.66,28.67,43038610.0,1248569725.0,1004985657.0,0.042825098746658,000988
2023-05-15,28.45,28.97,27.63,28.79,49841063.0,1406901269.0,1004985657.0,0.049593805297462,000988
2023-05-16,28.41,28.55,27.6,27.72,36914920.0,1030488053.0,1004985657.0,0.0367317879045113,000988
2023-05-17,27.93,28.91,27.68,28.7,54601520.0,1548117917.0,1004985657.0,0.0543306460342846,000988
2023-05-18,29.93,31.57,29.9,31.57,55064202.0,1698288809.0,1004985657.0,0.0547910327042607,000988
2023-05-19,32.5,33.4,31.05,31.08,147328464.0,4744137483.0,1004985657.0,0.1465975787552955,000988
2023-05-22,30.7,30.99,29.22,29.69,73474269.0,2207479258.0,1004985657.0,0.0731097687695656,000988
2023-05-23,29.66,30.3,29.1,29.1,62530598.0,1853999243.0,1004985657.0,0.0622203884846089,000988
2023-05-24,28.8,30.46,28.73,29.55,75657611.0,2257910954.0,1004985657.0,0.0752822793768488,000988
2023-05-25,30.88,32.2,29.51,30.56,104491505.0,3214856113.0,1004985657.0,0.1039731306334454,000988
2023-05-26,29.94,31.8,29.71,31.27,87791889.0,2726796134.0,1004985657.0,0.087356360151516,000988
2023-05-29,31.01,32.15,30.37,30.6,91612975.0,2860351561.0,1004985657.0,0.0911584900360423,000988
2023-05-30,30.22,33.66,30.19,33.66,123668976.0,3967566536.0,1004985657.0,0.1230554636661844,000988
2023-05-31,33.62,34.69,32.35,34.69,132721241.0,4403555587.0,1004985657.0,0.1320628210716841,000988
2023-06-01,33.35,34.56,33.04,33.66,90126079.0,3051809768.0,1004985657.0,0.0896789704134056,000988
2023-06-02,33.98,34.2,32.69,32.69,68022945.0,2263592862.0,1004985657.0,0.0676854883711041,000988
2023-06-05,32.5,34.18,32.21,33.15,62417629.0,2083558904.0,1004985657.0,0.06210797991518,000988
2023-06-06,32.8,34.1,32.5,32.58,68068986.0,2270930999.0,1004985657.0,0.0677313009652236,000988
2023-06-07,32.68,35.84,31.81,35.84,117361073.0,4066741516.0,1004985657.0,0.1167788536906452,000988
2023-06-08,35.46,35.46,33.5,34.24,112036589.0,3838803324.0,1004985657.0,0.1114807840486423,000988
2023-06-09,34.0,36.8,33.7,36.43,127954314.0,4576133882.0,1004985657.0,0.1273195424320369,000988
2023-06-12,35.8,37.25,35.67,36.0,94006323.0,3418598742.0,1004985657.0,0.0935399648196173,000988
2023-06-13,35.85,36.38,34.9,35.98,85122613.0,3043044875.0,1004985657.0,0.0847003262256508,000988
2023-06-14,35.89,38.55,35.85,37.09,125199406.0,4675556421.0,1004985657.0,0.1245783013199759,000988
2023-06-15,37.12,40.3,37.11,38.14,138742248.0,5387619582.0,1004985657.0,0.1380539583163424,000988
2023-06-16,38.0,41.77,37.69,41.13,129037454.0,5159800409.0,1004985657.0,0.1283973090573172,000988
2023-06-19,41.13,44.34,40.61,43.52,129945285.0,5484859584.0,1004985657.0,0.1293006363771418,000988
2023-06-20,42.32,42.6,40.18,42.05,124484880.0,5150398908.0,1004985657.0,0.123867320028827,000988
2023-06-21,41.05,41.09,37.85,37.85,123381230.0,4779107347.0,1004985657.0,0.1227691451520884,000988
2023-06-26,37.11,37.61,35.02,35.17,100312597.0,3625163918.0,1004985657.0,0.0998149538765009,000988
2023-06-27,35.2,35.83,34.42,35.35,67274110.0,2369810328.0,1004985657.0,0.0669403682842808,000988
2023-06-28,34.89,34.89,32.68,34.36,81321860.0,2739982778.0,1004985657.0,0.0809184284706662,000988
2023-06-29,34.44,35.16,34.11,34.87,61707200.0,2141422842.0,1004985657.0,0.0614010752991273,000988
2023-06-30,34.43,38.36,34.21,38.01,128687086.0,4728483814.0,1004985657.0,0.1280486792061749,000988
2023-07-03,38.73,38.89,36.24,38.04,97183372.0,3652496063.0,1004985657.0,0.0967012527224555,000988
2023-07-04,37.66,39.2,37.53,38.35,76806385.0,2952872385.0,1004985657.0,0.0764253543968737,000988
2023-07-05,38.15,41.99,38.01,40.1,137442976.0,5541483097.0,1004985657.0,0.1367611319053879,000988
2023-07-06,40.12,44.11,40.12,43.05,148492827.0,6355758358.0,1004985657.0,0.1477561654394834,000988
2023-07-07,42.0,43.0,40.0,40.65,108091189.0,4443116032.0,1004985657.0,0.1075549568763646,000988
2023-07-10,41.33,41.6,38.83,39.6,69686882.0,2774838148.0,1004985657.0,0.069341170706877,000988
2023-07-11,39.61,43.56,39.27,43.11,135705481.0,5606294346.0,1004985657.0,0.1350322564852286,000988
2023-07-12,42.78,45.15,42.12,42.13,140488756.0,6101955600.0,1004985657.0,0.1397918020236979,000988
2023-07-13,42.28,43.18,40.29,42.29,110897368.0,4636292874.0,1004985657.0,0.1103472146369149,000988
2023-07-14,42.4,44.2,42.09,42.84,107958499.0,4666942559.0,1004985657.0,0.1074229251413087,000988
2023-07-17,41.8,46.39,41.39,45.3,125542191.0,5631107428.0,1004985657.0,0.1249193857898013,000988
2023-07-18,45.19,45.38,43.13,43.15,75633233.0,3352351021.0,1004985657.0,0.0752580223142428,000988
2023-07-19,43.6,45.2,42.75,44.16,81273104.0,3566377391.0,1004985657.0,0.0808699143454541,000988
2023-07-20,43.58,43.7,39.74,39.74,110219004.0,4513479129.0,1004985657.0,0.1096722159488491,000988
2023-07-21,38.0,39.17,37.7,38.4,84964412.0,3267987496.0,1004985657.0,0.0845429100487152,000988
2023-07-24,38.38,40.19,38.12,39.43,67726148.0,2661219105.0,1004985657.0,0.0673901637583271,000988
2023-07-25,40.0,40.4,38.5,39.27,69857299.0,2755458092.0,1004985657.0,0.0695107422811706,000988
2023-07-26,39.0,39.0,36.58,38.0,77013636.0,2903613418.0,1004985657.0,0.0766315772405098,000988
2023-07-27,38.03,38.3,36.84,36.97,47944269.0,1796460985.0,1004985657.0,0.0477064211474612,000988
2023-07-28,36.78,37.6,36.43,36.43,53203752.0,1960216268.0,1004985657.0,0.0529398122544548,000988
2023-07-31,35.86,36.9,35.03,35.98,56310231.0,2033337786.0,1004985657.0,0.056030880249667,000988
2023-08-01,35.8,36.98,34.81,36.57,76601015.0,2757464480.0,1004985657.0,0.0762210032217405,000988
2023-08-02,36.77,37.12,35.88,36.76,53863199.0,1970937480.0,1004985657.0,0.0535959877883112,000988
2023-08-03,36.07,36.84,35.39,35.7,50002602.0,1796526340.0,1004985657.0,0.0497545429148348,000988
2023-08-04,35.5,37.27,35.41,37.06,79580582.0,2907742485.0,1004985657.0,0.0791857888176806,000988
2023-08-07,37.6,38.58,37.02,37.5,92432912.0,3490744332.0,1004985657.0,0.0919743593912803,000988
2023-08-08,37.2,39.0,37.08,38.53,83071461.0,3180672424.0,1004985657.0,0.0826593498338852,000988
2023-08-09,37.95,38.12,34.68,34.68,113911725.0,4083108669.0,1004985657.0,0.1133466176423252,000988
2023-08-10,33.7,34.78,33.39,34.03,54023918.0,1847263554.0,1004985657.0,0.0537559094736413,000988
2023-08-11,34.39,34.64,33.3,33.34,39854653.0,1351417156.0,1004985657.0,0.0396569371138796,000988
2023-08-14,32.78,33.89,32.68,33.85,41155154.0,1381212652.0,1004985657.0,0.040950986427859,000988
2023-08-15,34.61,35.15,33.94,34.2,52770987.0,1822939934.0,1004985657.0,0.0525091941685293,000988
2023-08-16,33.95,34.35,33.24,33.37,40303909.0,1356752101.0,1004985657.0,0.0401039643892151,000988
2023-08-17,32.9,34.17,32.68,33.79,39151253.0,1311831515.0,1004985657.0,0.0389570266274954,000988
2023-08-18,33.7,33.96,32.47,32.5,42544939.0,1407255017.0,1004985657.0,0.0423338768107413,000988
2023-08-21,29.56,31.79,29.56,31.07,68856214.0,2129988877.0,1004985657.0,0.0685146235873095,000988
2023-08-22,31.39,31.88,30.48,31.57,58152257.0,1805940892.0,1004985657.0,0.0578637680995282,000988
2023-08-23,31.4,31.46,30.6,30.6,32671916.0,1008637130.0,1004985657.0,0.0325098331229218,000988
2023-08-24,31.11,31.27,30.26,30.38,40478220.0,1242839435.0,1004985657.0,0.0402774106456725,000988
2023-08-25,29.8,30.4,28.86,29.13,58876040.0,1730301942.0,1004985657.0,0.0585839604674079,000988
2023-08-28,31.02,31.1,29.4,29.43,50452835.0,1514880348.0,1004985657.0,0.050202542343348,000988
2023-08-29,29.58,31.09,29.1,30.71,61097068.0,1851193111.0,1004985657.0,0.0607939701173267,000988
2023-08-30,30.8,32.07,30.47,31.44,62205175.0,1950823576.0,1004985657.0,0.0618965798832291,000988
2023-08-31,31.13,32.05,30.9,31.45,46551190.0,1470214473.0,1004985657.0,0.0463202531058609,000988
2023-09-01,31.32,31.55,30.54,30.82,36911483.0,1142104068.0,1004985657.0,0.0367283679552055,000988
2023-09-04,31.0,31.4,30.6,31.38,37767555.0,1170386046.0,1004985657.0,0.0375801930474715,000988
2023-09-05,31.26,31.26,30.52,30.92,34468685.0,1064060217.0,1004985657.0,0.0342976884892995,000988
2023-09-06,30.67,31.34,30.53,31.19,32108949.0,992625494.0,1004985657.0,0.0319496589591626,000988
2023-09-07,30.99,31.13,30.4,30.5,30180641.0,925095608.0,1004985657.0,0.0300309171477061,000988
2023-09-08,30.44,30.62,29.88,30.0,27617091.0,833045381.0,1004985657.0,0.0274800847232389,000988
2023-09-11,30.01,32.6,29.94,31.9,78669551.0,2468798437.0,1004985657.0,0.0782792773728112,000988
2023-09-12,31.51,34.6,31.44,33.8,121092073.0,4054547191.0,1004985657.0,0.1204913444849292,000988
2023-09-13,33.3,33.45,32.04,32.47,70850610.0,2314594656.0,1004985657.0,0.0704991255412513,000988
2023-09-14,32.51,33.26,32.28,32.66,58300655.0,1909063062.0,1004985657.0,0.0580114299083971,000988
2023-09-15,32.7,32.7,31.44,31.51,46477963.0,1484459453.0,1004985657.0,0.0462473893794088,000988
2023-09-18,31.1,31.72,30.88,30.95,34174890.0,1065825296.0,1004985657.0,0.03400535098383,000988
2023-09-19,30.71,30.92,29.45,30.02,47949182.0,1442436726.0,1004985657.0,0.0477113097744438,000988
2023-09-20,30.1,31.32,30.02,30.11,39377596.0,1207222642.0,1004985657.0,0.0391822467571793,000988
2023-09-21,30.0,30.72,29.85,29.94,30663813.0,927733153.0,1004985657.0,0.0305116921683589,000988
2023-09-22,29.75,32.93,29.75,32.93,100455534.0,3239698079.0,1004985657.0,0.0999571817769733,000988
2023-09-25,33.8,34.13,33.1,33.41,114115077.0,3838907310.0,1004985657.0,0.1135489608286021,000988
2023-09-26,33.41,34.27,33.15,33.46,70766409.0,2385593968.0,1004985657.0,0.0704153422559741,000988
2023-09-27,32.92,34.06,32.83,33.4,51845826.0,1736609320.0,1004985657.0,0.0515886228215095,000988
2023-09-28,33.89,34.16,33.42,33.67,50412582.0,1699926305.0,1004985657.0,0.0501624890354032,000988
2023-10-09,33.83,34.55,33.4,33.79,61932084.0,2099605885.0,1004985657.0,0.0616248436667987,000988
2023-10-10,33.5,33.94,33.18,33.62,42459258.0,1424485363.0,1004985657.0,0.0422486208676309,000988
2023-10-11,33.95,34.5,33.33,33.71,57662356.0,1954156147.0,1004985657.0,0.0573762974609298,000988
2023-10-12,33.9,33.9,32.86,32.91,41700374.0,1382751010.0,1004985657.0,0.0414935016331282,000988
2023-10-13,32.87,33.12,32.16,32.29,36164135.0,1177066918.0,1004985657.0,0.0359847274914889,000988
2023-10-16,32.1,32.1,30.89,31.15,41413248.0,1301641565.0,1004985657.0,0.0412078000432597,000988
2023-10-17,31.5,31.54,30.35,30.89,29364922.0,904535594.0,1004985657.0,0.0292192448672926,000988
2023-10-18,30.5,30.65,28.72,29.5,44385258.0,1310976842.0,1004985657.0,0.0441650661288989,000988
2023-10-19,29.31,29.85,29.12,29.17,32215249.0,948406520.0,1004985657.0,0.0320554316129906,000988
2023-10-20,29.04,29.16,27.46,27.56,49102707.0,1375403641.0,1004985657.0,0.048859112225121,000988
2023-10-23,27.4,27.68,26.29,26.45,35589789.0,950754599.0,1004985657.0,0.0354132307780786,000988
2023-10-24,26.87,27.42,26.57,26.82,34569417.0,932384272.0,1004985657.0,0.0343979207655497,000988
2023-10-25,27.03,27.24,26.45,26.51,35164853.0,943450766.0,1004985657.0,0.0349904028530827,000988
2023-10-26,26.0,28.09,25.82,27.71,64430057.0,1756439933.0,1004985657.0,0.0641104244137486,000988
2023-10-27,27.5,27.82,27.07,27.59,44584845.0,1223659434.0,1004985657.0,0.044363662993053,000988
2023-10-30,27.49,28.33,27.24,28.25,46272396.0,1286063679.0,1004985657.0,0.0460428421815775,000988
2023-10-31,28.31,28.79,27.72,28.15,44854093.0,1265091787.0,1004985657.0,0.0446315752743125,000988
2023-11-01,27.96,28.48,27.81,28.02,27392131.0,769349553.0,1004985657.0,0.0272562407325978,000988
2023-11-02,28.24,28.41,27.59,27.63,28348526.0,792599936.0,1004985657.0,0.0282078911301318,000988
2023-11-03,27.86,28.97,27.79,28.61,48274125.0,1374707529.0,1004985657.0,0.048034640757067,000988
2023-11-06,28.85,29.48,28.58,29.34,45555811.0,1323874305.0,1004985657.0,0.0453298121049701,000988
2023-11-07,29.09,31.12,28.78,30.41,72129132.0,2144376641.0,1004985657.0,0.0717713048913692,000988
2023-11-08,30.07,30.57,29.75,30.1,49107392.0,1477768228.0,1004985657.0,0.0488637739831942,000988
2023-11-09,30.2,30.88,29.82,30.2,40465481.0,1224548630.0,1004985657.0,0.0402647348428774,000988
2023-11-10,29.88,30.7,29.79,29.97,29432346.0,888198571.0,1004985657.0,0.0292863343819841,000988
2023-11-13,30.22,31.35,30.22,30.83,46134920.0,1425203342.0,1004985657.0,0.0459060481895016,000988
2023-11-14,30.77,31.09,30.45,30.6,32926624.0,1011287756.0,1004985657.0,0.0327632775360096,000988
2023-11-15,30.99,31.26,30.56,30.65,31701045.0,976579285.0,1004985657.0,0.031543778539717,000988
2023-11-16,30.3,30.72,30.0,30.01,29046581.0,880387480.0,1004985657.0,0.0289024831326523,000988
2023-11-17,30.04,31.27,30.0,31.04,58138111.0,1788860925.0,1004985657.0,0.0578496922767525,000988
2023-11-20,30.73,31.09,30.56,30.96,35401117.0,1091079390.0,1004985657.0,0.0352254947654442,000988
2023-11-21,30.99,33.29,30.67,32.15,83501391.0,2670774219.0,1004985657.0,0.083087146984029,000988
2023-11-22,31.75,31.79,30.76,30.76,50250100.0,1564635543.0,1004985657.0,0.0500008130961813,000988
2023-11-23,30.5,30.93,30.15,30.81,28579895.0,874602567.0,1004985657.0,0.028438112326214,000988
2023-11-24,31.16,31.5,30.22,30.26,35288456.0,1089976893.0,1004985657.0,0.0351133926680507,000988
2023-11-27,29.8,30.77,29.68,30.31,30406804.0,918324421.0,1004985657.0,0.0302559581703562,000988
2023-11-28,30.16,30.38,29.4,29.8,26658722.0,794808159.0,1004985657.0,0.026526470118568,000988
2023-11-29,29.75,30.09,29.42,29.42,22010654.0,654279834.0,1004985657.0,0.0219014608285101,000988
2023-11-30,29.51,29.6,28.94,29.59,22498919.0,658698755.0,1004985657.0,0.0223873035831793,000988
2023-12-01,29.4,31.06,29.21,30.77,52890863.0,1604945646.0,1004985657.0,0.0526284754728594,000988
2023-12-04,30.61,31.51,30.43,30.95,41053557.0,1276013604.0,1004985657.0,0.0408498934428076,000988
2023-12-05,30.7,30.76,29.45,29.45,32511708.0,976139297.0,1004985657.0,0.0323504199025598,000988
2023-12-06,29.24,29.61,28.95,29.19,22701434.0,664073061.0,1004985657.0,0.0225888139217493,000988
2023-12-07,29.2,30.12,29.14,29.62,31084833.0,922962087.0,1004985657.0,0.0309306235203314,000988
2023-12-08,29.72,32.58,29.72,32.58,101385874.0,3237170716.0,1004985657.0,0.10088290643137,000988
2023-12-11,32.39,33.14,32.18,33.06,103161649.0,3371540641.0,1004985657.0,0.1026498719473764,000988
2023-12-12,33.05,33.18,32.07,32.52,56876151.0,1851594238.0,1004985657.0,0.0565939927638191,000988
2023-12-13,32.45,32.77,32.03,32.06,36670715.0,1189258187.0,1004985657.0,0.0364887943868436,000988
2023-12-14,32.3,32.5,31.58,31.64,34295628.0,1098365919.0,1004985657.0,0.034125490011844,000988
2023-12-15,31.8,31.86,30.85,31.17,26857711.0,838755798.0,1004985657.0,0.0267244719493543,000988
2023-12-18,31.0,31.35,30.45,30.77,29082806.0,900296083.0,1004985657.0,0.0289385284231971,000988
2023-12-19,30.7,30.75,29.93,30.68,27883539.0,847313329.0,1004985657.0,0.0277452108950844,000988
2023-12-20,30.62,30.68,29.44,29.45,32212898.0,962388421.0,1004985657.0,0.0320530922761219,000988
2023-12-21,29.0,30.65,28.91,30.09,39460470.0,1173255134.0,1004985657.0,0.0392647096256021,000988
2023-12-22,30.0,30.19,29.1,29.21,30211649.0,895867845.0,1004985657.0,0.030061771319389,000988
2023-12-25,29.35,29.87,29.05,29.54,20938500.0,617173455.0,1004985657.0,0.0208346257025238,000988
2023-12-26,29.51,29.51,28.13,28.36,28708149.0,819880437.0,1004985657.0,0.0285657300679267,000988
2023-12-27,28.46,28.58,28.17,28.38,19385550.0,550089828.0,1004985657.0,0.0192893797687303,000988
2023-12-28,28.25,29.27,28.04,29.1,27150296.0,784333859.0,1004985657.0,0.0270156054575413,000988
2023-12-29,29.05,29.85,28.96,29.76,29896400.0,885179125.0,1004985657.0,0.0297480862455731,000988
2024-01-02,29.7,30.08,29.47,29.53,20933629.0,621797568.0,1004985657.0,0.0208297788671823,000988
2024-01-03,29.4,29.58,28.6,29.05,24212454.0,702949048.0,1004985657.0,0.0240923378670666,000988
2024-01-04,29.15,29.39,28.9,29.18,18599996.0,542686224.0,1004985657.0,0.0185077228420584,000988
2024-01-05,28.98,28.98,27.69,27.92,26578311.0,752180687.0,1004985657.0,0.0264464580313905,000988
2024-01-08,27.91,28.06,27.3,27.41,15510236.0,428223714.0,1004985657.0,0.0154332909051656,000988
2024-01-09,27.78,28.17,27.42,27.76,18617206.0,518487804.0,1004985657.0,0.0185248474645643,000988
2024-01-10,27.5,27.57,26.67,26.7,23633547.0,638017044.0,1004985657.0,0.0235163027804286,000988
2024-01-11,26.78,27.55,26.78,27.4,22407419.0,611273807.0,1004985657.0,0.022296257507683,000988
2024-01-12,27.3,27.37,26.84,26.84,15860220.0,429549747.0,1004985657.0,0.0157815386613025,000988
2024-01-15,26.52,27.05,26.4,26.77,12613620.0,337657480.0,1004985657.0,0.0125510447956572,000988
2024-01-16,26.6,26.75,26.05,26.47,15853791.0,417828755.0,1004985657.0,0.0157751415550799,000988
2024-01-17,26.4,26.79,25.87,25.89,18632667.0,491681657.0,1004985657.0,0.0185402317637255,000988
2024-01-18,25.7,27.2,25.6,27.2,41292173.0,1093443312.0,1004985657.0,0.0410873256870769,000988
2024-01-19,27.05,27.62,26.96,26.96,29723111.0,810585263.0,1004985657.0,0.0295756569190519,000988
2024-01-22,27.67,27.74,25.62,25.93,32497489.0,869103230.0,1004985657.0,0.0323362714419316,000988
2024-01-23,25.71,28.25,25.71,27.85,54681092.0,1505575193.0,1004985657.0,0.0544098232836769,000988
2024-01-24,27.8,28.04,26.88,27.84,42179989.0,1163333488.0,1004985657.0,0.0419707372997861,000988
2024-01-25,27.93,29.05,27.86,28.95,54280961.0,1554482608.0,1004985657.0,0.0540116773029726,000988
2024-01-26,28.66,28.9,28.11,28.29,34309933.0,978142771.0,1004985657.0,0.0341397240458328,000988
2024-01-29,28.38,28.53,26.83,27.05,36335477.0,1000158904.0,1004985657.0,0.0361552194769283,000988
2024-01-30,26.6,27.33,26.02,26.15,21853180.0,584510907.0,1004985657.0,0.0217447680449831,000988
2024-01-31,26.05,26.75,25.6,25.81,27884542.0,729700337.0,1004985657.0,0.0277462089192781,000988
2024-02-01,25.42,26.98,24.24,26.25,34968612.0,908327552.0,1004985657.0,0.0347951353896784,000988
2024-02-02,26.25,26.55,24.24,25.0,34435948.0,874475656.0,1004985657.0,0.0342651138950533,000988
2024-02-05,24.55,25.32,22.96,23.88,37115239.0,895794877.0,1004985657.0,0.0369311131372693,000988
2024-02-06,23.52,26.27,23.5,26.27,49168230.0,1259660733.0,1004985657.0,0.0489243101705281,000988
2024-02-07,26.3,27.86,26.18,27.61,62293942.0,1698292136.0,1004985657.0,0.0619849065169295,000988
2024-02-08,27.88,29.35,27.76,27.82,58546475.0,1666314959.0,1004985657.0,0.0582560304141733,000988
2024-02-19,29.0,30.6,28.5,30.6,88415070.0,2613824417.0,1004985657.0,0.0879764495982254,000988
2024-02-20,29.81,30.09,29.4,29.81,62812169.0,1871054456.0,1004985657.0,0.0625005626324077,000988
2024-02-21,29.13,29.99,29.08,29.39,49551416.0,1461241662.0,1004985657.0,0.0493055952140817,000988
2024-02-22,30.1,30.49,29.52,30.0,50112321.0,1503834662.0,1004985657.0,0.0498637176072653,000988
2024-02-23,30.4,30.85,29.72,30.04,55001724.0,1657400371.0,1004985657.0,0.0547288646528415,000988
2024-02-26,30.02,31.07,29.77,30.41,58244828.0,1775343060.0,1004985657.0,0.0579558798618754,000988
2024-02-27,30.1,32.0,29.85,31.85,73287101.0,2285742032.0,1004985657.0,0.0729235292957021,000988
2024-02-28,31.75,32.31,29.85,29.87,75277932.0,2351475938.0,1004985657.0,0.0749044839353364,000988
2024-02-29,30.0,31.98,30.0,31.73,64342174.0,2016811868.0,1004985657.0,0.0640229773945918,000988
2024-03-01,31.75,34.1,31.57,33.69,99281764.0,3299385787.0,1004985657.0,0.0987892347601931,000988
2024-03-04,34.31,35.18,33.31,34.46,104527999.0,3579057755.0,1004985657.0,0.1040094435895018,000988
2024-03-05,33.73,35.5,33.51,34.05,98513371.0,3399473511.0,1004985657.0,0.0980246536991124,000988
2024-03-06,33.6,34.64,33.57,34.0,59615591.0,2032785043.0,1004985657.0,0.0593198426114453,000988
2024-03-07,34.15,34.97,33.0,33.04,68390759.0,2314554384.0,1004985657.0,0.0680514776739744,000988
2024-03-08,33.6,34.77,32.97,34.64,76321462.0,2606325714.0,1004985657.0,0.0759428370627979,000988
2024-03-11,33.8,36.36,33.61,36.12,93594871.0,3302741196.0,1004985657.0,0.0931305540015283,000988
2024-03-12,35.63,36.05,34.63,35.03,72106921.0,2539005363.0,1004985657.0,0.0717492040784418,000988
2024-03-13,35.86,36.05,34.79,34.94,67946586.0,2410858015.0,1004985657.0,0.0676095081822645,000988
2024-03-14,33.99,35.21,33.79,34.66,57117557.0,1970135358.0,1004985657.0,0.0568342011671117,000988
2024-03-15,34.37,35.08,33.9,34.93,56520941.0,1949547713.0,1004985657.0,0.0562405449334686,000988
2024-03-18,35.5,35.69,34.86,35.22,57986529.0,2047464004.0,1004985657.0,0.0576988622634641,000988
2024-03-19,34.89,35.22,34.38,34.77,47571521.0,1653344237.0,1004985657.0,0.0473355223217877,000988
2024-03-20,34.61,37.1,34.61,35.7,92183685.0,3329668868.0,1004985657.0,0.0917263687873706,000988
2024-03-21,35.3,35.67,34.63,34.66,59372303.0,2085044861.0,1004985657.0,0.0590777615446107,000988
2024-03-22,34.52,35.06,34.21,34.32,43967804.0,1520388668.0,1004985657.0,0.0437496830862731,000988
2024-03-25,34.33,34.97,33.67,33.76,43450426.0,1495226165.0,1004985657.0,0.0432348717589707,000988
2024-03-26,33.5,34.19,32.32,32.75,54703364.0,1815462620.0,1004985657.0,0.0544319847939879,000988
2024-03-27,32.88,32.99,31.16,31.16,43856981.0,1396129241.0,1004985657.0,0.0436394098707022,000988
2024-03-28,31.26,32.6,31.0,31.66,49864489.0,1582598055.0,1004985657.0,0.0496171150828672,000988
2024-03-29,31.46,34.83,31.18,33.8,86838062.0,2881444742.0,1004985657.0,0.0864072650143304,000988
2024-04-01,35.6,37.18,35.59,36.8,141240254.0,5176339872.0,1004985657.0,0.1405395718995818,000988
2024-04-02,35.7,36.46,34.96,35.16,99599467.0,3560599041.0,1004985657.0,0.0991053616599027,000988
2024-04-03,35.35,35.57,33.9,33.96,65060106.0,2255187241.0,1004985657.0,0.0647373477888351,000988
2024-04-08,33.7,34.65,33.09,33.11,49617580.0,1681554572.0,1004985657.0,0.0493714309795368,000988
2024-04-09,33.18,33.33,32.2,32.58,40547369.0,1321680826.0,1004985657.0,0.0403462166027708,000988
2024-04-10,32.61,32.68,31.21,31.55,43884728.0,1391485256.0,1004985657.0,0.0436670192199568,000988
2024-04-11,31.59,31.98,31.37,31.49,40199118.0,1274528853.0,1004985657.0,0.0399996932493535,000988
2024-04-12,31.74,33.5,31.55,32.63,66921165.0,2174075651.0,1004985657.0,0.0665891742174386,000988
2024-04-15,32.38,32.98,31.84,32.38,50427067.0,1636183624.0,1004985657.0,0.0501769021764257,000988
2024-04-16,31.9,32.3,31.0,31.08,45169361.0,1423882068.0,1004985657.0,0.0449452792538709,000988
2024-04-17,31.5,32.79,31.26,32.76,48825109.0,1575781314.0,1004985657.0,0.048582891367573,000988
2024-04-18,32.28,33.54,31.76,32.51,53128158.0,1732165499.0,1004985657.0,0.0528645932705087,000988
2024-04-19,32.09,32.45,31.08,31.47,42305681.0,1337539854.0,1004985657.0,0.0420958057513849,000988
2024-04-22,30.38,31.08,29.07,30.52,39386636.0,1195210906.0,1004985657.0,0.0391912419104305,000988
2024-04-23,30.89,31.09,30.22,30.61,25185727.0,769646434.0,1004985657.0,0.0250607825341332,000988
2024-04-24,30.8,32.14,30.56,32.06,45101720.0,1425335580.0,1004985657.0,0.0448779738156999,000988
2024-04-25,31.66,32.17,31.5,31.61,27148928.0,861886516.0,1004985657.0,0.0270142442440847,000988
2024-04-26,31.3,34.02,31.3,33.52,79288472.0,2611886618.0,1004985657.0,0.0788951279530549,000988
2024-04-29,33.85,34.04,33.43,33.85,57184696.0,1929181566.0,1004985657.0,0.0569010070956664,000988
2024-04-30,33.84,34.24,33.42,33.64,36343732.0,1227015360.0,1004985657.0,0.0361634335245045,000988
2024-05-06,34.24,34.4,33.55,33.7,37594958.0,1271560112.0,1004985657.0,0.0374084522879912,000988
2024-05-07,33.75,33.86,32.5,32.94,43272417.0,1435005331.0,1004985657.0,0.0430577458480086,000988
2024-05-08,32.81,32.9,32.25,32.32,22456276.0,729833135.0,1004985657.0,0.0223448721318417,000988
2024-05-09,32.3,33.0,32.22,32.78,27734070.0,906176789.0,1004985657.0,0.0275964833993645,000988
2024-05-10,32.78,32.78,31.51,31.68,33813873.0,1077436871.0,1004985657.0,0.0336461249615625,000988
2024-05-13,31.5,31.78,31.15,31.29,22410244.0,703824208.0,1004985657.0,0.022299068493074,000988
2024-05-14,31.45,32.12,31.28,31.45,22930367.0,724213354.0,1004985657.0,0.0228166112026412,000988
2024-05-15,31.31,31.78,31.07,31.48,21954952.0,691412535.0,1004985657.0,0.0218460351618729,000988
2024-05-16,31.92,32.18,31.56,31.59,30293377.0,966183010.0,1004985657.0,0.0301430938730302,000988
2024-05-17,31.43,31.95,31.07,31.89,26393562.0,833422602.0,1004985657.0,0.026262625557053,000988
2024-05-20,31.98,32.47,31.51,32.31,28474787.0,916473700.0,1004985657.0,0.0283335257589651,000988
2024-05-21,32.16,32.35,31.62,31.78,18170894.0,579688064.0,1004985657.0,0.0180807495842699,000988
2024-05-22,31.55,31.82,31.41,31.59,16472056.0,520060128.0,1004985657.0,0.0163903393896894,000988
2024-05-23,31.85,31.89,30.57,30.8,30891330.0,956888948.0,1004985657.0,0.0307380804739186,000988
2024-05-24,30.68,31.26,30.18,30.23,25872467.0,794167825.0,1004985657.0,0.0257441156695035,000988
2024-05-27,30.32,30.78,29.91,30.7,19617798.0,594344299.0,1004985657.0,0.0195204756041607,000988
2024-05-28,30.62,31.22,30.53,30.55,20232596.0,623170099.0,1004985657.0,0.0201322236382921,000988
2024-05-29,30.6,30.78,29.88,30.1,20082432.0,606816365.0,1004985657.0,0.0199828045904141,000988
2024-05-30,29.97,30.2,29.58,30.01,14123517.0,422352676.0,1004985657.0,0.0140534513120917,000988
2024-05-31,30.04,30.57,29.86,29.96,14923725.0,450429303.0,1004985657.0,0.0148496895413901,000988
2024-06-03,29.9,30.52,29.78,30.24,20893931.0,631303906.0,1004985657.0,0.0207902778059249,000988
2024-06-04,30.19,30.36,29.77,30.16,18743255.0,562563829.0,1004985657.0,0.0186502711451134,000988
2024-06-05,30.04,30.34,29.76,29.76,15134696.0,454469118.0,1004985657.0,0.0150596139303906,000988
2024-06-06,29.9,30.5,29.89,29.98,26283353.0,793045896.0,1004985657.0,0.0261529632954751,000988
2024-06-07,30.02,30.19,29.03,29.16,25999520.0,764627656.0,1004985657.0,0.0258705383692854,000988
2024-06-11,29.0,29.69,28.71,29.62,18853201.0,553580556.0,1004985657.0,0.0187596717114142,000988
2024-06-12,29.54,29.95,29.47,29.66,13757185.0,408866738.0,1004985657.0,0.0136889366571328,000988
2024-06-13,29.66,30.13,29.53,29.72,18453765.0,549953069.0,1004985657.0,0.0183622172828681,000988
2024-06-14,29.67,30.97,29.56,30.78,48801662.0,1494874807.0,1004985657.0,0.0485595606863471,000988
2024-06-17,30.52,31.2,30.49,30.78,31677730.0,975553405.0,1004985657.0,0.0315205792036492,000988
2024-06-18,30.86,31.45,30.75,31.14,33674408.0,1049418333.0,1004985657.0,0.0335073518367635,000988
2024-06-19,31.17,31.17,30.62,30.63,21604828.0,665285862.0,1004985657.0,0.0214976481002653,000988
2024-06-20,30.5,30.73,29.7,29.7,23871900.0,718001830.0,1004985657.0,0.0237534733294208,000988
2024-06-21,29.5,30.95,29.18,30.34,25159908.0,758837840.0,1004985657.0,0.025035091620218,000988
2024-06-24,30.01,30.71,29.26,29.4,27736161.0,834571414.0,1004985657.0,0.0275985640260734,000988
2024-06-25,29.28,29.68,28.85,29.02,28078923.0,821686956.0,1004985657.0,0.0279396256100001,000988
2024-06-26,29.16,30.1,28.82,30.02,28854830.0,856060318.0,1004985657.0,0.0287116833947014,000988
2024-06-27,29.8,29.82,29.24,29.25,18836811.0,556082695.0,1004985657.0,0.018743363020951,000988
2024-06-28,29.15,30.24,29.11,29.93,30630937.0,916742819.0,1004985657.0,0.0304789792636811,000988
2024-07-01,30.28,30.35,29.62,30.19,23519823.0,706313390.0,1004985657.0,0.0234031429564969,000988
2024-07-02,30.08,30.1,29.62,29.7,16340000.0,486622804.0,1004985657.0,0.016258938509408,000988
2024-07-03,29.52,29.58,28.86,28.89,20401330.0,594477015.0,1004985657.0,0.0203001205618201,000988
2024-07-04,28.99,29.29,28.81,28.87,15139037.0,439004642.0,1004985657.0,0.0150639333950215,000988
2024-07-05,28.79,29.45,28.26,29.27,20051808.0,579323530.0,1004985657.0,0.0199523325137365,000988
2024-07-08,29.2,29.55,28.84,28.93,14629582.0,427670210.0,1004985657.0,0.014557005762322,000988
2024-07-09,28.89,30.47,28.7,30.45,43457170.0,1301562392.0,1004985657.0,0.0432415823025024,000988
2024-07-10,30.4,30.85,30.14,30.55,30597182.0,934497425.0,1004985657.0,0.0304453917196551,000988
2024-07-11,31.1,31.16,30.28,30.88,30090489.0,923975833.0,1004985657.0,0.0299412123848848,000988
2024-07-12,30.5,30.64,30.27,30.38,16585777.0,504392797.0,1004985657.0,0.0165034962285038,000988
2024-07-15,30.34,30.52,29.92,30.01,13803690.0,415882723.0,1004985657.0,0.0137352109493837,000988
2024-07-16,29.92,30.34,29.29,30.25,19981069.0,595425877.0,1004985657.0,0.0198819444445066,000988
2024-07-17,30.08,30.48,29.48,29.48,17680807.0,529034987.0,1004985657.0,0.0175930938684033,000988
2024-07-18,29.08,29.34,28.36,29.1,23098521.0,665037370.0,1004985657.0,0.0229839310035048,000988
2024-07-19,28.87,29.49,28.8,29.14,19049357.0,555863633.0,1004985657.0,0.0189548545964969,000988
2024-07-22,29.19,29.58,29.03,29.23,15257148.0,446410661.0,1004985657.0,0.0151814584553817,000988
2024-07-23,29.27,29.28,28.26,28.29,21122033.0,604325601.0,1004985657.0,0.0210172482093443,000988
2024-07-24,28.2,28.5,27.7,28.0,16755380.0,470419787.0,1004985657.0,0.0166722578409892,000988
2024-07-25,27.88,28.09,27.55,27.74,12234588.0,340170263.0,1004985657.0,0.0121738931444272,000988
2024-07-26,27.79,28.23,27.74,28.1,9809834.0,275036587.0,1004985657.0,0.0097611681636168,000988
2024-07-29,28.11,28.46,27.95,27.95,10167582.0,286513246.0,1004985657.0,0.0101171414031434,000988
2024-07-30,27.8,28.12,27.3,28.07,11668839.0,323647820.0,1004985657.0,0.0116109507819572,000988
2024-07-31,27.98,29.0,27.91,28.98,21979694.0,630553079.0,1004985657.0,0.0218706544187028,000988
2024-08-01,29.12,29.45,28.87,29.17,19522346.0,569411226.0,1004985657.0,0.0194254971342342,000988
2024-08-02,28.8,29.54,28.69,28.73,15051037.0,437196399.0,1004985657.0,0.0149763699562928,000988
2024-08-05,28.36,28.99,27.86,27.87,17342074.0,491663042.0,1004985657.0,0.0172560412969157,000988
2024-08-06,28.25,28.47,28.0,28.28,11205977.0,316667337.0,1004985657.0,0.0111503850049473,000988
2024-08-07,28.28,28.65,28.08,28.11,9242510.0,261963259.0,1004985657.0,0.0091966586146015,000988
2024-08-08,28.0,28.48,27.76,28.25,10355211.0,291065961.0,1004985657.0,0.0103038395900211,000988
2024-08-09,28.48,29.07,28.4,28.63,15581390.0,447610832.0,1004985657.0,0.0155040919156122,000988
2024-08-12,28.46,28.8,28.33,28.57,7024753.0,200164352.0,1004985657.0,0.0069899037375017,000988
2024-08-13,28.63,28.86,28.3,28.74,6841299.0,195601770.0,1004985657.0,0.0068073598387683,000988
2024-08-14,28.82,28.95,28.67,28.72,7826494.0,225433307.0,1004985657.0,0.0077876673617044,000988
2024-08-15,28.7,29.15,28.6,28.78,9276428.0,267982634.0,1004985657.0,0.0092304083499969,000988
2024-08-16,29.16,29.84,29.13,29.39,27872068.0,820834666.0,1004985657.0,0.0277337968018383,000988
2024-08-19,29.28,30.76,29.28,30.39,31913288.0,965275861.0,1004985657.0,0.0317549686184227,000988
2024-08-20,30.48,30.54,29.81,29.94,24101100.0,728711346.0,1004985657.0,0.0239815362857462,000988
2024-08-21,29.82,30.29,29.77,29.98,12218040.0,367037192.0,1004985657.0,0.0121574272377899,000988
2024-08-22,29.91,29.97,29.29,29.4,12757540.0,377845175.0,1004985657.0,0.0126942508195417,000988
2024-08-23,29.3,29.62,29.07,29.31,10126900.0,297738841.0,1004985657.0,0.0100766612234347,000988
2024-08-26,29.51,29.59,28.89,28.95,12496692.0,364384883.0,1004985657.0,0.0124346968665245,000988
2024-08-27,28.8,28.8,28.3,28.35,10707500.0,304797639.0,1004985657.0,0.0106543809112292,000988
2024-08-28,28.41,28.91,28.3,28.49,9101840.0,259599389.0,1004985657.0,0.0090566864677154,000988
2024-08-29,28.18,29.3,27.9,28.94,14467795.0,416163665.0,1004985657.0,0.0143960213752582,000988
2024-08-30,28.98,30.13,28.95,29.89,20622640.0,615326100.0,1004985657.0,0.0205203326598321,000988
2024-09-02,29.8,30.13,29.1,29.1,14214054.0,419404663.0,1004985657.0,0.0141435391649574,000988
2024-09-03,29.16,29.4,29.02,29.26,9202100.0,268696398.0,1004985657.0,0.0091564490855216,000988
2024-09-04,28.9,29.19,28.65,28.91,9891148.0,285861759.0,1004985657.0,0.0098420787710804,000988
2024-09-05,28.9,29.43,28.87,29.13,8768400.0,255382677.0,1004985657.0,0.0087249006380595,000988
2024-09-06,29.14,30.04,29.05,29.21,17677600.0,521959196.0,1004985657.0,0.0175899027780851,000988
2024-09-09,29.1,29.51,28.8,28.9,10595300.0,307725375.0,1004985657.0,0.01054273752685,000988
2024-09-10,29.0,29.35,28.48,29.19,11912902.0,344031940.0,1004985657.0,0.0118538030040761,000988
2024-09-11,29.1,29.24,28.77,28.94,8660571.0,250533383.0,1004985657.0,0.0086176065694836,000988
2024-09-12,29.13,29.44,28.52,28.55,11015490.0,319193847.0,1004985657.0,0.0109608429963891,000988
2024-09-13,28.56,29.05,28.43,28.45,10913501.0,313566898.0,1004985657.0,0.0108593599560197,000988
2024-09-18,28.45,28.54,27.9,28.45,9234052.0,260462141.0,1004985657.0,0.0091882425740927,000988
2024-09-19,28.65,28.99,28.2,28.46,15081022.0,430976345.0,1004985657.0,0.0150062062030005,000988
2024-09-20,28.47,28.55,28.01,28.23,9848264.0,278106898.0,1004985657.0,0.0097994075153253,000988
2024-09-23,28.27,28.57,28.02,28.35,8777370.0,248998772.0,1004985657.0,0.0087338261385754,000988
2024-09-24,28.51,29.68,28.36,29.67,24694377.0,719711112.0,1004985657.0,0.024571870083913,000988
2024-09-25,29.89,30.32,29.63,29.69,23115987.0,693389889.0,1004985657.0,0.0230013103560143,000988
2024-09-26,29.69,30.36,29.62,30.36,21673617.0,651622359.0,1004985657.0,0.0215660958432961,000988
2024-09-27,30.85,32.32,30.73,32.06,37246212.0,1173367942.0,1004985657.0,0.0370614363902309,000988
2024-09-30,33.1,35.09,32.99,34.92,59215137.0,2019438497.0,1004985657.0,0.0589213752331193,000988
2024-10-08,38.41,38.41,35.3,38.17,72188587.0,2713525614.0,1004985657.0,0.0718304649396603,000988
2024-10-09,37.0,38.06,35.34,35.63,59153327.0,2179924360.0,1004985657.0,0.0588598718678031,000988
2024-10-10,35.85,36.5,34.69,35.03,38932021.0,1386470276.0,1004985657.0,0.0387388822206842,000988
2024-10-11,34.88,35.12,32.67,33.02,30046257.0,1010921514.0,1004985657.0,0.0298971998164546,000988
2024-10-14,33.02,33.78,32.36,33.69,27485005.0,912611598.0,1004985657.0,0.0273486539917852,000988
2024-10-15,33.69,34.23,32.82,32.84,27490553.0,922104806.0,1004985657.0,0.0273541744685814,000988
2024-10-16,32.25,32.76,31.68,31.97,24922512.0,801905272.0,1004985657.0,0.0247988733236219,000988
2024-10-17,32.2,32.63,31.82,31.86,27184467.0,877361745.0,1004985657.0,0.0270496069378231,000988
2024-10-18,31.76,35.04,31.76,34.26,61228635.0,2058025702.0,1004985657.0,0.0609248844234997,000988
2024-10-21,34.41,35.83,34.18,34.88,56932828.0,1991046640.0,1004985657.0,0.0566503885935558,000988
2024-10-22,35.5,35.6,34.63,34.9,37902100.0,1326003223.0,1004985657.0,0.0377140705800142,000988
2024-10-23,34.51,35.98,34.36,35.26,43466187.0,1534670699.0,1004985657.0,0.0432505545698549,000988
2024-10-24,34.92,36.32,34.6,35.67,41161221.0,1461360323.0,1004985657.0,0.0409570233299359,000988
2024-10-25,36.1,37.3,35.38,36.87,72100212.0,2645326700.0,1004985657.0,0.0717425283612778,000988
2024-10-28,37.7,38.94,36.93,37.32,78482362.0,2966551960.0,1004985657.0,0.0780930170031272,000988
2024-10-29,37.03,39.8,36.3,38.06,83444864.0,3159285648.0,1004985657.0,0.0830309004101538,000988
2024-10-30,37.9,40.5,37.77,39.82,93487841.0,3698048978.0,1004985657.0,0.0930240549691745,000988
2024-10-31,39.73,40.12,38.6,39.38,70338698.0,2770385699.0,1004985657.0,0.0699897530975409,000988
2024-11-01,39.0,39.29,37.44,37.5,67010033.0,2551704893.0,1004985657.0,0.0666776013500857,000988
2024-11-04,37.4,39.13,37.4,38.53,35267583.0,1355106542.0,1004985657.0,0.0350926232174077,000988
2024-11-05,38.43,39.99,38.11,39.35,56627563.0,2221752872.0,1004985657.0,0.0563466379898792,000988
2024-11-06,39.58,40.44,38.8,39.2,54118658.0,2145709541.0,1004985657.0,0.0538501794757454,000988
2024-11-07,38.82,39.6,38.61,39.19,40634396.0,1584338293.0,1004985657.0,0.0404328118684782,000988
2024-11-08,39.45,40.75,39.45,39.8,64622864.0,2599560267.0,1004985657.0,0.0643022749129642,000988
2024-11-11,40.39,43.78,40.05,43.78,98420745.0,4182434641.0,1004985657.0,0.0979324872096159,000988
2024-11-12,43.07,43.2,40.65,40.96,89391737.0,3752991224.0,1004985657.0,0.0889482714279174,000988
2024-11-13,40.6,41.34,39.8,40.78,49820329.0,2022018145.0,1004985657.0,0.0495731741572506,000988
2024-11-14,40.84,41.06,38.81,39.11,45907980.0,1829037742.0,1004985657.0,0.0456802340214891,000988
2024-11-15,38.95,39.5,37.5,37.55,43866596.0,1685376803.0,1004985657.0,0.0436489771714224,000988
2024-11-18,37.56,37.77,36.06,36.42,37129106.0,1365960326.0,1004985657.0,0.0369449113441426,000988
2024-11-19,36.7,37.6,36.2,37.52,31232748.0,1153832830.0,1004985657.0,0.0310778047253265,000988
2024-11-20,37.52,37.86,37.15,37.53,36571348.0,1371870480.0,1004985657.0,0.0363899203389327,000988
2024-11-21,37.42,37.71,36.85,37.29,28233310.0,1054197571.0,1004985657.0,0.028093246707898,000988
2024-11-22,37.25,37.51,35.59,35.6,30644012.0,1120899660.0,1004985657.0,0.0304919893996059,000988
2024-11-25,35.65,35.88,34.67,35.33,28819602.0,1012994161.0,1004985657.0,0.0286766301581157,000988
2024-11-26,35.34,36.06,35.07,35.1,22162322.0,787579410.0,1004985657.0,0.0220523764151591,000988
2024-11-27,35.17,35.8,34.61,35.79,27669692.0,975341801.0,1004985657.0,0.0275324247737,000988
2024-11-28,35.7,35.99,35.2,35.23,25330266.0,899006483.0,1004985657.0,0.0252046044872061,000988
2024-11-29,35.2,36.18,34.93,35.71,31322470.0,1115537222.0,1004985657.0,0.0311670816213449,000988
2024-12-02,35.8,36.58,35.68,36.47,35621427.0,1291640388.0,1004985657.0,0.0354447118243798,000988
2024-12-03,36.44,36.51,35.81,36.15,27387490.0,988347250.0,1004985657.0,0.0272516227562439,000988
2024-12-04,36.2,36.47,35.39,35.58,22804000.0,816621675.0,1004985657.0,0.0226908710996658,000988
2024-12-05,35.56,37.52,35.45,36.96,46225894.0,1696307635.0,1004985657.0,0.0459965708744438,000988
2024-12-06,36.91,37.77,36.74,37.4,33601945.0,1253282817.0,1004985657.0,0.0334352483201658,000988
2024-12-09,38.18,38.3,37.33,37.42,31677365.0,1194450823.0,1004985657.0,0.0315202160143863,000988
2024-12-10,38.6,38.86,37.4,37.45,35714894.0,1357443228.0,1004985657.0,0.0355377151417395,000988
2024-12-11,37.65,38.85,37.53,38.8,44409082.0,1706907543.0,1004985657.0,0.0441887719398566,000988
2024-12-12,38.8,39.15,37.91,38.47,33802513.0,1300156071.0,1004985657.0,0.0336348213176538,000988
2024-12-13,38.1,38.39,37.58,37.67,27656885.0,1046853895.0,1004985657.0,0.0275196813082477,000988
2024-12-16,38.0,38.79,37.7,37.95,33879923.0,1296629371.0,1004985657.0,0.0337118472925629,000988
2024-12-17,37.76,39.06,37.6,37.81,31200756.0,1194278311.0,1004985657.0,0.0310459714351923,000988
2024-12-18,38.07,38.37,37.25,37.95,27306521.0,1031832914.0,1004985657.0,0.0271710554372618,000988
2024-12-19,37.31,41.45,37.31,40.6,86224602.0,3438609663.0,1004985657.0,0.0857968483424833,000988
2024-12-20,40.2,41.43,39.8,40.77,61803376.0,2520089752.0,1004985657.0,0.0614967741773452,000988
2024-12-23,41.26,41.56,39.95,40.0,46138800.0,1880554343.0,1004985657.0,0.0459099089411183,000988
2024-12-24,39.9,40.6,39.29,39.97,32218623.0,1281677765.0,1004985657.0,0.0320587888748346,000988
2024-12-25,40.2,40.73,39.69,40.03,31623150.0,1268463758.0,1004985657.0,0.0314662699708559,000988
2024-12-26,39.64,43.66,39.4,43.15,77509709.0,3253298706.0,1004985657.0,0.0771251892602881,000988
2024-12-27,43.2,45.48,42.8,42.98,98435656.0,4345120211.0,1004985657.0,0.0979473242372851,000988
2024-12-30,43.2,46.33,43.2,44.7,82473110.0,3712606627.0,1004985657.0,0.0820639672074444,000988
2024-12-31,44.28,45.16,42.97,43.3,56808440.0,2491178973.0,1004985657.0,0.0565266176729127,000988
2025-01-02,43.12,43.29,40.64,40.93,50272867.0,2099748973.0,1004985657.0,0.0500234671508351,000988
2025-01-03,41.36,41.5,39.39,39.53,36443395.0,1473836187.0,1004985657.0,0.036262602103982,000988
2025-01-06,39.6,40.86,38.6,39.03,32577292.0,1284756585.0,1004985657.0,0.0324156785453506,000988
2025-01-07,39.23,40.4,38.81,40.1,37495003.0,1486860094.0,1004985657.0,0.0373089931571033,000988
2025-01-08,39.65,41.41,39.03,40.76,49176391.0,1979970876.0,1004985657.0,0.0489324306844311,000988
2025-01-09,40.58,41.5,40.33,40.58,36674254.0,1499468496.0,1004985657.0,0.0364923158301352,000988
2025-01-10,40.33,40.66,38.9,38.91,36078272.0,1431647031.0,1004985657.0,0.0358992904512666,000988
2025-01-13,38.3,38.94,37.52,37.97,28825394.0,1099620060.0,1004985657.0,0.0286823934244466,000988
2025-01-14,38.4,39.93,37.37,39.71,37612036.0,1464928702.0,1004985657.0,0.037425445565339,000988
2025-01-15,39.69,39.86,38.3,38.45,34929532.0,1358664721.0,1004985657.0,0.0347562492625703,000988
2025-01-16,39.0,40.8,38.79,40.03,54901208.0,2191553189.0,1004985657.0,0.0546288473050317,000988
2025-01-17,39.79,40.24,39.17,39.85,34693548.0,1379027679.0,1004985657.0,0.0345214359611502,000988
2025-01-20,40.28,40.8,39.63,40.09,36869608.0,1481627756.0,1004985657.0,0.0366867006938786,000988
2025-01-21,40.72,41.88,40.71,41.43,52451010.0,2160567944.0,1004985657.0,0.0521908045499598,000988
2025-01-22,41.32,42.5,41.16,41.84,45784835.0,1920000606.0,1004985657.0,0.045557699934418,000988
2025-01-23,42.33,42.97,40.88,41.22,47156146.0,1973227870.0,1004985657.0,0.0469222079654018,000988
2025-01-24,41.15,42.83,41.0,42.2,48040503.0,2031342039.0,1004985657.0,0.0478021777379455,000988
2025-01-27,41.9,41.9,39.3,39.3,47701780.0,1916020050.0,1004985657.0,0.0474651351168487,000988
2025-02-05,39.56,39.75,37.44,38.04,57438637.0,2183755108.0,1004985657.0,0.0571536883137825,000988
2025-02-06,38.18,39.6,37.73,39.58,44929391.0,1742780090.0,1004985657.0,0.0447064997266921,000988
2025-02-07,39.66,41.77,39.6,41.21,67898088.0,2767697528.0,1004985657.0,0.0675612507771342,000988
2025-02-10,41.01,41.17,40.35,40.82,44903348.0,1829104793.0,1004985657.0,0.0446805859240237,000988
2025-02-11,40.99,42.67,40.31,41.5,50134457.0,2072860418.0,1004985657.0,0.0498857437922619,000988
2025-02-12,41.51,42.88,41.5,42.54,56563461.0,2394084394.0,1004985657.0,0.0562828539949998,000988
2025-02-13,42.5,42.51,41.03,41.15,42184600.0,1753713268.0,1004985657.0,0.0419753254249677,000988
2025-02-14,41.15,43.48,41.13,42.58,63060681.0,2695852779.0,1004985657.0,0.0627478417833778,000988
2025-02-17,43.5,45.37,43.0,44.96,79132450.0,3511101950.0,1004985657.0,0.078739879966267,000988
2025-02-18,44.5,45.26,42.99,43.54,56032474.0,2477073291.0,1004985657.0,0.0557545011809059,000988
2025-02-19,43.75,45.61,43.3,45.6,62176774.0,2783152134.0,1004985657.0,0.0618683197784184,000988
2025-02-20,46.38,47.85,45.46,46.43,81707511.0,3803680633.0,1004985657.0,0.0813021662855433,000988
2025-02-21,47.81,50.08,47.2,49.2,89910174.0,4398699088.0,1004985657.0,0.0894641365016018,000988
2025-02-24,48.11,48.29,46.68,46.91,69364145.0,3279409807.0,1004985657.0,0.0690200347804565,000988
2025-02-25,45.62,46.61,45.21,45.57,52084682.0,2382641611.0,1004985657.0,0.0518262938751572,000988
2025-02-26,45.73,47.74,45.1,46.97,56206422.0,2615758690.0,1004985657.0,0.0559275862381785,000988
2025-02-27,47.0,47.0,44.37,44.94,55225873.0,2502264255.0,1004985657.0,0.0549519016667916,000988
2025-02-28,44.03,45.8,43.47,44.4,47435398.0,2116659134.0,1004985657.0,0.0472000746175823,000988
2025-03-03,44.53,44.9,42.56,43.14,49929627.0,2165547286.0,1004985657.0,0.0496819299382299,000988
2025-03-04,42.35,43.6,42.13,43.48,28420473.0,1226637314.0,1004985657.0,0.0282794812065661,000988
2025-03-05,43.5,44.27,43.26,43.96,28275673.0,1237721479.0,1004985657.0,0.0281353995482942,000988
2025-03-06,44.41,45.22,44.3,44.99,40162960.0,1800097151.0,1004985657.0,0.0399637146264267,000988
2025-03-07,44.55,46.26,44.38,45.8,48092812.0,2179388252.0,1004985657.0,0.0478542272369962,000988
2025-03-10,46.1,47.47,45.89,46.14,51135242.0,2389246216.0,1004985657.0,0.0508815639744,000988
2025-03-11,45.18,45.56,44.3,45.06,33820037.0,1517074638.0,1004985657.0,0.0336522583824298,000988
2025-03-12,45.28,46.41,44.87,45.71,31911131.0,1459332485.0,1004985657.0,0.0317528223191348,000988
2025-03-13,45.61,45.62,43.0,43.03,45369944.0,1995159576.0,1004985657.0,0.0451448671769451,000988
2025-03-14,43.05,44.79,42.95,44.7,33831293.0,1497421839.0,1004985657.0,0.0336634585422744,000988
2025-03-17,44.73,44.87,44.1,44.51,22361632.0,994646049.0,1004985657.0,0.0222506976534889,000988
2025-03-18,45.5,46.0,44.86,45.39,31059972.0,1408995719.0,1004985657.0,0.0309058858538515,000988
2025-03-19,45.05,45.06,43.88,44.22,27149661.0,1200497174.0,1004985657.0,0.0270149736077278,000988
2025-03-20,44.01,44.17,43.51,43.61,18948661.0,829522711.0,1004985657.0,0.0188546581416534,000988
2025-03-21,43.38,43.79,42.73,43.51,22992544.0,995552122.0,1004985657.0,0.0228784797472985,000988
2025-03-24,43.45,43.48,41.46,42.33,31434002.0,1328340382.0,1004985657.0,0.031278060319621,000988
2025-03-25,42.32,42.94,41.38,41.61,19500120.0,822670002.0,1004985657.0,0.0194033813957207,000988
2025-03-26,41.53,42.0,41.44,41.51,15183666.0,633182086.0,1004985657.0,0.015108340993965,000988
2025-03-27,41.3,42.02,40.85,41.54,16428801.0,681216189.0,1004985657.0,0.016347298974437,000988
2025-03-28,41.52,41.69,41.03,41.19,10963861.0,452837237.0,1004985657.0,0.0109094701239104,000988
2025-03-31,41.0,41.3,40.3,41.09,15651000.0,638688262.0,1004985657.0,0.0155733565857248,000988
2025-04-01,41.29,41.77,41.14,41.35,15551900.0,645073483.0,1004985657.0,0.0154747482132473,000988
2025-04-02,41.35,42.24,41.23,41.82,17365451.0,726188671.0,1004985657.0,0.0172793023254062,000988
2025-04-03,41.4,41.74,39.79,39.84,27410525.0,1111775385.0,1004985657.0,0.0272745434813703,000988
2025-04-07,36.5,37.35,35.86,35.86,25592438.0,927602360.0,1004985657.0,0.0254654758719606,000988
2025-04-08,35.25,35.75,32.47,33.83,52000455.0,1753721095.0,1004985657.0,0.0517424847188639,000988
2025-04-09,33.19,35.25,32.33,35.03,39857731.0,1364626020.0,1004985657.0,0.0396599998441569,000988
2025-04-10,36.49,37.69,36.06,37.18,40603227.0,1499407456.0,1004985657.0,0.0404017974955039,000988
2025-04-11,36.7,37.58,36.54,37.53,29461603.0,1093338254.0,1004985657.0,0.0293154462402441,000988
2025-04-14,38.78,38.96,37.71,38.12,33027783.0,1267321626.0,1004985657.0,0.0328639346939455,000988
2025-04-15,38.12,38.35,37.13,37.91,23108920.0,868722060.0,1004985657.0,0.0229942784148609,000988
2025-04-16,37.61,38.07,37.31,37.7,18623620.0,701137549.0,1004985657.0,0.0185312296452007,000988
2025-04-17,37.7,38.5,37.61,37.85,19410125.0,741137493.0,1004985657.0,0.0193138328540344,000988
2025-04-18,37.8,38.62,37.75,38.43,18253966.0,699733781.0,1004985657.0,0.0181634094704298,000988
2025-04-21,38.51,39.25,38.24,39.18,18480505.0,719085764.0,1004985657.0,0.0183888246277727,000988
2025-04-22,39.0,39.37,38.55,39.0,17322220.0,676272362.0,1004985657.0,0.0172362857910916,000988
2025-04-23,39.3,39.83,39.0,39.38,24274533.0,956288838.0,1004985657.0,0.0241541088978944,000988
2025-04-24,39.29,39.3,38.64,38.8,16816777.0,654000556.0,1004985657.0,0.0167333502551668,000988
2025-04-25,39.12,40.36,39.11,39.87,27055362.0,1077520930.0,1004985657.0,0.0269211424178564,000988
2025-04-28,39.8,40.06,39.45,39.8,15843144.0,629045767.0,1004985657.0,0.0157645473740328,000988
2025-04-29,39.7,40.04,39.41,39.7,13258759.0,527787595.0,1004985657.0,0.0131929833104075,000988
2025-04-30,39.84,40.89,39.58,40.55,24656843.0,997912470.0,1004985657.0,0.024534522287217,000988
2025-05-06,41.01,41.88,40.85,41.76,24990765.0,1037431373.0,1004985657.0,0.0248667877257078,000988
2025-05-07,42.3,42.96,41.76,42.18,31220220.0,1322281851.0,1004985657.0,0.0310653388757766,000988
2025-05-08,42.05,43.45,41.9,43.28,31801586.0,1369886400.0,1004985657.0,0.0316438207635036,000988
2025-05-09,43.0,43.32,42.5,42.9,22159350.0,950940407.0,1004985657.0,0.0220494191590238,000988
2025-05-12,43.2,43.52,42.89,43.24,19746162.0,853449148.0,1004985657.0,0.0196482028001719,000988
2025-05-13,43.68,43.68,42.58,42.62,19803928.0,852256387.0,1004985657.0,0.0197056822274628,000988
2025-05-14,42.89,43.56,42.22,43.2,33540461.0,1441965469.0,1004985657.0,0.0333740693375885,000988
2025-05-15,43.55,45.0,42.63,42.69,26915003.0,1163657211.0,1004985657.0,0.0267814797281231,000988
2025-05-16,42.49,43.55,42.41,42.91,17836652.0,768577468.0,1004985657.0,0.0177481657332747,000988
2025-05-19,42.62,42.74,41.75,41.93,20865759.0,877237070.0,1004985657.0,0.0207622455650628,000988
2025-05-20,41.95,42.4,41.66,42.32,13425251.0,566047070.0,1004985657.0,0.013358649356326,000988
2025-05-21,42.33,42.33,41.85,42.08,9358734.0,393790589.0,1004985657.0,0.0093123060362243,000988
2025-05-22,42.07,42.26,41.66,41.7,9473034.0,397125456.0,1004985657.0,0.009426039002664,000988
2025-05-23,41.71,42.98,41.71,41.86,22884824.0,971832304.0,1004985657.0,0.0227712941379819,000988
2025-05-26,42.18,42.95,42.1,42.47,15169196.0,644044584.0,1004985657.0,0.0150939427785286,000988
2025-05-27,42.44,42.47,41.42,41.78,15385690.0,643335435.0,1004985657.0,0.0153093627683484,000988
2025-05-28,41.82,42.05,41.54,41.8,10560794.0,441312571.0,1004985657.0,0.0105084027084776,000988
2025-05-29,41.89,43.29,41.63,42.99,23901768.0,1024199433.0,1004985657.0,0.0237831931565566,000988
2025-05-30,42.7,42.83,42.04,42.19,13005338.0,549975688.0,1004985657.0,0.0129408195126112,000988
2025-06-03,42.01,42.47,41.96,42.11,9477797.0,400322542.0,1004985657.0,0.0094307783737852,000988
2025-06-04,42.37,43.16,42.26,42.81,17322923.0,742858347.0,1004985657.0,0.0172369853035623,000988
2025-06-05,42.82,44.5,42.79,44.34,33074426.0,1453760520.0,1004985657.0,0.032910346301589,000988
2025-06-06,44.3,45.0,44.05,44.77,24015328.0,1072877526.0,1004985657.0,0.0238961897940798,000988
2025-06-09,45.0,45.78,44.84,45.11,25463135.0,1151101016.0,1004985657.0,0.0253368143342567,000988
2025-06-10,44.9,44.94,44.13,44.41,18453987.0,820706995.0,1004985657.0,0.0183624381815431,000988
2025-06-11,44.44,44.87,44.31,44.32,12677349.0,565221763.0,1004985657.0,0.0126144576409611,000988
2025-06-12,44.22,45.45,44.05,44.93,21466200.0,966902014.0,1004985657.0,0.0213597078231734,000988
2025-06-13,44.69,45.6,44.55,45.03,19564242.0,879961729.0,1004985657.0,0.0194671852913817,000988
2025-06-16,44.71,46.14,44.65,45.52,22174543.0,1013277530.0,1004985657.0,0.0220645367877125,000988
2025-06-17,45.6,45.67,44.56,44.69,17436865.0,786073805.0,1004985657.0,0.0173503620460127,000988
2025-06-18,45.0,45.08,44.14,44.74,18921610.0,844907099.0,1004985657.0,0.018827741339596,000988
2025-06-19,44.56,45.1,43.71,43.96,17063048.0,756524600.0,1004985657.0,0.0169783995235665,000988
2025-06-20,43.73,44.5,43.65,44.03,15672153.0,690361844.0,1004985657.0,0.0155944046473093,000988
2025-06-23,43.65,45.44,43.6,44.38,20315686.0,909122566.0,1004985657.0,0.0202149014351555,000988
2025-06-24,45.01,46.49,45.01,46.28,36499073.0,1677556511.0,1004985657.0,0.0363180038896813,000988
2025-06-25,46.4,47.19,45.99,46.6,24103976.0,1119413075.0,1004985657.0,0.0239843980181301,000988
2025-06-26,46.72,47.32,46.37,46.45,20582090.0,963584851.0,1004985657.0,0.0204799838252815,000988
2025-06-27,46.52,46.88,45.85,46.33,20889083.0,968525605.0,1004985657.0,0.0207854538564822,000988
2025-06-30,46.76,47.46,46.63,47.01,24774265.0,1164613839.0,1004985657.0,0.0246513617656535,000988
2025-07-01,47.0,47.0,46.21,46.46,18842903.0,876166229.0,1004985657.0,0.0187494247990048,000988
2025-07-02,46.3,46.39,45.11,45.27,22219058.0,1013057385.0,1004985657.0,0.0221088309522013,000988
2025-07-03,45.47,45.96,45.42,45.79,15349996.0,701905237.0,1004985657.0,0.0152738458435531,000988
2025-07-04,45.66,46.1,45.03,45.15,18394045.0,834399315.0,1004985657.0,0.0183027935492217,000988
2025-07-07,45.0,45.25,44.0,44.47,17564462.0,780258933.0,1004985657.0,0.0174773260470522,000988
2025-07-08,44.53,45.15,44.31,44.93,36862993.0,1652741565.0,1004985657.0,0.0366801185103878,000988
2025-07-09,46.56,48.29,46.33,47.32,62163477.0,2954337542.0,1004985657.0,0.0618550887438187,000988
2025-07-10,47.78,47.78,46.5,47.18,27710732.0,1303957130.0,1004985657.0,0.027573261177398,000988
2025-07-11,47.0,47.18,46.3,46.34,25851600.0,1205337743.0,1004985657.0,0.0257233521890949,000988
2025-07-14,46.33,46.58,45.8,45.94,18986256.0,875008218.0,1004985657.0,0.018892066635733,000988
2025-07-15,46.19,48.66,46.17,48.27,56297416.0,2693814976.0,1004985657.0,0.0560181288239022,000988
2025-07-16,48.27,49.09,47.65,47.7,38698063.0,1875331631.0,1004985657.0,0.0385060848684331,000988
2025-07-17,47.7,50.5,47.59,49.55,45818414.0,2261227703.0,1004985657.0,0.0455911123515666,000988
2025-07-18,49.75,50.2,48.69,48.82,28674714.0,1412158285.0,1004985657.0,0.0285324609364051,000988
2025-07-21,48.51,48.82,47.72,48.17,29911351.0,1440895939.0,1004985657.0,0.0297629630748053,000988
2025-07-22,48.2,50.44,48.08,48.74,42318889.0,2082000164.0,1004985657.0,0.0421089482275068,000988
2025-07-23,48.23,48.4,47.7,48.03,24426724.0,1173835302.0,1004985657.0,0.0243055448899804,000988
2025-07-24,48.76,48.87,47.6,48.07,28870218.0,1386260029.0,1004985657.0,0.02872699505601,000988
2025-07-25,48.08,48.17,47.41,47.85,19819109.0,947486391.0,1004985657.0,0.0197207879156826,000988
2025-07-28,48.77,50.83,48.58,50.42,63865890.0,3187589874.0,1004985657.0,0.0635490562030976,000988
2025-07-29,50.03,51.5,49.7,51.45,46709076.0,2366416869.0,1004985657.0,0.0464773558454874,000988
2025-07-30,51.15,51.23,49.81,50.28,35158431.0,1772790692.0,1004985657.0,0.0349840127121336,000988
2025-07-31,50.93,52.35,50.24,50.56,55189481.0,2833623454.0,1004985657.0,0.0549156902047209,000988
2025-08-01,50.39,51.48,49.45,50.08,38707636.0,1948158358.0,1004985657.0,0.038515610377512,000988
2025-08-04,49.65,50.49,49.52,50.06,24265808.0,1212882788.0,1004985657.0,0.0241454271819523,000988
2025-08-05,50.66,51.7,50.06,51.1,37810632.0,1920666336.0,1004985657.0,0.0376230563457683,000988
2025-08-06,50.82,51.59,50.71,51.02,24644260.0,1258343379.0,1004985657.0,0.0245220017105179,000988
2025-08-07,50.98,51.25,48.75,49.6,46335800.0,2300599112.0,1004985657.0,0.0461059316391815,000988
2025-08-08,49.44,50.12,49.21,49.43,20565798.0,1020467361.0,1004985657.0,0.0204637726486478,000988
2025-08-11,49.4,51.38,49.35,51.38,39848048.0,2016646246.0,1004985657.0,0.0396503648807795,000988
2025-08-12,50.98,51.85,50.85,51.7,29831836.0,1531532886.0,1004985657.0,0.0296838425426403,000988
2025-08-13,51.74,53.2,51.46,53.0,48746497.0,2567370715.0,1004985657.0,0.048504669355694,000988
2025-08-14,52.7,52.83,51.4,51.64,33976541.0,1769924371.0,1004985657.0,0.0338079859780526,000988
2025-08-15,51.35,52.35,51.14,51.52,38165465.0,1969049003.0,1004985657.0,0.0379761290463869,000988
2025-08-18,51.52,52.74,51.35,52.24,51377959.0,2680410648.0,1004985657.0,0.0511230768739219,000988
2025-08-19,52.49,54.44,52.28,52.83,53922571.0,2873603985.0,1004985657.0,0.053655065248359,000988
2025-08-20,52.05,55.28,51.08,54.78,63880018.0,3406694308.0,1004985657.0,0.0635631141151698,000988
2025-08-21,55.6,56.18,54.26,54.55,58900347.0,3244329545.0,1004985657.0,0.0586081468822395,000988
2025-08-22,55.02,59.64,55.02,58.63,91449864.0,5298997964.0,1004985657.0,0.0909961882172413,000988
2025-08-25,60.53,61.5,59.2,59.97,107222463.0,6462054023.0,1004985657.0,0.1066905405596251,000988
2025-08-26,59.92,61.42,59.2,60.07,64680744.0,3899914035.0,1004985657.0,0.0643598677747099,000988
2025-08-27,60.18,63.87,60.18,60.88,96064568.0,5990321804.0,1004985657.0,0.0955879990235522,000988
2025-08-28,60.56,64.43,60.56,64.4,103501061.0,6486904585.0,1004985657.0,0.1029876001503969,000988
2025-08-29,64.65,69.6,63.03,68.42,104143901.0,6924848473.0,1004985657.0,0.1036272510703105,000988
2025-09-01,74.5,75.26,72.8,75.26,118784407.0,8846792823.0,1004985657.0,0.1181951266395038,000988
2025-09-02,75.39,80.12,73.12,74.26,179469406.0,13651813724.0,1004985657.0,0.1785790719996315,000988
2025-09-03,75.51,75.7,70.53,72.0,123072265.0,8881459336.0,1004985657.0,0.122461712903829,000988
2025-09-04,72.98,73.4,64.8,64.8,110211138.0,7427563271.0,1004985657.0,0.1096643889714736,000988
2025-09-05,64.41,67.67,62.5,67.54,112267602.0,7321971466.0,1004985657.0,0.1117106510108133,000988
2025-09-08,66.88,67.94,64.78,66.79,74977937.0,4963730957.0,1004985657.0,0.0746059771875928,000988
2025-09-09,65.82,66.69,64.29,64.73,49938362.0,3263729733.0,1004985657.0,0.0496906216045628,000988
2025-09-10,66.0,66.95,64.59,65.7,60036916.0,3955967241.0,1004985657.0,0.0597390774503361,000988
2025-09-11,68.3,72.27,67.5,72.27,96421500.0,6762914567.0,1004985657.0,0.0959431603111923,000988
2025-09-12,71.0,78.5,70.43,77.09,129052759.0,9702370398.0,1004985657.0,0.1284125381303824,000988
2025-09-15,78.53,83.98,76.9,81.26,108957045.0,8874802908.0,1004985657.0,0.1084165174309547,000988
2025-09-16,81.58,83.99,80.28,81.34,85602481.0,6998396308.0,1004985657.0,0.085177813637195,000988
2025-09-17,82.48,86.92,82.1,85.57,89780220.0,7636034108.0,1004985657.0,0.0893348271934591,000988
2025-09-18,85.0,91.33,83.33,87.57,118228511.0,10303823168.0,1004985657.0,0.1176419883970543,000988
2025-09-19,88.3,94.54,87.5,91.12,99194477.0,9033400433.0,1004985657.0,0.0987023807843259,000988
2025-09-22,91.92,93.76,87.03,92.35,95266902.0,8677192453.0,1004985657.0,0.0947942901835861,000988
2025-09-23,93.98,95.55,85.94,88.25,116212069.0,10381276079.0,1004985657.0,0.1156355498116327,000988
2025-09-24,86.96,89.33,85.4,88.8,68842216.0,6036598539.0,1004985657.0,0.0685006950303172,000988
2025-09-25,91.1,97.68,90.18,97.68,103228729.0,9829953455.0,1004985657.0,0.1027166191686256,000988
2025-09-26,98.0,100.89,92.2,92.2,113027417.0,10866851673.0,1004985657.0,0.1124666966266962,000988
2025-09-29,94.01,99.85,93.0,99.15,86196866.0,8411665963.0,1004985657.0,0.0857692499386585,000988
2025-09-30,100.19,100.66,91.77,92.48,117961431.0,11196264340.0,1004985657.0,0.1173762333605125,000988
2025-10-09,90.15,91.9,88.11,88.41,97048198.0,8675958044.0,1004985657.0,0.0965667493103336,000988
2025-10-10,87.5,88.34,84.79,85.24,66952376.0,5778751246.0,1004985657.0,0.066620230382054,000988
2025-10-13,80.47,84.2,80.47,82.52,60802919.0,5008538296.0,1004985657.0,0.0605012803680241,000988
2025-10-14,84.1,84.48,78.1,78.56,72241012.0,5860789391.0,1004985657.0,0.0718826298632439,000988
2025-10-15,78.8,80.67,77.19,80.37,57469933.0,4540821786.0,1004985657.0,0.0571848290567195,000988
2025-10-16,79.62,83.11,79.02,80.96,57095554.0,4639144218.0,1004985657.0,0.0568123073223123,000988
2025-10-17,81.27,81.5,77.34,77.5,49130769.0,3850053104.0,1004985657.0,0.0488870350116847,000988
2025-10-20,79.51,82.68,78.9,79.74,61602915.0,4968156920.0,1004985657.0,0.0612973076490384,000988
2025-10-21,80.8,83.95,79.69,82.78,74471747.0,6120990656.0,1004985657.0,0.0741022983574779,000988
2025-10-22,82.72,87.17,82.1,85.16,78475308.0,6683596768.0,1004985657.0,0.0780859979974818,000988
2025-10-23,84.16,84.5,80.53,82.6,57540580.0,4709897872.0,1004985657.0,0.0572551255823544,000988
2025-10-24,78.5,81.45,76.9,81.02,114474833.0,9035858279.0,1004985657.0,0.1139069321065942,000988
2025-10-27,84.0,88.97,83.3,87.0,113734603.0,9740382067.0,1004985657.0,0.1131703743310238,000988
2025-10-28,87.04,88.98,86.01,86.63,79798759.0,6973030542.0,1004985657.0,0.0794028834582661,000988
2025-10-29,87.78,89.28,85.93,87.38,72427276.0,6357912530.0,1004985657.0,0.0720679698217822,000988
2025-10-30,86.83,86.83,83.44,83.7,66721943.0,5641373654.0,1004985657.0,0.0663909405425474,000988
2025-10-31,83.5,83.69,79.74,79.82,65266216.0,5305497366.0,1004985657.0,0.0649424352928849,000988
2025-11-03,78.54,79.37,76.08,78.26,55571530.0,4307785229.0,1004985657.0,0.0552958438888446,000988
2025-11-04,77.99,78.72,76.3,76.88,33622889.0,2600773561.0,1004985657.0,0.0334560884185832,000988
2025-11-05,74.51,76.26,74.3,75.75,39219532.0,2950632506.0,1004985657.0,0.0390249669005972,000988
2025-11-06,76.32,78.5,76.21,78.25,46289883.0,3588922583.0,1004985657.0,0.0460602424299076,000988
2025-11-07,77.02,78.39,76.06,77.42,33521230.0,2588201119.0,1004985657.0,0.0333549337411091,000988
2025-11-10,77.07,78.1,74.66,75.98,38375806.0,2908314395.0,1004985657.0,0.0381854265607693,000988
2025-11-11,76.9,77.2,72.86,73.02,47229827.0,3512310833.0,1004985657.0,0.0469955234395947,000988
2025-11-12,72.31,73.1,71.08,72.08,41790497.0,3008646879.0,1004985657.0,0.0415831775398163,000988
2025-11-13,72.32,73.82,71.48,73.34,30101605.0,2186359277.0,1004985657.0,0.0299522732392587,000988
2025-11-14,72.21,72.65,71.12,71.31,23583694.0,1693013866.0,1004985657.0,0.0234666970973497,000988
2025-11-17,71.31,72.82,71.13,71.68,22853810.0,1638742010.0,1004985657.0,0.0227404339960644,000988
2025-11-18,71.4,73.26,70.87,71.79,28675548.0,2064634089.0,1004985657.0,0.0285332907989949,000988
2025-11-19,71.7,73.28,71.25,71.98,31174319.0,2254785212.0,1004985657.0,0.0310196655871278,000988
2025-11-20,73.82,74.14,71.01,71.33,31347506.0,2259142593.0,1004985657.0,0.0311919934196633,000988
2025-11-21,69.22,69.7,67.28,67.88,38647384.0,2650542252.0,1004985657.0,0.038455657283077,000988
2025-11-24,68.62,69.23,67.38,68.41,37747448.0,2582299170.0,1004985657.0,0.037560185796761,000988
2025-11-25,69.47,72.8,69.47,70.77,48793288.0,3479561405.0,1004985657.0,0.0485512282291208,000988
2025-11-26,70.21,74.14,69.85,72.4,59068184.0,4289590017.0,1004985657.0,0.0587751512557158,000988
2025-11-27,72.01,75.98,71.91,72.91,58969067.0,4372482548.0,1004985657.0,0.058676525967574,000988
2025-11-28,72.51,73.71,71.51,72.83,33704061.0,2446562233.0,1004985657.0,0.0335368577304979,000988
2025-12-01,72.95,73.74,71.75,73.62,51118094.0,3726724310.0,1004985657.0,0.0508645010443168,000988
2025-12-02,73.4,73.95,72.77,73.13,34071791.0,2495754230.0,1004985657.0,0.0339027634500857,000988
2025-12-03,72.99,74.44,71.82,72.08,34528301.0,2513230738.0,1004985657.0,0.0343570087388819,000988
2025-12-04,71.5,73.11,70.8,72.6,28619815.0,2062788347.0,1004985657.0,0.0284778342861464,000988
2025-12-05,73.1,76.62,72.15,74.88,61387088.0,4582336204.0,1004985657.0,0.0610825513502825,000988
2025-12-08,75.1,81.8,75.1,79.58,80887441.0,6409727656.0,1004985657.0,0.0804861645901081,000988
2025-12-09,79.93,81.99,79.6,80.36,67546381.0,5449401601.0,1004985657.0,0.0672112885686685,000988
2025-12-10,81.0,84.95,80.89,83.2,72170587.0,5968678018.0,1004985657.0,0.0718125542362839,000988
2025-12-11,83.21,83.23,79.95,79.96,58520638.0,4759713791.0,1004985657.0,0.0582303215895547,000988
2025-12-12,79.67,80.99,77.5,78.18,65017966.0,5145570184.0,1004985657.0,0.0646954168421529,000988
2025-12-15,78.01,78.5,74.98,75.27,52252854.0,3963859798.0,1004985657.0,0.0519936315867242,000988
2025-12-16,74.85,75.18,71.95,72.61,44554326.0,3255427497.0,1004985657.0,0.0443332953954784,000988
2025-12-17,73.0,77.69,72.7,77.29,64051825.0,4823879385.0,1004985657.0,0.0637340687937798,000988
2025-12-18,75.7,77.12,75.4,75.47,38046414.0,2892646525.0,1004985657.0,0.0378576686492949,000988
2025-12-19,76.88,76.88,74.85,75.0,32468641.0,2457412313.0,1004985657.0,0.0323075665546538,000988
2025-12-22,76.31,80.23,76.25,79.78,57441648.0,4541818431.0,1004985657.0,0.0571566843764417,000988
2025-12-23,79.98,81.24,79.31,79.86,44233702.0,3537663795.0,1004985657.0,0.0440142619866265,000988
2025-12-24,80.69,80.75,78.88,80.51,45861037.0,3671920505.0,1004985657.0,0.0456335239021227,000988
2025-12-25,81.0,82.09,79.12,80.12,40457895.0,3246881291.0,1004985657.0,0.0402571864764434,000988
2025-12-26,79.58,82.3,78.51,80.68,54480200.0,4367563991.0,1004985657.0,0.0542099278935281,000988
2025-12-29,80.02,82.38,79.7,80.2,47533662.0,3834026014.0,1004985657.0,0.0472978511373919,000988
2025-12-30,79.4,82.2,79.06,80.71,52285102.0,4237775151.0,1004985657.0,0.052025719606862,000988
2025-12-31,81.0,81.05,78.53,79.33,43120631.0,3433086397.0,1004985657.0,0.0429067128467486,000988
2026-01-05,79.55,83.85,79.55,81.93,70885475.0,5822592726.0,1004985657.0,0.0705338175786522,000988
2026-01-06,81.5,81.78,79.35,80.19,63117003.0,5065668412.0,1004985657.0,0.0628038843742423,000988
2026-01-07,80.2,84.8,80.2,83.08,89149509.0,7428771219.0,1004985657.0,0.0887072451025039,000988
2026-01-08,83.88,84.92,81.88,82.3,58850491.0,4894244813.0,1004985657.0,0.0585585382140433,000988
2026-01-09,81.55,84.19,78.96,83.03,73154584.0,5998983448.0,1004985657.0,0.0727916697024065,000988
2026-01-12,83.54,85.57,82.3,84.35,61670319.0,5167837248.0,1004985657.0,0.0613643772629483,000988
2026-01-13,85.0,85.01,79.65,80.03,75934926.0,6196136274.0,1004985657.0,0.0755582186383382,000988
2026-01-14,80.07,84.5,79.8,82.29,82859787.0,6787226043.0,1004985657.0,0.0824487259324139,000988
2026-01-15,81.47,83.25,80.11,83.16,55178325.0,4517744851.0,1004985657.0,0.0549045895487839,000988
2026-01-16,84.0,84.01,82.1,82.59,46590578.0,3861580427.0,1004985657.0,0.0463594457050047,000988
2026-01-19,82.0,82.37,80.5,80.85,43970542.0,3567530662.0,1004985657.0,0.0437524075032644,000988
2026-01-20,80.93,80.98,76.81,77.2,62734979.0,4906957154.0,1004985657.0,0.0624237555660956,000988
2026-01-21,76.35,81.0,76.28,80.02,52397589.0,4153869896.0,1004985657.0,0.0521376485674561,000988
2026-01-22,80.74,80.94,78.66,80.49,37300660.0,2971418783.0,1004985657.0,0.0371156142778662,000988
2026-01-23,80.37,80.37,78.1,78.23,45306082.0,3560007592.0,1004985657.0,0.045081321991444,000988
2026-01-26,78.0,80.0,77.56,77.74,33697438.0,2644830431.0,1004985657.0,0.0335302675866945,000988
2026-01-27,77.8,78.96,75.5,78.19,40125199.0,3113651811.0,1004985657.0,0.0399261409558604,000988
2026-01-28,78.07,79.78,77.17,78.4,38755218.0,3040088750.0,1004985657.0,0.0385629563268483,000988
2026-01-29,77.9,77.97,75.18,75.23,44620451.0,3403843201.0,1004985657.0,0.0443990923544095,000988
2026-01-30,75.0,78.4,73.79,77.41,46732078.0,3574236476.0,1004985657.0,0.0465002437343242,000988
2026-02-02,76.5,78.73,74.75,74.78,35600742.0,2717023003.0,1004985657.0,0.0354241294410831,000988
2026-02-03,75.75,78.63,75.67,78.15,61077647.0,4739902469.0,1004985657.0,0.0607746454634227,000988
2026-02-04,77.4,77.89,74.82,76.46,49037496.0,3706214470.0,1004985657.0,0.0487942247319058,000988
2026-02-05,75.12,77.33,74.11,74.63,32159461.0,2418061599.0,1004985657.0,0.0319999203729929,000988
2026-02-06,73.88,75.78,72.92,73.92,28403268.0,2114579689.0,1004985657.0,0.0282623615592555,000988
2026-02-09,75.5,78.15,75.5,76.94,54587772.0,4207276458.0,1004985657.0,0.0543169662370614,000988
2026-02-10,76.5,78.6,76.37,76.43,29916680.0,2313918287.0,1004985657.0,0.0297682656380438,000988
2026-02-11,75.97,76.88,74.74,74.82,27143486.0,2043788770.0,1004985657.0,0.0270088292414306,000988
2026-02-12,74.93,77.19,74.93,76.64,37823343.0,2886144276.0,1004985657.0,0.0376357042874692,000988
2026-02-13,75.7,75.96,74.9,74.93,25758634.0,1939836765.0,1004985657.0,0.0256308473863124,000988
2026-02-24,80.1,82.42,79.46,82.42,73007529.0,5984318894.0,1004985657.0,0.0726453442310172,000988
2026-02-25,85.7,86.9,84.12,86.1,127027376.0,10878679563.0,1004985657.0,0.1263972029005783,000988
2026-02-26,86.15,89.88,85.0,88.55,97589966.0,8617897639.0,1004985657.0,0.0971058296407109,000988
2026-02-27,86.82,90.88,85.3,89.86,93166869.0,8243885933.0,1004985657.0,0.092704675286724,000988
2026-03-02,89.85,97.85,89.8,94.97,90159020.0,8551276149.0,1004985657.0,0.0897117479956233,000988
2026-03-03,97.81,100.8,94.84,95.83,132072413.0,12857093406.0,1004985657.0,0.1314172118577807,000988
2026-03-04,93.85,103.48,93.85,101.55,117365778.0,11774585346.0,1004985657.0,0.1167835353495,000988
2026-03-05,105.0,111.71,99.55,106.61,155232206.0,16508970347.0,1004985657.0,0.1544621108955786,000988
2026-03-06,106.75,116.09,106.0,114.78,129693070.0,14352474418.0,1004985657.0,0.1290496725964716,000988
2026-03-09,112.0,119.78,108.5,118.6,135658907.0,15417690881.0,1004985657.0,0.1349859135352814,000988
2026-03-10,119.49,124.0,116.55,123.51,113779973.0,13637331128.0,1004985657.0,0.113215519253923,000988
2026-03-11,122.99,135.69,122.9,134.88,125882525.0,16412343340.0,1004985657.0,0.1252580314188503,000988
2026-03-12,133.74,141.41,123.5,127.9,209811572.0,27737748289.0,1004985657.0,0.2087707128341633,000988
2026-03-13,125.3,126.8,118.59,118.69,160209884.0,19453659274.0,1004985657.0,0.1594150950156296,000988
2026-03-16,118.74,119.79,112.88,117.21,121625624.0,14089397403.0,1004985657.0,0.1210222485792152,000988
2026-03-17,117.99,119.6,110.8,111.12,113108898.0,12941393275.0,1004985657.0,0.1125477734056855,000988
2026-03-18,114.34,116.2,111.74,114.78,98410024.0,11207723915.0,1004985657.0,0.0979218193956771,000988
2026-03-19,113.24,122.51,113.24,119.99,124060235.0,14849466686.0,1004985657.0,0.1234447816602023,000988
2026-03-20,123.09,125.76,116.0,116.08,146654161.0,17808423998.0,1004985657.0,0.1459266209209192,000988
2026-03-23,111.3,118.08,111.3,113.34,95536247.0,10955313748.0,1004985657.0,0.0950622989836361,000988
2026-03-24,113.54,115.15,105.55,112.0,116869724.0,12862573675.0,1004985657.0,0.1162899422354641,000988
2026-03-25,113.66,118.44,113.5,115.74,103475355.0,11968326898.0,1004985657.0,0.1029620216758974,000988
2026-03-26,106.17,109.63,104.6,105.35,138712095.0,14813860874.0,1004985657.0,0.1380239549030698,000988
2026-03-27,103.18,111.24,103.18,109.5,98008151.0,10598647402.0,1004985657.0,0.0975219400569017,000988
2026-03-30,109.0,110.5,105.57,106.95,59360359.0,6361153264.0,1004985657.0,0.0590658767978815,000988
2026-03-31,105.8,106.65,102.11,103.5,58170384.0,6069808841.0,1004985657.0,0.0578818051728672,000988
2026-04-01,106.61,106.8,103.19,104.74,51706384.0,5419923283.0,1004985657.0,0.0514498725826094,000988
2026-04-02,104.05,105.4,99.87,100.34,59441756.0,6052846908.0,1004985657.0,0.0591468699935883,000988
2026-04-03,102.4,105.84,101.66,103.54,68514590.0,7132630457.0,1004985657.0,0.0681746943578519,000988
2026-04-07,104.88,108.5,103.26,104.2,57104235.0,6020707756.0,1004985657.0,0.0568209452565351,000988
2026-04-08,108.0,110.46,106.11,110.41,91563231.0,9947471319.0,1004985657.0,0.0911089928122227,000988
2026-04-09,108.21,117.85,107.77,114.93,111230878.0,12664832660.0,1004985657.0,0.1106790701193061,000988
2026-04-10,117.0,117.68,113.9,115.92,100429803.0,11621090186.0,1004985657.0,0.0999315784264968,000988
2026-04-13,114.86,125.2,114.86,125.16,111746110.0,13451654272.0,1004985657.0,0.1111917460927504,000988
2026-04-14,120.0,124.34,118.0,120.63,141224435.0,17012737637.0,1004985657.0,0.1405238313764312,000988
2026-04-15,120.39,120.39,110.6,112.3,134789233.0,15472057250.0,1004985657.0,0.1341205539214973,000988
2026-04-16,109.9,113.8,107.85,112.32,80253292.0,8907485303.0,1004985657.0,0.0798551615548081,000988
2026-04-17,113.0,117.58,112.79,116.68,95400783.0,11075499101.0,1004985657.0,0.0949275070101821,000988
2026-04-20,115.18,118.2,113.7,114.98,92799711.0,10751370615.0,1004985657.0,0.0923393387294879,000988
2026-04-21,113.0,117.08,112.56,116.28,69662361.0,7999112332.0,1004985657.0,0.0693167713536831,000988
2026-04-22,115.48,121.33,115.23,120.95,105952174.0,12675264449.0,1004985657.0,0.1054265533662238,000988
2026-04-23,121.93,123.5,116.0,117.65,100627972.0,11974918343.0,1004985657.0,0.1001287643252405,000988
2026-04-24,115.0,117.35,113.03,115.32,69397026.0,7975591681.0,1004985657.0,0.0690527526603297,000988
2026-04-27,116.1,121.25,116.0,118.79,90173686.0,10739392372.0,1004985657.0,0.0897263412387187,000988
2026-04-28,118.5,119.25,114.38,115.59,65553798.0,7635978964.0,1004985657.0,0.0652285906205724,000988
2026-04-29,114.39,120.5,114.39,119.04,83280637.0,9870030169.0,1004985657.0,0.0828674881277434,000988
2026-04-30,119.11,120.97,115.0,119.53,92020793.0,10868659755.0,1004985657.0,0.0915642848821274,000988
2026-05-06,123.01,129.44,121.66,125.19,108885994.0,13650478456.0,1004985657.0,0.1083458189095329,000988
2026-05-07,125.79,134.52,123.8,133.5,106679141.0,13847031202.0,1004985657.0,0.106149913938523,000988
2026-05-08,130.79,136.9,129.28,136.69,105704852.0,14026678243.0,1004985657.0,0.1051804583117547,000988
2026-05-11,139.98,148.78,139.93,147.56,105384736.0,15301697344.0,1004985657.0,0.1048619303827537,000988
2026-05-12,146.98,150.5,144.0,144.16,99043120.0,14464324795.0,1004985657.0,0.0985517746548297,000988
2026-05-13,140.0,143.62,136.8,142.1,97617673.0,13639583875.0,1004985657.0,0.0971333991884025,000988
2026-05-14,143.88,146.2,137.35,137.4,90553443.0,12872865366.0,1004985657.0,0.0901042142932792,000988
2026-05-15,138.1,142.98,130.26,133.98,88667163.0,12078422227.0,1004985657.0,0.0882272919841282,000988
2026-05-18,137.53,147.38,137.03,147.38,67680539.0,9779315770.0,1004985657.0,0.0673447810210887,000988
2026-05-19,151.06,159.69,147.28,158.4,142273311.0,21806295984.0,1004985657.0,0.1415675039827956,000988
2026-05-20,158.41,170.88,158.41,163.42,130642619.0,21573382999.0,1004985657.0,0.1299945109564882,000988
2026-05-21,164.01,165.8,152.99,153.96,121181854.0,19322031698.0,1004985657.0,0.1205806800882532,000988
2026-05-22,155.55,159.14,153.6,156.31,90811175.0,14169395950.0,1004985657.0,0.0903606677045342,000988
