date,open,high,low,close,volume,amount,outstanding_share,turnover,ticker
2017-11-27,25.25,30.3,25.25,30.3,10532.0,314070.0,25000000.0,0.00042128,603685
2017-11-28,33.33,33.33,33.33,33.33,3859.0,128620.0,25000000.0,0.00015436,603685
2017-11-29,36.66,36.66,36.66,36.66,18224.0,668092.0,25000000.0,0.00072896,603685
2017-11-30,40.33,40.33,40.33,40.33,94510.0,3811588.0,25000000.0,0.0037804,603685
2017-12-01,44.36,44.36,44.36,44.36,335942.0,14902387.0,25000000.0,0.01343768,603685
2017-12-04,44.39,44.39,39.92,39.92,10896613.0,448538887.0,25000000.0,0.43586452,603685
2017-12-05,38.02,39.37,36.06,36.93,8900744.0,335171365.0,25000000.0,0.35602976,603685
2017-12-06,36.6,37.86,35.75,37.33,5837643.0,214900327.0,25000000.0,0.23350572,603685
2017-12-07,36.89,37.0,35.02,35.05,5081072.0,182121581.0,25000000.0,0.20324288,603685
2017-12-08,34.7,36.37,34.34,35.36,4753087.0,169851204.0,25000000.0,0.19012348,603685
2017-12-11,35.34,36.1,35.02,35.54,3220225.0,114258759.0,25000000.0,0.128809,603685
2017-12-12,35.0,35.0,33.3,33.34,4647865.0,157725433.0,25000000.0,0.1859146,603685
2017-12-13,33.3,33.65,32.8,33.53,2870848.0,95627322.0,25000000.0,0.11483392,603685
2017-12-14,33.49,34.12,33.27,33.89,2896307.0,97629275.0,25000000.0,0.11585228,603685
2017-12-15,34.0,34.82,33.57,33.85,3513783.0,120195435.0,25000000.0,0.14055132,603685
2017-12-18,34.0,34.6,33.32,34.05,2344658.0,79738968.0,25000000.0,0.09378632,603685
2017-12-19,34.2,34.25,33.51,33.9,2371545.0,80450421.0,25000000.0,0.0948618,603685
2017-12-20,34.09,34.1,32.32,32.42,3107178.0,102573295.0,25000000.0,0.12428712,603685
2017-12-21,32.34,32.37,31.31,31.99,2861185.0,91274324.0,25000000.0,0.1144474,603685
2017-12-22,31.99,33.18,31.71,32.47,2756987.0,89939908.0,25000000.0,0.11027948,603685
2017-12-25,32.54,32.59,31.44,32.32,2603782.0,83133301.0,25000000.0,0.10415128,603685
2017-12-26,32.45,34.36,32.11,33.75,4440218.0,148221136.0,25000000.0,0.17760872,603685
2017-12-27,33.85,35.62,33.58,34.51,6226400.0,215340629.0,25000000.0,0.249056,603685
2017-12-28,34.05,36.57,34.0,36.25,7216101.0,256283393.0,25000000.0,0.28864404,603685
2017-12-29,35.88,36.48,34.81,35.16,4397860.0,155780203.0,25000000.0,0.1759144,603685
2018-01-02,35.51,35.91,35.05,35.51,3216214.0,114186759.0,25000000.0,0.12864856,603685
2018-01-03,35.5,35.5,34.01,34.5,4031588.0,138851141.0,25000000.0,0.16126352,603685
2018-01-04,34.37,34.83,33.6,33.99,2977399.0,101890561.0,25000000.0,0.11909596,603685
2018-01-05,33.8,34.39,33.41,33.47,2420798.0,81865077.0,25000000.0,0.09683192,603685
2018-01-08,33.55,34.42,33.5,34.33,2679634.0,90937979.0,25000000.0,0.10718536,603685
2018-01-09,34.18,36.28,34.01,35.85,6260959.0,221453436.0,25000000.0,0.25043836,603685
2018-01-10,35.31,35.54,34.07,34.52,3889265.0,135298728.0,25000000.0,0.1555706,603685
2018-01-11,34.29,37.22,34.2,35.86,5927870.0,212743197.0,25000000.0,0.2371148,603685
2018-01-12,35.78,37.35,35.51,36.64,6648226.0,243377104.0,25000000.0,0.26592904,603685
2018-01-15,36.04,36.49,35.0,35.79,4028174.0,143647012.0,25000000.0,0.16112696,603685
2018-01-16,35.52,37.6,35.12,37.19,5109242.0,188163334.0,25000000.0,0.20436968,603685
2018-01-17,36.91,37.97,35.99,37.32,4944603.0,183215242.0,25000000.0,0.19778412,603685
2018-01-18,36.91,37.48,36.1,36.59,3079139.0,112834171.0,25000000.0,0.12316556,603685
2018-01-19,36.6,37.22,35.34,35.41,3634409.0,131696873.0,25000000.0,0.14537636,603685
2018-01-22,34.9,35.1,33.51,33.96,3057862.0,104299140.0,25000000.0,0.12231448,603685
2018-01-23,34.01,34.35,33.7,34.13,1710523.0,58169508.0,25000000.0,0.06842092,603685
2018-01-24,34.07,34.95,34.01,34.81,2225476.0,76995161.0,25000000.0,0.08901904,603685
2018-01-25,34.49,35.17,33.89,33.97,2260427.0,78091035.0,25000000.0,0.09041708,603685
2018-01-26,33.8,33.99,32.8,32.98,2693182.0,89656348.0,25000000.0,0.10772728,603685
2018-01-29,33.34,34.5,33.34,33.78,2519121.0,85257397.0,25000000.0,0.10076484,603685
2018-01-30,33.5,33.87,33.0,33.64,1807781.0,60470928.0,25000000.0,0.07231124,603685
2018-01-31,33.42,34.3,32.64,32.91,2376364.0,79610973.0,25000000.0,0.09505456,603685
2018-02-01,32.6,33.2,31.15,31.22,2349139.0,75283773.0,25000000.0,0.09396556,603685
2018-02-02,30.86,31.32,30.06,30.4,1995688.0,61022993.0,25000000.0,0.07982752,603685
2018-02-05,29.72,30.86,29.38,30.05,1258296.0,38107274.0,25000000.0,0.05033184,603685
2018-02-06,29.33,30.25,27.8,28.0,2007626.0,58608367.0,25000000.0,0.08030504,603685
2018-02-07,29.0,29.03,27.6,28.35,1895101.0,54035917.0,25000000.0,0.07580404,603685
2018-02-08,28.3,28.98,28.25,28.74,1171087.0,33593597.0,25000000.0,0.04684348,603685
2018-02-09,28.0,28.33,27.0,27.42,1671977.0,46206523.0,25000000.0,0.06687908,603685
2018-02-12,27.9,28.48,27.7,28.24,1137073.0,32048603.0,25000000.0,0.04548292,603685
2018-02-13,28.3,28.67,28.1,28.13,1211522.0,34275367.0,25000000.0,0.04846088,603685
2018-02-14,28.36,28.47,27.92,28.09,681964.0,19161972.0,25000000.0,0.02727856,603685
2018-02-22,28.4,28.58,28.02,28.56,1091425.0,30981450.0,25000000.0,0.043657,603685
2018-02-23,28.68,29.49,28.43,29.47,1933428.0,56215280.0,25000000.0,0.07733712,603685
2018-02-26,29.99,30.19,29.6,30.03,1978144.0,59150079.0,25000000.0,0.07912576,603685
2018-02-27,29.98,30.16,29.7,29.78,1441341.0,43082445.0,25000000.0,0.05765364,603685
2018-02-28,29.47,29.47,29.07,29.14,1436144.0,41985204.0,25000000.0,0.05744576,603685
2018-03-01,28.88,29.68,28.88,29.58,1186150.0,34936993.0,25000000.0,0.047446,603685
2018-03-02,29.2,29.46,29.02,29.11,1284354.0,37534932.0,25000000.0,0.05137416,603685
2018-03-05,29.04,29.93,29.04,29.92,1340324.0,39633793.0,25000000.0,0.05361296,603685
2018-03-06,29.89,30.45,29.71,30.03,1848925.0,55515630.0,25000000.0,0.073957,603685
2018-03-07,30.0,30.33,29.68,29.9,1240505.0,37169450.0,25000000.0,0.0496202,603685
2018-03-08,29.71,30.53,29.71,30.48,1883745.0,57011831.0,25000000.0,0.0753498,603685
2018-03-09,30.43,30.88,30.26,30.8,1978091.0,60612671.0,25000000.0,0.07912364,603685
2018-03-12,30.96,31.51,30.65,30.87,2203319.0,68395893.0,25000000.0,0.08813276,603685
2018-03-13,30.92,31.17,30.11,30.17,1904393.0,58153576.0,25000000.0,0.07617572,603685
2018-03-14,30.01,30.6,29.93,30.34,1526593.0,46368493.0,25000000.0,0.06106372,603685
2018-03-15,30.0,30.0,28.51,29.01,2427351.0,70806649.0,25000000.0,0.09709404,603685
2018-03-16,28.97,29.27,28.78,28.8,1292956.0,37541115.0,25000000.0,0.05171824,603685
2018-03-19,28.89,29.88,28.7,29.67,1559900.0,46083522.0,25000000.0,0.062396,603685
2018-03-20,29.31,30.47,29.28,30.44,2075052.0,62462703.0,25000000.0,0.08300208,603685
2018-03-21,30.4,30.56,29.67,29.73,1864324.0,56374956.0,25000000.0,0.07457296,603685
2018-03-22,29.73,30.88,29.73,30.65,2167936.0,65911332.0,25000000.0,0.08671744,603685
2018-03-23,29.22,29.89,27.59,27.78,2527832.0,72606538.0,25000000.0,0.10111328,603685
2018-03-26,27.03,28.5,26.95,28.44,1450184.0,40256893.0,25000000.0,0.05800736,603685
2018-03-27,28.79,29.55,28.68,29.22,1580196.0,45963745.0,25000000.0,0.06320784,603685
2018-03-28,28.7,29.53,28.62,29.04,1351448.0,39455192.0,25000000.0,0.05405792,603685
2018-03-29,29.11,30.09,29.11,30.04,1895168.0,56220184.0,25000000.0,0.07580672,603685
2018-03-30,30.23,30.73,30.04,30.22,1933491.0,58578844.0,25000000.0,0.07733964,603685
2018-04-02,30.32,30.62,30.01,30.4,1929452.0,58568115.0,25000000.0,0.07717808,603685
2018-04-03,29.81,30.85,29.53,30.72,2015628.0,61062762.0,25000000.0,0.08062512,603685
2018-04-04,30.91,32.68,30.35,31.44,3487289.0,109654434.0,25000000.0,0.13949156,603685
2018-04-09,31.25,32.15,30.41,32.07,2766459.0,86926403.0,25000000.0,0.11065836,603685
2018-04-10,32.0,32.05,30.27,31.49,2444899.0,76512922.0,25000000.0,0.09779596,603685
2018-04-11,31.46,32.53,31.3,32.41,2942713.0,94555847.0,25000000.0,0.11770852,603685
2018-04-12,32.1,32.92,31.31,32.22,2385018.0,76919995.0,25000000.0,0.09540072,603685
2018-04-13,32.4,34.18,32.4,33.51,4957690.0,165762037.0,25000000.0,0.1983076,603685
2018-04-16,32.65,32.66,31.33,31.37,3540568.0,112858013.0,25000000.0,0.14162272,603685
2018-04-17,31.4,31.68,29.75,30.19,2207196.0,68111265.0,25000000.0,0.08828784,603685
2018-04-18,30.5,30.79,28.88,30.51,2074187.0,62045439.0,25000000.0,0.08296748,603685
2018-04-19,30.48,30.8,29.93,30.1,1664428.0,50616554.0,25000000.0,0.06657712,603685
2018-04-20,29.92,30.1,28.5,28.52,1825458.0,53371357.0,25000000.0,0.07301832,603685
2018-04-23,28.65,29.72,28.57,29.3,1579143.0,46115097.0,25000000.0,0.06316572,603685
2018-04-24,29.3,31.79,29.21,30.99,2515075.0,76632087.0,25000000.0,0.100603,603685
2018-04-25,30.61,31.76,30.39,31.43,2757193.0,86384178.0,25000000.0,0.11028772,603685
2018-04-26,31.16,31.43,30.12,30.17,1568246.0,48126209.0,25000000.0,0.06272984,603685
2018-04-27,28.97,28.99,27.16,27.89,3263671.0,91931158.0,25000000.0,0.13054684,603685
2018-05-02,27.86,27.98,27.1,27.37,1441541.0,39608408.0,25000000.0,0.05766164,603685
2018-05-03,27.39,28.19,27.13,28.09,1387024.0,38563863.0,25000000.0,0.05548096,603685
2018-05-04,28.16,28.17,27.65,27.69,1058706.0,29537938.0,25000000.0,0.04234824,603685
2018-05-07,27.74,28.5,27.69,28.35,1314657.0,37053598.0,25000000.0,0.05258628,603685
2018-05-08,28.25,28.59,28.24,28.43,1295944.0,36779472.0,25000000.0,0.05183776,603685
2018-05-09,28.43,28.88,28.35,28.85,1302284.0,37329068.0,25000000.0,0.05209136,603685
2018-05-10,28.84,29.49,28.63,29.29,1469532.0,42814038.0,25000000.0,0.05878128,603685
2018-05-11,29.6,29.6,29.01,29.27,1354991.0,39682100.0,25000000.0,0.05419964,603685
2018-05-14,29.03,29.34,28.63,28.87,956499.0,27671808.0,25000000.0,0.03825996,603685
2018-05-15,28.93,29.58,28.77,29.54,1365903.0,40061671.0,25000000.0,0.05463612,603685
2018-05-16,29.48,29.79,28.81,28.89,1150684.0,33613199.0,25000000.0,0.04602736,603685
2018-05-17,28.89,29.55,28.84,29.35,1058328.0,30995927.0,25000000.0,0.04233312,603685
2018-05-18,29.08,29.57,28.85,29.36,939300.0,27468628.0,25000000.0,0.037572,603685
2018-05-21,29.36,32.3,29.36,30.82,5426243.0,170350035.0,25000000.0,0.21704972,603685
2018-05-22,30.55,30.88,30.1,30.8,3833492.0,116675691.0,25000000.0,0.15333968,603685
2018-05-23,30.54,31.2,30.36,30.65,2572316.0,79365329.0,25000000.0,0.10289264,603685
2018-05-24,30.56,31.29,30.51,31.06,2258978.0,69772964.0,25000000.0,0.09035912,603685
2018-05-25,31.15,31.24,30.38,30.89,2097780.0,64737324.0,25000000.0,0.0839112,603685
2018-05-28,30.89,30.9,29.82,30.25,1437492.0,43637743.0,25000000.0,0.05749968,603685
2018-05-29,30.15,31.07,30.07,30.43,1642632.0,50353815.0,25000000.0,0.06570528,603685
2018-05-30,29.65,29.65,27.7,27.97,2091091.0,59827587.0,25000000.0,0.08364364,603685
2018-05-31,21.6,22.24,21.31,22.11,1260464.0,27611001.0,25000000.0,0.05041856,603685
2018-06-01,21.43,22.08,20.4,20.99,2084921.0,44601857.0,32500000.0,0.0641514153846153,603685
2018-06-04,20.81,21.55,20.8,21.19,1317965.0,28057709.0,32500000.0,0.0405527692307692,603685
2018-06-05,21.17,21.93,21.05,21.82,2059709.0,44540357.0,32500000.0,0.0633756615384615,603685
2018-06-06,21.75,22.27,21.71,22.06,1754023.0,38636433.0,32500000.0,0.0539699384615384,603685
2018-06-07,22.23,22.34,21.52,21.55,1671172.0,36489248.0,32500000.0,0.0514206769230769,603685
2018-06-08,21.48,21.97,21.22,21.92,1662191.0,36118341.0,32500000.0,0.0511443384615384,603685
2018-06-11,21.78,22.6,21.7,22.34,2706713.0,60259512.0,32500000.0,0.0832834769230769,603685
2018-06-12,22.21,22.21,20.73,21.71,2464831.0,53144804.0,32500000.0,0.0758409538461538,603685
2018-06-13,21.5,21.67,20.8,20.88,1673945.0,35462306.0,32500000.0,0.051506,603685
2018-06-14,20.5,21.36,20.5,21.1,1252689.0,26410391.0,32500000.0,0.0385442769230769,603685
2018-06-15,20.8,21.3,19.95,20.31,1838818.0,37568899.0,32500000.0,0.0565790153846153,603685
2018-06-19,19.85,19.85,18.28,18.44,2148270.0,40372778.0,32500000.0,0.0661006153846153,603685
2018-06-20,18.4,19.0,18.05,18.74,1478375.0,27503773.0,32500000.0,0.0454884615384615,603685
2018-06-21,18.5,18.84,17.64,17.79,1557591.0,28386367.0,32500000.0,0.0479258769230769,603685
2018-06-22,17.5,18.4,17.3,18.33,1247938.0,22519289.0,32500000.0,0.0383980923076923,603685
2018-06-25,18.4,18.59,17.82,18.09,1062151.0,19475457.0,32500000.0,0.0326815692307692,603685
2018-06-26,17.79,18.48,17.57,18.35,1096905.0,19916793.0,32500000.0,0.033750923076923,603685
2018-06-27,18.36,19.08,18.29,18.62,1660068.0,31129573.0,32500000.0,0.0510790153846153,603685
2018-06-28,19.18,19.19,18.44,18.48,1566583.0,29617067.0,32500000.0,0.0482025538461538,603685
2018-06-29,19.0,19.0,18.22,18.85,1256173.0,23573691.0,32500000.0,0.0386514769230769,603685
2018-07-02,18.85,18.96,18.13,18.33,1143980.0,21229233.0,32500000.0,0.0351993846153846,603685
2018-07-03,18.29,19.57,18.18,19.16,2310101.0,43578703.0,32500000.0,0.0710800307692307,603685
2018-07-04,19.01,19.02,18.2,18.62,1610147.0,29970425.0,32500000.0,0.0495429846153846,603685
2018-07-05,18.71,18.85,18.15,18.2,1091550.0,20190842.0,32500000.0,0.0335861538461538,603685
2018-07-06,18.43,18.65,17.41,18.2,1365267.0,24706637.0,32500000.0,0.0420082153846153,603685
2018-07-09,18.37,18.74,18.3,18.71,1465826.0,27273752.0,32500000.0,0.0451023384615384,603685
2018-07-10,18.76,19.08,18.51,18.86,2042942.0,38305452.0,32500000.0,0.0628597538461538,603685
2018-07-11,18.5,18.5,17.82,18.1,1855599.0,33649760.0,32500000.0,0.0570953538461538,603685
2018-07-12,18.2,18.88,18.01,18.71,2371524.0,44137842.0,32500000.0,0.0729699692307692,603685
2018-07-13,18.84,18.9,18.49,18.67,1391703.0,26013262.0,32500000.0,0.0428216307692307,603685
2018-07-16,18.64,18.96,18.3,18.78,1604589.0,30022101.0,32500000.0,0.0493719692307692,603685
2018-07-17,18.65,18.76,18.39,18.67,961312.0,17858419.0,32500000.0,0.0295788307692307,603685
2018-07-18,18.67,19.07,18.64,18.68,1471894.0,27654464.0,32500000.0,0.0452890461538461,603685
2018-07-19,18.58,18.75,18.02,18.18,1348584.0,24690517.0,32500000.0,0.0414948923076923,603685
2018-07-20,18.3,18.77,18.02,18.62,1719734.0,31760270.0,32500000.0,0.0529148923076923,603685
2018-07-23,18.23,18.67,18.23,18.66,1175686.0,21753845.0,32500000.0,0.0361749538461538,603685
2018-07-24,18.53,18.93,18.53,18.87,2108580.0,39695278.0,32500000.0,0.0648793846153846,603685
2018-07-25,18.88,19.05,18.72,18.84,1558754.0,29411338.0,32500000.0,0.0479616615384615,603685
2018-07-26,18.8,18.88,18.42,18.69,1361220.0,25360702.0,32500000.0,0.0418836923076923,603685
2018-07-27,18.7,19.18,18.52,18.9,2081234.0,39218144.0,32500000.0,0.0640379692307692,603685
2018-07-30,18.7,18.79,18.01,18.29,1443432.0,26544745.0,32500000.0,0.0444132923076923,603685
2018-07-31,18.27,19.1,18.09,18.64,1754321.0,32712545.0,32500000.0,0.0539791076923076,603685
2018-08-01,18.5,18.66,18.14,18.18,1298241.0,23803390.0,32500000.0,0.0399458769230769,603685
2018-08-02,18.02,18.12,16.76,17.2,1610551.0,27871083.0,32500000.0,0.0495554153846153,603685
2018-08-03,17.16,17.38,16.76,16.85,806110.0,13695511.0,32500000.0,0.0248033846153846,603685
2018-08-06,16.92,16.92,16.1,16.16,717088.0,11761757.0,32500000.0,0.0220642461538461,603685
2018-08-07,16.08,16.58,15.97,16.55,772880.0,12654055.0,32500000.0,0.023780923076923,603685
2018-08-08,16.55,16.55,15.8,15.86,1151536.0,18576506.0,32500000.0,0.0354318769230769,603685
2018-08-09,15.86,16.37,15.85,16.25,1137951.0,18457674.0,32500000.0,0.0350138769230769,603685
2018-08-10,16.24,16.37,16.06,16.31,1111306.0,18059012.0,32500000.0,0.0341940307692307,603685
2018-08-13,16.01,16.86,15.91,16.63,1827706.0,29889432.0,32500000.0,0.0562371076923076,603685
2018-08-14,16.41,16.6,16.26,16.4,1127930.0,18507610.0,32500000.0,0.0347055384615384,603685
2018-08-15,16.4,16.4,15.95,16.03,925253.0,14931634.0,32500000.0,0.028469323076923,603685
2018-08-16,15.78,15.96,15.02,15.64,839974.0,13219063.0,32500000.0,0.0258453538461538,603685
2018-08-17,15.9,16.1,15.32,15.46,890805.0,14010859.0,32500000.0,0.0274093846153846,603685
2018-08-20,15.35,15.92,15.05,15.66,691750.0,10690482.0,32500000.0,0.0212846153846153,603685
2018-08-21,15.73,15.87,15.41,15.78,905674.0,14231353.0,32500000.0,0.0278668923076923,603685
2018-08-22,15.61,15.78,15.31,15.36,625106.0,9673292.0,32500000.0,0.0192340307692307,603685
2018-08-23,15.37,15.64,15.33,15.43,781356.0,12105498.0,32500000.0,0.024041723076923,603685
2018-08-24,15.43,15.49,15.13,15.23,750059.0,11484235.0,32500000.0,0.0230787384615384,603685
2018-08-27,15.24,15.6,15.24,15.5,882370.0,13646246.0,32500000.0,0.0271498461538461,603685
2018-08-28,15.52,15.65,15.43,15.59,798263.0,12411194.0,32500000.0,0.0245619384615384,603685
2018-08-29,15.59,15.88,15.5,15.59,885220.0,13886380.0,32500000.0,0.0272375384615384,603685
2018-08-30,15.59,15.7,15.3,15.3,665500.0,10305355.0,32500000.0,0.020476923076923,603685
2018-08-31,15.12,15.5,15.01,15.37,1165682.0,17738831.0,32500000.0,0.0358671384615384,603685
2018-09-03,15.2,16.49,15.17,15.75,1956686.0,30615950.0,32500000.0,0.060205723076923,603685
2018-09-04,15.46,15.73,15.4,15.66,1550956.0,24099394.0,32500000.0,0.047721723076923,603685
2018-09-05,15.59,15.64,15.18,15.22,1063440.0,16423740.0,32500000.0,0.0327212307692307,603685
2018-09-06,15.13,15.41,15.05,15.22,879620.0,13355765.0,32500000.0,0.0270652307692307,603685
2018-09-07,15.22,15.5,15.15,15.3,726740.0,11151381.0,32500000.0,0.0223612307692307,603685
2018-09-10,15.58,15.88,15.14,15.52,1252535.0,19403939.0,32500000.0,0.0385395384615384,603685
2018-09-11,15.48,15.75,15.4,15.66,1072335.0,16683881.0,32500000.0,0.032994923076923,603685
2018-09-12,15.63,15.7,15.42,15.62,948448.0,14745731.0,32500000.0,0.0291830153846153,603685
2018-09-13,15.66,16.08,15.56,16.04,1976751.0,31311186.0,32500000.0,0.0608231076923076,603685
2018-09-14,16.0,16.16,15.77,15.81,1367470.0,21803966.0,32500000.0,0.042076,603685
2018-09-17,15.81,15.81,15.11,15.17,801290.0,12288680.0,32500000.0,0.0246550769230769,603685
2018-09-18,15.05,15.89,15.02,15.75,1007160.0,15513407.0,32500000.0,0.0309895384615384,603685
2018-09-19,15.75,16.16,15.46,15.79,1404746.0,22167037.0,32500000.0,0.0432229538461538,603685
2018-09-20,16.14,16.14,15.67,15.72,1217923.0,19377978.0,32500000.0,0.0374745538461538,603685
2018-09-21,15.71,15.88,15.48,15.84,1003213.0,15795307.0,32500000.0,0.0308680923076923,603685
2018-09-25,15.77,15.97,15.63,15.89,705823.0,11188321.0,32500000.0,0.0217176307692307,603685
2018-09-26,15.9,15.96,15.62,15.81,881683.0,13952427.0,32500000.0,0.0271287076923076,603685
2018-09-27,15.78,15.79,15.18,15.18,1085150.0,16752065.0,32500000.0,0.0333892307692307,603685
2018-09-28,15.18,15.44,15.18,15.41,590547.0,9065330.0,32500000.0,0.0181706769230769,603685
2018-10-08,15.18,15.23,14.62,14.7,756940.0,11361550.0,32500000.0,0.0232904615384615,603685
2018-10-09,14.76,14.89,14.65,14.78,458720.0,6778247.0,32500000.0,0.0141144615384615,603685
2018-10-10,14.95,15.77,14.8,15.35,1249350.0,19214682.0,32500000.0,0.0384415384615384,603685
2018-10-11,15.0,15.01,13.82,13.82,1652383.0,23760391.0,32500000.0,0.0508425538461538,603685
2018-10-12,13.8,14.18,13.11,13.78,954026.0,13045741.0,32500000.0,0.0293546461538461,603685
2018-10-15,13.85,14.18,13.64,13.67,707193.0,9805404.0,32500000.0,0.0217597846153846,603685
2018-10-16,13.79,13.93,13.3,13.38,751300.0,10202886.0,32500000.0,0.023116923076923,603685
2018-10-17,13.59,13.9,13.41,13.9,1140346.0,15592644.0,32500000.0,0.0350875692307692,603685
2018-10-18,13.97,15.29,13.75,15.29,2848878.0,42753323.0,32500000.0,0.0876577846153846,603685
2018-10-19,15.2,15.95,14.61,15.66,5412775.0,82277465.0,32500000.0,0.166546923076923,603685
2018-10-22,15.1,16.54,15.1,16.21,5753107.0,91565364.0,32500000.0,0.1770186769230769,603685
2018-10-23,16.0,16.11,15.53,16.03,3362332.0,53271486.0,32500000.0,0.1034563692307692,603685
2018-10-24,15.89,16.08,15.37,15.5,2246214.0,35187865.0,32500000.0,0.0691142769230769,603685
2018-10-25,14.8,15.3,14.32,15.16,2631358.0,38895703.0,32500000.0,0.0809648615384615,603685
2018-10-26,15.2,15.78,15.12,15.29,2198366.0,33817975.0,32500000.0,0.0676420307692307,603685
2018-10-29,15.17,15.17,14.7,14.75,1205166.0,17869099.0,32500000.0,0.0370820307692307,603685
2018-10-30,14.51,15.17,14.51,14.93,1915511.0,28441616.0,32500000.0,0.0589388,603685
2018-10-31,15.01,15.68,15.01,15.41,2997059.0,46262182.0,32500000.0,0.0922172,603685
2018-11-01,15.38,15.58,15.21,15.49,2583678.0,39766664.0,32500000.0,0.0794977846153846,603685
2018-11-02,15.7,15.89,15.4,15.78,2936243.0,45923849.0,32500000.0,0.0903459384615384,603685
2018-11-05,15.85,16.89,15.82,15.98,4507506.0,73141366.0,32500000.0,0.1386924923076923,603685
2018-11-06,15.97,16.49,15.7,16.33,3857968.0,62363331.0,32500000.0,0.1187067076923076,603685
2018-11-07,16.14,16.22,15.83,15.86,2690299.0,43090633.0,32500000.0,0.0827784307692307,603685
2018-11-08,15.88,16.1,15.57,15.87,1438503.0,22681770.0,32500000.0,0.0442616307692307,603685
2018-11-09,15.86,16.15,15.51,15.95,1311176.0,20900954.0,32500000.0,0.0403438769230769,603685
2018-11-12,15.88,16.4,15.78,16.38,2915363.0,47197826.0,32500000.0,0.0897034769230769,603685
2018-11-13,16.1,16.49,16.06,16.28,3096125.0,50345530.0,32500000.0,0.0952653846153846,603685
2018-11-14,16.28,16.42,16.1,16.16,1871286.0,30336859.0,32500000.0,0.0575780307692307,603685
2018-11-15,16.15,17.47,16.07,17.1,5203112.0,87173169.0,32500000.0,0.1600957538461538,603685
2018-11-16,17.08,17.22,16.79,16.82,3295858.0,55954232.0,32500000.0,0.1014110153846153,603685
2018-11-19,16.69,17.07,16.56,17.03,1869971.0,31531845.0,32500000.0,0.0575375692307692,603685
2018-11-20,16.85,17.0,16.13,16.14,1976460.0,32758131.0,32500000.0,0.0608141538461538,603685
2018-11-21,15.9,16.18,15.68,16.09,1440108.0,22977716.0,32500000.0,0.0443110153846153,603685
2018-11-22,16.09,16.15,15.83,15.96,1123551.0,17927419.0,32500000.0,0.0345708,603685
2018-11-23,15.91,15.95,14.6,14.71,1890710.0,28809134.0,32500000.0,0.0581756923076923,603685
2018-11-26,14.63,14.79,14.24,14.42,1123780.0,16287366.0,32500000.0,0.0345778461538461,603685
2018-11-27,14.55,14.7,14.5,14.6,745570.0,10873407.0,44200000.0,0.0168680995475113,603685
2018-11-28,14.65,14.88,14.0,14.88,1044863.0,15262022.0,44200000.0,0.0236394343891402,603685
2018-11-29,14.93,15.08,14.51,14.54,1106410.0,16458539.0,44200000.0,0.0250319004524886,603685
2018-11-30,14.38,14.93,14.33,14.83,653760.0,9523586.0,44200000.0,0.0147909502262443,603685
2018-12-03,15.05,15.38,15.05,15.23,1156046.0,17596328.0,44200000.0,0.026154886877828,603685
2018-12-04,15.21,15.42,15.09,15.28,771417.0,11774303.0,44200000.0,0.0174528733031674,603685
2018-12-05,15.27,15.27,14.9,15.08,886100.0,13341739.0,44200000.0,0.0200475113122171,603685
2018-12-06,15.09,15.16,14.78,14.83,677700.0,10117267.0,44200000.0,0.0153325791855203,603685
2018-12-07,14.84,15.01,14.76,14.85,572715.0,8510781.0,44200000.0,0.0129573529411764,603685
2018-12-10,14.71,14.88,14.57,14.58,485330.0,7127157.0,44200000.0,0.0109803167420814,603685
2018-12-11,14.61,14.77,14.61,14.73,402430.0,5910750.0,44200000.0,0.0091047511312217,603685
2018-12-12,14.83,14.96,14.72,14.86,717650.0,10655600.0,44200000.0,0.0162364253393665,603685
2018-12-13,14.89,15.17,14.83,14.96,941586.0,14121498.0,44200000.0,0.021302850678733,603685
2018-12-14,14.96,15.03,14.59,14.64,691950.0,10229163.0,44200000.0,0.0156549773755656,603685
2018-12-17,14.63,14.7,14.36,14.62,500213.0,7268988.0,44200000.0,0.011317036199095,603685
2018-12-18,14.6,14.62,14.22,14.46,647136.0,9317335.0,44200000.0,0.0146410859728506,603685
2018-12-19,14.48,14.54,14.08,14.1,748210.0,10663402.0,44200000.0,0.0169278280542986,603685
2018-12-20,14.02,14.31,14.02,14.17,633400.0,8987319.0,44200000.0,0.0143303167420814,603685
2018-12-21,14.22,14.29,14.03,14.23,415280.0,5892425.0,44200000.0,0.0093954751131221,603685
2018-12-24,14.09,14.48,14.09,14.45,454630.0,6544728.0,44200000.0,0.0102857466063348,603685
2018-12-25,14.33,14.38,13.88,14.35,783830.0,11076477.0,44200000.0,0.0177337104072398,603685
2018-12-26,14.37,14.95,14.37,14.92,1944473.0,28802603.0,44200000.0,0.0439926018099547,603685
2018-12-27,15.0,15.1,14.5,14.54,1197312.0,17670312.0,44200000.0,0.0270885067873303,603685
2018-12-28,14.41,14.66,14.2,14.31,619952.0,8943406.0,44200000.0,0.0140260633484162,603685
2019-01-02,14.3,14.39,14.23,14.32,407000.0,5823331.0,44200000.0,0.00920814479638,603685
2019-01-03,14.26,14.5,14.13,14.14,429369.0,6147781.0,44200000.0,0.0097142307692307,603685
2019-01-04,14.14,14.63,13.93,14.51,883139.0,12639553.0,44200000.0,0.0199805203619909,603685
2019-01-07,14.54,14.84,14.5,14.74,1092922.0,16076367.0,44200000.0,0.0247267420814479,603685
2019-01-08,14.66,14.88,14.61,14.79,781082.0,11509926.0,44200000.0,0.0176715384615384,603685
2019-01-09,14.8,15.08,14.64,14.65,1122742.0,16712064.0,44200000.0,0.0254014027149321,603685
2019-01-10,14.65,14.94,14.6,14.81,1084000.0,16043260.0,44200000.0,0.024524886877828,603685
2019-01-11,14.81,14.95,14.68,14.92,846502.0,12536746.0,44200000.0,0.019151628959276,603685
2019-01-14,14.93,14.98,14.53,14.64,648740.0,9551217.0,44200000.0,0.0146773755656108,603685
2019-01-15,14.58,14.95,14.58,14.86,703489.0,10421110.0,44200000.0,0.0159160407239819,603685
2019-01-16,14.9,15.0,14.84,14.95,666190.0,9935146.0,44200000.0,0.0150721719457013,603685
2019-01-17,14.88,14.88,14.63,14.68,602180.0,8873746.0,44200000.0,0.0136239819004524,603685
2019-01-18,14.71,14.96,14.71,14.84,506090.0,7497523.0,44200000.0,0.01145,603685
2019-01-21,14.83,14.99,14.75,14.91,570320.0,8490154.0,44200000.0,0.0129031674208144,603685
2019-01-22,14.9,15.08,14.84,14.87,903383.0,13500483.0,44200000.0,0.0204385294117647,603685
2019-01-23,14.88,14.95,14.79,14.92,395750.0,5883857.0,44200000.0,0.0089536199095022,603685
2019-01-24,14.82,14.97,14.72,14.92,703527.0,10470019.0,44200000.0,0.0159169004524886,603685
2019-01-25,14.94,14.99,14.82,14.86,655109.0,9759770.0,44200000.0,0.0148214705882352,603685
2019-01-28,14.86,14.97,14.28,14.31,1100510.0,16035203.0,44200000.0,0.0248984162895927,603685
2019-01-29,14.43,14.43,13.22,13.74,734391.0,10208012.0,44200000.0,0.0166151809954751,603685
2019-01-30,13.69,14.1,13.61,13.69,593220.0,8218692.0,44200000.0,0.0134212669683257,603685
2019-01-31,13.69,13.81,13.23,13.39,799317.0,10782318.0,44200000.0,0.0180840950226244,603685
2019-02-01,13.44,13.69,13.38,13.68,586880.0,7962928.0,44200000.0,0.0132778280542986,603685
2019-02-11,13.69,14.04,13.68,14.0,689470.0,9573264.0,44200000.0,0.0155988687782805,603685
2019-02-12,14.0,14.28,13.94,14.18,614150.0,8674722.0,44200000.0,0.0138947963800904,603685
2019-02-13,14.18,14.51,14.18,14.43,1059242.0,15231191.0,44200000.0,0.0239647511312217,603685
2019-02-14,14.42,14.54,14.3,14.41,734010.0,10591626.0,44200000.0,0.0166065610859728,603685
2019-02-15,14.41,14.65,14.41,14.46,740553.0,10743353.0,44200000.0,0.0167545927601809,603685
2019-02-18,14.58,14.94,14.5,14.87,1121080.0,16563651.0,44200000.0,0.0253638009049773,603685
2019-02-19,15.01,15.02,14.71,14.86,1227677.0,18268609.0,44200000.0,0.0277754977375565,603685
2019-02-20,14.9,14.92,14.75,14.91,841443.0,12497248.0,44200000.0,0.0190371719457013,603685
2019-02-21,14.87,15.15,14.72,14.77,1263208.0,18927083.0,44200000.0,0.0285793665158371,603685
2019-02-22,14.89,14.98,14.7,14.97,1094082.0,16273728.0,44200000.0,0.0247529864253393,603685
2019-02-25,15.08,15.69,15.01,15.55,1840225.0,28447685.0,44200000.0,0.0416340497737556,603685
2019-02-26,15.8,15.92,15.43,15.5,2447146.0,38446763.0,44200000.0,0.055365294117647,603685
2019-02-27,15.5,15.79,15.3,15.49,2143888.0,33415182.0,44200000.0,0.0485042533936651,603685
2019-02-28,15.44,15.6,15.34,15.5,1238180.0,19139501.0,44200000.0,0.0280131221719457,603685
2019-03-01,15.51,15.58,15.35,15.53,974223.0,15077464.0,44200000.0,0.0220412443438914,603685
2019-03-04,15.6,15.86,15.6,15.69,1990938.0,31288816.0,44200000.0,0.0450438461538461,603685
2019-03-05,15.65,15.98,15.54,15.94,1669661.0,26289392.0,44200000.0,0.0377751357466063,603685
2019-03-06,15.93,16.28,15.85,16.28,2360723.0,37807614.0,44200000.0,0.0534100226244343,603685
2019-03-07,16.28,16.98,16.05,16.82,3441455.0,56870896.0,44200000.0,0.0778609728506787,603685
2019-03-08,16.43,16.69,15.81,15.82,2817206.0,45945995.0,44200000.0,0.0637376923076923,603685
2019-03-11,16.01,16.58,15.92,16.58,1821775.0,29596345.0,44200000.0,0.041216628959276,603685
2019-03-12,16.9,17.77,16.88,17.05,4304674.0,74048399.0,44200000.0,0.097390814479638,603685
2019-03-13,17.05,17.21,16.6,16.65,2105540.0,35563972.0,44200000.0,0.0476366515837104,603685
2019-03-14,16.65,16.7,15.75,15.98,1748442.0,28172889.0,44200000.0,0.0395575113122171,603685
2019-03-15,16.2,16.29,15.9,16.11,1467235.0,23663895.0,44200000.0,0.0331953619909502,603685
2019-03-18,16.12,16.49,16.1,16.41,1301392.0,21192483.0,44200000.0,0.029443257918552,603685
2019-03-19,16.41,16.6,16.35,16.48,1360279.0,22382168.0,44200000.0,0.0307755429864253,603685
2019-03-20,16.48,16.76,16.31,16.63,1454353.0,24029703.0,44200000.0,0.0329039140271493,603685
2019-03-21,16.54,17.07,16.54,16.89,2351169.0,39548076.0,44200000.0,0.0531938687782805,603685
2019-03-22,16.76,17.49,16.61,17.48,3054707.0,51854775.0,44200000.0,0.0691110180995475,603685
2019-03-25,17.18,17.27,17.01,17.17,2754734.0,47225039.0,44200000.0,0.0623242986425339,603685
2019-03-26,17.17,17.29,16.76,17.17,2806848.0,47887064.0,44200000.0,0.0635033484162895,603685
2019-03-27,17.18,17.34,16.98,17.19,2597190.0,44589074.0,44200000.0,0.0587599547511312,603685
2019-03-28,17.2,17.8,16.92,17.61,4777195.0,83684226.0,44200000.0,0.1080813348416289,603685
2019-03-29,17.66,17.75,17.01,17.47,3098441.0,53713190.0,44200000.0,0.0701004751131221,603685
2019-04-01,17.47,17.87,17.34,17.7,3723285.0,65606655.0,44200000.0,0.0842372171945701,603685
2019-04-02,17.8,17.83,17.33,17.45,2674973.0,46906841.0,44200000.0,0.0605197511312217,603685
2019-04-03,17.32,17.39,17.15,17.29,1983175.0,34192321.0,44200000.0,0.0448682126696832,603685
2019-04-04,17.29,17.38,17.03,17.19,2002837.0,34406352.0,44200000.0,0.0453130542986425,603685
2019-04-08,17.28,17.36,17.03,17.3,1763735.0,30433077.0,44200000.0,0.0399035067873303,603685
2019-04-09,17.22,17.48,17.13,17.48,1180493.0,20431482.0,44200000.0,0.0267079864253393,603685
2019-04-10,17.38,17.55,17.26,17.48,1331584.0,23196786.0,44200000.0,0.0301263348416289,603685
2019-04-11,17.48,17.85,17.21,17.73,3024064.0,53198126.0,44200000.0,0.068417737556561,603685
2019-04-12,17.69,17.99,17.54,17.93,2773842.0,49349985.0,44200000.0,0.0627566063348416,603685
2019-04-15,18.12,18.23,17.6,17.62,2987431.0,53310960.0,44200000.0,0.0675889366515837,603685
2019-04-16,17.58,18.0,17.1,17.82,1634814.0,28796348.0,44200000.0,0.0369867420814479,603685
2019-04-17,17.74,18.55,17.74,18.55,4378458.0,79912848.0,44200000.0,0.0990601357466063,603685
2019-04-18,18.47,18.47,18.08,18.12,2372860.0,43228711.0,44200000.0,0.0536846153846153,603685
2019-04-19,18.13,18.25,17.95,18.2,1523323.0,27596167.0,44200000.0,0.0344643212669683,603685
2019-04-22,18.18,18.3,17.83,18.19,1631858.0,29423014.0,44200000.0,0.0369198642533936,603685
2019-04-23,18.19,18.22,17.8,18.05,1279323.0,22964908.0,44200000.0,0.0289439592760181,603685
2019-04-24,18.04,18.65,17.8,18.35,3128444.0,57130277.0,44200000.0,0.0707792760180995,603685
2019-04-25,18.32,18.34,17.1,17.35,2036823.0,36030667.0,44200000.0,0.0460819683257918,603685
2019-04-26,17.22,17.47,17.18,17.4,1059830.0,18334347.0,44200000.0,0.0239780542986425,603685
2019-04-29,17.48,17.49,16.61,16.89,1034253.0,17584392.0,44200000.0,0.0233993891402714,603685
2019-04-30,16.8,17.8,16.71,17.62,916951.0,15928919.0,44200000.0,0.0207454977375565,603685
2019-05-06,17.15,17.62,16.5,16.58,1409506.0,23899975.0,44200000.0,0.0318892760180995,603685
2019-05-07,16.68,17.06,16.64,16.8,586606.0,9880887.0,44200000.0,0.013271628959276,603685
2019-05-08,16.49,17.14,16.15,16.8,578995.0,9662515.0,44200000.0,0.0130994343891402,603685
2019-05-09,16.65,17.1,16.65,16.84,884970.0,14959369.0,44200000.0,0.0200219457013574,603685
2019-05-10,16.84,17.3,16.8,17.19,1199710.0,20575958.0,44200000.0,0.0271427601809954,603685
2019-05-13,17.08,17.36,17.08,17.33,717073.0,12371270.0,44200000.0,0.0162233710407239,603685
2019-05-14,17.24,17.87,17.02,17.78,1488960.0,25995832.0,44200000.0,0.0336868778280542,603685
2019-05-15,17.79,17.89,17.66,17.81,1757250.0,31277717.0,44200000.0,0.0397567873303167,603685
2019-05-16,17.89,17.97,17.65,17.75,1067596.0,18975372.0,44200000.0,0.0241537556561085,603685
2019-05-17,17.76,18.2,17.43,17.86,2956126.0,52706403.0,44200000.0,0.0668806787330316,603685
2019-05-20,17.97,18.2,17.3,17.77,1536790.0,27139110.0,44200000.0,0.0347690045248868,603685
2019-05-21,17.8,17.8,17.56,17.77,1407770.0,24997517.0,44200000.0,0.03185,603685
2019-05-22,17.86,18.15,17.57,17.82,1740560.0,30946340.0,44200000.0,0.0393791855203619,603685
2019-05-23,17.8,17.8,17.29,17.4,1023643.0,17908336.0,44200000.0,0.0231593438914027,603685
2019-05-24,17.37,17.89,17.14,17.5,901790.0,15802793.0,44200000.0,0.0204024886877828,603685
2019-05-27,17.5,17.98,17.42,17.93,3178276.0,56404378.0,44200000.0,0.0719066968325791,603685
2019-05-28,17.95,17.97,17.72,17.75,2087375.0,37271014.0,44200000.0,0.0472256787330316,603685
2019-05-29,17.71,17.71,17.43,17.5,1277922.0,22405558.0,44200000.0,0.0289122624434389,603685
2019-05-30,13.22,13.38,13.1,13.36,848118.0,11247492.0,44200000.0,0.0191881900452488,603685
2019-05-31,13.31,13.5,12.52,12.66,2801829.0,36558432.0,57460000.0,0.0487613818308388,603685
2019-06-03,12.5,12.84,12.3,12.48,1928887.0,24071723.0,57460000.0,0.0335692133658197,603685
2019-06-04,12.39,12.61,12.23,12.35,1048122.0,12978669.0,57460000.0,0.0182408980160111,603685
2019-06-05,12.54,12.6,12.31,12.33,1035609.0,12809955.0,57460000.0,0.0180231291333101,603685
2019-06-06,12.33,12.4,11.88,11.89,1324688.0,15956598.0,57460000.0,0.0230540898016011,603685
2019-06-10,11.9,12.08,11.86,12.02,569415.0,6825310.0,57460000.0,0.0099097633136094,603685
2019-06-11,11.99,12.4,11.96,12.31,1583543.0,19317366.0,57460000.0,0.0275590497737556,603685
2019-06-12,12.33,12.41,12.18,12.27,1265475.0,15555583.0,57460000.0,0.0220235816219979,603685
2019-06-13,12.34,12.36,12.22,12.29,895701.0,10998840.0,57460000.0,0.0155882526975287,603685
2019-06-14,12.23,12.36,12.22,12.28,1275449.0,15654327.0,57460000.0,0.0221971632439958,603685
2019-06-17,12.22,12.61,12.08,12.39,1607611.0,19891771.0,57460000.0,0.0279779150713539,603685
2019-06-18,12.35,12.4,12.29,12.33,740748.0,9120768.0,57460000.0,0.0128915419422206,603685
2019-06-19,12.46,12.55,12.32,12.35,1775447.0,22018426.0,57460000.0,0.0308988339714584,603685
2019-06-20,12.25,12.4,12.06,12.35,1747275.0,21479107.0,57460000.0,0.0304085450748346,603685
2019-06-21,12.35,12.63,12.35,12.57,1909812.0,23902405.0,57460000.0,0.0332372432996867,603685
2019-06-24,12.46,12.72,12.46,12.59,1063044.0,13406607.0,57460000.0,0.0185005917159763,603685
2019-06-25,12.59,12.67,12.39,12.57,1044440.0,13104396.0,57460000.0,0.0181768186564566,603685
2019-06-26,12.41,12.68,12.41,12.55,809366.0,10182807.0,57460000.0,0.0140857292029237,603685
2019-06-27,12.62,12.65,12.51,12.54,1028388.0,12926196.0,57460000.0,0.0178974591019839,603685
2019-06-28,12.52,12.63,12.15,12.26,1416310.0,17500220.0,57460000.0,0.0246486251305255,603685
2019-07-01,12.65,12.75,12.43,12.71,2244903.0,28405355.0,57460000.0,0.0390689697180647,603685
2019-07-02,12.68,12.75,12.57,12.71,1028393.0,13011700.0,57460000.0,0.0178975461190393,603685
2019-07-03,12.68,12.71,12.5,12.55,1081300.0,13614819.0,57460000.0,0.0188183083884441,603685
2019-07-04,12.6,12.66,12.41,12.45,882824.0,11062822.0,57460000.0,0.0153641489731987,603685
2019-07-05,12.43,12.57,12.31,12.43,925997.0,11495622.0,57460000.0,0.016115506439262,603685
2019-07-08,12.47,12.47,11.81,11.81,1553453.0,18686642.0,57460000.0,0.0270353811347024,603685
2019-07-09,11.89,11.96,11.74,11.89,917209.0,10880611.0,57460000.0,0.0159625652627915,603685
2019-07-10,11.92,12.0,11.81,11.81,755957.0,9001098.0,57460000.0,0.0131562304211625,603685
2019-07-11,11.91,12.06,11.77,11.86,699584.0,8328147.0,57460000.0,0.012175147928994,603685
2019-07-12,11.97,12.05,11.83,12.03,691658.0,8272822.0,57460000.0,0.0120372084928646,603685
2019-07-15,11.86,12.18,11.86,12.13,865247.0,10429833.0,57460000.0,0.0150582492168465,603685
2019-07-16,12.02,12.24,12.02,12.21,615762.0,7486779.0,57460000.0,0.0107163592064044,603685
2019-07-17,12.18,12.26,12.08,12.13,882871.0,10758480.0,57460000.0,0.0153649669335189,603685
2019-07-18,12.13,12.25,11.85,11.89,630573.0,7562881.0,57460000.0,0.010974121127741,603685
2019-07-19,11.83,12.14,11.83,11.98,621668.0,7472888.0,57460000.0,0.0108191437521754,603685
2019-07-22,11.98,12.01,11.06,11.38,775056.0,8948569.0,57460000.0,0.0134886181691611,603685
2019-07-23,11.49,11.74,11.44,11.57,646737.0,7490803.0,57460000.0,0.0112554298642533,603685
2019-07-24,11.45,11.87,11.45,11.79,752094.0,8852527.0,57460000.0,0.0130890010442046,603685
2019-07-25,11.82,11.94,11.75,11.83,829051.0,9800048.0,57460000.0,0.0144283153498085,603685
2019-07-26,11.84,12.04,11.72,11.95,781842.0,9315775.0,57460000.0,0.0136067177166724,603685
2019-07-29,12.07,12.09,11.87,12.05,578966.0,6939445.0,57460000.0,0.0100759832927253,603685
2019-07-30,12.06,12.13,11.71,12.06,845038.0,10166342.0,57460000.0,0.0147065436825617,603685
2019-07-31,11.95,12.09,11.88,12.06,600681.0,7207583.0,57460000.0,0.0104538983640793,603685
2019-08-01,11.98,12.11,11.88,11.92,624752.0,7467695.0,57460000.0,0.0108728158719108,603685
2019-08-02,11.89,11.9,11.63,11.84,903227.0,10658078.0,57460000.0,0.0157192307692307,603685
2019-08-05,11.82,11.99,11.61,11.85,633713.0,7535763.0,57460000.0,0.0110287678384963,603685
2019-08-06,11.63,11.68,11.23,11.29,935675.0,10657491.0,57460000.0,0.0162839366515837,603685
2019-08-07,11.18,11.55,11.02,11.06,1037352.0,11601583.0,57460000.0,0.0180534632788026,603685
2019-08-08,11.04,11.24,11.0,11.18,1003515.0,11168325.0,57460000.0,0.0174645840584754,603685
2019-08-09,11.15,11.27,10.91,10.94,976267.0,10810722.0,57460000.0,0.016990375913679,603685
2019-08-12,11.01,11.17,11.01,11.14,613850.0,6805825.0,57460000.0,0.0106830838844413,603685
2019-08-13,11.14,11.15,10.91,10.98,646251.0,7108968.0,57460000.0,0.011246971806474,603685
2019-08-14,11.07,11.26,11.01,11.03,727040.0,8108101.0,57460000.0,0.0126529759832927,603685
2019-08-15,10.86,11.18,10.7,11.14,744671.0,8187355.0,57460000.0,0.0129598155238426,603685
2019-08-16,11.15,11.33,11.06,11.19,808952.0,9093011.0,57460000.0,0.0140785241907413,603685
2019-08-19,11.23,11.6,11.23,11.55,889981.0,10216872.0,57460000.0,0.0154887051862164,603685
2019-08-20,11.6,11.79,11.41,11.73,936557.0,10929751.0,57460000.0,0.0162992864601461,603685
2019-08-21,11.68,11.68,11.4,11.5,997754.0,11479135.0,57460000.0,0.0173643230073094,603685
2019-08-22,11.61,11.61,11.37,11.47,526912.0,6031364.0,57460000.0,0.009170066132962,603685
2019-08-23,11.47,11.55,11.39,11.44,425032.0,4863162.0,57460000.0,0.0073970066132962,603685
2019-08-26,11.2,11.38,11.12,11.31,456582.0,5141119.0,57460000.0,0.0079460842325095,603685
2019-08-27,11.33,11.66,11.33,11.61,975086.0,11277348.0,57460000.0,0.0169698224852071,603685
2019-08-28,11.69,12.12,11.69,12.04,2337638.0,27970998.0,57460000.0,0.0406828750435085,603685
2019-08-29,12.15,12.16,11.92,12.0,1500031.0,18048603.0,57460000.0,0.0261056561085972,603685
2019-08-30,12.06,12.24,11.82,11.93,1173430.0,14102395.0,57460000.0,0.0204216846501914,603685
2019-09-02,11.95,12.17,11.76,12.15,1218297.0,14667290.0,57460000.0,0.0212025234946049,603685
2019-09-03,12.15,12.22,12.04,12.13,899381.0,10905626.0,57460000.0,0.015652297250261,603685
2019-09-04,12.12,12.3,12.07,12.28,1301200.0,15881926.0,57460000.0,0.0226453184824225,603685
2019-09-05,12.31,12.47,12.25,12.26,1332982.0,16511618.0,57460000.0,0.0231984336930038,603685
2019-09-06,12.41,12.55,12.29,12.48,1330418.0,16567666.0,57460000.0,0.023153811347024,603685
2019-09-09,12.58,12.79,12.5,12.77,1500360.0,19008753.0,57460000.0,0.0261113818308388,603685
2019-09-10,12.68,12.83,12.55,12.64,1091468.0,13798257.0,57460000.0,0.0189952662721893,603685
2019-09-11,12.66,12.81,12.45,12.51,1019018.0,12868167.0,57460000.0,0.0177343891402714,603685
2019-09-12,12.59,12.83,12.55,12.74,1537875.0,19574148.0,57460000.0,0.0267642707970762,603685
2019-09-16,12.81,13.05,12.75,12.8,1643171.0,21176261.0,57460000.0,0.0285967803689523,603685
2019-09-17,12.79,12.84,12.41,12.54,1575767.0,19855048.0,57460000.0,0.0274237208492864,603685
2019-09-18,12.53,12.68,12.41,12.44,890142.0,11131712.0,57460000.0,0.0154915071353985,603685
2019-09-19,12.51,12.73,12.51,12.72,951320.0,12012266.0,57460000.0,0.0165562130177514,603685
2019-09-20,12.75,12.82,12.58,12.66,753229.0,9561786.0,57460000.0,0.0131087539157674,603685
2019-09-23,12.6,12.72,12.53,12.63,560213.0,7060776.0,57460000.0,0.0097496171249564,603685
2019-09-24,12.6,12.79,12.57,12.72,753661.0,9576238.0,57460000.0,0.0131162721893491,603685
2019-09-25,12.61,12.69,12.3,12.33,1243106.0,15446719.0,57460000.0,0.021634284719805,603685
2019-09-26,12.37,12.54,12.22,12.24,1314018.0,16254858.0,57460000.0,0.0228683954054994,603685
2019-09-27,12.38,12.38,12.07,12.14,1175656.0,14322297.0,57460000.0,0.02046042464323,603685
2019-09-30,12.14,12.27,12.01,12.16,749455.0,9114596.0,57460000.0,0.0130430734423947,603685
2019-10-08,12.15,12.28,12.07,12.09,691885.0,8408985.0,57460000.0,0.0120411590671771,603685
2019-10-09,12.09,12.28,11.89,12.26,808738.0,9765398.0,57460000.0,0.0140747998607727,603685
2019-10-10,12.23,12.73,12.22,12.7,1633138.0,20485913.0,57460000.0,0.0284221719457013,603685
2019-10-11,12.69,12.9,12.53,12.81,1927445.0,24612277.0,57460000.0,0.0335441176470588,603685
2019-10-14,12.97,12.97,12.75,12.8,1261257.0,16196543.0,57460000.0,0.0219501740341106,603685
2019-10-15,12.74,12.84,12.68,12.74,796357.0,10159887.0,57460000.0,0.0138593282283327,603685
2019-10-16,12.73,12.88,12.62,12.63,948724.0,12092340.0,57460000.0,0.0165110337626174,603685
2019-10-17,12.89,12.89,12.63,12.7,860887.0,10983492.0,57460000.0,0.0149823703445875,603685
2019-10-18,12.61,12.82,12.34,12.37,1170171.0,14682339.0,57460000.0,0.0203649669335189,603685
2019-10-21,12.37,12.38,12.14,12.24,973922.0,11908579.0,57460000.0,0.0169495649147232,603685
2019-10-22,12.22,12.45,12.18,12.32,1238093.0,15227123.0,57460000.0,0.0215470414201183,603685
2019-10-23,12.31,12.42,12.22,12.22,760575.0,9358693.0,57460000.0,0.0132365993734772,603685
2019-10-24,12.2,12.38,12.16,12.35,756271.0,9278931.0,57460000.0,0.013161695092238,603685
2019-10-25,12.37,12.46,12.27,12.46,652182.0,8059602.0,57460000.0,0.0113501914375217,603685
2019-10-28,12.45,12.65,12.35,12.6,1781240.0,22253446.0,57460000.0,0.0309996519317786,603685
2019-10-29,12.59,12.67,12.3,12.34,1158591.0,14469276.0,57460000.0,0.0201634354333449,603685
2019-10-30,12.33,12.35,12.11,12.2,961111.0,11747121.0,57460000.0,0.0167266098155238,603685
2019-10-31,12.21,12.24,11.96,11.96,899360.0,10891014.0,57460000.0,0.0156519317786286,603685
2019-11-01,11.96,12.45,11.9,12.38,1351765.0,16432947.0,57460000.0,0.0235253219631047,603685
2019-11-04,12.38,12.38,12.12,12.19,1018350.0,12476818.0,57460000.0,0.0177227636616776,603685
2019-11-05,12.09,12.24,12.03,12.17,814446.0,9893136.0,57460000.0,0.0141741385311521,603685
2019-11-06,12.17,12.28,12.06,12.1,665580.0,8094316.0,57460000.0,0.0115833623390184,603685
2019-11-07,12.13,12.14,11.98,12.08,624697.0,7539294.0,57460000.0,0.0108718586843021,603685
2019-11-08,12.13,12.17,11.98,12.03,681334.0,8241809.0,57460000.0,0.0118575356769926,603685
2019-11-11,11.93,11.95,11.45,11.48,966378.0,11256228.0,57460000.0,0.016818273581622,603685
2019-11-12,11.46,11.6,11.28,11.42,660516.0,7528712.0,57460000.0,0.0114952314653672,603685
2019-11-13,11.44,11.56,11.32,11.35,486627.0,5571181.0,57460000.0,0.0084689697180647,603685
2019-11-14,11.34,11.53,11.34,11.4,450357.0,5147015.0,57460000.0,0.0078377479986077,603685
2019-11-15,11.38,11.53,11.23,11.38,763698.0,8707768.0,57460000.0,0.0132909502262443,603685
2019-11-18,11.38,11.53,11.31,11.51,692308.0,7917782.0,57460000.0,0.0120485207100591,603685
2019-11-19,11.48,11.6,11.33,11.58,663337.0,7642258.0,57460000.0,0.0115443264879916,603685
2019-11-20,11.56,11.57,11.45,11.51,689036.0,7927806.0,57460000.0,0.0119915767490428,603685
2019-11-21,11.5,11.55,11.39,11.49,480719.0,5515312.0,57460000.0,0.0083661503654716,603685
2019-11-22,11.5,11.69,11.4,11.65,1236121.0,14241043.0,57460000.0,0.0215127218934911,603685
2019-11-25,11.68,12.11,11.51,12.04,2589940.0,30827948.0,57460000.0,0.0450737904629307,603685
2019-11-26,11.98,12.34,11.91,12.24,2842932.0,34592065.0,57460000.0,0.0494767142359902,603685
2019-11-27,12.2,12.57,12.0,12.38,5296302.0,65341976.0,57460000.0,0.0921737208492864,603685
2019-11-28,12.24,12.25,11.93,11.99,2440693.0,29464929.0,57460000.0,0.0424763835711799,603685
2019-11-29,11.98,11.99,11.69,11.85,1541476.0,18259046.0,57460000.0,0.0268269404803341,603685
2019-12-02,11.85,11.95,11.8,11.88,834547.0,9899482.0,57460000.0,0.0145239644970414,603685
2019-12-03,11.85,12.2,11.75,12.15,1578105.0,18948323.0,57460000.0,0.0274644100243647,603685
2019-12-04,12.1,12.15,12.05,12.12,861249.0,10427789.0,57460000.0,0.0149886703793943,603685
2019-12-05,12.13,12.23,12.08,12.1,1385826.0,16795826.0,57460000.0,0.0241180995475113,603685
2019-12-06,12.13,12.13,11.95,12.07,1016921.0,12254708.0,57460000.0,0.0176978941872607,603685
2019-12-09,12.08,12.12,12.0,12.03,1105346.0,13318855.0,57460000.0,0.0192367908109989,603685
2019-12-10,11.95,12.13,11.95,12.1,1290515.0,15560378.0,57460000.0,0.0224593630351548,603685
2019-12-11,12.1,12.12,11.96,11.98,878055.0,10547375.0,57460000.0,0.0152811521058127,603685
2019-12-12,11.98,12.03,11.89,11.97,855388.0,10229068.0,57460000.0,0.0148866689871214,603685
2019-12-13,12.03,12.06,11.91,11.95,1293504.0,15506155.0,57460000.0,0.0225113818308388,603685
2019-12-16,11.96,12.39,11.95,12.36,3273329.0,39883453.0,57460000.0,0.0569670901496693,603685
2019-12-17,12.38,12.49,12.26,12.38,3065910.0,37985223.0,57460000.0,0.0533572920292377,603685
2019-12-18,12.38,12.85,12.3,12.67,3934565.0,49666901.0,57460000.0,0.0684748520710059,603685
2019-12-19,12.75,12.9,12.62,12.82,2448123.0,31287754.0,57460000.0,0.0426056909154194,603685
2019-12-20,12.89,12.89,12.56,12.56,2055224.0,26116995.0,57460000.0,0.0357679081099895,603685
2019-12-23,12.52,12.54,12.32,12.35,1533191.0,19071791.0,57460000.0,0.026682753219631,603685
2019-12-24,12.36,12.66,12.31,12.59,1245868.0,15587236.0,57460000.0,0.0216823529411764,603685
2019-12-25,12.63,12.87,12.57,12.61,1881379.0,23921850.0,57460000.0,0.0327424121127741,603685
2019-12-26,12.74,13.73,12.62,13.49,5463630.0,72441069.0,57460000.0,0.095085798816568,603685
2019-12-27,13.43,13.68,13.25,13.33,4157759.0,55964120.0,57460000.0,0.0723591890010442,603685
2019-12-30,13.6,13.6,13.21,13.43,2737072.0,36718408.0,57460000.0,0.0476343891402714,603685
2019-12-31,13.4,13.48,13.1,13.24,2470410.0,32746532.0,57460000.0,0.0429935607379046,603685
2020-01-02,13.39,13.68,13.21,13.52,2771224.0,37250258.0,57460000.0,0.0482287504350852,603685
2020-01-03,13.5,13.78,13.4,13.48,2244937.0,30367858.0,57460000.0,0.039069561434041,603685
2020-01-06,13.35,13.55,13.25,13.4,2331222.0,31241012.0,57460000.0,0.0405712147580925,603685
2020-01-07,13.5,14.12,13.45,13.95,4171437.0,57752377.0,57460000.0,0.0725972328576401,603685
2020-01-08,13.78,13.87,13.2,13.27,3962657.0,53620829.0,57460000.0,0.0689637486947441,603685
2020-01-09,13.4,13.65,13.36,13.48,1868435.0,25174847.0,57460000.0,0.0325171423599025,603685
2020-01-10,13.65,13.72,13.39,13.5,1779324.0,24074838.0,57460000.0,0.0309663069961712,603685
2020-01-13,13.51,13.54,13.24,13.53,1968793.0,26414370.0,57460000.0,0.034263713887922,603685
2020-01-14,13.6,13.77,13.49,13.58,1930442.0,26265800.0,57460000.0,0.0335962756700313,603685
2020-01-15,13.56,13.65,13.34,13.39,1399212.0,18771528.0,57460000.0,0.0243510616080751,603685
2020-01-16,13.37,13.49,13.28,13.29,945990.0,12619329.0,57460000.0,0.016463452836756,603685
2020-01-17,13.28,13.44,13.28,13.32,963719.0,12873085.0,57460000.0,0.0167719979115906,603685
2020-01-20,13.32,13.55,13.31,13.54,1257971.0,16908372.0,57460000.0,0.0218929864253393,603685
2020-01-21,13.6,13.6,13.01,13.02,1816894.0,23996092.0,57460000.0,0.0316201531500174,603685
2020-01-22,12.95,13.06,12.66,13.0,1630090.0,20959239.0,57460000.0,0.0283691263487643,603685
2020-01-23,13.19,13.19,12.27,12.36,1922902.0,24223485.0,57460000.0,0.0334650539505743,603685
2020-02-03,11.12,11.2,11.12,11.12,1280400.0,14242389.0,57460000.0,0.0222833275321963,603685
2020-02-04,10.99,11.24,10.85,11.15,2304836.0,25538642.0,57460000.0,0.0401120083536373,603685
2020-02-05,11.18,11.51,11.12,11.24,1866066.0,21110364.0,57460000.0,0.0324759136790811,603685
2020-02-06,11.22,11.57,11.16,11.45,1896941.0,21544320.0,57460000.0,0.0330132439958231,603685
2020-02-07,11.45,11.69,11.36,11.65,1787223.0,20609663.0,57460000.0,0.0311037765402018,603685
2020-02-10,11.59,11.83,11.54,11.75,1355599.0,15875325.0,57460000.0,0.0235920466411416,603685
2020-02-11,11.8,11.86,11.68,11.7,1082706.0,12720478.0,57460000.0,0.0188427775844065,603685
2020-02-12,11.74,11.84,11.61,11.84,1352088.0,15901281.0,57460000.0,0.0235309432648799,603685
2020-02-13,11.84,11.88,11.59,11.59,1451343.0,16968894.0,57460000.0,0.0252583188304907,603685
2020-02-14,11.55,12.2,11.54,11.84,2182873.0,25807443.0,57460000.0,0.0379894361294813,603685
2020-02-17,11.86,12.25,11.86,12.19,2259364.0,27244993.0,57460000.0,0.0393206404455273,603685
2020-02-18,12.21,12.61,12.15,12.53,2543706.0,31474328.0,57460000.0,0.0442691611555864,603685
2020-02-19,12.43,12.49,12.3,12.33,1589015.0,19694309.0,57460000.0,0.0276542812391228,603685
2020-02-20,12.31,12.63,12.29,12.56,2206325.0,27530316.0,57460000.0,0.0383975809258614,603685
2020-02-21,12.57,13.0,12.51,12.87,2386224.0,30400569.0,57460000.0,0.041528437173686,603685
2020-02-24,12.87,13.26,12.75,13.15,2355569.0,30667832.0,57460000.0,0.040994935607379,603685
2020-02-25,12.85,13.1,12.52,12.96,2316465.0,29745419.0,57460000.0,0.0403143926209537,603685
2020-02-26,12.77,13.23,12.77,12.86,1845286.0,23950607.0,57460000.0,0.0321142707970762,603685
2020-02-27,12.84,13.03,12.73,12.88,1563759.0,20180749.0,57460000.0,0.027214740689175,603685
2020-02-28,12.58,12.69,11.99,12.04,2422713.0,29754134.0,57460000.0,0.042163470240167,603685
2020-03-02,12.1,12.77,12.1,12.71,2105289.0,26388087.0,57460000.0,0.0366392098851374,603685
2020-03-03,12.78,13.07,12.65,12.9,2043331.0,26348537.0,57460000.0,0.035560929342151,603685
2020-03-04,12.78,13.28,12.71,13.28,2860215.0,37484895.0,57460000.0,0.0497774973894883,603685
2020-03-05,13.29,13.37,13.13,13.32,2468969.0,32745869.0,57460000.0,0.0429684824225548,603685
2020-03-06,13.15,13.42,13.09,13.25,1954572.0,25900806.0,57460000.0,0.0340162199791159,603685
2020-03-09,13.09,13.47,12.96,13.06,2224662.0,29364005.0,57460000.0,0.0387167072746258,603685
2020-03-10,12.85,13.58,12.66,13.5,3421014.0,45093433.0,57460000.0,0.059537312913331,603685
2020-03-11,13.49,13.56,13.08,13.13,2248647.0,29945847.0,57460000.0,0.0391341280891054,603685
2020-03-12,13.02,13.04,12.7,12.92,1730243.0,22226360.0,57460000.0,0.0301121301775147,603685
2020-03-13,12.42,12.64,12.12,12.47,2287635.0,28240948.0,57460000.0,0.0398126522798468,603685
2020-03-16,12.6,12.64,11.89,11.89,1655460.0,20359756.0,57460000.0,0.0288106508875739,603685
2020-03-17,12.0,12.19,11.59,11.89,1125568.0,13356750.0,57460000.0,0.0195887225896275,603685
2020-03-18,11.92,12.18,11.62,11.64,1261681.0,15115688.0,57460000.0,0.0219575530804037,603685
2020-03-19,11.75,11.95,11.55,11.9,1028000.0,12075190.0,57460000.0,0.0178907065784893,603685
2020-03-20,12.06,12.21,11.91,12.19,903788.0,10889085.0,57460000.0,0.0157289940828402,603685
2020-03-23,11.91,12.04,11.63,11.74,946990.0,11187058.0,57460000.0,0.0164808562478245,603685
2020-03-24,11.88,12.15,11.8,12.15,940847.0,11264615.0,57460000.0,0.0163739470936303,603685
2020-03-25,12.34,12.44,12.13,12.19,1149068.0,14046022.0,57460000.0,0.0199977027497389,603685
2020-03-26,12.18,12.18,11.93,11.94,874674.0,10535764.0,57460000.0,0.0152223111729899,603685
2020-03-27,12.15,12.21,11.92,12.08,980656.0,11866639.0,57460000.0,0.017066759484859,603685
2020-03-30,11.96,12.1,11.75,12.1,828334.0,9875757.0,57460000.0,0.0144158371040723,603685
2020-03-31,12.12,12.5,12.06,12.35,1111069.0,13558496.0,57460000.0,0.0193363905325443,603685
2020-04-01,12.28,12.48,12.04,12.43,1745351.0,21509735.0,57460000.0,0.0303750609119387,603685
2020-04-02,12.3,12.73,12.24,12.7,2483056.0,30990775.0,57460000.0,0.0432136442742777,603685
2020-04-03,12.73,12.85,12.48,12.7,1670399.0,21140778.0,57460000.0,0.0290706404455273,603685
2020-04-07,12.84,12.96,12.76,12.85,2273211.0,29252352.0,57460000.0,0.0395616254785938,603685
2020-04-08,12.95,12.95,12.67,12.88,1497330.0,19156260.0,57460000.0,0.026058649495301,603685
2020-04-09,12.99,12.99,12.64,12.64,1627259.0,20793564.0,57460000.0,0.0283198572920292,603685
2020-04-10,12.7,12.7,12.27,12.3,1354005.0,16817875.0,57460000.0,0.0235643056038983,603685
2020-04-13,12.2,12.27,11.93,12.0,1258607.0,15155045.0,57460000.0,0.0219040549947789,603685
2020-04-14,12.0,12.13,12.0,12.1,839938.0,10145587.0,57460000.0,0.014617786286112,603685
2020-04-15,12.09,12.12,11.92,11.93,789551.0,9506750.0,57460000.0,0.0137408806126,603685
2020-04-16,11.93,12.06,11.81,12.01,816457.0,9737665.0,57460000.0,0.0142091367908109,603685
2020-04-17,12.09,12.11,11.95,11.97,793781.0,9556870.0,57460000.0,0.0138144970414201,603685
2020-04-20,12.0,12.1,11.94,12.08,707521.0,8521323.0,57460000.0,0.0123132788026453,603685
2020-04-21,12.1,12.21,11.96,12.21,1070933.0,12961389.0,57460000.0,0.0186378872258962,603685
2020-04-22,12.08,12.21,12.02,12.16,1380235.0,16732100.0,57460000.0,0.0240207970762269,603685
2020-04-23,12.16,12.2,12.06,12.08,709126.0,8586939.0,57460000.0,0.0123412112774103,603685
2020-04-24,12.09,12.09,11.86,11.96,1003991.0,11989674.0,57460000.0,0.0174728680821441,603685
2020-04-27,11.87,12.21,11.87,12.12,1260238.0,15232595.0,57460000.0,0.0219324399582318,603685
2020-04-28,12.12,12.48,11.9,12.45,2586435.0,31657015.0,57460000.0,0.0450127915071354,603685
2020-04-29,12.32,13.05,12.3,12.96,5041189.0,64693697.0,57460000.0,0.0877338844413505,603685
2020-04-30,12.9,12.97,12.75,12.87,2999973.0,38559921.0,57460000.0,0.0522097633136094,603685
2020-05-06,12.78,13.1,12.54,13.08,3958208.0,51120707.0,57460000.0,0.0688863209189001,603685
2020-05-07,13.1,13.37,12.9,13.3,4115483.0,54156019.0,57460000.0,0.0716234423947093,603685
2020-05-08,13.26,13.45,13.2,13.34,2700725.0,35987942.0,57460000.0,0.0470018273581622,603685
2020-05-11,13.49,13.49,13.16,13.2,2350670.0,31161540.0,57460000.0,0.0409096762965541,603685
2020-05-12,13.33,13.39,13.15,13.32,2678366.0,35610390.0,57460000.0,0.04661270449008,603685
2020-05-13,13.4,13.99,13.3,13.69,3757385.0,51094657.0,57460000.0,0.0653913156978767,603685
2020-05-14,13.68,14.04,13.68,13.86,3949542.0,54888692.0,57460000.0,0.0687355029585798,603685
2020-05-15,14.0,14.46,13.78,14.26,4326710.0,61250780.0,57460000.0,0.07529951270449,603685
2020-05-18,14.28,14.44,13.9,14.26,4054022.0,57184462.0,57460000.0,0.070553811347024,603685
2020-05-19,14.33,14.4,14.0,14.14,3137134.0,44521415.0,57460000.0,0.0545968325791855,603685
2020-05-20,14.34,14.35,13.82,14.08,3279888.0,46323134.0,57460000.0,0.057081239122868,603685
2020-05-21,14.09,14.17,13.72,13.85,2881824.0,40170948.0,57460000.0,0.050153567699269,603685
2020-05-22,13.9,14.19,13.71,14.11,3062899.0,42800018.0,57460000.0,0.0533048903585102,603685
2020-05-25,14.1,14.23,13.96,14.11,1929550.0,27247634.0,57460000.0,0.0335807518273581,603685
2020-05-26,14.12,14.31,13.99,14.05,2408232.0,33979920.0,57460000.0,0.0419114514444831,603685
2020-05-27,14.03,14.4,13.99,14.35,3461995.0,49251085.0,57460000.0,0.060250522102332,603685
2020-05-28,14.08,14.08,13.74,13.95,2757660.0,38251794.0,57460000.0,0.0479926905673512,603685
2020-05-29,13.95,14.31,13.89,14.18,2163076.0,30357158.0,57460000.0,0.0376449008005569,603685
2020-06-01,14.35,15.06,14.15,15.05,3939874.0,58321974.0,57460000.0,0.0685672467803689,603685
2020-06-02,15.15,15.27,14.88,15.02,2986337.0,45092997.0,57460000.0,0.0519724504002784,603685
2020-06-03,15.04,15.27,14.79,15.27,2615409.0,39280122.0,57460000.0,0.0455170379394361,603685
2020-06-04,15.27,16.13,15.22,15.96,3695256.0,58291145.0,57460000.0,0.0643100591715976,603685
2020-06-05,15.8,16.51,15.77,15.99,3403885.0,54683430.0,57460000.0,0.0592392098851374,603685
2020-06-08,16.0,16.52,15.86,16.4,4867805.0,79258082.0,57460000.0,0.0847164114166376,603685
2020-06-09,16.55,16.6,15.9,16.3,3049215.0,49351487.0,57460000.0,0.0530667420814479,603685
2020-06-10,16.12,17.35,16.03,17.3,8813113.0,148501114.0,57460000.0,0.1533782283327532,603685
2020-06-11,17.2,17.6,16.96,17.5,6210590.0,107751819.0,57460000.0,0.1080854507483466,603685
2020-06-12,17.38,17.81,17.25,17.52,3987061.0,69982614.0,57460000.0,0.0693884615384615,603685
2020-06-15,17.65,18.42,17.52,18.2,7364048.0,133203041.0,57460000.0,0.1281595544726766,603685
2020-06-16,18.49,19.15,18.11,19.09,3561172.0,66575432.0,57460000.0,0.0619765402018795,603685
2020-06-17,19.18,19.91,18.81,19.88,6573582.0,128161979.0,57460000.0,0.1144027497389488,603685
2020-06-18,20.06,20.19,17.89,17.89,2707219.0,52833854.0,57460000.0,0.0471148451096414,603685
2020-06-19,16.2,17.87,16.19,17.25,8700335.0,147483029.0,57460000.0,0.1514155064392621,603685
2020-06-22,17.2,18.98,17.2,18.19,13828640.0,252746684.0,57460000.0,0.2406655064392621,603685
2020-06-23,18.38,18.45,17.8,18.32,4687632.0,85006691.0,57460000.0,0.0815807866341803,603685
2020-06-24,18.45,18.5,18.0,18.3,3757758.0,68904129.0,57460000.0,0.0653978071702053,603685
2020-06-29,18.25,18.61,17.79,18.43,4064514.0,73922142.0,57460000.0,0.0707364079359554,603685
2020-06-30,18.42,19.12,16.59,16.59,16961402.0,293918676.0,57460000.0,0.2951862513052558,603685
2020-07-01,16.48,16.48,15.1,15.95,5339259.0,84623654.0,57460000.0,0.092921319178559,603685
2020-07-02,15.98,16.3,15.5,16.1,3836496.0,61488912.0,57460000.0,0.0667681169509223,603685
2020-07-03,16.1,16.23,15.71,15.77,3035779.0,48332347.0,57460000.0,0.0528329098503306,603685
2020-07-06,16.39,16.6,15.54,15.99,3767459.0,60464481.0,57460000.0,0.0655666376609815,603685
2020-07-07,16.07,16.42,15.89,16.05,6318464.0,101761627.0,57460000.0,0.1099628263139575,603685
2020-07-08,16.01,16.08,15.75,15.94,3802976.0,60591990.0,57460000.0,0.0661847546119039,603685
2020-07-09,15.93,16.5,15.86,16.39,6372926.0,103492729.0,57460000.0,0.1109106508875739,603685
2020-07-10,16.4,16.62,16.1,16.48,6660161.0,109151587.0,57460000.0,0.1159095196658545,603685
2020-07-13,16.57,16.75,16.5,16.75,7359824.0,122630418.0,57460000.0,0.128086042464323,603685
2020-07-14,16.75,16.76,16.2,16.35,5089656.0,83699361.0,57460000.0,0.0885773755656108,603685
2020-07-15,16.35,16.49,15.88,15.88,3382464.0,54553129.0,57460000.0,0.0588664114166376,603685
2020-07-16,15.94,16.3,15.8,15.81,3013673.0,48388128.0,57460000.0,0.0524481900452488,603685
2020-07-17,15.8,15.95,15.66,15.8,2105753.0,33268693.0,57460000.0,0.0366472850678733,603685
2020-07-20,16.5,16.5,15.61,16.13,2310729.0,37082102.0,57460000.0,0.0402145666550643,603685
2020-07-21,16.01,16.25,15.53,16.15,2633841.0,42267976.0,57460000.0,0.045837817612252,603685
2020-07-22,16.29,16.58,16.08,16.3,6043850.0,99414270.0,57460000.0,0.1051836059867734,603685
2020-07-23,16.1,16.28,15.23,15.53,4715753.0,73740330.0,57460000.0,0.0820701879568395,603685
2020-07-24,15.45,15.69,14.69,14.69,2734934.0,41386144.0,57460000.0,0.0475971806474068,603685
2020-07-27,14.75,14.83,14.2,14.53,1413412.0,20528279.0,57460000.0,0.0245981900452488,603685
2020-07-28,14.66,14.82,14.47,14.6,1014662.0,14839553.0,57460000.0,0.0176585798816568,603685
2020-07-29,14.59,15.17,14.54,15.09,1551097.0,23100967.0,57460000.0,0.0269943786982248,603685
2020-07-30,15.18,15.67,15.13,15.49,2181279.0,33586844.0,57460000.0,0.037961695092238,603685
2020-07-31,15.49,15.63,15.22,15.44,1429415.0,22005612.0,57460000.0,0.0248766968325791,603685
2020-08-03,15.52,15.61,15.46,15.6,1292346.0,20088721.0,57460000.0,0.0224912286808214,603685
2020-08-04,15.64,15.79,15.35,15.47,1616813.0,25107133.0,57460000.0,0.0281380612600069,603685
2020-08-05,15.47,15.6,15.32,15.48,1150250.0,17785404.0,57460000.0,0.0200182735816219,603685
2020-08-06,15.4,15.6,15.38,15.6,1342363.0,20795561.0,57460000.0,0.023361695092238,603685
2020-08-07,16.59,16.59,15.38,16.13,16788180.0,274057966.0,57460000.0,0.2921715976331361,603685
2020-08-10,15.59,15.59,14.52,14.62,8406830.0,124365866.0,57460000.0,0.1463075182735816,603685
2020-08-11,14.42,14.65,14.3,14.35,3701023.0,53540409.0,57460000.0,0.06441042464323,603685
2020-08-12,14.36,14.44,14.0,14.13,2296333.0,32438328.0,57460000.0,0.0399640271493212,603685
2020-08-13,14.15,14.41,14.15,14.22,1281871.0,18253337.0,57460000.0,0.0223089279498781,603685
2020-08-14,14.22,14.29,14.09,14.27,1502390.0,21314912.0,57460000.0,0.026146710755308,603685
2020-08-17,14.3,14.5,14.18,14.43,2226821.0,31887270.0,57460000.0,0.0387542812391228,603685
2020-08-18,14.43,14.47,14.21,14.32,1861821.0,26702597.0,57460000.0,0.032402036199095,603685
2020-08-19,14.29,15.11,14.11,15.06,6278504.0,92664676.0,57460000.0,0.1092673860076575,603685
2020-08-20,14.8,16.48,14.41,16.36,11141293.0,175311576.0,57460000.0,0.1938965019143752,603685
2020-08-21,16.36,17.5,15.36,15.73,10671125.0,177103427.0,57460000.0,0.185713974939088,603685
2020-08-24,15.31,15.38,14.73,14.9,4797508.0,71793369.0,57460000.0,0.0834930038287504,603685
2020-08-25,14.9,14.99,14.65,14.7,2702214.0,39906243.0,57460000.0,0.0470277410372433,603685
2020-08-26,14.7,14.89,14.36,14.43,1807011.0,26387059.0,57460000.0,0.0314481552384267,603685
2020-08-27,14.48,14.78,14.38,14.64,1292769.0,18890294.0,57460000.0,0.0224985903237034,603685
2020-08-28,14.61,14.75,14.5,14.75,1148670.0,16838439.0,57460000.0,0.0199907761921336,603685
2020-08-31,14.79,15.0,14.7,14.89,1511729.0,22536771.0,57460000.0,0.0263092412112774,603685
2020-09-01,14.94,14.95,14.76,14.86,944178.0,14017242.0,57460000.0,0.0164319178558997,603685
2020-09-02,14.86,14.98,14.73,14.83,1150588.0,17041325.0,57460000.0,0.0200241559345631,603685
2020-09-03,14.83,14.83,14.6,14.61,1127636.0,16555414.0,57460000.0,0.0196247128437173,603685
2020-09-04,14.47,14.84,14.41,14.82,1046997.0,15287062.0,57460000.0,0.0182213191785589,603685
2020-09-07,14.83,14.99,14.56,14.68,1674466.0,24853047.0,57460000.0,0.0291414201183431,603685
2020-09-08,14.69,14.89,14.5,14.68,910939.0,13362136.0,57460000.0,0.0158534458753915,603685
2020-09-09,14.74,14.98,14.6,14.79,1755452.0,26011032.0,57460000.0,0.0305508527671423,603685
2020-09-10,14.85,14.9,13.7,13.72,2183050.0,31046815.0,57460000.0,0.0379925165332405,603685
2020-09-11,13.72,13.84,13.33,13.78,1277938.0,17396844.0,57460000.0,0.0222404803341454,603685
2020-09-14,13.82,13.93,13.63,13.7,1243283.0,17113392.0,57460000.0,0.0216373651235642,603685
2020-09-15,13.81,13.81,13.23,13.54,1938125.0,26071068.0,57460000.0,0.0337299860772711,603685
2020-09-16,13.55,13.61,13.27,13.44,881818.0,11790817.0,57460000.0,0.0153466411416637,603685
2020-09-17,13.47,13.85,13.31,13.83,1152868.0,15738661.0,57460000.0,0.0200638357117995,603685
2020-09-18,13.83,13.91,13.69,13.85,810146.0,11184600.0,57460000.0,0.0140993038635572,603685
2020-09-21,13.87,13.97,13.66,13.72,747539.0,10308005.0,57460000.0,0.0130097285067873,603685
2020-09-22,13.66,13.81,13.5,13.51,716539.0,9769789.0,57460000.0,0.0124702227636616,603685
2020-09-23,13.6,13.66,13.47,13.66,555245.0,7537168.0,57460000.0,0.0096631569787678,603685
2020-09-24,13.66,13.66,13.27,13.27,797507.0,10682564.0,57460000.0,0.0138793421510616,603685
2020-09-25,13.25,13.6,13.2,13.37,633300.0,8424143.0,57460000.0,0.011021580229725,603685
2020-09-28,13.42,13.5,13.08,13.1,678321.0,8990604.0,57460000.0,0.011805099199443,603685
2020-09-29,13.18,13.32,13.06,13.26,473990.0,6257614.0,57460000.0,0.0082490428123912,603685
2020-09-30,13.29,13.38,13.15,13.26,558805.0,7401915.0,57460000.0,0.0097251131221719,603685
2020-10-09,13.4,13.55,13.39,13.52,761183.0,10284507.0,57460000.0,0.0132471806474068,603685
2020-10-12,13.64,13.79,13.52,13.77,907877.0,12450856.0,57460000.0,0.0158001566306996,603685
2020-10-13,13.87,13.87,13.65,13.76,513438.0,7058708.0,57460000.0,0.0089355725722241,603685
2020-10-14,13.81,13.81,13.48,13.51,808950.0,10964776.0,57460000.0,0.0140784893839192,603685
2020-10-15,13.51,13.56,13.26,13.3,737050.0,9868793.0,57460000.0,0.0128271841280891,603685
2020-10-16,13.32,13.36,13.05,13.18,935435.0,12332193.0,57460000.0,0.0162797598329272,603685
2020-10-19,13.18,13.36,13.05,13.08,1097095.0,14485594.0,57460000.0,0.0190931952662721,603685
2020-10-20,13.08,13.22,13.04,13.22,716050.0,9411970.0,57460000.0,0.0124617124956491,603685
2020-10-21,13.22,13.34,13.05,13.15,819059.0,10767315.0,57460000.0,0.0142544204664114,603685
2020-10-22,13.14,13.29,13.0,13.23,797468.0,10490930.0,57460000.0,0.0138786634180299,603685
2020-10-23,13.22,13.31,12.92,12.95,966900.0,12629607.0,57460000.0,0.0168273581621997,603685
2020-10-26,12.99,12.99,12.44,12.49,1639966.0,20688568.0,57460000.0,0.0285410024364775,603685
2020-10-27,12.49,12.58,12.43,12.53,781030.0,9759077.0,57460000.0,0.0135925861468847,603685
2020-10-28,12.53,12.55,12.25,12.5,793044.0,9830077.0,57460000.0,0.0138016707274625,603685
2020-10-29,12.3,12.58,12.3,12.5,713620.0,8890738.0,57460000.0,0.0124194222067525,603685
2020-10-30,12.56,12.6,11.9,11.9,1150186.0,14064568.0,57460000.0,0.0200171597633136,603685
2020-11-02,11.94,12.25,11.75,12.2,957485.0,11600847.0,57460000.0,0.0166635050469892,603685
2020-11-03,12.2,12.44,12.06,12.33,869870.0,10722057.0,57460000.0,0.0151387051862164,603685
2020-11-04,12.33,12.43,12.16,12.23,638213.0,7825040.0,57460000.0,0.0111070831883049,603685
2020-11-05,12.25,12.45,12.23,12.41,773971.0,9577340.0,57460000.0,0.0134697354681517,603685
2020-11-06,12.45,12.46,12.1,12.2,737800.0,9023970.0,57460000.0,0.0128402366863905,603685
2020-11-09,12.22,12.65,12.22,12.59,1216422.0,15260514.0,57460000.0,0.0211698920988513,603685
2020-11-10,12.65,12.66,12.34,12.43,726760.0,9057583.0,57460000.0,0.0126481030281935,603685
2020-11-11,12.37,12.62,12.35,12.4,675406.0,8430364.0,57460000.0,0.0117543682561782,603685
2020-11-12,12.4,12.59,12.4,12.51,407645.0,5091900.0,57460000.0,0.0070944135050469,603685
2020-11-13,13.0,13.46,12.71,13.44,5460560.0,71782705.0,57460000.0,0.0950323703445875,603685
2020-11-16,13.1,13.13,12.75,13.07,3838584.0,49842682.0,57460000.0,0.0668044552732335,603685
2020-11-17,13.01,13.01,12.68,12.87,1771684.0,22711456.0,57460000.0,0.0308333449356073,603685
2020-11-18,12.86,12.95,12.8,12.92,1120201.0,14419582.0,57460000.0,0.0194953184824225,603685
2020-11-19,12.83,12.93,12.72,12.9,762051.0,9792545.0,57460000.0,0.0132622868082144,603685
2020-11-20,12.9,12.91,12.78,12.82,676130.0,8671653.0,57460000.0,0.0117669683257918,603685
2020-11-23,12.93,12.93,12.68,12.74,761434.0,9704954.0,57460000.0,0.0132515489035851,603685
2020-11-24,12.77,12.83,12.64,12.66,652210.0,8285999.0,57460000.0,0.0113506787330316,603685
2020-11-25,12.67,12.83,12.62,12.72,739584.0,9421459.0,57460000.0,0.0128712843717368,603685
2020-11-26,12.72,12.79,12.62,12.76,530980.0,6755219.0,57460000.0,0.009240863209189,603685
2020-11-27,12.76,13.12,12.69,12.93,1693616.0,21883482.0,57460000.0,0.0294746954403063,603685
2020-11-30,12.92,12.99,12.76,12.81,1049927.0,13511676.0,169000000.0,0.0062125857988165,603685
2020-12-01,12.72,12.76,12.5,12.67,1044564.0,13187673.0,169000000.0,0.0061808520710059,603685
2020-12-02,12.66,12.74,12.41,12.64,1069264.0,13459465.0,169000000.0,0.0063270059171597,603685
2020-12-03,12.78,12.79,12.52,12.62,555765.0,7005768.0,169000000.0,0.0032885502958579,603685
2020-12-04,12.52,12.63,12.36,12.54,921954.0,11520501.0,169000000.0,0.005455349112426,603685
2020-12-07,12.57,12.62,12.47,12.49,409990.0,5131870.0,169000000.0,0.0024259763313609,603685
2020-12-08,12.49,12.55,12.41,12.46,433397.0,5410045.0,169000000.0,0.0025644792899408,603685
2020-12-09,12.46,12.54,12.06,12.14,737609.0,9006095.0,169000000.0,0.0043645502958579,603685
2020-12-10,12.09,12.19,12.02,12.11,316200.0,3832050.0,169000000.0,0.0018710059171597,603685
2020-12-11,12.11,12.15,11.79,11.86,609801.0,7258201.0,169000000.0,0.0036082899408284,603685
2020-12-14,11.8,11.9,11.74,11.89,366792.0,4337454.0,169000000.0,0.0021703668639053,603685
2020-12-15,11.97,11.97,11.82,11.84,232008.0,2752433.0,169000000.0,0.0013728284023668,603685
2020-12-16,11.84,12.03,11.68,11.69,389440.0,4572829.0,169000000.0,0.0023043786982248,603685
2020-12-17,11.61,11.74,11.27,11.66,803128.0,9215209.0,169000000.0,0.0047522366863905,603685
2020-12-18,11.75,11.75,11.41,11.43,432990.0,5000994.0,169000000.0,0.0025620710059171,603685
2020-12-21,11.46,11.64,11.39,11.43,380395.0,4357226.0,169000000.0,0.0022508579881656,603685
2020-12-22,11.43,11.49,11.05,11.08,912377.0,10213384.0,169000000.0,0.0053986804733727,603685
2020-12-23,11.08,11.13,10.94,11.04,690861.0,7613088.0,169000000.0,0.0040879349112426,603685
2020-12-24,11.04,11.14,10.78,10.84,894558.0,9729470.0,169000000.0,0.0052932426035502,603685
2020-12-25,10.8,11.15,10.71,11.13,619960.0,6818373.0,169000000.0,0.0036684023668639,603685
2020-12-28,11.15,11.15,10.83,10.88,468182.0,5142063.0,169000000.0,0.0027703076923076,603685
2020-12-29,10.88,11.08,10.8,10.88,432800.0,4735980.0,169000000.0,0.0025609467455621,603685
2020-12-30,10.86,11.0,10.84,10.92,368590.0,4025554.0,169000000.0,0.0021810059171597,603685
2020-12-31,10.94,11.09,10.91,11.06,365128.0,4030848.0,169000000.0,0.0021605207100591,603685
2021-01-04,11.06,11.24,11.06,11.2,546452.0,6104166.0,169000000.0,0.0032334437869822,603685
2021-01-05,11.19,11.25,11.01,11.17,525661.0,5847954.0,169000000.0,0.0031104201183431,603685
2021-01-06,11.1,11.1,10.89,10.91,420322.0,4612824.0,169000000.0,0.0024871124260355,603685
2021-01-07,10.91,11.02,10.61,10.68,942154.0,10118033.0,169000000.0,0.0055748757396449,603685
2021-01-08,10.66,10.72,10.32,10.47,667367.0,7010160.0,169000000.0,0.0039489171597633,603685
2021-01-11,10.5,10.51,9.85,9.85,1259894.0,12660805.0,169000000.0,0.0074549940828402,603685
2021-01-12,9.7,10.02,9.68,9.83,619960.0,6102028.0,169000000.0,0.0036684023668639,603685
2021-01-13,9.84,9.85,9.5,9.74,878353.0,8469284.0,169000000.0,0.0051973550295857,603685
2021-01-14,9.8,10.17,9.65,9.99,965416.0,9603146.0,169000000.0,0.0057125207100591,603685
2021-01-15,9.94,10.13,9.94,10.02,867094.0,8705237.0,169000000.0,0.0051307337278106,603685
2021-01-18,10.1,10.24,9.95,10.18,656916.0,6665456.0,169000000.0,0.0038870769230769,603685
2021-01-19,10.25,10.33,10.15,10.2,505482.0,5166490.0,169000000.0,0.0029910177514792,603685
2021-01-20,10.16,10.28,10.02,10.16,453449.0,4599381.0,169000000.0,0.0026831301775147,603685
2021-01-21,10.18,10.3,10.12,10.25,607042.0,6212685.0,169000000.0,0.0035919644970414,603685
2021-01-22,10.24,10.42,10.1,10.36,828324.0,8515972.0,169000000.0,0.0049013254437869,603685
2021-01-25,10.37,10.37,10.05,10.07,628572.0,6408546.0,169000000.0,0.0037193609467455,603685
2021-01-26,10.0,10.18,9.83,9.83,673938.0,6712436.0,169000000.0,0.003987798816568,603685
2021-01-27,9.85,10.08,9.8,9.95,473463.0,4718524.0,169000000.0,0.0028015562130177,603685
2021-01-28,9.9,10.05,9.85,9.98,365994.0,3652452.0,169000000.0,0.0021656449704142,603685
2021-01-29,10.04,10.15,9.68,10.15,767340.0,7576636.0,169000000.0,0.004540473372781,603685
2021-02-01,10.01,10.11,9.85,9.85,617481.0,6139163.0,169000000.0,0.0036537337278106,603685
2021-02-02,9.88,9.88,9.64,9.66,634949.0,6171770.0,169000000.0,0.0037570946745562,603685
2021-02-03,9.67,9.67,9.43,9.47,605449.0,5739013.0,169000000.0,0.0035825384615384,603685
2021-02-04,9.47,9.47,9.01,9.06,743300.0,6802674.0,169000000.0,0.004398224852071,603685
2021-02-05,9.09,9.23,8.96,8.99,309583.0,2815009.0,169000000.0,0.0018318520710059,603685
2021-02-08,8.99,8.99,8.81,8.87,441237.0,3920404.0,169000000.0,0.0026108698224852,603685
2021-02-09,8.9,9.15,8.85,9.1,452041.0,4077281.0,169000000.0,0.002674798816568,603685
2021-02-10,9.02,9.28,9.02,9.24,297393.0,2738132.0,169000000.0,0.0017597218934911,603685
2021-02-18,9.3,9.49,9.3,9.41,404196.0,3809796.0,169000000.0,0.0023916923076923,603685
2021-02-19,9.48,9.73,9.31,9.69,539548.0,5166221.0,169000000.0,0.0031925917159763,603685
2021-02-22,9.84,10.23,9.69,9.88,1045940.0,10449095.0,169000000.0,0.0061889940828402,603685
2021-02-23,9.88,10.01,9.81,9.96,363517.0,3603012.0,169000000.0,0.0021509881656804,603685
2021-02-24,10.03,10.11,9.92,9.99,558385.0,5570302.0,169000000.0,0.0033040532544378,603685
2021-02-25,10.02,10.1,9.82,9.85,371090.0,3674672.0,169000000.0,0.002195798816568,603685
2021-02-26,9.84,9.99,9.81,9.92,343007.0,3389046.0,169000000.0,0.0020296272189349,603685
2021-03-01,10.04,10.09,10.0,10.06,444142.0,4462662.0,169000000.0,0.0026280591715976,603685
2021-03-02,10.05,10.19,9.93,10.02,350163.0,3510832.0,169000000.0,0.0020719704142011,603685
2021-03-03,10.03,10.06,9.93,10.05,318980.0,3194816.0,169000000.0,0.0018874556213017,603685
2021-03-04,10.06,10.16,10.0,10.02,753390.0,7614523.0,169000000.0,0.0044579289940828,603685
2021-03-05,10.09,10.22,10.04,10.22,456373.0,4638526.0,169000000.0,0.0027004319526627,603685
2021-03-08,10.21,10.44,10.13,10.19,678760.0,6991605.0,169000000.0,0.0040163313609467,603685
2021-03-09,10.23,10.37,10.04,10.14,713420.0,7303811.0,169000000.0,0.0042214201183431,603685
2021-03-10,10.14,10.3,9.8,9.84,549710.0,5502854.0,169000000.0,0.0032527218934911,603685
2021-03-11,9.83,10.13,9.78,10.05,457231.0,4555469.0,169000000.0,0.0027055088757396,603685
2021-03-12,9.99,10.07,9.93,10.04,375917.0,3759526.0,169000000.0,0.0022243609467455,603685
2021-03-15,9.97,10.09,9.95,10.0,304306.0,3046033.0,169000000.0,0.0018006272189349,603685
2021-03-16,10.04,10.51,10.04,10.49,981550.0,10126022.0,169000000.0,0.0058079881656804,603685
2021-03-17,10.49,10.64,10.36,10.43,921634.0,9657188.0,169000000.0,0.0054534556213017,603685
2021-03-18,10.43,10.52,10.3,10.37,420575.0,4356511.0,169000000.0,0.0024886094674556,603685
2021-03-19,10.37,10.61,10.23,10.4,602369.0,6288997.0,169000000.0,0.0035643136094674,603685
2021-03-22,10.4,10.53,10.35,10.42,377978.0,3932513.0,169000000.0,0.0022365562130177,603685
2021-03-23,10.42,10.46,10.31,10.37,407800.0,4227707.0,169000000.0,0.0024130177514792,603685
2021-03-24,10.32,10.45,10.2,10.23,414400.0,4283007.0,169000000.0,0.0024520710059171,603685
2021-03-25,10.21,10.48,10.21,10.48,551258.0,5731491.0,169000000.0,0.0032618816568047,603685
2021-03-26,10.5,10.54,10.32,10.36,525085.0,5465532.0,169000000.0,0.0031070118343195,603685
2021-03-29,10.37,10.4,10.21,10.25,376407.0,3869959.0,169000000.0,0.0022272603550295,603685
2021-03-30,10.25,10.28,10.06,10.09,388359.0,3940803.0,169000000.0,0.0022979822485207,603685
2021-03-31,10.09,10.18,9.93,10.15,344394.0,3462534.0,169000000.0,0.0020378343195266,603685
2021-04-01,10.18,10.18,10.08,10.1,349957.0,3542845.0,169000000.0,0.0020707514792899,603685
2021-04-02,10.1,10.19,10.04,10.12,424246.0,4299506.0,169000000.0,0.0025103313609467,603685
2021-04-06,10.24,10.74,10.15,10.65,1453904.0,15294093.0,169000000.0,0.0086029822485207,603685
2021-04-07,10.65,10.73,10.5,10.7,1013187.0,10754937.0,169000000.0,0.0059951893491124,603685
2021-04-08,10.75,10.75,10.51,10.54,750607.0,7934823.0,169000000.0,0.0044414615384615,603685
2021-04-09,10.54,10.62,10.45,10.61,368529.0,3898184.0,169000000.0,0.0021806449704142,603685
2021-04-12,10.61,10.61,10.37,10.6,354051.0,3714151.0,169000000.0,0.0020949763313609,603685
2021-04-13,10.75,11.46,10.75,11.2,4389869.0,49010382.0,169000000.0,0.0259755562130177,603685
2021-04-14,11.06,11.98,11.0,11.55,3508878.0,40487026.0,169000000.0,0.0207625917159763,603685
2021-04-15,11.4,11.4,11.1,11.2,1756519.0,19696690.0,169000000.0,0.0103936035502958,603685
2021-04-16,11.27,11.45,11.17,11.44,1272365.0,14377428.0,169000000.0,0.0075287869822485,603685
2021-04-19,11.43,11.63,11.16,11.18,1616857.0,18343588.0,169000000.0,0.0095672011834319,603685
2021-04-20,11.2,11.42,11.18,11.21,1140130.0,12876796.0,169000000.0,0.0067463313609467,603685
2021-04-21,11.21,11.45,10.96,11.22,1474582.0,16467062.0,169000000.0,0.0087253372781065,603685
2021-04-22,11.28,11.28,11.05,11.08,682728.0,7588401.0,169000000.0,0.0040398106508875,603685
2021-04-23,11.14,11.14,10.93,10.95,502374.0,5534308.0,169000000.0,0.0029726272189349,603685
2021-04-26,10.88,10.94,10.64,10.65,917834.0,9852908.0,169000000.0,0.0054309704142011,603685
2021-04-27,10.65,10.84,10.43,10.76,815764.0,8648557.0,169000000.0,0.0048270059171597,603685
2021-04-28,10.75,11.09,10.62,11.04,807344.0,8825710.0,169000000.0,0.0047771834319526,603685
2021-04-29,11.47,11.64,11.18,11.45,3244106.0,36911059.0,169000000.0,0.0191958934911242,603685
2021-04-30,11.39,11.74,11.26,11.58,2540770.0,29306224.0,169000000.0,0.0150341420118343,603685
2021-05-06,11.52,11.86,11.5,11.77,1975724.0,23046855.0,169000000.0,0.011690674556213,603685
2021-05-07,11.83,12.35,11.58,12.29,3134502.0,37571664.0,169000000.0,0.018547349112426,603685
2021-05-10,12.22,12.9,11.88,12.6,4606518.0,57066991.0,169000000.0,0.0272575029585798,603685
2021-05-11,12.6,12.6,12.35,12.55,2209201.0,27498120.0,169000000.0,0.0130721952662721,603685
2021-05-12,12.42,12.71,12.38,12.63,1332691.0,16651130.0,169000000.0,0.0078857455621301,603685
2021-05-13,12.5,12.8,12.49,12.69,1487525.0,18744771.0,169000000.0,0.008801923076923,603685
2021-05-14,12.77,12.77,12.5,12.51,1160027.0,14546442.0,169000000.0,0.0068640650887573,603685
2021-05-17,12.6,12.6,12.13,12.22,1356184.0,16615740.0,169000000.0,0.0080247573964497,603685
2021-05-18,12.22,12.31,12.03,12.23,1020680.0,12411992.0,169000000.0,0.0060395266272189,603685
2021-05-19,12.11,12.37,12.06,12.15,730233.0,8861347.0,169000000.0,0.0043209053254437,603685
2021-05-20,12.22,12.26,12.05,12.14,659061.0,8009433.0,169000000.0,0.0038997692307692,603685
2021-05-21,12.14,12.28,12.08,12.12,572382.0,6969028.0,169000000.0,0.0033868757396449,603685
2021-05-24,12.25,12.27,12.13,12.18,629454.0,7677309.0,169000000.0,0.0037245798816568,603685
2021-05-25,12.14,12.29,12.11,12.14,772149.0,9392960.0,169000000.0,0.0045689289940828,603685
2021-05-26,11.97,12.09,11.81,11.99,1209292.0,14442920.0,169000000.0,0.007155573964497,603685
2021-05-27,11.98,12.02,11.9,11.92,494869.0,5908619.0,169000000.0,0.0029282189349112,603685
2021-05-28,11.98,11.98,11.66,11.69,882466.0,10370724.0,169000000.0,0.0052216923076923,603685
2021-05-31,11.75,11.85,11.66,11.8,574492.0,6762572.0,169000000.0,0.0033993609467455,603685
2021-06-01,11.91,11.95,11.76,11.82,684572.0,8093088.0,169000000.0,0.0040507218934911,603685
2021-06-02,11.8,11.86,11.7,11.79,564705.0,6639190.0,169000000.0,0.003341449704142,603685
2021-06-03,11.81,12.0,11.7,11.91,1400033.0,16637460.0,169000000.0,0.0082842189349112,603685
2021-06-04,11.93,12.03,11.69,11.74,1146989.0,13577225.0,169000000.0,0.0067869171597633,603685
2021-06-07,11.84,11.84,11.63,11.73,502336.0,5889727.0,169000000.0,0.0029724023668639,603685
2021-06-08,11.84,12.9,11.71,12.9,4934109.0,61286059.0,169000000.0,0.0291959112426035,603685
2021-06-09,13.1,13.1,12.31,12.54,4400096.0,54957026.0,169000000.0,0.0260360710059171,603685
2021-06-10,12.44,12.45,12.28,12.37,2518316.0,31091703.0,169000000.0,0.0149012781065088,603685
2021-06-11,12.32,12.45,12.28,12.37,2165765.0,26736408.0,169000000.0,0.0128151775147929,603685
2021-06-15,12.3,12.51,12.29,12.39,1667577.0,20598903.0,169000000.0,0.0098673195266272,603685
2021-06-16,12.41,12.41,12.28,12.33,1022491.0,12593947.0,169000000.0,0.0060502426035502,603685
2021-06-17,12.35,12.39,12.17,12.34,1548862.0,19090111.0,169000000.0,0.0091648639053254,603685
2021-06-18,12.25,12.37,12.18,12.33,1306441.0,15999771.0,169000000.0,0.0077304201183431,603685
2021-06-21,12.32,12.35,12.26,12.32,908681.0,11187622.0,169000000.0,0.0053768106508875,603685
2021-06-22,12.3,12.44,12.25,12.27,1619706.0,19996543.0,169000000.0,0.0095840591715976,603685
2021-06-23,12.21,12.33,12.21,12.3,618311.0,7594715.0,169000000.0,0.0036586449704142,603685
2021-06-24,12.36,12.9,12.28,12.68,2646092.0,33287205.0,169000000.0,0.015657349112426,603685
2021-06-25,12.7,12.7,12.28,12.38,1769913.0,21943441.0,169000000.0,0.0104728579881656,603685
2021-06-28,12.35,12.47,12.21,12.35,1169400.0,14421423.0,169000000.0,0.0069195266272189,603685
2021-06-29,12.23,12.38,12.23,12.27,609041.0,7483813.0,169000000.0,0.0036037928994082,603685
2021-06-30,12.25,12.32,12.11,12.21,742782.0,9071649.0,169000000.0,0.0043951597633136,603685
2021-07-01,12.2,12.29,12.11,12.2,634593.0,7739698.0,169000000.0,0.0037549881656804,603685
2021-07-02,12.14,12.17,11.9,12.07,926193.0,11124201.0,169000000.0,0.0054804319526627,603685
2021-07-05,12.08,12.25,11.96,12.19,747888.0,9031721.0,169000000.0,0.004425372781065,603685
2021-07-06,12.28,12.29,12.1,12.25,593031.0,7250838.0,169000000.0,0.0035090591715976,603685
2021-07-07,12.24,12.4,12.16,12.37,916217.0,11288171.0,169000000.0,0.0054214023668639,603685
2021-07-08,12.43,12.48,12.35,12.43,1040501.0,12919011.0,169000000.0,0.0061568106508875,603685
2021-07-09,12.43,12.54,12.3,12.37,672080.0,8332048.0,169000000.0,0.0039768047337278,603685
2021-07-12,12.35,12.44,12.28,12.28,1327091.0,16401741.0,169000000.0,0.0078526094674556,603685
2021-07-13,12.38,12.75,12.28,12.72,2042542.0,25708147.0,169000000.0,0.0120860473372781,603685
2021-07-14,12.78,12.8,12.5,12.57,1320732.0,16647712.0,169000000.0,0.0078149822485207,603685
2021-07-15,12.47,12.55,12.23,12.34,1001438.0,12387343.0,169000000.0,0.0059256686390532,603685
2021-07-16,12.45,12.45,12.25,12.31,629781.0,7755181.0,169000000.0,0.0037265147928994,603685
2021-07-19,12.33,12.38,12.13,12.32,685985.0,8423465.0,169000000.0,0.0040590828402366,603685
2021-07-20,12.25,12.53,12.21,12.46,1073279.0,13239163.0,169000000.0,0.0063507633136094,603685
2021-07-21,12.46,12.56,12.34,12.37,912390.0,11329060.0,169000000.0,0.0053987573964497,603685
2021-07-22,12.43,12.5,12.36,12.49,930645.0,11570348.0,169000000.0,0.0055067751479289,603685
2021-07-23,12.59,12.6,12.27,12.34,1015484.0,12585583.0,169000000.0,0.0060087810650887,603685
2021-07-26,12.33,12.68,12.25,12.6,1902354.0,23691769.0,169000000.0,0.0112565325443786,603685
2021-07-27,12.61,13.35,12.43,13.05,4476365.0,58100713.0,169000000.0,0.0264873668639053,603685
2021-07-28,13.09,13.1,12.1,12.36,3682761.0,45752818.0,169000000.0,0.0217914852071005,603685
2021-07-29,12.44,13.35,12.33,13.34,4963216.0,63882011.0,169000000.0,0.0293681420118343,603685
2021-07-30,13.2,13.74,13.08,13.29,3423169.0,45712772.0,169000000.0,0.0202554378698224,603685
2021-08-02,13.16,13.47,13.08,13.42,2779800.0,36996752.0,169000000.0,0.0164485207100591,603685
2021-08-03,13.44,13.5,12.86,12.97,2360967.0,31051405.0,169000000.0,0.0139702189349112,603685
2021-08-04,13.06,13.15,12.88,13.13,1230381.0,16051898.0,169000000.0,0.0072803609467455,603685
2021-08-05,13.01,13.14,12.84,13.04,1550661.0,20104238.0,169000000.0,0.0091755088757396,603685
2021-08-06,13.04,13.35,12.87,13.3,1466047.0,19277151.0,169000000.0,0.0086748343195266,603685
2021-08-09,13.34,13.38,13.14,13.32,1176642.0,15599143.0,169000000.0,0.0069623786982248,603685
2021-08-10,13.3,13.85,13.3,13.72,2595835.0,35446966.0,169000000.0,0.0153599704142011,603685
2021-08-11,13.72,13.72,13.44,13.59,1316646.0,17839196.0,169000000.0,0.0077908047337278,603685
2021-08-12,13.5,13.77,13.35,13.39,1304603.0,17568118.0,169000000.0,0.0077195443786982,603685
2021-08-13,13.33,13.67,13.18,13.61,1675630.0,22562419.0,169000000.0,0.0099149704142011,603685
2021-08-16,13.6,13.68,13.35,13.38,1298574.0,17496296.0,169000000.0,0.0076838698224852,603685
2021-08-17,13.4,13.45,12.76,12.77,2205478.0,28697766.0,169000000.0,0.0130501656804733,603685
2021-08-18,12.71,13.16,12.71,13.04,1663942.0,21624477.0,169000000.0,0.0098458106508875,603685
2021-08-19,13.64,14.34,13.58,14.34,10684449.0,150016309.0,169000000.0,0.0632215917159763,603685
2021-08-20,14.0,14.48,13.66,14.48,8928772.0,124844171.0,169000000.0,0.0528329704142011,603685
2021-08-23,13.75,13.97,13.69,13.92,6991715.0,96948003.0,169000000.0,0.0413710946745562,603685
2021-08-24,13.79,13.8,13.37,13.68,4272766.0,57948026.0,169000000.0,0.0252826390532544,603685
2021-08-25,13.66,13.95,13.45,13.9,3623670.0,49757456.0,169000000.0,0.0214418343195266,603685
2021-08-26,13.58,13.72,13.26,13.38,3803039.0,51197907.0,169000000.0,0.0225031893491124,603685
2021-08-27,13.38,13.44,13.18,13.27,2155938.0,28609238.0,169000000.0,0.0127570295857988,603685
2021-08-30,13.3,13.67,13.27,13.65,2838520.0,38284384.0,169000000.0,0.0167959763313609,603685
2021-08-31,13.64,13.64,13.03,13.22,2960315.0,39239553.0,169000000.0,0.0175166568047337,603685
2021-09-01,13.26,13.38,12.88,13.34,2176473.0,28687479.0,169000000.0,0.0128785384615384,603685
2021-09-02,13.27,13.32,13.03,13.12,1499002.0,19689409.0,169000000.0,0.0088698343195266,603685
2021-09-03,13.09,13.31,13.01,13.19,1756395.0,23182793.0,169000000.0,0.0103928698224852,603685
2021-09-06,13.24,13.35,13.06,13.32,1422867.0,18825578.0,169000000.0,0.0084193313609467,603685
2021-09-07,13.33,13.42,13.23,13.35,1437613.0,19181163.0,169000000.0,0.0085065857988165,603685
2021-09-08,13.35,13.73,13.23,13.68,2763993.0,37479852.0,169000000.0,0.0163549881656804,603685
2021-09-09,13.6,13.76,13.42,13.6,1906715.0,25867795.0,169000000.0,0.0112823372781065,603685
2021-09-10,13.58,13.68,13.22,13.24,1818212.0,24286242.0,169000000.0,0.0107586508875739,603685
2021-09-13,13.22,13.34,13.04,13.3,1035633.0,13674390.0,169000000.0,0.0061280059171597,603685
2021-09-14,13.21,13.4,13.0,13.09,1320262.0,17447814.0,169000000.0,0.0078122011834319,603685
2021-09-15,13.11,13.43,13.1,13.31,968310.0,12840679.0,169000000.0,0.0057296449704142,603685
2021-09-16,13.3,13.48,13.14,13.15,1291519.0,17186053.0,169000000.0,0.007642124260355,603685
2021-09-17,13.16,13.3,12.36,12.51,3456701.0,43374601.0,169000000.0,0.0204538520710059,603685
2021-09-22,12.4,12.52,12.06,12.34,1538146.0,18856239.0,169000000.0,0.0091014556213017,603685
2021-09-23,12.3,12.38,12.26,12.33,1123182.0,13834795.0,169000000.0,0.0066460473372781,603685
2021-09-24,12.37,12.37,12.04,12.04,1413100.0,17127375.0,169000000.0,0.0083615384615384,603685
2021-09-27,12.05,12.16,11.52,11.72,1691971.0,19847683.0,169000000.0,0.0100116627218934,603685
2021-09-28,11.72,12.12,11.66,12.01,894195.0,10658480.0,169000000.0,0.0052910946745562,603685
2021-09-29,12.02,12.35,11.82,11.88,844914.0,10100967.0,169000000.0,0.0049994911242603,603685
2021-09-30,11.88,12.06,11.85,11.98,450394.0,5399603.0,169000000.0,0.0026650532544378,603685
2021-10-08,12.04,12.04,11.94,11.97,656114.0,7861291.0,169000000.0,0.0038823313609467,603685
2021-10-11,11.98,12.03,11.89,11.93,609690.0,7279412.0,169000000.0,0.0036076331360946,603685
2021-10-12,11.95,11.96,11.68,11.72,534256.0,6314174.0,169000000.0,0.0031612781065088,603685
2021-10-13,11.7,11.88,11.62,11.85,473272.0,5551562.0,169000000.0,0.0028004260355029,603685
2021-10-14,11.89,11.89,11.8,11.87,420538.0,4988672.0,169000000.0,0.0024883905325443,603685
2021-10-15,11.87,11.87,11.52,11.58,884413.0,10334637.0,169000000.0,0.0052332130177514,603685
2021-10-18,11.67,11.85,11.55,11.8,598720.0,7015108.0,169000000.0,0.0035427218934911,603685
2021-10-19,11.7,11.83,11.7,11.79,308369.0,3634283.0,169000000.0,0.0018246686390532,603685
2021-10-20,11.8,11.82,11.72,11.74,397766.0,4685049.0,169000000.0,0.0023536449704142,603685
2021-10-21,11.76,11.76,11.61,11.68,358180.0,4175707.0,169000000.0,0.0021194082840236,603685
2021-10-22,11.63,11.72,11.55,11.56,271360.0,3152943.0,169000000.0,0.0016056804733727,603685
2021-10-25,11.57,11.65,11.13,11.3,764572.0,8616161.0,169000000.0,0.0045240946745562,603685
2021-10-26,11.3,11.4,11.24,11.3,384300.0,4339974.0,169000000.0,0.0022739644970414,603685
2021-10-27,11.17,11.32,10.79,10.88,940497.0,10290463.0,169000000.0,0.0055650710059171,603685
2021-10-28,10.88,11.19,10.72,10.85,963559.0,10515286.0,169000000.0,0.0057015325443786,603685
2021-10-29,10.85,11.06,10.74,10.99,660114.0,7202928.0,169000000.0,0.003906,603685
2021-11-01,11.1,11.25,10.91,11.25,645040.0,7177391.0,169000000.0,0.0038168047337278,603685
2021-11-02,11.25,11.28,10.96,11.06,536350.0,5954450.0,169000000.0,0.0031736686390532,603685
2021-11-03,11.07,11.26,11.01,11.19,484866.0,5402662.0,169000000.0,0.0028690295857988,603685
2021-11-04,11.29,11.46,11.2,11.39,715492.0,8122969.0,169000000.0,0.0042336804733727,603685
2021-11-05,11.48,11.49,11.28,11.32,659443.0,7495063.0,169000000.0,0.0039020295857988,603685
2021-11-08,11.35,11.47,11.15,11.45,522593.0,5930042.0,169000000.0,0.0030922662721893,603685
2021-11-09,11.51,11.52,11.36,11.46,688412.0,7894077.0,169000000.0,0.0040734437869822,603685
2021-11-10,11.52,11.57,11.36,11.47,711366.0,8173060.0,169000000.0,0.0042092662721893,603685
2021-11-11,11.52,11.67,11.51,11.62,589000.0,6831765.0,169000000.0,0.0034852071005917,603685
2021-11-12,11.71,11.83,11.6,11.79,891726.0,10472478.0,169000000.0,0.0052764852071005,603685
2021-11-15,11.86,12.05,11.73,11.97,1060060.0,12658839.0,169000000.0,0.0062725443786982,603685
2021-11-16,11.97,12.15,11.85,11.92,884769.0,10627479.0,169000000.0,0.0052353195266272,603685
2021-11-17,11.9,12.28,11.9,12.14,1115590.0,13525495.0,169000000.0,0.006601124260355,603685
2021-11-18,12.15,12.26,11.87,11.88,894815.0,10779177.0,169000000.0,0.0052947633136094,603685
2021-11-19,11.91,12.28,11.82,12.17,1455505.0,17582524.0,169000000.0,0.0086124556213017,603685
2021-11-22,12.05,12.27,12.05,12.17,742619.0,9034663.0,169000000.0,0.0043941952662721,603685
2021-11-23,12.24,12.42,12.11,12.36,975270.0,12011539.0,169000000.0,0.0057708284023668,603685
2021-11-24,12.38,12.48,12.22,12.4,789160.0,9760937.0,169000000.0,0.0046695857988165,603685
2021-11-25,12.38,12.58,12.38,12.47,830100.0,10364201.0,169000000.0,0.0049118343195266,603685
2021-11-26,12.32,12.33,11.9,12.14,1771902.0,21421687.0,169000000.0,0.0104846272189349,603685
2021-11-29,12.07,12.18,11.95,12.09,888000.0,10727638.0,169000000.0,0.0052544378698224,603685
2021-11-30,12.09,12.37,12.09,12.28,1014120.0,12431526.0,169000000.0,0.0060007100591715,603685
2021-12-01,12.2,12.57,12.2,12.57,1033830.0,12847749.0,169000000.0,0.0061173372781065,603685
2021-12-02,12.54,12.63,12.34,12.39,713693.0,8887603.0,169000000.0,0.0042230355029585,603685
2021-12-03,12.45,12.49,12.35,12.4,618091.0,7674438.0,169000000.0,0.0036573431952662,603685
2021-12-06,12.45,12.47,12.04,12.04,1385470.0,16843638.0,169000000.0,0.0081980473372781,603685
2021-12-07,12.19,12.19,11.73,11.84,1073375.0,12728012.0,169000000.0,0.0063513313609467,603685
2021-12-08,11.84,12.0,11.79,11.99,692359.0,8254823.0,169000000.0,0.004096798816568,603685
2021-12-09,12.05,12.08,11.9,12.0,700067.0,8380688.0,169000000.0,0.0041424082840236,603685
2021-12-10,11.98,12.06,11.86,11.94,1162592.0,13894449.0,169000000.0,0.0068792426035502,603685
2021-12-13,12.03,12.12,11.96,12.05,698791.0,8412996.0,169000000.0,0.0041348579881656,603685
2021-12-14,12.03,12.36,11.96,12.33,1342716.0,16380651.0,169000000.0,0.0079450650887573,603685
2021-12-15,12.3,12.3,12.04,12.09,1127500.0,13706171.0,169000000.0,0.006671597633136,603685
2021-12-16,12.11,12.26,12.1,12.24,644860.0,7870414.0,169000000.0,0.0038157396449704,603685
2021-12-17,12.39,12.43,12.17,12.18,750188.0,9181369.0,169000000.0,0.0044389822485207,603685
2021-12-20,12.13,12.28,12.07,12.15,561934.0,6851323.0,169000000.0,0.0033250532544378,603685
2021-12-21,12.11,12.43,12.09,12.39,1032800.0,12713323.0,169000000.0,0.0061112426035502,603685
2021-12-22,12.58,12.58,12.29,12.34,732965.0,9096811.0,169000000.0,0.0043370710059171,603685
2021-12-23,12.43,12.43,12.1,12.1,978800.0,11965782.0,169000000.0,0.0057917159763313,603685
2021-12-24,12.16,12.19,11.93,12.06,1011192.0,12182765.0,169000000.0,0.0059833846153846,603685
2021-12-27,12.07,12.2,11.96,12.1,863485.0,10440546.0,169000000.0,0.0051093786982248,603685
2021-12-28,12.2,12.2,12.04,12.06,690951.0,8376947.0,169000000.0,0.0040884674556213,603685
2021-12-29,12.08,12.4,12.02,12.32,1492929.0,18291388.0,169000000.0,0.008833899408284,603685
2021-12-30,12.31,12.38,12.22,12.29,711990.0,8759073.0,169000000.0,0.0042129585798816,603685
2021-12-31,12.37,12.64,12.31,12.52,2215874.0,27758419.0,169000000.0,0.0131116804733727,603685
2022-01-04,12.63,12.84,12.53,12.82,2090416.0,26650234.0,169000000.0,0.0123693254437869,603685
2022-01-05,12.8,12.85,12.54,12.68,1125684.0,14255388.0,169000000.0,0.0066608520710059,603685
2022-01-06,12.75,12.84,12.6,12.81,1325135.0,16879499.0,169000000.0,0.0078410355029585,603685
2022-01-07,12.79,12.83,12.51,12.59,1002143.0,12705949.0,169000000.0,0.0059298402366863,603685
2022-01-10,12.58,12.63,12.39,12.56,1437469.0,18050241.0,169000000.0,0.0085057337278106,603685
2022-01-11,12.58,12.8,12.47,12.49,1300600.0,16401289.0,169000000.0,0.0076958579881656,603685
2022-01-12,12.64,12.72,12.51,12.7,1319694.0,16702096.0,169000000.0,0.0078088402366863,603685
2022-01-13,12.7,12.84,12.6,12.6,830290.0,10535385.0,169000000.0,0.0049129585798816,603685
2022-01-14,12.55,12.82,12.55,12.65,1824523.0,23207638.0,169000000.0,0.0107959940828402,603685
2022-01-17,12.67,12.82,12.56,12.78,1413657.0,18040539.0,169000000.0,0.0083648343195266,603685
2022-01-18,12.8,12.8,12.21,12.32,1900757.0,23583285.0,169000000.0,0.0112470828402366,603685
2022-01-19,12.32,12.55,12.26,12.49,1410801.0,17584980.0,169000000.0,0.0083479349112426,603685
2022-01-20,12.54,12.54,12.09,12.11,1342600.0,16471215.0,169000000.0,0.0079443786982248,603685
2022-01-21,12.11,12.28,12.08,12.15,820210.0,9980868.0,169000000.0,0.0048533136094674,603685
2022-01-24,12.15,12.15,11.88,11.98,1057550.0,12682840.0,169000000.0,0.0062576923076923,603685
2022-01-25,11.96,12.09,11.48,11.49,1121038.0,13107516.0,169000000.0,0.0066333609467455,603685
2022-01-26,11.48,11.6,11.29,11.48,1514566.0,17330338.0,169000000.0,0.0089619289940828,603685
2022-01-27,11.35,11.45,10.94,10.97,961590.0,10673931.0,169000000.0,0.0056898816568047,603685
2022-01-28,11.0,11.33,10.95,11.2,777313.0,8680752.0,169000000.0,0.0045994852071005,603685
2022-02-07,11.37,11.49,11.18,11.3,831078.0,9400362.0,169000000.0,0.0049176213017751,603685
2022-02-08,11.22,11.59,11.22,11.59,911220.0,10437042.0,169000000.0,0.0053918343195266,603685
2022-02-09,11.58,11.69,11.46,11.64,605352.0,7034865.0,169000000.0,0.0035819644970414,603685
2022-02-10,11.65,11.68,11.46,11.58,672972.0,7764056.0,169000000.0,0.0039820828402366,603685
2022-02-11,11.45,11.67,11.22,11.25,781508.0,8848986.0,169000000.0,0.0046243076923076,603685
2022-02-14,11.24,11.47,11.21,11.4,1150800.0,13111005.0,169000000.0,0.0068094674556213,603685
2022-02-15,11.39,11.48,11.16,11.31,755629.0,8544887.0,169000000.0,0.0044711775147928,603685
2022-02-16,11.33,11.59,11.29,11.52,1076220.0,12324087.0,169000000.0,0.0063681656804733,603685
2022-02-17,11.55,11.68,11.41,11.48,1257660.0,14558242.0,169000000.0,0.0074417751479289,603685
2022-02-18,11.49,11.58,11.4,11.54,839082.0,9629295.0,169000000.0,0.0049649822485207,603685
2022-02-21,11.54,11.72,11.41,11.72,1167430.0,13566310.0,169000000.0,0.0069078698224852,603685
2022-02-22,11.65,11.75,11.5,11.67,1366900.0,15899105.0,169000000.0,0.0080881656804733,603685
2022-02-23,11.67,11.8,11.58,11.74,882580.0,10332110.0,169000000.0,0.0052223668639053,603685
2022-02-24,11.72,11.82,11.3,11.55,1555890.0,17979985.0,169000000.0,0.009206449704142,603685
2022-02-25,11.61,11.7,11.48,11.65,921290.0,10722997.0,169000000.0,0.0054514201183431,603685
2022-02-28,11.65,11.65,11.42,11.62,962020.0,11091054.0,169000000.0,0.0056924260355029,603685
2022-03-01,11.65,11.7,11.58,11.67,880850.0,10271589.0,169000000.0,0.0052121301775147,603685
2022-03-02,11.65,11.77,11.55,11.73,940890.0,10999941.0,169000000.0,0.0055673964497041,603685
2022-03-03,11.7,11.9,11.7,11.81,1051356.0,12429608.0,169000000.0,0.0062210414201183,603685
2022-03-04,11.75,11.84,11.65,11.72,630859.0,7397877.0,169000000.0,0.0037328934911242,603685
2022-03-07,11.8,11.86,11.62,11.75,772948.0,9067132.0,169000000.0,0.0045736568047337,603685
2022-03-08,11.68,11.76,11.28,11.37,916205.0,10481433.0,169000000.0,0.0054213313609467,603685
2022-03-09,12.01,12.01,11.01,11.33,1253950.0,14256279.0,169000000.0,0.0074198224852071,603685
2022-03-10,11.43,11.58,11.31,11.36,1548690.0,17732010.0,169000000.0,0.0091638461538461,603685
2022-03-11,11.3,11.52,11.09,11.44,932652.0,10486351.0,169000000.0,0.0055186508875739,603685
2022-03-14,11.49,11.49,11.13,11.13,859900.0,9654269.0,169000000.0,0.0050881656804733,603685
2022-03-15,11.12,11.16,10.68,10.68,1512255.0,16501925.0,169000000.0,0.0089482544378698,603685
2022-03-16,10.68,11.08,10.46,10.97,1449391.0,15614414.0,169000000.0,0.0085762781065088,603685
2022-03-17,11.01,11.19,10.85,11.0,979600.0,10834715.0,169000000.0,0.005796449704142,603685
2022-03-18,10.95,11.17,10.87,11.17,954711.0,10570508.0,169000000.0,0.0056491775147928,603685
2022-03-21,11.17,11.3,11.12,11.26,935694.0,10504751.0,169000000.0,0.0055366508875739,603685
2022-03-22,11.43,11.43,11.12,11.31,820833.0,9247560.0,169000000.0,0.004857,603685
2022-03-23,11.43,11.45,11.23,11.24,455300.0,5158592.0,169000000.0,0.0026940828402366,603685
2022-03-24,11.24,11.3,11.12,11.13,480578.0,5366337.0,169000000.0,0.0028436568047337,603685
2022-03-25,11.07,11.28,11.07,11.09,609466.0,6827551.0,169000000.0,0.0036063076923076,603685
2022-03-28,11.09,11.23,11.0,11.16,613873.0,6805933.0,169000000.0,0.0036323846153846,603685
2022-03-29,11.16,11.18,11.02,11.08,713200.0,7900802.0,169000000.0,0.0042201183431952,603685
2022-03-30,11.06,11.19,11.06,11.13,437378.0,4856864.0,169000000.0,0.0025880355029585,603685
2022-03-31,11.14,11.29,11.1,11.17,777760.0,8695866.0,169001292.0,0.0046020949946347,603685
2022-04-01,11.08,11.23,11.02,11.23,758552.0,8459578.0,169001292.0,0.0044884390587972,603685
2022-04-06,11.23,11.45,11.15,11.36,815161.0,9251507.0,169001292.0,0.0048234009950645,603685
2022-04-07,11.34,11.53,11.18,11.2,798751.0,9077305.0,169001292.0,0.004726301145674,603685
2022-04-08,11.24,11.44,11.12,11.15,868293.0,9713527.0,169001292.0,0.005137789124121,603685
2022-04-11,11.09,11.27,10.89,10.93,713600.0,7890066.0,169001292.0,0.0042224529265728,603685
2022-04-12,10.93,11.12,10.68,11.11,812853.0,8893450.0,169001292.0,0.0048097442947359,603685
2022-04-13,11.17,11.17,10.87,10.89,481070.0,5276057.0,169001292.0,0.0028465462855751,603685
2022-04-14,10.88,11.05,10.85,10.95,524152.0,5749057.0,169001292.0,0.0031014674136337,603685
2022-04-15,10.91,10.92,10.56,10.58,721100.0,7716115.0,169001292.0,0.0042668312855265,603685
2022-04-18,10.59,10.75,10.39,10.72,493865.0,5258114.0,169001292.0,0.00292225576595,603685
2022-04-19,10.74,10.8,10.64,10.75,410833.0,4399257.0,169001292.0,0.0024309459125318,603685
2022-04-20,10.77,10.84,10.68,10.68,531122.0,5711311.0,169001292.0,0.0031427097018879,603685
2022-04-21,10.72,10.77,10.27,10.3,852749.0,8929455.0,169001292.0,0.005045813495911,603685
2022-04-22,10.37,10.7,10.16,10.57,1004774.0,10477265.0,169001292.0,0.0059453628319007,603685
2022-04-25,10.31,10.34,9.51,9.51,1848426.0,18067551.0,169001292.0,0.0109373483369582,603685
2022-04-26,9.51,9.51,8.86,8.92,1575567.0,14362965.0,169001292.0,0.0093228103841951,603685
2022-04-27,8.9,9.22,8.61,9.15,983215.0,8793480.0,169001292.0,0.0058177957598099,603685
2022-04-28,8.72,9.02,8.65,8.97,1664581.0,14682708.0,169001292.0,0.0098495164167147,603685
2022-04-29,8.97,9.15,8.86,9.05,1550600.0,13972335.0,169001292.0,0.0091750777857958,603685
2022-05-05,9.06,9.2,8.88,9.06,1158896.0,10491044.0,169001292.0,0.0068573203570538,603685
2022-05-06,8.94,9.02,8.84,8.92,625573.0,5590094.0,169001292.0,0.0037015870860916,603685
2022-05-09,8.91,9.18,8.9,9.1,762910.0,6945097.0,169001292.0,0.0045142258439065,603685
2022-05-10,8.97,9.17,8.91,9.15,764534.0,6957535.0,169001292.0,0.0045238352378986,603685
2022-05-11,9.18,9.24,9.07,9.07,1443091.0,13261169.0,169001292.0,0.0085389347200966,603685
2022-05-12,9.07,9.19,9.0,9.17,957800.0,8726468.0,169001292.0,0.0056674122941024,603685
2022-05-13,9.16,9.23,9.06,9.19,745920.0,6842050.0,169001292.0,0.0044136940680903,603685
2022-05-16,9.22,9.25,9.11,9.13,701996.0,6442742.0,169001292.0,0.0041537907295998,603685
2022-05-17,9.0,9.2,9.0,9.16,850316.0,7736624.0,169001292.0,0.0050314171562664,603685
2022-05-18,9.17,9.39,9.1,9.3,1480298.0,13720986.0,169001292.0,0.0087590928003082,603685
2022-05-19,9.2,9.49,9.15,9.46,957825.0,8978137.0,169001292.0,0.0056675602219656,603685
2022-05-20,9.46,9.64,9.4,9.52,728373.0,6933204.0,169001292.0,0.0043098664594824,603685
2022-05-23,9.55,9.73,9.45,9.63,931547.0,8941465.0,169001292.0,0.0055120702864212,603685
2022-05-24,9.68,9.69,9.21,9.3,963040.0,9119676.0,169001292.0,0.0056984179742247,603685
2022-05-25,9.25,9.6,9.24,9.52,943959.0,8935486.0,169001292.0,0.0055855135119322,603685
2022-05-26,9.47,9.62,9.37,9.53,1004877.0,9556667.0,169001292.0,0.005945972294697,603685
2022-05-27,9.55,9.68,9.35,9.53,751887.0,7167444.0,169001292.0,0.0044490014904738,603685
2022-05-30,9.61,9.61,9.38,9.52,587399.0,5566978.0,169001292.0,0.0034757071561322,603685
2022-05-31,9.54,9.61,9.4,9.61,533233.0,5066085.0,169001292.0,0.0031552007306547,603685
2022-06-01,9.59,9.78,9.43,9.64,689867.0,6661531.0,169001292.0,0.0040820220475,603685
2022-06-02,9.66,9.86,9.47,9.81,871690.0,8463394.0,169001292.0,0.0051578895621697,603685
2022-06-06,9.82,10.03,9.79,9.9,979869.0,9702545.0,169001292.0,0.005797997094602,603685
2022-06-07,9.92,9.93,9.7,9.75,608876.0,5963176.0,169001292.0,0.0036027890248318,603685
2022-06-08,9.77,9.83,9.56,9.73,598538.0,5789256.0,169001292.0,0.0035416178948501,603685
2022-06-09,9.69,9.73,9.48,9.53,520996.0,4985140.0,169001292.0,0.003082793000186,603685
2022-06-10,9.5,9.7,9.46,9.64,489000.0,4715068.0,169001292.0,0.0028934690037754,603685
2022-06-13,9.46,9.75,9.46,9.69,385800.0,3720333.0,169001292.0,0.0022828227845737,603685
2022-06-14,9.65,9.69,9.29,9.69,950271.0,9012120.0,169001292.0,0.0056228623388275,603685
2022-06-15,9.65,9.78,9.64,9.65,801439.0,7772590.0,169001292.0,0.004742206349523,603685
2022-06-16,9.64,9.77,9.62,9.7,415348.0,4029931.0,169001292.0,0.0024576616846219,603685
2022-06-17,9.72,9.74,9.52,9.73,465290.0,4495884.0,169001292.0,0.0027531742183367,603685
2022-06-20,9.75,10.0,9.69,9.92,792700.0,7790619.0,169001292.0,0.0046904966856703,603685
2022-06-21,10.0,10.06,9.8,9.98,868400.0,8635152.0,169001292.0,0.0051384222553754,603685
2022-06-22,9.99,10.02,9.81,9.85,528577.0,5250971.0,169001292.0,0.0031276506454163,603685
2022-06-23,9.87,10.15,9.86,10.06,955470.0,9609213.0,169001292.0,0.0056536254172542,603685
2022-06-24,10.15,10.34,10.06,10.31,890277.0,9140178.0,169001292.0,0.0052678709698858,603685
2022-06-27,10.41,10.41,10.11,10.26,843623.0,8639866.0,169001292.0,0.0049918139087362,603685
2022-06-28,10.36,10.44,10.2,10.41,769902.0,7976896.0,169001292.0,0.0045555983086803,603685
2022-06-29,10.55,10.55,10.16,10.16,699902.0,7206189.0,169001292.0,0.00414140029178,603685
2022-06-30,10.27,10.39,10.17,10.26,616664.0,6351837.0,169001596.0,0.0036488649491807,603685
2022-07-01,10.34,10.53,10.08,10.16,627696.0,6438280.0,169001596.0,0.0037141424392228,603685
2022-07-04,10.39,10.39,10.0,10.19,836981.0,8482415.0,169001596.0,0.0049525035254696,603685
2022-07-05,10.24,10.24,9.94,10.09,871341.0,8779099.0,169001596.0,0.0051558152149048,603685
2022-07-06,10.1,10.17,9.98,10.09,576841.0,5797820.0,169001596.0,0.0034132281212302,603685
2022-07-07,10.09,10.23,10.04,10.11,674100.0,6811503.0,169001596.0,0.0039887197278302,603685
2022-07-08,10.04,10.35,10.01,10.3,1321266.0,13396569.0,169001596.0,0.0078180681796638,603685
2022-07-11,10.53,10.53,10.05,10.16,1363029.0,13855603.0,169001596.0,0.0080651841891481,603685
2022-07-12,10.08,10.16,9.9,9.98,728100.0,7284098.0,169001596.0,0.0043082433375362,603685
2022-07-13,10.23,10.23,9.87,10.17,574747.0,5817208.0,169001596.0,0.0034008377056983,603685
2022-07-14,10.17,10.26,10.1,10.17,495982.0,5037881.0,169001596.0,0.0029347770183188,603685
2022-07-15,10.07,10.07,9.76,9.76,950757.0,9377777.0,169001596.0,0.0056257279369125,603685
2022-07-18,9.77,10.13,9.77,10.1,1233002.0,12339576.0,169001596.0,0.0072958009224954,603685
2022-07-19,10.1,10.27,10.1,10.26,805567.0,8226530.0,169001596.0,0.0047666236240751,603685
2022-07-20,10.15,10.32,10.08,10.26,514484.0,5233927.0,169001596.0,0.0030442552743703,603685
2022-07-21,10.26,10.28,10.15,10.16,377360.0,3853134.0,169001596.0,0.0022328783214567,603685
2022-07-22,10.2,10.29,10.13,10.25,529233.0,5413714.0,169001596.0,0.0031315266395472,603685
2022-07-25,10.33,10.38,10.1,10.19,404300.0,4140324.0,169001596.0,0.0023922851000768,603685
2022-07-26,10.12,10.26,10.03,10.21,697465.0,7065602.0,169001596.0,0.0041269728600669,603685
2022-07-27,10.21,10.39,10.1,10.37,703876.0,7262387.0,169001596.0,0.0041649074130637,603685
2022-07-28,10.4,10.45,10.33,10.44,608076.0,6326794.0,169001596.0,0.0035980488610296,603685
2022-07-29,10.45,10.56,10.37,10.45,887565.0,9292359.0,169001596.0,0.0052518143083098,603685
2022-08-01,10.46,10.54,10.35,10.49,694666.0,7263097.0,169001596.0,0.0041104108862971,603685
2022-08-02,10.44,10.44,9.87,9.94,1524929.0,15299243.0,169001596.0,0.0090231633078778,603685
2022-08-03,9.97,10.32,9.93,10.09,1380444.0,14004427.0,169001596.0,0.0081682305532783,603685
2022-08-04,10.09,10.24,10.02,10.23,485542.0,4923808.0,169001596.0,0.0028730024537756,603685
2022-08-05,10.27,10.34,10.17,10.28,497979.0,5112112.0,169001596.0,0.002946593474774,603685
2022-08-08,10.28,10.5,10.26,10.5,559333.0,5831906.0,169001596.0,0.0033096314664389,603685
2022-08-09,10.5,10.65,10.41,10.6,605838.0,6385695.0,169001596.0,0.0035848063825385,603685
2022-08-10,10.57,10.63,10.49,10.56,723069.0,7637095.0,169001596.0,0.0042784743878986,603685
2022-08-11,10.65,10.92,10.51,10.87,1505885.0,16252100.0,169001596.0,0.0089104779815215,603685
2022-08-12,10.87,10.9,10.59,10.61,648100.0,6943633.0,169001596.0,0.0038348750268606,603685
2022-08-15,10.54,10.63,10.45,10.55,755893.0,7956927.0,169001596.0,0.0044726974057688,603685
2022-08-16,10.6,10.98,10.57,10.88,1227936.0,13285004.0,169001596.0,0.0072658248742218,603685
2022-08-17,10.87,10.9,10.72,10.8,605169.0,6532987.0,169001596.0,0.0035808478400405,603685
2022-08-18,10.74,10.89,10.71,10.81,456300.0,4936259.0,169001596.0,0.0026999745020159,603685
2022-08-19,10.8,10.98,10.72,10.72,686000.0,7433358.0,169001596.0,0.0040591332640432,603685
2022-08-22,10.65,10.85,10.6,10.72,501795.0,5380372.0,169001596.0,0.0029691731431932,603685
2022-08-23,10.67,10.72,10.58,10.62,493867.0,5248358.0,169001596.0,0.0029222623436053,603685
2022-08-24,10.68,10.68,10.34,10.4,991631.0,10356764.0,169001596.0,0.0058675836410444,603685
2022-08-25,10.63,10.64,10.17,10.3,798895.0,8215121.0,169001596.0,0.0047271447069647,603685
2022-08-26,10.33,10.46,10.23,10.24,759646.0,7867420.0,169001596.0,0.0044949042966434,603685
2022-08-29,10.09,10.4,9.95,10.37,458800.0,4713597.0,169001596.0,0.0027147672617245,603685
2022-08-30,10.4,10.5,10.25,10.36,586734.0,6090203.0,169001596.0,0.0034717660299492,603685
2022-08-31,10.35,10.36,9.91,9.99,1299190.0,13090402.0,169001596.0,0.0076874421943328,603685
2022-09-01,10.0,10.24,9.98,10.01,901400.0,9103119.0,169001596.0,0.0053336774405373,603685
2022-09-02,10.03,10.23,10.03,10.17,709107.0,7175179.0,169001596.0,0.004195859783478,603685
2022-09-05,10.23,10.35,10.12,10.35,967440.0,9922065.0,169001596.0,0.005724442981,603685
2022-09-06,10.39,10.39,10.21,10.35,704600.0,7265088.0,169001596.0,0.0041691913962753,603685
2022-09-07,10.3,10.44,10.21,10.37,502900.0,5202413.0,169001596.0,0.0029757115429844,603685
2022-09-08,10.31,10.44,10.27,10.35,677500.0,7018908.0,169001596.0,0.0040088378810339,603685
2022-09-09,10.36,10.36,10.03,10.08,915150.0,9286932.0,169001596.0,0.0054150376189346,603685
2022-09-13,10.15,10.27,10.09,10.15,674190.0,6850688.0,169001596.0,0.0039892522671797,603685
2022-09-14,10.19,10.19,10.0,10.07,510600.0,5138847.0,169001596.0,0.003021273242887,603685
2022-09-15,10.38,10.38,9.71,9.8,1171560.0,11567676.0,169001596.0,0.0069322422256888,603685
2022-09-16,9.87,9.87,9.62,9.66,892179.0,8670181.0,169001596.0,0.005279115825628,603685
2022-09-19,10.03,10.03,9.47,9.64,1146781.0,11002387.0,169001596.0,0.0067856223085609,603685
2022-09-20,9.64,9.88,9.57,9.69,1083659.0,10488205.0,169001596.0,0.0064121228772301,603685
2022-09-21,9.69,9.8,9.45,9.76,2004238.0,19335848.0,169001596.0,0.011859284453148,603685
2022-09-22,9.7,9.85,9.68,9.77,1957795.0,19109895.0,169001596.0,0.0115844763974891,603685
2022-09-23,9.75,9.8,9.45,9.48,2076909.0,19937647.0,169001596.0,0.0122892863094618,603685
2022-09-26,9.45,9.5,9.3,9.32,1063263.0,9965625.0,169001596.0,0.0062914376264233,603685
2022-09-27,9.35,9.54,9.32,9.5,898517.0,8474870.0,169001596.0,0.0053166184300413,603685
2022-09-28,9.53,9.59,9.34,9.53,1887361.0,17943712.0,169001596.0,0.0111677111025626,603685
2022-09-29,9.53,9.59,9.44,9.52,773082.0,7366188.0,169001596.0,0.0045744065044214,603685
2022-09-30,9.53,9.73,9.42,9.72,2496487.0,24020708.0,169001827.0,0.0147719527316115,603685
2022-10-10,9.62,9.78,9.52,9.72,1452462.0,14022647.0,169001827.0,0.0085943567935511,603685
2022-10-11,9.66,9.77,9.57,9.74,1128500.0,10950809.0,169001827.0,0.0066774426053985,603685
2022-10-12,9.68,9.82,9.58,9.82,1223100.0,11912037.0,169001827.0,0.0072371998676677,603685
2022-10-13,9.8,10.05,9.7,9.99,1622530.0,16027346.0,169001827.0,0.0096006654413268,603685
2022-10-14,9.99,10.03,9.91,9.98,1267618.0,12637297.0,169001827.0,0.0075006171382987,603685
2022-10-17,9.94,10.04,9.85,10.01,879533.0,8750820.0,169001827.0,0.0052042810164413,603685
2022-10-18,10.03,10.03,9.95,10.01,385725.0,3852962.0,169001827.0,0.0022823717757796,603685
2022-10-19,10.02,10.02,9.89,9.95,407200.0,4045818.0,169001827.0,0.0024094414079914,603685
2022-10-20,9.88,10.04,9.82,9.98,971495.0,9677063.0,169001827.0,0.0057484289800015,603685
2022-10-21,9.93,10.09,9.68,10.04,1061277.0,10607485.0,169001827.0,0.0062796776747271,603685
2022-10-24,10.05,10.13,9.77,9.93,1414080.0,14088631.0,169001827.0,0.0083672468227222,603685
2022-10-25,9.72,10.0,9.71,9.8,904600.0,8886668.0,169001827.0,0.005352604856751,603685
2022-10-26,9.84,9.96,9.8,9.83,1042500.0,10304269.0,169001827.0,0.0061685723669721,603685
2022-10-27,9.86,9.9,9.79,9.81,507400.0,4995637.0,169001827.0,0.0030023344067162,603685
2022-10-28,9.84,9.86,9.42,9.48,1045535.0,9976437.0,169001827.0,0.0061865307527119,603685
2022-10-31,9.55,9.75,9.41,9.74,680266.0,6530927.0,169001827.0,0.0040251990885281,603685
2022-11-01,9.71,9.95,9.62,9.95,1298300.0,12726509.0,169001827.0,0.007682165471501,603685
2022-11-02,9.89,10.05,9.89,10.03,1252875.0,12501913.0,169001827.0,0.0074133813949833,603685
2022-11-03,10.0,10.13,9.9,10.02,668800.0,6692204.0,169001827.0,0.0039573536681351,603685
2022-11-04,10.09,10.23,9.92,10.18,1739694.0,17525936.0,169001827.0,0.0102939360531291,603685
2022-11-07,10.1,10.27,10.07,10.22,2257420.0,22988477.0,169001827.0,0.0133573703910313,603685
2022-11-08,10.16,10.25,10.1,10.19,1149450.0,11708916.0,169001827.0,0.0068014057623175,603685
2022-11-09,10.22,10.25,10.08,10.14,1498593.0,15241501.0,169001827.0,0.0088673183397005,603685
2022-11-10,10.13,10.19,10.05,10.16,1604200.0,16260705.0,169001827.0,0.0094922050753924,603685
2022-11-11,10.26,10.28,10.08,10.08,1129790.0,11508171.0,169001827.0,0.0066850756589749,603685
2022-11-14,10.08,10.24,10.07,10.19,1252838.0,12748370.0,169001827.0,0.0074131624624389,603685
2022-11-15,10.24,10.26,10.11,10.25,689100.0,7031785.0,169001827.0,0.004077470712787,603685
2022-11-16,10.2,10.35,10.2,10.29,1033417.0,10639885.0,169001827.0,0.0061148273858601,603685
2022-11-17,10.29,10.34,10.15,10.33,709666.0,7300804.0,169001827.0,0.0041991617049205,603685
2022-11-18,10.32,10.43,10.21,10.24,1149040.0,11847633.0,169001827.0,0.0067989797530413,603685
2022-11-21,10.24,10.32,10.15,10.26,960700.0,9819583.0,169001827.0,0.0056845539308873,603685
2022-11-22,10.23,10.35,10.14,10.21,744100.0,7635005.0,169001827.0,0.0044029109815481,603685
2022-11-23,10.2,10.26,9.96,10.07,596700.0,5997350.0,169001827.0,0.0035307310612683,603685
2022-11-24,10.09,10.24,10.08,10.2,780700.0,7934486.0,169001827.0,0.0046194766876691,603685
2022-11-25,10.23,10.23,10.02,10.02,543976.0,5483751.0,169001827.0,0.0032187581025381,603685
2022-11-28,10.0,10.09,9.84,9.9,683400.0,6784226.0,169001827.0,0.0040437432667517,603685
2022-11-29,9.95,10.14,9.81,10.14,788235.0,7934152.0,169001827.0,0.0046640620044894,603685
2022-11-30,10.15,10.22,10.03,10.08,763453.0,7722776.0,169001827.0,0.0045174245364814,603685
2022-12-01,10.23,10.25,10.1,10.13,465200.0,4724341.0,169001827.0,0.0027526329641394,603685
2022-12-02,10.16,10.3,10.09,10.22,770877.0,7875751.0,169001827.0,0.0045613530556684,603685
2022-12-05,10.22,10.5,10.22,10.4,1180218.0,12270434.0,169001827.0,0.0069834629657583,603685
2022-12-06,10.43,10.46,10.28,10.34,727384.0,7533056.0,169001827.0,0.0043040008082279,603685
2022-12-07,10.38,10.41,10.21,10.32,623442.0,6411699.0,169001827.0,0.0036889660370358,603685
2022-12-08,10.25,10.34,10.18,10.32,676650.0,6945420.0,169001827.0,0.0040038028701311,603685
2022-12-09,10.33,10.38,10.15,10.2,1061642.0,10864125.0,169001827.0,0.0062818374146925,603685
2022-12-12,10.24,10.39,10.21,10.34,1153081.0,11883421.0,169001827.0,0.0068228907371516,603685
2022-12-13,10.28,10.4,10.27,10.35,771915.0,7971635.0,169001827.0,0.0045674950011043,603685
2022-12-14,10.29,10.42,10.13,10.24,1039900.0,10679523.0,169001827.0,0.0061531879179033,603685
2022-12-15,10.24,10.39,10.08,10.35,836477.0,8624844.0,169001827.0,0.0049495145398635,603685
2022-12-16,10.39,10.48,10.3,10.3,944875.0,9810821.0,169001827.0,0.0055909158899211,603685
2022-12-19,10.36,10.39,9.88,9.95,1036400.0,10406982.0,169001827.0,0.0061324780826185,603685
2022-12-20,9.97,10.03,9.8,9.95,614000.0,6098425.0,169001827.0,0.0036330968185332,603685
2022-12-21,9.94,10.06,9.9,10.01,629832.0,6294663.0,169001827.0,0.00372677627917,603685
2022-12-22,10.06,10.09,9.71,9.76,637100.0,6290525.0,169001827.0,0.0037697817314128,603685
2022-12-23,9.68,9.83,9.63,9.77,683000.0,6642179.0,169001827.0,0.0040413764284335,603685
2022-12-26,9.76,9.86,9.66,9.73,508190.0,4961864.0,169001827.0,0.0030070089123947,603685
2022-12-27,9.79,9.84,9.59,9.66,460600.0,4450760.0,169001827.0,0.0027254143234794,603685
2022-12-28,9.6,9.66,9.42,9.44,791867.0,7538367.0,169001827.0,0.0046855528964192,603685
2022-12-29,9.49,9.5,9.32,9.32,474138.0,4465748.0,169001827.0,0.002805519966361,603685
2022-12-30,9.38,9.44,9.28,9.4,583400.0,5471280.0,169001904.0,0.0034520321143837,603685
2023-01-03,9.4,9.63,9.33,9.59,845300.0,8045839.0,169001904.0,0.0050017187972036,603685
2023-01-04,9.55,9.73,9.52,9.68,836220.0,8070125.0,169001904.0,0.004947991591858,603685
2023-01-05,9.68,9.7,9.55,9.69,584204.0,5636288.0,169001904.0,0.0034567894572359,603685
2023-01-06,9.69,9.78,9.61,9.65,432767.0,4194512.0,169001904.0,0.0025607226294917,603685
2023-01-09,9.69,9.75,9.58,9.65,972034.0,9389897.0,169001904.0,0.005751615674105,603685
2023-01-10,9.65,9.71,9.56,9.65,979914.0,9445851.0,169001904.0,0.0057982423677309,603685
2023-01-11,9.66,9.7,9.48,9.5,766176.0,7349578.0,169001904.0,0.0045335347227804,603685
2023-01-12,9.55,9.59,9.43,9.45,679189.0,6445794.0,169001904.0,0.0040188245453139,603685
2023-01-13,9.48,9.5,9.35,9.39,467789.0,4404437.0,169001904.0,0.0027679510640306,603685
2023-01-16,9.44,9.63,9.44,9.63,725376.0,6931886.0,169001904.0,0.0042921173243113,603685
2023-01-17,9.57,9.75,9.57,9.66,749004.0,7234925.0,169001904.0,0.0044319264000718,603685
2023-01-18,9.66,9.92,9.64,9.85,1330376.0,13077265.0,169001904.0,0.0078719586496492,603685
2023-01-19,9.84,10.04,9.75,10.0,1334025.0,13256987.0,169001904.0,0.0078935501223702,603685
2023-01-20,9.94,10.05,9.91,9.99,795290.0,7950624.0,169001904.0,0.004705804971286,603685
2023-01-30,10.04,10.16,9.99,10.07,684090.0,6884114.0,169001904.0,0.0040478242185957,603685
2023-01-31,10.04,10.36,10.0,10.22,1718631.0,17537799.0,169001904.0,0.0101692996310858,603685
2023-02-01,10.25,10.44,10.15,10.41,1473357.0,15237264.0,169001904.0,0.0087179905381421,603685
2023-02-02,10.4,10.58,10.32,10.52,1261675.0,13270923.0,169001904.0,0.0074654484366045,603685
2023-02-03,10.51,10.65,10.47,10.57,986977.0,10421549.0,169001904.0,0.0058400347962943,603685
2023-02-06,10.59,10.75,10.59,10.66,1164000.0,12423951.0,169001904.0,0.0068874963680882,603685
2023-02-07,10.69,10.7,10.51,10.64,867376.0,9202108.0,169001904.0,0.0051323445444732,603685
2023-02-08,10.64,10.8,10.61,10.69,919442.0,9832253.0,169001904.0,0.0054404239138039,603685
2023-02-09,10.74,10.74,10.57,10.65,735080.0,7813725.0,169001904.0,0.0043495367957511,603685
2023-02-10,10.64,11.3,10.6,11.2,5899480.0,64464392.0,169001904.0,0.0349077724000079,603685
2023-02-13,11.06,11.06,10.78,11.03,3333089.0,36240571.0,169001904.0,0.0197221979226932,603685
2023-02-14,10.89,10.9,10.73,10.84,1754341.0,18949027.0,169001904.0,0.0103805990256772,603685
2023-02-15,10.81,11.14,10.74,10.91,2814890.0,30809240.0,169001904.0,0.0166559661955051,603685
2023-02-16,10.98,11.11,10.68,10.68,2077300.0,22570406.0,169001904.0,0.0122915774960736,603685
2023-02-17,10.7,10.83,10.63,10.82,1581652.0,16958581.0,169001904.0,0.0093587821353776,603685
2023-02-20,10.8,10.84,10.55,10.78,1154050.0,12386333.0,169001904.0,0.0068286212917459,603685
2023-02-21,10.71,10.86,10.71,10.82,768790.0,8309455.0,169001904.0,0.0045490020041431,603685
2023-02-22,10.82,10.84,10.69,10.79,524800.0,5653917.0,169001904.0,0.0031052904587394,603685
2023-02-23,10.78,10.84,10.7,10.73,706069.0,7590932.0,169001904.0,0.0041778760078347,603685
2023-02-24,10.75,10.89,10.69,10.71,717900.0,7733718.0,169001904.0,0.0042478811362977,603685
2023-02-27,10.73,10.87,10.61,10.68,2374388.0,25594080.0,169001904.0,0.0140494748508868,603685
2023-02-28,10.73,10.94,10.73,10.91,1512359.0,16417189.0,169001904.0,0.0089487690032178,603685
2023-03-01,10.91,11.05,10.86,10.99,1368324.0,14973280.0,169001904.0,0.0080965004985979,603685
2023-03-02,10.99,11.38,10.97,11.21,2480638.0,27763200.0,169001904.0,0.0146781659927334,603685
2023-03-03,11.29,11.65,11.29,11.39,3879586.0,44414394.0,169001904.0,0.0229558715504175,603685
2023-03-06,11.4,12.16,11.22,11.79,5356809.0,63303316.0,169001904.0,0.0316967375704832,603685
2023-03-07,11.74,11.87,11.45,11.52,1615092.0,18761369.0,169001904.0,0.0095566497286326,603685
2023-03-08,11.5,11.62,11.32,11.62,1381049.0,15842174.0,169001904.0,0.008171795508292,603685
2023-03-09,11.56,11.72,11.38,11.72,1272809.0,14719745.0,169001904.0,0.007531329351177,603685
2023-03-10,11.62,11.83,11.48,11.59,829944.0,9612071.0,169001904.0,0.0049108559155641,603685
2023-03-13,11.65,11.84,11.48,11.8,1534989.0,17964910.0,169001904.0,0.0090826728200647,603685
2023-03-14,11.8,11.96,11.65,11.73,1718825.0,20254521.0,169001904.0,0.0101704475471471,603685
2023-03-15,11.71,11.93,11.71,11.86,1159435.0,13715589.0,169001904.0,0.0068604848380879,603685
2023-03-16,11.85,11.93,11.59,11.69,1304090.0,15344135.0,169001904.0,0.0077164219404297,603685
2023-03-17,11.69,11.84,11.13,11.34,2517200.0,28585474.0,169001904.0,0.0148945067506458,603685
2023-03-20,11.34,11.36,10.63,11.13,2539168.0,27831890.0,169001904.0,0.0150244934518607,603685
2023-03-21,11.21,11.47,11.06,11.34,1739704.0,19668430.0,169001904.0,0.0102939905339764,603685
2023-03-22,11.48,11.56,11.2,11.29,822117.0,9326010.0,169001904.0,0.0048645428278725,603685
2023-03-23,11.29,11.58,11.29,11.33,1371240.0,15638001.0,169001904.0,0.0081137547420767,603685
2023-03-24,11.45,11.53,11.32,11.42,1121817.0,12805212.0,169001904.0,0.0066378956298622,603685
2023-03-27,11.44,11.78,11.39,11.49,1928950.0,22363532.0,169001904.0,0.0114137767347283,603685
2023-03-28,11.64,11.64,11.08,11.08,1881234.0,21299384.0,169001904.0,0.0111314367203815,603685
2023-03-29,11.16,11.26,10.76,10.79,1495053.0,16328509.0,169001904.0,0.0088463677900338,603685
2023-03-30,10.78,11.05,10.67,10.73,1425129.0,15437044.0,169001904.0,0.0084326209721282,603685
2023-03-31,10.98,11.12,10.74,10.91,1216545.0,13294212.0,169001904.0,0.0071984100250136,603685
2023-04-03,11.15,11.55,11.1,11.46,3005457.0,34124816.0,169001904.0,0.0177835688762417,603685
2023-04-04,11.46,11.66,11.25,11.48,2036566.0,23267255.0,169001904.0,0.0120505506257491,603685
2023-04-06,11.45,11.52,11.18,11.4,2594588.0,29571223.0,169001904.0,0.0153524187514479,603685
2023-04-07,11.45,11.75,11.3,11.66,2198503.0,25468769.0,169001904.0,0.0130087469310404,603685
2023-04-10,11.66,11.74,11.13,11.15,1736145.0,19632938.0,169001904.0,0.0102729315996345,603685
2023-04-11,11.2,11.23,10.83,10.92,1402145.0,15427730.0,169001904.0,0.0082966225043239,603685
2023-04-12,11.0,11.85,10.87,11.65,3529374.0,40083558.0,169001904.0,0.0208836345417741,603685
2023-04-13,11.68,11.68,11.18,11.38,2842265.0,32280529.0,169001904.0,0.0168179466191102,603685
2023-04-14,11.4,11.6,11.12,11.17,1118800.0,12649403.0,169001904.0,0.0066200437599803,603685
2023-04-17,11.16,11.4,11.0,11.18,1268800.0,14254026.0,169001904.0,0.0075076077249401,603685
2023-04-18,11.15,11.22,10.93,11.1,1470410.0,16258452.0,169001904.0,0.0087005528647771,603685
2023-04-19,10.87,11.45,10.87,11.16,2102969.0,23590800.0,169001904.0,0.0124434633588506,603685
2023-04-20,11.2,11.39,11.05,11.25,1481900.0,16577044.0,169001904.0,0.0087685402644931,603685
2023-04-21,11.2,11.3,10.73,10.84,1309500.0,14423580.0,169001904.0,0.0077484334140992,603685
2023-04-24,10.84,11.0,10.64,10.89,2420237.0,26104054.0,169001904.0,0.0143207676524165,603685
2023-04-25,10.8,11.23,10.64,10.83,2669790.0,29189739.0,169001904.0,0.0157973959867339,603685
2023-04-26,10.79,10.8,10.3,10.62,2397700.0,25150063.0,169001904.0,0.0141874141252278,603685
2023-04-27,10.48,10.7,10.2,10.68,3220838.0,33708214.0,169001904.0,0.0190579983051551,603685
2023-04-28,10.58,11.19,10.58,11.03,6016301.0,65174817.0,169001904.0,0.0355990131330118,603685
2023-05-04,11.13,11.42,10.71,11.03,3289524.0,36384767.0,169001904.0,0.0194644197618033,603685
2023-05-05,10.99,11.0,10.86,10.96,1498136.0,16365874.0,169001904.0,0.0088646101880603,603685
2023-05-10,11.99,12.06,11.05,12.06,12078494.0,142997059.0,169001904.0,0.0714695735025565,603685
2023-05-11,12.09,12.44,11.82,12.12,11174593.0,135861831.0,169001904.0,0.0661211071326155,603685
2023-05-12,11.96,12.22,11.34,11.44,5937436.0,69658392.0,169001904.0,0.0351323615857014,603685
2023-05-15,11.43,11.43,10.91,11.22,4646057.0,51896978.0,169001904.0,0.0274911518156623,603685
2023-05-16,11.22,11.3,10.5,10.57,3573400.0,38659654.0,169001904.0,0.0211441404825829,603685
2023-05-17,10.44,11.63,10.36,11.63,3088216.0,34240243.0,169001904.0,0.0182732615840825,603685
2023-05-18,12.14,12.79,11.86,12.79,14547633.0,180462663.0,169001904.0,0.0860796988417361,603685
2023-05-19,12.8,13.0,12.47,12.5,10878576.0,137814466.0,169001904.0,0.064369546984512,603685
2023-05-22,12.65,12.76,12.33,12.64,7324359.0,92004936.0,169001904.0,0.0433389140988612,603685
2023-05-23,12.64,13.9,12.6,13.55,12236915.0,162161131.0,169001904.0,0.0724069653085091,603685
2023-05-24,12.95,14.39,12.9,13.6,14090693.0,193578849.0,169001904.0,0.0833759423207445,603685
2023-05-25,13.22,13.55,12.8,13.3,8342949.0,110029508.0,169001904.0,0.0493660059593174,603685
2023-05-26,13.13,13.46,12.93,13.32,5264806.0,69479246.0,169001904.0,0.0311523472540285,603685
2023-05-29,13.33,13.4,13.02,13.12,3429359.0,44987575.0,169001904.0,0.0202918364754044,603685
2023-05-30,13.08,13.53,13.01,13.21,3526100.0,46519867.0,169001904.0,0.0208642619789656,603685
2023-05-31,13.19,13.52,13.1,13.28,2588597.0,34301890.0,169001904.0,0.0153169694466874,603685
2023-06-01,13.48,13.48,13.1,13.3,2600565.0,34633461.0,169001904.0,0.015387785216905,603685
2023-06-02,13.41,13.75,13.28,13.75,4393650.0,59753477.0,169001904.0,0.0259976360976382,603685
2023-06-05,13.76,13.98,13.61,13.74,3121857.0,42947578.0,169001904.0,0.0184723185130506,603685
2023-06-06,13.65,14.09,13.54,13.9,2904770.0,40224385.0,169001904.0,0.017187794523309,603685
2023-06-07,13.99,14.55,13.75,14.55,5197409.0,73732202.0,169001904.0,0.0307535529303859,603685
2023-06-08,14.56,14.66,14.13,14.46,3708314.0,53438671.0,169001904.0,0.0219424391810402,603685
2023-06-09,14.16,15.91,14.04,15.91,5778426.0,88120923.0,169001904.0,0.034191484611913,603685
2023-06-12,16.3,17.5,15.29,17.08,10729858.0,176738048.0,169001904.0,0.0634895687329061,603685
2023-06-13,16.55,16.73,16.0,16.42,7468109.0,122058553.0,169001904.0,0.0441894962319477,603685
2023-06-14,16.34,17.2,16.04,16.48,6394853.0,106865962.0,169001904.0,0.0378389405601016,603685
2023-06-15,16.3,16.49,15.77,15.93,5860250.0,93925243.0,169001904.0,0.0346756448377054,603685
2023-06-16,15.8,16.0,15.31,15.45,4882325.0,76088350.0,169001904.0,0.0288891715681499,603685
2023-06-19,15.53,15.88,15.0,15.83,4088173.0,63795289.0,169001904.0,0.0241901002488113,603685
2023-06-20,15.83,16.01,15.54,15.68,2513523.0,39666875.0,169001904.0,0.0148727495993181,603685
2023-06-21,15.85,15.92,15.11,15.18,2151488.0,33091705.0,169001904.0,0.0127305547989565,603685
2023-06-26,15.24,15.48,15.0,15.2,2241654.0,34109505.0,169001904.0,0.013264075415387,603685
2023-06-27,15.26,15.84,15.1,15.44,2964119.0,45995296.0,169001904.0,0.017538968081685,603685
2023-06-28,15.5,15.93,14.99,15.82,3913828.0,60940249.0,169001904.0,0.0231584846523385,603685
2023-06-29,15.68,16.32,15.33,15.49,4470667.0,70127617.0,169001904.0,0.0264533528569003,603685
2023-06-30,15.49,15.64,15.05,15.1,2912200.0,44589729.0,169005457.0,0.0172313962619562,603685
2023-07-03,15.41,15.5,15.03,15.34,2480480.0,38055397.0,169005457.0,0.014676922532744,603685
2023-07-04,15.25,15.27,14.73,15.16,2341955.0,35174163.0,169005457.0,0.0138572744429193,603685
2023-07-05,15.1,15.15,14.86,14.87,1429030.0,21375824.0,169005457.0,0.0084555257881406,603685
2023-07-06,14.91,15.1,14.78,14.84,1583867.0,23651080.0,169005457.0,0.0093716914714771,603685
2023-07-07,14.83,14.93,14.5,14.77,1518690.0,22325185.0,169005457.0,0.008986041202208,603685
2023-07-10,14.77,14.89,14.34,14.56,1390848.0,20219460.0,169005457.0,0.0082296040890561,603685
2023-07-11,14.69,14.75,14.41,14.71,729500.0,10696992.0,169005457.0,0.0043164286701109,603685
2023-07-12,14.85,14.85,14.38,14.57,1622500.0,23565342.0,169005457.0,0.0096002817234475,603685
2023-07-13,14.5,15.05,14.5,14.97,1268900.0,18912164.0,169005457.0,0.0075080415894499,603685
2023-07-14,15.12,15.12,14.79,14.97,818500.0,12215494.0,169005457.0,0.0048430388848331,603685
2023-07-17,15.04,15.04,14.62,14.89,777354.0,11476898.0,169005457.0,0.0045995792905077,603685
2023-07-18,15.0,15.27,14.81,14.96,1068600.0,16115736.0,169005457.0,0.0063228727578897,603685
2023-07-19,15.04,15.34,14.8,14.82,1322759.0,19937494.0,169005457.0,0.0078267236069187,603685
2023-07-20,14.92,14.92,14.62,14.7,913669.0,13445278.0,169005457.0,0.0054061508794949,603685
2023-07-21,14.68,14.71,14.47,14.61,1005790.0,14656899.0,169005457.0,0.0059512279535447,603685
2023-07-24,14.62,14.76,14.44,14.61,1019290.0,14878358.0,169005457.0,0.0060311070310587,603685
2023-07-25,14.55,14.98,14.55,14.86,1052190.0,15558408.0,169005457.0,0.0062257753014448,603685
2023-07-26,14.98,14.98,14.24,14.24,1196000.0,17221033.0,169005457.0,0.0070766945708741,603685
2023-07-27,14.24,14.42,14.0,14.21,1169808.0,16602939.0,169005457.0,0.0069217173265594,603685
2023-07-28,14.14,14.58,14.1,14.18,1060700.0,15146099.0,169005457.0,0.0062761287051222,603685
2023-07-31,14.26,14.66,14.25,14.31,1057645.0,15262070.0,169005457.0,0.0062580523657292,603685
2023-08-01,14.49,15.74,14.31,15.74,5329978.0,82048292.0,169005457.0,0.0315373130229753,603685
2023-08-02,15.78,15.95,15.5,15.68,4531780.0,71309082.0,169005457.0,0.0268144004367858,603685
2023-08-03,15.64,15.64,15.03,15.22,2788500.0,42517754.0,169005457.0,0.0164994672331793,603685
2023-08-04,15.35,15.7,15.15,15.48,2895600.0,44750522.0,169005457.0,0.0171331745814574,603685
2023-08-07,15.5,15.55,15.15,15.31,1767890.0,27004382.0,169005457.0,0.0104605498034303,603685
2023-08-08,15.34,15.64,15.22,15.39,1656578.0,25579489.0,169005457.0,0.0098019201829678,603685
2023-08-09,15.49,15.58,15.11,15.22,1043878.0,15876624.0,169005457.0,0.006176593457571,603685
2023-08-10,15.22,15.42,15.13,15.27,830357.0,12689924.0,169005457.0,0.0049131963827653,603685
2023-08-11,15.27,15.4,15.11,15.18,980757.0,14984571.0,169005457.0,0.0058031084759588,603685
2023-08-14,15.18,16.57,15.12,16.2,5375644.0,85903389.0,169005457.0,0.0318075173158462,603685
2023-08-15,15.9,16.0,15.36,15.42,3277389.0,51312098.0,169005457.0,0.019392208146273,603685
2023-08-16,15.32,15.53,14.87,14.9,1931700.0,29294144.0,169005457.0,0.0114298084469544,603685
2023-08-17,14.82,15.66,14.66,15.62,2100390.0,32122673.0,169005457.0,0.0124279418977577,603685
2023-08-18,15.56,15.76,15.32,15.33,1199373.0,18618247.0,169005457.0,0.0070966525063152,603685
2023-08-21,15.3,15.62,15.16,15.2,914978.0,14015795.0,169005457.0,0.0054138961915294,603685
2023-08-22,15.3,15.3,14.88,15.24,959789.0,14470354.0,169005457.0,0.0056790414761577,603685
2023-08-23,15.24,15.26,14.7,14.85,1043400.0,15515076.0,169005457.0,0.0061737651465301,603685
2023-08-24,14.47,15.19,14.47,14.79,588500.0,8694348.0,169005457.0,0.0034821360827419,603685
2023-08-25,14.67,14.76,14.15,14.28,883587.0,12724482.0,169005457.0,0.0052281566269188,603685
2023-08-28,14.97,15.0,13.92,13.92,1349049.0,19192777.0,169005457.0,0.0079822807141665,603685
2023-08-29,13.88,14.6,13.88,14.44,2094859.0,30085154.0,169005457.0,0.0123952151438518,603685
2023-08-30,14.4,15.16,14.4,14.66,1363829.0,20074543.0,169005457.0,0.0080697335116226,603685
2023-08-31,14.52,15.01,14.52,14.67,953190.0,14076692.0,169005457.0,0.0056399953996751,603685
2023-09-01,14.72,14.99,14.65,14.86,789500.0,11683115.0,169005457.0,0.0046714467923955,603685
2023-09-04,14.78,15.66,14.78,15.46,1650697.0,25215748.0,169005457.0,0.0097671224900152,603685
2023-09-05,15.41,15.98,15.39,15.57,1880344.0,29420276.0,169005457.0,0.0111259366021536,603685
2023-09-06,15.76,15.84,15.33,15.43,948200.0,14650333.0,169005457.0,0.0056104697258384,603685
2023-09-07,15.48,15.6,15.22,15.3,809890.0,12443839.0,169005457.0,0.0047920937842853,603685
2023-09-08,15.11,15.4,15.11,15.31,669677.0,10250929.0,169005457.0,0.003962457851287,603685
2023-09-11,15.31,15.65,15.22,15.54,1490247.0,23134401.0,169005457.0,0.008817744861339,603685
2023-09-12,15.69,15.69,15.35,15.38,668030.0,10294233.0,169005457.0,0.0039527126038303,603685
2023-09-13,15.38,15.49,15.14,15.23,788049.0,12044859.0,169005457.0,0.004662861270805,603685
2023-09-14,15.35,15.35,15.05,15.1,513276.0,7774715.0,169005457.0,0.0030370380288963,603685
2023-09-15,15.15,15.31,15.05,15.22,617046.0,9371361.0,169005457.0,0.0036510418713876,603685
2023-09-18,15.17,15.55,15.05,15.34,832278.0,12721953.0,169005457.0,0.0049245628796471,603685
2023-09-19,15.41,15.45,15.06,15.11,592200.0,8995027.0,169005457.0,0.0035040288669495,603685
2023-09-20,15.08,15.25,14.92,15.02,420180.0,6345854.0,169005457.0,0.0024861919103594,603685
2023-09-21,15.01,15.17,14.91,15.02,455200.0,6837111.0,169005457.0,0.0026934041543995,603685
2023-09-22,14.92,15.43,14.92,15.3,944111.0,14368041.0,169005457.0,0.0055862752408047,603685
2023-09-25,15.37,15.37,14.7,14.75,806898.0,12075518.0,169005457.0,0.0047743902139207,603685
2023-09-26,14.74,14.82,14.38,14.47,1710097.0,24963806.0,169005457.0,0.010118590431077,603685
2023-09-27,14.53,14.74,14.3,14.34,1374190.0,19903797.0,169005457.0,0.0081310392243725,603685
2023-09-28,14.39,14.85,14.39,14.66,1386600.0,20256523.0,169005534.0,0.00820446506799,603685
2023-10-09,14.74,15.12,14.71,14.89,1792860.0,26620355.0,169005534.0,0.0106082916787801,603685
2023-10-10,14.95,15.25,14.7,15.09,2849622.0,42754322.0,169005534.0,0.0168611165123149,603685
2023-10-11,15.09,15.14,14.86,15.08,1461200.0,21911725.0,169005534.0,0.0086458707322566,603685
2023-10-12,15.14,15.3,14.94,15.18,1627300.0,24573383.0,169005534.0,0.0096286787863408,603685
2023-10-13,15.1,15.13,14.86,14.9,964070.0,14409151.0,169005534.0,0.0057043694202344,603685
2023-10-16,14.96,15.14,14.81,15.01,889800.0,13335471.0,169005534.0,0.0052649163547508,603685
2023-10-17,15.01,15.06,14.77,14.96,832000.0,12378411.0,169005534.0,0.0049229157194343,603685
2023-10-18,14.99,15.04,14.68,14.69,703324.0,10375911.0,169005534.0,0.0041615442012685,603685
2023-10-19,14.69,14.98,14.61,14.71,503800.0,7441481.0,169005534.0,0.0029809674753017,603685
2023-10-20,14.71,14.88,14.46,14.57,665080.0,9737446.0,169005534.0,0.0039352557532228,603685
2023-10-23,14.31,14.56,13.98,14.07,971890.0,13812280.0,169005534.0,0.0057506400944243,603685
2023-10-24,14.12,14.61,14.07,14.6,760080.0,10940653.0,169005534.0,0.0044973675240717,603685
2023-10-25,14.66,14.8,14.54,14.7,452900.0,6648371.0,169005534.0,0.0026797939054469,603685
2023-10-26,14.67,14.85,14.55,14.74,689400.0,10136651.0,169005534.0,0.0040791563665601,603685
2023-10-27,14.47,14.81,14.36,14.76,997369.0,14632525.0,169005534.0,0.005901398471366,603685
2023-10-30,14.73,14.88,14.51,14.64,837007.0,12251153.0,169005534.0,0.0049525419682411,603685
2023-10-31,14.71,14.99,14.65,14.86,1136990.0,16812443.0,169005534.0,0.0067275311824996,603685
2023-11-01,14.92,15.05,14.32,14.91,1206700.0,17938976.0,169005534.0,0.0071400028829825,603685
2023-11-02,14.87,15.04,14.69,14.71,885325.0,13106408.0,169005534.0,0.0052384379318608,603685
2023-11-03,14.7,15.23,14.66,14.94,1171000.0,17592337.0,169005534.0,0.0069287671964635,603685
2023-11-06,15.1,15.1,14.79,15.09,1126605.0,16861693.0,169005534.0,0.0066660834904968,603685
2023-11-07,15.09,15.14,14.9,15.11,758990.0,11413543.0,169005534.0,0.0044909180311219,603685
2023-11-08,15.12,15.28,14.99,15.14,945290.0,14308112.0,169005534.0,0.0055932487985866,603685
2023-11-09,15.14,15.21,14.92,15.03,805200.0,12119797.0,169005534.0,0.0047643410303948,603685
2023-11-10,15.04,15.2,14.89,15.13,732000.0,11066194.0,169005534.0,0.0043312191185408,603685
2023-11-13,15.13,15.27,15.02,15.24,969572.0,14743161.0,169005534.0,0.0057369245672156,603685
2023-11-14,15.24,15.38,15.18,15.32,1128876.0,17258429.0,169005534.0,0.0066795209203031,603685
2023-11-15,15.39,15.41,15.17,15.21,854415.0,13022849.0,169005534.0,0.0050555445125246,603685
2023-11-16,15.21,15.26,15.06,15.06,629100.0,9534263.0,169005534.0,0.0037223633162213,603685
2023-11-17,15.12,15.2,14.95,15.15,692026.0,10455660.0,169005534.0,0.0040946943192996,603685
2023-11-20,15.1,15.38,15.09,15.23,1208400.0,18363780.0,169005534.0,0.0071500617251977,603685
2023-11-21,15.14,15.21,15.01,15.01,890008.0,13422839.0,169005534.0,0.0052661470836807,603685
2023-11-22,15.01,15.13,14.81,14.82,656200.0,9794468.0,169005534.0,0.0038827130950635,603685
2023-11-23,14.85,15.35,14.85,15.16,1362759.0,20635536.0,169005534.0,0.0080633986813709,603685
2023-11-24,15.17,15.17,14.87,14.92,940507.0,14055022.0,169005534.0,0.0055649479501659,603685
2023-11-27,14.93,15.07,14.76,14.96,825330.0,12323222.0,169005534.0,0.0048834495561547,603685
2023-11-28,15.15,15.39,14.91,15.38,1374541.0,20938767.0,169005534.0,0.0081331123748882,603685
2023-11-29,15.39,15.9,15.39,15.62,1593027.0,24880817.0,169005534.0,0.0094258866103165,603685
2023-11-30,15.58,15.61,14.98,15.11,1124730.0,17065371.0,169005534.0,0.00665498917923,603685
2023-12-01,15.11,15.23,14.81,15.12,1009250.0,15179470.0,169005534.0,0.0059716979445181,603685
2023-12-04,15.12,15.41,15.01,15.33,1163465.0,17778511.0,169005534.0,0.0068841828575861,603685
2023-12-05,15.3,15.34,15.01,15.04,572965.0,8637432.0,169005534.0,0.0033902144293097,603685
2023-12-06,15.04,15.3,15.02,15.25,762100.0,11572360.0,169005534.0,0.0045093197954097,603685
2023-12-07,15.25,15.25,15.01,15.09,716777.0,10806672.0,169005534.0,0.0042411451449867,603685
2023-12-08,15.02,15.22,14.82,14.84,930000.0,13917144.0,169005534.0,0.00550277838831,603685
2023-12-11,14.93,15.1,14.78,15.07,890094.0,13318372.0,169005534.0,0.0052666559427574,603685
2023-12-12,15.15,15.18,14.87,15.01,745414.0,11151460.0,169005534.0,0.0044105893005846,603685
2023-12-13,15.05,15.13,14.83,14.94,542803.0,8146252.0,169005534.0,0.0032117469005482,603685
2023-12-14,14.94,15.17,14.91,15.03,502524.0,7553880.0,169005534.0,0.0029734174266743,603685
2023-12-15,15.06,15.07,14.86,14.93,594885.0,8882025.0,169005534.0,0.0035199143242256,603685
2023-12-18,15.02,15.02,14.67,14.91,787755.0,11715370.0,169005534.0,0.004661119558369,603685
2023-12-19,14.89,15.13,14.81,15.02,821080.0,12298741.0,169005534.0,0.0048583024506167,603685
2023-12-20,15.02,15.39,14.96,15.0,1073416.0,16321868.0,169005534.0,0.0063513659854475,603685
2023-12-21,14.93,15.35,14.8,15.34,1593783.0,24046588.0,169005534.0,0.0094303598366193,603685
2023-12-22,15.39,15.42,14.87,14.93,1215088.0,18311070.0,169005534.0,0.0071896343938654,603685
2023-12-25,14.82,14.99,14.57,14.71,1224598.0,18029435.0,169005534.0,0.0072459047406104,603685
2023-12-26,14.82,14.82,14.2,14.25,844590.0,12173923.0,169005534.0,0.0049974103214868,603685
2023-12-27,14.25,14.88,14.22,14.88,877650.0,12835101.0,169005534.0,0.0051930252177422,603685
2023-12-28,14.88,14.93,14.63,14.71,822969.0,12150209.0,169005534.0,0.0048694795994076,603685
2023-12-29,15.05,15.34,14.72,15.29,1603200.0,24353888.0,169005534.0,0.0094860799055254,603685
2024-01-02,15.4,15.64,15.31,15.57,1482759.0,23024241.0,135205153.0,0.0109667343817879,603685
2024-01-03,15.55,15.65,15.26,15.53,1119645.0,17293752.0,135205153.0,0.0082810823046071,603685
2024-01-04,15.4,15.6,15.38,15.54,1156254.0,17904679.0,135205153.0,0.0085518486118646,603685
2024-01-05,15.54,15.82,15.28,15.4,1295300.0,20146026.0,135205153.0,0.0095802561607988,603685
2024-01-08,15.35,15.39,15.2,15.2,909100.0,13887235.0,135205153.0,0.0067238561536186,603685
2024-01-09,15.22,15.49,15.22,15.36,612950.0,9414999.0,135205153.0,0.004533481057486,603685
2024-01-10,15.58,15.58,15.12,15.14,914768.0,13935557.0,135205153.0,0.0067657776327504,603685
2024-01-11,15.13,15.45,15.08,15.45,726067.0,11157424.0,135205153.0,0.0053701133713446,603685
2024-01-12,15.46,15.73,15.31,15.46,1033289.0,16063615.0,135205153.0,0.0076423788374397,603685
2024-01-15,15.45,15.46,15.21,15.42,895459.0,13729685.0,135205153.0,0.0066229650285592,603685
2024-01-16,15.6,15.63,15.13,15.34,893159.0,13654081.0,135205153.0,0.0066059538426024,603685
2024-01-17,15.47,15.54,15.04,15.05,999900.0,15307113.0,135205153.0,0.0073954281905217,603685
2024-01-18,14.97,15.0,14.28,14.62,1956790.0,28608231.0,135205153.0,0.0144727472036513,603685
2024-01-19,14.76,14.84,14.44,14.49,1111000.0,16207206.0,135205153.0,0.008217142433913,603685
2024-01-22,14.54,14.63,13.52,13.67,1810500.0,25536659.0,135205153.0,0.013390761815121,603685
2024-01-23,14.08,14.08,13.0,13.32,1995098.0,26511758.0,135205153.0,0.0147560796000134,603685
2024-01-24,13.25,13.75,13.16,13.65,1372104.0,18399035.0,135205153.0,0.0101483114330708,603685
2024-01-25,13.62,14.33,13.54,14.3,1184672.0,16538220.0,135205153.0,0.0087620329086125,603685
2024-01-26,14.37,14.59,14.16,14.3,1129200.0,16271350.0,135205153.0,0.0083517526880059,603685
2024-01-29,14.5,14.5,13.56,13.68,1099897.0,15150417.0,135205153.0,0.0081350227827485,603685
2024-01-30,14.13,14.13,13.36,13.42,955224.0,12902664.0,135205153.0,0.0070649969975626,603685
2024-01-31,14.0,14.3,13.36,13.4,2816546.0,38746582.0,135205153.0,0.0208316468529864,603685
2024-02-01,13.21,13.93,13.21,13.6,2365460.0,32270349.0,135205153.0,0.0174953391014616,603685
2024-02-02,13.7,13.83,13.02,13.38,2021604.0,27048374.0,135205153.0,0.0149521224239138,603685
2024-02-05,13.99,14.18,12.04,12.04,1679578.0,21200792.0,135205153.0,0.0124224407334534,603685
2024-02-06,11.59,12.32,10.84,11.59,1719910.0,19174301.0,135205153.0,0.0127207429734575,603685
2024-02-07,11.54,11.62,10.43,10.47,2085818.0,22530942.0,135205153.0,0.0154270599434919,603685
2024-02-08,10.38,11.52,10.38,11.39,1832409.0,20005668.0,135205153.0,0.0135528044556112,603685
2024-02-19,11.46,12.2,11.46,12.08,1604262.0,19267056.0,135205153.0,0.0118653909588786,603685
2024-02-20,12.07,12.07,11.71,12.03,717321.0,8557051.0,135205153.0,0.0053054264877019,603685
2024-02-21,11.86,12.25,11.78,12.01,847934.0,10249057.0,135205153.0,0.0062714621535171,603685
2024-02-22,12.12,12.25,11.78,12.08,734141.0,8841667.0,135205153.0,0.0054298300302208,603685
2024-02-23,12.18,12.5,12.08,12.42,1523590.0,18720597.0,135205153.0,0.0112687273095279,603685
2024-02-26,12.67,12.99,12.45,12.84,1400612.0,17767884.0,135205153.0,0.0103591613849214,603685
2024-02-27,12.63,12.99,12.61,12.95,1034800.0,13352826.0,135205153.0,0.0076535544469965,603685
2024-02-28,12.92,13.25,11.82,11.82,1682300.0,21005372.0,135205153.0,0.0124425731022248,603685
2024-02-29,11.71,12.68,11.71,12.64,1262600.0,15648028.0,135205153.0,0.0093384014735,603685
2024-03-01,12.7,12.79,12.43,12.62,779190.0,9816765.0,135205153.0,0.0057630199937719,603685
2024-03-04,12.57,12.69,12.35,12.61,556459.0,6971093.0,135205153.0,0.0041156641418837,603685
2024-03-05,12.56,12.56,12.22,12.31,625408.0,7741873.0,135205153.0,0.0046256225160294,603685
2024-03-06,12.34,12.44,12.18,12.31,501578.0,6159396.0,135205153.0,0.0037097550564511,603685
2024-03-07,12.26,12.54,12.11,12.2,938852.0,11609030.0,135205153.0,0.0069439069382215,603685
2024-03-08,12.25,12.45,12.1,12.24,420567.0,5137306.0,135205153.0,0.0031105841062137,603685
2024-03-11,12.28,12.78,12.13,12.77,799415.0,10014146.0,135205153.0,0.0059126074876746,603685
2024-03-12,13.01,13.14,12.5,12.79,776390.0,9858689.0,135205153.0,0.0057423107239115,603685
2024-03-13,12.86,13.11,12.77,12.96,793365.0,10257351.0,135205153.0,0.0058678606724404,603685
2024-03-14,12.96,13.16,12.88,13.14,814117.0,10621142.0,135205153.0,0.0060213459467776,603685
2024-03-15,13.19,13.43,12.99,13.36,865207.0,11414156.0,135205153.0,0.0063992161600527,603685
2024-03-18,13.41,14.13,13.36,13.98,1959712.0,27130656.0,135205153.0,0.0144943588059842,603685
2024-03-19,13.91,14.2,13.65,14.07,1310991.0,18467494.0,135205153.0,0.0096963094298632,603685
2024-03-20,14.11,14.69,14.08,14.48,2482640.0,35972655.0,135205153.0,0.0183620220451213,603685
2024-03-21,14.94,14.94,14.58,14.73,1594951.0,23510111.0,135205153.0,0.0117965252404248,603685
2024-03-22,14.91,14.97,14.36,14.6,1417770.0,20673705.0,135205153.0,0.0104860648321591,603685
2024-03-25,14.43,14.74,14.4,14.43,1083046.0,15711862.0,135205153.0,0.0080103899590276,603685
2024-03-26,14.22,14.52,14.02,14.2,1111890.0,15807989.0,135205153.0,0.0082237250232615,603685
2024-03-27,14.08,14.35,14.02,14.02,659507.0,9353479.0,135205153.0,0.0048778244420906,603685
2024-03-28,13.94,14.43,13.94,14.24,1029180.0,14691456.0,135205153.0,0.0076119879839195,603685
2024-03-29,14.22,14.91,14.22,14.43,1145242.0,16580140.0,135205153.0,0.0084704020119706,603685
2024-04-01,14.34,14.8,14.3,14.77,1310500.0,19260562.0,135205153.0,0.0096926779114698,603685
2024-04-02,14.69,14.92,14.62,14.75,1045872.0,15478768.0,135205153.0,0.007735444816959,603685
2024-04-03,14.78,14.93,14.56,14.74,761200.0,11202238.0,135205153.0,0.0056299629349186,603685
2024-04-08,14.85,14.85,14.47,14.55,812778.0,11935424.0,135205153.0,0.0060114424780836,603685
2024-04-09,14.4,14.68,14.4,14.59,663790.0,9656887.0,135205153.0,0.0049095022288092,603685
2024-04-10,14.43,14.67,14.16,14.25,562256.0,8064342.0,135205153.0,0.0041585397266626,603685
2024-04-11,14.24,14.6,14.1,14.31,556700.0,7998951.0,135205153.0,0.0041174466183252,603685
2024-04-12,14.24,14.47,14.13,14.18,871546.0,12465847.0,135205153.0,0.0064461004677832,603685
2024-04-15,14.11,14.24,13.1,13.43,1769765.0,23969107.0,135205153.0,0.0130894789194905,603685
2024-04-16,13.17,13.2,12.09,12.09,2037978.0,24907187.0,135205153.0,0.0150732272755905,603685
2024-04-17,12.81,12.9,12.12,12.81,2128831.0,26856009.0,135205153.0,0.0157451913093874,603685
2024-04-18,12.83,13.26,12.54,13.07,1268195.0,16419851.0,135205153.0,0.0093797830323819,603685
2024-04-19,12.99,13.2,12.63,12.75,751700.0,9632901.0,135205153.0,0.0055596993407492,603685
2024-04-22,12.95,12.95,12.24,12.46,939800.0,11818674.0,135205153.0,0.0069509185053028,603685
2024-04-23,12.47,12.95,12.47,12.69,964000.0,12270336.0,135205153.0,0.0071299057662395,603685
2024-04-24,12.64,13.39,12.64,13.37,1201400.0,15774684.0,135205153.0,0.0088857560036931,603685
2024-04-25,13.25,13.5,12.95,13.07,981910.0,12954963.0,135205153.0,0.0072623711316683,603685
2024-04-26,13.07,13.3,12.81,13.01,998420.0,12979486.0,135205153.0,0.0073844818621668,603685
2024-04-29,12.99,12.99,11.88,12.42,2875390.0,35384910.0,135205153.0,0.0212668669514393,603685
2024-04-30,12.34,12.35,12.07,12.31,2262494.0,27585328.0,135205153.0,0.0167337852870149,603685
2024-05-06,12.43,12.64,12.3,12.62,2129964.0,26513624.0,135205153.0,0.0157535711675131,603685
2024-05-07,12.49,13.08,12.47,12.77,1806850.0,22895100.0,135205153.0,0.0133637658026244,603685
2024-05-08,12.8,12.94,12.53,12.73,1145219.0,14589250.0,135205153.0,0.008470231900111,603685
2024-05-09,12.73,12.93,12.56,12.79,913590.0,11671516.0,135205153.0,0.0067570649470734,603685
2024-05-10,12.78,12.79,12.41,12.41,1005590.0,12598168.0,135205153.0,0.0074375123853452,603685
2024-05-13,12.41,12.43,11.92,12.0,1284369.0,15607100.0,135205153.0,0.0094994086504972,603685
2024-05-14,12.12,12.56,12.02,12.19,822390.0,10029439.0,135205153.0,0.0060825344430474,603685
2024-05-15,12.2,12.32,12.01,12.06,749673.0,9093471.0,135205153.0,0.0055447073086038,603685
2024-05-16,12.35,12.35,12.12,12.17,692300.0,8473291.0,135205153.0,0.0051203669729954,603685
2024-05-17,12.33,12.35,12.09,12.22,640200.0,7797520.0,135205153.0,0.004735026630235,603685
2024-05-20,12.39,12.53,12.2,12.29,1053955.0,12983907.0,135205153.0,0.0077952280413454,603685
2024-05-21,12.32,12.32,11.91,11.98,1307475.0,15752715.0,135205153.0,0.0096703045038527,603685
2024-05-22,12.09,12.15,11.98,12.05,787390.0,9500910.0,135205538.0,0.0058236519867995,603685
2024-05-23,12.07,12.07,11.72,11.77,1069500.0,12651863.0,135205538.0,0.0079101789454807,603685
2024-05-24,11.96,12.0,11.76,11.83,787100.0,9357245.0,135205538.0,0.005821507104243,603685
2024-05-27,12.09,12.09,11.52,11.78,940629.0,10982531.0,135205538.0,0.0069570301181006,603685
2024-05-28,11.78,11.92,11.62,11.74,728800.0,8589645.0,135205538.0,0.0053903117489166,603685
2024-05-29,11.59,11.82,11.59,11.65,441017.0,5152483.0,135205538.0,0.003261826449742,603685
2024-05-30,11.75,11.76,11.53,11.54,576900.0,6703797.0,135205538.0,0.0042668370581092,603685
2024-05-31,11.97,12.07,11.6,11.63,1232430.0,14478946.0,135205538.0,0.009115233134903,603685
2024-06-03,11.51,11.68,11.19,11.28,1239390.0,14093498.0,135205538.0,0.0091667103162593,603685
2024-06-04,11.31,11.31,10.84,10.96,1018935.0,11179381.0,135205538.0,0.0075361927852393,603685
2024-06-05,11.09,11.09,10.54,10.55,1219500.0,13046841.0,135205538.0,0.0090196009574696,603685
2024-06-06,10.67,10.68,9.96,10.04,1738100.0,17726946.0,135205538.0,0.0128552426602525,603685
2024-06-07,10.04,10.55,10.04,10.5,1384692.0,14358923.0,135205538.0,0.0102413852308327,603685
2024-06-11,10.52,10.74,10.25,10.62,910700.0,9558089.0,135205538.0,0.0067356708421218,603685
2024-06-12,10.54,10.85,10.54,10.67,801173.0,8557089.0,135205538.0,0.0059255930774078,603685
2024-06-13,11.12,11.74,10.88,11.74,2100435.0,24163969.0,135205538.0,0.0155351254916791,603685
2024-06-14,12.78,12.91,12.78,12.91,2787279.0,35899153.0,135205538.0,0.0206151245076958,603685
2024-06-17,14.06,14.2,12.8,14.2,14548752.0,199728530.0,135205538.0,0.1076047047717823,603685
2024-06-18,14.2,14.85,12.94,13.05,13285821.0,180088082.0,135205538.0,0.0982638817649614,603685
2024-06-19,12.8,13.0,12.35,12.43,8985426.0,112623372.0,135205538.0,0.0664575292766484,603685
2024-06-20,12.43,12.98,12.08,12.81,8872093.0,111240585.0,135205538.0,0.0656193017774168,603685
2024-06-21,12.47,12.47,12.08,12.2,5048212.0,61716572.0,135205538.0,0.0373373167599096,603685
2024-06-24,11.93,12.05,10.98,11.17,5074914.0,58204593.0,135205538.0,0.0375348086703371,603685
2024-06-25,11.17,11.43,10.89,11.29,3227495.0,35965322.0,135205538.0,0.0238710266438938,603685
2024-06-26,11.17,11.38,10.8,11.35,3254569.0,36148148.0,135205538.0,0.024071269920911,603685
2024-06-27,11.26,11.55,11.16,11.53,3484008.0,39510532.0,135205538.0,0.0257682344343025,603685
2024-06-28,11.58,11.88,11.31,11.48,3824700.0,44435605.0,135207023.0,0.0282877317696729,603685
2024-07-01,11.54,11.81,11.33,11.75,3102900.0,35913116.0,135207023.0,0.0229492516819928,603685
2024-07-02,11.76,12.09,11.58,11.7,3412085.0,40177728.0,135207023.0,0.0252360041977996,603685
2024-07-03,11.66,11.7,11.0,11.05,3387730.0,37983152.0,135207023.0,0.0250558730222171,603685
2024-07-04,11.04,11.09,10.67,10.7,2350149.0,25511182.0,135207023.0,0.0173818559706029,603685
2024-07-05,10.7,10.82,10.38,10.75,1608469.0,17074931.0,135207023.0,0.0118963421005135,603685
2024-07-08,10.66,10.73,10.4,10.58,1470044.0,15527579.0,135207023.0,0.0108725417318004,603685
2024-07-09,10.65,11.07,10.45,10.98,1721000.0,18629089.0,135207023.0,0.0127286287488187,603685
2024-07-10,11.02,11.02,10.82,10.9,1084800.0,11838204.0,135207023.0,0.0080232518690985,603685
2024-07-11,11.08,11.22,10.9,11.18,1748600.0,19443988.0,135207023.0,0.0129327601569927,603685
2024-07-12,11.09,11.3,11.09,11.19,1104600.0,12368752.0,135207023.0,0.0081696939662668,603685
2024-07-15,11.08,11.18,11.01,11.03,885190.0,9790414.0,135207023.0,0.0065469232319389,603685
2024-07-16,11.0,11.25,10.92,11.05,940200.0,10430716.0,135207023.0,0.0069537807958392,603685
2024-07-17,11.04,11.1,10.72,10.77,1157600.0,12553308.0,135207023.0,0.0085616854384849,603685
2024-07-18,10.78,10.78,10.3,10.65,1258500.0,13205965.0,135207023.0,0.0093079484488021,603685
2024-07-19,10.54,10.79,10.46,10.73,666300.0,7130441.0,135207023.0,0.004927998451678,603685
2024-07-22,10.78,10.79,10.51,10.61,796676.0,8448444.0,135207023.0,0.0058922678890725,603685
2024-07-23,10.65,10.66,10.39,10.39,938576.0,9880876.0,135207023.0,0.0069417695854452,603685
2024-07-24,10.4,10.55,10.28,10.29,852900.0,8823529.0,135207023.0,0.0063081042765064,603685
2024-07-25,10.18,10.5,10.13,10.43,699300.0,7226479.0,135207023.0,0.0051720686136251,603685
2024-07-26,10.49,10.75,10.48,10.7,1074400.0,11459232.0,135207023.0,0.0079463327877576,603685
2024-07-29,10.68,10.85,10.59,10.77,549400.0,5903464.0,135207023.0,0.0040633983931441,603685
2024-07-30,10.72,10.85,10.65,10.72,525900.0,5662360.0,135207023.0,0.0038895908535757,603685
2024-07-31,10.65,10.97,10.65,10.89,1332409.0,14491665.0,135207023.0,0.009854584254843,603685
2024-08-01,10.93,11.12,10.8,11.0,1123409.0,12330318.0,135207023.0,0.0083088065625111,603685
2024-08-02,10.9,11.05,10.75,10.82,862800.0,9414771.0,135207023.0,0.0063813253250905,603685
2024-08-05,10.78,10.9,10.55,10.55,840200.0,9012490.0,135207023.0,0.0062141742444843,603685
2024-08-06,10.55,10.88,10.54,10.68,703791.0,7476201.0,135207023.0,0.0052052843438465,603685
2024-08-07,10.62,11.61,10.62,11.19,2421714.0,26963802.0,135207023.0,0.0179111553990801,603685
2024-08-08,11.05,11.2,10.75,11.04,1682000.0,18405362.0,135207023.0,0.0124401821937903,603685
2024-08-09,11.04,11.19,10.9,10.93,1168300.0,12906860.0,135207023.0,0.0086408233394799,603685
2024-08-12,10.8,10.97,10.61,10.85,936800.0,10088015.0,135207023.0,0.0069286341730932,603685
2024-08-13,10.93,11.61,10.75,11.51,2288923.0,25699472.0,135207023.0,0.0169290244634703,603685
2024-08-14,11.72,11.72,11.1,11.19,1797284.0,20216092.0,135207023.0,0.0132928302104543,603685
2024-08-15,11.2,11.2,10.92,11.01,1714003.0,18890656.0,135207023.0,0.0126768784784204,603685
2024-08-16,11.01,11.15,10.93,11.12,1021700.0,11318563.0,135207023.0,0.0075565601351935,603685
2024-08-19,11.02,11.13,10.81,10.87,1369500.0,14952836.0,135207023.0,0.0101289117208061,603685
2024-08-20,10.85,10.97,10.7,10.74,652700.0,7042677.0,135207023.0,0.0048274119606937,603685
2024-08-21,10.68,10.93,10.6,10.81,718700.0,7762200.0,135207023.0,0.005315552284588,603685
2024-08-22,10.83,10.96,10.7,10.76,717700.0,7773461.0,135207023.0,0.0053081562190745,603685
2024-08-23,10.7,10.7,10.43,10.64,707309.0,7478869.0,135207023.0,0.0052313037023232,603685
2024-08-26,10.57,10.78,10.57,10.76,442600.0,4745899.0,135207023.0,0.003273498596297,603685
2024-08-27,10.81,10.82,10.52,10.56,692200.0,7360124.0,135207023.0,0.0051195565484789,603685
2024-08-28,10.56,10.83,10.53,10.78,786934.0,8435294.0,135207023.0,0.0058202154188395,603685
2024-08-29,10.73,10.84,10.7,10.8,608900.0,6564407.0,135207023.0,0.0045034642912003,603685
2024-08-30,10.75,11.02,10.73,10.87,1090800.0,11900742.0,135207023.0,0.0080676282621798,603685
2024-09-02,10.85,11.08,10.76,10.9,1032800.0,11350353.0,135207023.0,0.0076386564623939,603685
2024-09-03,10.9,11.08,10.83,11.03,974300.0,10707947.0,135207023.0,0.0072059866298513,603685
2024-09-04,11.02,11.04,10.84,10.87,589021.0,6429260.0,135207023.0,0.0043564379048564,603685
2024-09-05,10.88,10.98,10.84,10.91,456614.0,4972860.0,135207023.0,0.0033771470584039,603685
2024-09-06,10.92,10.97,10.69,10.71,798209.0,8602632.0,135207023.0,0.0059036060575048,603685
2024-09-09,10.63,10.83,10.57,10.71,596100.0,6370828.0,135207023.0,0.0044087946526268,603685
2024-09-10,10.71,10.8,10.55,10.74,701300.0,7478683.0,135207023.0,0.0051868607446522,603685
2024-09-11,10.74,10.82,10.51,10.58,545700.0,5806937.0,135207023.0,0.0040360329507439,603685
2024-09-12,10.58,10.76,10.55,10.57,478064.0,5091633.0,135207023.0,0.0035357926636695,603685
2024-09-13,10.6,10.65,10.34,10.36,555309.0,5817595.0,135207570.0,0.0041070851284436,603685
2024-09-18,10.36,10.47,10.21,10.38,455300.0,4695175.0,135207570.0,0.0033674150049438,603685
2024-09-19,10.44,10.68,10.37,10.66,584200.0,6187411.0,135207570.0,0.0043207639927261,603685
2024-09-20,10.66,10.7,10.4,10.53,571269.0,6029534.0,135207570.0,0.0042251258564886,603685
2024-09-23,10.45,10.68,10.4,10.57,548200.0,5807708.0,135207570.0,0.0040545067114215,603685
2024-09-24,10.61,10.79,10.53,10.77,947569.0,10133145.0,135207570.0,0.0070082540496807,603685
2024-09-25,10.77,11.0,10.73,10.78,1152700.0,12525229.0,135207570.0,0.0085254102266611,603685
2024-09-26,10.76,11.1,10.7,11.1,1374300.0,15071385.0,135207570.0,0.0101643717138027,603685
2024-09-27,11.2,11.42,11.0,11.38,1300024.0,14597542.0,135207570.0,0.0096150237741866,603685
2024-09-30,12.0,12.36,11.4,12.2,3780165.0,45158249.0,135207570.0,0.0279582348828545,603685
2024-10-08,13.32,13.39,11.96,12.63,4473497.0,56772708.0,135207570.0,0.0330861430317843,603685
2024-10-09,12.6,12.6,11.81,11.85,2829431.0,34167421.0,135207570.0,0.0209265723805257,603685
2024-10-10,11.85,12.2,11.56,11.92,1857261.0,22176129.0,135207570.0,0.0137363684592512,603685
2024-10-11,11.88,12.04,11.39,11.4,1588400.0,18448466.0,135207570.0,0.0117478629340058,603685
2024-10-14,11.45,11.81,11.45,11.75,1347400.0,15697131.0,135207570.0,0.0099654183563834,603685
2024-10-15,11.75,11.84,11.45,11.47,1079941.0,12601288.0,135207570.0,0.0079872820730377,603685
2024-10-16,11.43,11.64,11.27,11.49,894950.0,10299208.0,135207570.0,0.0066190820528761,603685
2024-10-17,11.55,11.88,11.51,11.55,1082337.0,12633808.0,135207570.0,0.0080050029743157,603685
2024-10-18,11.54,11.87,11.46,11.72,1558799.0,18190776.0,135207570.0,0.0115289328844531,603685
2024-10-21,11.8,11.86,11.61,11.76,1612300.0,18925832.0,135207570.0,0.0119246281846497,603685
2024-10-22,11.8,12.04,11.72,11.98,1649021.0,19624459.0,135207570.0,0.0121962180076159,603685
2024-10-23,12.12,12.12,11.85,12.0,1404206.0,16795330.0,135207570.0,0.0103855575542109,603685
2024-10-24,11.91,11.99,11.87,11.96,848176.0,10129119.0,135207570.0,0.0062731398841056,603685
2024-10-25,12.0,12.17,12.0,12.13,1127100.0,13668714.0,135207570.0,0.0083360717155111,603685
2024-10-28,12.13,12.4,12.13,12.39,1445178.0,17748770.0,135207570.0,0.0106885879244778,603685
2024-10-29,12.36,12.6,12.13,12.2,1910300.0,23584803.0,135207570.0,0.0141286467910043,603685
2024-10-30,12.38,12.5,11.95,12.18,1856298.0,22663234.0,135207570.0,0.0137292460769763,603685
2024-10-31,11.96,12.25,11.81,12.14,1938709.0,23414478.0,135207570.0,0.0143387607661316,603685
2024-11-01,12.07,12.2,11.7,11.74,1684500.0,19980774.0,135207570.0,0.0124586219543772,603685
2024-11-04,11.73,12.14,11.67,12.09,1259288.0,15082827.0,135207570.0,0.0093137388683192,603685
2024-11-05,12.11,12.19,12.04,12.17,1391828.0,16870496.0,135207570.0,0.0102940094256556,603685
2024-11-06,12.31,12.32,12.02,12.25,1722721.0,21097402.0,135207570.0,0.0127413058307312,603685
2024-11-07,12.27,12.42,12.18,12.41,1451963.0,17948437.0,135207570.0,0.0107387700259682,603685
2024-11-08,12.41,12.85,12.41,12.6,2186052.0,27459527.0,135207570.0,0.0161681183975128,603685
2024-11-11,12.68,12.9,12.51,12.84,1875318.0,23831510.0,135207570.0,0.0138699186739322,603685
2024-11-12,12.84,13.19,12.72,13.0,2614970.0,33917891.0,135207570.0,0.0193404111914739,603685
2024-11-13,13.0,14.14,12.6,13.63,4593042.0,61407839.0,135207570.0,0.0339703021066054,603685
2024-11-14,13.58,13.98,13.1,13.8,5403586.0,73084967.0,135207570.0,0.0399651143793206,603685
2024-11-15,13.56,14.03,12.72,12.82,8080985.0,109368165.0,135207570.0,0.0597672526767547,603685
2024-11-18,12.98,13.07,12.14,12.26,3291643.0,40693528.0,135207570.0,0.02434510878348,603685
2024-11-19,12.39,12.55,12.15,12.54,1782911.0,22019040.0,135207570.0,0.0131864732130013,603685
2024-11-20,12.53,12.86,12.3,12.86,2282190.0,28861799.0,135207570.0,0.0168791584672367,603685
2024-11-21,12.75,12.88,12.6,12.78,1607400.0,20542132.0,135207570.0,0.0118883876102499,603685
2024-11-22,12.79,12.96,12.32,12.35,1862822.0,23567129.0,135207570.0,0.0137774978131771,603685
2024-11-25,12.4,12.79,12.4,12.72,1324469.0,16693115.0,135207570.0,0.009795819864228,603685
2024-11-26,12.66,12.9,12.4,12.58,1201400.0,15122387.0,135207570.0,0.0088855971599815,603685
2024-11-27,12.57,12.64,12.2,12.61,1136200.0,14126214.0,135207570.0,0.0084033756393965,603685
2024-11-28,12.58,12.79,12.57,12.73,1058892.0,13457790.0,135207570.0,0.0078316029198661,603685
2024-11-29,12.73,12.95,12.66,12.9,1250666.0,16038542.0,135207570.0,0.0092499702494468,603685
2024-12-02,12.94,13.31,12.91,13.21,1563300.0,20595558.0,135207570.0,0.0115622224406518,603685
2024-12-03,13.35,13.44,13.1,13.18,1339090.0,17703746.0,135207570.0,0.0099039573006156,603685
2024-12-04,13.16,13.22,12.87,12.97,1055780.0,13784670.0,135207570.0,0.0078085864571044,603685
2024-12-05,13.02,13.26,12.93,13.11,869932.0,11425460.0,135207570.0,0.0064340480344406,603685
2024-12-06,13.06,13.36,13.04,13.06,1366990.0,17976435.0,135207570.0,0.0101103066936266,603685
2024-12-09,13.06,13.24,13.0,13.16,901300.0,11818516.0,135207570.0,0.006666046878884,603685
2024-12-10,13.4,13.5,13.16,13.39,1684561.0,22451962.0,135207570.0,0.0124590731125483,603685
2024-12-11,13.26,13.68,13.26,13.67,2245611.0,30389215.0,135207570.0,0.0166086188813244,603685
2024-12-12,13.67,13.92,13.6,13.7,2592957.0,35720336.0,135207570.0,0.0191776022599918,603685
2024-12-13,13.7,13.88,13.45,13.48,1301122.0,17656260.0,135207570.0,0.0096231446212663,603685
2024-12-16,13.51,13.75,13.43,13.61,1171200.0,15933630.0,135207570.0,0.0086622368851093,603685
2024-12-17,13.6,13.71,12.79,12.93,2312069.0,30279625.0,135207570.0,0.0171001446146839,603685
2024-12-18,12.87,13.4,12.55,13.12,1645230.0,21470767.0,135207570.0,0.0121681796366875,603685
2024-12-19,12.89,13.45,12.83,13.39,2160736.0,28469094.0,135207570.0,0.0159808803604709,603685
2024-12-20,13.3,13.55,13.2,13.53,1994039.0,26821309.0,135207570.0,0.0147479834154256,603685
2024-12-23,13.42,13.6,12.93,13.3,2868090.0,37698548.0,135207570.0,0.0212124957204689,603685
2024-12-24,13.22,13.43,12.1,12.56,7064382.0,91101513.0,135207570.0,0.0522484207060299,603685
2024-12-25,12.25,12.25,11.61,11.86,2896490.0,34483415.0,135207570.0,0.0214225431312758,603685
2024-12-26,11.85,12.35,11.7,12.15,1722480.0,20985944.0,135207570.0,0.0127395233861536,603685
2024-12-27,12.15,12.38,12.01,12.2,978680.0,11979887.0,135207570.0,0.0072383521129771,603685
2024-12-30,12.02,12.16,11.76,11.87,1175200.0,14041720.0,135207570.0,0.0086918210274764,603685
2024-12-31,11.95,12.0,11.76,11.76,1148782.0,13655153.0,135207570.0,0.0084964325592124,603685
2025-01-02,11.65,11.88,11.4,11.52,1483604.0,17255112.0,135207570.0,0.0109727879881281,603685
2025-01-03,11.46,11.67,10.98,10.99,1971400.0,22103037.0,135207570.0,0.014580544565663,603685
2025-01-06,11.01,11.03,10.2,10.92,1372609.0,14849494.0,135207570.0,0.0101518650176169,603685
2025-01-07,10.87,11.3,10.86,11.29,1272213.0,14148406.0,135207570.0,0.0094093326283432,603685
2025-01-08,11.29,11.43,10.91,11.32,1184100.0,13282583.0,135207570.0,0.0087576457442434,603685
2025-01-09,11.23,11.73,11.23,11.5,1487190.0,17120338.0,135207570.0,0.0109993101717603,603685
2025-01-10,11.4,11.65,11.02,11.06,1461100.0,16430053.0,135207570.0,0.0108063476031704,603685
2025-01-13,10.86,11.2,10.62,11.0,950213.0,10358019.0,135207570.0,0.0070278091677855,603685
2025-01-14,10.81,11.5,10.81,11.48,1658477.0,18763366.0,135207570.0,0.0122661549201719,603685
2025-01-15,11.5,11.7,11.35,11.4,798400.0,9158503.0,135207570.0,0.0059049948164884,603685
2025-01-16,11.41,11.63,11.37,11.5,927700.0,10675379.0,135207570.0,0.0068613022185074,603685
2025-01-17,11.5,11.59,11.3,11.51,779190.0,8959111.0,135207570.0,0.00576291697277,603685
2025-01-20,11.49,11.87,11.42,11.76,1714880.0,20045266.0,135207570.0,0.0126833135156559,603685
2025-01-21,11.72,11.99,11.47,11.58,1570400.0,18275527.0,135207570.0,0.0116147342933535,603685
2025-01-22,11.57,11.85,11.4,11.75,1375717.0,16013422.0,135207570.0,0.0101748518962362,603685
2025-01-23,11.88,12.06,11.62,11.9,1619230.0,19298647.0,135207570.0,0.0119758827113008,603685
2025-01-24,11.69,12.16,11.69,12.12,1258600.0,15090788.0,135207570.0,0.0093086503958321,603685
2025-01-27,12.16,12.56,12.0,12.25,1756848.0,21634436.0,135207570.0,0.0129937103373723,603685
2025-02-05,12.45,12.45,11.95,12.03,1154738.0,13914084.0,135207570.0,0.0085404833471972,603685
2025-02-06,12.1,12.48,11.93,12.37,1853820.0,22748823.0,135207570.0,0.0137109187007798,603685
2025-02-07,12.5,12.65,12.3,12.49,1615507.0,20197431.0,135207570.0,0.0119483472707926,603685
2025-02-10,12.46,12.59,12.4,12.51,1032823.0,12864593.0,135207570.0,0.0076387956680236,603685
2025-02-11,12.58,12.58,12.34,12.38,906038.0,11228619.0,135207570.0,0.0067010892955179,603685
2025-02-12,12.45,12.45,12.28,12.39,1124600.0,13905089.0,135207570.0,0.0083175816265317,603685
2025-02-13,12.5,12.54,12.13,12.19,903510.0,11074809.0,135207570.0,0.0066823921175419,603685
2025-02-14,12.31,12.33,12.05,12.17,791305.0,9650861.0,135207570.0,0.0058525199439646,603685
2025-02-17,12.24,12.37,12.12,12.32,1205674.0,14828737.0,135207570.0,0.0089172078161008,603685
2025-02-18,12.32,12.5,11.96,12.01,1670718.0,20385049.0,135207570.0,0.0123566897918511,603685
2025-02-19,12.01,12.36,12.0,12.32,1205878.0,14775190.0,135207570.0,0.0089187166073615,603685
2025-02-20,12.32,12.46,12.22,12.39,1136600.0,14035159.0,135207570.0,0.0084063340536332,603685
2025-02-21,12.38,12.5,12.25,12.44,1574360.0,19488240.0,135207570.0,0.011644022594297,603685
2025-02-24,12.53,12.6,12.29,12.57,1415000.0,17684612.0,135207570.0,0.0104653903623887,603685
2025-02-25,12.58,12.61,12.36,12.51,900499.0,11271640.0,135207570.0,0.006660122654375,603685
2025-02-26,12.49,12.64,12.45,12.64,1038390.0,13039915.0,135207570.0,0.0076799693981631,603685
2025-02-27,12.55,12.77,12.4,12.6,1312856.0,16425884.0,135207570.0,0.0097099297029005,603685
2025-02-28,12.79,12.93,12.27,12.32,2325866.0,29197171.0,135207570.0,0.0172021877177439,603685
2025-03-03,12.69,12.75,12.23,12.56,1819126.0,22898238.0,135207570.0,0.0134543206419581,603685
2025-03-04,12.42,12.83,12.42,12.78,1732990.0,22036832.0,135207570.0,0.0128172557202233,603685
2025-03-05,12.79,12.79,12.46,12.72,1238188.0,15582503.0,135207570.0,0.0091576825173324,603685
2025-03-06,12.68,12.81,12.5,12.72,1300924.0,16494547.0,135207570.0,0.0096216802062192,603685
2025-03-07,12.72,12.75,12.57,12.62,772900.0,9782368.0,135207570.0,0.0057163959088977,603685
2025-03-10,12.6,12.75,12.51,12.62,992084.0,12513793.0,135207570.0,0.0073374885740495,603685
2025-03-11,12.52,12.67,12.4,12.62,752700.0,9452368.0,135207570.0,0.0055669959899434,603685
2025-03-12,12.58,12.8,12.58,12.7,1046049.0,13287468.0,135207570.0,0.0077366156347606,603685
2025-03-13,12.68,12.75,12.37,12.67,1460300.0,18310739.0,135207570.0,0.010800430774697,603685
2025-03-14,12.67,12.8,12.5,12.8,1308365.0,16626835.0,135207570.0,0.0096767141070577,603685
2025-03-17,12.88,12.88,12.68,12.77,1155067.0,14720532.0,135207570.0,0.0085429166429069,603685
2025-03-18,12.83,13.2,12.77,12.92,2243842.0,29046068.0,135207570.0,0.0165955352943625,603685
2025-03-19,12.93,13.29,12.8,12.85,2138104.0,27732417.0,135207570.0,0.0158134932829574,603685
2025-03-20,12.82,12.97,12.72,12.86,1655585.0,21268509.0,135207570.0,0.0122447655852405,603685
2025-03-21,12.86,13.66,12.53,13.63,6760740.0,89256091.0,135207570.0,0.0500026736668664,603685
2025-03-24,13.73,13.75,12.27,12.6,10275114.0,134065917.0,135207570.0,0.0759951088537424,603685
2025-03-25,12.88,13.5,11.91,11.98,7473490.0,93902353.0,135207570.0,0.0552741980349177,603685
2025-03-26,11.73,13.18,11.49,13.18,5438877.0,70335904.0,135207570.0,0.0402261278713906,603685
2025-03-27,12.92,13.88,12.52,12.6,10126222.0,131571180.0,135207570.0,0.074893898322409,603685
2025-03-28,12.76,12.76,12.08,12.19,4369596.0,53771877.0,135207570.0,0.0323176875377613,603685
2025-03-31,12.0,12.12,11.52,11.65,3785121.0,44520714.0,135207570.0,0.0279948896352474,603685
2025-04-01,11.72,12.1,11.65,11.93,2852299.0,33996498.0,135207570.0,0.0210957049224388,603685
2025-04-02,11.9,12.47,11.87,12.25,2910800.0,35622140.0,135207570.0,0.0215283804005944,603685
2025-04-03,12.1,12.29,11.8,12.11,2210000.0,26609854.0,135207570.0,0.016345238657865,603685
2025-04-07,11.7,11.7,10.9,10.9,2288300.0,25354090.0,135207570.0,0.0169243482447025,603685
2025-04-08,10.8,11.15,10.42,11.11,2538540.0,27355503.0,135207570.0,0.0187751321911931,603685
2025-04-09,10.8,11.4,10.4,11.21,2374700.0,26026453.0,135207570.0,0.0175633657198335,603685
2025-04-10,11.35,11.65,11.35,11.49,1785919.0,20541267.0,135207570.0,0.0132087204880614,603685
2025-04-11,11.4,11.8,11.4,11.46,1645629.0,18998037.0,135207570.0,0.0121711306548886,603685
2025-04-14,11.43,11.76,11.43,11.53,1319468.0,15313179.0,135207570.0,0.0097588322902334,603685
2025-04-15,11.64,11.65,11.42,11.53,932800.0,10743968.0,135207570.0,0.0068990220000255,603685
2025-04-16,11.61,11.61,11.13,11.4,1342200.0,15243544.0,135207570.0,0.0099269589713061,603685
2025-04-17,11.39,11.75,11.25,11.62,1503500.0,17417597.0,135207570.0,0.0111199395122625,603685
2025-04-18,11.62,11.65,11.36,11.53,1253600.0,14408099.0,135207570.0,0.0092716702178731,603685
2025-04-21,11.48,11.7,11.44,11.64,1197729.0,13927338.0,135207570.0,0.008858446313324,603685
2025-04-22,11.69,11.84,11.56,11.74,1284070.0,15004228.0,135207570.0,0.0094970274223551,603685
2025-04-23,11.69,12.04,11.69,11.95,1187400.0,14148824.0,135207570.0,0.0087820526616963,603685
2025-04-24,11.99,12.18,11.86,12.09,1389000.0,16735426.0,135207570.0,0.010273093437002,603685
2025-04-25,12.12,12.34,11.94,12.19,1705700.0,20841298.0,135207570.0,0.0126154179089232,603685
2025-04-28,12.13,12.19,11.8,11.88,1862498.0,22225752.0,135207570.0,0.0137751014976454,603685
2025-04-29,11.74,12.41,11.74,12.15,2471800.0,30076298.0,135207570.0,0.0182815207757967,603685
2025-04-30,12.16,12.3,12.06,12.15,1567637.0,19048194.0,135207570.0,0.0115942990470134,603685
2025-05-06,12.16,12.44,12.16,12.43,1814328.0,22409453.0,135207570.0,0.0134188344631887,603685
2025-05-07,12.45,12.67,12.37,12.51,1532690.0,19252223.0,135207570.0,0.0113358297911869,603685
2025-05-08,12.51,12.79,12.48,12.77,1737850.0,22035165.0,135207570.0,0.0128532004531994,603685
2025-05-09,12.78,12.87,12.6,12.65,1290200.0,16363140.0,135207570.0,0.0095423651205328,603685
2025-05-12,12.76,12.85,12.53,12.63,1249355.0,15779118.0,135207570.0,0.0092402740467859,603685
2025-05-13,12.64,12.82,12.5,12.56,1194739.0,15079235.0,135207570.0,0.0088363321669045,603685
2025-05-14,12.57,12.76,12.41,12.52,1202270.0,15092099.0,135207570.0,0.0088920317109463,603685
2025-05-15,12.52,12.71,12.39,12.68,1202921.0,15142698.0,135207570.0,0.0088968465301166,603685
2025-05-16,12.67,12.85,12.56,12.69,1266800.0,16134421.0,135207570.0,0.0093692978876848,603685
2025-05-19,12.76,12.88,12.63,12.88,1213700.0,15499655.0,135207570.0,0.0089765683977605,603685
2025-05-20,13.0,13.28,12.85,13.05,2422560.0,31588718.0,135207570.0,0.0179173399832568,603685
2025-05-21,13.05,13.24,12.92,13.07,1663600.0,21753184.0,135207570.0,0.0123040448105087,603685
2025-05-22,13.48,13.5,12.7,13.06,2371445.0,30765137.0,135207570.0,0.0175392916239822,603685
2025-05-23,12.64,12.99,12.62,12.63,1741234.0,22199915.0,135207570.0,0.0128782286376421,603685
2025-05-26,12.52,12.96,12.52,12.82,1319620.0,16907115.0,135207570.0,0.0097599564876434,603685
2025-05-27,12.82,13.2,12.69,13.0,1786075.0,23162967.0,135207570.0,0.0132098742696137,603685
2025-05-28,13.1,13.1,12.88,13.02,902600.0,11754403.0,135207570.0,0.0066756617251534,603685
2025-05-29,13.03,13.29,13.0,13.18,1363100.0,17959334.0,135207570.0,0.0100815361151746,603685
2025-05-30,13.21,13.21,12.87,13.04,1210200.0,15741613.0,135207570.0,0.0089506822731892,603685
2025-06-03,13.03,13.05,12.85,12.95,966700.0,12503897.0,135207570.0,0.0071497476065874,603685
2025-06-04,12.99,13.04,12.93,12.98,702400.0,9115191.0,135207570.0,0.0051949753996762,603685
2025-06-05,13.03,13.05,12.86,13.03,776344.0,10077572.0,135207570.0,0.0057418678554758,603685
2025-06-06,13.03,13.48,12.99,13.35,2851373.0,37741538.0,135207570.0,0.0210888561934808,603685
2025-06-09,13.28,13.48,13.1,13.33,1700595.0,22497541.0,135207570.0,0.0125776611472271,603685
2025-06-10,13.35,13.35,12.93,13.14,1255050.0,16513564.0,135207570.0,0.0092823944694812,603685
2025-06-11,13.12,13.22,13.04,13.12,1011000.0,13276145.0,135207570.0,0.0074773919833038,603685
2025-06-12,13.02,13.18,12.88,13.06,1575125.0,20527657.0,135207570.0,0.0116496805615247,603685
2025-06-13,13.09,13.12,12.66,12.73,1614400.0,20699936.0,135207570.0,0.0119401598593924,603685
2025-06-16,12.78,12.91,12.58,12.85,1485115.0,18996913.0,135207570.0,0.0109839633979073,603685
2025-06-17,12.91,13.2,12.71,12.84,1615300.0,20815351.0,135207570.0,0.0119468162914251,603685
2025-06-18,12.8,12.95,12.7,12.84,1011900.0,12978155.0,135207570.0,0.0074840484153365,603685
2025-06-19,12.87,14.12,12.66,14.12,6356355.0,88083167.0,135207570.0,0.0470118278140787,603685
2025-06-20,15.53,15.53,13.59,14.25,18488367.0,271310725.0,135207570.0,0.1367406203661526,603685
2025-06-23,13.1,13.95,13.0,13.76,13389784.0,178775850.0,135207570.0,0.0990313190304359,603685
2025-06-24,13.35,13.65,13.34,13.54,9400801.0,126948579.0,135207570.0,0.0695286587873741,603685
2025-06-25,13.62,14.89,13.55,14.37,13608469.0,194642449.0,135207570.0,0.1006487210738274,603685
2025-06-26,13.89,14.24,13.86,13.98,9474103.0,132365928.0,135207570.0,0.0700708029883238,603685
2025-06-27,13.83,14.15,13.6,14.05,7896387.0,109068178.0,135207570.0,0.0584019592985806,603685
2025-06-30,14.08,14.08,13.81,14.04,5468255.0,76338314.0,169009125.0,0.0323547914942462,603685
2025-07-01,14.02,14.02,13.6,13.75,5547620.0,76500987.0,169009125.0,0.0328243815237786,603685
2025-07-02,13.8,13.97,13.61,13.68,4047400.0,55647574.0,169009125.0,0.0239478193854917,603685
2025-07-03,13.6,13.87,13.54,13.77,3507955.0,48073253.0,169009125.0,0.0207560094758197,603685
2025-07-04,13.73,13.74,13.3,13.44,4010451.0,53985009.0,169009125.0,0.0237291980536553,603685
2025-07-07,13.4,13.58,13.32,13.54,2302600.0,31109614.0,169009125.0,0.0136241164493337,603685
2025-07-08,13.58,13.76,13.45,13.75,2457300.0,33622385.0,169009125.0,0.0145394516420341,603685
2025-07-09,13.91,13.96,13.7,13.72,3140200.0,43425372.0,169009125.0,0.0185800618753573,603685
2025-07-10,13.68,13.82,13.51,13.64,2204690.0,30091970.0,169009125.0,0.0130447986166427,603685
2025-07-11,13.64,13.74,13.42,13.51,1964085.0,26560609.0,169009125.0,0.0116211772589201,603685
2025-07-14,13.47,13.77,13.47,13.75,2151500.0,29409728.0,169009125.0,0.0127300818816735,603685
2025-07-15,13.8,13.8,13.28,13.51,2592500.0,34994366.0,169009125.0,0.0153394084491,603685
2025-07-16,13.53,14.3,13.53,14.22,6887270.0,96389565.0,169009125.0,0.040750876616869,603685
2025-07-17,14.23,14.75,14.0,14.55,5963700.0,85838250.0,169009125.0,0.0352862604312045,603685
2025-07-18,14.55,14.65,14.36,14.42,2635058.0,38194428.0,169009125.0,0.0155912173381171,603685
2025-07-21,14.53,15.14,14.33,15.14,5377504.0,79376684.0,169009125.0,0.0318178323211838,603685
2025-07-22,15.07,15.33,14.8,14.89,4369323.0,65450048.0,169009125.0,0.025852586361831,603685
2025-07-23,14.89,15.96,14.66,14.85,5408104.0,81494141.0,169009125.0,0.0319988876340256,603685
2025-07-24,14.92,15.03,14.61,14.68,2717288.0,40256171.0,169009125.0,0.0160777591150773,603685
2025-07-25,14.82,14.99,14.5,14.72,3075699.0,45340154.0,169009125.0,0.0181984197598798,603685
2025-07-28,14.98,16.11,14.82,15.95,10540703.0,163927798.0,169009125.0,0.0623676561842444,603685
2025-07-29,15.8,16.02,15.5,15.81,7373065.0,116399064.0,169009125.0,0.0436252480450389,603685
2025-07-30,16.01,16.02,15.32,15.43,4227432.0,65570544.0,169009125.0,0.0250130399763918,603685
2025-07-31,15.47,15.88,15.35,15.73,3784411.0,59324196.0,169009125.0,0.0223917554747413,603685
2025-08-01,15.66,15.85,15.5,15.74,2993400.0,46977311.0,169009125.0,0.0177114697209396,603685
2025-08-04,15.52,15.77,14.83,15.21,7834539.0,119034686.0,169009125.0,0.0463557160005413,603685
2025-08-05,14.99,15.67,14.99,15.5,4227090.0,64952403.0,169009125.0,0.0250110164170129,603685
2025-08-06,15.48,15.7,15.24,15.43,2745164.0,42523014.0,169009125.0,0.0162426969549721,603685
2025-08-07,15.5,15.98,15.5,15.85,5222459.0,82491974.0,169009125.0,0.0309004558185837,603685
2025-08-08,15.72,15.8,15.55,15.75,3401700.0,53303137.0,169009125.0,0.0201273156109174,603685
2025-08-11,15.7,15.86,15.52,15.72,2911582.0,45581750.0,169009125.0,0.0172273656821784,603685
2025-08-12,15.65,15.76,15.38,15.55,2585320.0,40157414.0,169009125.0,0.0152969255358253,603685
2025-08-13,15.61,15.83,15.35,15.6,3373901.0,52614884.0,169009125.0,0.0199628333677249,603685
2025-08-14,15.69,15.79,15.4,15.55,3301200.0,51435636.0,169009125.0,0.019532673161878,603685
2025-08-15,15.72,15.85,15.38,15.79,3053972.0,47681199.0,169009125.0,0.0180698645709218,603685
2025-08-18,15.83,16.09,15.6,15.7,3229926.0,51252670.0,169009125.0,0.0191109562871235,603685
2025-08-19,15.78,16.88,15.49,16.4,5708327.0,92761775.0,169009125.0,0.0337752591760947,603685
2025-08-20,16.48,16.59,15.9,16.04,3909754.0,62956635.0,169009125.0,0.0231333899870791,603685
2025-08-21,16.19,16.48,15.97,16.25,2700532.0,43708050.0,169009125.0,0.0159786165391957,603685
2025-08-22,16.3,16.43,15.99,16.16,2463944.0,39812624.0,169009125.0,0.0145787631289138,603685
2025-08-25,16.15,17.29,16.15,16.82,6509083.0,109962608.0,169009125.0,0.0385132045385123,603685
2025-08-26,16.68,18.5,16.6,18.5,7015464.0,124631964.0,169009125.0,0.0415093800408705,603685
2025-08-27,18.62,19.07,17.97,18.03,10735258.0,197908838.0,169009125.0,0.0635188070466609,603685
2025-08-28,18.36,19.83,18.36,19.14,10543460.0,202174500.0,169009125.0,0.0623839689129211,603685
2025-08-29,18.95,19.29,18.45,19.23,7287411.0,137738467.0,169009125.0,0.0431184470069293,603685
2025-09-01,18.6,19.55,18.6,19.37,6772998.0,130142058.0,169009125.0,0.0400747474433702,603685
2025-09-02,19.23,19.25,18.4,18.72,7601491.0,142192430.0,169009125.0,0.0449768082048824,603685
2025-09-03,18.66,18.9,17.88,18.06,4308220.0,79193057.0,169009125.0,0.0254910496696554,603685
2025-09-04,17.92,18.2,17.51,17.75,4290976.0,76576048.0,169009125.0,0.0253890196757127,603685
2025-09-05,17.96,18.17,17.77,18.11,2597447.0,46700787.0,169009125.0,0.0153686790580094,603685
2025-09-08,17.99,18.8,17.99,18.71,3585316.0,66060331.0,169009125.0,0.021213742157413,603685
2025-09-09,18.6,18.86,18.54,18.75,3290027.0,61562731.0,169009125.0,0.0194665643053296,603685
2025-09-10,18.68,18.99,18.47,18.81,2828039.0,52781917.0,169009125.0,0.0167330550939187,603685
2025-09-11,18.94,18.94,18.45,18.87,2318812.0,43361959.0,169009125.0,0.0137200402640981,603685
2025-09-12,18.95,19.14,18.61,18.88,3315670.0,62325771.0,169009125.0,0.0196182898408591,603685
2025-09-15,18.97,18.97,18.06,18.15,4108759.0,75468855.0,169009125.0,0.0243108707887813,603685
2025-09-16,18.13,18.24,17.61,18.03,3505109.0,63007805.0,169009125.0,0.0207391701483573,603685
2025-09-17,18.12,18.28,17.89,18.06,2219980.0,40057053.0,169009125.0,0.0131352671046607,603685
2025-09-18,18.03,18.58,17.77,17.9,4076044.0,73962399.0,169009125.0,0.0241173013587284,603685
2025-09-19,18.0,18.18,17.45,17.73,2263709.0,40149533.0,169009125.0,0.0133940046136562,603685
2025-09-22,17.98,18.49,17.64,18.29,3467522.0,62860350.0,169009125.0,0.0205167738724166,603685
2025-09-23,18.01,18.26,17.55,17.99,3730448.0,66408799.0,169009125.0,0.0220724650222288,603685
2025-09-24,17.96,18.28,17.76,18.25,2027397.0,36660883.0,169009125.0,0.0119957842512941,603685
2025-09-25,18.41,18.47,17.95,18.11,1701809.0,30971177.0,169009125.0,0.0100693320552958,603685
2025-09-26,18.11,18.2,17.61,18.04,1892751.0,34068582.0,169009125.0,0.0111991053737483,603685
2025-09-29,18.05,18.14,17.56,18.14,2309338.0,41413734.0,169009125.0,0.0136639841192006,603685
2025-09-30,17.99,18.13,17.64,17.68,2601291.0,46186025.0,177386277.0,0.0146645560411643,603685
2025-10-09,17.68,18.16,17.62,17.73,3363671.0,59829769.0,177386277.0,0.0189624082363485,603685
2025-10-10,17.71,17.82,17.52,17.6,2921376.0,51531049.0,177386277.0,0.0164690079154206,603685
2025-10-13,17.23,18.11,16.63,17.9,4662093.0,82051310.0,177386277.0,0.0262821514654146,603685
2025-10-14,17.75,17.84,17.04,17.1,4627122.0,80397351.0,177386277.0,0.0260850054370327,603685
2025-10-15,16.97,17.34,16.65,17.16,5958103.0,100641914.0,187509180.0,0.0317749936296452,603685
2025-10-16,17.16,18.0,17.03,17.71,6227419.0,109725963.0,187509180.0,0.0332112753092941,603685
2025-10-17,17.67,17.83,17.1,17.14,3672512.0,63641169.0,187509180.0,0.0195857717472819,603685
2025-10-20,17.6,18.85,17.3,18.85,4460410.0,82938341.0,187509180.0,0.0237876886880951,603685
2025-10-21,18.63,19.28,18.01,19.15,11100877.0,208714875.0,187509180.0,0.0592017788142425,603685
2025-10-22,19.05,19.11,18.74,19.0,4990526.0,94619296.0,187509180.0,0.0266148356043154,603685
2025-10-23,19.08,19.26,18.64,19.2,4284208.0,81368878.0,187509180.0,0.0228479906957088,603685
2025-10-24,19.2,21.12,19.05,21.12,8667356.0,174553705.0,187509180.0,0.0462236355574697,603685
2025-10-27,21.89,22.3,21.01,21.56,11055618.0,237216143.0,187509180.0,0.0589604092983607,603685
2025-10-28,21.42,23.23,21.18,22.3,11383276.0,249861495.0,187509180.0,0.0607078330778258,603685
2025-10-29,21.41,22.1,21.1,21.24,10947268.0,234035705.0,187509180.0,0.0583825709226609,603685
2025-10-30,21.25,21.66,20.7,20.83,6438152.0,135995052.0,187509180.0,0.0343351296187205,603685
2025-10-31,20.76,21.33,20.76,20.85,4055730.0,85353112.0,187509180.0,0.02162950101963,603685
2025-11-03,21.01,21.07,20.22,20.88,4191525.0,86414573.0,187509180.0,0.0223537055625756,603685
2025-11-04,20.93,20.93,20.09,20.27,3144534.0,64038022.0,187509180.0,0.016770026939481,603685
2025-11-05,20.45,20.85,19.97,20.46,2709662.0,55530174.0,187509180.0,0.014450823154365,603685
2025-11-06,20.34,20.8,20.18,20.45,2177542.0,44258577.0,187509180.0,0.0116129887614035,603685
2025-11-07,20.35,20.53,20.06,20.45,2643400.0,53695974.0,187509180.0,0.014097443122518,603685
2025-11-10,20.58,21.1,20.35,20.61,3568756.0,73631531.0,187509180.0,0.0190324335053889,603685
2025-11-11,20.6,20.63,20.02,20.24,2805414.0,56928183.0,187509180.0,0.0149614754861601,603685
2025-11-12,20.24,20.5,19.89,20.09,2012574.0,40620583.0,187509180.0,0.0107332025024054,603685
2025-11-13,19.9,20.7,19.76,20.57,2992124.0,60976584.0,187509180.0,0.0159572134014985,603685
2025-11-14,20.49,20.49,19.93,19.95,2918815.0,58679727.0,187509180.0,0.0155662512096741,603685
2025-11-17,19.78,20.05,19.38,19.64,3207485.0,63157316.0,187509180.0,0.0171057491691873,603685
2025-11-18,19.64,19.68,19.23,19.4,2690276.0,52276636.0,187509180.0,0.0143474362161895,603685
2025-11-19,19.04,19.46,19.0,19.01,1900934.0,36353445.0,187509180.0,0.0101378183190817,603685
2025-11-20,19.18,19.25,18.64,18.71,1890407.0,35720404.0,201465747.0,0.0093832675189197,603685
2025-11-21,18.71,18.85,17.9,18.1,3382820.0,61943999.0,201465747.0,0.0167910428962398,603685
2025-11-24,18.25,18.95,18.25,18.75,2570154.0,47706010.0,201465747.0,0.0127572753099314,603685
2025-11-25,18.75,19.62,18.51,19.5,2783204.0,53894819.0,201465747.0,0.0138147751736676,603685
2025-11-26,19.58,20.63,19.1,20.16,4664683.0,94700524.0,201465747.0,0.0231537274671311,603685
2025-11-27,20.01,20.84,19.98,20.56,2972211.0,61095636.0,201465747.0,0.014752934651467,603685
2025-11-28,20.74,21.73,20.42,21.19,3970079.0,83786892.0,201465747.0,0.019705975130353,603685
2025-12-01,21.26,21.34,20.8,21.32,2835982.0,59915951.0,201465747.0,0.0140767452642954,603685
2025-12-02,21.32,21.93,21.28,21.81,2974504.0,64261884.0,201465747.0,0.0147643162388294,603685
2025-12-03,21.75,22.03,21.13,21.37,2304007.0,49427092.0,201465747.0,0.011436221959855,603685
2025-12-04,21.21,21.37,20.96,21.03,1752715.0,36974401.0,201465747.0,0.0086998163514118,603685
2025-12-05,21.27,21.37,20.7,20.83,2959283.0,62144979.0,201465747.0,0.014688764934319,603685
2025-12-08,21.08,21.08,20.58,20.68,2733806.0,56892659.0,201465747.0,0.0135695821285193,603685
2025-12-09,20.62,20.99,20.42,20.48,2483360.0,51107276.0,201465747.0,0.0123264626219562,603685
2025-12-10,20.7,20.7,19.8,19.93,3412420.0,68514538.0,201465747.0,0.0169379661347593,603685
2025-12-11,20.18,20.29,19.53,19.6,2207933.0,43835363.0,201465747.0,0.0109593468511548,603685
2025-12-12,19.69,19.95,19.47,19.74,1880513.0,37150564.0,201465747.0,0.0093341574337199,603685
2025-12-15,19.8,20.5,19.71,19.91,3311691.0,66497809.0,201465747.0,0.0164379853613527,603685
2025-12-16,20.21,20.21,18.8,18.98,2788647.0,53564380.0,201465747.0,0.0138417921732372,603685
2025-12-17,19.02,19.66,18.83,19.49,2351596.0,45024500.0,201465747.0,0.0116724358111356,603685
2025-12-18,19.73,20.47,19.22,19.91,2342499.0,46685992.0,201465747.0,0.0116272817334055,603685
2025-12-19,19.8,20.2,19.62,19.68,1743592.0,34550859.0,201465747.0,0.0086545332194856,603685
2025-12-22,19.8,19.82,19.31,19.33,2079134.0,40520967.0,201465747.0,0.0103200371823007,603685
2025-12-23,19.33,19.99,19.24,19.78,2329231.0,45746802.0,201465747.0,0.0115614243844637,603685
2025-12-24,19.87,19.96,19.53,19.6,1332489.0,26266999.0,201465747.0,0.006613972944989,603685
2025-12-25,19.62,19.91,19.14,19.28,2554555.0,49267415.0,201465747.0,0.0126798477559562,603685
2025-12-26,19.43,19.43,18.51,18.78,3821942.0,72162782.0,201465747.0,0.0189706789214148,603685
2025-12-29,18.78,19.01,18.56,18.79,1815851.0,34142701.0,201465747.0,0.0090131996482756,603685
2025-12-30,18.57,18.92,18.48,18.74,1961372.0,36770075.0,201465747.0,0.0097355110196474,603685
2025-12-31,18.73,19.5,18.56,19.49,2410665.0,46063911.0,201465747.0,0.0119656320535718,603685
2026-01-05,19.49,20.4,19.11,19.32,3981176.0,78051307.0,201465747.0,0.0197610564539291,603685
2026-01-06,19.31,19.88,19.12,19.3,4203487.0,81795237.0,201465747.0,0.0208645244295547,603685
2026-01-07,19.37,19.48,18.94,19.08,2742614.0,52462005.0,201465747.0,0.0136133017192247,603685
2026-01-08,19.03,19.48,19.01,19.11,2655307.0,51028559.0,201465747.0,0.01317994269269,603685
2026-01-09,19.1,19.99,18.95,19.03,4940124.0,95614431.0,201465747.0,0.0245209127286535,603685
2026-01-12,19.05,19.05,18.22,18.65,5199761.0,96336311.0,201465747.0,0.0258096528935015,603685
2026-01-13,18.62,18.75,18.3,18.3,2734987.0,50533886.0,201465747.0,0.0135754441671913,603685
2026-01-14,18.25,18.48,17.9,18.35,3144812.0,57255950.0,201465747.0,0.0156096609315925,603685
2026-01-15,18.33,18.42,18.18,18.33,1994039.0,36530028.0,201465747.0,0.0098976576896716,603685
2026-01-16,18.45,18.54,18.23,18.37,1236525.0,22705733.0,201465747.0,0.0061376438348102,603685
2026-01-19,18.55,18.74,18.31,18.51,2373682.0,43980778.0,201465747.0,0.0117820623870121,603685
2026-01-20,18.61,18.61,18.03,18.2,2115543.0,38491877.0,201465747.0,0.0105007577293027,603685
2026-01-21,18.21,18.48,18.12,18.42,1659175.0,30454628.0,201465747.0,0.0082355190631983,603685
2026-01-22,18.42,19.77,18.31,19.75,6612636.0,127350737.0,201465747.0,0.0328226316307754,603685
2026-01-23,19.71,20.1,19.5,19.78,3524825.0,69702171.0,201465747.0,0.0174959021694144,603685
2026-01-26,19.81,19.92,19.37,19.57,3640690.0,71265679.0,201465747.0,0.0180710123393829,603685
2026-01-27,19.57,20.79,19.52,20.43,5749064.0,116136831.0,201465747.0,0.0285361858559509,603685
2026-01-28,20.19,22.28,20.19,22.12,9298682.0,200836194.0,201465747.0,0.0461551511284943,603685
2026-01-29,22.25,22.4,21.08,21.13,7292346.0,158140191.0,201465747.0,0.036196455767739,603685
2026-01-30,21.08,21.85,20.78,21.4,4822395.0,103231275.0,201465747.0,0.0239365503655566,603685
2026-02-02,21.44,23.03,21.44,22.25,7141382.0,160067711.0,201465747.0,0.0354471273967976,603685
2026-02-03,22.64,23.66,22.21,23.47,7277871.0,167898133.0,201465747.0,0.0361246073259292,603685
2026-02-04,23.4,24.11,22.68,23.16,5133883.0,118592110.0,201465747.0,0.0254826593425829,603685
2026-02-05,22.99,24.48,22.8,24.23,6742084.0,159895221.0,201465747.0,0.0334651626909064,603685
2026-02-06,24.23,25.87,23.3,25.16,7928422.0,197686998.0,201465747.0,0.0393536971820822,603685
2026-02-09,25.05,26.24,24.31,24.73,7234612.0,181708042.0,201465747.0,0.0359098859619049,603685
2026-02-10,25.08,25.17,24.26,24.32,4506717.0,110757604.0,201465747.0,0.0223696438084832,603685
2026-02-11,24.05,25.26,24.05,24.73,3702132.0,91615652.0,201465747.0,0.0183759872590153,603685
2026-02-12,24.74,24.97,23.94,24.01,4002605.0,96844695.0,201465747.0,0.0198674219295451,603685
2026-02-13,24.01,24.95,23.81,24.72,5541518.0,135019559.0,201465747.0,0.0275060057727828,603685
2026-02-24,24.9,27.19,24.89,27.19,8834723.0,235418101.0,201465747.0,0.0438522336007817,603685
2026-02-25,27.73,28.28,27.0,27.9,9576454.0,265125771.0,201465747.0,0.0475339065950501,603685
2026-02-26,27.9,28.75,27.2,28.46,5202896.0,147157906.0,201465747.0,0.025825213851365,603685
2026-02-27,28.46,29.15,27.98,28.78,4190484.0,120205738.0,201465747.0,0.0207999824406875,603685
2026-03-02,28.63,28.9,27.02,28.76,7550780.0,211173830.0,201465747.0,0.0374792246942106,603685
2026-03-03,28.58,29.71,28.0,28.19,6235234.0,180004864.0,201465747.0,0.0309493504124053,603685
2026-03-04,27.63,29.65,27.63,29.3,5732562.0,165823413.0,201465747.0,0.0284542761504763,603685
2026-03-05,29.36,30.06,28.61,29.82,7268040.0,213430867.0,201465747.0,0.0360758099489736,603685
2026-03-06,29.2,29.99,28.88,29.13,3978294.0,116800271.0,201465747.0,0.0197467512926651,603685
2026-03-09,28.9,28.9,27.34,27.84,4005013.0,111728429.0,201465747.0,0.0198793743335436,603685
2026-03-10,28.0,28.66,27.9,28.12,2990000.0,84384823.0,201465747.0,0.0148412325396435,603685
2026-03-11,28.33,29.15,27.88,28.12,2821298.0,80091801.0,201465747.0,0.0140038594252947,603685
2026-03-12,28.01,28.18,27.81,27.92,1993400.0,55767374.0,201465747.0,0.0098944859346239,603685
2026-03-13,27.78,28.2,27.06,27.06,3025207.0,83515063.0,201465747.0,0.0150159868118921,603685
2026-03-16,27.38,27.38,25.91,26.95,5141403.0,136161478.0,201465747.0,0.0255199857869635,603685
2026-03-17,26.98,29.65,26.51,29.65,6012633.0,173037964.0,201465747.0,0.029844442986132,603685
2026-03-18,29.65,29.86,28.11,29.76,7458482.0,219043972.0,201465747.0,0.0370210922256675,603685
2026-03-19,29.66,29.66,28.16,28.39,5127776.0,147200851.0,201465747.0,0.0254523464973924,603685
2026-03-20,28.38,29.0,27.0,27.07,3868694.0,107572967.0,201465747.0,0.0192027382203089,603685
2026-03-23,27.0,27.0,25.0,25.54,3761517.0,98142073.0,201465747.0,0.0186707520062951,603685
2026-03-24,26.3,27.5,25.82,27.32,3456414.0,92373119.0,201465747.0,0.0171563357616319,603685
2026-03-25,27.41,28.93,27.01,28.8,3769490.0,107238746.0,201465747.0,0.0187103269718598,603685
2026-03-26,28.66,29.57,27.68,27.85,2624215.0,74720292.0,201465747.0,0.0130256137287694,603685
2026-03-27,27.72,27.98,27.04,27.7,2062303.0,56844719.0,201465747.0,0.0102364944448844,603685
2026-03-30,27.53,29.84,27.0,29.71,5356043.0,154239993.0,201465747.0,0.0265853778111472,603685
2026-03-31,29.5,31.39,29.12,29.8,5139300.0,156611692.0,201465747.0,0.0255095472879565,603685
2026-04-01,30.5,32.78,30.36,32.13,7396781.0,236706669.0,201465747.0,0.0367148317276981,603685
2026-04-02,32.77,32.78,31.1,32.24,4617312.0,147895313.0,201465747.0,0.0229185956856477,603685
2026-04-03,32.13,32.8,31.12,31.17,3707837.0,116864918.0,201465747.0,0.0184043047277907,603685
2026-04-07,30.99,31.23,28.35,28.55,5946231.0,175457805.0,201465747.0,0.0295148484968017,603685
2026-04-08,29.17,30.59,29.12,29.19,4872816.0,145164330.0,201465747.0,0.0241868211969551,603685
2026-04-09,28.8,29.25,28.45,28.45,2976869.0,85547315.0,201465747.0,0.0147760552070422,603685
2026-04-10,29.13,30.77,28.16,29.54,5493997.0,161358255.0,201465747.0,0.0272701294478609,603685
2026-04-13,29.55,29.65,28.7,29.08,2676227.0,77646382.0,201465747.0,0.0132837816842383,603685
2026-04-14,29.25,29.66,28.7,29.36,3301010.0,96622653.0,201465747.0,0.0163849689049126,603685
2026-04-15,29.5,30.2,29.09,29.29,2578300.0,76060924.0,201465747.0,0.0127977089822618,603685
2026-04-16,29.58,31.26,28.8,30.98,5674142.0,171854598.0,201465747.0,0.0281643012993171,603685
2026-04-17,31.1,31.91,30.52,31.56,5276755.0,165209360.0,201465747.0,0.0261918220768317,603685
2026-04-20,31.71,31.95,30.63,31.03,4346198.0,136167194.0,201465747.0,0.0215728880205129,603685
2026-04-21,30.72,31.4,30.38,30.92,3163181.0,97304520.0,201465747.0,0.0157008377210643,603685
2026-04-22,30.85,32.45,30.41,32.26,4870214.0,153061492.0,201465747.0,0.0241739058501095,603685
2026-04-23,32.13,32.57,30.86,31.96,3689191.0,116565900.0,201465747.0,0.0183117530147693,603685
2026-04-24,31.97,32.49,31.08,31.72,2832100.0,89866535.0,201465747.0,0.0140574764801085,603685
2026-04-27,31.34,33.89,31.34,33.79,5231428.0,172486385.0,201465747.0,0.0259668359406028,603685
2026-04-28,33.51,34.28,33.1,33.4,3703888.0,124343221.0,201465747.0,0.018384703380868,603685
2026-04-29,32.91,34.87,32.91,34.24,3868189.0,131864145.0,201465747.0,0.0192002315907328,603685
2026-04-30,34.47,34.96,32.59,32.82,4626821.0,155097878.0,201465747.0,0.0229657947760221,603685
2026-05-06,33.03,33.3,31.46,31.87,5084384.0,162756872.0,201465747.0,0.0252369649715194,603685
2026-05-07,32.0,33.46,31.31,32.3,4544827.0,146314970.0,201465747.0,0.0225588074780771,603685
2026-05-08,31.98,33.06,31.81,32.88,2550700.0,83285654.0,201465747.0,0.0126607129895882,603685
2026-05-11,33.11,35.5,33.0,35.07,5553413.0,192673379.0,201465747.0,0.0275650480674513,603685
2026-05-12,35.1,35.2,33.97,34.96,3404497.0,117905272.0,201465747.0,0.0168986393503407,603685
2026-05-13,35.5,35.9,34.28,34.34,4572758.0,159828004.0,201465747.0,0.0226974464299382,603685
2026-05-14,34.58,34.6,32.28,33.13,4059500.0,134737451.0,201465747.0,0.0201498272557468,603685
2026-05-15,32.8,33.63,32.29,32.43,2555010.0,83586549.0,201465747.0,0.0126821062043861,603685
2026-05-18,32.35,32.42,31.4,32.21,2541834.0,81070582.0,201465747.0,0.0126167055087533,603685
2026-05-19,32.21,33.86,31.9,32.89,2445356.0,80578002.0,201465747.0,0.0121378250963921,603685
2026-05-20,32.99,33.1,32.3,32.78,1769056.0,57685633.0,201465747.0,0.0087809269135958,603685
2026-05-21,33.0,33.34,31.0,31.4,2820000.0,91584753.0,201465747.0,0.0139974166427407,603685
2026-05-22,31.4,32.79,31.38,32.55,1951290.0,63039447.0,201465747.0,0.0096854677733381,603685
