date,open,high,low,close,volume,amount,outstanding_share,turnover,ticker
2016-11-30,15.06,15.06,15.06,15.06,7477.0,112604.0,20230000.0,0.0003695996045477,603319
2016-12-01,16.57,16.57,16.57,16.57,1800.0,29826.0,20230000.0,8.897676717745922e-05,603319
2016-12-02,18.23,18.23,18.23,18.23,3200.0,58336.0,20230000.0,0.0001581809194265,603319
2016-12-05,20.05,20.05,20.05,20.05,9200.0,184460.0,20230000.0,0.0004547701433514,603319
2016-12-06,22.06,22.06,22.06,22.06,5100.0,112506.0,20230000.0,0.0002521008403361,603319
2016-12-07,24.27,24.27,24.27,24.27,4793.0,116326.0,20230000.0,0.0002369253583786,603319
2016-12-08,26.7,26.7,26.7,26.7,8842.0,236081.0,20230000.0,0.0004370736529906,603319
2016-12-09,29.37,29.37,29.37,29.37,18721.0,549836.0,20230000.0,0.0009254078101828,603319
2016-12-12,32.31,32.31,32.31,32.31,27539.0,889785.0,20230000.0,0.0013612951062778,603319
2016-12-13,35.54,35.54,35.54,35.54,48046.0,1707555.0,20230000.0,0.0023749876421156,603319
2016-12-14,39.09,39.09,39.09,39.09,43300.0,1692597.0,20230000.0,0.0021403855659911,603319
2016-12-15,43.0,43.0,43.0,43.0,43064.0,1851752.0,20230000.0,0.0021287197231833,603319
2016-12-16,47.3,47.3,47.3,47.3,61780.0,2922194.0,20230000.0,0.0030538803756796,603319
2016-12-19,52.03,52.03,52.03,52.03,269220.0,14007517.0,20230000.0,0.0133079584775086,603319
2016-12-20,57.23,57.23,57.23,57.23,852423.0,48784168.0,20230000.0,0.0421365793376174,603319
2016-12-21,60.0,62.48,56.83,57.3,13429426.0,793536116.0,20230000.0,0.6638371725160652,603319
2016-12-22,57.13,59.58,55.5,56.32,9277354.0,537125503.0,20230000.0,0.4585938704893722,603319
2016-12-23,55.0,55.7,52.79,53.01,8597859.0,464964178.0,20230000.0,0.425005388037568,603319
2016-12-26,52.1,53.86,50.7,53.03,3972543.0,208013688.0,20230000.0,0.1963689075630252,603319
2016-12-27,53.0,53.8,52.1,53.08,3769069.0,199862146.0,20230000.0,0.1863108749382105,603319
2016-12-28,52.9,54.99,52.38,53.29,3518810.0,188902978.0,20230000.0,0.1739401878398418,603319
2016-12-29,53.0,54.9,52.66,54.73,3806275.0,206589790.0,20230000.0,0.1881500247157686,603319
2016-12-30,54.5,58.0,54.0,56.5,8935589.0,504278158.0,20230000.0,0.4416999011369253,603319
2017-01-03,55.45,58.4,54.5,57.18,8645932.0,492555161.0,20230000.0,0.4273817103311913,603319
2017-01-04,56.0,56.8,55.51,56.18,3996213.0,224040480.0,20230000.0,0.1975389520514088,603319
2017-01-05,56.24,61.8,56.18,61.8,10138798.0,610479751.0,20230000.0,0.5011763717251606,603319
2017-01-06,60.0,63.5,55.62,55.62,10543189.0,632125201.0,20230000.0,0.5211660405338606,603319
2017-01-09,51.72,55.62,51.0,51.84,4810763.0,252986152.0,20230000.0,0.2378034107760751,603319
2017-01-10,52.4,57.02,51.6,57.02,8060790.0,442470978.0,20230000.0,0.3984572417202175,603319
2017-01-11,55.9,56.76,53.02,53.19,6949194.0,384422124.0,20230000.0,0.3435093425605536,603319
2017-01-12,51.8,55.9,51.33,52.74,3831100.0,205455429.0,20230000.0,0.1893771626297578,603319
2017-01-13,53.2,53.4,47.47,47.98,4505244.0,221639845.0,20230000.0,0.2227011369253583,603319
2017-01-16,47.0,47.98,43.18,45.52,3281779.0,150833852.0,20230000.0,0.1622233811171527,603319
2017-01-17,45.06,48.5,42.51,46.74,6183559.0,285876975.0,20230000.0,0.3056628274839347,603319
2017-01-18,45.9,46.32,44.35,44.52,2160250.0,97811936.0,20230000.0,0.1067844784972812,603319
2017-01-19,43.92,45.44,42.67,43.84,2182378.0,96074761.0,20230000.0,0.1078782995551161,603319
2017-01-20,43.74,46.1,43.07,45.53,1993089.0,90063025.0,20230000.0,0.0985214532871972,603319
2017-01-23,45.3,47.1,45.3,45.85,1282275.0,59078718.0,20230000.0,0.0633848245180425,603319
2017-01-24,46.46,50.44,46.37,50.44,7321789.0,365216456.0,20230000.0,0.3619272862086011,603319
2017-01-25,50.0,52.8,49.18,50.48,5595784.0,285252051.0,20230000.0,0.2766082056351953,603319
2017-01-26,50.35,52.5,50.01,51.9,3275728.0,166793659.0,20230000.0,0.1619242708848245,603319
2017-02-03,52.0,54.0,51.52,53.17,6100526.0,322061768.0,20230000.0,0.3015583786455759,603319
2017-02-06,52.82,56.96,52.36,55.9,6486656.0,355943380.0,20230000.0,0.3206453781512605,603319
2017-02-07,55.21,58.0,54.05,56.56,6037278.0,339486475.0,20230000.0,0.2984319327731092,603319
2017-02-08,55.88,61.84,55.48,60.14,7332805.0,424698420.0,20230000.0,0.3624718240237271,603319
2017-02-09,56.8,58.92,54.13,54.16,11875295.0,655734639.0,20230000.0,0.5870140879881365,603319
2017-02-10,51.2,51.88,48.74,48.74,7271529.0,363654829.0,20230000.0,0.3594428571428571,603319
2017-02-13,48.76,50.5,47.77,49.54,4756423.0,234114886.0,20230000.0,0.2351173010380622,603319
2017-02-14,49.2,50.33,49.2,49.66,3083544.0,153575681.0,20230000.0,0.1524243203163618,603319
2017-02-15,49.37,51.22,49.37,50.02,4290534.0,215747132.0,20230000.0,0.2120876915472071,603319
2017-02-16,49.76,49.8,48.12,48.76,3753504.0,183746615.0,20230000.0,0.1855414730598121,603319
2017-02-17,48.69,49.14,47.1,47.23,3195836.0,153112577.0,20230000.0,0.1579750865051903,603319
2017-02-20,46.66,47.49,46.21,47.21,1982454.0,93071676.0,20230000.0,0.0979957488877904,603319
2017-02-21,47.4,49.0,47.21,48.71,2493191.0,120495341.0,20230000.0,0.1232422639644093,603319
2017-02-22,48.69,49.46,48.21,49.07,2089345.0,102119835.0,20230000.0,0.1032795353435491,603319
2017-02-23,49.08,50.21,48.5,49.75,2741891.0,135602928.0,20230000.0,0.1355358872960949,603319
2017-02-24,49.5,50.8,49.39,49.85,2669386.0,133704666.0,20230000.0,0.1319518536826495,603319
2017-02-27,49.8,49.8,48.7,48.84,2192820.0,107867635.0,20230000.0,0.10839446366782,603319
2017-02-28,48.8,49.38,48.42,49.12,1648175.0,80570973.0,20230000.0,0.0814718240237271,603319
2017-03-01,49.06,49.58,48.69,48.75,1756137.0,86169320.0,20230000.0,0.0868085516559565,603319
2017-03-02,48.82,49.47,48.32,49.06,1906688.0,93306012.0,20230000.0,0.0942505190311418,603319
2017-03-03,48.95,49.18,48.6,49.01,1368457.0,66868547.0,20230000.0,0.0676449332674246,603319
2017-03-06,48.95,50.57,48.81,50.55,2849959.0,142294229.0,20230000.0,0.1408778546712802,603319
2017-03-07,50.62,51.46,50.35,51.37,3027446.0,154385923.0,20230000.0,0.149651309935739,603319
2017-03-08,51.1,52.55,50.73,51.42,2940044.0,151813229.0,20230000.0,0.1453308947108255,603319
2017-03-09,51.12,51.38,50.1,50.82,2447997.0,124104098.0,20230000.0,0.1210082550667325,603319
2017-03-10,50.76,52.99,50.68,52.53,3597317.0,187378186.0,20230000.0,0.1778209095402867,603319
2017-03-13,52.85,53.52,51.75,53.27,3457585.0,182925356.0,20230000.0,0.1709137419673752,603319
2017-03-14,52.99,56.13,52.8,54.95,5719576.0,313656445.0,20230000.0,0.282727434503213,603319
2017-03-15,54.8,54.97,53.7,54.31,2868034.0,155495064.0,20230000.0,0.1417713297083539,603319
2017-03-16,54.31,55.58,54.0,55.01,2633091.0,144196528.0,20230000.0,0.1301577360355907,603319
2017-03-17,54.9,55.88,53.33,53.38,2857482.0,156351515.0,20230000.0,0.1412497281265447,603319
2017-03-20,53.52,54.79,53.35,54.51,1624700.0,87970776.0,20230000.0,0.0803114186851211,603319
2017-03-21,54.78,55.55,54.23,55.44,1999448.0,110256727.0,20230000.0,0.0988357884330202,603319
2017-03-22,55.0,56.4,54.7,56.08,2307194.0,128323828.0,20230000.0,0.1140481463173504,603319
2017-03-23,56.08,56.39,54.51,55.29,2412834.0,133502782.0,20230000.0,0.1192700939199209,603319
2017-03-24,55.3,56.8,54.62,56.39,2326145.0,130237909.0,20230000.0,0.1149849233811171,603319
2017-03-27,56.7,57.49,55.43,55.99,2347943.0,132004497.0,20230000.0,0.1160624320316361,603319
2017-03-28,55.81,56.2,54.1,54.31,1547824.0,85587739.0,20230000.0,0.0765113198220464,603319
2017-03-29,54.21,54.5,50.5,50.57,2429533.0,127230678.0,20230000.0,0.1200955511616411,603319
2017-03-30,50.01,51.54,49.5,49.77,1884426.0,94863748.0,20230000.0,0.0931500741473059,603319
2017-03-31,49.95,50.75,49.7,50.19,1111285.0,55770326.0,20230000.0,0.054932525951557,603319
2017-04-05,50.18,51.99,49.18,51.48,1436103.0,73045455.0,20230000.0,0.0709887790410281,603319
2017-04-06,51.02,52.35,51.01,51.69,1608166.0,83335403.0,20230000.0,0.0794941176470588,603319
2017-04-07,51.69,51.7,50.18,50.23,991752.0,50433702.0,20230000.0,0.0490238260009886,603319
2017-04-10,50.0,50.0,45.4,45.48,1998363.0,94067818.0,20230000.0,0.0987821552150271,603319
2017-04-11,45.0,46.86,42.3,46.63,1676922.0,76669631.0,20230000.0,0.0828928324270884,603319
2017-04-12,46.5,46.57,44.8,44.89,1149680.0,52594048.0,20230000.0,0.0568304498269896,603319
2017-04-13,45.48,46.0,44.96,45.51,866286.0,39359532.0,20230000.0,0.0428218487394958,603319
2017-04-14,45.15,48.0,44.2,46.01,1474740.0,67726783.0,20230000.0,0.0728986653484923,603319
2017-04-17,44.0,44.86,42.02,42.21,1747814.0,74609645.0,20230000.0,0.0863971329708354,603319
2017-04-18,42.42,42.88,41.1,41.78,1063461.0,44752618.0,20230000.0,0.0525685121107266,603319
2017-04-19,41.78,44.0,40.8,43.2,1552619.0,66267595.0,20230000.0,0.0767483440434997,603319
2017-04-20,42.72,43.45,41.53,42.44,845704.0,36074344.0,20230000.0,0.0418044488383588,603319
2017-04-21,42.38,42.68,41.55,41.6,557800.0,23431384.0,20230000.0,0.0275729115175481,603319
2017-04-24,41.47,41.6,38.6,39.34,1166591.0,46194008.0,20230000.0,0.0576663865546218,603319
2017-04-25,39.82,40.2,39.36,39.8,723094.0,28797388.0,20230000.0,0.0357436480474542,603319
2017-04-26,39.7,40.77,39.48,40.27,641000.0,25836635.0,20230000.0,0.0316856154226396,603319
2017-04-27,40.27,42.39,39.75,42.19,1237168.0,50907487.0,20230000.0,0.0611551161641127,603319
2017-04-28,42.0,42.09,41.21,41.62,789000.0,32866607.0,20230000.0,0.0390014829461196,603319
2017-05-02,41.87,43.48,41.87,42.29,1492304.0,63634194.0,20230000.0,0.073766880869995,603319
2017-05-03,42.07,43.0,41.6,42.28,1777594.0,75279033.0,20230000.0,0.0878692041522491,603319
2017-05-04,42.3,42.48,40.52,41.05,1157651.0,47768321.0,20230000.0,0.0572244686109738,603319
2017-05-05,40.9,41.67,40.62,40.67,795046.0,32721144.0,20230000.0,0.0393003460207612,603319
2017-05-08,40.5,41.35,39.71,39.8,683482.0,27749019.0,20230000.0,0.0337855659911023,603319
2017-05-09,40.09,40.97,39.21,40.66,743182.0,29944634.0,20230000.0,0.0367366287691547,603319
2017-05-10,40.68,41.18,40.2,40.31,1145146.0,46706428.0,20230000.0,0.056606327236777,603319
2017-05-11,39.88,40.95,39.5,40.93,799761.0,32159357.0,20230000.0,0.0395334157192288,603319
2017-05-12,40.92,41.28,40.45,40.91,603579.0,24682056.0,20230000.0,0.0298358378645575,603319
2017-05-15,40.91,41.29,40.4,40.41,417421.0,17010911.0,20230000.0,0.0206337617399901,603319
2017-05-16,40.3,41.46,39.7,41.43,826322.0,33536533.0,20230000.0,0.0408463667820069,603319
2017-05-17,41.43,42.89,41.43,41.96,1017282.0,42837148.0,20230000.0,0.0502858131487889,603319
2017-05-18,41.68,42.48,41.3,41.89,710851.0,29834837.0,20230000.0,0.0351384577360355,603319
2017-05-19,41.9,42.36,41.39,41.91,492985.0,20618425.0,20230000.0,0.0243690064260998,603319
2017-05-22,41.93,42.05,39.83,39.86,752367.0,30563983.0,20230000.0,0.0371906574394463,603319
2017-05-23,39.6,39.72,36.12,37.0,1186813.0,44954180.0,20230000.0,0.0586659911023232,603319
2017-05-24,36.6,37.77,35.81,37.38,673656.0,24824031.0,20230000.0,0.033299851705388,603319
2017-05-25,37.7,37.74,36.0,37.27,641857.0,23687747.0,20230000.0,0.0317279782501235,603319
2017-05-26,37.0,37.78,36.9,37.16,543303.0,20277322.0,20230000.0,0.0268563025210084,603319
2017-05-31,38.0,38.86,37.01,37.08,703444.0,26621462.0,20230000.0,0.0347723183391003,603319
2017-06-01,36.85,37.1,33.54,35.2,944706.0,33609039.0,20230000.0,0.0466982698961937,603319
2017-06-02,34.5,36.3,34.05,36.01,611816.0,21657919.0,20230000.0,0.0302430054374691,603319
2017-06-05,36.31,36.77,36.02,36.37,417682.0,15226729.0,20230000.0,0.0206466633712308,603319
2017-06-06,36.37,36.69,35.8,36.65,307285.0,11136244.0,20230000.0,0.0151895699456253,603319
2017-06-07,36.33,38.5,36.33,38.03,836082.0,31569446.0,20230000.0,0.041328818586258,603319
2017-06-08,37.8,39.8,37.66,38.01,932500.0,35797492.0,20230000.0,0.0460949085516559,603319
2017-06-09,37.9,38.39,37.41,38.27,645109.0,24520244.0,20230000.0,0.0318887296094908,603319
2017-06-12,37.96,37.96,36.98,37.01,704379.0,26403511.0,20230000.0,0.0348185368264953,603319
2017-06-13,36.7,39.24,36.7,38.94,1118767.0,43047758.0,20230000.0,0.0553023727137913,603319
2017-06-14,38.94,42.83,38.41,40.96,4194251.0,174014309.0,20230000.0,0.2073282748393475,603319
2017-06-15,40.5,43.35,40.0,42.51,3612099.0,151599895.0,20230000.0,0.1785516065249629,603319
2017-06-16,42.03,43.8,41.6,42.89,3034391.0,129649128.0,20230000.0,0.149994611962432,603319
2017-06-19,42.5,45.0,42.02,44.16,4168115.0,181964277.0,20230000.0,0.2060363321799308,603319
2017-06-20,44.23,46.5,43.2,44.49,4849927.0,215808730.0,20230000.0,0.2397393475037073,603319
2017-06-21,44.01,44.97,42.24,42.53,2668482.0,115029880.0,20230000.0,0.1319071675729115,603319
2017-06-22,42.13,42.54,40.53,40.81,1990534.0,82728647.0,20230000.0,0.0983951557093425,603319
2017-06-23,40.91,43.48,40.39,42.86,2610140.0,109311991.0,20230000.0,0.1290232328225407,603319
2017-06-26,42.9,44.86,42.53,44.52,3949340.0,172791211.0,20230000.0,0.1952219476025704,603319
2017-06-27,44.05,45.98,43.8,45.72,4534700.0,204486307.0,20230000.0,0.2241571922886801,603319
2017-06-28,45.35,46.65,44.06,44.5,3117441.0,141111003.0,20230000.0,0.1540999011369253,603319
2017-06-29,44.46,46.48,42.9,42.95,4144064.0,184836621.0,20230000.0,0.2048474542758279,603319
2017-06-30,43.2,43.3,42.0,42.75,1728320.0,73839902.0,20230000.0,0.0854335145823035,603319
2017-07-03,42.59,44.3,42.58,44.2,2837338.0,123891103.0,20230000.0,0.1402539792387543,603319
2017-07-04,44.01,44.49,43.08,43.43,2119164.0,92905299.0,20230000.0,0.1047535343549184,603319
2017-07-05,43.43,44.0,42.9,43.56,1312294.0,56941460.0,20230000.0,0.0648687098368759,603319
2017-07-06,43.58,43.75,41.15,42.06,2269542.0,96606362.0,20230000.0,0.1121869500741473,603319
2017-07-07,41.5,43.85,41.5,43.0,3128937.0,135061828.0,20230000.0,0.1546681660899654,603319
2017-07-10,42.7,42.92,40.89,41.48,1836482.0,76367671.0,20230000.0,0.090780128521997,603319
2017-07-11,41.0,42.86,41.0,42.72,1898389.0,80115927.0,20230000.0,0.0938402867029164,603319
2017-07-12,42.75,43.72,41.62,43.69,2986216.0,128846852.0,20230000.0,0.1476132476520019,603319
2017-07-13,43.79,44.88,43.3,44.39,3143963.0,139129998.0,20230000.0,0.1554109243697479,603319
2017-07-14,43.98,45.3,43.3,43.69,2208845.0,98168924.0,20230000.0,0.109186604053386,603319
2017-07-17,43.51,44.0,39.32,41.87,2128276.0,88530117.0,20230000.0,0.1052039545229856,603319
2017-07-18,41.3,41.97,40.33,41.12,1032230.0,42402950.0,20230000.0,0.0510247157686604,603319
2017-07-19,41.0,42.21,41.0,41.64,1834503.0,76329738.0,20230000.0,0.0906823035096391,603319
2017-07-20,41.42,42.15,40.43,40.88,1635827.0,67821701.0,20230000.0,0.0808614434008897,603319
2017-07-21,40.97,42.6,39.73,40.62,2289041.0,94546208.0,20230000.0,0.1131508156203657,603319
2017-07-24,40.2,40.86,39.57,39.82,2579771.0,103269242.0,20230000.0,0.127522046465645,603319
2017-07-25,39.7,39.9,38.0,38.15,2330800.0,91387454.0,20230000.0,0.1152150271873455,603319
2017-07-26,38.15,38.18,36.68,37.51,1305560.0,48736240.0,20230000.0,0.0645358378645575,603319
2017-07-27,37.45,38.6,36.8,37.86,1527384.0,57722212.0,20230000.0,0.0755009391992091,603319
2017-07-28,37.87,37.98,37.01,37.17,786800.0,29613832.0,20230000.0,0.0388927335640138,603319
2017-07-31,37.17,37.76,37.06,37.43,2172209.0,81284708.0,20230000.0,0.1073756302521008,603319
2017-08-01,37.15,37.85,36.06,36.57,1986877.0,73199021.0,20230000.0,0.0982143845773603,603319
2017-08-02,36.37,36.67,35.0,35.7,1507282.0,53546997.0,20230000.0,0.0745072664359861,603319
2017-08-03,35.57,36.27,35.31,35.91,890803.0,31930161.0,20230000.0,0.0440337617399901,603319
2017-08-04,35.86,35.86,35.32,35.45,780100.0,27718215.0,20230000.0,0.0385615422639644,603319
2017-08-07,35.11,35.88,35.11,35.5,441950.0,15691622.0,20230000.0,0.0218462679189322,603319
2017-08-08,35.33,35.58,35.06,35.43,572706.0,20232086.0,20230000.0,0.0283097380128522,603319
2017-08-09,35.49,35.49,35.1,35.25,423929.0,14929375.0,20230000.0,0.0209554621848739,603319
2017-08-10,35.34,35.86,35.12,35.63,1070582.0,38039609.0,20230000.0,0.0529205140879881,603319
2017-08-11,35.79,35.96,35.32,35.55,782000.0,27893474.0,20230000.0,0.0386554621848739,603319
2017-08-14,35.58,36.59,35.41,36.54,1052843.0,38001628.0,20230000.0,0.0520436480474542,603319
2017-08-15,36.69,36.7,35.85,36.2,1095500.0,39585990.0,20230000.0,0.054152249134948,603319
2017-08-16,36.2,36.55,35.72,36.32,987050.0,35728036.0,20230000.0,0.0487913989125061,603319
2017-08-17,36.13,36.34,35.67,35.9,736100.0,26479661.0,20230000.0,0.0363865546218487,603319
2017-08-18,35.8,36.1,35.35,35.51,613200.0,21939640.0,20230000.0,0.0303114186851211,603319
2017-08-21,36.31,37.5,36.16,37.2,1768328.0,65130236.0,20230000.0,0.0874111715274345,603319
2017-08-22,36.91,37.17,36.56,37.0,1229257.0,45293031.0,20230000.0,0.0607640632723677,603319
2017-08-23,37.01,37.2,36.57,36.64,613257.0,22554241.0,20230000.0,0.0303142362827483,603319
2017-08-24,36.5,36.8,36.0,36.02,606550.0,21974648.0,20230000.0,0.0299826989619377,603319
2017-08-25,36.03,37.82,36.03,37.38,1641528.0,60839781.0,20230000.0,0.0811432525951557,603319
2017-08-28,37.19,38.44,37.19,37.9,1891628.0,71352789.0,20230000.0,0.0935060800790904,603319
2017-08-29,37.68,38.3,37.56,37.78,1282153.0,48648365.0,20230000.0,0.0633787938704893,603319
2017-08-30,37.58,37.78,37.4,37.54,771457.0,28968032.0,20230000.0,0.0381343054869006,603319
2017-08-31,37.55,38.42,37.5,38.24,1176350.0,44685698.0,20230000.0,0.0581487889273356,603319
2017-09-01,38.4,38.46,37.32,37.83,943252.0,35733823.0,20230000.0,0.0466263964409293,603319
2017-09-04,37.97,38.1,37.41,37.61,785500.0,29611994.0,20230000.0,0.0388284725654967,603319
2017-09-05,37.49,37.8,37.41,37.59,550564.0,20678859.0,20230000.0,0.0272152249134948,603319
2017-09-06,37.6,37.6,37.06,37.27,766850.0,28532876.0,20230000.0,0.0379065743944636,603319
2017-09-07,37.17,38.95,37.17,38.42,2226277.0,85359897.0,20230000.0,0.1100482946119624,603319
2017-09-08,38.35,38.9,38.14,38.42,1205998.0,46447081.0,20230000.0,0.059614335145823,603319
2017-09-11,38.0,38.65,37.9,38.64,924117.0,35455111.0,20230000.0,0.0456805239742956,603319
2017-09-12,38.64,38.68,37.21,37.42,1360900.0,51427122.0,20230000.0,0.0672713791398912,603319
2017-09-13,37.25,37.55,36.77,37.2,904047.0,33576820.0,20230000.0,0.0446884330202669,603319
2017-09-14,37.3,38.16,37.14,37.49,825075.0,31005966.0,20230000.0,0.0407847256549678,603319
2017-09-15,37.47,37.52,36.82,37.13,531987.0,19773503.0,20230000.0,0.0262969352446861,603319
2017-09-18,37.28,37.28,36.55,36.86,554578.0,20377626.0,20230000.0,0.0274136431043005,603319
2017-09-19,36.96,37.38,36.77,37.23,567711.0,21072319.0,20230000.0,0.0280628274839347,603319
2017-09-20,37.41,38.15,37.21,38.13,1231420.0,46634906.0,20230000.0,0.0608709836875926,603319
2017-09-21,38.02,38.13,37.2,37.41,677647.0,25602216.0,20230000.0,0.0334971329708353,603319
2017-09-22,37.28,37.46,36.7,37.32,501648.0,18656426.0,20230000.0,0.02479723183391,603319
2017-09-25,37.38,38.32,37.13,38.24,1493171.0,56799732.0,20230000.0,0.0738097380128522,603319
2017-09-26,38.0,38.56,36.85,37.29,1064119.0,40044135.0,20230000.0,0.0526010380622837,603319
2017-09-27,36.84,37.77,36.84,37.43,689000.0,25704973.0,20230000.0,0.0340583292140385,603319
2017-09-28,37.47,38.61,37.08,37.83,1323709.0,50361263.0,20230000.0,0.0654329708353929,603319
2017-09-29,37.81,39.5,37.81,39.02,2010823.0,78464189.0,20230000.0,0.0993980721700444,603319
2017-10-09,39.45,40.68,39.02,39.75,1739300.0,69268371.0,20230000.0,0.085976272862086,603319
2017-10-10,39.7,39.71,38.81,39.66,1078845.0,42398336.0,20230000.0,0.0533289668808699,603319
2017-10-11,39.45,40.31,39.0,39.24,895749.0,35476303.0,20230000.0,0.0442782501235788,603319
2017-10-12,39.0,39.6,38.75,38.97,616458.0,24075505.0,20230000.0,0.0304724666337123,603319
2017-10-13,39.14,39.66,38.72,39.44,980807.0,38365015.0,20230000.0,0.0484827978250123,603319
2017-10-16,39.38,39.38,37.5,37.56,1152673.0,43848653.0,20230000.0,0.0569783984181908,603319
2017-10-17,36.88,37.75,36.88,37.32,642380.0,24080571.0,20230000.0,0.0317538309441423,603319
2017-10-18,37.23,37.63,36.68,36.98,754231.0,28023358.0,20230000.0,0.0372827978250123,603319
2017-10-19,37.09,37.18,36.0,36.5,652432.0,23823140.0,20230000.0,0.0322507167572911,603319
2017-10-20,36.07,36.8,36.07,36.6,325200.0,11900901.0,20230000.0,0.0160751359367276,603319
2017-10-23,36.55,36.96,36.55,36.88,329969.0,12156908.0,20230000.0,0.0163108749382105,603319
2017-10-24,36.8,40.1,36.8,38.84,1637051.0,62631761.0,20230000.0,0.0809219476025704,603319
2017-10-25,38.8,39.98,38.6,39.41,1685874.0,66383276.0,20230000.0,0.0833353435491843,603319
2017-10-26,38.9,41.18,38.9,41.02,3666837.0,149505852.0,20230000.0,0.1812573900148294,603319
2017-10-27,40.9,40.99,40.0,40.07,3209073.0,130577606.0,20230000.0,0.1586294117647058,603319
2017-10-30,40.02,41.49,40.02,40.28,3905981.0,159566265.0,20230000.0,0.1930786455758774,603319
2017-10-31,39.34,43.0,38.63,41.42,4203597.0,174975930.0,20230000.0,0.2077902619871478,603319
2017-11-01,41.56,41.56,40.68,40.84,3261290.0,133665075.0,20230000.0,0.1612105783489866,603319
2017-11-02,40.9,41.13,39.85,39.91,2887037.0,117732070.0,20230000.0,0.1427106772120613,603319
2017-11-03,39.52,40.5,38.63,39.28,1916011.0,75484212.0,20230000.0,0.0947113692535837,603319
2017-11-06,39.24,40.82,39.24,40.62,5095288.0,205739897.0,20230000.0,0.2518679189322788,603319
2017-11-07,40.01,40.58,38.65,39.09,4352329.0,172419112.0,20230000.0,0.2151423133959466,603319
2017-11-08,39.08,39.55,38.65,38.7,3143163.0,122792876.0,20230000.0,0.1553713791398912,603319
2017-11-09,38.71,39.27,37.79,38.84,2832838.0,109052491.0,20230000.0,0.1400315373208106,603319
2017-11-10,38.58,38.89,38.13,38.16,1879300.0,72383241.0,20230000.0,0.0928966880869995,603319
2017-11-13,38.0,38.79,37.99,38.62,1348563.0,51756411.0,20230000.0,0.0666615422639644,603319
2017-11-14,38.6,39.84,38.57,39.47,2406382.0,94785972.0,20230000.0,0.118951161641127,603319
2017-11-15,39.06,39.42,38.1,38.38,1343100.0,51820341.0,20230000.0,0.0663914977755808,603319
2017-11-16,38.3,38.3,36.58,36.86,1655117.0,61879620.0,20230000.0,0.0818149777558082,603319
2017-11-17,36.54,36.66,33.17,33.17,3006248.0,103051889.0,20230000.0,0.1486034602076124,603319
2017-11-20,32.38,33.35,31.66,32.81,1522234.0,49008658.0,20230000.0,0.0752463667820069,603319
2017-11-21,32.51,32.69,31.53,31.97,1157823.0,37213271.0,20230000.0,0.0572329708353929,603319
2017-11-22,31.9,32.27,31.66,31.81,776400.0,24780966.0,20230000.0,0.0383786455758774,603319
2017-11-23,31.7,31.95,30.11,30.15,1234300.0,38066872.0,20230000.0,0.0610133465150766,603319
2017-11-24,29.71,30.24,29.45,29.55,980523.0,29225325.0,20230000.0,0.0484687592684132,603319
2017-11-27,29.63,29.63,28.51,28.85,719999.0,20946745.0,20230000.0,0.0355906574394463,603319
2017-11-28,28.94,29.29,28.88,29.18,680500.0,19825583.0,20230000.0,0.0336381611468116,603319
2017-11-29,29.2,30.2,29.2,29.74,1074799.0,31993619.0,20230000.0,0.0531289668808699,603319
2017-11-30,29.6,31.88,29.46,30.81,2348256.0,71913521.0,56680284.0,0.0414298559266216,603319
2017-12-01,30.12,30.84,30.12,30.61,1009344.0,30806829.0,56680284.0,0.0178076736524467,603319
2017-12-04,30.45,31.0,28.98,29.09,1334144.0,40057231.0,56680284.0,0.0235380613124662,603319
2017-12-05,28.99,29.29,27.8,28.15,1382700.0,39369904.0,56680284.0,0.0243947260391285,603319
2017-12-06,28.15,28.58,27.81,28.5,830300.0,23465705.0,56680284.0,0.0146488327404993,603319
2017-12-07,28.39,29.0,28.2,28.87,765900.0,22051738.0,56680284.0,0.0135126351872195,603319
2017-12-08,28.73,29.88,28.73,29.6,848500.0,25017026.0,56680284.0,0.0149699320490349,603319
2017-12-11,29.7,30.26,29.6,29.97,848217.0,25505771.0,56680284.0,0.0149649391312153,603319
2017-12-12,30.04,30.04,28.83,28.86,727850.0,21318193.0,56680284.0,0.0128413259185504,603319
2017-12-13,28.65,29.68,28.65,29.53,470900.0,13738357.0,56680284.0,0.0083080035378792,603319
2017-12-14,29.6,29.92,29.21,29.45,400700.0,11788737.0,56680284.0,0.0070694776335277,603319
2017-12-15,29.55,29.55,29.02,29.18,358000.0,10472239.0,56680284.0,0.0063161292558096,603319
2017-12-18,29.24,29.63,29.12,29.4,419900.0,12326408.0,56680284.0,0.0074082197612136,603319
2017-12-19,29.34,29.86,29.24,29.78,568000.0,16865687.0,56680284.0,0.0100211212773739,603319
2017-12-20,29.78,29.85,29.18,29.26,381000.0,11211792.0,56680284.0,0.0067219140962667,603319
2017-12-21,29.01,29.3,28.42,28.99,510154.0,14743158.0,56680284.0,0.0090005547608053,603319
2017-12-22,28.88,29.18,28.75,28.94,397376.0,11521284.0,56680284.0,0.0070108329026721,603319
2017-12-25,28.96,29.29,28.58,28.95,550032.0,15957144.0,56680284.0,0.0097041151028812,603319
2017-12-26,29.14,29.84,28.81,29.7,1063600.0,31403925.0,56680284.0,0.0187649024482657,603319
2017-12-27,29.73,29.83,29.42,29.48,650800.0,19306539.0,56680284.0,0.0114819467030193,603319
2017-12-28,29.4,29.86,29.39,29.6,735382.0,21814746.0,56680284.0,0.0129742116323905,603319
2017-12-29,29.5,29.84,29.42,29.76,914300.0,27150496.0,56680284.0,0.016130829549125,603319
2018-01-02,29.84,29.96,29.5,29.79,679670.0,20229609.0,56680284.0,0.0119912948918886,603319
2018-01-03,29.77,29.92,29.5,29.85,728016.0,21630661.0,56680284.0,0.0128442546265293,603319
2018-01-04,29.79,29.85,29.56,29.66,599844.0,17817008.0,56680284.0,0.0105829392103963,603319
2018-01-05,29.58,29.82,29.51,29.55,605870.0,17954717.0,56680284.0,0.010689254838596,603319
2018-01-08,29.49,29.53,28.87,29.16,797100.0,23161318.0,56680284.0,0.0140630911447091,603319
2018-01-09,29.12,29.64,28.93,29.61,784903.0,23019053.0,56680284.0,0.0138479016795328,603319
2018-01-10,29.55,29.55,28.77,29.0,599300.0,17419423.0,56680284.0,0.0105733415167785,603319
2018-01-11,28.78,29.54,28.66,29.51,812900.0,23807218.0,56680284.0,0.0143418476872839,603319
2018-01-12,29.61,29.61,29.01,29.17,400800.0,11736259.0,56680284.0,0.0070712419154427,603319
2018-01-15,29.1,29.49,28.37,28.53,774700.0,22345398.0,56680284.0,0.0136678919957422,603319
2018-01-16,28.24,28.95,28.24,28.89,487905.0,14020413.0,56680284.0,0.0086080196775301,603319
2018-01-17,28.8,29.5,28.61,29.46,817300.0,23820625.0,56680284.0,0.0144194760915453,603319
2018-01-18,29.49,31.48,29.27,30.17,1507687.0,45568473.0,56680284.0,0.0265998490762678,603319
2018-01-19,30.01,30.47,29.76,29.98,838800.0,25267165.0,56680284.0,0.0147987967032769,603319
2018-01-22,29.22,29.59,28.86,29.42,893187.0,26086744.0,56680284.0,0.0157583367084046,603319
2018-01-23,29.4,30.4,29.06,30.1,965300.0,28913004.0,56680284.0,0.0170306133257906,603319
2018-01-24,33.11,33.11,33.11,33.11,2027280.0,67123241.0,56680284.0,0.0357669344070329,603319
2018-01-25,33.11,33.88,32.65,32.66,4697221.0,156223775.0,56680284.0,0.0828722206120209,603319
2018-01-26,32.35,32.55,31.4,31.98,2382539.0,75939185.0,56680284.0,0.0420347046955516,603319
2018-01-29,32.0,32.33,31.42,31.52,1151100.0,36618865.0,56680284.0,0.0203086491239175,603319
2018-01-30,31.43,31.99,31.42,31.72,820400.0,25997420.0,56680284.0,0.0144741688309112,603319
2018-01-31,31.5,31.78,30.46,30.57,1418500.0,44102908.0,56680284.0,0.0250263389647094,603319
2018-02-01,30.35,31.36,30.15,30.59,1042003.0,31935791.0,56680284.0,0.0183838704830766,603319
2018-02-02,30.45,30.45,28.33,28.55,1927230.0,56209093.0,56680284.0,0.0340017703510448,603319
2018-02-05,28.02,28.46,27.5,28.33,1330464.0,37218976.0,56680284.0,0.0234731357379931,603319
2018-02-06,27.68,28.27,26.6,26.69,882053.0,24224768.0,56680284.0,0.0155619015599851,603319
2018-02-07,27.12,27.82,26.21,27.44,867600.0,23619317.0,56680284.0,0.0153069098948057,603319
2018-02-08,27.1,27.95,27.06,27.64,537300.0,14833103.0,56680284.0,0.0094794867294595,603319
2018-02-09,27.0,27.7,26.67,27.03,701853.0,19029347.0,56680284.0,0.0123826655490999,603319
2018-02-12,27.08,28.08,27.08,27.6,658200.0,18186619.0,56680284.0,0.0116125035647316,603319
2018-02-13,27.76,28.16,27.68,27.83,577200.0,16109709.0,56680284.0,0.0101834352135567,603319
2018-02-14,27.73,28.08,27.68,28.05,302600.0,8438485.0,56680284.0,0.0053387170748826,603319
2018-02-22,28.25,28.3,27.87,28.19,463900.0,13045548.0,56680284.0,0.008184503803827,603319
2018-02-23,28.01,28.35,27.94,28.24,345982.0,9732969.0,56680284.0,0.0061040978552612,603319
2018-02-26,28.5,29.12,28.41,28.95,776464.0,22289579.0,56680284.0,0.0136990139287234,603319
2018-02-27,28.86,29.94,28.52,29.4,972382.0,28668826.0,56680284.0,0.0171555597710131,603319
2018-02-28,29.4,30.0,28.92,29.71,933064.0,27657377.0,56680284.0,0.0164618794076614,603319
2018-03-01,29.5,29.85,29.37,29.75,567300.0,16832615.0,56680284.0,0.0100087713039687,603319
2018-03-02,29.64,30.2,29.53,29.72,601903.0,17951913.0,56680284.0,0.0106192657750268,603319
2018-03-05,29.66,29.85,29.3,29.63,547282.0,16149146.0,56680284.0,0.0096555973502179,603319
2018-03-06,29.99,30.49,29.65,29.74,1047323.0,31395336.0,56680284.0,0.0184777302809562,603319
2018-03-07,29.7,30.0,29.42,29.46,592900.0,17575275.0,56680284.0,0.0104604274742166,603319
2018-03-08,29.6,30.16,29.42,29.93,942300.0,28120024.0,56680284.0,0.0166248284853336,603319
2018-03-09,30.09,31.35,29.8,30.86,1595112.0,48812511.0,56680284.0,0.0281422725404833,603319
2018-03-12,31.01,31.1,30.66,30.89,887000.0,27363244.0,56680284.0,0.0156491805863216,603319
2018-03-13,30.91,30.92,30.38,30.39,774753.0,23711276.0,56680284.0,0.0136688270651572,603319
2018-03-14,30.0,30.28,29.72,29.82,725900.0,21754615.0,56680284.0,0.0128069224212073,603319
2018-03-15,29.82,29.9,28.69,29.22,1023556.0,29945400.0,56680284.0,0.0180584133982109,603319
2018-03-16,29.23,29.78,29.09,29.32,464356.0,13626698.0,56680284.0,0.0081925489293596,603319
2018-03-19,29.11,29.58,28.8,29.33,822400.0,24080145.0,56680284.0,0.0145094544692119,603319
2018-03-20,29.09,29.56,28.88,29.53,674200.0,19770696.0,56680284.0,0.0118947886711365,603319
2018-03-21,29.53,30.58,29.42,29.45,1017500.0,30455678.0,56680284.0,0.0179515684854366,603319
2018-03-22,29.5,29.92,29.2,29.82,807200.0,23894922.0,56680284.0,0.0142412836181272,603319
2018-03-23,29.0,29.1,27.51,27.63,1295200.0,36780099.0,56680284.0,0.0228509793634767,603319
2018-03-26,26.82,28.3,26.77,28.2,691956.0,19002163.0,56680284.0,0.0122080545679693,603319
2018-03-27,28.38,29.17,28.26,28.95,741612.0,21400410.0,56680284.0,0.0130841263956969,603319
2018-03-28,28.54,29.29,28.15,29.04,640442.0,18539987.0,56680284.0,0.0112992023822604,603319
2018-03-29,29.05,29.84,28.7,29.56,758918.0,22411146.0,56680284.0,0.0133894530239121,603319
2018-03-30,29.75,30.11,29.22,30.09,971900.0,29067215.0,56680284.0,0.0171470559321826,603319
2018-04-02,29.9,30.29,29.9,30.09,927000.0,27887692.0,56680284.0,0.0163548933523339,603319
2018-04-03,29.5,29.99,29.5,29.95,530000.0,15774977.0,56680284.0,0.0093506941496623,603319
2018-04-04,30.18,31.5,30.07,30.39,2177500.0,67054729.0,56680284.0,0.0384172386997919,603319
2018-04-09,30.38,30.98,30.21,30.9,1586917.0,48638548.0,56680284.0,0.0279976896375466,603319
2018-04-10,30.58,30.7,29.7,30.19,1631598.0,49189383.0,56680284.0,0.0287859884400014,603319
2018-04-11,30.48,30.87,30.27,30.68,1252498.0,38359296.0,56680284.0,0.0220975957001203,603319
2018-04-12,30.81,31.2,30.37,30.66,948998.0,29209150.0,56680284.0,0.0167430000880023,603319
2018-04-13,30.65,31.09,30.46,30.64,1033398.0,31828314.0,56680284.0,0.0182320540242882,603319
2018-04-16,30.61,30.95,29.93,30.2,838600.0,25551799.0,56680284.0,0.0147952681394468,603319
2018-04-17,30.21,30.95,30.1,30.17,1321205.0,40341012.0,56680284.0,0.0233097808754804,603319
2018-04-18,30.3,30.55,28.5,30.17,1014000.0,30130118.0,56680284.0,0.0178898186184105,603319
2018-04-19,30.0,30.77,29.88,30.73,1106898.0,33778296.0,56680284.0,0.0195288012318357,603319
2018-04-20,30.41,30.73,29.82,30.01,1068480.0,32232149.0,56680284.0,0.0188509994057192,603319
2018-04-23,28.84,28.84,27.35,27.72,1774600.0,50004142.0,56680284.0,0.0313089468641335,603319
2018-04-24,27.9,28.44,27.4,28.36,963600.0,27151188.0,56680284.0,0.0170006205332351,603319
2018-04-25,28.27,28.71,27.81,28.36,963300.0,27264554.0,56680284.0,0.01699532768749,603319
2018-04-26,28.3,28.44,27.51,27.79,669800.0,18755716.0,56680284.0,0.0118171602668751,603319
2018-04-27,27.8,28.38,27.79,27.94,744300.0,20821961.0,56680284.0,0.0131315502935729,603319
2018-05-02,27.78,28.26,27.6,27.74,578205.0,16090764.0,56680284.0,0.0102011662468028,603319
2018-05-03,27.74,28.17,27.4,27.98,506700.0,14113219.0,56680284.0,0.0089396164634602,603319
2018-05-04,28.0,28.24,27.71,27.87,382905.0,10702453.0,56680284.0,0.006755523666748,603319
2018-05-07,28.02,28.55,27.93,28.52,916400.0,25979292.0,56680284.0,0.0161678794693406,603319
2018-05-08,28.64,28.64,28.34,28.5,673600.0,19199809.0,56680284.0,0.0118842029796463,603319
2018-05-09,28.52,29.07,28.5,29.01,1187605.0,34247939.0,56680284.0,0.0209527002369995,603319
2018-05-10,28.92,29.19,28.65,29.05,701800.0,20309013.0,56680284.0,0.0123817304796849,603319
2018-05-11,29.05,29.1,28.52,28.77,798800.0,23009253.0,56680284.0,0.0140930839372646,603319
2018-05-14,28.46,28.87,28.31,28.75,504900.0,14479179.0,56680284.0,0.0089078593889896,603319
2018-05-15,28.61,29.13,28.41,29.12,823451.0,23794750.0,56680284.0,0.0145279970721388,603319
2018-05-16,29.1,29.1,28.57,28.75,883446.0,25454158.0,56680284.0,0.0155864780070615,603319
2018-05-17,28.78,29.01,28.62,28.99,435100.0,12547941.0,56680284.0,0.0076763906122982,603319
2018-05-18,29.0,29.08,28.73,28.94,471900.0,13652685.0,56680284.0,0.0083256463570295,603319
2018-05-21,29.18,29.7,28.86,29.61,1743805.0,51220174.0,56680284.0,0.0307656362483998,603319
2018-05-22,29.5,29.77,29.33,29.65,816405.0,24059653.0,56680284.0,0.0144036857684058,603319
2018-05-23,29.64,30.19,29.37,29.5,1038200.0,30942151.0,56680284.0,0.018316774841848,603319
2018-05-24,29.55,29.99,29.43,29.52,954600.0,28368063.0,56680284.0,0.0168418351608823,603319
2018-05-25,29.54,30.72,29.2,30.03,2199500.0,66359630.0,56680284.0,0.0388053807210987,603319
2018-05-28,30.03,30.52,29.67,29.82,1174903.0,35167727.0,56680284.0,0.0207286011481523,603319
2018-05-29,29.35,29.63,29.05,29.17,1023298.0,30030581.0,56680284.0,0.0180538615508701,603319
2018-05-30,28.8,28.8,27.48,27.86,1328200.0,37139151.0,56680284.0,0.0234331923954368,603319
2018-05-31,27.61,28.2,27.48,27.99,988899.0,27374974.0,56680284.0,0.0174469662149187,603319
2018-06-01,27.8,28.23,27.65,27.87,626407.0,17467654.0,56680284.0,0.0110515854154859,603319
2018-06-04,27.97,28.14,27.71,27.93,349100.0,9729295.0,56680284.0,0.0061591081653719,603319
2018-06-05,27.76,28.28,27.76,28.23,490704.0,13774287.0,56680284.0,0.0086574019283319,603319
2018-06-06,28.18,28.36,28.03,28.26,470502.0,13262699.0,56680284.0,0.0083009816958574,603319
2018-06-07,28.25,28.38,27.97,28.22,488400.0,13762647.0,56680284.0,0.0086167528730095,603319
2018-06-08,28.05,28.25,27.55,27.77,566200.0,15708455.0,56680284.0,0.0099893642029034,603319
2018-06-11,27.84,28.08,27.4,27.85,500598.0,13927645.0,56680284.0,0.008831959981005,603319
2018-06-12,27.35,27.82,27.01,27.79,758700.0,20781357.0,56680284.0,0.0133856068893373,603319
2018-06-13,27.52,27.75,27.15,27.32,381000.0,10452740.0,56680284.0,0.0067219140962667,603319
2018-06-14,27.45,27.52,27.14,27.23,361900.0,9902665.0,56680284.0,0.0063849362504958,603319
2018-06-15,27.15,27.5,26.19,26.47,676000.0,18013633.0,56680284.0,0.011926545745607,603319
2018-06-19,25.5,26.47,23.92,24.58,946346.0,23702162.0,56680284.0,0.0166962113316157,603319
2018-06-20,24.64,25.05,24.2,24.74,547500.0,13524532.0,56680284.0,0.0096594434847927,603319
2018-06-21,25.0,25.49,24.15,24.22,774935.0,19150745.0,56680284.0,0.0136720380582426,603319
2018-06-22,23.88,24.72,23.88,24.51,374600.0,9157443.0,56680284.0,0.0066090000537047,603319
2018-06-25,25.2,25.2,24.49,24.57,378600.0,9345286.0,56680284.0,0.0066795713303059,603319
2018-06-26,24.0,24.94,24.0,24.82,342335.0,8445404.0,56680284.0,0.0060397544938201,603319
2018-06-27,24.71,24.98,24.65,24.79,305700.0,7580138.0,56680284.0,0.0053934098142486,603319
2018-06-28,24.65,25.0,24.18,24.5,391900.0,9677932.0,56680284.0,0.006914220825005,603319
2018-06-29,24.5,25.37,24.5,25.24,624900.0,15601932.0,56680284.0,0.0110249976870264,603319
2018-07-02,25.06,25.22,24.55,24.82,520135.0,12968691.0,56680284.0,0.0091766477387445,603319
2018-07-03,24.82,25.22,24.6,25.15,569000.0,14195709.0,56680284.0,0.0100387640965242,603319
2018-07-04,25.1,25.1,24.32,24.59,455300.0,11251951.0,56680284.0,0.0080327755591344,603319
2018-07-05,24.48,24.72,23.91,24.09,428700.0,10407475.0,56680284.0,0.0075634765697363,603319
2018-07-06,24.28,24.35,23.7,24.15,573300.0,13845511.0,56680284.0,0.0101146282188706,603319
2018-07-09,24.3,24.65,24.18,24.6,410700.0,10020447.0,56680284.0,0.0072459058250307,603319
2018-07-10,24.6,25.03,24.6,24.98,510100.0,12694786.0,56680284.0,0.0089996020485712,603319
2018-07-11,24.53,24.75,23.98,24.41,469600.0,11452677.0,56680284.0,0.0082850678729838,603319
2018-07-12,24.12,25.05,24.12,24.99,560700.0,13924716.0,56680284.0,0.0098923286975767,603319
2018-07-13,25.1,25.1,24.8,24.93,347700.0,8677102.0,56680284.0,0.0061344082185615,603319
2018-07-16,25.04,25.04,24.72,24.82,332800.0,8253451.0,56680284.0,0.0058715302132219,603319
2018-07-17,25.0,25.69,24.88,25.43,903700.0,22938450.0,56680284.0,0.0159438156661318,603319
2018-07-18,25.26,25.48,25.09,25.25,525000.0,13272519.0,56680284.0,0.0092624800539108,603319
2018-07-19,25.12,25.28,24.86,24.98,425821.0,10637995.0,56680284.0,0.0075126828934025,603319
2018-07-20,24.75,25.25,24.7,25.19,383834.0,9598581.0,56680284.0,0.0067719138457386,603319
2018-07-23,25.13,25.71,25.01,25.54,466775.0,11861322.0,56680284.0,0.0082352269088842,603319
2018-07-24,25.69,25.9,25.3,25.85,645399.0,16590764.0,56680284.0,0.0113866578367885,603319
2018-07-25,25.8,25.84,25.52,25.64,393585.0,10101171.0,56680284.0,0.0069439489752733,603319
2018-07-26,25.65,25.75,25.22,25.28,353000.0,8974668.0,56680284.0,0.0062279151600581,603319
2018-07-27,25.27,25.4,25.02,25.3,241681.0,6094926.0,56680284.0,0.0042639341750651,603319
2018-07-30,25.26,25.26,24.6,24.97,328400.0,8182211.0,56680284.0,0.0057939018089605,603319
2018-07-31,24.76,25.2,24.68,25.03,186243.0,4649569.0,56680284.0,0.0032858515670104,603319
2018-08-01,25.03,25.22,24.45,24.74,274353.0,6830574.0,56680284.0,0.0048403603623439,603319
2018-08-02,24.4,24.6,23.0,23.71,393400.0,9390864.0,56680284.0,0.0069406850537305,603319
2018-08-03,23.77,23.77,23.41,23.58,382146.0,9004368.0,56680284.0,0.0067421327670129,603319
2018-08-06,23.44,23.57,23.02,23.47,330772.0,7715115.0,56680284.0,0.0058357505759851,603319
2018-08-07,23.47,23.96,23.21,23.89,279372.0,6585274.0,56680284.0,0.0049289096716593,603319
2018-08-08,23.68,23.85,23.33,23.47,200379.0,4712572.0,56680284.0,0.0035352504585192,603319
2018-08-09,23.47,24.06,23.3,23.93,267362.0,6364974.0,56680284.0,0.0047170194136641,603319
2018-08-10,23.91,24.27,23.78,24.04,234300.0,5620802.0,56680284.0,0.0041337125269167,603319
2018-08-13,25.0,26.24,24.81,25.27,2240121.0,57030120.0,56680284.0,0.0395220496778033,603319
2018-08-14,24.85,24.96,24.4,24.69,1081194.0,26631119.0,56680284.0,0.0190753102083962,603319
2018-08-15,24.69,24.71,24.05,24.28,640269.0,15612338.0,56680284.0,0.0112961501745474,603319
2018-08-16,24.19,24.19,23.8,23.95,426445.0,10216591.0,56680284.0,0.0075236920125523,603319
2018-08-17,24.29,24.29,23.6,23.87,301914.0,7221999.0,56680284.0,0.0053266141009455,603319
2018-08-20,23.76,24.79,23.61,24.4,694327.0,16841044.0,56680284.0,0.0122498856921747,603319
2018-08-21,24.21,24.3,23.5,24.17,756635.0,18148667.0,56680284.0,0.013349174467792,603319
2018-08-22,24.1,24.11,23.71,23.88,269000.0,6417328.0,56680284.0,0.0047459183514323,603319
2018-08-23,23.87,23.97,23.73,23.88,280082.0,6680311.0,56680284.0,0.004941436073256,603319
2018-08-24,23.72,24.0,23.72,23.98,224600.0,5362869.0,56680284.0,0.0039625771811587,603319
2018-08-27,24.09,24.28,23.96,24.27,415099.0,10027478.0,56680284.0,0.0073235165864729,603319
2018-08-28,24.27,24.35,24.01,24.28,367600.0,8887880.0,56680284.0,0.0064855003196525,603319
2018-08-29,24.29,24.29,24.0,24.03,197800.0,4766731.0,56680284.0,0.0034897496279305,603319
2018-08-30,24.06,24.08,23.77,23.87,148400.0,3543939.0,56680284.0,0.0026181943619054,603319
2018-08-31,23.73,23.75,23.1,23.55,235400.0,5536066.0,56680284.0,0.0041531196279821,603319
2018-09-03,23.48,23.48,22.85,23.45,292100.0,6755276.0,56680284.0,0.0051534674738044,603319
2018-09-04,23.31,23.6,23.25,23.51,276100.0,6468372.0,56680284.0,0.0048711823673995,603319
2018-09-05,23.48,23.5,23.16,23.37,240500.0,5615443.0,56680284.0,0.0042430980056486,603319
2018-09-06,23.36,23.38,23.09,23.23,172700.0,4012893.0,56680284.0,0.0030469148672578,603319
2018-09-07,23.11,23.45,23.11,23.25,107500.0,2499833.0,56680284.0,0.0018966030586579,603319
2018-09-10,23.12,23.2,22.83,22.95,173900.0,3999473.0,56680284.0,0.0030680862502382,603319
2018-09-11,22.86,23.08,22.72,23.07,135296.0,3100907.0,56680284.0,0.0023870028597598,603319
2018-09-12,23.09,23.18,22.93,23.04,290200.0,6689974.0,56680284.0,0.0051199461174188,603319
2018-09-13,23.1,23.27,22.81,23.03,283100.0,6513911.0,56680284.0,0.0049946821014517,603319
2018-09-14,23.05,23.19,22.85,23.04,358000.0,8260044.0,56680284.0,0.0063161292558096,603319
2018-09-17,22.83,22.96,22.38,22.69,282000.0,6393289.0,56680284.0,0.0049752750003863,603319
2018-09-18,22.69,22.9,22.29,22.84,164100.0,3724001.0,56680284.0,0.0028951866225652,603319
2018-09-19,23.0,23.09,22.76,22.97,247600.0,5686625.0,56680284.0,0.0043683620216158,603319
2018-09-20,22.97,23.04,22.8,22.87,187700.0,4298113.0,56680284.0,0.0033115571545124,603319
2018-09-21,22.86,23.1,22.76,23.07,250300.0,5751398.0,56680284.0,0.0044159976333216,603319
2018-09-25,23.07,23.1,22.72,22.92,172600.0,3963658.0,56680284.0,0.0030451505853428,603319
2018-09-26,22.98,23.18,22.88,23.11,342400.0,7910198.0,56680284.0,0.0060409012770648,603319
2018-09-27,23.16,23.16,22.62,22.8,292590.0,6696443.0,56680284.0,0.0051621124551881,603319
2018-09-28,22.85,22.88,22.71,22.76,319740.0,7284161.0,56680284.0,0.0056411149951189,603319
2018-10-08,22.5,22.5,21.92,22.05,333671.0,7383813.0,56680284.0,0.0058868971087018,603319
2018-10-09,22.05,22.21,21.96,22.05,145597.0,3208690.0,56680284.0,0.0025687415398271,603319
2018-10-10,22.05,22.32,21.84,22.07,214700.0,4735054.0,56680284.0,0.0037879132715707,603319
2018-10-11,21.45,21.45,19.86,20.0,884712.0,18060224.0,56680284.0,0.0156088138161057,603319
2018-10-12,20.03,20.23,19.39,19.92,416285.0,8264774.0,56680284.0,0.0073444409699852,603319
2018-10-15,19.92,20.17,19.82,19.9,145312.0,2905594.0,56680284.0,0.0025637133363693,603319
2018-10-16,19.99,19.99,18.98,19.03,585100.0,11357903.0,56680284.0,0.0103228134848442,603319
2018-10-17,19.21,19.44,18.16,18.45,928352.0,17230917.0,56680284.0,0.0163787464438251,603319
2018-10-18,18.46,18.49,18.01,18.11,447282.0,8145363.0,56680284.0,0.0078913154351873,603319
2018-10-19,18.13,18.57,17.8,18.47,488000.0,8935266.0,56680284.0,0.0086096957453494,603319
2018-10-22,18.61,20.28,18.61,19.63,1382458.0,26829467.0,56680284.0,0.0243904564768941,603319
2018-10-23,19.55,19.79,19.18,19.3,535769.0,10444875.0,56680284.0,0.0094524755733404,603319
2018-10-24,19.29,19.6,19.04,19.4,397100.0,7724597.0,56680284.0,0.0070059634845866,603319
2018-10-25,19.01,19.88,18.6,19.45,771069.0,14784165.0,56680284.0,0.0136038309194075,603319
2018-10-26,19.43,19.5,18.92,19.2,826572.0,15880222.0,56680284.0,0.0145830603107069,603319
2018-10-29,19.68,20.41,19.2,19.22,1296798.0,25472359.0,56680284.0,0.0228791725884789,603319
2018-10-30,19.01,21.14,18.77,21.14,2865339.0,58886771.0,56680284.0,0.0505526577813195,603319
2018-10-31,22.55,23.25,21.51,22.35,6729911.0,154178618.0,56680284.0,0.118734602670657,603319
2018-11-01,21.08,22.2,20.81,21.44,4873655.0,103557041.0,56680284.0,0.085985013765986,603319
2018-11-02,21.3,21.64,21.13,21.51,3282336.0,70223914.0,56680284.0,0.0579096604385397,603319
2018-11-05,21.75,21.75,20.95,21.19,2845834.0,60879502.0,56680284.0,0.0502085345937927,603319
2018-11-06,20.8,21.19,20.2,20.58,1811511.0,37202612.0,56680284.0,0.0319601609617905,603319
2018-11-07,20.67,20.83,20.35,20.54,1119955.0,23092244.0,56680284.0,0.0197591635214812,603319
2018-11-08,20.61,20.84,20.42,20.65,1028277.0,21245866.0,56680284.0,0.0181417051474195,603319
2018-11-09,20.51,20.71,20.39,20.54,813744.0,16749982.0,56680284.0,0.0143567382266468,603319
2018-11-12,20.58,21.25,20.47,21.2,1635225.0,34333962.0,56680284.0,0.0288499789450596,603319
2018-11-13,21.0,21.5,20.9,21.22,1699066.0,35975661.0,56680284.0,0.0299763141624343,603319
2018-11-14,21.15,21.43,21.05,21.16,1233900.0,26179589.0,56680284.0,0.0217694745495629,603319
2018-11-15,21.38,22.85,21.3,22.44,3160191.0,69670487.0,56680284.0,0.0557546782934256,603319
2018-11-16,22.87,23.43,22.5,22.76,3486769.0,80509074.0,56680284.0,0.0615164348858943,603319
2018-11-19,22.75,22.82,22.26,22.58,1950066.0,43943350.0,56680284.0,0.0344046617691612,603319
2018-11-20,22.49,23.3,22.3,22.48,1930432.0,44052270.0,56680284.0,0.0340582626579641,603319
2018-11-21,22.3,22.69,22.02,22.62,1094600.0,24500022.0,56680284.0,0.0193118298419252,603319
2018-11-22,22.79,23.25,22.66,22.71,1527332.0,35097276.0,56680284.0,0.0269464422584756,603319
2018-11-23,22.58,22.68,21.14,21.29,1473032.0,32119436.0,56680284.0,0.0259884371786139,603319
2018-11-26,21.0,21.3,20.72,20.84,1013800.0,21223248.0,56680284.0,0.0178862900545805,603319
2018-11-27,20.97,21.28,20.84,20.98,706900.0,14909681.0,56680284.0,0.0124717088573515,603319
2018-11-28,21.21,21.21,19.09,21.05,1079590.0,22265419.0,56680284.0,0.0190470111264791,603319
2018-11-29,21.07,21.27,20.16,20.26,955432.0,19821750.0,56680284.0,0.0168565139864154,603319
2018-11-30,20.1,20.73,19.95,20.73,767300.0,15604663.0,56680284.0,0.01353733513403,603319
2018-12-03,21.02,21.41,20.95,21.16,1228364.0,26047194.0,56680284.0,0.0216718039027468,603319
2018-12-04,21.24,21.38,21.0,21.24,944464.0,20004206.0,56680284.0,0.0166630075459748,603319
2018-12-05,20.97,21.06,20.69,20.9,731766.0,15257427.0,56680284.0,0.012910415198343,603319
2018-12-06,20.98,20.98,20.4,20.41,586766.0,12086239.0,56680284.0,0.0103522064215486,603319
2018-12-07,20.41,20.59,20.36,20.41,313600.0,6417494.0,56680284.0,0.005532788085536,603319
2018-12-10,20.35,20.35,20.0,20.15,475500.0,9569762.0,56680284.0,0.0083891605059706,603319
2018-12-11,20.15,20.29,20.05,20.18,349200.0,7038241.0,56680284.0,0.0061608724472869,603319
2018-12-12,20.23,20.74,20.23,20.44,602430.0,12362005.0,56680284.0,0.010628563540719,603319
2018-12-13,20.55,20.74,20.22,20.69,565330.0,11628596.0,56680284.0,0.0099740149502426,603319
2018-12-14,20.6,20.66,20.11,20.13,461559.0,9400026.0,56680284.0,0.0081432019641962,603319
2018-12-17,20.0,20.36,19.8,20.21,353459.0,7116364.0,56680284.0,0.0062360132140481,603319
2018-12-18,20.66,21.44,20.48,20.8,1955553.0,40962960.0,56680284.0,0.0345014679178389,603319
2018-12-19,20.31,20.7,20.03,20.09,1235553.0,24952649.0,56680284.0,0.0217986381296184,603319
2018-12-20,20.1,20.65,19.72,20.4,1178500.0,23649739.0,56680284.0,0.0207920623686359,603319
2018-12-21,20.39,20.39,20.14,20.22,382600.0,7744221.0,56680284.0,0.0067501426069071,603319
2018-12-24,20.18,20.66,20.18,20.6,551700.0,11317933.0,56680284.0,0.0097335433252239,603319
2018-12-25,20.4,20.5,19.9,20.46,588697.0,11897557.0,56680284.0,0.0103862747053278,603319
2018-12-26,20.48,20.68,20.45,20.46,635000.0,13064226.0,56680284.0,0.0112031901604445,603319
2018-12-27,20.75,20.9,20.13,20.13,682611.0,14033747.0,56680284.0,0.0120431824230097,603319
2018-12-28,20.25,20.59,20.17,20.24,513300.0,10448917.0,56680284.0,0.0090560590698522,603319
2019-01-02,20.24,20.49,20.12,20.15,475897.0,9644878.0,56680284.0,0.0083961647051733,603319
2019-01-03,20.16,20.39,20.13,20.17,352200.0,7123908.0,56680284.0,0.0062138009047378,603319
2019-01-04,20.11,20.6,19.84,20.6,699600.0,14234050.0,56680284.0,0.0123429162775542,603319
2019-01-07,20.61,20.89,20.52,20.8,785011.0,16250535.0,56680284.0,0.0138498071040011,603319
2019-01-08,20.7,20.8,20.57,20.66,620000.0,12819935.0,56680284.0,0.0109385478731899,603319
2019-01-09,20.66,21.27,20.58,20.79,1194800.0,25133825.0,56680284.0,0.0210796403207859,603319
2019-01-10,20.72,21.15,20.71,20.87,696062.0,14560297.0,56680284.0,0.0122804959834005,603319
2019-01-11,20.94,21.12,20.71,21.1,677112.0,14185158.0,56680284.0,0.0119461645605022,603319
2019-01-14,21.1,21.1,20.76,20.89,448471.0,9377636.0,56680284.0,0.007912292747157,603319
2019-01-15,20.71,21.21,20.71,21.2,618653.0,12993509.0,56680284.0,0.0109147829957944,603319
2019-01-16,21.23,21.23,20.97,21.01,450783.0,9501836.0,56680284.0,0.0079530829450325,603319
2019-01-17,21.01,21.28,20.92,20.99,567753.0,11984936.0,56680284.0,0.0100167635010438,603319
2019-01-18,22.2,22.2,21.0,21.17,735424.0,15692733.0,56680284.0,0.0129749526307948,603319
2019-01-21,21.12,21.38,21.07,21.1,645371.0,13663942.0,56680284.0,0.0113861638378523,603319
2019-01-22,21.08,21.23,21.03,21.06,490000.0,10346536.0,56680284.0,0.00864498138365,603319
2019-01-23,21.07,21.18,21.0,21.15,316000.0,6660336.0,56680284.0,0.0055751308514967,603319
2019-01-24,21.18,21.52,21.1,21.47,740600.0,15844062.0,56680284.0,0.0130662718627168,603319
2019-01-25,21.37,21.55,21.26,21.4,490971.0,10523306.0,56680284.0,0.008662112561045,603319
2019-01-28,21.43,21.94,21.36,21.58,703700.0,15222629.0,56680284.0,0.0124152518360705,603319
2019-01-29,21.58,21.58,20.3,21.0,526300.0,11043642.0,56680284.0,0.0092854157188062,603319
2019-01-30,20.66,20.92,20.04,20.1,712000.0,14589356.0,56680284.0,0.012561687235018,603319
2019-01-31,20.1,20.6,19.93,20.1,559200.0,11292295.0,56680284.0,0.0098658644688512,603319
2019-02-01,20.04,20.55,20.04,20.5,387100.0,7882495.0,56680284.0,0.0068295352930835,603319
2019-02-11,20.7,21.1,20.52,21.05,539059.0,11240351.0,56680284.0,0.0095105204483449,603319
2019-02-12,21.0,21.54,21.0,21.45,575819.0,12313642.0,56680284.0,0.0101590704803102,603319
2019-02-13,21.46,21.8,21.31,21.72,761459.0,16470648.0,56680284.0,0.013434283427373,603319
2019-02-14,21.72,21.89,21.62,21.74,538800.0,11712009.0,56680284.0,0.009505950958185,603319
2019-02-15,21.67,22.14,21.67,21.83,645500.0,14141005.0,56680284.0,0.0113884397615227,603319
2019-02-18,22.04,22.33,21.84,22.26,1268207.0,28115621.0,56680284.0,0.0223747467461525,603319
2019-02-19,22.26,22.47,22.0,22.39,1123800.0,25013270.0,56680284.0,0.0198270001611142,603319
2019-02-20,22.29,22.37,22.12,22.32,869200.0,19338637.0,56680284.0,0.0153351384054462,603319
2019-02-21,22.25,22.96,22.25,22.53,1162364.0,26370369.0,56680284.0,0.0205073778388266,603319
2019-02-22,22.55,23.96,22.45,23.53,1597200.0,37410957.0,56680284.0,0.0281791107468692,603319
2019-02-25,23.56,24.3,23.51,24.24,1759571.0,42126462.0,56680284.0,0.0310437929351236,603319
2019-02-26,24.29,25.41,23.93,25.26,2153664.0,53538130.0,56680284.0,0.0379967044625252,603319
2019-02-27,25.4,26.1,23.81,24.5,2921864.0,73233504.0,56680284.0,0.0515499181337905,603319
2019-02-28,23.88,23.88,23.0,23.23,2846204.0,66564319.0,56680284.0,0.0502150624368784,603319
2019-03-01,23.3,23.35,22.91,23.17,1395507.0,32259555.0,56680284.0,0.0246206776239865,603319
2019-03-04,23.17,23.66,23.05,23.2,2106107.0,49131479.0,56680284.0,0.0371576649121941,603319
2019-03-05,23.2,23.46,23.03,23.45,1702264.0,39601789.0,56680284.0,0.030032735898077,603319
2019-03-06,23.62,23.98,23.39,23.93,2161176.0,51371034.0,56680284.0,0.0381292373199823,603319
2019-03-07,23.97,24.85,23.7,24.7,2137227.0,51932083.0,56680284.0,0.0377067094441516,603319
2019-03-08,24.5,24.5,23.09,23.27,1760800.0,41903843.0,56680284.0,0.0310654759598593,603319
2019-03-11,23.34,23.98,23.33,23.98,1133000.0,26835781.0,56680284.0,0.019989314097297,603319
2019-03-12,24.06,25.0,23.98,24.55,2054701.0,50142333.0,56680284.0,0.0362507181509535,603319
2019-03-13,24.56,25.0,23.62,23.76,1668905.0,40562299.0,56680284.0,0.0294441890940419,603319
2019-03-14,23.77,24.82,23.47,23.83,1292159.0,31049439.0,56680284.0,0.0227973275504406,603319
2019-03-15,24.6,24.6,23.75,24.2,1091327.0,26301974.0,56680284.0,0.0192540848948463,603319
2019-03-18,24.2,24.5,24.0,24.5,1285000.0,31244419.0,56680284.0,0.0226710226081436,603319
2019-03-19,24.5,24.65,24.16,24.32,1068600.0,26036449.0,56680284.0,0.0188531165440173,603319
2019-03-20,24.27,24.56,23.92,24.37,1069403.0,25989772.0,56680284.0,0.018867283727795,603319
2019-03-21,24.35,24.51,24.1,24.39,1522848.0,37075805.0,56680284.0,0.0268673318574056,603319
2019-03-22,24.37,24.49,23.95,24.48,973700.0,23622657.0,56680284.0,0.0171788130066532,603319
2019-03-25,24.09,24.51,24.05,24.13,1169000.0,28412006.0,56680284.0,0.020624455586708,603319
2019-03-26,24.36,25.2,24.13,24.2,2437964.0,59999188.0,56680284.0,0.0430125579469573,603319
2019-03-27,24.11,24.19,22.9,23.7,1848300.0,43359040.0,56680284.0,0.0326092226355111,603319
2019-03-28,23.46,23.68,22.9,22.91,1108900.0,25825591.0,56680284.0,0.0195641221557746,603319
2019-03-29,24.37,24.37,23.26,23.78,1835549.0,43808050.0,56680284.0,0.0323842590485255,603319
2019-04-01,23.49,24.92,23.49,24.92,2664140.0,65528781.0,56680284.0,0.047002940211097,603319
2019-04-02,25.09,25.2,24.62,24.74,1815735.0,45164108.0,56680284.0,0.0320346842298814,603319
2019-04-03,24.86,25.03,24.46,25.02,1508601.0,37411674.0,56680284.0,0.0266159746129712,603319
2019-04-04,24.99,25.47,24.75,24.84,2124501.0,53101530.0,56680284.0,0.0374821869276448,603319
2019-04-08,25.0,25.07,24.24,24.6,1625564.0,40094612.0,56680284.0,0.0286795316692485,603319
2019-04-09,24.9,24.96,24.5,24.95,1147359.0,28376849.0,56680284.0,0.0202426473374762,603319
2019-04-10,24.92,24.92,24.4,24.65,1053800.0,25918632.0,56680284.0,0.0185920028205927,603319
2019-04-11,24.68,24.75,24.36,24.5,840535.0,20603271.0,56680284.0,0.0148294069945027,603319
2019-04-12,24.58,24.85,24.38,24.7,892905.0,21948640.0,56680284.0,0.0157533614334042,603319
2019-04-15,24.8,24.98,24.5,24.69,1569800.0,38910467.0,56680284.0,0.0276956975021508,603319
2019-04-16,18.55,18.8,18.04,18.68,1392635.0,25549817.0,56680284.0,0.0245700074473868,603319
2019-04-17,18.5,19.73,18.38,19.22,3157729.0,60142016.0,73389919.0,0.043026740498242,603319
2019-04-18,19.12,19.31,18.65,18.78,1981910.0,37600708.0,73389919.0,0.0270052076225891,603319
2019-04-19,18.76,18.89,18.5,18.74,1156255.0,21576170.0,73389919.0,0.0157549567536653,603319
2019-04-22,18.69,18.79,18.46,18.68,905935.0,16841772.0,73389919.0,0.0123441340765071,603319
2019-04-23,18.68,18.97,18.53,18.61,1038180.0,19510646.0,73389919.0,0.0141460845596518,603319
2019-04-24,18.57,18.73,18.21,18.66,860193.0,15956840.0,73389919.0,0.0117208604631379,603319
2019-04-25,18.6,18.93,17.87,18.07,1326282.0,24627106.0,73389919.0,0.018071719087195,603319
2019-04-26,17.94,18.18,17.53,17.55,963589.0,17177826.0,73389919.0,0.013129718810563,603319
2019-04-29,17.7,17.77,16.98,17.06,964903.0,16688246.0,73389919.0,0.0131476231769652,603319
2019-04-30,17.49,17.49,17.2,17.43,573330.0,9938166.0,73389919.0,0.0078121083632753,603319
2019-05-06,17.06,17.06,15.88,16.14,1088163.0,17849232.0,73389919.0,0.0148271454012641,603319
2019-05-07,16.34,16.43,16.09,16.42,692140.0,11286270.0,73389919.0,0.0094309955567603,603319
2019-05-08,16.29,16.68,15.82,16.49,714010.0,11748986.0,73389919.0,0.0097289928879741,603319
2019-05-09,16.23,17.3,16.23,17.12,1129030.0,19141294.0,73389919.0,0.0153839929977303,603319
2019-05-10,17.08,17.44,16.75,17.31,1288873.0,22180964.0,73389919.0,0.0175619896787186,603319
2019-05-13,17.25,17.26,16.82,17.07,527270.0,8986974.0,73389919.0,0.0071845017297266,603319
2019-05-14,16.98,17.07,16.72,16.84,397935.0,6734262.0,73389919.0,0.0054222024689794,603319
2019-05-15,16.92,17.18,16.92,17.1,497000.0,8498543.0,73389919.0,0.0067720472616954,603319
2019-05-16,17.1,17.32,16.93,17.14,527210.0,9026277.0,73389919.0,0.0071836841787494,603319
2019-05-17,17.17,17.49,16.55,16.55,1012860.0,17229953.0,73389919.0,0.0138010780472451,603319
2019-05-20,16.25,16.8,16.18,16.8,563595.0,9310594.0,73389919.0,0.0076794607172137,603319
2019-05-21,16.54,17.08,16.54,16.95,502616.0,8504592.0,73389919.0,0.0068485700331676,603319
2019-05-22,17.95,17.95,16.82,16.95,734844.0,12634268.0,73389919.0,0.0100128738389805,603319
2019-05-23,16.92,17.07,16.53,16.67,634584.0,10616317.0,73389919.0,0.0086467461559672,603319
2019-05-24,16.87,17.08,16.59,16.88,530190.0,8919641.0,73389919.0,0.0072242892106203,603319
2019-05-27,16.87,17.23,16.65,17.15,619990.0,10552869.0,73389919.0,0.0084478905065966,603319
2019-05-28,17.15,17.25,16.88,16.93,615294.0,10488104.0,73389919.0,0.0083839035167759,603319
2019-05-29,16.92,17.26,16.92,17.07,459270.0,7869880.0,73389919.0,0.0062579439554906,603319
2019-05-30,17.13,17.29,16.92,17.12,605004.0,10362291.0,73389919.0,0.0082436935241746,603319
2019-05-31,17.07,17.68,17.07,17.28,774210.0,13460787.0,73389919.0,0.0105492690351654,603319
2019-06-03,17.19,17.44,16.91,17.06,623556.0,10693243.0,73389919.0,0.0084964802863455,603319
2019-06-04,16.91,17.15,16.71,16.85,422571.0,7162281.0,73389919.0,0.0057578889002452,603319
2019-06-05,17.01,17.14,16.91,16.92,371436.0,6329518.0,73389919.0,0.0050611310798694,603319
2019-06-06,16.92,17.09,16.65,16.79,631490.0,10567530.0,73389919.0,0.0086045877772395,603319
2019-06-10,16.94,16.94,16.68,16.7,344600.0,5773672.0,73389919.0,0.0046954677794371,603319
2019-06-11,16.75,17.18,16.52,17.18,822261.0,13891219.0,73389919.0,0.0112040047353097,603319
2019-06-12,17.16,17.25,16.97,17.06,780370.0,13316899.0,73389919.0,0.0106332042688315,603319
2019-06-13,16.99,17.26,16.82,17.22,665161.0,11375544.0,73389919.0,0.0090633837598321,603319
2019-06-14,17.2,17.29,16.97,17.0,451567.0,7709444.0,73389919.0,0.0061529840358592,603319
2019-06-17,16.91,17.13,16.75,16.85,535150.0,9017013.0,73389919.0,0.007291873424741,603319
2019-06-18,16.79,16.89,16.7,16.71,456540.0,7654748.0,73389919.0,0.006220745386025,603319
2019-06-19,16.96,17.09,16.78,16.82,505500.0,8560847.0,73389919.0,0.0068878669834749,603319
2019-06-20,16.92,17.15,16.73,17.11,632355.0,10762756.0,73389919.0,0.0086163741371618,603319
2019-06-21,17.15,17.82,17.13,17.65,1286031.0,22449488.0,73389919.0,0.0175232650140954,603319
2019-06-24,17.74,17.74,17.41,17.46,666569.0,11659805.0,73389919.0,0.0090825689560987,603319
2019-06-25,17.56,17.56,17.06,17.42,791600.0,13712916.0,73389919.0,0.0107862225600766,603319
2019-06-26,17.39,17.6,17.26,17.44,507096.0,8836360.0,73389919.0,0.0069096138394702,603319
2019-06-27,17.59,17.66,17.42,17.43,769366.0,13479525.0,73389919.0,0.0104832654196007,603319
2019-06-28,17.41,17.51,17.18,17.36,1060427.0,18425453.0,73389919.0,0.0144492188361728,603319
2019-07-01,17.54,17.94,17.54,17.94,1462006.0,26033910.0,73389919.0,0.0199210739011716,603319
2019-07-02,18.0,18.17,17.83,17.86,675196.0,12112079.0,73389919.0,0.0092001191607801,603319
2019-07-03,17.81,17.97,17.7,17.81,481603.0,8574381.0,73389919.0,0.006562250055079,603319
2019-07-04,17.88,17.89,17.6,17.77,408896.0,7255920.0,73389919.0,0.0055715554066764,603319
2019-07-05,17.64,17.71,17.5,17.6,511812.0,8995104.0,73389919.0,0.0069738733462834,603319
2019-07-08,17.62,17.62,17.14,17.35,737756.0,12772268.0,73389919.0,0.0100525523130772,603319
2019-07-09,17.24,17.9,17.12,17.79,862548.0,15162499.0,73389919.0,0.0117529493389957,603319
2019-07-10,17.74,17.8,17.36,17.51,692380.0,12183061.0,73389919.0,0.0094342657606693,603319
2019-07-11,17.51,17.75,17.42,17.47,433120.0,7607720.0,73389919.0,0.0059016279878984,603319
2019-07-12,17.57,17.67,17.45,17.59,482761.0,8490392.0,73389919.0,0.0065780287889403,603319
2019-07-15,17.58,17.6,17.26,17.48,550580.0,9613333.0,73389919.0,0.0075021202843949,603319
2019-07-16,17.48,17.79,17.41,17.6,553830.0,9765644.0,73389919.0,0.0075464042956635,603319
2019-07-17,17.8,17.95,17.42,17.51,459670.0,8072860.0,73389919.0,0.0062633942953391,603319
2019-07-18,17.44,17.52,16.97,16.98,689780.0,11820430.0,73389919.0,0.0093988385516544,603319
2019-07-19,17.08,17.34,16.99,17.12,481563.0,8265834.0,73389919.0,0.0065617050210942,603319
2019-07-22,17.12,17.25,16.42,16.46,650037.0,10825504.0,73389919.0,0.0088573064101624,603319
2019-07-23,16.55,16.67,16.3,16.64,457480.0,7565107.0,73389919.0,0.0062335536846688,603319
2019-07-24,16.68,16.99,16.53,16.85,463389.0,7816478.0,73389919.0,0.00631406883008,603319
2019-07-25,16.9,16.98,16.77,16.86,335704.0,5673564.0,73389919.0,0.0045742522212076,603319
2019-07-26,16.86,17.04,16.78,16.99,344802.0,5845027.0,73389919.0,0.0046982202010605,603319
2019-07-29,17.05,17.25,16.91,16.94,326650.0,5579565.0,73389919.0,0.004450883778738,603319
2019-07-30,17.17,17.29,17.01,17.15,480680.0,8269815.0,73389919.0,0.0065496733958787,603319
2019-07-31,17.19,17.19,16.6,16.8,681373.0,11471498.0,73389919.0,0.0092842860338897,603319
2019-08-01,16.65,17.1,16.6,17.07,633190.0,10731973.0,73389919.0,0.0086277517215954,603319
2019-08-02,16.8,16.8,16.45,16.68,991530.0,16436620.0,73389919.0,0.0135104386748267,603319
2019-08-05,16.46,16.62,16.34,16.38,464743.0,7645147.0,73389919.0,0.006332518230467,603319
2019-08-06,16.11,16.35,15.74,15.96,691841.0,11032739.0,73389919.0,0.0094269214277236,603319
2019-08-07,15.98,16.07,15.84,15.9,366173.0,5835632.0,73389919.0,0.0049894182333134,603319
2019-08-08,16.07,16.07,15.88,15.94,383212.0,6108420.0,73389919.0,0.0052215890850077,603319
2019-08-09,15.92,16.06,15.55,15.65,463310.0,7314748.0,73389919.0,0.0063129923879599,603319
2019-08-12,15.66,15.86,15.38,15.81,473020.0,7381119.0,73389919.0,0.006445299387781,603319
2019-08-13,15.51,16.04,15.5,15.74,469562.0,7416466.0,73389919.0,0.0063981811997912,603319
2019-08-14,15.87,16.12,15.81,15.94,449291.0,7175728.0,73389919.0,0.0061219716021215,603319
2019-08-15,15.74,15.94,15.51,15.86,424670.0,6671544.0,73389919.0,0.0057864895586,603319
2019-08-16,15.76,16.12,15.76,15.93,460738.0,7353928.0,73389919.0,0.0062779467027344,603319
2019-08-19,16.13,16.45,16.01,16.42,709134.0,11574956.0,73389919.0,0.0096625532452215,603319
2019-08-20,16.49,16.62,16.3,16.44,529890.0,8727965.0,73389919.0,0.0072202014557339,603319
2019-08-21,16.46,16.63,16.4,16.5,386050.0,6373908.0,73389919.0,0.0052602592462324,603319
2019-08-22,16.44,16.68,16.38,16.58,309260.0,5097718.0,73389919.0,0.0042139302538268,603319
2019-08-23,16.57,16.57,16.11,16.26,586610.0,9537419.0,73389919.0,0.0079930596462437,603319
2019-08-26,15.95,16.3,15.54,15.68,1732700.0,27476120.0,73389919.0,0.0236095096385104,603319
2019-08-27,15.69,16.15,15.69,16.13,1094510.0,17457719.0,73389919.0,0.0149136286688094,603319
2019-08-28,16.06,16.25,16.06,16.19,613580.0,9928623.0,73389919.0,0.0083605488105253,603319
2019-08-29,16.25,16.25,16.06,16.2,557300.0,8995999.0,73389919.0,0.0075936859938488,603319
2019-08-30,16.21,16.28,15.75,15.77,786957.0,12586388.0,73389919.0,0.0107229577402858,603319
2019-09-02,15.87,16.25,15.83,16.12,617970.0,9921641.0,73389919.0,0.008420366290362,603319
2019-09-03,16.14,16.24,16.0,16.11,573402.0,9222674.0,73389919.0,0.007813089424448,603319
2019-09-04,16.15,16.22,16.05,16.21,641220.0,10363392.0,73389919.0,0.008737167294053,603319
2019-09-05,16.27,16.48,16.25,16.3,790029.0,12940679.0,73389919.0,0.0107648163503219,603319
2019-09-06,16.3,16.44,16.19,16.35,682755.0,11122367.0,73389919.0,0.0093031169580661,603319
2019-09-09,16.46,16.62,16.36,16.57,717667.0,11807742.0,73389919.0,0.0097788226200385,603319
2019-09-10,16.57,16.83,16.47,16.58,1000454.0,16627795.0,73389919.0,0.0136320357568455,603319
2019-09-11,16.55,16.74,16.55,16.66,507724.0,8446326.0,73389919.0,0.0069181708730323,603319
2019-09-12,16.59,17.7,16.58,17.03,2126031.0,36499478.0,73389919.0,0.0289689786958342,603319
2019-09-16,17.14,17.33,16.93,17.03,1226218.0,20961689.0,73389919.0,0.0167082620707075,603319
2019-09-17,16.96,17.11,16.6,16.72,791180.0,13276817.0,73389919.0,0.0107804997032358,603319
2019-09-18,16.74,17.48,16.72,17.4,1889980.0,32547846.0,73389919.0,0.0257525832669198,603319
2019-09-19,17.5,17.5,17.23,17.42,1093847.0,18967695.0,73389919.0,0.0149045947305106,603319
2019-09-20,17.37,17.65,17.25,17.33,900437.0,15691836.0,73389919.0,0.0122692191552902,603319
2019-09-23,17.37,17.38,17.0,17.38,661099.0,11349434.0,73389919.0,0.0090080355586712,603319
2019-09-24,17.38,17.6,17.14,17.18,702436.0,12187425.0,73389919.0,0.0095712873044593,603319
2019-09-25,17.14,17.36,17.02,17.02,489250.0,8384848.0,73389919.0,0.0066664469271317,603319
2019-09-26,17.15,17.15,16.6,16.71,627220.0,10525555.0,73389919.0,0.0085464053993573,603319
2019-09-27,16.51,16.9,16.51,16.85,431860.0,7248522.0,73389919.0,0.0058844594173758,603319
2019-09-30,16.94,16.94,16.58,16.7,619050.0,10361313.0,73389919.0,0.0084350822079528,603319
2019-10-08,16.66,16.88,16.57,16.78,357910.0,5996926.0,73389919.0,0.0048768278378941,603319
2019-10-09,16.84,16.84,16.41,16.7,461980.0,7671400.0,73389919.0,0.0062948700079639,603319
2019-10-10,16.83,17.3,16.62,17.0,750310.0,12766533.0,73389919.0,0.0102236112292207,603319
2019-10-11,17.39,17.39,16.97,17.3,905080.0,15548426.0,73389919.0,0.0123324839750811,603319
2019-10-14,17.47,17.64,17.2,17.38,1354812.0,23624019.0,73389919.0,0.0184604645768855,603319
2019-10-15,17.39,17.68,17.25,17.57,969129.0,16952561.0,73389919.0,0.013205206017464,603319
2019-10-16,17.52,17.77,17.4,17.47,1092070.0,19199403.0,73389919.0,0.0148803815957338,603319
2019-10-17,17.58,17.66,17.36,17.44,593340.0,10361897.0,73389919.0,0.0080847616141939,603319
2019-10-18,17.36,17.59,17.27,17.27,745050.0,12979778.0,73389919.0,0.0101519392602136,603319
2019-10-21,17.27,17.72,17.11,17.57,804230.0,14103427.0,73389919.0,0.0109583170407913,603319
2019-10-22,17.58,17.62,17.42,17.62,395530.0,6935295.0,73389919.0,0.0053894323006406,603319
2019-10-23,17.7,17.7,17.4,17.49,491350.0,8615485.0,73389919.0,0.0066950612113361,603319
2019-10-24,17.33,17.57,17.31,17.35,411336.0,7179164.0,73389919.0,0.005604802479752,603319
2019-10-25,17.4,17.5,17.24,17.42,584230.0,10149651.0,73389919.0,0.0079606301241455,603319
2019-10-28,17.45,17.59,17.24,17.31,901780.0,15632273.0,73389919.0,0.0122875186713314,603319
2019-10-29,17.35,17.44,17.11,17.15,552240.0,9503644.0,73389919.0,0.0075247391947659,603319
2019-10-30,17.14,17.22,16.97,17.04,440736.0,7512128.0,73389919.0,0.0060054024586128,603319
2019-10-31,16.99,17.14,16.83,16.83,572430.0,9705685.0,73389919.0,0.0077998450986163,603319
2019-11-01,16.93,17.29,16.85,17.24,545279.0,9334413.0,73389919.0,0.0074298896555533,603319
2019-11-04,17.28,17.36,17.1,17.17,416180.0,7171842.0,73389919.0,0.0056708060953167,603319
2019-11-05,17.17,17.31,16.94,16.99,363810.0,6200191.0,73389919.0,0.0049572203506587,603319
2019-11-06,17.09,17.2,16.91,17.03,431840.0,7392541.0,73389919.0,0.0058841869003834,603319
2019-11-07,16.96,17.15,16.96,17.07,319252.0,5436017.0,73389919.0,0.004350079743241,603319
2019-11-08,16.99,17.06,16.8,16.85,591379.0,9999698.0,73389919.0,0.0080580413230868,603319
2019-11-11,16.78,16.87,16.41,16.42,516589.0,8547023.0,73389919.0,0.0070389640299235,603319
2019-11-12,16.52,16.52,16.12,16.43,458060.0,7465947.0,73389919.0,0.0062414566774491,603319
2019-11-13,16.36,16.42,16.17,16.2,344491.0,5600987.0,73389919.0,0.0046939825618284,603319
2019-11-14,16.32,16.47,16.21,16.21,285069.0,4647606.0,73389919.0,0.0038843073256423,603319
2019-11-15,16.32,16.43,16.18,16.27,355150.0,5782999.0,73389919.0,0.0048392204929399,603319
2019-11-18,16.35,16.35,15.95,16.26,462260.0,7473303.0,73389919.0,0.0062986852458578,603319
2019-11-19,16.31,16.47,16.15,16.32,346525.0,5654241.0,73389919.0,0.0047216975399577,603319
2019-11-20,16.32,16.37,16.03,16.04,364903.0,5906680.0,73389919.0,0.0049721134042946,603319
2019-11-21,16.22,16.24,16.04,16.07,241926.0,3892100.0,73389919.0,0.0032964472954384,603319
2019-11-22,16.12,16.18,15.89,16.03,356976.0,5714949.0,73389919.0,0.004864101294348,603319
2019-11-25,16.11,16.11,15.88,16.01,279730.0,4465971.0,73389919.0,0.0038115589145152,603319
2019-11-26,15.93,16.04,15.86,15.9,239870.0,3824965.0,73389919.0,0.0032684325486174,603319
2019-11-27,15.98,16.31,15.91,16.25,587299.0,9434102.0,73389919.0,0.0080024478566327,603319
2019-11-28,16.26,16.35,16.14,16.3,425670.0,6929997.0,73389919.0,0.0058001154082211,603319
2019-11-29,16.32,16.36,16.2,16.32,241980.0,3940346.0,73389919.0,0.003297183091318,603319
2019-12-02,16.32,16.47,16.27,16.4,241440.0,3954358.0,104901550.0,0.0023015865828483,603319
2019-12-03,16.42,16.66,16.33,16.66,691920.0,11468656.0,104901550.0,0.0065958987259959,603319
2019-12-04,16.66,16.66,16.45,16.6,249610.0,4136019.0,104901550.0,0.0023794691308183,603319
2019-12-05,16.56,16.64,16.44,16.57,329840.0,5463727.0,104901550.0,0.0031442814715321,603319
2019-12-06,16.57,16.76,16.39,16.72,291260.0,4859921.0,104901550.0,0.0027765080687558,603319
2019-12-09,16.75,17.19,16.67,16.94,490057.0,8317689.0,104901550.0,0.0046715896952904,603319
2019-12-10,16.93,17.1,16.89,17.05,356740.0,6062399.0,104901550.0,0.0034007123822288,603319
2019-12-11,17.07,17.14,16.92,17.08,381543.0,6503283.0,104901550.0,0.0036371531211883,603319
2019-12-12,17.1,17.1,16.7,16.9,271600.0,4585316.0,104901550.0,0.0025890942507522,603319
2019-12-13,16.9,17.08,16.83,16.95,328650.0,5565881.0,104901550.0,0.0031329375018767,603319
2019-12-16,16.94,16.99,16.6,16.9,812740.0,13619298.0,104901550.0,0.007747645292181,603319
2019-12-17,16.99,17.07,16.82,16.93,605680.0,10263186.0,104901550.0,0.0057737945721488,603319
2019-12-18,16.98,17.55,16.91,17.33,1434315.0,24773388.0,104901550.0,0.0136729628875836,603319
2019-12-19,17.35,17.42,17.18,17.32,428670.0,7414043.0,104901550.0,0.0040864029177833,603319
2019-12-20,17.32,17.41,17.21,17.25,440185.0,7603024.0,104901550.0,0.0041961725065072,603319
2019-12-23,17.25,17.35,16.98,17.17,709097.0,12218241.0,104901550.0,0.006759642731685,603319
2019-12-24,17.17,17.45,17.0,17.35,750888.0,13018921.0,104901550.0,0.0071580257870355,603319
2019-12-25,17.36,17.47,17.28,17.46,1000856.0,17433696.0,104901550.0,0.0095409076414981,603319
2019-12-26,17.43,17.75,17.4,17.7,1424070.0,25106103.0,104901550.0,0.0135752998883238,603319
2019-12-27,17.7,18.3,17.7,17.92,1412800.0,25424610.0,104901550.0,0.0134678658227642,603319
2019-12-30,17.68,18.03,17.68,18.01,980105.0,17567274.0,104901550.0,0.0093430935958524,603319
2019-12-31,18.0,18.16,17.82,17.9,697521.0,12483808.0,104901550.0,0.006649291645357,603319
2020-01-02,17.95,18.12,17.84,18.03,677871.0,12215474.0,104901550.0,0.0064619731548294,603319
2020-01-03,18.03,18.1,17.95,18.09,585110.0,10541515.0,104901550.0,0.0055777059538205,603319
2020-01-06,18.0,18.24,17.99,18.13,690577.0,12496668.0,104901550.0,0.0065830962459563,603319
2020-01-07,18.15,18.4,18.05,18.36,764186.0,13994132.0,104901550.0,0.0072847922647472,603319
2020-01-08,18.35,18.56,18.12,18.17,884327.0,16126553.0,104901550.0,0.0084300660953055,603319
2020-01-09,18.36,18.47,18.16,18.33,602593.0,11031737.0,104901550.0,0.0057443669802781,603319
2020-01-10,18.36,18.38,18.13,18.22,512364.0,9356564.0,104901550.0,0.0048842366962165,603319
2020-01-13,18.29,18.38,18.15,18.28,640140.0,11693195.0,104901550.0,0.0061022930547737,603319
2020-01-14,18.24,18.41,18.21,18.25,354560.0,6486869.0,104901550.0,0.00337993099244,603319
2020-01-15,18.35,18.35,18.02,18.04,689980.0,12490925.0,104901550.0,0.0065774051956334,603319
2020-01-16,18.03,18.22,17.92,18.1,438560.0,7933630.0,104901550.0,0.0041806817916417,603319
2020-01-17,18.01,18.4,18.01,18.15,556460.0,10110822.0,104901550.0,0.005304592734807,603319
2020-01-20,18.23,18.95,18.2,18.59,1208043.0,22456160.0,104901550.0,0.0115159690204768,603319
2020-01-21,18.74,18.89,18.35,18.43,666520.0,12324690.0,104901550.0,0.0063537669367135,603319
2020-01-22,18.2,18.64,18.2,18.5,701790.0,12918612.0,104901550.0,0.0066899869449021,603319
2020-01-23,18.5,19.2,18.28,18.46,1739641.0,32669605.0,104901550.0,0.0165835585842153,603319
2020-02-03,16.61,16.61,16.61,16.61,292900.0,4865069.0,104901550.0,0.0027921417748355,603319
2020-02-04,14.95,16.1,14.95,16.0,2081578.0,32255570.0,104901550.0,0.0198431577035801,603319
2020-02-05,16.06,16.5,15.66,16.39,989340.0,16008347.0,104901550.0,0.0094311285200266,603319
2020-02-06,16.33,16.7,16.01,16.51,861600.0,14127105.0,104901550.0,0.0082134153403834,603319
2020-02-07,16.51,16.66,16.26,16.61,735080.0,12104263.0,104901550.0,0.0070073321128238,603319
2020-02-10,16.64,16.74,16.41,16.69,634215.0,10538295.0,104901550.0,0.0060458115251871,603319
2020-02-11,16.75,18.01,16.75,17.78,1799193.0,31390247.0,104901550.0,0.0171512527698589,603319
2020-02-12,19.5,19.56,18.98,19.56,7481351.0,146065353.0,104901550.0,0.0713178308614124,603319
2020-02-13,19.37,19.7,18.5,18.6,6708533.0,127644233.0,104901550.0,0.0639507519192995,603319
2020-02-14,18.3,19.5,17.97,19.46,5156668.0,95788868.0,104901550.0,0.0491572145502139,603319
2020-02-17,19.26,20.29,19.21,19.59,4256471.0,83954032.0,104901550.0,0.0405758637503449,603319
2020-02-18,19.35,19.69,19.04,19.31,2953695.0,56993853.0,104901550.0,0.0281568289505731,603319
2020-02-19,19.25,19.8,18.79,19.06,2529292.0,48673653.0,104901550.0,0.0241111022668397,603319
2020-02-20,18.92,19.99,18.66,19.75,4817831.0,93636189.0,104901550.0,0.0459271669484388,603319
2020-02-21,19.75,19.75,19.12,19.63,2857986.0,55692043.0,104901550.0,0.0272444592096112,603319
2020-02-24,19.16,20.38,19.16,20.3,4405348.0,86792123.0,104901550.0,0.0419950706162111,603319
2020-02-25,19.6,20.0,19.27,19.8,2948116.0,58039480.0,104901550.0,0.0281036457516595,603319
2020-02-26,19.51,19.72,18.81,18.86,2137829.0,41320940.0,104901550.0,0.0203793842893646,603319
2020-02-27,19.05,19.77,18.58,19.66,2579128.0,49782559.0,104901550.0,0.0245861762767089,603319
2020-02-28,19.27,19.46,18.7,18.81,1755606.0,33457263.0,104901550.0,0.0167357488998017,603319
2020-03-02,18.8,19.61,18.79,19.45,1913467.0,36990184.0,104901550.0,0.018240597970192,603319
2020-03-03,19.78,21.0,19.48,20.96,4603339.0,93145838.0,104901550.0,0.0438824688481724,603319
2020-03-04,20.7,21.16,20.32,20.99,3307235.0,68561210.0,104901550.0,0.0315270365404515,603319
2020-03-05,21.2,21.6,20.72,20.93,2240852.0,46986115.0,104901550.0,0.0213614765463427,603319
2020-03-06,20.66,20.85,20.39,20.62,1419985.0,29300134.0,104901550.0,0.0135363586143388,603319
2020-03-09,20.71,20.71,19.67,19.77,2055886.0,41071281.0,104901550.0,0.0195982423519957,603319
2020-03-10,19.22,20.49,19.01,20.01,1689505.0,33418251.0,104901550.0,0.0161056247500632,603319
2020-03-11,20.1,20.55,19.8,19.8,1336059.0,26861427.0,104901550.0,0.0127363132384602,603319
2020-03-12,19.51,19.88,19.15,19.3,1180870.0,22937455.0,104901550.0,0.0112569356696826,603319
2020-03-13,18.58,19.49,18.15,19.45,1835917.0,34495655.0,104901550.0,0.0175013333930718,603319
2020-03-16,19.71,19.75,18.53,18.61,1322240.0,25262737.0,104901550.0,0.0126045801992439,603319
2020-03-17,18.7,19.18,17.8,18.76,1940058.0,35977299.0,104901550.0,0.0184940832618774,603319
2020-03-18,18.81,19.5,18.64,18.95,1746598.0,33390318.0,104901550.0,0.0166498779093349,603319
2020-03-19,18.94,19.19,18.65,18.97,1406806.0,26605904.0,104901550.0,0.0134107265335926,603319
2020-03-20,19.06,19.59,18.93,19.49,1927783.0,37208691.0,104901550.0,0.0183770687849702,603319
2020-03-23,19.08,19.43,18.8,18.89,963250.0,18452379.0,104901550.0,0.0091824191348936,603319
2020-03-24,19.19,20.4,19.19,19.67,2237861.0,43916561.0,104901550.0,0.0213329640982425,603319
2020-03-25,20.15,21.5,19.81,21.24,4420804.0,91053671.0,104901550.0,0.0421424087632642,603319
2020-03-26,21.02,21.86,20.66,21.63,4463364.0,95197385.0,104901550.0,0.0425481225015264,603319
2020-03-27,21.66,21.83,21.36,21.59,3586662.0,77501187.0,104901550.0,0.0341907436067436,603319
2020-03-30,21.27,21.27,19.43,19.79,3624360.0,72239593.0,104901550.0,0.0345501091261282,603319
2020-03-31,19.85,20.06,19.3,19.3,1350490.0,26512598.0,104901550.0,0.0128738803192135,603319
2020-04-01,19.47,19.73,19.18,19.4,980970.0,19035650.0,104901550.0,0.0093513394225347,603319
2020-04-02,19.1,19.7,18.95,19.6,1241348.0,24115331.0,104901550.0,0.0118334571796126,603319
2020-04-03,19.6,19.7,19.32,19.35,1051950.0,20457424.0,104901550.0,0.0100279738478602,603319
2020-04-07,19.57,20.15,19.47,20.06,1403517.0,27836332.0,104901550.0,0.0133793733267048,603319
2020-04-08,19.91,20.3,19.78,19.88,967227.0,19332438.0,104901550.0,0.0092203308721367,603319
2020-04-09,19.94,21.12,19.89,20.57,1546809.0,31436956.0,104901550.0,0.0147453397971717,603319
2020-04-10,20.66,20.96,20.25,20.71,2250500.0,46671276.0,104901550.0,0.0214534484952796,603319
2020-04-13,19.94,20.0,19.09,19.6,2044205.0,39894075.0,104901550.0,0.0194868903271686,603319
2020-04-14,19.6,19.7,19.39,19.58,958000.0,18724051.0,104901550.0,0.0091323722099435,603319
2020-04-15,21.54,21.54,19.58,20.09,2328560.0,47575540.0,104901550.0,0.0221975747736806,603319
2020-04-16,20.02,20.02,19.41,19.53,1388720.0,27194747.0,104901550.0,0.0132383172603264,603319
2020-04-17,19.71,19.87,19.31,19.6,1821667.0,35601725.0,104901550.0,0.0173654917396358,603319
2020-04-20,19.51,19.71,19.46,19.58,1144080.0,22397106.0,104901550.0,0.0109062258851275,603319
2020-04-21,19.7,19.7,18.94,18.96,1354539.0,25959289.0,104901550.0,0.0129124784142846,603319
2020-04-22,18.79,19.05,18.48,18.98,1670662.0,31325871.0,104901550.0,0.0159259991868566,603319
2020-04-23,18.84,19.09,18.84,18.95,737920.0,13989986.0,104901550.0,0.0070344051160349,603319
2020-04-24,18.95,19.26,18.51,18.74,801980.0,15175848.0,104901550.0,0.0076450729279024,603319
2020-04-27,18.52,18.8,18.47,18.6,665802.0,12399719.0,104901550.0,0.0063469224239298,603319
2020-04-28,18.7,18.7,17.62,18.5,1032780.0,18859628.0,104901550.0,0.0098452310761852,603319
2020-04-29,18.32,18.68,18.07,18.18,823960.0,15059976.0,104901550.0,0.0078546027203601,603319
2020-04-30,18.39,19.49,18.25,19.46,2115512.0,40234336.0,104901550.0,0.0201666419609624,603319
2020-05-06,19.2,19.73,19.13,19.7,1128030.0,22042776.0,104901550.0,0.0107532252859943,603319
2020-05-07,19.7,20.25,19.46,19.48,1281130.0,25290105.0,104901550.0,0.0122126889450155,603319
2020-05-08,19.56,19.99,19.48,19.8,1822420.0,36038864.0,104901550.0,0.0173726698985858,603319
2020-05-11,19.9,20.36,19.85,19.87,896510.0,17963379.0,104901550.0,0.0085462035594326,603319
2020-05-12,19.89,20.05,19.5,19.99,1218550.0,24084824.0,104901550.0,0.0116161295996103,603319
2020-05-13,19.98,20.07,19.61,19.8,763476.0,15157027.0,104901550.0,0.0072780240139445,603319
2020-05-14,19.92,19.98,19.59,19.92,1158250.0,22932701.0,104901550.0,0.0110413049187547,603319
2020-05-15,19.7,19.95,19.55,19.86,1081509.0,21362968.0,104901550.0,0.0103097523344507,603319
2020-05-18,19.64,20.43,19.27,20.25,2036290.0,40765107.0,104901550.0,0.0194114386298391,603319
2020-05-19,19.81,20.81,19.81,20.69,2184130.0,45010457.0,104901550.0,0.0208207600364341,603319
2020-05-20,20.4,21.18,20.4,20.63,3062973.0,64025217.0,104901550.0,0.0291985485438489,603319
2020-05-21,20.95,20.98,20.5,20.71,1705790.0,35422898.0,104901550.0,0.0162608655448847,603319
2020-05-22,20.7,21.07,20.46,20.89,1796197.0,37412458.0,104901550.0,0.0171226926580207,603319
2020-05-25,20.95,22.05,20.65,21.75,4295838.0,92711218.0,104901550.0,0.0409511394254899,603319
2020-05-26,21.7,21.76,21.22,21.41,2886226.0,61735657.0,104901550.0,0.0275136640021048,603319
2020-05-27,21.41,21.54,21.08,21.2,1515080.0,32133975.0,104901550.0,0.0144428752482684,603319
2020-05-28,21.27,22.01,21.12,21.36,3298040.0,71540131.0,104901550.0,0.0314393829261817,603319
2020-05-29,20.96,21.7,20.8,21.67,2292700.0,48981391.0,104901550.0,0.0218557304444023,603319
2020-06-01,21.71,21.91,21.4,21.73,1959230.0,42576982.0,104901550.0,0.0186768450990476,603319
2020-06-02,21.73,22.46,21.72,22.28,3248469.0,71909888.0,104901550.0,0.030966835094429,603319
2020-06-03,22.28,22.46,21.62,21.8,2433769.0,53207049.0,104901550.0,0.0232005056169332,603319
2020-06-04,21.82,21.82,21.09,21.39,1448190.0,30990986.0,104901550.0,0.013805229760666,603319
2020-06-05,21.55,22.1,21.4,21.52,1409044.0,30636532.0,104901550.0,0.0134320608227428,603319
2020-06-08,21.67,22.17,21.28,21.91,1803167.0,39372273.0,104901550.0,0.0171891359088593,603319
2020-06-09,22.0,22.03,21.44,21.54,1330200.0,28795362.0,104901550.0,0.0126804608702159,603319
2020-06-10,21.68,21.68,20.99,21.3,1444500.0,30648113.0,104901550.0,0.0137700539219868,603319
2020-06-11,21.25,21.63,21.01,21.23,1670780.0,35535034.0,104901550.0,0.0159271240510745,603319
2020-06-12,21.0,22.0,20.71,21.73,2073030.0,44738753.0,104901550.0,0.0197616717770137,603319
2020-06-15,22.3,22.31,21.68,21.85,2071739.0,45581467.0,104901550.0,0.0197493649998498,603319
2020-06-16,22.25,23.28,21.95,23.05,5056852.0,115501440.0,104901550.0,0.0482056938148197,603319
2020-06-17,23.0,23.28,22.61,23.13,3655878.0,83796866.0,104901550.0,0.0348505622652858,603319
2020-06-18,23.45,23.45,22.12,22.5,3568380.0,80329490.0,104901550.0,0.0340164659149459,603319
2020-06-19,22.5,22.73,22.22,22.37,1969270.0,44194720.0,104901550.0,0.0187725538850474,603319
2020-06-22,22.4,22.55,21.74,21.93,2612597.0,57678260.0,104901550.0,0.0249052278064528,603319
2020-06-23,21.98,22.22,21.77,22.2,2059880.0,45346613.0,104901550.0,0.0196363161459482,603319
2020-06-24,22.2,22.3,21.67,22.0,1707587.0,37365890.0,104901550.0,0.016277995892339,603319
2020-06-29,21.8,22.01,21.39,21.65,1496965.0,32390505.0,104901550.0,0.0142701895253216,603319
2020-06-30,21.54,22.8,21.54,22.34,3232645.0,71895097.0,104901550.0,0.0308159888962555,603319
2020-07-01,22.35,22.84,22.2,22.74,2659090.0,59838825.0,104901550.0,0.0253484338410633,603319
2020-07-02,22.74,23.64,22.43,23.48,4140943.0,96694594.0,104901550.0,0.0394745644845095,603319
2020-07-03,23.32,23.8,23.05,23.39,3674917.0,85780584.0,104901550.0,0.035032056247024,603319
2020-07-06,23.4,24.03,23.24,23.79,4655284.0,110124090.0,104901550.0,0.0443776474227501,603319
2020-07-07,24.0,24.0,22.98,23.05,5378634.0,125106375.0,104901550.0,0.0512731604061141,603319
2020-07-08,23.05,23.46,22.85,23.33,4809646.0,111876211.0,104901550.0,0.0458491414092546,603319
2020-07-09,23.45,23.57,23.09,23.25,4720218.0,109926649.0,104901550.0,0.0449966468560283,603319
2020-07-10,23.32,23.47,22.39,22.42,5700317.0,129930179.0,104901550.0,0.0543396832553951,603319
2020-07-13,22.53,24.0,22.52,23.98,11909180.0,278363573.0,104901550.0,0.1135272071766337,603319
2020-07-14,24.0,24.08,22.8,23.2,6958991.0,162231079.0,104901550.0,0.0663383048200908,603319
2020-07-15,23.1,23.23,22.39,22.65,3447274.0,78552648.0,104901550.0,0.0328619929829444,603319
2020-07-16,22.77,22.9,21.27,21.58,3876173.0,85388407.0,104901550.0,0.0369505788999304,603319
2020-07-17,21.58,21.99,21.05,21.95,2546127.0,54570877.0,104901550.0,0.0242715860728463,603319
2020-07-20,22.0,22.47,21.73,22.36,2478644.0,54786984.0,104901550.0,0.0236282876659115,603319
2020-07-21,22.35,22.65,22.1,22.12,2072855.0,46333935.0,104901550.0,0.0197600035461821,603319
2020-07-22,22.12,22.36,21.89,22.0,1568249.0,34718307.0,104901550.0,0.0149497219059203,603319
2020-07-23,21.86,22.28,21.15,22.24,1998185.0,43486924.0,104901550.0,0.0190481932821774,603319
2020-07-24,22.22,22.5,21.71,21.8,2076337.0,45939269.0,104901550.0,0.0197931965733585,603319
2020-07-27,21.91,21.91,21.0,21.34,1940048.0,41443124.0,104901550.0,0.0184939879344013,603319
2020-07-28,21.34,21.68,21.14,21.3,1467067.0,31382702.0,104901550.0,0.0139851794372914,603319
2020-07-29,21.19,22.06,21.07,21.89,1454780.0,31406826.0,104901550.0,0.0138680505674129,603319
2020-07-30,21.95,22.12,21.72,21.75,910460.0,19878300.0,104901550.0,0.0086791853885857,603319
2020-07-31,21.75,22.07,21.55,22.02,1339233.0,29246858.0,104901550.0,0.0127665701793729,603319
2020-08-03,22.02,23.96,22.02,23.43,5429794.0,125747924.0,104901550.0,0.0517608557738184,603319
2020-08-04,23.35,23.88,23.1,23.58,4578509.0,107961309.0,104901550.0,0.0436457707250274,603319
2020-08-05,23.41,24.8,23.41,24.38,5231128.0,127133350.0,104901550.0,0.0498670229372206,603319
2020-08-06,24.52,25.34,24.28,24.96,4775755.0,118495182.0,104901550.0,0.0455260670600196,603319
2020-08-07,25.0,25.79,24.2,25.51,4083331.0,102286187.0,104901550.0,0.0389253638292284,603319
2020-08-10,25.66,25.8,24.0,24.36,5381750.0,132755133.0,104901550.0,0.0513028644476654,603319
2020-08-11,24.51,26.5,24.51,25.39,6141182.0,158600218.0,104901550.0,0.0585423380302769,603319
2020-08-12,25.5,25.87,24.26,25.21,4104876.0,102264180.0,104901550.0,0.039130746876476,603319
2020-08-13,26.21,26.21,25.01,25.51,3314490.0,85109323.0,104901550.0,0.0315961966243587,603319
2020-08-14,25.83,28.06,25.83,28.06,6176387.0,170317027.0,104901550.0,0.0588779384098709,603319
2020-08-17,28.95,30.87,28.2,30.87,12193995.0,359872622.0,104901550.0,0.116242276687046,603319
2020-08-18,30.8,33.96,29.96,33.96,8438103.0,276990615.0,104901550.0,0.0804383062023392,603319
2020-08-19,35.7,37.3,33.13,35.05,13859053.0,484354214.0,104901550.0,0.1321148543562988,603319
2020-08-20,33.15,34.96,32.33,34.1,9367571.0,315483500.0,104901550.0,0.0892986900574872,603319
2020-08-21,33.6,34.68,32.6,32.82,8154568.0,274273691.0,104901550.0,0.077735438608867,603319
2020-08-24,33.19,33.77,31.0,33.25,7127769.0,232621980.0,104901550.0,0.0679472228961345,603319
2020-08-25,33.18,33.66,32.57,33.53,4877679.0,161859916.0,104901550.0,0.0464976828273748,603319
2020-08-26,33.1,33.48,31.45,32.76,4519688.0,148740597.0,104901550.0,0.0430850449778864,603319
2020-08-27,32.63,33.92,32.63,33.46,2933883.0,97771291.0,104901550.0,0.0279679661549328,603319
2020-08-28,33.2,34.98,32.62,34.4,3961810.0,135180332.0,104901550.0,0.037766934806969,603319
2020-08-31,34.53,37.84,34.53,37.84,2728653.0,100941080.0,104901550.0,0.026011560363026,603319
2020-09-01,37.88,40.86,37.84,38.93,7637540.0,300857360.0,104901550.0,0.0728067411777995,603319
2020-09-02,38.62,38.8,36.37,38.14,7170290.0,268047257.0,104901550.0,0.0683525648572399,603319
2020-09-03,37.7,38.88,36.97,37.2,3582230.0,134832315.0,104901550.0,0.0341484944693381,603319
2020-09-04,36.39,37.38,35.85,36.3,3727900.0,135390441.0,104901550.0,0.0355371298136204,603319
2020-09-07,37.0,37.28,33.58,34.38,4810210.0,166721344.0,104901550.0,0.0458545178789064,603319
2020-09-08,34.19,34.19,30.94,30.94,4406810.0,139857314.0,104901550.0,0.0420090074932162,603319
2020-09-09,30.3,30.82,28.52,28.88,3937814.0,115271660.0,104901550.0,0.0375381869953303,603319
2020-09-10,29.12,31.77,28.78,30.69,5299520.0,161261323.0,104901550.0,0.0505189866117326,603319
2020-09-11,30.6,31.07,29.51,30.31,3105130.0,94329096.0,104901550.0,0.0296004205848245,603319
2020-09-14,30.31,32.4,29.3,31.98,3253648.0,101642815.0,104901550.0,0.0310162051942988,603319
2020-09-15,33.52,35.18,32.93,34.65,5730978.0,194980120.0,104901550.0,0.0546319668298514,603319
2020-09-16,33.97,34.95,33.13,33.15,4145500.0,140446537.0,104901550.0,0.0395180052153662,603319
2020-09-17,33.08,34.5,32.9,33.78,4698660.0,159527800.0,104901550.0,0.0447911398830617,603319
2020-09-18,34.05,34.83,33.05,34.11,3522136.0,119049557.0,104901550.0,0.0335756335344901,603319
2020-09-21,34.3,35.08,33.82,34.64,2709560.0,93807408.0,104901550.0,0.025829551612917,603319
2020-09-22,34.99,35.3,34.07,34.43,2805920.0,96978651.0,104901550.0,0.0267481271725727,603319
2020-09-23,34.43,34.79,33.68,33.73,2063810.0,70145895.0,104901550.0,0.0196737798440537,603319
2020-09-24,33.41,33.51,32.4,32.83,2309700.0,76020534.0,104901550.0,0.0220177871537646,603319
2020-09-25,33.1,34.49,32.32,34.11,3308707.0,110703156.0,104901550.0,0.0315410687449327,603319
2020-09-28,34.1,36.0,33.98,35.6,3751268.0,132475677.0,104901550.0,0.0357598910597603,603319
2020-09-29,35.5,36.57,34.86,36.0,3355970.0,119932640.0,104901550.0,0.0319916149952026,603319
2020-09-30,35.85,38.66,35.5,38.05,6475583.0,241928316.0,104901550.0,0.0617300983636562,603319
2020-10-09,38.0,38.85,37.2,38.4,5021855.0,190431496.0,104901550.0,0.0478720762467284,603319
2020-10-12,39.0,41.16,38.69,39.45,5870384.0,232659559.0,104901550.0,0.0559608890431075,603319
2020-10-13,39.32,40.98,38.6,40.22,4286824.0,172166391.0,104901550.0,0.0408652112385374,603319
2020-10-14,40.6,40.98,39.31,39.63,4461685.0,178449020.0,104901550.0,0.04253211701829,603319
2020-10-15,39.83,41.11,36.45,37.49,6369972.0,241901578.0,104901550.0,0.0607233353558646,603319
2020-10-16,38.0,38.0,36.4,37.09,3610844.0,133388912.0,104901550.0,0.0344212645094376,603319
2020-10-19,37.76,39.56,36.81,38.43,4103957.0,157156371.0,104901550.0,0.0391219862814229,603319
2020-10-20,38.0,39.45,37.56,38.58,3713523.0,142736656.0,104901550.0,0.035400077501238,603319
2020-10-21,38.68,39.22,37.7,37.8,3037793.0,116991210.0,104901550.0,0.0289585139590406,603319
2020-10-22,38.53,38.53,37.0,37.65,2172150.0,81930507.0,104901550.0,0.0207065577200718,603319
2020-10-23,38.26,38.41,36.7,36.78,2214876.0,82880701.0,104901550.0,0.0211138538944372,603319
2020-10-26,36.23,37.48,35.88,36.99,1732440.0,63780359.0,104901550.0,0.016514913268679,603319
2020-10-27,36.77,37.57,36.51,37.0,1355590.0,50131491.0,104901550.0,0.0129224973320222,603319
2020-10-28,37.38,37.42,36.8,37.36,1538240.0,57132760.0,104901550.0,0.0146636536829055,603319
2020-10-29,36.85,37.0,34.6,36.68,2853928.0,102905426.0,104901550.0,0.0272057753198117,603319
2020-10-30,36.49,36.54,35.19,35.52,2310690.0,82643786.0,104901550.0,0.022027224573898,603319
2020-11-02,35.11,36.28,34.74,35.6,1645668.0,58641335.0,104901550.0,0.0156877376931036,603319
2020-11-03,36.05,36.45,34.24,35.18,2638700.0,91605906.0,104901550.0,0.0251540611173047,603319
2020-11-04,35.82,38.2,35.82,36.88,5225789.0,192841202.0,104901550.0,0.0498161275977333,603319
2020-11-05,36.96,40.4,36.68,39.0,6358295.0,246484061.0,104901550.0,0.0606120214620279,603319
2020-11-06,38.88,38.91,37.4,38.17,4080776.0,155526031.0,104901550.0,0.038901007659086,603319
2020-11-09,38.17,39.32,37.0,38.86,5230554.0,199992543.0,104901550.0,0.0498615511400927,603319
2020-11-10,38.71,40.49,37.88,39.8,4920971.0,193782510.0,104901550.0,0.0469103745368872,603319
2020-11-11,41.01,42.89,39.82,40.81,7071415.0,293763841.0,104901550.0,0.0674100144373462,603319
2020-11-12,40.92,41.52,39.1,39.98,3817846.0,152659700.0,104901550.0,0.0363945623301085,603319
2020-11-13,40.67,41.8,39.34,41.25,3255828.0,132382182.0,104901550.0,0.0310369865840876,603319
2020-11-16,41.68,43.77,40.2,43.02,4810804.0,203962050.0,104901550.0,0.0458601803309865,603319
2020-11-17,42.9,44.2,42.46,44.02,3881760.0,168515772.0,104901550.0,0.0370038383608249,603319
2020-11-18,44.02,45.67,42.6,43.25,5090919.0,224852551.0,104901550.0,0.048530445927634,603319
2020-11-19,43.0,44.43,42.0,43.94,4610509.0,198961280.0,104901550.0,0.0439508186485328,603319
2020-11-20,43.62,45.32,43.62,44.06,2802330.0,124770801.0,104901550.0,0.0267139046086544,603319
2020-11-23,44.68,45.45,43.02,45.37,3851356.0,170791242.0,104901550.0,0.0367140047025043,603319
2020-11-24,44.77,49.91,44.65,49.91,7420305.0,358499472.0,104901550.0,0.0707358947508401,603319
2020-11-25,51.48,53.0,48.63,48.63,7453414.0,378668896.0,104901550.0,0.0710515144914446,603319
2020-11-26,48.96,50.82,44.66,44.94,6045002.0,280579947.0,104901550.0,0.0576254783651909,603319
2020-11-27,45.01,45.36,42.23,44.74,5202196.0,228672920.0,104901550.0,0.0495912214833813,603319
2020-11-30,44.92,46.6,44.17,45.07,4028516.0,183283295.0,104901550.0,0.0384028262690112,603319
2020-12-01,45.18,45.6,44.5,44.89,2765985.0,124299608.0,104901550.0,0.0263674368967856,603319
2020-12-02,44.69,46.3,44.01,44.48,2827518.0,126877618.0,104901550.0,0.0269540154554436,603319
2020-12-03,44.34,44.76,42.0,42.91,3897042.0,166784229.0,104901550.0,0.037149517809794,603319
2020-12-04,42.91,43.98,42.1,43.7,2091371.0,90820965.0,104901550.0,0.0199365119009204,603319
2020-12-07,43.37,44.5,43.21,43.25,1967010.0,86326278.0,104901550.0,0.0187510098754498,603319
2020-12-08,43.25,43.66,42.75,43.27,1983740.0,85786047.0,104901550.0,0.0189104927429575,603319
2020-12-09,43.28,44.5,41.51,41.85,2543070.0,109630771.0,104901550.0,0.024242444463404,603319
2020-12-10,41.83,45.48,41.0,44.89,4538947.0,199178464.0,104901550.0,0.0432686361640986,603319
2020-12-11,44.89,45.37,42.5,43.03,2830090.0,123567437.0,104901550.0,0.0269785336822954,603319
2020-12-14,43.22,44.28,42.29,44.0,1896709.0,83096831.0,104901550.0,0.0180808481857513,603319
2020-12-15,44.0,46.3,43.1,43.4,3331243.0,148199505.0,104901550.0,0.0317558987450614,603319
2020-12-16,43.49,43.54,40.0,41.8,4693670.0,195239254.0,104901550.0,0.0447435714724901,603319
2020-12-17,41.95,43.13,40.79,42.38,3171502.0,133682267.0,104901550.0,0.0302331281091652,603319
2020-12-18,42.6,44.3,42.01,42.66,3509282.0,151988821.0,104901550.0,0.0334530995967171,603319
2020-12-21,42.5,43.9,42.08,42.95,2509342.0,108166616.0,104901550.0,0.0239209239520293,603319
2020-12-22,42.99,43.28,41.42,41.5,3027960.0,127255270.0,104901550.0,0.0288647784517959,603319
2020-12-23,41.5,41.96,39.84,40.5,4277510.0,173816826.0,104901550.0,0.0407764232273021,603319
2020-12-24,40.1,40.36,39.0,39.88,2687732.0,106937195.0,104901550.0,0.0256214707980959,603319
2020-12-25,40.29,40.44,39.07,39.2,2712915.0,107756218.0,104901550.0,0.025861533981147,603319
2020-12-28,39.56,40.5,37.68,38.1,3005067.0,116670868.0,104901550.0,0.0286465452607706,603319
2020-12-29,38.08,38.89,37.71,38.53,2511772.0,96220925.0,104901550.0,0.0239440885287205,603319
2020-12-30,38.51,39.44,37.82,39.3,1916442.0,74770597.0,104901550.0,0.0182689578943304,603319
2020-12-31,39.15,39.7,37.9,39.44,3419739.0,132062801.0,104901550.0,0.0325995087775156,603319
2021-01-04,38.99,43.3,38.92,42.25,4967600.0,207687531.0,104901550.0,0.0473548770251726,603319
2021-01-05,42.0,43.0,41.65,42.85,2646800.0,112504800.0,104901550.0,0.025231276372942,603319
2021-01-06,43.33,43.48,41.53,42.0,2093330.0,88226470.0,104901550.0,0.0199551865534875,603319
2021-01-07,42.0,42.53,39.91,40.59,3301470.0,134780257.0,104901550.0,0.0314720802504824,603319
2021-01-08,40.54,40.54,37.0,39.4,2056377.0,81036260.0,104901550.0,0.019602922931072,603319
2021-01-11,39.39,39.5,37.6,38.17,2304250.0,88222700.0,104901550.0,0.0219658336792926,603319
2021-01-12,38.29,39.62,37.32,39.03,1861260.0,72798133.0,104901550.0,0.0177429218157405,603319
2021-01-13,39.0,39.55,37.73,37.93,1991585.0,76211804.0,104901550.0,0.0189852771479544,603319
2021-01-14,37.8,40.5,36.19,38.22,3103081.0,117953991.0,104901550.0,0.0295808879849725,603319
2021-01-15,39.1,40.0,36.8,37.02,3440093.0,130723213.0,104901550.0,0.0327935383223603,603319
2021-01-18,38.2,40.34,37.52,39.65,3915093.0,153035469.0,104901550.0,0.0373215934368939,603319
2021-01-19,39.8,39.8,37.4,38.35,3345061.0,127788446.0,104901550.0,0.0318876222515301,603319
2021-01-20,38.14,41.5,37.97,41.32,4545567.0,181742997.0,104901550.0,0.0433317429532738,603319
2021-01-21,41.28,42.19,40.01,40.04,3596050.0,147100158.0,104901550.0,0.034280237041302,603319
2021-01-22,40.19,40.86,39.11,40.44,2456640.0,98032274.0,104901550.0,0.0234185290875111,603319
2021-01-25,40.09,41.69,39.9,40.59,2220040.0,90691309.0,104901550.0,0.0211630810030929,603319
2021-01-26,40.88,40.88,39.6,40.04,1424248.0,57009382.0,104901550.0,0.0135769967173983,603319
2021-01-27,40.05,40.47,38.1,38.35,2256102.0,87674185.0,104901550.0,0.0215068509473882,603319
2021-01-28,37.95,38.68,37.0,37.05,1822080.0,68449411.0,104901550.0,0.0173694287643986,603319
2021-01-29,36.81,37.76,35.52,36.28,1615481.0,59096197.0,104901550.0,0.0153999726410143,603319
2021-02-01,35.82,37.3,35.82,36.7,858445.0,31476134.0,104901550.0,0.0081833395216753,603319
2021-02-02,36.65,37.25,35.9,36.81,1290030.0,47127588.0,104901550.0,0.0122975303987405,603319
2021-02-03,36.7,36.7,35.45,35.57,1241360.0,44788298.0,104901550.0,0.011833571572584,603319
2021-02-04,35.53,35.72,34.21,34.71,1199200.0,41688752.0,104901550.0,0.0114316709333656,603319
2021-02-05,34.58,35.08,32.91,33.28,1552870.0,52357695.0,104901550.0,0.0148031177804331,603319
2021-02-08,33.38,33.68,29.95,32.88,925000.0,30388563.0,104901550.0,0.0088177915388285,603319
2021-02-09,32.88,33.86,32.01,33.54,1518541.0,49954057.0,104901550.0,0.0144758680877451,603319
2021-02-10,33.54,34.6,33.4,34.08,1387536.0,47397717.0,104901550.0,0.0132270304871567,603319
2021-02-18,34.25,35.36,34.25,34.97,1466221.0,51249782.0,104901550.0,0.0139771147328137,603319
2021-02-19,35.95,35.95,34.98,35.05,1524198.0,54037484.0,104901550.0,0.0145297948409723,603319
2021-02-22,35.05,35.87,34.3,34.38,2109044.0,73567213.0,104901550.0,0.0201049841494239,603319
2021-02-23,34.5,34.5,33.25,33.58,1349730.0,45455232.0,104901550.0,0.0128666354310303,603319
2021-02-24,33.38,33.73,32.63,33.0,1079670.0,35766110.0,104901550.0,0.0102922216115967,603319
2021-02-25,33.25,33.68,32.61,32.97,1004690.0,33179061.0,104901550.0,0.0095774561958331,603319
2021-02-26,32.73,32.78,31.95,32.2,958500.0,30967527.0,104901550.0,0.0091371385837482,603319
2021-03-01,32.24,33.57,32.24,33.45,1026000.0,34044774.0,104901550.0,0.0097805990473925,603319
2021-03-02,33.66,34.34,32.07,32.1,2464626.0,81174398.0,104901550.0,0.0234946576099209,603319
2021-03-03,32.1,32.34,31.65,32.1,1334990.0,42698278.0,104901550.0,0.0127261227312656,603319
2021-03-04,32.1,32.35,31.43,31.69,1275830.0,40673636.0,104901550.0,0.012162165382685,603319
2021-03-05,31.5,31.76,30.99,31.73,1104550.0,34644516.0,104901550.0,0.0105293963721222,603319
2021-03-08,31.76,32.05,31.03,31.09,1137270.0,35669492.0,104901550.0,0.0108413078739065,603319
2021-03-09,30.91,31.13,29.81,29.91,1105170.0,33411055.0,104901550.0,0.0105353066756401,603319
2021-03-10,30.37,30.38,27.91,28.38,4768189.0,135816742.0,104901550.0,0.0454539422916058,603319
2021-03-11,29.01,29.77,28.27,28.4,4441526.0,127210424.0,104901550.0,0.0423399463592292,603319
2021-03-12,28.24,28.95,27.9,28.86,2342978.0,66800077.0,104901550.0,0.022335017928715,603319
2021-03-15,28.86,30.32,28.66,29.02,3401620.0,99900810.0,104901550.0,0.0324267849235783,603319
2021-03-16,29.02,29.3,28.15,28.27,2050600.0,58618703.0,104901550.0,0.0195478522481317,603319
2021-03-17,28.29,29.15,27.75,29.11,2180030.0,62456565.0,104901550.0,0.020781675771235,603319
2021-03-18,29.16,30.45,28.91,30.27,2439957.0,73065670.0,104901550.0,0.023259494259141,603319
2021-03-19,30.05,31.04,29.8,30.52,2364198.0,72152903.0,104901550.0,0.0225373028329896,603319
2021-03-22,30.37,32.63,30.08,32.45,3151508.0,100047256.0,104901550.0,0.0300425303534599,603319
2021-03-23,32.47,33.19,32.01,32.21,2120440.0,69138903.0,104901550.0,0.0202136193411822,603319
2021-03-24,32.0,33.6,31.77,32.43,2301117.0,75142845.0,104901550.0,0.0219359675810319,603319
2021-03-25,32.22,32.49,31.3,31.53,2192640.0,69512233.0,104901550.0,0.0209018837185913,603319
2021-03-26,31.8,32.49,31.26,32.15,1983250.0,63143090.0,104901550.0,0.0189058216966288,603319
2021-03-29,32.18,33.08,32.16,32.93,2051050.0,66794518.0,104901550.0,0.0195521419845559,603319
2021-03-30,32.74,33.66,32.31,32.94,2287530.0,75081729.0,104901550.0,0.021806446139261,603319
2021-03-31,33.8,33.87,32.0,32.1,1420560.0,46121038.0,104901550.0,0.0135418399442143,603319
2021-04-01,31.92,32.28,31.33,31.46,1433710.0,45343140.0,104901550.0,0.0136671955752798,603319
2021-04-02,31.77,31.77,30.85,31.34,2017870.0,62912178.0,104901550.0,0.0192358454188713,603319
2021-04-06,31.6,34.47,31.34,34.47,6371029.0,213289289.0,104901550.0,0.0607334114700879,603319
2021-04-07,34.58,34.69,32.81,32.85,5897842.0,195688969.0,104901550.0,0.0562226392269704,603319
2021-04-08,32.66,33.15,32.2,32.21,3188967.0,103720142.0,104901550.0,0.0303996175461659,603319
2021-04-09,32.09,32.54,31.72,32.35,1986000.0,63904800.0,104901550.0,0.0189320367525551,603319
2021-04-12,32.31,32.62,30.1,30.45,4520208.0,140673069.0,104901550.0,0.0430900020066433,603319
2021-04-13,30.3,30.79,29.62,30.45,1773070.0,53526062.0,104901550.0,0.0169022288040548,603319
2021-04-14,30.19,31.0,29.89,30.85,1414087.0,43176716.0,104901550.0,0.0134801344689377,603319
2021-04-15,30.75,31.65,30.47,31.33,1691814.0,52864984.0,104901550.0,0.0161276358642937,603319
2021-04-16,31.33,34.46,31.32,34.46,7106739.0,239702396.0,104901550.0,0.0677467492139058,603319
2021-04-19,36.0,37.91,35.08,37.91,12110011.0,447006993.0,104901550.0,0.1154416784118061,603319
2021-04-20,36.93,37.64,36.09,36.75,7831293.0,288690605.0,104901550.0,0.0746537396253916,603319
2021-04-21,36.49,36.99,34.66,34.77,6923080.0,243945348.0,104901550.0,0.0659959743206844,603319
2021-04-22,35.0,35.4,34.61,34.9,4329440.0,151027911.0,104901550.0,0.0412714588106658,603319
2021-04-23,35.02,35.3,34.28,34.72,3695911.0,128321919.0,104901550.0,0.0352321867503387,603319
2021-04-26,34.7,36.58,34.21,35.95,5614894.0,200421892.0,104901550.0,0.053525367356345,603319
2021-04-27,35.6,35.6,32.36,32.36,6620400.0,218097180.0,104901550.0,0.0631106022742276,603319
2021-04-28,31.9,33.18,31.48,32.53,2942910.0,95819925.0,104901550.0,0.0280540182676042,603319
2021-04-29,32.49,33.1,32.0,32.4,2263190.0,73584651.0,104901550.0,0.0215744190624447,603319
2021-04-30,32.42,32.6,31.5,31.79,2003750.0,63627554.0,104901550.0,0.0191012430226245,603319
2021-05-06,31.7,31.9,31.11,31.19,1805500.0,56664356.0,104901550.0,0.0172113758090323,603319
2021-05-07,31.29,31.76,30.67,31.06,2065180.0,64293940.0,104901550.0,0.0196868397082788,603319
2021-05-10,31.08,31.95,30.7,31.8,1691000.0,52982533.0,104901550.0,0.0161198762077395,603319
2021-05-11,31.76,31.76,30.0,30.98,2585490.0,79184651.0,104901550.0,0.0246468236170008,603319
2021-05-12,30.81,34.08,30.32,33.5,3943636.0,127911380.0,104901550.0,0.0375936866519131,603319
2021-05-13,34.0,35.16,33.06,34.46,5001162.0,171896654.0,104901550.0,0.0476748151004441,603319
2021-05-14,33.96,37.91,33.5,36.97,10329957.0,376792982.0,104901550.0,0.0984728728984462,603319
2021-05-17,36.89,37.9,35.15,35.98,7726920.0,280578800.0,104901550.0,0.0736587781591406,603319
2021-05-18,35.6,36.5,35.39,35.58,2679000.0,95891948.0,104901550.0,0.0255382308459693,603319
2021-05-19,35.75,36.95,35.05,35.18,3672850.0,131570720.0,104901550.0,0.035012352057715,603319
2021-05-20,35.08,36.07,35.08,35.25,1983030.0,70351770.0,104901550.0,0.0189037244921547,603319
2021-05-21,35.15,36.15,35.1,35.2,2039700.0,72389236.0,104901550.0,0.0194439452991876,603319
2021-05-24,35.02,35.62,33.09,33.18,4329870.0,147165675.0,104901550.0,0.0412755578921379,603319
2021-05-25,33.3,33.76,32.21,33.35,2733600.0,90386396.0,104901550.0,0.0260587188654505,603319
2021-05-26,33.5,33.79,32.91,33.56,1772559.0,59283659.0,104901550.0,0.0168973575700263,603319
2021-05-27,33.71,34.29,33.11,33.46,2071410.0,69820129.0,104901550.0,0.0197462287258863,603319
2021-05-28,33.46,34.12,33.3,33.54,2222110.0,74875394.0,104901550.0,0.0211828137906446,603319
2021-05-31,33.31,34.16,32.68,33.98,2613160.0,87905506.0,104901550.0,0.0249105947433569,603319
2021-06-01,33.92,35.41,33.78,35.39,3609896.0,125578261.0,104901550.0,0.0344122274647038,603319
2021-06-02,35.8,36.62,34.91,35.54,3787120.0,135144966.0,104901550.0,0.0361016591270577,603319
2021-06-03,35.6,35.84,34.3,34.35,2774720.0,97066181.0,104901550.0,0.0264507054471549,603319
2021-06-04,34.5,36.52,33.75,36.09,4341290.0,154811721.0,104901550.0,0.0413844218698389,603319
2021-06-07,36.1,36.18,34.61,34.77,5585110.0,196164057.0,104901550.0,0.0532414440015424,603319
2021-06-08,24.6,25.23,24.02,24.89,3991530.0,98140364.0,104901550.0,0.0380502480659246,603319
2021-06-09,24.55,24.6,23.81,24.12,3536190.0,85465900.0,146303450.0,0.0241702434221476,603319
2021-06-10,24.13,24.3,23.38,23.53,3950385.0,93731587.0,146303450.0,0.0270013113156251,603319
2021-06-11,23.41,23.74,22.87,22.89,3232580.0,75264885.0,146303450.0,0.0220950360364024,603319
2021-06-15,23.05,23.96,23.05,23.33,2239405.0,52784353.0,146303450.0,0.0153065768442234,603319
2021-06-16,23.01,23.1,22.29,22.49,2744350.0,61820892.0,146303450.0,0.0187579308621908,603319
2021-06-17,22.31,22.73,22.24,22.33,1572892.0,35233182.0,146303450.0,0.0107508879660732,603319
2021-06-18,22.33,23.78,22.26,23.59,3572202.0,82823512.0,146303450.0,0.0244163893606063,603319
2021-06-21,23.59,23.88,23.27,23.49,1991650.0,46820360.0,146303450.0,0.0136131444610499,603319
2021-06-22,23.49,24.66,23.2,24.41,4232011.0,101633376.0,146303450.0,0.0289262556692955,603319
2021-06-23,24.57,25.06,24.03,24.69,4635698.0,114203751.0,146303450.0,0.0316855002393996,603319
2021-06-24,24.71,26.25,24.11,25.24,8121622.0,207871357.0,146303450.0,0.0555121700821135,603319
2021-06-25,25.17,25.96,25.02,25.53,4426460.0,112791319.0,146303450.0,0.0302553357422535,603319
2021-06-28,25.94,27.27,25.94,26.35,11254386.0,299944072.0,146303450.0,0.0769249528975564,603319
2021-06-29,26.3,26.3,25.25,25.91,6506439.0,167646894.0,146303450.0,0.0444722185293648,603319
2021-06-30,25.91,27.05,25.83,26.35,5344901.0,141764330.0,146303450.0,0.0365329799126404,603319
2021-07-01,26.5,27.25,26.3,26.78,6075700.0,163388135.0,146303450.0,0.0415280705957378,603319
2021-07-02,26.8,27.1,26.26,27.1,4775972.0,127888420.0,146303450.0,0.0326442882925864,603319
2021-07-05,27.1,27.35,25.99,26.89,5059864.0,134464829.0,146303450.0,0.0345847210028198,603319
2021-07-06,26.69,26.8,25.6,26.27,4886115.0,127157755.0,146303450.0,0.0333971276822248,603319
2021-07-07,27.15,27.15,23.64,24.46,11989665.0,292004262.0,146303450.0,0.0819506648681217,603319
2021-07-08,24.2,24.42,22.95,23.32,7636420.0,179956927.0,146303450.0,0.0521957616173781,603319
2021-07-09,23.0,24.54,22.95,24.24,5563344.0,133786484.0,146303450.0,0.0380260615863809,603319
2021-07-12,24.52,24.79,23.88,24.2,5472417.0,132549889.0,146303450.0,0.0374045656476316,603319
2021-07-13,24.09,24.54,23.74,24.45,3943087.0,95190480.0,146303450.0,0.0269514286915311,603319
2021-07-14,24.5,24.5,23.52,23.61,3838664.0,91655473.0,160609845.0,0.0239005522980238,603319
2021-07-15,23.54,23.86,23.2,23.7,2954264.0,69519156.0,160609845.0,0.0183940405396692,603319
2021-07-16,23.77,24.23,23.6,23.74,2438799.0,58164285.0,160609845.0,0.0151846171073759,603319
2021-07-19,23.66,23.88,23.35,23.88,2029604.0,48014912.0,160609845.0,0.0126368592161956,603319
2021-07-20,23.61,23.89,23.51,23.69,1557869.0,36855554.0,160609845.0,0.0096997105003121,603319
2021-07-21,23.69,23.88,23.6,23.64,2267530.0,53798676.0,160609845.0,0.0141182503476047,603319
2021-07-22,23.55,25.8,22.67,25.01,10977620.0,264289803.0,160609845.0,0.0683496083319176,603319
2021-07-23,24.15,25.1,23.83,24.41,7363466.0,179137354.0,160609845.0,0.0458469155486701,603319
2021-07-26,24.02,24.02,23.18,23.36,4178635.0,98409483.0,160609845.0,0.0260173029866257,603319
2021-07-27,23.39,24.15,22.88,23.5,4302181.0,101038657.0,160609845.0,0.0267865335403318,603319
2021-07-28,23.5,23.68,22.8,23.15,3284872.0,76278774.0,160609845.0,0.0204524946773966,603319
2021-07-29,23.3,23.48,23.01,23.2,2619455.0,60775794.0,160609845.0,0.0163094298484629,603319
2021-07-30,23.1,23.31,22.7,22.7,3209900.0,73461052.0,160609845.0,0.0199856988841499,603319
2021-08-02,22.69,23.3,22.3,22.84,2941228.0,67540451.0,160609845.0,0.0183128749050221,603319
2021-08-03,22.85,23.11,22.27,22.3,3411368.0,77030027.0,160609845.0,0.021240092722834,603319
2021-08-04,22.32,22.5,21.6,21.89,5134270.0,112809027.0,160609845.0,0.0319673429732778,603319
2021-08-05,21.88,22.06,20.9,20.98,5776496.0,122685756.0,160609845.0,0.0359660144121302,603319
2021-08-06,20.98,21.02,20.07,20.8,4211115.0,86322224.0,160609845.0,0.0262195321837213,603319
2021-08-09,20.88,21.23,20.64,21.09,2323271.0,48712821.0,160609845.0,0.0144653087735686,603319
2021-08-10,21.09,21.2,20.46,20.64,2712838.0,56264055.0,160609845.0,0.0168908574689179,603319
2021-08-11,20.64,21.0,20.5,20.85,2188647.0,45432676.0,160609845.0,0.0136271036187102,603319
2021-08-12,20.88,21.5,20.7,21.41,3041841.0,64470180.0,160609845.0,0.0189393184458897,603319
2021-08-13,21.3,21.6,20.86,21.1,2497180.0,52928105.0,160609845.0,0.0155481128818722,603319
2021-08-16,21.07,21.32,20.81,21.0,1820102.0,38262894.0,160609845.0,0.0113324435373186,603319
2021-08-17,20.96,21.15,20.5,20.51,1801160.0,37351379.0,160609845.0,0.0112145055615986,603319
2021-08-18,20.41,20.72,20.26,20.58,1645283.0,33585464.0,160609845.0,0.0102439735247861,603319
2021-08-19,20.64,20.65,20.15,20.2,1570680.0,31854155.0,160609845.0,0.0097794752245729,603319
2021-08-20,20.3,20.3,19.3,19.46,2463563.0,48209139.0,160609845.0,0.0153388044176245,603319
2021-08-23,19.56,21.22,19.56,21.1,3801494.0,77848543.0,160609845.0,0.0236691219022096,603319
2021-08-24,21.15,22.24,20.75,21.95,5504214.0,119503139.0,160609845.0,0.034270713604138,603319
2021-08-25,21.96,22.57,21.16,21.18,5318160.0,115235881.0,160609845.0,0.033112291466317,603319
2021-08-26,20.73,21.46,20.65,20.79,2597149.0,54438629.0,160609845.0,0.0161705467059008,603319
2021-08-27,20.79,21.31,20.51,20.88,3034516.0,63134228.0,160609845.0,0.0188937110299807,603319
2021-08-30,20.87,21.1,20.0,20.08,2902841.0,59379060.0,160609845.0,0.0180738671405853,603319
2021-08-31,19.88,20.43,19.88,20.08,1427376.0,28713204.0,160609845.0,0.0088872260601459,603319
2021-09-01,20.03,20.22,19.48,20.05,2313750.0,45975312.0,160609845.0,0.0144060284722894,603319
2021-09-02,20.05,20.17,19.81,20.05,1375276.0,27524658.0,160609845.0,0.0085628374773663,603319
2021-09-03,20.1,20.45,19.96,20.16,2010800.0,40581801.0,160609845.0,0.0125197804655125,603319
2021-09-06,20.78,21.28,20.51,20.62,2944299.0,61388721.0,160609845.0,0.0183319957752278,603319
2021-09-07,20.59,20.88,20.31,20.8,2104039.0,43517992.0,160609845.0,0.0131003115033203,603319
2021-09-08,20.8,20.98,20.63,20.87,1857148.0,38585941.0,160609845.0,0.0115631018758532,603319
2021-09-09,20.88,20.88,20.54,20.65,2020798.0,41774878.0,160609845.0,0.0125820306968106,603319
2021-09-10,20.66,20.91,20.65,20.73,1533488.0,31838220.0,160609845.0,0.0095479078508543,603319
2021-09-13,20.72,21.11,20.37,21.08,2106461.0,43894965.0,160609845.0,0.0131153915253451,603319
2021-09-14,21.1,21.45,20.82,20.92,2020206.0,42545771.0,160609845.0,0.0125783447459276,603319
2021-09-15,20.78,20.9,20.28,20.33,3007770.0,61770242.0,160609845.0,0.018727183255796,603319
2021-09-16,20.35,20.44,19.71,19.87,2801018.0,56046061.0,160609845.0,0.0174398898149736,603319
2021-09-17,19.93,20.01,19.63,19.94,1377644.0,27262901.0,160609845.0,0.0085775812808984,603319
2021-09-22,19.83,20.13,19.61,19.98,1251041.0,24941067.0,160609845.0,0.007789317024744,603319
2021-09-23,19.98,20.1,19.91,19.93,1340802.0,26774297.0,160609845.0,0.008348193101114,603319
2021-09-24,19.96,20.02,19.55,19.6,1583280.0,31197577.0,160609845.0,0.0098579262062048,603319
2021-09-27,19.6,19.84,19.38,19.62,1318230.0,25799235.0,160609845.0,0.008207653771162,603319
2021-09-28,19.76,19.76,19.3,19.46,1252091.0,24375493.0,160609845.0,0.0077958546065466,603319
2021-09-29,19.35,19.44,18.8,18.81,1739395.0,33016393.0,160609845.0,0.0108299400948926,603319
2021-09-30,18.82,19.1,18.82,18.93,864032.0,16383376.0,160609845.0,0.0053796951239197,603319
2021-10-08,19.18,19.36,19.0,19.2,867791.0,16663489.0,160609845.0,0.0054030996667732,603319
2021-10-11,19.33,19.34,19.08,19.14,914434.0,17525536.0,160609845.0,0.0056935115029841,603319
2021-10-12,19.14,19.14,18.73,18.96,1036926.0,19595958.0,160609845.0,0.006456179569814,603319
2021-10-13,18.87,19.24,18.8,19.16,1107388.0,21060674.0,160609845.0,0.0068948948926511,603319
2021-10-14,19.13,19.26,19.03,19.14,629865.0,12062832.0,160609845.0,0.003921708535364,603319
2021-10-15,19.14,19.24,19.01,19.06,562966.0,10730888.0,160609845.0,0.0035051774067772,603319
2021-10-18,19.28,20.2,19.0,19.94,2428289.0,48004370.0,160609845.0,0.0151191790266655,603319
2021-10-19,19.86,20.56,19.71,20.27,2222778.0,45137194.0,160609845.0,0.013839612384907,603319
2021-10-20,20.45,20.45,19.98,20.38,2455172.0,49633877.0,160609845.0,0.0152865597996187,603319
2021-10-21,20.15,20.56,20.09,20.5,2700160.0,55046840.0,160609845.0,0.016811920838352,603319
2021-10-22,20.66,20.76,20.32,20.59,1971160.0,40519072.0,160609845.0,0.0122729711867911,603319
2021-10-25,20.49,20.74,20.08,20.23,1990108.0,40528859.0,160609845.0,0.0123909465201214,603319
2021-10-26,20.2,20.27,19.65,19.65,2076870.0,41308510.0,160609845.0,0.0129311500176094,603319
2021-10-27,19.62,19.78,19.0,19.1,1644730.0,31621641.0,160609845.0,0.01024053039837,603319
2021-10-28,19.0,19.37,18.83,19.13,1058748.0,20183945.0,160609845.0,0.0065920491984784,603319
2021-10-29,19.11,19.32,19.0,19.25,1017720.0,19524115.0,160609845.0,0.0063365978592408,603319
2021-11-01,19.25,19.5,18.93,19.3,1060300.0,20430185.0,160609845.0,0.0066017123670096,603319
2021-11-02,19.3,19.41,18.75,18.91,1451090.0,27581062.0,160609845.0,0.0090348757885919,603319
2021-11-03,18.88,19.03,18.66,18.87,1029240.0,19320390.0,160609845.0,0.0064083244710185,603319
2021-11-04,18.87,19.06,18.8,18.88,1362974.0,25790007.0,160609845.0,0.0084862419237127,603319
2021-11-05,18.88,19.76,18.67,19.71,3271686.0,63420885.0,160609845.0,0.020370395102492,603319
2021-11-08,20.01,20.88,19.84,20.37,3935008.0,80375604.0,160609845.0,0.0245004158991623,603319
2021-11-09,20.6,21.98,20.31,21.82,9516219.0,201679271.0,160609845.0,0.0592505334900236,603319
2021-11-10,21.41,22.44,21.41,22.21,8420594.0,184501349.0,160609845.0,0.0524288781923673,603319
2021-11-11,22.21,23.1,21.2,21.21,8006103.0,175381694.0,160609845.0,0.049848145983828,603319
2021-11-12,21.12,22.31,21.02,21.96,6566174.0,141952058.0,160609845.0,0.0408827615766642,603319
2021-11-15,21.94,22.73,21.88,22.35,5677462.0,126572875.0,160609845.0,0.0353494021490401,603319
2021-11-16,22.26,22.3,21.64,21.68,4240634.0,92875654.0,160609845.0,0.0264033254001334,603319
2021-11-17,22.21,22.21,21.46,22.0,2841433.0,61863236.0,160609845.0,0.0176915244516922,603319
2021-11-18,21.97,21.97,21.28,21.29,2629228.0,56588463.0,160609845.0,0.0163702791693747,603319
2021-11-19,21.35,22.03,21.25,21.59,3063224.0,66288550.0,160609845.0,0.0190724547427338,603319
2021-11-22,21.59,23.75,21.5,23.75,9704944.0,223443471.0,160609845.0,0.0604255859906968,603319
2021-11-23,25.02,26.13,25.02,25.77,25169170.0,649340925.0,160609845.0,0.1567100074095707,603319
2021-11-24,25.8,27.69,25.8,26.92,22977817.0,615904907.0,160609845.0,0.1430660555086146,603319
2021-11-25,29.01,29.61,27.6,29.12,34357239.0,994037171.0,160609845.0,0.2139173909295535,603319
2021-11-26,28.01,30.3,27.85,29.49,20801331.0,606873929.0,160609845.0,0.1295146695397159,603319
2021-11-29,29.5,32.44,29.0,32.4,30697083.0,966320472.0,160609845.0,0.1911282773481289,603319
2021-11-30,32.25,32.9,30.43,31.3,20862154.0,658101110.0,160609845.0,0.1298933698616046,603319
2021-12-01,31.3,31.9,30.27,31.5,9397741.0,290754227.0,160609845.0,0.058512857664485,603319
2021-12-02,31.5,31.5,30.07,30.09,8883186.0,272068844.0,160609845.0,0.0553091001364206,603319
2021-12-03,29.82,30.29,28.2,28.92,15215434.0,444136592.0,160609845.0,0.0947353756552096,603319
2021-12-06,29.46,30.25,28.86,29.29,11589134.0,342702479.0,160609845.0,0.0721570586161763,603319
2021-12-07,29.32,29.98,28.46,29.45,9502906.0,276602336.0,160609845.0,0.0591676431790342,603319
2021-12-08,29.76,30.45,29.0,29.95,10668320.0,317857341.0,160609845.0,0.0664238235209055,603319
2021-12-09,29.66,30.53,27.96,28.01,13391734.0,385479151.0,160609845.0,0.0833805300042472,603319
2021-12-10,28.27,28.27,26.28,27.18,12549696.0,337814117.0,160609845.0,0.0781377754271539,603319
2021-12-13,27.25,27.5,26.49,27.05,6778888.0,183017099.0,160609845.0,0.0422071760295889,603319
2021-12-14,26.97,27.23,26.28,26.52,8019305.0,212462516.0,160609845.0,0.0499303451790268,603319
2021-12-15,26.49,27.04,26.1,26.69,8273582.0,220750393.0,160609845.0,0.0515135420247743,603319
2021-12-16,26.81,27.71,26.57,27.31,9092731.0,246355136.0,160609845.0,0.0566137835448381,603319
2021-12-17,27.31,27.31,26.0,26.03,7616195.0,201321822.0,160609845.0,0.04742047413096,603319
2021-12-20,26.0,26.84,25.8,26.4,7412534.0,195816040.0,160609845.0,0.046152426085711,603319
2021-12-21,26.75,27.64,26.11,27.27,11518106.0,311234815.0,160609845.0,0.0717148192254341,603319
2021-12-22,27.18,28.37,26.55,27.75,11907194.0,326050148.0,160609845.0,0.0741373855382277,603319
2021-12-23,28.4,28.58,27.2,28.15,10105616.0,283291168.0,160609845.0,0.0629202773964447,603319
2021-12-24,28.0,29.5,27.6,27.93,11198039.0,318567840.0,160609845.0,0.0697219961827371,603319
2021-12-27,28.5,29.27,26.0,26.29,11905958.0,326373126.0,160609845.0,0.0741296898705057,603319
2021-12-28,26.48,26.48,24.6,25.19,11908702.0,300269316.0,160609845.0,0.07414677475095,603319
2021-12-29,25.34,25.77,24.61,25.43,5552288.0,140449620.0,160609845.0,0.0345700352304057,603319
2021-12-30,25.22,26.38,24.99,26.1,5756726.0,147975225.0,160609845.0,0.0358429210861887,603319
2021-12-31,26.0,26.19,25.28,25.72,4936960.0,126963746.0,160609845.0,0.0307388379585323,603319
2022-01-04,25.66,25.98,25.38,25.68,3423700.0,87909285.0,160609845.0,0.0213168750645391,603319
2022-01-05,25.75,25.75,23.75,23.75,8266359.0,201043284.0,160609845.0,0.0514685696882404,603319
2022-01-06,23.81,26.13,23.68,26.13,9413982.0,237236964.0,160609845.0,0.0586139784893012,603319
2022-01-07,26.3,26.5,25.21,25.85,10522517.0,271974174.0,160609845.0,0.0655160149117882,603319
2022-01-10,25.85,25.88,24.46,25.48,5178703.0,130359681.0,160609845.0,0.0322439947563612,603319
2022-01-11,25.94,25.95,24.67,24.8,3888419.0,97301474.0,160609845.0,0.0242103402814441,603319
2022-01-12,24.84,25.55,24.73,25.5,3671686.0,92239470.0,160609845.0,0.0228609024558861,603319
2022-01-13,25.31,25.41,24.52,24.57,3858584.0,95955384.0,160609845.0,0.0240245795642228,603319
2022-01-14,24.45,27.03,24.24,27.03,15038665.0,399672857.0,160609845.0,0.0936347644193293,603319
2022-01-17,27.21,28.81,26.76,27.78,16220996.0,448822398.0,160609845.0,0.100996274543444,603319
2022-01-18,27.73,27.77,26.3,27.02,8783600.0,236175918.0,160609845.0,0.0546890509731828,603319
2022-01-19,26.8,26.81,25.83,26.35,5621734.0,147532816.0,160609845.0,0.0350024246645652,603319
2022-01-20,26.02,26.23,25.05,25.25,5486480.0,139483900.0,160609845.0,0.0341602969606252,603319
2022-01-21,25.03,25.24,23.9,24.1,5080278.0,124744946.0,160609845.0,0.0316311742907167,603319
2022-01-24,23.76,24.48,23.68,24.0,3347740.0,80903878.0,160609845.0,0.0208439277181296,603319
2022-01-25,23.88,24.12,22.6,22.71,5629590.0,129953977.0,160609845.0,0.0350513382289859,603319
2022-01-26,22.47,22.98,21.82,22.43,4366268.0,97385572.0,160609845.0,0.0271855564022242,603319
2022-01-27,22.5,22.92,21.82,21.93,4480652.0,99154460.0,160609845.0,0.0278977418850008,603319
2022-01-28,21.85,22.25,21.16,21.52,3032625.0,65607638.0,160609845.0,0.0188819371564675,603319
2022-02-07,22.0,22.35,21.79,21.9,2905205.0,63848864.0,160609845.0,0.0180885860390438,603319
2022-02-08,21.98,22.19,21.35,21.9,2914300.0,63469953.0,160609845.0,0.0181452139499916,603319
2022-02-09,21.91,22.45,21.47,22.36,3700353.0,81584255.0,160609845.0,0.0230393908916355,603319
2022-02-10,22.28,22.36,21.0,21.53,5684800.0,122986759.0,160609845.0,0.0353950905064381,603319
2022-02-11,21.53,21.66,20.81,20.96,3912807.0,82252047.0,160609845.0,0.0243621865147805,603319
2022-02-14,20.95,21.19,20.0,20.67,3726031.0,77374347.0,160609845.0,0.0231992690111867,603319
2022-02-15,20.9,21.4,20.7,21.22,3094029.0,65245003.0,160609845.0,0.0192642549402871,603319
2022-02-16,21.25,21.53,20.94,21.45,2922466.0,62198126.0,160609845.0,0.0181960576576112,603319
2022-02-17,21.45,22.43,21.4,22.05,4937804.0,108132881.0,160609845.0,0.030744092929048,603319
2022-02-18,21.66,23.42,21.5,23.1,8763887.0,200166569.0,160609845.0,0.0545663125445392,603319
2022-02-21,23.1,23.1,22.08,22.28,4705817.0,105119018.0,160609845.0,0.0292996796055683,603319
2022-02-22,22.07,22.2,21.56,22.14,3148463.0,68862574.0,160609845.0,0.0196031756334737,603319
2022-02-23,22.1,22.38,21.95,22.26,3671989.0,81611964.0,160609845.0,0.0228627890152063,603319
2022-02-24,22.2,22.34,21.07,21.33,3747575.0,81095903.0,160609845.0,0.0233334077372405,603319
2022-02-25,21.48,22.16,21.48,21.86,3306466.0,72437105.0,160609845.0,0.0205869447168696,603319
2022-02-28,21.95,21.99,21.27,21.52,3039946.0,65249092.0,160609845.0,0.018927519667303,603319
2022-03-01,21.55,21.75,21.33,21.55,2060264.0,44303672.0,160609845.0,0.0128277566048332,603319
2022-03-02,21.36,21.82,21.23,21.6,1864176.0,40203956.0,160609845.0,0.0116068600900523,603319
2022-03-03,21.69,21.75,21.1,21.16,2277480.0,48512396.0,160609845.0,0.0141802017180204,603319
2022-03-04,21.03,21.28,20.6,20.72,2357600.0,49168592.0,160609845.0,0.0146790503409053,603319
2022-03-07,20.57,20.85,20.0,20.22,3315408.0,67526480.0,160609845.0,0.0206426200087547,603319
2022-03-08,20.22,20.51,19.35,19.49,3192265.0,62963441.0,160609845.0,0.0198758986412072,603319
2022-03-09,19.56,19.78,18.3,19.05,2997899.0,57072903.0,160609845.0,0.0186657237605826,603319
2022-03-10,19.5,19.85,19.2,19.48,2649955.0,51938711.0,160609845.0,0.0164993310341592,603319
2022-03-11,19.36,19.64,18.89,19.58,1775956.0,34153396.0,160609845.0,0.0110575786932613,603319
2022-03-14,19.53,19.56,18.46,18.52,3482582.0,65752411.0,160609845.0,0.0216834901994955,603319
2022-03-15,18.44,18.57,17.42,17.46,3020582.0,54406111.0,160609845.0,0.0188069542063252,603319
2022-03-16,17.71,18.06,17.04,17.94,2966613.0,52355647.0,160609845.0,0.0184709287279369,603319
2022-03-17,18.09,18.68,18.03,18.22,3412623.0,62814897.0,160609845.0,0.0212479066896552,603319
2022-03-18,18.28,18.48,18.01,18.24,1831053.0,33482238.0,160609845.0,0.0114006274023861,603319
2022-03-21,18.24,18.78,18.16,18.48,3135336.0,57848755.0,160609845.0,0.0195214434084037,603319
2022-03-22,18.41,18.52,18.08,18.3,1814925.0,33193096.0,160609845.0,0.0113002101458973,603319
2022-03-23,18.39,18.55,18.2,18.42,1575860.0,29031095.0,160609845.0,0.0098117272947993,603319
2022-03-24,18.27,18.36,18.05,18.19,1573380.0,28582202.0,160609845.0,0.0097962861492083,603319
2022-03-25,18.3,18.65,18.15,18.19,1941890.0,35658920.0,160609845.0,0.0120907283112065,603319
2022-03-28,17.99,18.25,17.7,18.02,1501296.0,26998168.0,160609845.0,0.0093474718190531,603319
2022-03-29,18.06,18.24,17.8,17.87,1425960.0,25613456.0,160609845.0,0.0088784096641149,603319
2022-03-30,18.01,18.3,17.8,18.19,1832200.0,33172148.0,160609845.0,0.011407768932222,603319
2022-03-31,18.54,18.79,18.3,18.34,5717105.0,106012817.0,160609845.0,0.0355962301065666,603319
2022-04-01,18.35,18.47,18.06,18.17,2381680.0,43321078.0,160609845.0,0.0148289788835796,603319
2022-04-06,18.18,19.99,18.17,19.99,5412372.0,103816857.0,160609845.0,0.0336988806632619,603319
2022-04-07,20.34,20.36,19.59,20.0,7835913.0,156339379.0,160609845.0,0.0487884973676426,603319
2022-04-08,20.51,20.58,19.41,19.58,6954970.0,137964379.0,160609845.0,0.0433035098190898,603319
2022-04-11,19.39,19.5,18.66,18.96,4832185.0,91644686.0,160609845.0,0.0300864806886526,603319
2022-04-12,18.7,18.97,18.04,18.92,5373444.0,99718713.0,160609845.0,0.0334565044876296,603319
2022-04-13,18.91,18.91,17.88,17.88,4383822.0,79625954.0,160609845.0,0.0272948523174279,603319
2022-04-14,17.88,18.65,17.88,18.21,3212192.0,58769676.0,160609845.0,0.0199999694912849,603319
2022-04-15,18.21,18.4,17.7,18.05,3355120.0,60464403.0,160609845.0,0.0208898775787997,603319
2022-04-18,18.26,19.86,18.15,19.86,12726794.0,248742122.0,160609845.0,0.0792404351053324,603319
2022-04-19,20.0,20.3,19.35,19.74,13468109.0,265762576.0,160609845.0,0.0838560612520359,603319
2022-04-20,19.4,20.24,19.4,19.85,10248688.0,203438157.0,160609845.0,0.0638110820666068,603319
2022-04-21,19.4,19.78,18.9,18.96,6210257.0,119861479.0,160609845.0,0.0386667268124192,603319
2022-04-22,19.15,19.95,18.81,19.4,8009521.0,156032498.0,160609845.0,0.0498694273691628,603319
2022-04-25,18.75,18.77,17.46,17.46,8021900.0,145082792.0,160609845.0,0.0499465023454819,603319
2022-04-26,17.1,17.4,15.71,15.8,8890163.0,144734696.0,160609845.0,0.0553525408109322,603319
2022-04-27,15.02,16.63,14.92,16.35,6166295.0,96608140.0,160609845.0,0.0383930076017444,603319
2022-04-28,16.3,16.3,15.35,15.77,5257849.0,82494134.0,160609845.0,0.0327367789938406,603319
2022-04-29,15.48,16.19,15.17,16.05,5121880.0,81067272.0,159213045.0,0.032169977026694,603319
2022-05-05,15.83,16.29,15.67,15.98,3519280.0,56484651.0,159213045.0,0.0221042189099517,603319
2022-05-06,15.5,16.44,15.32,16.18,3968795.0,63525395.0,159213045.0,0.024927574244937,603319
2022-05-09,15.93,16.33,15.82,16.0,2780322.0,44568987.0,159213045.0,0.0174629032438893,603319
2022-05-10,15.76,15.98,15.39,15.63,8733125.0,136287592.0,159213045.0,0.0548518182037156,603319
2022-05-11,15.6,17.19,15.39,17.19,15617825.0,263458260.0,159213045.0,0.0980938779231312,603319
2022-05-12,17.02,17.19,16.4,16.69,11472488.0,191986630.0,159213045.0,0.0720574623769051,603319
2022-05-13,16.64,17.18,16.6,17.0,8463005.0,142975566.0,159213045.0,0.0531552235559592,603319
2022-05-16,17.1,17.24,16.74,16.93,5043920.0,85305967.0,159213045.0,0.031680318657306,603319
2022-05-17,16.93,17.03,16.46,16.8,4953220.0,82944074.0,159213045.0,0.0311106417190877,603319
2022-05-18,16.98,17.39,16.81,16.95,6837292.0,116625719.0,159213045.0,0.0429442951738031,603319
2022-05-19,16.67,17.24,16.6,17.04,5531664.0,93619713.0,159213045.0,0.0347437862268132,603319
2022-05-20,17.13,17.6,17.04,17.44,6822260.0,118362137.0,159213045.0,0.0428498807996543,603319
2022-05-23,17.45,18.48,17.36,17.93,9391458.0,167141670.0,159213045.0,0.0589867369222163,603319
2022-05-24,18.28,18.59,17.17,17.31,12467519.0,225033481.0,159213045.0,0.0783071449955623,603319
2022-05-25,17.06,17.39,16.84,17.36,5747320.0,98526728.0,159213045.0,0.0360982983523743,603319
2022-05-26,17.46,17.46,16.7,17.15,4476000.0,76301942.0,159213045.0,0.0281132742609124,603319
2022-05-27,17.33,17.89,17.0,17.4,4888668.0,85464284.0,159213045.0,0.030705197554635,603319
2022-05-30,17.45,19.02,17.1,18.21,11214062.0,204019388.0,159213045.0,0.0704343164845569,603319
2022-05-31,18.21,18.36,17.6,17.91,6082739.0,108393090.0,159213045.0,0.0382050289911859,603319
2022-06-01,18.0,19.22,17.8,18.81,14617591.0,274644602.0,159213045.0,0.0918115158214579,603319
2022-06-02,14.17,15.61,13.89,15.61,15101339.0,224051101.0,159213045.0,0.0948498849450432,603319
2022-06-06,16.5,17.17,16.31,17.17,17478661.0,296480614.0,206976958.0,0.0844473760214409,603319
2022-06-07,17.17,17.17,15.53,15.63,28257775.0,454610696.0,206976958.0,0.1365261876155316,603319
2022-06-08,15.87,16.34,15.45,16.1,21812460.0,349385616.0,206976958.0,0.1053859338294072,603319
2022-06-09,16.05,16.84,15.81,16.5,22516245.0,368174575.0,206976958.0,0.1087862398673382,603319
2022-06-10,16.18,18.15,16.0,18.15,28474567.0,492770617.0,206976958.0,0.1375736085559823,603319
2022-06-13,18.77,19.5,17.79,17.96,34346687.0,634022545.0,206976958.0,0.1659444961018318,603319
2022-06-14,17.59,19.5,17.26,19.2,29928750.0,548335276.0,206976958.0,0.1445994292756008,603319
2022-06-15,19.31,20.5,18.67,19.31,32240550.0,629921119.0,206976958.0,0.155768788523793,603319
2022-06-16,19.1,19.81,18.81,19.16,16017099.0,307195228.0,206976958.0,0.0773859039903369,603319
2022-06-17,18.94,19.03,18.31,18.38,17439449.0,324404720.0,206976958.0,0.0842579249811952,603319
2022-06-20,18.52,19.54,18.15,19.0,17078508.0,321360006.0,206976958.0,0.0825140545354811,603319
2022-06-21,18.79,18.79,17.9,18.11,13926346.0,253913926.0,206976958.0,0.067284523526527,603319
2022-06-22,18.19,18.67,17.97,18.02,10050763.0,184072834.0,206976958.0,0.0485598160158484,603319
2022-06-23,17.95,19.1,17.8,18.96,17525014.0,325513861.0,206976958.0,0.0846713284867197,603319
2022-06-24,18.95,19.05,18.39,18.85,13450628.0,251465845.0,206976958.0,0.0649861130918737,603319
2022-06-27,19.15,20.74,18.7,20.74,19903697.0,395572881.0,206976958.0,0.0961638299853648,603319
2022-06-28,20.85,22.54,19.66,20.83,27227833.0,564749437.0,206976958.0,0.1315500684863674,603319
2022-06-29,20.73,20.8,19.12,19.15,18165385.0,360508774.0,206976958.0,0.0877652525939626,603319
2022-06-30,19.31,19.75,18.5,18.96,11679453.0,223022840.0,206976958.0,0.0564287595723578,603319
2022-07-01,18.73,19.15,18.4,18.66,10433168.0,195147505.0,206976958.0,0.0504073888263446,603319
2022-07-04,18.66,18.74,17.4,17.71,19176946.0,342144841.0,206976958.0,0.0926525647362157,603319
2022-07-05,17.72,18.07,17.12,17.54,15020549.0,263329313.0,206976958.0,0.0725711168293429,603319
2022-07-06,17.54,18.01,17.22,17.88,9459246.0,167680803.0,206976958.0,0.0457019278445477,603319
2022-07-07,17.91,18.65,17.4,18.28,12245754.0,221800859.0,206976958.0,0.0591648177571534,603319
2022-07-08,18.24,18.87,17.8,18.3,11157837.0,203628699.0,206976958.0,0.0539085949847615,603319
2022-07-11,18.01,18.1,17.44,17.78,7172486.0,126615235.0,206976958.0,0.0346535482466603,603319
2022-07-12,17.78,17.93,17.19,17.31,6397801.0,111730961.0,206976958.0,0.0309106920007975,603319
2022-07-13,17.41,17.5,16.87,17.24,5200482.0,89437466.0,206976958.0,0.025125898313763,603319
2022-07-14,17.24,17.6,17.05,17.26,5052768.0,87829596.0,206976958.0,0.0244122246689894,603319
2022-07-15,17.25,18.1,17.1,17.43,8736050.0,154062259.0,206976958.0,0.042207838420352,603319
2022-07-18,17.35,18.04,17.18,17.81,8731255.0,153942908.0,206976958.0,0.0421846715903516,603319
2022-07-19,17.97,19.08,17.6,18.32,13885259.0,256214884.0,206976958.0,0.0670860135068754,603319
2022-07-20,18.2,18.5,17.88,17.96,8970407.0,162151076.0,206976958.0,0.0433401238798765,603319
2022-07-21,17.9,18.9,17.64,18.86,14469830.0,267616409.0,206976958.0,0.0699103423870013,603319
2022-07-22,18.76,19.32,18.31,19.25,19633963.0,371239278.0,206976958.0,0.0948606221181393,603319
2022-07-25,18.99,19.45,18.8,18.82,11398207.0,217450299.0,206976958.0,0.0550699319873084,603319
2022-07-26,18.5,18.78,18.0,18.56,8151814.0,150079036.0,206976958.0,0.03938512807788,603319
2022-07-27,18.44,20.42,18.44,20.42,17854651.0,352585409.0,206976958.0,0.08626395504373,603319
2022-07-28,21.33,21.33,19.63,20.0,22590936.0,454450913.0,206976958.0,0.1091471061237647,603319
2022-07-29,20.05,20.4,19.78,20.18,13263205.0,266706919.0,206976958.0,0.0640805871733799,603319
2022-08-01,19.7,21.09,19.3,20.78,17650734.0,357659479.0,206976958.0,0.0852787390951991,603319
2022-08-02,20.3,20.68,19.44,20.25,13735008.0,276067958.0,206976958.0,0.0663600824590339,603319
2022-08-03,20.1,21.65,19.5,19.59,18217059.0,376947332.0,206976958.0,0.0880149132349312,603319
2022-08-04,19.59,19.85,18.83,19.74,10872075.0,210000830.0,206976958.0,0.0525279485458473,603319
2022-08-05,19.89,19.95,18.9,19.38,10897190.0,209944545.0,206976958.0,0.0526492905553283,603319
2022-08-08,19.11,20.11,18.55,19.98,12204584.0,238813412.0,206976958.0,0.0589659067266801,603319
2022-08-09,19.98,20.59,19.75,20.02,9496185.0,192200563.0,206976958.0,0.0458803969860258,603319
2022-08-10,19.9,20.25,19.38,19.88,7968077.0,157302109.0,206976958.0,0.0384974109050341,603319
2022-08-11,20.3,21.0,19.95,20.7,14780022.0,303769468.0,206976958.0,0.0714090212882537,603319
2022-08-12,20.4,21.18,19.92,19.94,10756519.0,220455386.0,206976958.0,0.0519696448529309,603319
2022-08-15,19.95,21.93,19.7,20.94,19059011.0,404726812.0,206976958.0,0.0920827670102292,603319
2022-08-16,20.89,21.21,20.4,20.94,15474636.0,321259022.0,206976958.0,0.074765018046115,603319
2022-08-17,20.8,21.8,20.51,21.56,17829415.0,379191118.0,206976958.0,0.0861420284281113,603319
2022-08-18,21.54,22.0,21.21,21.91,14030109.0,303842403.0,206976958.0,0.0677858498625726,603319
2022-08-19,21.7,21.87,20.59,20.6,10941724.0,231106403.0,206976958.0,0.0528644546027195,603319
2022-08-22,20.38,20.96,20.04,20.69,6495228.0,133146965.0,206976958.0,0.0313814062336349,603319
2022-08-23,20.42,21.38,20.4,21.05,7872772.0,165200748.0,206976958.0,0.0380369490211562,603319
2022-08-24,20.86,20.98,19.8,19.88,9497069.0,191396002.0,206976958.0,0.0458846679928497,603319
2022-08-25,19.75,19.97,18.0,18.25,9630138.0,180489591.0,206976958.0,0.0465275849691442,603319
2022-08-26,18.24,18.6,17.67,17.85,6289166.0,114022819.0,206976958.0,0.0303858268126638,603319
2022-08-29,17.3,18.05,17.17,17.79,3444110.0,61278306.0,206976958.0,0.016640064832724,603319
2022-08-30,17.62,17.82,17.0,17.23,6137287.0,106050799.0,206976958.0,0.0296520301549701,603319
2022-08-31,17.3,17.32,16.5,16.62,8216696.0,138869593.0,206976958.0,0.0396986025855109,603319
2022-09-01,16.73,16.8,16.43,16.48,3720702.0,61762081.0,206976958.0,0.0179764068230242,603319
2022-09-02,16.5,16.89,16.5,16.79,3176852.0,53103958.0,206976958.0,0.0153488196497699,603319
2022-09-05,16.8,17.1,16.66,17.05,3832082.0,64918546.0,206976958.0,0.0185145343570079,603319
2022-09-06,17.05,17.42,16.93,17.34,3773896.0,64869675.0,206976958.0,0.018233411276631,603319
2022-09-07,17.34,17.95,17.24,17.61,4284032.0,75604422.0,206976958.0,0.0206981107529853,603319
2022-09-08,17.55,17.77,17.2,17.24,3680558.0,64144175.0,206976958.0,0.0177824528660818,603319
2022-09-09,17.17,17.2,16.71,16.95,3146310.0,53173248.0,206976958.0,0.0152012573302966,603319
2022-09-13,16.97,17.27,16.96,17.06,2760687.0,47080589.0,206976958.0,0.0133381368954122,603319
2022-09-14,16.71,16.95,16.46,16.68,2938280.0,48967487.0,206976958.0,0.0141961696045411,603319
2022-09-15,16.8,16.9,15.53,15.88,5376895.0,86110697.0,206976958.0,0.0259782299051858,603319
2022-09-16,15.88,16.01,15.57,15.63,2398578.0,37923034.0,206976958.0,0.0115886233094603,603319
2022-09-19,15.62,15.9,15.52,15.65,2089344.0,32776203.0,206976958.0,0.0100945729427524,603319
2022-09-20,15.75,16.3,15.75,16.26,3160722.0,51036419.0,206976958.0,0.0152708882696014,603319
2022-09-21,16.17,16.26,15.9,16.07,2406790.0,38681694.0,206976958.0,0.0116282992235299,603319
2022-09-22,15.94,16.3,15.88,15.95,2107937.0,33913451.0,206976958.0,0.0101844041982682,603319
2022-09-23,15.95,16.02,15.4,15.46,2358303.0,36864829.0,206976958.0,0.0113940364318234,603319
2022-09-26,15.45,15.87,15.21,15.53,2423729.0,37783562.0,206976958.0,0.011710139251346,603319
2022-09-27,15.52,15.89,15.51,15.88,2012794.0,31608551.0,206976958.0,0.009724725010211,603319
2022-09-28,15.82,15.88,15.01,15.03,2569116.0,39473045.0,206976958.0,0.012412570098745,603319
2022-09-29,15.25,15.39,14.93,14.96,1850354.0,27940509.0,206976958.0,0.0089399033490481,603319
2022-09-30,14.85,15.13,14.67,14.68,1702782.0,25132907.0,206976958.0,0.0082269157709816,603319
2022-10-10,14.68,14.99,14.0,14.33,1784555.0,25958966.0,206976958.0,0.0086219983965558,603319
2022-10-11,14.22,14.68,14.22,14.62,1486620.0,21570312.0,206976958.0,0.0071825386476111,603319
2022-10-12,14.56,15.11,14.42,15.1,2358252.0,34869091.0,206976958.0,0.0113937900275836,603319
2022-10-13,14.9,15.21,14.9,15.07,1624126.0,24537520.0,206976958.0,0.0078468927927716,603319
2022-10-14,15.15,15.5,15.09,15.31,2062754.0,31562878.0,206976958.0,0.0099661045361387,603319
2022-10-17,15.17,15.43,15.17,15.41,1517708.0,23271974.0,206976958.0,0.0073327389418874,603319
2022-10-18,15.63,15.75,15.32,15.41,1945854.0,30097021.0,206976958.0,0.0094013073667842,603319
2022-10-19,15.34,15.59,15.16,15.39,1982996.0,30650085.0,206976958.0,0.009580757293766,603319
2022-10-20,15.21,15.48,14.86,15.1,2402660.0,36409424.0,206976958.0,0.0116083453115587,603319
2022-10-21,15.19,15.32,14.94,15.05,1461174.0,22120331.0,206976958.0,0.007059597426299,603319
2022-10-24,15.11,16.23,15.11,15.38,4208634.0,65574714.0,206976958.0,0.0203338286573909,603319
2022-10-25,15.21,15.88,14.91,15.74,3644796.0,56491983.0,206976958.0,0.0176096703479427,603319
2022-10-26,15.69,16.35,15.69,15.94,4503893.0,72073922.0,206976958.0,0.0217603594309275,603319
2022-10-27,16.5,17.53,16.5,17.53,8592686.0,149158902.0,206976958.0,0.0415151816078,603319
2022-10-28,17.03,17.8,16.53,16.63,11834226.0,203202021.0,206976958.0,0.0571765384627983,603319
2022-10-31,16.63,16.87,16.15,16.65,5893325.0,97369870.0,206976958.0,0.0284733385636095,603319
2022-11-01,16.8,16.99,16.45,16.97,5119378.0,86216671.0,206976958.0,0.0247340479320408,603319
2022-11-02,16.98,18.38,16.7,17.75,11529687.0,202695072.0,206976958.0,0.0557051717805225,603319
2022-11-03,17.33,17.68,17.31,17.41,5372437.0,93781488.0,206976958.0,0.0259566912757506,603319
2022-11-04,17.42,18.0,17.33,17.78,6132977.0,108626311.0,206976958.0,0.029631206580976,603319
2022-11-07,17.84,18.11,17.51,18.0,5498547.0,97866171.0,206976958.0,0.0265659861519464,603319
2022-11-08,18.0,18.0,17.4,17.56,3788851.0,66650000.0,206976958.0,0.0183056656963718,603319
2022-11-09,17.59,17.95,17.45,17.47,2580463.0,45499941.0,206976958.0,0.0124673926263811,603319
2022-11-10,17.41,17.67,17.27,17.43,3024022.0,52755650.0,206976958.0,0.0146104282777216,603319
2022-11-11,17.78,18.16,17.5,17.56,4701004.0,83721029.0,206976958.0,0.0227126924920792,603319
2022-11-14,17.47,17.66,17.1,17.2,2836089.0,49180538.0,206976958.0,0.0137024383168294,603319
2022-11-15,17.26,17.71,17.12,17.67,3443516.0,60297769.0,206976958.0,0.0166371949480482,603319
2022-11-16,17.7,17.74,17.38,17.5,2001762.0,35004314.0,206976958.0,0.009671424391115,603319
2022-11-17,17.48,17.49,17.01,17.24,3178943.0,54598406.0,206976958.0,0.0153589222236032,603319
2022-11-18,17.2,17.35,16.78,16.8,2432885.0,41491937.0,206976958.0,0.0117543760595805,603319
2022-11-21,16.7,17.17,16.64,17.13,2761691.0,46799372.0,206976958.0,0.0133429876769181,603319
2022-11-22,17.15,17.15,16.73,16.8,2046919.0,34530326.0,206976958.0,0.0098895984353968,603319
2022-11-23,16.76,16.93,16.29,16.78,2421600.0,40201023.0,206976958.0,0.0116998530821967,603319
2022-11-24,16.79,17.09,16.61,16.71,1922416.0,32404443.0,206976958.0,0.0092880677084837,603319
2022-11-25,16.71,16.71,16.31,16.33,1525827.0,25075913.0,206976958.0,0.0073719655305785,603319
2022-11-28,16.25,16.32,15.75,16.25,1941846.0,31249821.0,206976958.0,0.0093819428924064,603319
2022-11-29,16.38,16.55,16.23,16.46,1679694.0,27585013.0,206976958.0,0.0081153671221701,603319
2022-11-30,16.5,17.01,16.36,16.84,2917409.0,48952715.0,206976958.0,0.0140953322929792,603319
2022-12-01,17.01,17.15,16.7,16.77,2221612.0,37508228.0,206976958.0,0.0107336199230447,603319
2022-12-02,16.75,16.96,16.52,16.61,1784350.0,29789179.0,206976958.0,0.0086210079481407,603319
2022-12-05,16.88,16.88,16.53,16.62,1588016.0,26420678.0,206976958.0,0.0076724289280548,603319
2022-12-06,16.55,16.76,16.38,16.54,1957879.0,32350763.0,206976958.0,0.0094594056213735,603319
2022-12-07,16.58,16.74,16.38,16.43,1885842.0,31225157.0,206976958.0,0.00911136204833,603319
2022-12-08,16.41,16.56,16.2,16.24,1986470.0,32436435.0,206976958.0,0.009597541770809,603319
2022-12-09,16.2,16.29,16.06,16.13,1628183.0,26294378.0,206976958.0,0.0078664940084779,603319
2022-12-12,16.13,16.18,15.87,15.97,2430883.0,38880219.0,206976958.0,0.0117447034853029,603319
2022-12-13,16.05,16.05,15.7,15.79,2164440.0,34364162.0,206976958.0,0.0104573959387305,603319
2022-12-14,15.8,15.93,15.7,15.75,1322990.0,20933037.0,206976958.0,0.0063919675541854,603319
2022-12-15,15.74,16.35,15.6,16.29,3216312.0,51674188.0,206976958.0,0.015539468891025,603319
2022-12-16,16.17,16.17,15.66,15.67,2176870.0,34488210.0,206976958.0,0.0105174509328714,603319
2022-12-19,15.67,15.82,15.35,15.42,1515461.0,23556572.0,206976958.0,0.0073218826609675,603319
2022-12-20,15.42,15.77,15.23,15.57,1697180.0,26334794.0,206976958.0,0.0081998499562448,603319
2022-12-21,15.5,15.61,15.12,15.2,1750400.0,26754502.0,206976958.0,0.0084569800276995,603319
2022-12-22,15.22,15.49,14.92,15.0,1637382.0,24783579.0,206976958.0,0.0079109385693068,603319
2022-12-23,14.85,14.99,14.72,14.85,1457890.0,21637836.0,206976958.0,0.0070437309258357,603319
2022-12-26,14.98,15.24,14.6,15.19,1580968.0,23869431.0,206976958.0,0.0076383768284003,603319
2022-12-27,15.19,15.28,14.95,15.26,1477462.0,22337003.0,206976958.0,0.0071382921764653,603319
2022-12-28,15.2,15.2,14.87,14.94,1676816.0,25118270.0,206976958.0,0.0081014621927142,603319
2022-12-29,14.8,15.1,14.8,14.88,1109933.0,16599507.0,206976958.0,0.005362592100711,603319
2022-12-30,14.89,15.1,14.81,14.93,1362480.0,20377482.0,206976958.0,0.006582761739111,603319
2023-01-03,15.01,15.58,15.01,15.51,3164421.0,48664459.0,206976958.0,0.0152887598241732,603319
2023-01-04,15.46,15.53,15.17,15.27,1762685.0,27014088.0,206976958.0,0.0085163344607664,603319
2023-01-05,15.27,15.61,15.22,15.54,2656377.0,40997348.0,206976958.0,0.012834167753108,603319
2023-01-06,15.53,15.77,15.45,15.56,2772022.0,43302766.0,206976958.0,0.0133929014455802,603319
2023-01-09,15.45,15.96,15.41,15.77,2470666.0,39049108.0,206976958.0,0.0119369132867437,603319
2023-01-10,15.88,15.88,15.57,15.79,1957412.0,30775867.0,206976958.0,0.0094571493315695,603319
2023-01-11,15.76,15.86,15.5,15.6,1915245.0,30018495.0,206976958.0,0.0092534213397802,603319
2023-01-12,15.53,15.8,15.53,15.7,1560772.0,24486740.0,206976958.0,0.0075408007494244,603319
2023-01-13,15.74,15.86,15.51,15.67,1329985.0,20836607.0,206976958.0,0.0064257635866887,603319
2023-01-16,15.68,15.83,15.55,15.78,1789101.0,28178744.0,206976958.0,0.0086439621940911,603319
2023-01-17,15.8,15.92,15.65,15.75,1733509.0,27336349.0,206976958.0,0.0083753719097562,603319
2023-01-18,15.47,15.99,15.47,15.82,2060694.0,32664588.0,206976958.0,0.0099561517374315,603319
2023-01-19,15.75,15.95,15.73,15.9,1461420.0,23195457.0,206976958.0,0.007060785964397,603319
2023-01-20,15.88,16.01,15.87,15.98,1867295.0,29764444.0,206976958.0,0.0090217530397755,603319
2023-01-30,16.2,16.68,16.18,16.44,4172160.0,68678589.0,206976958.0,0.0201576061428055,603319
2023-01-31,16.38,16.6,16.3,16.5,2262754.0,37293536.0,206976958.0,0.0109323956727588,603319
2023-02-01,16.6,16.72,16.46,16.63,2216957.0,36790618.0,206976958.0,0.0107111294968399,603319
2023-02-02,16.69,16.77,16.56,16.63,3046919.0,50761464.0,206976958.0,0.0147210541184975,603319
2023-02-03,16.73,17.16,16.34,16.62,4134291.0,68954937.0,206976958.0,0.0199746437475421,603319
2023-02-06,16.67,16.75,16.35,16.42,2283744.0,37551515.0,206976958.0,0.0110338079275471,603319
2023-02-07,16.45,16.76,16.43,16.76,2409922.0,40068306.0,206976958.0,0.0116434313427294,603319
2023-02-08,16.76,16.78,16.56,16.64,1631413.0,27127849.0,206976958.0,0.0078820996103344,603319
2023-02-09,16.51,16.93,16.5,16.85,3234820.0,54409797.0,206976958.0,0.0156288894728078,603319
2023-02-10,16.85,16.86,16.58,16.63,2046217.0,34193041.0,206976958.0,0.0098862067535073,603319
2023-02-13,16.63,16.93,16.63,16.83,2792843.0,46955781.0,206976958.0,0.013493497184358,603319
2023-02-14,16.95,16.95,16.77,16.92,2238944.0,37830448.0,206976958.0,0.0108173587129442,603319
2023-02-15,16.92,17.13,16.8,16.91,2322140.0,39484847.0,206976958.0,0.0112193164999555,603319
2023-02-16,16.98,17.08,16.18,16.45,2936380.0,49135382.0,206976958.0,0.0141869898387433,603319
2023-02-17,16.5,16.69,16.36,16.41,1975230.0,32618266.0,206976958.0,0.009543236208931,603319
2023-02-20,16.53,16.66,16.31,16.64,1795689.0,29686425.0,206976958.0,0.0086757918241314,603319
2023-02-21,16.65,18.3,16.6,18.3,15907838.0,286741800.0,206976958.0,0.0768580143109456,603319
2023-02-22,18.3,18.31,17.73,18.0,19866391.0,356830241.0,206976958.0,0.095983587699651,603319
2023-02-23,18.04,18.09,17.6,17.75,9490641.0,169051335.0,206976958.0,0.0458536113957187,603319
2023-02-24,17.7,17.85,17.48,17.58,6669466.0,117638515.0,206976958.0,0.032223229408947,603319
2023-02-27,17.48,17.64,17.31,17.35,5452351.0,95049746.0,206976958.0,0.0263427922252099,603319
2023-02-28,17.38,17.71,17.26,17.69,7963532.0,139266651.0,206976958.0,0.0384754519389544,603319
2023-03-01,17.51,17.53,17.26,17.42,7405906.0,128614996.0,206976958.0,0.0357813066322097,603319
2023-03-02,17.39,17.6,17.12,17.18,5066050.0,87610000.0,206976958.0,0.0244763960633724,603319
2023-03-03,17.19,17.42,17.15,17.41,3715405.0,64162703.0,206976958.0,0.0179508146022708,603319
2023-03-06,17.43,17.49,16.9,17.04,4397340.0,75153745.0,206976958.0,0.0212455533335261,603319
2023-03-07,17.04,17.19,16.61,16.61,4166303.0,70008793.0,206976958.0,0.0201293083068695,603319
2023-03-08,16.62,16.74,16.5,16.72,2348280.0,39053140.0,206976958.0,0.0113456107515117,603319
2023-03-09,16.72,16.75,16.41,16.47,2241676.0,37088051.0,206976958.0,0.0108305582498705,603319
2023-03-10,16.47,16.54,16.12,16.28,2933400.0,47793303.0,206976958.0,0.0141725921008076,603319
2023-03-13,16.28,16.3,15.77,15.91,3020575.0,48134415.0,206976958.0,0.0145937742499819,603319
2023-03-14,15.96,15.96,15.3,15.61,2935241.0,45789163.0,206976958.0,0.0141814868107202,603319
2023-03-15,15.69,15.85,15.53,15.59,2662660.0,41717068.0,206976958.0,0.0128645237891649,603319
2023-03-16,15.96,16.83,15.85,16.13,11249028.0,185360099.0,206976958.0,0.0543491802599591,603319
2023-03-17,16.34,16.49,15.66,15.75,6289085.0,99873597.0,206976958.0,0.0303854354647535,603319
2023-03-20,15.66,15.84,15.48,15.71,3128999.0,49015519.0,206976958.0,0.0151176200009664,603319
2023-03-21,15.66,15.89,15.61,15.88,2195010.0,34620010.0,206976958.0,0.0106050935389629,603319
2023-03-22,15.99,16.29,15.9,16.05,2990547.0,48152099.0,206976958.0,0.0144486952987298,603319
2023-03-23,15.93,16.02,15.83,15.96,2173516.0,34592203.0,206976958.0,0.0105012462305103,603319
2023-03-24,16.02,16.16,15.88,15.96,2379736.0,37988993.0,206976958.0,0.0114975890214793,603319
2023-03-27,15.84,16.15,15.84,16.04,2585722.0,41485315.0,206976958.0,0.0124928012518185,603319
2023-03-28,16.0,16.04,15.76,15.78,1963552.0,31122460.0,206976958.0,0.0094868144694637,603319
2023-03-29,15.78,15.98,15.66,15.71,1661799.0,26296571.0,206976958.0,0.0080289082227211,603319
2023-03-30,15.75,15.94,15.55,15.85,2324460.0,36642952.0,206976958.0,0.0112305254771403,603319
2023-03-31,15.88,15.97,15.72,15.89,2161648.0,34248606.0,206976958.0,0.0104439065144633,603319
2023-04-03,15.89,16.34,15.82,16.29,3660990.0,59241058.0,206976958.0,0.0176879109412749,603319
2023-04-04,16.24,16.27,15.92,16.05,2249813.0,36112265.0,206976958.0,0.0108698718047638,603319
2023-04-06,15.96,16.14,15.9,15.98,1538759.0,24650806.0,206976958.0,0.0074344459154723,603319
2023-04-07,15.98,16.18,15.96,16.09,1494133.0,24006315.0,206976958.0,0.0072188373741583,603319
2023-04-10,16.11,16.22,15.51,15.54,3784508.0,59287117.0,206976958.0,0.0182846826843401,603319
2023-04-11,15.54,15.54,15.24,15.4,2015543.0,30929397.0,206976958.0,0.0097380066818838,603319
2023-04-12,15.42,15.59,15.02,15.58,2077012.0,31914878.0,206976958.0,0.0100349914312684,603319
2023-04-13,15.52,15.82,15.3,15.37,1924396.0,29696424.0,206976958.0,0.0092976339907363,603319
2023-04-14,15.38,15.54,15.28,15.5,2076271.0,31981815.0,206976958.0,0.0100314113226072,603319
2023-04-17,15.49,15.64,15.3,15.53,1643223.0,25540239.0,206976958.0,0.0079391591019518,603319
2023-04-18,15.58,15.64,15.42,15.55,1025868.0,15904677.0,206976958.0,0.0049564357787111,603319
2023-04-19,15.52,15.52,15.04,15.1,2357444.0,35856487.0,206976958.0,0.0113898862113917,603319
2023-04-20,15.17,15.24,14.91,14.99,1593230.0,23893382.0,206976958.0,0.0076976201379865,603319
2023-04-21,15.08,15.08,14.68,14.69,1666394.0,24684660.0,206976958.0,0.0080511087615849,603319
2023-04-24,14.68,14.9,14.44,14.75,1483371.0,21775738.0,206976958.0,0.0071668412480968,603319
2023-04-25,14.75,14.75,14.11,14.26,2071843.0,29622625.0,206976958.0,0.0100100176368424,603319
2023-04-26,14.38,14.65,14.23,14.56,1950407.0,28371641.0,206976958.0,0.0094233049845094,603319
2023-04-27,14.6,14.81,14.51,14.66,1188810.0,17454905.0,206976958.0,0.0057436828306269,603319
2023-04-28,14.66,15.05,14.66,15.01,2171612.0,32380306.0,206976958.0,0.0104920471388897,603319
2023-05-04,15.0,15.08,14.64,14.71,2836842.0,41963531.0,206976958.0,0.0137060764029588,603319
2023-05-05,14.71,14.81,14.41,14.45,1919212.0,27822632.0,206976958.0,0.0092725877244751,603319
2023-05-08,14.47,15.0,14.41,14.72,2859372.0,41837572.0,206976958.0,0.013814929099499,603319
2023-05-09,14.68,14.68,14.39,14.42,1775300.0,25686575.0,206976958.0,0.0085772832742087,603319
2023-05-10,14.33,14.8,14.3,14.71,2098562.0,30536626.0,206976958.0,0.0101391093012392,603319
2023-05-11,14.72,14.79,14.53,14.69,1337930.0,19650013.0,206976958.0,0.0064641495020909,603319
2023-05-12,14.77,14.88,14.62,14.63,1506820.0,22216439.0,206976958.0,0.0072801340524098,603319
2023-05-15,14.64,14.83,14.59,14.83,1275656.0,18746415.0,206976958.0,0.0061632754308815,603319
2023-05-16,14.84,14.88,14.74,14.77,1244289.0,18422492.0,206976958.0,0.0060117271604697,603319
2023-05-17,14.82,14.92,14.69,14.88,1399705.0,20788344.0,206976958.0,0.0067626126769145,603319
2023-05-18,14.94,15.43,14.88,15.12,2316146.0,35091120.0,206976958.0,0.011190356754591,603319
2023-05-19,15.1,15.11,14.88,15.05,1259670.0,18933749.0,206976958.0,0.0060860397803314,603319
2023-05-22,15.05,15.2,15.0,15.16,1176512.0,17779148.0,206976958.0,0.0056842655886362,603319
2023-05-23,15.28,15.28,15.03,15.05,1159079.0,17548550.0,206976958.0,0.0056000388217127,603319
2023-05-24,15.1,15.15,14.9,14.99,1130110.0,17010742.0,206976958.0,0.0054600763820289,603319
2023-05-25,15.03,15.18,14.95,15.14,1165197.0,17560452.0,206976958.0,0.0056295976675819,603319
2023-05-26,15.1,15.36,14.9,15.31,2021799.0,30729497.0,206976958.0,0.0097682322686373,603319
2023-05-29,15.4,15.4,15.09,15.14,1421806.0,21587038.0,206976958.0,0.0068693926789667,603319
2023-05-30,14.99,15.15,14.85,14.99,1409549.0,21140375.0,206976958.0,0.0068101735266589,603319
2023-05-31,14.99,15.0,14.71,14.77,1379521.0,20467616.0,206976958.0,0.0066650945754067,603319
2023-06-01,14.77,15.1,14.72,14.97,1873135.0,28037904.0,206976958.0,0.0090499687409648,603319
2023-06-02,15.15,15.21,14.9,15.08,1341389.0,20209873.0,206976958.0,0.0064808615072987,603319
2023-06-05,15.11,15.21,15.06,15.1,1183980.0,17884171.0,206976958.0,0.0057203468996775,603319
2023-06-06,15.25,15.25,14.77,14.81,1442800.0,21538896.0,206976958.0,0.0069708242595777,603319
2023-06-07,14.8,14.84,14.45,14.48,1793478.0,26146048.0,206976958.0,0.0086651094756161,603319
2023-06-08,14.56,14.6,14.3,14.33,1577554.0,22716868.0,206976958.0,0.0076218822386982,603319
2023-06-09,14.33,14.66,14.33,14.46,1255340.0,18136221.0,206976958.0,0.0060651195772236,603319
2023-06-12,14.5,15.81,14.37,15.37,8137951.0,124186305.0,206976958.0,0.0393181496077452,603319
2023-06-13,15.17,15.65,15.17,15.52,6163423.0,95622303.0,206976958.0,0.0297783050807037,603319
2023-06-14,15.49,15.58,15.34,15.39,3083472.0,47556960.0,206976958.0,0.0148976583180819,603319
2023-06-15,15.35,15.57,15.21,15.32,2595614.0,39982245.0,206976958.0,0.0125405940114358,603319
2023-06-16,15.33,15.45,15.2,15.4,2932287.0,44906810.0,206976958.0,0.0141672146906323,603319
2023-06-19,15.5,15.85,15.4,15.77,4590788.0,72122177.0,206976958.0,0.0221801887725106,603319
2023-06-20,16.03,17.35,15.88,17.35,24857746.0,420015268.0,206976958.0,0.1200990981807743,603319
2023-06-21,17.37,17.55,16.79,16.93,22034701.0,375735377.0,206976958.0,0.1064596813718752,603319
2023-06-26,16.8,17.17,16.45,16.53,12188484.0,203431148.0,206976958.0,0.0588881202901822,603319
2023-06-27,16.48,16.53,15.96,16.5,11155676.0,181695334.0,206976958.0,0.0538981542090303,603319
2023-06-28,16.29,16.38,15.45,16.07,11388721.0,180511886.0,206976958.0,0.0550241007986985,603319
2023-06-29,16.08,17.27,15.91,16.59,15447149.0,256609679.0,206976958.0,0.0746322158237536,603319
2023-06-30,16.6,17.07,16.27,16.93,11607854.0,194904651.0,206976958.0,0.0560828321769034,603319
2023-07-03,16.71,17.49,16.7,16.93,10232885.0,174548989.0,206976958.0,0.0494397303877661,603319
2023-07-04,16.9,18.62,16.8,18.2,30391361.0,549973217.0,206976958.0,0.1468345138206157,603319
2023-07-05,17.94,18.03,17.19,17.23,22435204.0,392755789.0,206976958.0,0.1083946938673241,603319
2023-07-06,17.29,17.47,16.75,17.21,11531178.0,198210630.0,206976958.0,0.055712375480946,603319
2023-07-07,17.15,17.75,16.98,17.62,16469581.0,286947626.0,206976958.0,0.0795720507207377,603319
2023-07-10,17.77,18.93,17.72,18.6,28222042.0,516881379.0,206976958.0,0.1363535452096073,603319
2023-07-11,18.21,19.5,17.78,19.26,24169288.0,448515068.0,206976958.0,0.1167728438640981,603319
2023-07-12,18.92,19.5,18.3,18.46,22426045.0,424754728.0,206976958.0,0.1083504425647226,603319
2023-07-13,18.04,18.46,17.72,18.08,16857973.0,304242815.0,206976958.0,0.0814485494564085,603319
2023-07-14,18.31,19.2,17.3,17.95,22457824.0,411398256.0,206976958.0,0.1085039813948758,603319
2023-07-17,17.85,18.13,17.05,17.35,17203213.0,298708144.0,206976958.0,0.0831165612164422,603319
2023-07-18,17.35,17.7,17.17,17.36,9359529.0,162837174.0,206976958.0,0.045220149578196,603319
2023-07-19,17.2,17.41,16.83,16.98,9202270.0,156564288.0,206976958.0,0.0444603596889273,603319
2023-07-20,17.01,17.31,16.73,16.78,7317551.0,124583653.0,206976958.0,0.0353544233653293,603319
2023-07-21,16.62,16.77,16.26,16.34,7801798.0,128457307.0,206976958.0,0.0376940412855038,603319
2023-07-24,16.42,16.76,16.25,16.58,6614038.0,109601292.0,206976958.0,0.0319554314833441,603319
2023-07-25,16.88,17.27,16.61,17.09,7870519.0,133822423.0,206976958.0,0.0380260637515022,603319
2023-07-26,17.09,17.15,16.76,17.03,5335604.0,90236324.0,206976958.0,0.0257787342685749,603319
2023-07-27,17.32,17.44,16.83,16.83,7482680.0,128478863.0,206976958.0,0.0361522368108241,603319
2023-07-28,17.0,17.87,16.81,17.67,11867471.0,207049203.0,206976958.0,0.057337160206983,603319
2023-07-31,17.67,18.0,17.31,17.36,9683632.0,169651580.0,206976958.0,0.046786038859456,603319
2023-08-01,17.33,17.33,16.87,17.07,6933071.0,118266090.0,206976958.0,0.0334968252842908,603319
2023-08-02,16.97,17.29,16.82,17.15,4793778.0,81964017.0,206976958.0,0.0231609259616232,603319
2023-08-03,16.95,17.25,16.86,17.0,3909501.0,66435698.0,206976958.0,0.0188885808245379,603319
2023-08-04,17.01,17.25,16.97,17.0,5893558.0,100916568.0,206976958.0,0.0284744642927837,603319
2023-08-07,16.9,17.24,16.83,16.91,4869271.0,82907820.0,206976958.0,0.0235256670455075,603319
2023-08-08,16.94,17.3,16.78,17.01,4252278.0,72257581.0,206976958.0,0.0205446927092241,603319
2023-08-09,16.91,16.95,16.61,16.68,3797600.0,63588462.0,206976958.0,0.0183479361021433,603319
2023-08-10,16.63,16.85,16.45,16.65,2558759.0,42470747.0,206976958.0,0.0123625307122351,603319
2023-08-11,16.58,16.63,16.27,16.27,3782899.0,62147422.0,206976958.0,0.018276908872146,603319
2023-08-14,16.16,16.19,15.71,16.17,4544496.0,72592169.0,206976958.0,0.0219565310260285,603319
2023-08-15,16.1,16.29,16.01,16.2,2750043.0,44371398.0,206976958.0,0.0132867108811213,603319
2023-08-16,16.12,16.14,15.86,15.86,2573227.0,41069287.0,206976958.0,0.0124324322130582,603319
2023-08-17,15.88,16.6,15.75,16.51,4382112.0,71575400.0,206976958.0,0.0211719799263838,603319
2023-08-18,16.56,16.58,16.22,16.26,2196867.0,36040970.0,206976958.0,0.0106140655521664,603319
2023-08-21,16.34,16.67,16.17,16.44,3678536.0,60754936.0,206976958.0,0.0177726836626906,603319
2023-08-22,16.49,16.7,16.05,16.42,3571139.0,58608619.0,206976958.0,0.0172537998166926,603319
2023-08-23,16.27,16.63,16.1,16.3,2322520.0,38003544.0,206976958.0,0.011221152453115,603319
2023-08-24,16.26,16.6,16.07,16.3,3485475.0,57053287.0,206976958.0,0.0168399179970555,603319
2023-08-25,16.27,16.27,15.6,15.74,4611240.0,73229669.0,206976958.0,0.0222790017041413,603319
2023-08-28,16.7,16.7,15.79,15.82,4034230.0,65377024.0,206976958.0,0.0194912034604354,603319
2023-08-29,15.68,16.82,15.68,16.74,6576573.0,108826643.0,206976958.0,0.0317744209961767,603319
2023-08-30,16.86,17.08,16.69,16.83,4872387.0,82259936.0,206976958.0,0.023540721861416,603319
2023-08-31,16.84,16.95,16.68,16.72,3515200.0,58983132.0,206976958.0,0.0169835330172356,603319
2023-09-01,16.85,16.98,16.67,16.92,3346330.0,56484879.0,206976958.0,0.0161676450960304,603319
2023-09-04,17.02,17.04,16.81,17.03,3243000.0,55004193.0,206976958.0,0.0156684107802956,603319
2023-09-05,17.0,17.16,16.81,16.89,2713970.0,45973229.0,206976958.0,0.0131124257802648,603319
2023-09-06,16.89,17.13,16.72,17.13,3674598.0,62527440.0,206976958.0,0.0177536573902105,603319
2023-09-07,17.1,17.1,16.7,17.0,3377160.0,56881965.0,206976958.0,0.0163165988747404,603319
2023-09-08,16.84,16.88,16.45,16.72,3650984.0,60915193.0,206976958.0,0.0176395673957098,603319
2023-09-11,16.74,17.16,16.6,17.02,4155634.0,70371282.0,206976958.0,0.0200777615061865,603319
2023-09-12,17.03,17.43,17.03,17.34,6200399.0,107307012.0,206976958.0,0.029956952986042,603319
2023-09-13,17.23,17.31,16.68,16.85,3944442.0,66764140.0,206976958.0,0.0190573967175611,603319
2023-09-14,16.68,16.78,16.22,16.26,3899290.0,64125728.0,206976958.0,0.0188392468305578,603319
2023-09-15,16.27,16.53,16.13,16.17,3051656.0,49555533.0,206976958.0,0.0147439407240684,603319
2023-09-18,16.04,17.11,16.04,16.96,6396469.0,107743673.0,206976958.0,0.0309042565018276,603319
2023-09-19,16.96,17.15,16.63,16.86,4049370.0,68354653.0,206976958.0,0.0195643516994775,603319
2023-09-20,16.75,17.02,16.7,16.75,2841778.0,47804157.0,206976958.0,0.0137299244682106,603319
2023-09-21,16.73,16.81,16.23,16.25,2796699.0,45852199.0,206976958.0,0.0135121272774721,603319
2023-09-22,16.21,16.59,16.13,16.57,2393100.0,39240594.0,206976958.0,0.0115621565952283,603319
2023-09-25,16.54,16.92,16.51,16.73,2757860.0,46149190.0,206976958.0,0.0133244783701961,603319
2023-09-26,16.66,16.73,16.48,16.62,1698219.0,28193420.0,206976958.0,0.0082048698386996,603319
2023-09-27,16.55,16.77,16.4,16.41,2310902.0,38231709.0,206976958.0,0.0111650206009888,603319
2023-09-28,16.42,16.83,16.42,16.73,2669463.0,44650518.0,206976958.0,0.0128973921821771,603319
2023-10-09,16.8,17.2,16.7,17.14,5224800.0,89292262.0,206976958.0,0.0252433896530646,603319
2023-10-10,17.2,17.21,16.81,17.05,4129332.0,69962262.0,206976958.0,0.0199506845588096,603319
2023-10-11,17.17,17.19,16.91,17.06,2860352.0,48798088.0,206976958.0,0.0138196639260685,603319
2023-10-12,17.14,17.31,16.98,17.27,3752520.0,64588270.0,206976958.0,0.0181301340799491,603319
2023-10-13,17.17,17.5,17.13,17.24,4391069.0,75801085.0,206976958.0,0.0212152552749374,603319
2023-10-16,17.24,17.31,17.03,17.08,3218150.0,55051075.0,206976958.0,0.0155483491065705,603319
2023-10-17,17.06,17.14,16.64,16.79,2997389.0,50277500.0,206976958.0,0.0144817521185135,603319
2023-10-18,16.65,16.98,16.65,16.73,2741627.0,46091241.0,206976958.0,0.0132460493500923,603319
2023-10-19,16.6,16.63,16.34,16.37,3042534.0,50124402.0,206976958.0,0.0146998681853271,603319
2023-10-20,16.21,16.72,16.21,16.3,2562073.0,42111459.0,206976958.0,0.0123785421563689,603319
2023-10-23,16.21,16.33,15.67,15.77,3614621.0,57786073.0,206976958.0,0.0174638811727052,603319
2023-10-24,15.85,16.2,15.8,16.15,2611891.0,41942266.0,206976958.0,0.0126192356155896,603319
2023-10-25,16.3,16.75,16.18,16.64,4181346.0,69383236.0,206976958.0,0.0202019878947104,603319
2023-10-26,16.48,17.09,16.33,17.03,4301250.0,72036079.0,206976958.0,0.0207812987569369,603319
2023-10-27,17.1,17.17,16.85,17.02,3570550.0,60927149.0,206976958.0,0.0172509540892952,603319
2023-10-30,17.13,17.13,16.52,16.87,4063294.0,68191618.0,206976958.0,0.019631624888409,603319
2023-10-31,17.25,17.85,16.88,16.96,7255889.0,124931735.0,206976958.0,0.035056506144998,603319
2023-11-01,16.85,17.36,16.85,17.16,5517884.0,94661975.0,206976958.0,0.0266594120104905,603319
2023-11-02,17.24,17.44,17.13,17.2,5016436.0,86781683.0,206976958.0,0.024236688221111,603319
2023-11-03,17.28,17.31,17.05,17.25,4073710.0,70170909.0,206976958.0,0.0196819493308042,603319
2023-11-06,17.38,17.75,17.25,17.62,5543972.0,97152686.0,206976958.0,0.0267854550263512,603319
2023-11-07,17.58,17.96,17.49,17.89,5764013.0,102762417.0,206976958.0,0.0278485733663164,603319
2023-11-08,17.91,17.91,17.52,17.65,4705700.0,83001832.0,206976958.0,0.022735381007967,603319
2023-11-09,17.64,17.7,17.27,17.31,4327564.0,75353250.0,206976958.0,0.0209084336817821,603319
2023-11-10,17.4,17.51,17.12,17.2,2928237.0,50466769.0,206976958.0,0.0141476472951158,603319
2023-11-13,17.39,17.7,17.14,17.61,4405596.0,77047106.0,206976958.0,0.0212854418316458,603319
2023-11-14,17.61,17.64,17.44,17.52,2549113.0,44659318.0,206976958.0,0.0123159264907159,603319
2023-11-15,17.65,17.76,17.42,17.72,3233552.0,56952661.0,206976958.0,0.0156227631870017,603319
2023-11-16,17.72,17.85,17.54,17.6,2512028.0,44473224.0,206976958.0,0.0121367519567081,603319
2023-11-17,17.53,17.95,17.51,17.93,3607980.0,64375584.0,206976958.0,0.0174317954755137,603319
2023-11-20,17.96,18.65,17.84,18.5,7599220.0,139214941.0,206976958.0,0.0367152946561326,603319
2023-11-21,18.39,18.55,18.02,18.08,5034370.0,91891725.0,206976958.0,0.0243233355473317,603319
2023-11-22,18.03,18.19,17.69,17.8,3943296.0,70769574.0,206976958.0,0.0190518598693483,603319
2023-11-23,17.74,19.46,17.61,19.35,18259610.0,343915842.0,206976958.0,0.0882204965057028,603319
2023-11-24,19.49,19.8,18.71,19.25,23812603.0,459393347.0,206976958.0,0.1150495360937713,603319
2023-11-27,19.95,20.9,19.2,19.55,28584717.0,575150288.0,206976958.0,0.1381057933994759,603319
2023-11-28,19.4,20.7,19.4,20.12,26123311.0,524724893.0,206976958.0,0.1262136193923576,603319
2023-11-29,19.96,20.63,19.47,19.66,19756459.0,392087474.0,206976958.0,0.0954524561134964,603319
2023-11-30,19.4,19.66,18.7,18.98,13236968.0,252982866.0,206976958.0,0.0639538242706224,603319
2023-12-01,19.14,19.47,18.5,18.99,9911936.0,188222069.0,206976958.0,0.0478890795177306,603319
2023-12-04,18.98,19.13,18.72,18.8,6910350.0,130574586.0,206976958.0,0.033387049779715,603319
2023-12-05,18.74,18.8,18.18,18.22,9165741.0,168881518.0,206976958.0,0.0442838714442793,603319
2023-12-06,18.27,18.69,18.14,18.25,7310268.0,134463975.0,206976958.0,0.0353192358735893,603319
2023-12-07,18.22,18.25,17.8,18.02,6062832.0,109338410.0,206976958.0,0.0292923041220849,603319
2023-12-08,18.02,18.17,17.6,17.66,5348502.0,95070451.0,206976958.0,0.0258410503839755,603319
2023-12-11,17.56,18.02,17.48,18.0,5205524.0,93051993.0,206976958.0,0.0251502585133172,603319
2023-12-12,17.88,18.12,17.88,18.0,3950877.0,71190295.0,206976958.0,0.0190884871348819,603319
2023-12-13,17.94,18.62,17.84,18.13,5217884.0,94921379.0,206976958.0,0.0252099753055603,603319
2023-12-14,18.22,18.27,17.87,17.92,3783655.0,68374697.0,206976958.0,0.0182805614526424,603319
2023-12-15,17.93,18.07,17.84,17.85,3471808.0,62269809.0,206976958.0,0.0167738864922345,603319
2023-12-18,17.87,18.12,17.65,17.7,3749027.0,67112710.0,206976958.0,0.018113257805248,603319
2023-12-19,17.76,17.76,17.51,17.64,2494913.0,43926960.0,206976958.0,0.0120540615926918,603319
2023-12-20,17.69,17.96,17.58,17.59,2991350.0,53082496.0,206976958.0,0.0144525749576433,603319
2023-12-21,17.59,17.78,17.23,17.63,3456897.0,60456286.0,206976958.0,0.0167018446565438,603319
2023-12-22,17.66,17.66,17.3,17.39,2527800.0,44117561.0,206976958.0,0.012212953675742,603319
2023-12-25,17.37,17.47,17.12,17.35,2575000.0,44463820.0,206976958.0,0.0124409983839843,603319
2023-12-26,17.38,17.38,16.72,16.87,3665560.0,61965169.0,206976958.0,0.0177099906937466,603319
2023-12-27,16.85,17.16,16.8,17.09,3724995.0,63378864.0,206976958.0,0.0179971482622717,603319
2023-12-28,17.04,17.4,16.93,17.31,2941360.0,50605209.0,206976958.0,0.0142110504880451,603319
2023-12-29,17.24,17.58,17.12,17.54,2836459.0,49448187.0,206976958.0,0.0137042259554321,603319
2024-01-02,17.6,17.8,17.47,17.62,2388252.0,42128964.0,206976958.0,0.0115387336980766,603319
2024-01-03,17.58,17.68,17.16,17.3,2505602.0,43439359.0,206976958.0,0.0121057050224885,603319
2024-01-04,17.23,17.4,17.18,17.25,2377933.0,41122501.0,206976958.0,0.0114888779068827,603319
2024-01-05,17.36,17.39,16.75,16.83,2979136.0,50721983.0,206976958.0,0.0143935635579299,603319
2024-01-08,16.8,16.87,16.47,16.5,3516544.0,58469007.0,206976958.0,0.0169900264936737,603319
2024-01-09,16.53,16.9,16.53,16.69,2532842.0,42383592.0,206976958.0,0.0122373138752962,603319
2024-01-10,16.65,16.72,16.33,16.5,2945556.0,48636192.0,206976958.0,0.0142313232760914,603319
2024-01-11,16.52,17.2,16.39,17.07,5095400.0,86145877.0,206976958.0,0.0246181992876714,603319
2024-01-12,17.55,17.76,16.97,17.0,7715646.0,133697327.0,206976958.0,0.0372778017154933,603319
2024-01-15,16.75,16.86,16.43,16.67,4877450.0,81357819.0,206976958.0,0.0235651835215396,603319
2024-01-16,16.64,16.88,16.54,16.77,3813365.0,63744885.0,206976958.0,0.0184241040009873,603319
2024-01-17,16.66,16.76,16.43,16.43,2806893.0,46646150.0,206976958.0,0.0135613791367056,603319
2024-01-18,16.23,16.38,15.7,16.2,4153237.0,66599152.0,206976958.0,0.0200661805069142,603319
2024-01-19,16.18,16.39,15.92,15.96,2549040.0,41073507.0,206976958.0,0.012315573794451,603319
2024-01-22,15.92,16.0,14.8,14.92,5014356.0,76911492.0,206976958.0,0.0242266387932902,603319
2024-01-23,14.77,14.99,14.55,14.84,4456508.0,65822312.0,206976958.0,0.0215314209033838,603319
2024-01-24,14.96,15.26,14.52,15.11,4362326.0,65209904.0,206976958.0,0.021076384744238,603319
2024-01-25,15.1,15.68,14.98,15.64,3916466.0,60292501.0,206976958.0,0.0189222319133707,603319
2024-01-26,15.6,15.83,15.38,15.45,2826464.0,44048232.0,206976958.0,0.0136559355558796,603319
2024-01-29,15.48,15.54,14.95,14.98,3103028.0,47077386.0,206976958.0,0.0149921422654206,603319
2024-01-30,14.75,15.26,14.62,14.7,2706133.0,40183856.0,206976958.0,0.0130745616620764,603319
2024-01-31,14.61,14.77,13.79,13.87,5362161.0,75833704.0,206976958.0,0.025907043237151,603319
2024-02-01,13.87,14.13,13.33,13.85,4948217.0,68218927.0,206976958.0,0.0239070911458656,603319
2024-02-02,13.85,14.04,12.48,12.9,5975730.0,78625579.0,206976958.0,0.0288714746691754,603319
2024-02-05,12.74,12.75,11.61,11.61,7580222.0,89982799.0,206976958.0,0.0366235066610651,603319
2024-02-06,11.02,12.2,10.8,11.98,7158209.0,82487908.0,206976958.0,0.0345845695538727,603319
2024-02-07,12.05,12.34,11.5,11.82,8350772.0,99530691.0,206976958.0,0.0403463848376784,603319
2024-02-08,12.0,13.0,11.85,13.0,9397092.0,117303192.0,206976958.0,0.0454016335480203,603319
2024-02-19,13.38,13.94,13.21,13.66,9049934.0,122797842.0,206976958.0,0.0437243550559864,603319
2024-02-20,13.57,13.65,13.32,13.39,5261446.0,70834513.0,206976958.0,0.0254204431780275,603319
2024-02-21,13.35,14.14,13.22,13.75,6411674.0,88267826.0,206976958.0,0.0309777187854891,603319
2024-02-22,13.67,14.0,13.61,13.92,3933776.0,54423099.0,206976958.0,0.0190058644112452,603319
2024-02-23,13.95,14.42,13.8,14.34,5240946.0,74193940.0,206976958.0,0.025321398336524,603319
2024-02-26,14.61,15.25,14.59,14.84,6205337.0,92092533.0,206976958.0,0.0299808107142052,603319
2024-02-27,14.76,15.37,14.68,15.34,4758039.0,72132805.0,206976958.0,0.0229882545669648,603319
2024-02-28,15.35,15.55,14.07,14.15,7955890.0,118060324.0,206976958.0,0.0384385299546242,603319
2024-02-29,14.0,14.79,13.93,14.77,5395529.0,78244312.0,206976958.0,0.0260682592503847,603319
2024-03-01,14.75,15.23,14.74,15.21,4513801.0,67685597.0,206976958.0,0.0218082294938357,603319
2024-03-04,15.2,15.27,14.81,15.07,3841100.0,57615424.0,206976958.0,0.0185581044243581,603319
2024-03-05,14.99,15.11,14.8,14.88,2848866.0,42575839.0,206976958.0,0.0137641698260924,603319
2024-03-06,14.77,15.12,14.77,15.01,2600310.0,38873765.0,206976958.0,0.0125632825273236,603319
2024-03-07,15.0,15.33,14.85,14.92,2584330.0,38959129.0,206976958.0,0.0124860758655076,603319
2024-03-08,14.88,15.82,14.86,15.75,7591829.0,116974085.0,206976958.0,0.0366795853671788,603319
2024-03-11,15.68,15.95,15.54,15.9,6877333.0,108182159.0,206976958.0,0.0332275296074261,603319
2024-03-12,15.91,16.15,15.46,15.77,8145952.0,128681280.0,206976958.0,0.0393568060846657,603319
2024-03-13,15.64,17.25,15.64,16.88,13726115.0,226634253.0,206976958.0,0.0663171163236441,603319
2024-03-14,16.51,16.52,15.95,16.22,8970144.0,145755812.0,206976958.0,0.0433388532070318,603319
2024-03-15,16.04,17.29,15.98,16.86,10257301.0,172175291.0,206976958.0,0.0495576952097247,603319
2024-03-18,16.86,17.14,16.56,16.96,9373206.0,158879566.0,206976958.0,0.0452862293975738,603319
2024-03-19,16.97,17.08,16.7,16.75,5709537.0,96149781.0,206976958.0,0.0275853749865238,603319
2024-03-20,16.98,17.27,16.76,16.95,4460269.0,75427088.0,206976958.0,0.0215495920082079,603319
2024-03-21,16.83,17.91,16.71,17.68,12080080.0,210005030.0,206976958.0,0.0583643711683114,603319
2024-03-22,17.25,18.2,17.04,18.2,13671430.0,241829993.0,206976958.0,0.0660529081696137,603319
2024-03-25,18.07,18.58,16.93,17.1,12854586.0,228702686.0,206976958.0,0.062106362583607,603319
2024-03-26,16.95,17.63,16.63,17.32,9236519.0,157624132.0,206976958.0,0.0446258322146178,603319
2024-03-27,17.18,17.45,16.73,16.8,6980178.0,118543964.0,206976958.0,0.0337244206671546,603319
2024-03-28,16.94,18.4,16.94,17.94,14267250.0,254399052.0,206976958.0,0.0689315860947188,603319
2024-03-29,17.88,18.3,17.49,17.85,12409694.0,221629396.0,206976958.0,0.0599568866018409,603319
2024-04-01,17.14,17.83,17.12,17.62,10266690.0,179174273.0,206976958.0,0.0496030577471333,603319
2024-04-02,17.66,18.23,17.61,18.05,9574696.0,171508680.0,206976958.0,0.0462597194031617,603319
2024-04-03,17.74,17.75,17.16,17.44,6510709.0,113565679.0,206976958.0,0.031456201999065,603319
2024-04-08,18.61,18.9,17.43,17.45,8988288.0,161666923.0,206976958.0,0.043426515138946,603319
2024-04-09,17.26,17.62,16.88,17.12,5290120.0,90728115.0,206976958.0,0.0255589803382848,603319
2024-04-10,17.02,17.55,16.74,17.1,4725129.0,81017819.0,206976958.0,0.022829251360434,603319
2024-04-11,16.91,17.32,16.75,16.8,4965515.0,84147574.0,206976958.0,0.0239906656662718,603319
2024-04-12,16.65,17.11,16.65,16.68,3232481.0,54499205.0,206976958.0,0.0156175886979651,603319
2024-04-15,16.75,17.29,16.4,16.82,5304368.0,89311367.0,206976958.0,0.0256278189188576,603319
2024-04-16,16.71,16.72,15.63,15.8,6070040.0,96556969.0,206976958.0,0.0293271292546487,603319
2024-04-17,16.36,17.38,16.08,16.93,9132532.0,155230793.0,206976958.0,0.0441234236324992,603319
2024-04-18,16.74,17.35,16.55,16.77,7830171.0,132149900.0,206976958.0,0.0378311241776004,603319
2024-04-19,16.53,16.72,16.3,16.6,3983079.0,65617263.0,206976958.0,0.0192440696707891,603319
2024-04-22,16.32,17.02,15.93,16.47,3871075.0,64129388.0,206976958.0,0.0187029273084591,603319
2024-04-23,16.41,16.74,16.41,16.57,2423549.0,40189387.0,206976958.0,0.011709269589323,603319
2024-04-24,16.66,17.43,16.58,17.38,6958505.0,119624817.0,206976958.0,0.0336197085281348,603319
2024-04-25,17.64,17.76,17.1,17.19,5516260.0,95584684.0,206976958.0,0.0266515657264612,603319
2024-04-26,17.3,18.38,17.19,18.17,12864886.0,231097843.0,206976958.0,0.0621561265771429,603319
2024-04-29,18.0,18.29,17.82,18.05,7916196.0,142537501.0,206976958.0,0.0382467501527392,603319
2024-04-30,18.21,18.25,17.26,17.27,8500759.0,149469683.0,206976958.0,0.0410710403812196,603319
2024-05-06,17.35,18.23,17.28,17.96,8079828.0,144266359.0,206976958.0,0.0390373309090763,603319
2024-05-07,18.5,18.5,17.81,17.89,5468086.0,98480803.0,206976958.0,0.0264188151803835,603319
2024-05-08,17.7,18.08,17.51,17.77,4314190.0,76918663.0,207510010.0,0.0207902741655691,603319
2024-05-09,17.6,18.09,17.6,18.05,4781749.0,85849207.0,207510010.0,0.0230434618551654,603319
2024-05-10,18.06,18.14,17.44,17.6,5252780.0,92595182.0,207510010.0,0.0253133812677277,603319
2024-05-13,17.31,17.6,16.86,16.89,4594450.0,78162138.0,207510010.0,0.0221408596144349,603319
2024-05-14,16.92,17.24,16.92,17.08,2366890.0,40480972.0,207510010.0,0.0114061485515807,603319
2024-05-15,17.07,17.18,16.85,16.88,2024540.0,34346134.0,207510010.0,0.0097563486214472,603319
2024-05-16,16.88,17.1,16.69,16.99,4213650.0,71258806.0,207510010.0,0.0203057674181597,603319
2024-05-17,17.37,17.42,16.93,17.14,5656518.0,97199322.0,207510010.0,0.0272590127097965,603319
2024-05-20,17.5,17.78,17.23,17.43,6012608.0,105103526.0,207510010.0,0.0289750263131884,603319
2024-05-21,17.23,17.36,16.91,17.14,3413750.0,58380876.0,207510010.0,0.0164510136161624,603319
2024-05-22,17.13,17.52,17.01,17.27,2594000.0,44882970.0,207510010.0,0.0125006017781985,603319
2024-05-23,17.29,17.31,16.81,17.15,2983290.0,50821025.0,207510010.0,0.0143766076634086,603319
2024-05-24,16.98,17.3,16.88,17.16,2481982.0,42381348.0,207510010.0,0.0119607820364906,603319
2024-05-27,17.16,17.88,17.0,17.83,7294145.0,128104253.0,207510010.0,0.0351508103151264,603319
2024-05-28,17.7,17.77,17.12,17.18,4481230.0,78119660.0,207510010.0,0.0215952473810781,603319
2024-05-29,18.0,18.9,17.45,18.9,21607261.0,399206300.0,207510010.0,0.1041263551575174,603319
2024-05-30,19.2,20.39,18.46,19.5,33650682.0,653689729.0,207510010.0,0.1621641384914395,603319
2024-05-31,19.18,19.55,18.35,18.36,25004701.0,472671372.0,207510010.0,0.1204987701557144,603319
2024-06-03,18.32,18.41,17.52,17.64,17430302.0,311505415.0,207510010.0,0.0839974033059899,603319
2024-06-04,17.38,17.64,17.18,17.59,10105334.0,175627510.0,207510010.0,0.0486980555781381,603319
2024-06-05,17.49,17.78,17.03,17.03,9677821.0,168094028.0,207510010.0,0.046637851349918,603319
2024-06-06,16.91,17.05,16.06,16.18,10412522.0,171182197.0,207510010.0,0.0501784082608834,603319
2024-06-07,16.33,16.54,16.19,16.44,4875785.0,79978921.0,207510010.0,0.0234966255362813,603319
2024-06-11,16.22,16.57,15.81,16.53,5699063.0,92129682.0,207510010.0,0.0274640389637107,603319
2024-06-12,16.3,16.76,16.3,16.59,4777632.0,79451679.0,207510010.0,0.023023621848411,603319
2024-06-13,16.7,16.81,16.46,16.51,4927400.0,82002249.0,207510010.0,0.0237453605250175,603319
2024-06-14,16.57,16.57,16.18,16.51,3627331.0,59333995.0,207510010.0,0.0174802699879393,603319
2024-06-17,16.36,17.8,16.3,17.28,11059371.0,190708987.0,207510010.0,0.0532956024627438,603319
2024-06-18,17.31,17.76,17.22,17.68,7344190.0,128819192.0,207510010.0,0.0353919794037887,603319
2024-06-19,17.51,17.76,17.38,17.38,5849570.0,102491324.0,207510010.0,0.028189338914301,603319
2024-06-20,17.34,17.45,16.73,16.76,4648932.0,78997712.0,207510010.0,0.0224034108041342,603319
2024-06-21,16.75,16.91,16.45,16.67,3032719.0,50631389.0,207510010.0,0.0146148082205769,603319
2024-06-24,16.56,16.6,15.91,15.95,5371921.0,86783416.0,207510010.0,0.025887527064357,603319
2024-06-25,15.89,16.39,15.88,16.09,4113917.0,66355181.0,207510010.0,0.0198251496397691,603319
2024-06-26,16.08,16.49,15.88,16.47,3156278.0,51183805.0,207510010.0,0.0152102445563951,603319
2024-06-27,16.42,16.43,15.95,15.98,3247317.0,52444856.0,207510010.0,0.0156489655607457,603319
2024-06-28,16.05,16.3,15.92,15.99,3626939.0,58510904.0,207510010.0,0.0174783809224432,603319
2024-07-01,16.2,16.36,16.0,16.24,4334127.0,70156413.0,207510010.0,0.0208863514584188,603319
2024-07-02,16.3,17.57,16.09,17.5,12626704.0,212701558.0,207510010.0,0.0608486501446364,603319
2024-07-03,16.76,16.88,16.29,16.55,9328263.0,154787084.0,207510010.0,0.0449533157460693,603319
2024-07-04,16.5,16.6,15.99,16.01,5419696.0,87905192.0,207510010.0,0.0261177569217022,603319
2024-07-05,16.0,16.31,15.6,16.11,3949806.0,63158259.0,207510010.0,0.0190342914059904,603319
2024-07-08,16.16,16.31,15.9,16.01,3003436.0,48334876.0,207510010.0,0.0144736921365865,603319
2024-07-09,16.1,16.34,15.93,16.29,4146810.0,66938050.0,207510010.0,0.0199836624748849,603319
2024-07-10,16.22,16.96,16.15,16.67,7199941.0,120199887.0,207510010.0,0.0346968370345122,603319
2024-07-11,16.7,16.9,16.65,16.76,5623014.0,94411515.0,207510010.0,0.0270975554384099,603319
2024-07-12,16.38,16.64,16.23,16.45,7109710.0,116885151.0,207510010.0,0.0342620098182251,603319
2024-07-15,16.55,16.57,16.0,16.09,4373995.0,71057349.0,207510010.0,0.0210784771298502,603319
2024-07-16,15.98,16.12,15.75,16.03,3596614.0,57311650.0,207510010.0,0.0173322433939451,603319
2024-07-17,16.03,16.03,15.6,15.62,3807912.0,59844064.0,207510010.0,0.0183504978868248,603319
2024-07-18,15.51,15.55,15.23,15.49,2964466.0,45567108.0,207510010.0,0.0142858939672356,603319
2024-07-19,15.4,15.86,15.32,15.76,2739599.0,42932590.0,207510010.0,0.0132022498577297,603319
2024-07-22,15.75,16.16,15.7,16.02,2762914.0,44117852.0,207510010.0,0.0133146058833499,603319
2024-07-23,16.0,16.05,15.5,15.51,2356000.0,37070718.0,207510010.0,0.0113536691555265,603319
2024-07-24,15.49,15.66,15.2,15.2,2374300.0,36631605.0,207510010.0,0.0114418576723118,603319
2024-07-25,15.08,15.14,14.48,14.7,6044690.0,88953616.0,207510010.0,0.0291296309031067,603319
2024-07-26,14.78,15.17,14.75,15.13,2936292.0,44174840.0,207510010.0,0.0141501222037433,603319
2024-07-29,15.22,15.28,14.96,14.99,2146830.0,32370854.0,207510010.0,0.010345669589626,603319
2024-07-30,15.16,15.16,14.83,14.99,1354800.0,20290332.0,207510010.0,0.006528841668891,603319
2024-07-31,14.95,15.48,14.9,15.47,3065480.0,47012382.0,207510010.0,0.0147726849418011,603319
2024-08-01,15.5,16.02,15.5,15.9,4773700.0,75486787.0,207510010.0,0.0230046733649138,603319
2024-08-02,15.6,15.85,15.34,15.39,2815280.0,43923583.0,207510010.0,0.0135669599746055,603319
2024-08-05,15.34,15.56,14.88,14.93,3473340.0,52641251.0,207510010.0,0.0167381804858474,603319
2024-08-06,15.09,15.25,14.85,15.03,2466300.0,36924801.0,207510010.0,0.0118852097785547,603319
2024-08-07,14.96,15.13,14.89,14.97,1686750.0,25264958.0,207510010.0,0.0081285235348405,603319
2024-08-08,14.93,14.97,14.61,14.84,1931349.0,28501393.0,207510010.0,0.0093072570330462,603319
2024-08-09,14.83,15.05,14.82,14.85,1452210.0,21628589.0,207510010.0,0.0069982648065989,603319
2024-08-12,14.85,14.86,14.58,14.66,1521224.0,22352764.0,207510010.0,0.007330846352906,603319
2024-08-13,14.65,14.75,14.57,14.74,1116780.0,16379952.0,207510010.0,0.0053818126653263,603319
2024-08-14,14.83,14.83,14.55,14.58,1223501.0,17872571.0,207510010.0,0.0058961059276128,603319
2024-08-15,14.43,14.72,14.43,14.6,1470100.0,21493880.0,207510010.0,0.0070844775150846,603319
2024-08-16,14.59,14.88,14.57,14.77,1732934.0,25565979.0,207510010.0,0.0083510862921745,603319
2024-08-19,14.67,14.9,14.65,14.67,1343730.0,19840253.0,207510010.0,0.0064754948448029,603319
2024-08-20,14.69,14.78,14.4,14.48,1348756.0,19518110.0,207510010.0,0.0064997153631287,603319
2024-08-21,14.48,14.56,14.38,14.42,839970.0,12168253.0,207510010.0,0.0040478529204446,603319
2024-08-22,14.42,14.47,14.16,14.16,1306650.0,18628150.0,207510010.0,0.0062968046698084,603319
2024-08-23,14.16,14.26,13.96,14.18,1107030.0,15622967.0,207510010.0,0.0053348269801538,603319
2024-08-26,14.19,14.4,14.09,14.37,1043100.0,14909437.0,207510010.0,0.0050267454567613,603319
2024-08-27,14.31,14.35,14.1,14.23,962400.0,13677420.0,207510010.0,0.0046378485548721,603319
2024-08-28,14.25,14.35,14.15,14.28,957200.0,13657949.0,207510010.0,0.0046127895227801,603319
2024-08-29,14.18,14.56,14.15,14.5,1310446.0,18893143.0,207510010.0,0.0063150977632356,603319
2024-08-30,14.52,15.2,14.45,15.05,3814408.0,56983098.0,207510010.0,0.0183818024007612,603319
2024-09-02,14.75,15.3,14.75,15.01,2703030.0,40881255.0,207510010.0,0.0130260222145428,603319
2024-09-03,15.0,15.34,14.99,15.32,3070470.0,46812394.0,207510010.0,0.0147967319745201,603319
2024-09-04,15.19,15.65,15.19,15.46,2920600.0,45068760.0,207510010.0,0.0140745017553611,603319
2024-09-05,15.39,15.74,15.39,15.68,2345602.0,36749282.0,207510010.0,0.0113035607294317,603319
2024-09-06,15.66,15.82,15.28,15.3,3407900.0,52800848.0,207510010.0,0.0164228222050589,603319
2024-09-09,15.18,15.49,15.13,15.22,2347610.0,35861759.0,207510010.0,0.011313237371055,603319
2024-09-10,15.22,15.35,15.05,15.3,1452090.0,22057842.0,207510010.0,0.006997686521243,603319
2024-09-11,15.3,15.43,15.21,15.35,1859802.0,28565467.0,207510010.0,0.0089624688466835,603319
2024-09-12,15.34,15.45,15.14,15.15,1424120.0,21716452.0,207510010.0,0.0068628978428558,603319
2024-09-13,15.12,15.16,15.01,15.05,1405654.0,21187529.0,207510010.0,0.0067739093646614,603319
2024-09-18,15.05,15.22,14.87,15.17,2060700.0,30967944.0,207510010.0,0.0099306052753792,603319
2024-09-19,15.18,15.5,15.18,15.33,2036610.0,31235409.0,207510010.0,0.0098145144901684,603319
2024-09-20,15.33,15.47,15.13,15.18,1257000.0,19175325.0,207510010.0,0.0060575391037762,603319
2024-09-23,15.2,15.28,15.0,15.2,1418400.0,21536280.0,207510010.0,0.0068353329075546,603319
2024-09-24,15.2,15.57,15.12,15.53,3172884.0,48908990.0,207510010.0,0.0152902696115719,603319
2024-09-25,15.6,15.94,15.56,15.6,3675140.0,57879569.0,207510010.0,0.017710663692802,603319
2024-09-26,15.53,15.87,15.47,15.86,3302857.0,51831401.0,207510010.0,0.0159166152996667,603319
2024-09-27,15.95,16.63,15.95,16.47,4457738.0,73068820.0,207510010.0,0.0214820383845579,603319
2024-09-30,16.99,17.97,16.63,17.8,13478023.0,235554897.0,207510010.0,0.0649511944026218,603319
2024-10-08,19.58,19.58,17.88,18.75,17338326.0,323610923.0,207510010.0,0.0835541668568181,603319
2024-10-09,18.16,18.45,17.36,17.47,10975907.0,197118422.0,207510010.0,0.0528933857214888,603319
2024-10-10,17.54,18.12,17.49,17.8,6057268.0,107859413.0,207510010.0,0.0291902448465016,603319
2024-10-11,17.71,17.76,17.0,17.17,5346448.0,92764882.0,207510010.0,0.0257647715404187,603319
2024-10-14,17.17,17.7,17.15,17.68,4257189.0,74404948.0,207510010.0,0.0205155838024392,603319
2024-10-15,17.66,18.3,17.35,17.68,6001382.0,107785445.0,207510010.0,0.0289209277181375,603319
2024-10-16,17.69,18.08,17.56,17.8,4232447.0,75488704.0,207510010.0,0.0203963510001276,603319
2024-10-17,17.85,19.2,17.85,18.71,15124082.0,284409346.0,207510010.0,0.0728836261922979,603319
2024-10-18,18.48,19.18,18.38,18.93,9493598.0,179529019.0,207510010.0,0.0457500724904788,603319
2024-10-21,18.85,19.18,18.39,18.46,12137701.0,226953783.0,207510010.0,0.0584921228619284,603319
2024-10-22,18.5,18.79,18.25,18.52,7370228.0,136506608.0,207510010.0,0.0355174576879447,603319
2024-10-23,18.66,18.69,18.26,18.55,7583722.0,140142250.0,207510010.0,0.0365462948028386,603319
2024-10-24,18.53,20.36,18.53,20.18,19867966.0,387046316.0,207510010.0,0.0957446149224319,603319
2024-10-25,20.17,20.18,19.48,19.99,13942294.0,277346827.0,207510010.0,0.0671885370734645,603319
2024-10-28,19.7,21.29,19.59,21.16,15621118.0,319316076.0,207510010.0,0.0752788648605433,603319
2024-10-29,21.0,21.15,20.61,21.05,9824478.0,205274454.0,207510010.0,0.047344597978671,603319
2024-10-30,21.03,22.35,20.91,22.18,14166699.0,308080602.0,207510010.0,0.0682699547843499,603319
2024-10-31,22.0,22.54,21.64,22.07,11286362.0,249377197.0,207510010.0,0.0543894822230503,603319
2024-11-01,22.07,22.22,20.15,20.25,16146606.0,336901855.0,207510010.0,0.077811214986689,603319
2024-11-04,20.23,20.84,20.23,20.62,7502355.0,154007545.0,207510010.0,0.0361541835981791,603319
2024-11-05,20.83,22.51,20.83,22.29,11732809.0,258221996.0,207510010.0,0.0565409302423531,603319
2024-11-06,22.55,23.3,22.06,22.3,11260183.0,255461309.0,207510010.0,0.054263324453601,603319
2024-11-07,22.0,23.22,21.97,23.01,8237947.0,188202093.0,207510010.0,0.0396990342779126,603319
2024-11-08,23.28,23.68,22.7,23.5,8388116.0,195401654.0,207510010.0,0.040422705391417,603319
2024-11-11,23.25,24.57,23.22,24.15,9351127.0,224386044.0,207510010.0,0.0450634983825599,603319
2024-11-12,24.17,24.65,23.63,24.16,9115115.0,219630289.0,207510010.0,0.0439261460206184,603319
2024-11-13,23.77,25.4,23.73,25.07,12788186.0,314992443.0,207510010.0,0.0616268391100747,603319
2024-11-14,25.1,26.56,24.89,24.9,16313561.0,415942102.0,207510010.0,0.0786157785834042,603319
2024-11-15,24.94,25.15,23.87,24.09,12049015.0,294057594.0,207510010.0,0.0580647410695994,603319
2024-11-18,24.15,24.15,22.5,22.86,10397768.0,240540556.0,207510010.0,0.050107308076367,603319
2024-11-19,22.98,23.85,22.75,23.85,6970394.0,162828911.0,207510010.0,0.0335906397961235,603319
2024-11-20,23.85,24.08,23.19,23.72,9160999.0,215292074.0,207510010.0,0.0441472630645625,603319
2024-11-21,23.78,24.6,23.6,24.27,7152802.0,172853889.0,207510010.0,0.0344696720895536,603319
2024-11-22,24.27,25.53,23.53,24.56,13313877.0,328998609.0,207510010.0,0.0641601675022809,603319
2024-11-25,24.9,27.02,24.57,26.54,26912768.0,701805448.0,207510010.0,0.1296938301916134,603319
2024-11-26,26.03,26.44,25.02,25.72,14786931.0,379738625.0,207510010.0,0.0712588804752117,603319
2024-11-27,25.92,25.93,24.71,25.46,10324357.0,260040954.0,207510010.0,0.0497535371908082,603319
2024-11-28,25.9,25.9,24.24,24.59,11401724.0,282857026.0,207510010.0,0.0549454168500112,603319
2024-11-29,24.72,27.0,24.25,26.39,18661006.0,483103283.0,219323348.0,0.0850844480086999,603319
2024-12-02,26.32,28.07,25.6,28.0,17725949.0,478764476.0,219323348.0,0.0808210761035801,603319
2024-12-03,27.32,27.99,26.89,27.57,11881523.0,326259569.0,219323348.0,0.0541735438034622,603319
2024-12-04,27.26,27.77,26.4,27.1,9803509.0,265705124.0,219323348.0,0.044698884498152,603319
2024-12-05,26.7,27.95,26.54,27.32,7256777.0,198861720.0,219323348.0,0.0330871157410929,603319
2024-12-06,27.3,27.99,26.69,27.45,8277005.0,226769812.0,219323348.0,0.0377388229546815,603319
2024-12-09,26.88,26.88,24.71,25.16,15520746.0,394641041.0,219323348.0,0.0707665013393831,603319
2024-12-10,25.8,25.98,25.03,25.08,10494063.0,266934233.0,219525391.00000003,0.0478034133190542,603319
2024-12-11,25.2,25.58,24.72,25.49,8547923.0,215451372.0,219525391.00000003,0.0389381973586827,603319
2024-12-12,25.81,27.15,25.5,26.86,11524765.0,303289343.0,219525391.00000003,0.0524985512951437,603319
2024-12-13,26.85,27.25,26.35,26.55,6799367.0,181547276.0,219525391.00000003,0.0309730321810473,603319
2024-12-16,26.53,27.61,26.53,27.04,7741924.0,210080172.0,219525391.00000003,0.0352666448502077,603319
2024-12-17,27.37,27.37,25.6,26.5,8074998.0,212985217.0,219525391.00000003,0.0367838907527557,603319
2024-12-18,26.21,26.95,25.89,26.33,6017654.0,157812198.0,219525391.00000003,0.027412109244347,603319
2024-12-19,26.0,27.28,25.75,27.08,6541544.0,174411336.0,219525391.00000003,0.0297985757829717,603319
2024-12-20,27.08,28.06,26.81,27.6,7290496.0,201693841.0,219557396.0,0.0332054220573831,603319
2024-12-23,27.5,27.93,25.81,25.93,7780790.0,206709183.0,219557396.0,0.0354385237835486,603319
2024-12-24,26.15,26.35,23.34,23.61,21095839.0,505032763.0,219557396.0,0.0960834815147834,603319
2024-12-25,23.7,23.87,21.53,21.67,17854663.0,399022763.0,219557396.0,0.0813211639657085,603319
2024-12-26,21.94,22.66,21.53,22.2,10182217.0,226614333.0,219557396.0,0.0463761056812679,603319
2024-12-27,22.23,22.88,21.24,21.25,10784643.0,236589418.0,219557396.0,0.0491199257983547,603319
2024-12-30,21.25,21.39,20.1,20.43,10609893.0,217367432.0,219557396.0,0.0483240063568616,603319
2024-12-31,20.43,20.7,19.62,19.7,8784076.0,175607422.0,219603746.0,0.0399996637580125,603319
2025-01-02,19.81,20.68,19.59,19.89,9920032.0,199759106.0,219603746.0,0.0451724170497528,603319
2025-01-03,19.97,20.07,19.15,19.45,7799353.0,152236581.0,219603746.0,0.0355155735822466,603319
2025-01-06,19.75,19.96,18.75,18.97,7275497.0,139451375.0,219603746.0,0.0331301133633667,603319
2025-01-07,18.99,19.88,18.78,19.87,7263720.0,141546367.0,219603746.0,0.0330764849521282,603319
2025-01-08,19.86,21.22,19.32,21.06,11732602.0,238720809.0,219603746.0,0.0534262380023335,603319
2025-01-09,20.95,22.6,20.8,22.55,13207861.0,287172065.0,219603746.0,0.0601440605662528,603319
2025-01-10,22.2,22.66,21.6,21.96,12266988.0,270775450.0,219603746.0,0.0558596482229406,603319
2025-01-13,22.0,23.07,21.3,22.1,9638635.0,215542796.0,219603746.0,0.043891031804166,603319
2025-01-14,22.5,24.3,21.61,23.91,16310047.0,380453362.0,219603746.0,0.0742703496505929,603319
2025-01-15,24.0,24.76,23.04,23.27,18263249.0,434460292.0,219603746.0,0.0831645604078174,603319
2025-01-16,23.6,24.55,23.1,23.95,15338120.0,368279550.0,219603746.0,0.0698445280619211,603319
2025-01-17,23.9,24.65,23.3,24.09,13324127.0,320025615.0,219603746.0,0.0606734959794356,603319
2025-01-20,24.2,24.98,24.07,24.8,12731200.0,313159962.0,219603746.0,0.0579735101604323,603319
2025-01-21,25.72,26.72,25.32,26.45,25656855.0,667483007.0,219603746.0,0.1168325015730833,603319
2025-01-22,26.22,26.49,25.31,25.69,15098147.0,389790043.0,219603746.0,0.0687517734783995,603319
2025-01-23,25.8,26.45,24.91,25.2,15123639.0,386892419.0,219603746.0,0.0688678552869494,603319
2025-01-24,25.19,25.57,24.74,25.18,13582047.0,341677471.0,219603746.0,0.061847975034087,603319
2025-01-27,25.1,25.2,24.0,24.19,8360098.0,204346175.0,219603746.0,0.0380690136314887,603319
2025-02-05,24.33,26.01,24.26,25.89,14716283.0,373612828.0,219603746.0,0.0670128960368462,603319
2025-02-06,25.9,28.47,25.72,27.84,23314327.0,633676036.0,219603746.0,0.1061654339903655,603319
2025-02-07,27.74,28.48,26.68,27.13,27208585.0,755161473.0,219603746.0,0.1238985467943702,603319
2025-02-10,26.85,27.66,26.5,27.48,14221860.0,385941741.0,219603746.0,0.0647614635863269,603319
2025-02-11,27.5,28.92,27.27,27.9,14533673.0,409047462.0,219603746.0,0.0661813528445002,603319
2025-02-12,27.65,30.4,27.0,29.95,25308182.0,734996348.0,219603746.0,0.115244764540583,603319
2025-02-13,30.27,32.95,29.5,31.72,43798666.0,1392494555.0,219603746.0,0.1994440750568981,603319
2025-02-14,31.57,33.58,30.72,31.42,29865592.0,957220160.0,219603746.0,0.1359976436831819,603319
2025-02-17,30.44,31.86,29.5,31.79,25852143.0,800327886.0,219603746.0,0.1177217760210702,603319
2025-02-18,31.0,33.8,30.8,32.4,23971925.0,772542771.0,219603746.0,0.1091599093214011,603319
2025-02-19,32.08,35.64,32.08,35.64,35861288.0,1256107770.0,219603746.0,0.1632999830522016,603319
2025-02-20,35.6,38.19,34.62,37.28,34052285.0,1230247787.0,219603746.0,0.155062404991944,603319
2025-02-21,37.4,39.63,36.19,38.73,26442716.0,1006577082.0,219603746.0,0.1204110425329447,603319
2025-02-24,38.0,39.29,35.73,36.4,29833983.0,1109162401.0,219603746.0,0.135853707158529,603319
2025-02-25,34.6,40.04,34.55,39.2,34550519.0,1320280030.0,219603746.0,0.157331191426944,603319
2025-02-26,39.0,43.12,38.7,40.02,43166099.0,1775650531.0,219603746.0,0.1965635822988192,603319
2025-02-27,41.18,43.94,40.11,43.8,42428856.0,1779694033.0,219603746.0,0.1932064310050521,603319
2025-02-28,42.2,42.35,39.42,39.42,21396511.0,858766003.0,230437698.0,0.0928516088543811,603319
2025-03-03,38.58,38.7,35.48,35.48,32038776.0,1159370149.0,230437698.0,0.1390344387141031,603319
2025-03-04,34.49,37.19,34.45,35.88,24874712.0,898554927.0,230437698.0,0.1079454977023768,603319
2025-03-05,35.72,38.63,35.72,38.4,24900399.0,934367643.0,230437698.0,0.1080569681788784,603319
2025-03-06,39.0,41.66,38.7,40.0,26970578.0,1085317206.0,230437698.0,0.1170406501804231,603319
2025-03-07,40.4,43.56,39.2,42.78,28471774.0,1188511267.0,230437698.0,0.1235551919113512,603319
2025-03-10,43.05,43.3,38.56,40.06,23043522.0,933076688.0,230437698.0,0.0999989246551143,603319
2025-03-11,39.39,41.44,37.4,41.05,26744288.0,1047159057.0,230437698.0,0.1160586493968534,603319
2025-03-12,42.79,43.96,40.89,41.48,28256137.0,1191098488.0,230437698.0,0.1226194205429009,603319
2025-03-13,41.41,41.58,37.33,37.43,28113780.0,1081722300.0,230437698.0,0.1220016526983358,603319
2025-03-14,37.36,40.08,36.8,39.69,24586813.0,951278783.0,230437698.0,0.1066961404899991,603319
2025-03-17,40.1,41.41,38.38,40.97,25155586.0,1005208867.0,230437698.0,0.1091643694513907,603319
2025-03-18,40.79,40.95,39.0,40.08,19929445.0,796220277.0,230437698.0,0.0864851765703717,603319
2025-03-19,39.68,40.58,38.25,39.99,16843528.0,663950253.0,230437698.0,0.0730936307131483,603319
2025-03-20,40.0,42.49,38.24,41.32,33892000.0,1384044724.0,230437698.0,0.147076629796918,603319
2025-03-21,41.0,41.31,37.53,37.69,27565484.0,1072406581.0,230437698.0,0.1196222850655277,603319
2025-03-24,38.66,39.0,34.91,36.0,26766675.0,974750947.0,230437698.0,0.1161557992998177,603319
2025-03-25,35.71,36.61,33.42,33.72,23392420.0,807415731.0,230437698.0,0.1015129911599794,603319
2025-03-26,33.7,35.19,33.33,33.84,16392205.0,561607002.0,230437698.0,0.0711350839826563,603319
2025-03-27,33.33,34.7,33.17,33.86,14571961.0,494454690.0,230437698.0,0.0632360118438607,603319
2025-03-28,33.51,34.92,33.51,33.77,13969106.0,478125318.0,230437698.0,0.0606198817348019,603319
2025-03-31,32.92,33.49,30.66,32.24,25541276.0,808566932.0,239508897.0,0.1066401971697944,603319
2025-04-01,32.81,32.95,31.63,31.9,11764361.0,378500385.0,239508897.0,0.0491186805473869,603319
2025-04-02,31.99,34.75,31.74,34.21,26889972.0,907216572.0,239508897.0,0.1122712865234396,603319
2025-04-03,33.6,34.48,32.73,32.98,17003062.0,569087434.0,239508897.0,0.0709913586216381,603319
2025-04-07,29.68,29.68,29.68,29.68,1796200.0,53311216.0,239508897.0,0.0074995126381463,603319
2025-04-08,28.0,28.79,26.71,26.71,15886670.0,431095104.0,242249770.0,0.0655797113863101,603319
2025-04-09,25.05,27.25,24.04,26.81,27364414.0,700056600.0,242249770.0,0.1129595045642355,603319
2025-04-10,27.69,29.1,27.49,27.69,22745161.0,643713354.0,242249770.0,0.0938913626213143,603319
2025-04-11,27.3,30.18,27.05,29.35,21399278.0,622793876.0,242249770.0,0.0883355967685748,603319
2025-04-14,30.12,31.5,29.87,31.17,20531927.0,634758924.0,242249770.0,0.0847551970843976,603319
2025-04-15,31.43,31.49,30.18,31.05,14296080.0,443712492.0,242249770.0,0.059013802159647,603319
2025-04-16,30.98,31.24,29.4,29.88,12123300.0,365797402.0,242249770.0,0.0500446295573366,603319
2025-04-17,29.63,30.94,29.4,29.77,11235116.0,340183612.0,242249770.0,0.0463782318554936,603319
2025-04-18,29.76,30.1,29.24,29.76,6454044.0,191083367.0,242249770.0,0.0266421057902346,603319
2025-04-21,29.0,31.06,28.83,31.06,12370730.0,373954246.0,242249770.0,0.0510660133960085,603319
2025-04-22,31.1,31.98,30.5,30.7,9964548.0,308846057.0,242249770.0,0.0411333641307481,603319
2025-04-23,31.35,33.77,31.02,33.77,27412581.0,900891599.0,242249770.0,0.1131583365383587,603319
2025-04-24,34.0,34.75,33.11,33.3,26468041.0,898441117.0,242249770.0,0.1092593029087292,603319
2025-04-25,33.3,35.63,32.66,34.87,21715515.0,746120590.0,242249770.0,0.089641013900653,603319
2025-04-28,34.5,35.53,33.85,34.62,11986080.0,414846783.0,242249770.0,0.049478189391057,603319
2025-04-29,34.4,38.08,34.0,37.26,31391469.0,1150627155.0,242249770.0,0.1295830703987871,603319
2025-04-30,36.99,39.25,36.66,38.39,31305868.0,1187209719.0,242249770.0,0.129229711962162,603319
2025-05-06,39.0,39.77,38.1,39.01,24400969.0,950829978.0,242249770.0,0.1007264898538397,603319
2025-05-07,39.0,39.37,37.19,37.89,19842100.0,756931991.0,242249770.0,0.081907611305472,603319
2025-05-08,37.5,38.95,37.32,38.47,16988488.0,649839831.0,242249770.0,0.0701279840224409,603319
2025-05-09,38.4,38.66,36.5,37.55,16234923.0,607304102.0,242249770.0,0.0670172896345784,603319
2025-05-12,38.0,40.3,37.5,39.42,22941995.0,890772223.0,242249770.0,0.0947038876445579,603319
2025-05-13,39.26,39.39,37.8,38.11,16360597.0,630257761.0,242249770.0,0.0675360682488986,603319
2025-05-14,37.53,38.0,36.7,37.0,14532180.0,541206683.0,242249770.0,0.059988416088073,603319
2025-05-15,37.02,37.85,36.27,36.91,10737039.0,396834259.0,242249770.0,0.0443221844957788,603319
2025-05-16,36.5,38.42,36.47,37.3,14156435.0,533061507.0,242249770.0,0.0584373516639458,603319
2025-05-19,37.07,37.26,34.8,35.85,14922645.0,531320902.0,242249770.0,0.0616002442437819,603319
2025-05-20,36.0,36.23,35.4,35.74,8056804.0,288334836.0,242249770.0,0.0332582524226958,603319
2025-05-21,35.97,37.47,35.0,36.51,17136611.0,625984000.0,242249770.0,0.0707394314553941,603319
2025-05-22,36.09,36.55,35.61,35.93,8834127.0,317814509.0,242249770.0,0.0364670191430935,603319
2025-05-23,36.21,38.31,35.59,36.95,20000734.0,741588087.0,242249770.0,0.0825624478405077,603319
2025-05-26,36.22,37.45,35.38,36.9,12560996.0,457769728.0,242249770.0,0.0518514259064105,603319
2025-05-27,36.97,37.79,35.88,37.38,15685330.0,582827271.0,242249770.0,0.0647485857262114,603319
2025-05-28,37.38,38.1,36.7,37.43,12435634.0,466490591.0,242249770.0,0.0513339352190097,603319
2025-05-29,37.45,38.4,36.58,36.77,11057834.0,409135165.0,242249770.0,0.0456464169191987,603319
2025-05-30,36.6,36.85,33.68,34.0,19727299.0,687892918.0,242249770.0,0.0814337161186984,603319
2025-06-03,33.56,35.07,33.56,34.61,8497800.0,292791780.0,242249770.0,0.0350786710757248,603319
2025-06-04,34.6,35.17,34.5,34.85,5173154.0,179902840.0,242249770.0,0.0213546291499059,603319
2025-06-05,34.99,37.56,34.35,36.91,16196374.0,588897687.0,242249770.0,0.066858160484528,603319
2025-06-06,36.59,36.88,35.57,36.04,7646398.0,275647399.0,242249770.0,0.0315641083993598,603319
2025-06-09,36.49,37.23,35.72,36.42,11816448.0,432850653.0,242249770.0,0.0487779534321126,603319
2025-06-10,36.6,36.78,35.11,35.75,9414992.0,335769577.0,242249770.0,0.0388648129573043,603319
2025-06-11,35.7,36.62,35.7,35.99,7845331.0,283601355.0,242249770.0,0.032385298033513,603319
2025-06-12,35.98,36.96,35.64,36.37,9197700.0,334327007.0,242249770.0,0.0379678379054807,603319
2025-06-13,36.0,36.3,35.01,35.96,9056593.0,322173709.0,242249770.0,0.0373853523163303,603319
2025-06-16,35.4,36.86,35.35,36.23,7517824.0,272214758.0,242249770.0,0.0310333586694427,603319
2025-06-17,36.28,36.93,35.62,36.0,7883995.0,285007715.0,242249770.0,0.0325449019002164,603319
2025-06-18,36.0,36.0,35.0,35.7,6513726.0,231416984.0,242249770.0,0.0268884713492194,603319
2025-06-19,35.98,36.56,34.52,34.6,12095142.0,430411524.0,242249770.0,0.0499283941528613,603319
2025-06-20,34.67,34.9,32.6,32.7,11321316.0,375243537.0,242249770.0,0.0467340629466851,603319
2025-06-23,33.0,34.37,32.8,34.02,9962256.0,335749309.0,242249770.0,0.0411239028214557,603319
2025-06-24,34.0,35.39,33.85,34.88,9887729.0,344230670.0,242249770.0,0.0408162575345272,603319
2025-06-25,34.88,35.38,34.52,34.92,6759510.0,235860671.0,242249770.0,0.0279030605477974,603319
2025-06-26,35.01,35.34,34.3,34.39,7222100.0,251215396.0,242249770.0,0.0298126186043437,603319
2025-06-27,34.39,34.8,33.88,33.96,6051200.0,206243634.0,242249770.0,0.0249791774828104,603319
2025-06-30,34.05,35.8,33.96,35.42,9653822.0,338523612.0,242249770.0,0.039850696246275,603319
2025-07-01,35.38,35.38,34.66,34.84,5089518.0,177590578.0,242249770.0,0.0210093821760904,603319
2025-07-02,34.63,34.68,33.61,33.95,5661845.0,192503927.0,242249770.0,0.0233719313747955,603319
2025-07-03,34.1,34.77,33.82,34.48,6297565.0,216862199.0,242249770.0,0.0259961650324786,603319
2025-07-04,34.51,34.7,33.23,33.23,9388960.0,316840957.0,242249770.0,0.0387573536189528,603319
2025-07-07,33.2,33.2,32.15,32.61,6814376.0,222054122.0,242249770.0,0.0281295457989495,603319
2025-07-08,32.97,33.1,32.38,32.69,6405260.0,209484539.0,242249770.0,0.0264407268580688,603319
2025-07-09,23.57,23.88,23.0,23.12,10208539.0,239496875.0,339149678.0,0.0301003941982218,603319
2025-07-10,22.99,23.43,22.51,23.25,10213775.0,234273312.0,339149678.0,0.0301158328093709,603319
2025-07-11,23.08,23.59,22.84,23.37,8125063.0,188486628.0,339149678.0,0.0239571597057509,603319
2025-07-14,23.48,24.95,23.32,24.8,22684406.0,552522914.0,339149678.0,0.0668861198211133,603319
2025-07-15,25.05,25.55,25.01,25.44,18249152.0,461166137.0,339149678.0,0.0538085488024553,603319
2025-07-16,25.4,26.49,25.2,26.28,21776663.0,565578610.0,339149678.0,0.0642095936178362,603319
2025-07-17,26.2,27.1,26.06,26.54,17513737.0,465767246.0,339149678.0,0.0516401404338057,603319
2025-07-18,26.5,26.55,25.92,26.11,15337168.0,400732262.0,339149678.0,0.045222416516639,603319
2025-07-21,27.28,27.79,26.27,27.29,24413290.0,658765918.0,339149678.0,0.0719838218451736,603319
2025-07-22,27.87,28.95,27.51,28.03,29492503.0,834637053.0,339149678.0,0.0869601385851824,603319
2025-07-23,27.75,28.39,27.25,27.62,17414210.0,482667850.0,339149678.0,0.0513466800342944,603319
2025-07-24,27.56,28.97,27.56,28.52,20457795.0,583237678.0,339149678.0,0.0603208445328378,603319
2025-07-25,28.86,28.95,26.7,27.4,23908983.0,655821888.0,339149678.0,0.0704968471177495,603319
2025-07-28,27.6,28.17,26.73,26.98,18363209.0,502251786.0,339149678.0,0.0541448516427605,603319
2025-07-29,27.0,27.49,26.28,26.91,16758916.0,449460076.0,339149678.0,0.0494145124914433,603319
2025-07-30,26.78,26.83,25.8,25.9,15987009.0,418494425.0,339149678.0,0.0471385056128521,603319
2025-07-31,25.5,27.03,25.5,26.25,16314183.0,431602967.0,339149678.0,0.0481031947198251,603319
2025-08-01,26.2,26.51,25.68,25.98,9027597.0,234931487.0,339149678.0,0.0266183269087461,603319
2025-08-04,25.5,26.99,25.5,26.99,17524091.0,467842185.0,339149678.0,0.0516706697271285,603319
2025-08-05,27.19,27.9,26.71,27.16,12300756.0,333245747.0,339149678.0,0.0362694019718338,603319
2025-08-06,27.07,29.29,26.91,29.17,33519012.0,939848383.0,339149678.0,0.0988325042726415,603319
2025-08-07,29.3,30.43,29.0,29.69,40915733.0,1221166770.0,339149678.0,0.120642110708417,603319
2025-08-08,29.6,32.66,29.53,32.66,40695531.0,1270577934.0,339149678.0,0.1199928339604674,603319
2025-08-11,33.32,35.03,32.25,34.17,48395333.0,1628547067.0,339149678.0,0.1426960900726551,603319
2025-08-12,34.31,35.38,33.89,34.37,36517557.0,1262618417.0,339149678.0,0.1076738660503755,603319
2025-08-13,34.08,36.17,33.63,34.81,29700697.0,1032895059.0,339149678.0,0.0875740091370512,603319
2025-08-14,34.84,35.28,34.15,34.41,26481717.0,917737114.0,339149678.0,0.0780826835990686,603319
2025-08-15,34.33,35.0,33.75,34.42,20691498.0,712286913.0,339149678.0,0.0610099296629731,603319
2025-08-18,34.7,35.95,34.66,35.32,22865684.0,804909940.0,339149678.0,0.0674206271839656,603319
2025-08-19,34.92,36.3,33.6,34.51,30088500.0,1044852900.0,339149678.0,0.0887174659207549,603319
2025-08-20,34.51,37.21,34.4,36.19,34213801.0,1234546373.0,339149678.0,0.1008811248230051,603319
2025-08-21,36.0,36.88,34.72,34.98,18960032.0,673690150.0,339149678.0,0.0559046144811613,603319
2025-08-22,34.98,36.97,34.76,36.63,24136371.0,866178770.0,339149678.0,0.0711673121505956,603319
2025-08-25,37.1,38.6,36.66,37.5,27476353.0,1034782941.0,339149678.0,0.0810154182130758,603319
2025-08-26,37.32,37.49,36.29,36.58,16779601.0,617709288.0,339149678.0,0.0494755032614242,603319
2025-08-27,36.7,39.2,36.5,37.72,25816675.0,977161718.0,339149678.0,0.0761217735845823,603319
2025-08-28,37.79,38.0,35.72,36.8,33845447.0,1243072323.0,339149678.0,0.0997950144006918,603319
2025-08-29,37.62,38.36,36.1,37.54,27500911.0,1026858478.0,339149678.0,0.081087828719684,603319
2025-09-01,37.54,38.8,36.8,38.36,23409817.0,885003792.0,339149678.0,0.0690250308891639,603319
2025-09-02,38.0,38.0,34.52,36.1,42197848.0,1498237639.0,339149678.0,0.1244224917117568,603319
2025-09-03,37.6,39.53,36.4,36.56,34918015.0,1327721676.0,339149678.0,0.1029575354631473,603319
2025-09-04,36.41,37.04,33.63,34.4,27008296.0,954905686.0,339149678.0,0.0796353284463386,603319
2025-09-05,34.6,37.76,33.95,37.71,29287406.0,1046727795.0,339149678.0,0.0863553996946445,603319
2025-09-08,37.2,39.89,36.9,38.73,29294326.0,1122401516.0,339149678.0,0.0863758036650708,603319
2025-09-09,38.48,39.32,37.4,38.49,15328632.0,584832906.0,339149678.0,0.045197247688379,603319
2025-09-10,38.38,38.84,37.48,37.57,13438350.0,510142112.0,339149678.0,0.0396236554881824,603319
2025-09-11,37.2,40.25,36.95,40.25,23485930.0,912669928.0,339149678.0,0.0692494539239987,603319
2025-09-12,39.93,40.74,39.6,40.7,19690057.0,792538757.0,339149678.0,0.0580571301618632,603319
2025-09-15,40.61,42.39,38.9,39.74,23374402.0,943099577.0,339149678.0,0.0689206079682611,603319
2025-09-16,40.8,42.45,40.0,42.45,26644611.0,1102277782.0,339149678.0,0.0785629848069618,603319
2025-09-17,42.39,46.7,41.32,45.46,37376245.0,1643446386.0,339149678.0,0.1102057511020252,603319
2025-09-18,46.6,46.8,43.39,43.97,32670757.0,1477601567.0,339149678.0,0.0963313814498152,603319
2025-09-19,43.89,43.95,41.48,42.0,20683615.0,874580379.0,339149678.0,0.0609866862382809,603319
2025-09-22,41.9,43.18,41.56,42.68,13927532.0,592761020.0,339149678.0,0.0410660333871819,603319
2025-09-23,42.03,44.4,41.4,42.25,17703118.0,760823360.0,339149678.0,0.052198539902491,603319
2025-09-24,42.0,42.89,41.22,42.55,10600669.0,448542496.0,339149678.0,0.0312566093605431,603319
2025-09-25,42.84,44.5,42.18,43.31,13978874.0,603011241.0,339149678.0,0.0412174178741222,603319
2025-09-26,42.96,47.17,42.5,44.13,31317613.0,1432638076.0,339149678.0,0.0923415678430925,603319
2025-09-29,44.13,45.87,43.8,44.9,16577023.0,743720694.0,339149678.0,0.0488781917699476,603319
2025-09-30,44.16,44.87,43.35,44.52,14011270.0,619376467.0,339149678.0,0.0413129391206439,603319
2025-10-09,44.0,44.01,41.6,41.88,20397924.0,863869358.0,339149678.0,0.060144311857492,603319
2025-10-10,42.48,43.48,40.36,40.63,17013388.0,712077441.0,339149678.0,0.0501648360698134,603319
2025-10-13,37.47,39.21,37.42,38.25,20610424.0,788391307.0,339149678.0,0.0607708788684151,603319
2025-10-14,39.0,39.17,35.46,35.74,19284155.0,715728871.0,339149678.0,0.0568603075601327,603319
2025-10-15,36.02,37.2,35.0,36.85,18810955.0,679808542.0,339149678.0,0.0554650533974559,603319
2025-10-16,36.32,37.7,35.92,37.14,13009483.0,481416497.0,339149678.0,0.0383591194210126,603319
2025-10-17,37.0,37.14,35.74,35.74,9460272.0,342730196.0,339149678.0,0.0278940910567516,603319
2025-10-20,36.3,37.7,36.26,36.85,14903532.0,552110655.0,339149678.0,0.0439438188114688,603319
2025-10-21,36.85,37.98,36.4,37.47,10622780.0,395250964.0,339149678.0,0.0313218047637362,603319
2025-10-22,37.25,37.58,36.03,36.16,10700912.0,391899677.0,339149678.0,0.0315521809223124,603319
2025-10-23,36.16,36.16,34.64,35.33,13366882.0,468660684.0,339149678.0,0.0394129284710687,603319
2025-10-24,35.55,36.88,35.52,36.36,11669750.0,422476578.0,339149678.0,0.0344088488269182,603319
2025-10-27,36.8,39.08,36.0,38.9,22910840.0,863465923.0,339149678.0,0.0675537719366491,603319
2025-10-28,38.52,39.08,36.83,37.88,21408264.0,814425714.0,339149678.0,0.0631233505107441,603319
2025-10-29,37.33,40.0,37.33,38.33,20465206.0,791532560.0,339149678.0,0.0603426962416281,603319
2025-10-30,38.35,38.5,34.9,35.06,29454801.0,1062578212.0,339149678.0,0.0868489723289668,603319
2025-10-31,35.29,36.79,35.12,36.49,17781453.0,644311378.0,339149678.0,0.0524295146168471,603319
2025-11-03,37.3,38.26,35.8,36.3,15044754.0,554976032.0,339149678.0,0.0443602190298998,603319
2025-11-04,36.2,36.87,34.55,34.93,13557902.0,477160639.0,339149678.0,0.0399761606142524,603319
2025-11-05,34.68,35.45,34.02,34.54,9768206.0,338150351.0,339149678.0,0.028802050049418,603319
2025-11-06,34.65,36.25,34.03,35.96,12631804.0,447240769.0,339149678.0,0.0372455137639847,603319
2025-11-07,36.3,36.3,34.28,34.45,13464301.0,468318071.0,339149678.0,0.0397001733258316,603319
2025-11-10,34.12,34.99,32.6,33.2,15855403.0,527198195.0,339149678.0,0.0467504586573719,603319
2025-11-11,33.5,33.53,32.7,33.06,6145878.0,203296213.0,339149678.0,0.0181214325080385,603319
2025-11-12,33.05,33.45,32.16,32.82,7370621.0,241161296.0,339149678.0,0.0217326492640809,603319
2025-11-13,32.86,34.54,32.69,34.13,12750405.0,430976554.0,339149678.0,0.0375952148183965,603319
2025-11-14,33.79,34.9,33.52,34.47,10076203.0,347181432.0,339149678.0,0.0297101948007746,603319
2025-11-17,34.22,36.86,34.2,35.82,16870006.0,607191717.0,339149678.0,0.0497420669820007,603319
2025-11-18,36.8,37.88,36.58,36.62,21306745.0,791298579.0,339149678.0,0.0628240165983586,603319
2025-11-19,36.59,36.62,35.66,35.89,9086081.0,327254843.0,339149678.0,0.0267907699443547,603319
2025-11-20,36.04,37.4,35.6,35.95,9417876.0,341530622.0,339149678.0,0.0277690843038335,603319
2025-11-21,35.31,37.02,34.88,36.49,19788872.0,714445447.0,339149678.0,0.058348491193319,603319
2025-11-24,35.99,36.13,34.5,35.03,12152500.0,427114818.0,339149678.0,0.0358322616482036,603319
2025-11-25,35.4,35.93,34.35,34.83,11210121.0,393511722.0,339149678.0,0.0330536094449719,603319
2025-11-26,34.47,36.63,34.4,35.6,15455192.0,552921180.0,339149678.0,0.0455704162573316,603319
2025-11-27,35.61,36.05,35.05,35.17,8935852.0,316505448.0,339149678.0,0.0263478121303125,603319
2025-11-28,35.21,37.48,34.5,36.73,22339817.0,807727851.0,339149678.0,0.065870081704751,603319
2025-12-01,37.46,37.99,36.5,37.32,13678590.0,512241049.0,339149678.0,0.0403320152938491,603319
2025-12-02,37.13,38.4,37.13,38.02,16347992.0,617012341.0,339149678.0,0.0482028822684006,603319
2025-12-03,38.25,38.88,37.7,38.2,15372239.0,588300447.0,339149678.0,0.0453258251361217,603319
2025-12-04,39.03,39.5,37.54,37.75,13908298.0,532015642.0,339149678.0,0.0410093209641791,603319
2025-12-05,37.64,39.35,36.92,38.78,14929424.0,569131052.0,339149678.0,0.0440201626846303,603319
2025-12-08,38.5,39.48,37.61,39.3,17605092.0,676339554.0,339149678.0,0.0519095052774899,603319
2025-12-09,39.03,39.37,38.42,38.5,9622300.0,373471221.0,339149678.0,0.0283718388197909,603319
2025-12-10,38.22,40.15,37.8,39.66,14736374.0,578492132.0,339149678.0,0.0434509449836481,603319
2025-12-11,40.0,40.09,38.12,38.34,10463055.0,407567358.0,339149678.0,0.0308508475128199,603319
2025-12-12,38.5,39.38,37.78,38.07,12334822.0,475436321.0,339149678.0,0.0363698472979237,603319
2025-12-15,37.5,37.98,36.32,36.37,13738620.0,507928813.0,339149678.0,0.0405090167887465,603319
2025-12-16,36.35,36.68,34.72,34.72,10260608.0,361920415.0,339149678.0,0.0302539222814771,603319
2025-12-17,34.72,35.55,34.37,35.27,8025333.0,279970088.0,339149678.0,0.0236631007504598,603319
2025-12-18,35.14,36.46,34.7,35.51,7877788.0,282182326.0,339149678.0,0.0232280568463343,603319
2025-12-19,36.03,37.08,35.81,36.1,11843237.0,432533178.0,339149678.0,0.0349203840317371,603319
2025-12-22,36.52,37.05,35.64,36.01,13080820.0,474543942.0,339149678.0,0.0385694601779925,603319
2025-12-23,35.76,35.9,35.0,35.11,9567571.0,337996127.0,339149678.0,0.0282104675918341,603319
2025-12-24,35.37,37.8,34.54,37.13,19033717.0,693850371.0,339149678.0,0.056121878435043,603319
2025-12-25,37.27,37.7,36.01,37.3,14475981.0,533104793.0,339149678.0,0.0426831630369408,603319
2025-12-26,37.02,38.08,36.6,37.15,12126415.0,452166111.0,339149678.0,0.0357553487047686,603319
2025-12-29,36.86,37.68,36.5,37.12,12109639.0,449359040.0,339149678.0,0.035705883819238,603319
2025-12-30,37.0,38.79,36.5,38.28,21305847.0,810014169.0,339149678.0,0.0628213687998842,603319
2025-12-31,38.53,38.69,36.57,36.58,19767996.0,735089835.0,339149678.0,0.0582869372501659,603319
2026-01-05,35.98,36.26,35.37,35.7,18028839.0,642934329.0,339149678.0,0.0531589447653846,603319
2026-01-06,35.71,36.05,35.17,35.35,13927994.0,494072244.0,339149678.0,0.0410673956175774,603319
2026-01-07,35.46,35.57,34.32,34.46,17735719.0,615785776.0,339149678.0,0.0522946656018939,603319
2026-01-08,34.5,35.0,34.2,34.44,11144963.0,385489745.0,339149678.0,0.0328614877823944,603319
2026-01-09,34.47,35.77,34.46,35.17,13421567.0,473101451.0,339149678.0,0.0395741699627973,603319
2026-01-12,35.41,35.69,34.3,34.81,16928587.0,588647970.0,339149678.0,0.0499147960270214,603319
2026-01-13,34.81,38.29,34.63,37.7,55857099.0,2093370506.0,339149678.0,0.1646974849847859,603319
2026-01-14,37.22,37.3,36.11,36.41,32489877.0,1194668458.0,339149678.0,0.0957980476101174,603319
2026-01-15,36.66,37.79,36.16,37.32,22310763.0,827754511.0,339149678.0,0.0657844145144669,603319
2026-01-16,37.87,39.4,37.65,38.35,25544188.0,983658265.0,339149678.0,0.0753183318664392,603319
2026-01-19,38.14,40.11,38.02,39.42,24886357.0,974866443.0,339149678.0,0.0733786838506153,603319
2026-01-20,39.15,39.87,37.13,37.76,22068754.0,839007502.0,339149678.0,0.0650708387227187,603319
2026-01-21,37.41,38.94,37.3,37.94,17212387.0,659041352.0,339149678.0,0.0507515946985507,603319
2026-01-22,38.0,38.74,37.16,37.39,12864361.0,483466035.0,339149678.0,0.0379312198550871,603319
2026-01-23,37.79,39.9,37.79,38.72,25058020.0,979680764.0,339149678.0,0.0738848408990675,603319
2026-01-26,39.6,39.95,38.01,38.6,17365874.0,672092436.0,339149678.0,0.0512041588905769,603319
2026-01-27,38.5,41.41,37.2,41.17,30288392.0,1203482062.0,339149678.0,0.0893068576052134,603319
2026-01-28,40.64,41.38,39.1,39.27,20264128.0,807052243.0,339149678.0,0.0597498075761109,603319
2026-01-29,39.0,39.9,37.4,37.5,17170643.0,659246215.0,339149678.0,0.0506285104006497,603319
2026-01-30,37.61,38.1,36.67,37.66,11431345.0,428571539.0,339149678.0,0.0337058996116752,603319
2026-02-02,37.62,38.0,36.22,36.32,11252781.0,416059196.0,339149678.0,0.0331793946152589,603319
2026-02-03,36.5,36.95,35.85,36.7,9659042.0,350965713.0,339149678.0,0.0284801744673925,603319
2026-02-04,36.66,36.66,35.85,36.27,8168679.0,295172935.0,339149678.0,0.0240857636904493,603319
2026-02-05,36.6,37.98,36.55,37.53,15517829.0,580330354.0,339149678.0,0.0457551046237466,603319
2026-02-06,36.52,38.42,36.2,36.91,13321435.0,499279090.0,339149678.0,0.0392789256901491,603319
2026-02-09,37.16,37.96,36.76,37.89,11997675.0,448075992.0,339149678.0,0.0353757522954216,603319
2026-02-10,37.83,39.28,37.37,37.44,11478195.0,436235362.0,339149678.0,0.0338440392091423,603319
2026-02-11,37.5,38.94,37.1,38.34,13597569.0,518888720.0,339149678.0,0.0400931207724749,603319
2026-02-12,38.09,39.2,38.08,38.89,9748934.0,377681870.0,339149678.0,0.0287452255814908,603319
2026-02-13,38.54,39.41,38.4,38.54,7866836.0,305507048.0,339149678.0,0.023195764319729,603319
2026-02-24,39.99,39.99,38.31,38.54,14411397.0,559294827.0,339149678.0,0.0424927338424304,603319
2026-02-25,38.33,38.49,37.6,38.25,9576239.0,363875329.0,339149678.0,0.0282360256287785,603319
2026-02-26,38.26,38.57,37.75,38.0,9439258.0,359154368.0,339149678.0,0.0278321302136102,603319
2026-02-27,37.94,37.94,37.3,37.6,8754394.0,328892887.0,339149678.0,0.025812774028345,603319
2026-03-02,36.8,37.14,36.09,36.15,11343054.0,413886894.0,339149678.0,0.0334455691271509,603319
2026-03-03,36.38,36.8,35.28,35.49,9817475.0,353577010.0,339149678.0,0.0289473221908823,603319
2026-03-04,34.9,35.95,34.8,35.28,6767989.0,238588499.0,339149678.0,0.0199557582950145,603319
2026-03-05,35.84,36.05,34.9,35.28,7326824.0,259778464.0,339149678.0,0.0216035115917167,603319
2026-03-06,35.05,36.07,35.02,35.9,5410050.0,193367766.0,339149678.0,0.0159518063879748,603319
2026-03-09,35.4,35.45,34.47,34.8,8496962.0,295860893.0,339149678.0,0.0250537227400817,603319
2026-03-10,35.44,37.78,34.81,37.55,19570003.0,712616215.0,339149678.0,0.057703144863372,603319
2026-03-11,37.18,37.68,36.82,37.05,9607170.0,357608126.0,339149678.0,0.0283272272486132,603319
2026-03-12,36.98,37.19,35.95,36.1,7998452.0,291334825.0,339149678.0,0.0235838407607156,603319
2026-03-13,35.88,36.23,35.38,35.7,6044510.0,216644615.0,339149678.0,0.0178225438267996,603319
2026-03-16,35.01,35.7,34.93,35.36,5130335.0,180387500.0,339149678.0,0.0151270525458084,603319
2026-03-17,35.45,35.89,34.92,35.03,4947112.0,175072003.0,339149678.0,0.0145868102519619,603319
2026-03-18,35.01,36.52,34.85,36.08,7357537.0,262469896.0,339149678.0,0.0216940704275119,603319
2026-03-19,35.65,35.67,34.8,34.97,6989532.0,245640881.0,339149678.0,0.0206089890493718,603319
2026-03-20,35.0,35.95,34.69,35.07,7501059.0,264630035.0,339149678.0,0.0221172523124141,603319
2026-03-23,35.29,36.19,34.22,34.69,12992884.0,457958637.0,339149678.0,0.0383101764289453,603319
2026-03-24,34.89,35.06,31.33,33.88,13683366.0,454507774.0,339149678.0,0.040346097571704,603319
2026-03-25,33.77,34.21,33.69,33.85,7568760.0,256579006.0,339149678.0,0.0223168721392682,603319
2026-03-26,33.85,33.85,32.58,32.6,8321652.0,275715280.0,339149678.0,0.0245368123274467,603319
2026-03-27,31.63,32.25,31.51,31.84,8270162.0,263455047.0,339149678.0,0.0243849914550117,603319
2026-03-30,31.35,31.75,29.88,30.33,12370393.0,377688964.0,339149678.0,0.0364747301927262,603319
2026-03-31,30.36,31.95,30.22,30.25,10113108.0,313024687.0,339149678.0,0.0298190110621305,603319
2026-04-01,30.9,32.63,30.89,31.91,14676344.0,465891172.0,339149678.0,0.0432739434887507,603319
2026-04-02,32.05,32.13,31.15,31.45,5356703.0,169306159.0,339149678.0,0.015794510057002,603319
2026-04-03,31.55,31.55,30.66,30.75,4656900.0,144187121.0,339149678.0,0.0137311054737312,603319
2026-04-07,30.8,31.1,30.28,30.41,4594074.0,140241920.0,339149678.0,0.0135458598312453,603319
2026-04-08,31.2,32.29,31.14,32.17,7878573.0,250089903.0,339149678.0,0.0232303714585864,603319
2026-04-09,31.94,33.43,31.66,32.46,12261790.0,396516769.0,339149678.0,0.0361545087476096,603319
2026-04-10,32.69,33.63,32.5,33.28,14333972.0,473766890.0,339149678.0,0.0422644423091564,603319
2026-04-13,33.2,34.67,33.2,33.97,14022219.0,479366772.0,339149678.0,0.0413452228015973,603319
2026-04-14,34.0,35.15,33.97,35.06,12703736.0,438813272.0,339149678.0,0.0374576089085952,603319
2026-04-15,35.49,36.08,34.63,34.75,15294412.0,541443777.0,339149678.0,0.0450963482854906,603319
2026-04-16,35.0,35.31,34.33,34.68,10881127.0,378199924.0,339149678.0,0.0320835539758348,603319
2026-04-17,34.68,35.33,34.42,34.97,8586929.0,300373553.0,339149678.0,0.025318994995478,603319
2026-04-20,34.97,35.15,33.81,33.93,14393728.0,493793379.0,339149678.0,0.0424406359011787,603319
2026-04-21,33.2,36.47,33.15,35.85,27522669.0,970866222.0,339149678.0,0.0811519832845013,603319
2026-04-22,35.49,36.3,35.26,36.25,11691985.0,421131225.0,339149678.0,0.0344744098503906,603319
2026-04-23,36.2,38.15,35.75,37.7,25373700.0,941438917.0,339149678.0,0.0748156393649885,603319
2026-04-24,38.01,38.27,37.2,37.46,15488879.0,583474163.0,339149678.0,0.0456697440827291,603319
2026-04-27,37.4,38.0,37.18,37.47,12545253.0,471503243.0,339149678.0,0.0369903137575734,603319
2026-04-28,37.37,37.58,35.3,35.91,17128771.0,619216903.0,339149678.0,0.0505050486882667,603319
2026-04-29,35.69,38.3,35.69,37.65,17730594.0,662502007.0,339149678.0,0.0522795542798657,603319
2026-04-30,37.7,38.89,37.7,38.21,14802059.0,568484147.0,339149678.0,0.0436446205324128,603319
2026-05-06,38.88,38.95,37.71,38.2,18336265.0,702848968.0,339149678.0,0.0540654058943261,603319
2026-05-07,38.0,40.45,36.38,40.0,33098743.0,1287830320.0,339149678.0,0.0975933198438714,603319
2026-05-08,39.83,40.43,39.19,40.14,21672666.0,865181105.0,339149678.0,0.0639029531969657,603319
2026-05-11,40.0,42.06,38.14,39.21,40211974.0,1611312838.0,339149678.0,0.1185670416588159,603319
2026-05-12,41.83,41.83,35.3,35.35,53605071.0,1982868556.0,339149678.0,0.1580572663849027,603319
2026-05-13,34.99,35.35,33.31,33.44,31508911.0,1065883682.0,339149678.0,0.092905619683354,603319
2026-05-14,33.35,33.41,31.33,31.5,26912473.0,862084095.0,339149678.0,0.0793527894783966,603319
2026-05-15,31.01,33.85,31.0,32.49,26174298.0,852429266.0,339149678.0,0.0771762431099816,603319
2026-05-18,32.17,32.3,30.65,31.94,20459969.0,645395683.0,339149678.0,0.0603272546819283,603319
2026-05-19,32.13,32.7,31.76,31.88,13118184.0,422133863.0,339149678.0,0.038679629824092,603319
2026-05-20,31.57,31.57,29.83,30.21,21539477.0,655114671.0,339149678.0,0.0635102386858229,603319
2026-05-21,30.59,33.23,30.2,32.87,36642306.0,1186313162.0,339149678.0,0.1080416947941197,603319
2026-05-22,32.5,33.05,31.42,31.87,24489769.0,782735458.0,339149678.0,0.0722093240495425,603319
