date,open,high,low,close,volume,amount,outstanding_share,turnover,ticker
1994-05-09,9.0,9.85,9.0,9.85,12222200.0,115038000.0,19692000.0,0.6206682916920577,000568
1994-05-10,10.15,11.3,10.05,11.1,13656300.0,145004992.0,19692000.0,0.6934948202315662,000568
1994-05-11,12.0,12.3,10.8,11.0,9613000.0,112760000.0,19692000.0,0.488167783871623,000568
1994-05-12,10.81,11.38,10.8,10.85,6502300.0,71640000.0,19692000.0,0.3302000812512695,000568
1994-05-13,11.1,11.38,10.5,11.31,5778000.0,63714000.0,19692000.0,0.2934186471663619,000568
1994-05-16,11.45,11.6,11.01,11.2,3371000.0,38178000.0,19692000.0,0.1711862685354458,000568
1994-05-17,11.2,11.3,10.75,10.84,1552800.0,17100000.0,19692000.0,0.0788543570993296,000568
1994-05-18,10.65,10.84,10.45,10.54,1433100.0,15196000.0,19692000.0,0.072775746496039,000568
1994-05-19,10.5,11.08,10.5,10.98,1246500.0,13462000.0,19692000.0,0.0632998171846435,000568
1994-05-20,10.94,11.05,10.6,10.66,965500.0,10467000.0,19692000.0,0.0490300629697339,000568
1994-05-23,10.6,10.78,10.49,10.58,448700.0,4754000.0,19692000.0,0.0227859029047328,000568
1994-05-24,10.6,10.99,10.58,10.74,465600.0,4992000.0,19692000.0,0.0236441194393662,000568
1994-05-25,10.55,10.79,10.4,10.42,452300.0,4776000.0,19692000.0,0.0229687182612228,000568
1994-05-26,10.42,10.5,10.14,10.17,797000.0,8182000.0,19692000.0,0.040473288645135,000568
1994-05-27,10.1,10.36,10.05,10.07,395400.0,4037000.0,19692000.0,0.0200792199878123,000568
1994-05-30,10.0,10.0,9.4,9.45,627100.0,6051000.0,19692000.0,0.031845419459679,000568
1994-05-31,9.43,9.71,9.3,9.5,696600.0,6664000.0,19692000.0,0.0353747714808043,000568
1994-06-01,9.5,9.55,9.1,9.15,446700.0,4171000.0,19692000.0,0.022684338817794,000568
1994-06-02,9.01,9.29,9.01,9.06,275600.0,2509000.0,19692000.0,0.0139955311801746,000568
1994-06-03,9.2,9.39,9.03,9.1,445000.0,4096000.0,19692000.0,0.0225980093438959,000568
1994-06-06,9.39,9.4,9.0,9.08,209400.0,1901000.0,19692000.0,0.0106337599024984,000568
1994-06-07,9.08,9.19,9.08,9.08,54400.0,495000.0,19692000.0,0.0027625431647369,000568
1994-06-08,9.0,9.21,8.9,9.16,289800.0,2627000.0,19692000.0,0.0147166361974405,000568
1994-06-09,9.2,9.22,8.9,8.96,355400.0,3224000.0,19692000.0,0.0180479382490351,000568
1994-06-10,9.1,9.1,8.7,8.75,599000.0,5297000.0,19692000.0,0.030418444038188,000568
1994-06-13,8.75,8.75,8.15,8.15,337000.0,2811000.0,19692000.0,0.0171135486491976,000568
1994-06-14,8.1,8.35,7.94,7.99,793500.0,6400000.0,19692000.0,0.040295551492992,000568
1994-06-15,7.99,8.12,7.97,8.04,216700.0,1742000.0,19692000.0,0.0110044688198253,000568
1994-06-16,8.2,8.5,8.05,8.34,565300.0,4649000.0,19692000.0,0.0287070891732683,000568
1994-06-17,8.48,8.65,8.15,8.61,1045100.0,8850000.0,19692000.0,0.0530723136299004,000568
1994-06-20,8.7,8.7,8.17,8.19,985300.0,8352000.0,19692000.0,0.0500355474304286,000568
1994-06-21,8.1,8.15,8.05,8.11,441500.0,3575000.0,19692000.0,0.0224202721917529,000568
1994-06-22,8.1,8.34,8.09,8.2,165000.0,1351000.0,19692000.0,0.0083790371724558,000568
1994-06-23,8.2,8.23,8.02,8.04,294300.0,2392483.0,19692000.0,0.014945155393053,000568
1994-06-24,8.14,8.14,8.0,8.01,221000.0,1776024.0,19692000.0,0.0112228316067438,000568
1994-06-27,7.9,7.9,7.5,7.5,429200.0,3268171.0,19692000.0,0.021795653057079,000568
1994-06-28,7.35,7.5,7.31,7.42,219000.0,1630937.0,19692000.0,0.0111212675198049,000568
1994-06-29,7.42,7.51,7.2,7.22,151800.0,1109478.0,19692000.0,0.0077087141986593,000568
1994-06-30,7.2,7.38,7.16,7.27,209100.0,1518228.0,19692000.0,0.0106185252894576,000568
1994-07-01,7.35,7.35,7.0,7.04,151700.0,1085284.0,19692000.0,0.0077036359943124,000568
1994-07-04,7.0,7.0,6.8,6.83,308300.0,2106972.0,19692000.0,0.015656104001625,000568
1994-07-08,6.71,6.96,6.5,6.83,334500.0,2268974.0,19692000.0,0.016986593540524,000568
1994-07-11,6.83,6.85,6.55,6.55,286400.0,1907442.0,19692000.0,0.0145439772496445,000568
1994-07-12,6.55,6.6,6.5,6.54,129100.0,844601.0,19692000.0,0.0065559618119033,000568
1994-07-13,6.6,6.75,6.6,6.72,263000.0,1758012.0,19692000.0,0.0133556774324598,000568
1994-07-14,6.75,6.92,6.7,6.74,546400.0,3718293.0,19692000.0,0.0277473085516961,000568
1994-07-15,6.72,6.73,6.54,6.56,147200.0,974266.0,19692000.0,0.0074751167986999,000568
1994-07-18,6.5,6.5,6.4,6.42,142500.0,919261.0,19692000.0,0.0072364411943936,000568
1994-07-19,6.35,6.5,6.2,6.3,173300.0,1091781.0,19692000.0,0.008800528133252,000568
1994-07-20,6.35,6.35,6.21,6.23,92900.0,582076.0,19692000.0,0.0047176518383099,000568
1994-07-21,6.23,6.23,6.11,6.16,179200.0,1101067.0,19692000.0,0.0091001421897217,000568
1994-07-22,6.11,6.25,6.05,6.1,183200.0,1125784.0,19692000.0,0.0093032703635994,000568
1994-07-25,6.1,6.39,6.05,6.38,290400.0,1821342.0,19692000.0,0.0147471054235222,000568
1994-07-26,6.4,6.7,6.35,6.7,1039700.0,6746998.0,19692000.0,0.0527980905951655,000568
1994-07-27,6.6,6.7,6.18,6.39,949500.0,6221915.0,19692000.0,0.048217550274223,000568
1994-07-28,6.26,6.34,6.01,6.04,536000.0,3284107.0,19692000.0,0.027219175299614,000568
1994-07-29,5.7,6.03,5.7,6.01,758200.0,4484724.0,19692000.0,0.0385029453585212,000568
1994-08-01,7.0,7.68,6.9,7.61,2748700.0,19980415.0,19692000.0,0.13958460288442,000568
1994-08-02,8.0,9.0,7.9,8.0,3302600.0,28039476.0,19692000.0,0.1677127767621369,000568
1994-08-03,7.8,9.9,7.8,9.9,3754900.0,31460819.0,19692000.0,0.1906814950233597,000568
1994-08-04,10.15,10.2,9.0,9.65,7889600.0,77317080.0,19692000.0,0.4006500101564087,000568
1994-08-05,9.7,10.1,9.55,10.1,4399200.0,43455784.0,19692000.0,0.2234003656307129,000568
1994-08-08,10.2,10.3,9.63,9.8,3616400.0,35868472.0,19692000.0,0.1836481820028438,000568
1994-08-09,9.6,9.6,8.9,8.97,2210400.0,20347525.0,19692000.0,0.1122486288848263,000568
1994-08-10,8.9,9.85,8.7,9.85,2558500.0,23873676.0,19692000.0,0.1299258582165346,000568
1994-08-11,10.0,10.45,9.5,9.67,7217000.0,73370564.0,19692000.0,0.3664940077188706,000568
1994-08-12,9.5,10.25,9.48,9.83,2589500.0,25533544.0,19692000.0,0.1315001015640869,000568
1994-08-15,9.83,9.83,9.4,9.55,1537000.0,14700213.0,19692000.0,0.0780520008125126,000568
1994-08-16,9.46,9.9,9.45,9.8,1017200.0,9917755.0,19692000.0,0.0516554946171033,000568
1994-08-17,9.72,10.25,9.72,10.25,1711900.0,17024232.0,19692000.0,0.0869337802153158,000568
1994-08-18,10.5,12.0,10.3,11.8,8679000.0,95334220.0,19692000.0,0.4407373552711761,000568
1994-08-19,11.8,11.9,11.0,11.28,4464600.0,51002618.0,19692000.0,0.2267215112736136,000568
1994-08-22,11.35,12.1,11.15,11.75,6988100.0,81669199.0,19692000.0,0.3548699979687182,000568
1994-08-23,12.0,12.3,11.4,11.95,2110800.0,24861927.0,19692000.0,0.1071907373552711,000568
1994-08-24,12.2,12.45,11.9,12.07,4913500.0,60172746.0,19692000.0,0.2495175705870404,000568
1994-08-25,12.0,12.2,11.7,11.82,1659700.0,19878045.0,19692000.0,0.0842829575462116,000568
1994-08-26,11.82,12.15,11.58,11.62,2201800.0,25911326.0,19692000.0,0.1118119033109892,000568
1994-08-29,11.62,12.1,11.5,11.67,1689500.0,19897517.0,19692000.0,0.0857962624416006,000568
1994-08-30,11.7,12.27,11.6,11.92,1970800.0,23530874.0,19692000.0,0.100081251269551,000568
1994-08-31,12.1,13.45,11.97,13.45,5415700.0,67346235.0,19692000.0,0.2750203128173877,000568
1994-09-01,13.45,14.23,13.0,14.15,4114700.0,56870762.0,19692000.0,0.2089528742636603,000568
1994-09-02,14.12,15.5,13.83,15.5,4537800.0,65919131.0,19692000.0,0.2304387568555758,000568
1994-09-05,16.1,18.0,15.85,17.29,5280100.0,89443129.0,19692000.0,0.2681342677229332,000568
1994-09-06,17.8,20.48,17.5,20.48,4092300.0,75142805.0,19692000.0,0.2078153564899451,000568
1994-09-07,21.2,21.2,18.0,18.6,3272100.0,64577430.0,19692000.0,0.1661639244363193,000568
1994-09-08,18.6,19.4,18.4,19.3,2159600.0,40720211.0,19692000.0,0.1096689010765793,000568
1994-09-09,19.2,19.2,17.7,18.26,1581600.0,29321403.0,19692000.0,0.0803168799512492,000568
1994-09-12,18.5,19.0,18.35,18.85,1397700.0,26072943.0,19692000.0,0.0709780621572212,000568
1994-09-13,19.3,19.3,18.0,18.3,3456600.0,64868852.0,19692000.0,0.175533211456429,000568
1994-09-14,18.4,18.4,17.0,17.5,5120200.0,88859479.0,19692000.0,0.2600142189721714,000568
1994-09-15,17.15,17.55,16.97,17.15,2498600.0,43011059.0,19692000.0,0.1268840138127158,000568
1994-09-16,17.8,18.0,17.18,17.4,1600400.0,27892212.0,19692000.0,0.0812715823684745,000568
1994-09-19,17.49,17.49,17.1,17.15,855700.0,14744498.0,19692000.0,0.0434541945967905,000568
1994-09-20,16.8,17.08,16.6,16.7,717200.0,12063579.0,19692000.0,0.0364208815762746,000568
1994-09-21,16.7,17.48,16.7,17.25,698900.0,12006206.0,19692000.0,0.035491570180784,000568
1994-09-22,17.5,17.55,16.75,16.85,928200.0,15912034.0,19692000.0,0.0471358927483241,000568
1994-09-23,16.5,16.75,16.25,16.48,803200.0,13250405.0,19692000.0,0.0407881373146455,000568
1994-09-26,16.48,17.0,16.45,16.85,606100.0,10177603.0,19692000.0,0.030778996546821,000568
1994-09-27,17.0,17.1,16.5,16.95,675900.0,11344486.0,19692000.0,0.0343235831809872,000568
1994-09-28,16.95,17.5,16.6,17.4,1187100.0,20441854.0,19692000.0,0.0602833638025594,000568
1994-09-29,17.6,17.6,14.8,15.7,1554400.0,24854386.0,19692000.0,0.0789356083688807,000568
1994-09-30,15.7,15.7,14.6,15.05,2301700.0,34398645.0,19692000.0,0.1168850294535852,000568
1994-10-05,14.05,14.7,13.01,13.4,1065000.0,14787006.0,19692000.0,0.0540828762949421,000568
1994-10-06,13.2,14.0,12.3,12.51,1732700.0,22870000.0,19692000.0,0.0879900467194799,000568
1994-10-07,12.25,13.75,10.5,13.25,2752200.0,32581701.0,19692000.0,0.139762340036563,000568
1994-10-10,13.25,13.25,11.2,12.58,1694800.0,21445371.0,19692000.0,0.0860654072719886,000568
1994-10-11,12.3,12.88,12.17,12.6,456600.0,5762384.0,19692000.0,0.0231870810481413,000568
1994-10-12,12.75,12.84,12.6,12.7,378300.0,4822400.0,19692000.0,0.019210847044485,000568
1994-10-13,12.7,12.8,11.81,11.88,576900.0,7035642.0,19692000.0,0.0292961608775137,000568
1994-10-14,11.75,12.5,11.25,12.15,819300.0,9642095.0,19692000.0,0.0416057282145033,000568
1994-10-17,12.15,12.15,11.51,11.58,354500.0,4177088.0,19692000.0,0.0180022344099126,000568
1994-10-18,11.5,12.26,11.5,11.71,212300.0,2491611.0,19692000.0,0.0107810278285598,000568
1994-10-19,12.07,12.13,11.76,12.1,517700.0,6220137.0,19692000.0,0.0262898639041235,000568
1994-10-20,12.2,12.75,12.15,12.65,771500.0,9541954.0,19692000.0,0.0391783465366646,000568
1994-10-21,12.95,13.54,12.65,12.72,2160300.0,28270331.0,19692000.0,0.1097044485070079,000568
1994-10-24,12.72,13.65,12.65,13.65,1465900.0,19315792.0,19692000.0,0.0744413975218362,000568
1994-10-25,13.79,14.0,13.0,13.15,1564200.0,21120099.0,19692000.0,0.0794332723948811,000568
1994-10-26,13.0,13.15,12.65,12.95,679000.0,8783388.0,19692000.0,0.0344810075157424,000568
1994-10-27,12.8,13.1,12.62,13.05,271000.0,3477890.0,19692000.0,0.0137619337802153,000568
1994-10-28,13.15,13.18,12.75,12.81,177700.0,2292153.0,19692000.0,0.0090239691245175,000568
1994-10-31,13.0,13.0,12.4,12.48,368500.0,4647618.0,19692000.0,0.0187131830184846,000568
1994-11-01,12.5,12.69,12.4,12.6,157500.0,1969372.0,19692000.0,0.0079981718464351,000568
1994-11-02,12.6,12.75,12.46,12.62,63000.0,788701.0,19692000.0,0.003199268738574,000568
1994-11-03,12.6,13.1,12.6,12.95,374500.0,4821652.0,19692000.0,0.0190178752793012,000568
1994-11-04,13.0,13.05,12.57,12.6,316200.0,4026430.0,19692000.0,0.0160572821450335,000568
1994-11-07,12.5,12.5,12.2,12.5,185400.0,2297725.0,19692000.0,0.0094149908592321,000568
1994-11-08,12.7,13.08,12.7,12.93,734600.0,9510272.0,19692000.0,0.0373044891326427,000568
1994-11-09,12.95,13.15,12.81,13.13,500700.0,6517390.0,19692000.0,0.0254265691651432,000568
1994-11-10,13.2,13.35,12.75,12.75,457700.0,6005710.0,19692000.0,0.0232429412959577,000568
1994-11-11,12.75,13.16,12.75,13.15,282400.0,3663083.0,19692000.0,0.0143408490757668,000568
1994-11-14,13.5,13.5,13.1,13.15,389400.0,5158297.0,19692000.0,0.0197745277269957,000568
1994-11-15,13.15,13.15,12.81,12.9,306600.0,3955620.0,19692000.0,0.0155697745277269,000568
1994-11-16,12.65,12.9,12.65,12.8,145500.0,1862080.0,19692000.0,0.0073887873248019,000568
1994-11-17,12.8,12.98,12.64,12.64,102800.0,1313330.0,19692000.0,0.0052203940686573,000568
1994-11-18,12.5,12.85,12.5,12.74,144200.0,1819506.0,21880000.0,0.0065904936014625,000568
1994-11-21,12.61,12.78,12.61,12.65,83000.0,1052361.0,21880000.0,0.0037934186471663,000568
1994-11-22,12.65,12.75,12.65,12.7,54200.0,688110.0,21880000.0,0.0024771480804387,000568
1994-11-23,12.7,12.75,12.67,12.68,166800.0,2119489.0,21880000.0,0.0076234003656307,000568
1994-11-24,12.65,12.8,12.61,12.75,183700.0,2342102.0,21880000.0,0.0083957952468007,000568
1994-11-25,12.75,12.91,12.7,12.72,177500.0,2276700.0,21880000.0,0.0081124314442413,000568
1994-11-28,12.83,12.83,12.66,12.68,45200.0,575537.0,21880000.0,0.0020658135283363,000568
1994-11-29,12.6,12.78,11.68,12.75,66900.0,842604.0,21880000.0,0.0030575868372943,000568
1994-11-30,12.88,12.88,12.58,12.75,81900.0,1043706.0,21880000.0,0.0037431444241316,000568
1994-12-01,12.7,12.8,12.7,12.75,48900.0,623230.0,21880000.0,0.0022349177330895,000568
1994-12-02,12.71,12.75,12.7,12.7,67900.0,864365.0,21880000.0,0.0031032906764168,000568
1994-12-05,12.9,12.9,12.3,12.32,154200.0,1926396.0,21880000.0,0.0070475319926873,000568
1994-12-06,12.32,12.32,12.07,12.07,156000.0,1889788.0,21880000.0,0.0071297989031078,000568
1994-12-07,12.05,12.15,12.0,12.1,120500.0,1455830.0,21880000.0,0.0055073126142595,000568
1994-12-09,12.08,12.08,11.78,11.88,77700.0,919757.0,21880000.0,0.0035511882998171,000568
1994-12-12,11.6,11.6,11.29,11.33,220600.0,2515825.0,21880000.0,0.0100822669104204,000568
1994-12-13,11.35,11.62,11.25,11.54,214200.0,2460508.0,21880000.0,0.0097897623400365,000568
1994-12-14,11.66,11.66,11.3,11.31,130900.0,1488845.0,21880000.0,0.0059826325411334,000568
1994-12-15,11.2,12.35,11.2,12.3,418800.0,4997236.0,21880000.0,0.0191407678244972,000568
1994-12-16,12.35,12.7,11.7,12.2,746800.0,9258064.0,21880000.0,0.0341316270566727,000568
1994-12-19,12.2,12.4,11.76,11.76,250100.0,3002371.0,21880000.0,0.0114305301645338,000568
1994-12-20,11.55,12.09,11.55,11.95,199200.0,2357498.0,21880000.0,0.0091042047531992,000568
1994-12-21,11.61,11.98,11.61,11.7,171600.0,2035732.0,21880000.0,0.0078427787934186,000568
1994-12-22,11.7,11.82,11.4,11.68,211600.0,2448606.0,21880000.0,0.0096709323583181,000568
1994-12-23,11.8,11.92,11.5,11.8,188200.0,2202892.0,21880000.0,0.0086014625228519,000568
1994-12-26,11.89,11.89,11.5,11.5,158400.0,1835258.0,21880000.0,0.0072394881170018,000568
1994-12-27,11.5,11.69,11.45,11.65,77300.0,891767.0,21880000.0,0.0035329067641681,000568
1994-12-28,11.6,11.8,11.6,11.75,129400.0,1513453.0,21880000.0,0.0059140767824497,000568
1994-12-29,11.8,11.85,11.65,11.68,107700.0,1262519.0,21880000.0,0.0049223034734917,000568
1994-12-30,11.7,11.92,11.7,11.9,333100.0,3938348.0,21880000.0,0.0152239488117001,000568
1995-01-03,11.9,11.9,11.55,11.9,73400.0,863123.0,21880000.0,0.0033546617915904,000568
1995-01-04,11.9,12.56,11.75,12.49,499600.0,6182150.0,21880000.0,0.0228336380255941,000568
1995-01-05,12.58,12.64,12.0,12.31,432400.0,5393620.0,21880000.0,0.019762340036563,000568
1995-01-06,12.1,12.23,12.03,12.21,177100.0,2149604.0,21880000.0,0.0080941499085923,000568
1995-01-09,12.21,12.21,11.95,11.98,166800.0,2009121.0,21880000.0,0.0076234003656307,000568
1995-01-10,11.8,11.9,11.7,11.8,258700.0,3048675.0,21880000.0,0.0118235831809872,000568
1995-01-11,11.69,11.98,11.68,11.88,106300.0,1252022.0,21880000.0,0.0048583180987202,000568
1995-01-12,11.98,12.44,11.74,11.78,248800.0,2949366.0,21880000.0,0.0113711151736745,000568
1995-01-13,11.68,11.85,11.68,11.8,167300.0,1960540.0,21880000.0,0.0076462522851919,000568
1995-01-16,11.8,11.8,11.58,11.59,207400.0,2409370.0,21880000.0,0.0094789762340036,000568
1995-01-17,11.58,11.7,11.48,11.5,150600.0,1740088.0,21880000.0,0.0068829981718464,000568
1995-01-18,11.51,11.68,11.5,11.66,148800.0,1720377.0,21880000.0,0.0068007312614259,000568
1995-01-19,11.8,11.8,11.3,11.37,223000.0,2558147.0,21880000.0,0.0101919561243144,000568
1995-01-20,11.3,11.5,11.0,11.3,149600.0,1670620.0,21880000.0,0.0068372943327239,000568
1995-01-23,11.3,11.3,11.01,11.13,57600.0,642779.0,21880000.0,0.0026325411334552,000568
1995-01-24,11.15,11.25,11.1,11.15,48500.0,541794.0,21880000.0,0.0022166361974405,000568
1995-01-25,11.25,11.4,11.25,11.32,87400.0,989417.0,21880000.0,0.0039945155393053,000568
1995-01-26,11.4,11.5,11.25,11.31,55900.0,632849.0,21880000.0,0.0025548446069469,000568
1995-01-27,11.28,11.48,11.27,11.35,89900.0,1023483.0,21880000.0,0.0041087751371115,000568
1995-02-13,11.2,11.48,11.18,11.44,46800.0,527590.0,21880000.0,0.0021389396709323,000568
1995-02-14,11.38,11.45,11.13,11.3,32400.0,366151.0,21880000.0,0.0014808043875685,000568
1995-02-15,11.3,11.35,11.2,11.26,42500.0,478717.0,21880000.0,0.0019424131627056,000568
1995-02-16,11.28,11.44,11.25,11.27,15700.0,177140.0,21880000.0,0.000717550274223,000568
1995-02-17,11.3,12.9,11.25,11.41,31100.0,365553.0,21880000.0,0.0014213893967093,000568
1995-02-20,11.41,11.45,11.4,11.4,22300.0,254572.0,21880000.0,0.0010191956124314,000568
1995-02-21,11.38,11.58,11.38,11.58,31100.0,356757.0,21880000.0,0.0014213893967093,000568
1995-02-22,11.58,12.6,11.55,12.58,652700.0,8106831.0,21880000.0,0.0298308957952468,000568
1995-02-23,12.58,12.58,11.92,12.15,834500.0,10167115.0,21880000.0,0.0381398537477148,000568
1995-02-24,12.01,12.3,11.6,11.6,341900.0,4043159.0,21880000.0,0.015626142595978,000568
1995-02-27,11.6,12.1,11.58,11.58,382700.0,4497726.0,21880000.0,0.0174908592321755,000568
1995-02-28,11.52,11.99,11.5,11.85,382700.0,4498000.0,21880000.0,0.0174908592321755,000568
1995-03-01,12.0,12.48,12.0,12.36,808700.0,9960769.0,21880000.0,0.0369606946983546,000568
1995-03-02,12.23,12.48,12.2,12.38,460300.0,5675560.0,21880000.0,0.0210374771480804,000568
1995-03-03,12.45,12.86,12.35,12.86,1407800.0,17897820.0,21880000.0,0.0643418647166362,000568
1995-03-06,12.86,13.4,12.86,13.35,1354300.0,17773841.0,21880000.0,0.0618967093235831,000568
1995-03-07,13.35,13.6,13.05,13.53,2132400.0,28656320.0,21880000.0,0.0974588665447897,000568
1995-03-08,13.48,13.65,13.25,13.57,1539300.0,20774405.0,21880000.0,0.0703519195612431,000568
1995-03-09,13.4,13.99,13.4,13.6,1475000.0,20269891.0,21880000.0,0.0674131627056672,000568
1995-03-10,13.5,13.85,13.2,13.29,864900.0,11691926.0,21880000.0,0.0395292504570383,000568
1995-03-13,13.38,13.6,12.9,12.98,567700.0,7460684.0,21880000.0,0.0259460694698354,000568
1995-03-14,13.5,13.5,13.0,13.05,294600.0,3858067.0,21880000.0,0.0134643510054844,000568
1995-03-15,13.01,13.17,12.5,12.6,526800.0,6724074.0,21880000.0,0.0240767824497257,000568
1995-03-16,12.51,12.8,12.5,12.8,246700.0,3112071.0,21880000.0,0.0112751371115173,000568
1995-03-17,12.61,12.95,12.61,12.85,263800.0,3394304.0,21880000.0,0.0120566727605118,000568
1995-03-20,13.0,13.0,12.6,12.65,267200.0,3434141.0,21880000.0,0.0122120658135283,000568
1995-03-21,12.6,12.86,12.6,12.8,166600.0,2115523.0,21880000.0,0.0076142595978062,000568
1995-03-22,12.98,13.35,12.92,13.35,435600.0,5728534.0,21880000.0,0.019908592321755,000568
1995-03-23,13.35,13.35,12.96,13.05,349200.0,4597756.0,21880000.0,0.0159597806215722,000568
1995-03-24,13.05,13.61,13.0,13.19,119800.0,1565593.0,21880000.0,0.0054753199268738,000568
1995-03-27,13.25,13.3,12.95,13.17,202800.0,2677194.0,21880000.0,0.0092687385740402,000568
1995-03-28,12.82,13.2,12.82,12.91,306200.0,3983726.0,21880000.0,0.0139945155393053,000568
1995-03-29,12.91,13.16,12.85,13.15,143400.0,1858604.0,21880000.0,0.0065539305301645,000568
1995-03-30,13.16,13.25,13.0,13.05,234700.0,3084359.0,21880000.0,0.0107266910420475,000568
1995-03-31,13.05,13.28,13.0,13.21,136200.0,1787840.0,21880000.0,0.0062248628884826,000568
1995-04-03,13.34,13.37,13.25,13.3,282600.0,3759902.0,21880000.0,0.0129159049360146,000568
1995-04-04,13.0,13.28,13.0,13.25,159100.0,2093099.0,21880000.0,0.0072714808043875,000568
1995-04-05,13.3,13.3,13.1,13.1,84600.0,1112809.0,21880000.0,0.0038665447897623,000568
1995-04-06,13.0,13.2,12.9,13.15,175400.0,2280549.0,21880000.0,0.008016453382084,000568
1995-04-07,13.1,13.6,13.1,13.45,499100.0,6684376.0,21880000.0,0.0228107861060329,000568
1995-04-10,13.5,13.9,13.45,13.5,618400.0,8472000.0,21880000.0,0.0282632541133455,000568
1995-04-11,13.35,13.45,13.05,13.15,357200.0,4728000.0,21880000.0,0.0163254113345521,000568
1995-04-12,13.1,13.26,13.09,13.25,120000.0,1580830.0,21880000.0,0.0054844606946983,000568
1995-04-13,13.2,13.35,13.01,13.1,86600.0,1139079.0,21880000.0,0.0039579524680073,000568
1995-04-14,13.1,13.15,13.0,13.04,91300.0,1194554.0,21880000.0,0.0041727605118829,000568
1995-04-17,13.18,13.28,13.04,13.09,80200.0,1050149.0,21880000.0,0.0036654478976234,000568
1995-04-18,13.01,13.1,13.0,13.04,141000.0,1837038.0,21880000.0,0.0064442413162705,000568
1995-04-19,13.06,13.3,13.0,13.3,100700.0,1326000.0,21880000.0,0.0046023765996343,000568
1995-04-20,14.3,14.3,13.8,14.15,1596000.0,22254357.0,21880000.0,0.0729433272394881,000568
1995-04-21,14.2,14.3,13.7,13.85,1176800.0,16532766.0,21880000.0,0.0537842778793418,000568
1995-04-24,13.71,13.8,13.46,13.55,415500.0,5702812.0,21880000.0,0.018989945155393,000568
1995-04-25,13.4,13.58,13.36,13.56,524600.0,7064336.0,21880000.0,0.0239762340036563,000568
1995-04-26,13.56,13.66,13.1,13.1,508700.0,6749560.0,21880000.0,0.0232495429616087,000568
1995-04-27,13.0,13.2,11.8,12.6,947700.0,11892299.0,21880000.0,0.0433135283363802,000568
1995-04-28,12.6,13.0,12.6,13.0,430700.0,5560501.0,21880000.0,0.0196846435100548,000568
1995-05-02,12.96,13.05,12.8,13.05,285700.0,3684784.0,21880000.0,0.0130575868372943,000568
1995-05-04,12.99,12.99,12.7,12.9,141000.0,1818509.0,21880000.0,0.0064442413162705,000568
1995-05-05,12.9,12.95,12.81,12.93,151600.0,1952465.0,21880000.0,0.0069287020109689,000568
1995-05-08,12.9,12.95,12.8,12.85,128800.0,1660161.0,21880000.0,0.0058866544789762,000568
1995-05-09,12.9,12.9,12.82,12.88,120700.0,1554000.0,21880000.0,0.005516453382084,000568
1995-05-10,12.9,12.9,12.5,12.5,209800.0,2653991.0,21880000.0,0.0095886654478976,000568
1995-05-11,12.5,12.7,12.48,12.54,132400.0,1659336.0,21880000.0,0.0060511882998171,000568
1995-05-12,12.55,13.0,12.5,12.88,242600.0,3128532.0,21880000.0,0.0110877513711151,000568
1995-05-15,12.88,12.91,12.6,12.88,69600.0,886456.0,21880000.0,0.003180987202925,000568
1995-05-16,12.88,12.88,12.8,12.83,27000.0,346602.0,21880000.0,0.0012340036563071,000568
1995-05-17,12.85,12.95,12.8,12.95,135000.0,1740469.0,21880000.0,0.0061700182815356,000568
1995-05-18,14.5,17.0,14.5,16.3,4358300.0,70567841.0,21880000.0,0.199191042047532,000568
1995-05-19,16.3,17.18,16.0,17.1,2805500.0,47103713.0,21880000.0,0.1282221206581353,000568
1995-05-22,17.95,19.05,17.2,18.0,3524100.0,64688312.0,21880000.0,0.1610648994515539,000568
1995-05-23,17.0,17.0,15.4,15.6,3307000.0,54185279.0,21880000.0,0.1511425959780621,000568
1995-05-24,15.54,16.5,15.45,15.97,1372700.0,21777444.0,21880000.0,0.0627376599634369,000568
1995-05-25,16.24,16.5,15.81,15.9,1434300.0,23279076.0,21880000.0,0.065553016453382,000568
1995-05-26,15.8,17.0,15.6,16.7,1889700.0,31193719.0,21880000.0,0.0863665447897623,000568
1995-05-29,16.88,16.88,16.51,16.7,1523500.0,25446000.0,21880000.0,0.0696297989031078,000568
1995-05-30,12.1,12.24,12.0,12.05,647200.0,7849000.0,21880000.0,0.0295795246800731,000568
1995-05-31,12.01,12.08,11.75,11.75,335700.0,4049614.0,21880000.0,0.0153427787934186,000568
1995-06-01,11.5,11.8,11.3,11.69,553900.0,6396590.0,28444000.0,0.0194733511461116,000568
1995-06-02,11.7,11.9,11.6,11.7,603200.0,7065829.0,28444000.0,0.0212065813528336,000568
1995-06-05,11.8,11.8,11.28,11.28,333800.0,3864742.0,28444000.0,0.0117353396146814,000568
1995-06-06,11.25,11.25,11.01,11.25,330700.0,3694873.0,28444000.0,0.011626353536774,000568
1995-06-07,11.25,11.7,11.2,11.7,197200.0,2243618.0,28444000.0,0.0069329208268879,000568
1995-06-08,11.7,11.8,11.28,11.35,346500.0,4041544.0,28444000.0,0.0121818309661088,000568
1995-06-09,11.3,11.5,11.3,11.45,273300.0,3119329.0,28444000.0,0.0096083532555196,000568
1995-06-12,11.45,11.45,11.28,11.3,182300.0,2065802.0,28444000.0,0.0064090845169455,000568
1995-06-13,11.05,11.4,11.05,11.35,176400.0,1990790.0,28444000.0,0.0062016594009281,000568
1995-06-14,11.3,11.4,11.2,11.28,178400.0,2012873.0,28444000.0,0.0062719729995781,000568
1995-06-15,11.25,11.35,10.5,10.59,666400.0,7158064.0,28444000.0,0.0234284910701729,000568
1995-06-16,10.45,10.8,10.3,10.7,391700.0,4155938.0,28444000.0,0.0137709182955983,000568
1995-06-19,10.5,10.6,10.4,10.5,143000.0,1505573.0,28444000.0,0.0050274223034734,000568
1995-06-20,10.5,10.68,10.5,10.55,96100.0,1018694.0,28444000.0,0.0033785684151314,000568
1995-06-21,10.5,10.7,10.5,10.69,97100.0,1033647.0,28444000.0,0.0034137252144564,000568
1995-06-22,10.69,10.81,10.58,10.7,196800.0,2110940.0,28444000.0,0.0069188581071579,000568
1995-06-23,10.7,10.8,10.62,10.75,168500.0,1807136.0,28444000.0,0.0059239206862607,000568
1995-06-26,10.8,10.8,10.65,10.74,132900.0,1426636.0,28444000.0,0.004672338630291,000568
1995-06-27,10.74,10.75,10.61,10.61,233900.0,2500195.0,28444000.0,0.008223175362115,000568
1995-06-28,10.65,10.7,10.6,10.65,136000.0,1445044.0,28444000.0,0.0047813247081985,000568
1995-06-29,10.62,10.75,10.59,10.63,152700.0,1625448.0,28444000.0,0.0053684432569258,000568
1995-06-30,10.5,10.52,10.4,10.49,154600.0,1616982.0,28444000.0,0.0054352411756433,000568
1995-07-03,10.49,10.49,10.1,10.2,168000.0,1714436.0,28444000.0,0.0059063422865982,000568
1995-07-04,10.1,10.88,10.1,10.43,187900.0,1920879.0,28444000.0,0.0066059625931655,000568
1995-07-05,10.15,10.9,10.15,10.88,619800.0,6627530.0,28444000.0,0.0217901842216284,000568
1995-07-06,10.82,11.85,10.7,11.85,2091200.0,23812731.0,28444000.0,0.0735198987484179,000568
1995-07-07,11.95,12.86,11.91,12.78,3530800.0,44028113.0,28444000.0,0.1241316270566727,000568
1995-07-10,12.78,12.78,12.38,12.55,2025900.0,25372477.0,28444000.0,0.0712241597524961,000568
1995-07-11,12.55,13.15,12.55,12.9,2367700.0,30668769.0,28444000.0,0.0832407537617775,000568
1995-07-12,13.2,13.56,13.0,13.48,2792700.0,37335350.0,28444000.0,0.098182393474898,000568
1995-07-13,13.5,14.1,12.91,13.4,6288200.0,84843781.0,28444000.0,0.2210729855153986,000568
1995-07-14,13.4,13.4,12.98,13.12,2178500.0,28465524.0,28444000.0,0.0765890873294895,000568
1995-07-17,13.15,13.95,13.15,13.83,3606800.0,49421837.0,28444000.0,0.1268035438053719,000568
1995-07-18,14.1,14.6,13.83,14.49,4118400.0,58482456.0,28444000.0,0.1447897623400365,000568
1995-07-19,15.0,15.2,13.45,13.51,3391600.0,47650825.0,28444000.0,0.1192378005906342,000568
1995-07-20,13.4,13.85,13.35,13.75,1464600.0,19969210.0,28444000.0,0.0514906482913795,000568
1995-07-21,13.75,13.8,13.18,13.5,1582900.0,21169570.0,28444000.0,0.0556496976515258,000568
1995-07-24,13.5,13.75,13.41,13.75,1151600.0,15675442.0,28444000.0,0.0404865701026578,000568
1995-07-25,13.4,13.8,13.36,13.68,597800.0,8176786.0,28444000.0,0.0210167346364786,000568
1995-07-26,13.51,14.0,13.51,13.85,1342600.0,18590735.0,28444000.0,0.0472015187737308,000568
1995-07-27,13.8,14.2,13.52,14.16,1489200.0,20900767.0,28444000.0,0.0523555055547742,000568
1995-07-28,14.1,14.3,13.88,14.22,1187200.0,16879216.0,28444000.0,0.0417381521586274,000568
1995-07-31,14.22,14.22,13.81,13.98,560700.0,7797586.0,28444000.0,0.0197124173815215,000568
1995-08-01,13.75,14.05,13.71,13.99,469300.0,6512153.0,28444000.0,0.0164990859232175,000568
1995-08-02,14.08,14.3,13.9,14.15,1938700.0,27425490.0,28444000.0,0.068158486851357,000568
1995-08-03,14.15,14.19,14.0,14.11,1036000.0,14609470.0,28444000.0,0.036422444100689,000568
1995-08-07,14.1,14.45,13.92,14.35,323400.0,4569874.0,28444000.0,0.0113697089017015,000568
1995-08-08,14.55,14.55,13.02,13.6,1148800.0,16047434.0,28444000.0,0.0403881310645478,000568
1995-08-09,13.95,13.95,13.7,13.81,422400.0,5817570.0,28444000.0,0.0148502320348755,000568
1995-08-10,13.98,14.25,13.66,14.25,887700.0,12418910.0,28444000.0,0.0312086907607931,000568
1995-08-11,13.81,14.18,13.22,13.9,587600.0,8154113.0,28444000.0,0.0206581352833638,000568
1995-08-14,13.5,14.1,13.5,13.8,986900.0,13542674.0,28444000.0,0.034696245253832,000568
1995-08-15,13.89,13.89,13.5,13.6,459400.0,6272553.0,28444000.0,0.0161510336099001,000568
1995-08-16,13.8,13.8,13.55,13.7,198300.0,2697224.0,28444000.0,0.0069715933061454,000568
1995-08-17,13.78,14.2,13.5,14.2,1699700.0,23606649.0,28444000.0,0.0597560118126845,000568
1995-08-18,14.2,14.5,13.81,14.26,2884800.0,40971743.0,28444000.0,0.1014203346927295,000568
1995-08-21,14.0,14.2,13.81,14.05,504500.0,7077605.0,28444000.0,0.0177366052594571,000568
1995-08-22,14.0,14.0,13.8,13.95,263900.0,3661419.0,28444000.0,0.0092778793418647,000568
1995-08-23,13.92,14.21,13.85,14.1,387200.0,5437543.0,28444000.0,0.0136127126986359,000568
1995-08-24,14.0,14.25,13.95,14.18,475000.0,6698587.0,28444000.0,0.0166994796793699,000568
1995-08-25,14.1,14.23,13.91,14.04,407200.0,5761609.0,28444000.0,0.0143158486851357,000568
1995-08-28,13.9,14.3,13.85,14.11,311100.0,4413377.0,28444000.0,0.0109372802700042,000568
1995-08-29,14.23,14.23,14.1,14.12,158500.0,2238300.0,28444000.0,0.0055723526930108,000568
1995-08-30,14.0,14.15,13.98,14.1,123300.0,1731747.0,28444000.0,0.0043348333567711,000568
1995-08-31,14.06,14.1,13.98,14.0,188500.0,2649595.0,28444000.0,0.0066270566727605,000568
1995-09-04,14.0,14.06,13.9,13.95,102600.0,1433708.0,28444000.0,0.0036070876107439,000568
1995-09-05,13.96,14.15,13.96,14.0,136000.0,1908691.0,28444000.0,0.0047813247081985,000568
1995-09-06,13.0,14.5,12.78,14.5,935200.0,13449147.0,28444000.0,0.0328786387287301,000568
1995-09-07,14.3,14.93,14.3,14.65,1184800.0,17401656.0,28444000.0,0.0416537758402475,000568
1995-09-08,14.65,14.95,14.4,14.7,776700.0,11513290.0,28444000.0,0.0273062860357193,000568
1995-09-11,14.75,15.05,14.75,15.05,623700.0,9327980.0,28444000.0,0.0219272957389959,000568
1995-09-12,15.1,15.85,15.1,15.6,1170100.0,18161950.0,28444000.0,0.0411369708901701,000568
1995-09-13,15.6,15.88,15.39,15.5,661500.0,10330472.0,28444000.0,0.0232562227534805,000568
1995-09-14,15.41,15.8,15.3,15.8,628900.0,9795614.0,28444000.0,0.0221101110954858,000568
1995-09-15,15.85,16.2,15.45,16.15,659900.0,10534420.0,28444000.0,0.0231999718745605,000568
1995-09-18,16.1,16.68,15.9,16.45,455300.0,7442429.0,28444000.0,0.0160068907326676,000568
1995-09-19,16.5,16.6,15.3,16.3,437400.0,7081860.0,28444000.0,0.0153775840247503,000568
1995-09-20,16.0,16.31,15.9,16.2,236800.0,3824507.0,28444000.0,0.0083251300801575,000568
1995-09-21,16.2,16.55,16.0,16.48,282200.0,4631725.0,28444000.0,0.009921248769512,000568
1995-09-22,16.38,16.63,16.2,16.6,181300.0,2985003.0,28444000.0,0.0063739277176205,000568
1995-09-25,16.4,16.7,16.35,16.4,68000.0,1126978.0,28444000.0,0.0023906623540992,000568
1995-09-26,16.4,17.05,16.35,16.7,538400.0,9086872.0,28444000.0,0.0189284207565743,000568
1995-09-27,17.0,17.0,16.59,16.6,73600.0,1229853.0,28444000.0,0.0025875404303192,000568
1995-09-28,16.78,16.78,16.5,16.6,76700.0,1274525.0,28444000.0,0.0026965265082266,000568
1995-09-29,16.7,16.8,16.56,16.66,1127500.0,18830558.0,28444000.0,0.0396392912389256,000568
1995-10-04,16.6,16.6,16.2,16.6,1721700.0,28441562.0,28444000.0,0.0605294613978343,000568
1995-10-05,16.4,16.63,16.27,16.38,223600.0,3685853.0,28444000.0,0.0078610603290676,000568
1995-10-06,16.29,16.29,15.95,16.12,104500.0,1678746.0,28444000.0,0.0036738855294613,000568
1995-10-09,16.1,16.1,15.55,15.65,55800.0,881184.0,28444000.0,0.0019617494023344,000568
1995-10-10,15.6,15.89,15.5,15.6,51100.0,796435.0,28444000.0,0.0017965124455069,000568
1995-10-11,15.61,15.62,15.4,15.61,101600.0,1577369.0,28444000.0,0.0035719308114189,000568
1995-10-12,15.61,15.68,15.5,15.68,142100.0,2216891.0,28444000.0,0.004995781184081,000568
1995-10-13,15.65,15.89,15.58,15.89,291800.0,4583419.0,28444000.0,0.0102587540430319,000568
1995-10-16,16.01,16.2,15.85,16.05,133200.0,2142495.0,28444000.0,0.0046828856700885,000568
1995-10-17,16.2,16.3,15.9,16.1,58300.0,939213.0,28444000.0,0.0020496414006468,000568
1995-10-18,16.15,16.18,16.0,16.15,47300.0,759747.0,28444000.0,0.001662916608072,000568
1995-10-19,16.15,16.15,15.8,15.85,47900.0,760674.0,28444000.0,0.0016840106876669,000568
1995-10-20,15.95,16.35,15.66,16.35,303900.0,4910158.0,28444000.0,0.0106841513148642,000568
1995-10-23,16.6,17.07,16.0,17.07,673600.0,11219717.0,28444000.0,0.0236816200253128,000568
1995-10-24,17.0,19.05,17.0,19.0,1497700.0,26721936.0,28444000.0,0.0526543383490367,000568
1995-10-25,20.0,22.0,18.0,21.8,4200300.0,83045322.0,28444000.0,0.1476691042047532,000568
1995-10-26,21.3,24.2,20.63,24.0,5175100.0,114612732.0,28444000.0,0.1819399521867529,000568
1995-10-27,23.63,23.63,22.2,22.69,2765800.0,62718161.0,28444000.0,0.0972366755730558,000568
1995-10-30,22.54,22.78,22.04,22.2,1522300.0,34126226.0,28444000.0,0.0535191956124314,000568
1995-10-31,22.18,22.6,22.03,22.25,1055400.0,23535282.0,28444000.0,0.0371044860075938,000568
1995-11-01,22.28,22.4,22.05,22.34,924700.0,20580000.0,28444000.0,0.0325094923358177,000568
1995-11-02,22.25,22.29,21.9,22.05,450900.0,9967035.0,28444000.0,0.0158522008156377,000568
1995-11-03,21.8,22.5,21.8,22.5,722800.0,16032436.0,28444000.0,0.0254113345521023,000568
1995-11-06,22.33,22.55,22.29,22.55,480500.0,10766130.0,28444000.0,0.0168928420756574,000568
1995-11-07,22.45,22.49,22.21,22.26,302300.0,6762213.0,28444000.0,0.0106279004359443,000568
1995-11-08,22.18,22.19,21.82,22.03,300200.0,6607316.0,28444000.0,0.0105540711573618,000568
1995-11-09,21.95,22.39,21.8,22.2,444500.0,9826174.0,28444000.0,0.0156271972999578,000568
1995-11-10,22.18,22.4,22.17,22.31,324200.0,7235154.0,28444000.0,0.0113978343411615,000568
1995-11-13,22.26,22.35,22.08,22.16,158000.0,3504853.0,28444000.0,0.0055547742933483,000568
1995-11-14,22.14,22.27,21.94,22.16,167800.0,3711019.0,28444000.0,0.0058993109267332,000568
1995-11-15,22.15,22.19,22.06,22.17,139900.0,3096385.0,28444000.0,0.004918436225566,000568
1995-11-16,22.17,22.63,22.11,22.63,653500.0,14618037.0,28444000.0,0.0229749683588806,000568
1995-11-17,22.6,23.43,22.6,23.32,879400.0,20365694.0,28444000.0,0.0309168893263957,000568
1995-11-20,23.2,24.3,23.1,24.3,2249800.0,53521477.0,28444000.0,0.0790957671213612,000568
1995-11-21,24.45,24.85,23.15,23.82,1558600.0,38063600.0,28444000.0,0.0547953874279285,000568
1995-11-22,23.75,24.0,23.1,23.3,581900.0,13805141.0,28444000.0,0.0204577415272113,000568
1995-11-23,23.32,23.4,23.19,23.38,342400.0,7979681.0,28444000.0,0.0120376880888763,000568
1995-11-27,23.0,23.18,21.0,22.08,301200.0,6625638.0,28444000.0,0.0105892279566868,000568
1995-11-28,22.02,22.1,21.5,22.1,154500.0,3375671.0,28444000.0,0.0054317254957108,000568
1995-11-29,22.1,22.26,22.0,22.18,147500.0,3267894.0,28444000.0,0.0051856279004359,000568
1995-11-30,22.12,22.16,22.05,22.14,120700.0,2669303.0,28444000.0,0.0042434256785262,000568
1995-12-01,22.11,22.11,21.5,21.8,164000.0,3585954.0,28444000.0,0.0057657150892982,000568
1995-12-04,14.59,14.82,14.45,14.8,276700.0,4068600.0,28444000.0,0.0097278863732245,000568
1995-12-05,14.8,15.24,14.8,15.2,794100.0,12002603.0,28444000.0,0.0279180143439741,000568
1995-12-06,15.25,15.55,14.8,15.25,886500.0,13611512.0,42666000.0,0.0207776684010687,000568
1995-12-07,15.25,15.3,14.78,14.85,282300.0,4208497.0,42666000.0,0.006616509632963,000568
1995-12-08,14.8,15.02,14.45,15.0,432100.0,6397456.0,42666000.0,0.0101275019922186,000568
1995-12-11,15.0,15.02,14.5,14.55,138900.0,2047412.0,42666000.0,0.003255519617494,000568
1995-12-12,14.5,14.95,14.15,14.9,338400.0,4884057.0,42666000.0,0.0079313739277176,000568
1995-12-13,14.85,14.87,14.5,14.75,131600.0,1928107.0,42666000.0,0.0030844231941124,000568
1995-12-14,14.74,14.75,14.47,14.54,73500.0,1069247.0,42666000.0,0.0017226831669244,000568
1995-12-15,14.55,14.65,14.38,14.5,116900.0,1694500.0,42666000.0,0.0027398865607275,000568
1995-12-18,14.38,14.38,14.09,14.34,199600.0,2835981.0,42666000.0,0.0046781980968452,000568
1995-12-19,14.31,14.43,14.14,14.29,165900.0,2368543.0,42666000.0,0.0038883420053438,000568
1995-12-20,14.28,14.5,14.15,14.5,195500.0,2801627.0,42666000.0,0.0045821028453569,000568
1995-12-21,14.5,14.53,14.2,14.4,105000.0,1515488.0,42666000.0,0.0024609759527492,000568
1995-12-22,14.4,14.47,14.2,14.28,68300.0,982054.0,42666000.0,0.0016008062625978,000568
1995-12-25,14.2,14.2,13.77,13.95,72900.0,1018175.0,42666000.0,0.0017086204471944,000568
1995-12-26,13.9,13.96,13.7,13.85,108900.0,1507635.0,42666000.0,0.0025523836309942,000568
1995-12-27,13.8,13.88,13.7,13.82,49000.0,674211.0,42666000.0,0.0011484554446163,000568
1995-12-28,13.75,13.8,13.6,13.8,67400.0,923906.0,42666000.0,0.0015797121830028,000568
1995-12-29,13.78,14.1,13.72,14.1,140500.0,1951543.0,42666000.0,0.0032930202034406,000568
1996-01-02,13.9,13.97,13.75,13.89,43100.0,596144.0,42666000.0,0.001010172033938,000568
1996-01-03,13.85,13.92,13.79,13.9,44300.0,615462.0,42666000.0,0.001038297473398,000568
1996-01-04,13.9,14.1,13.86,14.1,78800.0,1104214.0,42666000.0,0.0018469038578727,000568
1996-01-05,14.08,14.1,13.75,13.88,50900.0,706434.0,42666000.0,0.0011929873904279,000568
1996-01-08,13.86,13.86,13.6,13.86,33800.0,466787.0,42666000.0,0.000792199878123,000568
1996-01-09,13.85,14.1,13.84,14.1,105100.0,1473832.0,42666000.0,0.0024633197393709,000568
1996-01-10,14.09,14.09,13.93,13.98,29800.0,417952.0,42666000.0,0.0006984484132564,000568
1996-01-11,14.0,14.03,13.95,13.98,27600.0,386844.0,42666000.0,0.0006468851075798,000568
1996-01-12,14.0,14.01,13.95,13.99,26100.0,366066.0,42666000.0,0.0006117283082548,000568
1996-01-15,13.98,14.0,13.88,14.0,28000.0,394495.0,42666000.0,0.0006562602540664,000568
1996-01-16,13.99,14.05,13.96,14.03,29500.0,414383.0,42666000.0,0.0006914170533914,000568
1996-01-17,13.99,14.06,13.86,13.9,30900.0,432531.0,42666000.0,0.0007242300660947,000568
1996-01-18,13.95,14.1,13.7,13.73,55100.0,761717.0,42666000.0,0.0012914264285379,000568
1996-01-19,13.72,13.89,13.58,13.89,35400.0,486283.0,42666000.0,0.0008297004640697,000568
1996-01-22,13.8,13.84,13.67,13.79,29900.0,411141.0,42666000.0,0.0007007921998781,000568
1996-01-23,13.78,13.8,13.6,13.8,27400.0,376992.0,42666000.0,0.0006421975343364,000568
1996-01-24,13.79,13.96,13.67,13.93,42500.0,587603.0,42666000.0,0.000996109314208,000568
1996-01-25,13.89,14.11,13.75,13.8,101000.0,1415506.0,42666000.0,0.0023672244878826,000568
1996-01-26,13.82,14.61,13.8,14.51,885000.0,12745567.0,42666000.0,0.0207425116017437,000568
1996-01-29,14.55,14.57,14.05,14.5,175400.0,2524621.0,42666000.0,0.0041110017344021,000568
1996-01-30,14.49,14.49,14.2,14.3,81300.0,1162731.0,42666000.0,0.0019054985234144,000568
1996-01-31,14.25,14.31,14.1,14.24,78100.0,1109121.0,42666000.0,0.0018304973515211,000568
1996-02-01,14.25,14.26,14.15,14.18,66200.0,940377.0,42666000.0,0.0015515867435428,000568
1996-02-02,14.1,14.18,13.9,13.98,81500.0,1140019.0,42666000.0,0.0019101860966577,000568
1996-02-05,13.98,14.05,13.8,13.88,241000.0,3355793.0,42666000.0,0.0056485257582149,000568
1996-02-06,13.9,13.97,13.72,13.8,50400.0,697093.0,42666000.0,0.0011812684573196,000568
1996-02-07,13.8,13.85,13.78,13.79,46400.0,641335.0,42666000.0,0.001087516992453,000568
1996-02-08,13.81,14.13,13.8,13.8,144100.0,2011540.0,42666000.0,0.0033773965218206,000568
1996-02-09,13.78,13.89,13.78,13.79,49300.0,682326.0,42666000.0,0.0011554868044813,000568
1996-02-12,13.79,13.9,13.75,13.83,61900.0,854122.0,42666000.0,0.0014508039188112,000568
1996-02-13,13.81,13.98,13.76,13.97,128100.0,1777568.0,42666000.0,0.003002390662354,000568
1996-02-14,13.95,14.0,13.8,13.88,66900.0,932637.0,42666000.0,0.0015679932498945,000568
1996-02-15,13.88,14.02,13.8,14.0,118100.0,1645276.0,42666000.0,0.0027680120001875,000568
1996-02-16,14.0,14.18,13.98,14.18,147000.0,2073202.0,42666000.0,0.0034453663338489,000568
1996-03-04,14.42,15.08,14.01,15.08,742200.0,10769059.0,42666000.0,0.0173955843060047,000568
1996-03-05,15.0,15.05,14.37,14.6,491500.0,7251231.0,42666000.0,0.0115197112454882,000568
1996-03-06,14.58,14.58,14.12,14.26,111800.0,1595228.0,42666000.0,0.0026203534430225,000568
1996-03-07,14.12,14.4,14.11,14.4,91100.0,1301557.0,42666000.0,0.0021351896123376,000568
1996-03-08,14.35,14.5,14.0,14.35,58300.0,834765.0,42666000.0,0.0013664276004312,000568
1996-03-11,14.36,14.43,14.15,14.22,88500.0,1264410.0,42666000.0,0.0020742511601743,000568
1996-03-12,14.24,14.27,13.95,14.13,135500.0,1914639.0,42666000.0,0.0031758308723573,000568
1996-03-13,14.15,14.3,13.95,14.0,197000.0,2758744.0,42666000.0,0.0046172596446819,000568
1996-03-14,14.02,14.17,13.95,14.0,209000.0,2932523.0,42666000.0,0.0048985140392818,000568
1996-03-15,13.95,14.16,13.9,14.05,173200.0,2422314.0,42666000.0,0.0040594384287254,000568
1996-03-18,14.1,14.21,14.0,14.1,166100.0,2338871.0,42666000.0,0.0038930295785871,000568
1996-03-19,14.1,14.13,13.95,14.05,225500.0,3163428.0,42666000.0,0.0052852388318567,000568
1996-03-20,14.05,14.08,13.93,14.0,239500.0,3349447.0,42666000.0,0.0056133689588899,000568
1996-03-21,14.01,14.08,13.94,14.06,219200.0,3065664.0,42666000.0,0.0051375802746917,000568
1996-03-22,14.05,14.21,13.93,14.11,479000.0,6714524.0,42666000.0,0.0112267379177799,000568
1996-03-25,14.1,14.79,14.1,14.68,980300.0,14348546.0,42666000.0,0.0229761402521914,000568
1996-03-26,14.69,14.96,14.46,14.59,902100.0,13308678.0,42666000.0,0.0211432991140486,000568
1996-03-27,14.59,14.62,14.21,14.45,282500.0,4053407.0,42666000.0,0.0066211972062063,000568
1996-03-28,14.45,14.59,14.1,14.18,168200.0,2412365.0,42666000.0,0.0039422490976421,000568
1996-03-29,14.15,14.23,13.98,14.16,210000.0,2953433.0,42666000.0,0.0049219519054985,000568
1996-04-01,14.2,14.48,14.03,14.15,385055.0,5449053.0,42666000.0,0.0090248675760558,000568
1996-04-02,14.12,14.12,13.82,13.9,336800.0,4694647.0,42666000.0,0.0078938733417709,000568
1996-04-03,13.92,14.05,13.85,14.03,425800.0,5919431.0,42666000.0,0.0099798434350536,000568
1996-04-04,14.05,14.4,13.99,14.4,515100.0,7343000.0,42666000.0,0.0120728448882013,000568
1996-04-05,14.39,14.5,14.28,14.46,252400.0,3633297.0,42666000.0,0.0059157174330848,000568
1996-04-08,14.46,14.85,14.23,14.85,621800.0,9000852.0,42666000.0,0.0145736652135189,000568
1996-04-09,14.83,15.06,14.66,14.8,857900.0,12765561.0,42666000.0,0.0201073454272723,000568
1996-04-10,14.75,14.88,14.5,14.75,156900.0,2308989.0,42666000.0,0.0036774012093938,000568
1996-04-11,14.73,14.88,14.64,14.82,340000.0,5021793.0,42666000.0,0.0079688745136642,000568
1996-04-12,14.82,14.96,14.65,14.71,744400.0,11049761.0,42666000.0,0.0174471476116814,000568
1996-04-15,14.7,14.86,14.5,14.66,321100.0,4705938.0,42666000.0,0.0075258988421694,000568
1996-04-16,14.66,14.7,14.5,14.65,282900.0,4128991.0,42666000.0,0.006630572352693,000568
1996-04-17,14.7,14.78,14.52,14.62,366600.0,5347157.0,42666000.0,0.0085923217550274,000568
1996-04-18,14.64,15.29,14.5,15.29,851200.0,12630078.0,42666000.0,0.0199503117236206,000568
1996-04-19,15.13,15.41,14.95,15.19,1060100.0,16071523.0,42666000.0,0.0248464819762808,000568
1996-04-22,15.19,15.61,14.88,15.4,1623800.0,24876974.0,42666000.0,0.0380584071626119,000568
1996-04-23,15.39,16.3,15.0,16.29,1495300.0,23300232.0,42666000.0,0.0350466413537711,000568
1996-04-24,17.0,18.36,16.0,18.33,3560300.0,61374437.0,42666000.0,0.0834458350911733,000568
1996-04-25,18.39,18.5,16.3,17.24,2289700.0,40117951.0,42666000.0,0.0536656822762855,000568
1996-04-26,17.26,20.18,16.92,20.18,3784800.0,67772457.0,42666000.0,0.0887076360568134,000568
1996-04-29,19.08,22.0,18.52,22.0,3699800.0,74102025.0,42666000.0,0.0867154174283973,000568
1996-04-30,21.85,22.1,19.5,20.4,1421300.0,29760474.0,42666000.0,0.0333122392537383,000568
1996-05-02,21.15,25.52,16.54,23.0,3790400.0,74340732.0,42666000.0,0.0888388881076266,000568
1996-05-03,21.0,21.0,18.6,20.0,1806200.0,35849112.0,42666000.0,0.0423334739605306,000568
1996-05-06,20.15,20.16,19.4,19.81,1369100.0,27026661.0,42666000.0,0.0320887826372287,000568
1996-05-07,20.05,20.85,18.6,20.85,4824000.0,96027602.0,42666000.0,0.113064266629166,000568
1996-05-08,19.85,19.85,18.88,19.26,1000700.0,19138945.0,42666000.0,0.0234542727230113,000568
1996-05-09,19.15,19.15,18.3,18.8,1000900.0,18808889.0,42666000.0,0.0234589602962546,000568
1996-05-10,19.06,19.06,17.35,18.13,773000.0,13856634.0,42666000.0,0.0181174705854779,000568
1996-05-13,18.08,18.7,17.85,18.3,836700.0,15219371.0,42666000.0,0.0196104626634791,000568
1996-05-14,18.27,18.46,17.8,18.0,533300.0,9672977.0,42666000.0,0.0124994140533445,000568
1996-05-15,17.9,18.66,17.7,18.49,870100.0,15742344.0,42666000.0,0.0203932873951155,000568
1996-05-16,18.92,18.99,18.2,18.37,1322100.0,24467444.0,42666000.0,0.0309872029250457,000568
1996-05-17,18.5,18.55,17.71,18.52,1764500.0,31864499.0,42666000.0,0.0413561149392959,000568
1996-05-20,18.78,19.1,18.4,18.53,1987900.0,37360207.0,42666000.0,0.0465921342520976,000568
1996-05-21,18.53,18.67,17.05,17.05,1064100.0,19074750.0,42666000.0,0.0249402334411475,000568
1996-05-22,17.19,17.19,16.4,17.13,1410900.0,23594418.0,42666000.0,0.033068485445085,000568
1996-05-23,17.43,17.43,16.0,17.05,1556700.0,25598487.0,42666000.0,0.036485726339474,000568
1996-05-24,16.8,16.85,16.3,16.8,521500.0,8693228.0,42666000.0,0.012222847231988,000568
1996-05-27,16.78,16.8,16.4,16.77,634300.0,10527327.0,42666000.0,0.0148666385412272,000568
1996-05-29,16.75,17.48,16.11,17.47,906100.0,15337047.0,42666000.0,0.0212370505789152,000568
1996-05-30,17.36,17.75,16.8,17.19,794300.0,13627608.0,42666000.0,0.0186166971358927,000568
1996-05-31,17.15,17.5,16.8,17.17,1175100.0,20181000.0,42666000.0,0.0275418365911967,000568
1996-06-03,17.29,17.85,16.7,17.5,1282400.0,22119412.0,42666000.0,0.0300567196362443,000568
1996-06-04,17.5,17.6,17.13,17.3,1174800.0,20361425.0,42666000.0,0.0275348052313317,000568
1996-06-05,17.29,17.61,16.9,17.08,1001700.0,17291703.0,42666000.0,0.0234777105892279,000568
1996-06-06,17.06,17.36,16.64,17.2,609800.0,10355318.0,42666000.0,0.014292410818919,000568
1996-06-07,17.2,17.28,16.94,17.26,601000.0,10294164.0,42666000.0,0.0140861575962124,000568
1996-06-10,17.3,18.6,17.26,18.5,2718200.0,49060891.0,42666000.0,0.0637088079501242,000568
1996-06-11,18.5,18.69,17.9,18.0,1325800.0,24167628.0,42666000.0,0.0310739230300473,000568
1996-06-12,18.0,18.73,17.8,18.5,1597200.0,29460999.0,42666000.0,0.0374349599212487,000568
1996-06-13,18.58,18.6,18.1,18.4,942100.0,17340145.0,42666000.0,0.022080813762715,000568
1996-06-14,18.43,18.5,17.8,17.95,1101900.0,19915210.0,42666000.0,0.0258261847841372,000568
1996-06-17,18.0,18.21,17.6,17.78,764800.0,13695113.0,42666000.0,0.0179252800825012,000568
1996-06-18,17.65,18.21,17.62,18.0,660100.0,11784317.0,42666000.0,0.015471335489617,000568
1996-06-19,18.05,18.3,18.05,18.27,1289600.0,23471677.0,42666000.0,0.0302254722730042,000568
1996-06-20,18.3,20.76,18.3,20.19,7692600.0,154715954.0,42666000.0,0.1802981296582759,000568
1996-06-21,20.2,20.38,19.74,19.86,1789300.0,35753784.0,42666000.0,0.041937374021469,000568
1996-06-24,19.86,20.7,19.78,20.1,2208000.0,44805102.0,42666000.0,0.0517508086063844,000568
1996-06-25,20.1,20.23,19.35,19.5,1601900.0,31796768.0,42666000.0,0.037545117892467,000568
1996-06-26,19.5,20.12,19.42,19.54,962600.0,18934569.0,42666000.0,0.0225612900201565,000568
1996-06-27,19.75,20.05,19.54,19.99,3199200.0,63217071.0,42666000.0,0.0749824216003375,000568
1996-06-28,20.1,20.33,19.6,19.68,1878700.0,37343622.0,42666000.0,0.0440327192612384,000568
1996-07-01,19.58,19.58,18.5,18.68,1433900.0,27227610.0,42666000.0,0.0336075563680682,000568
1996-07-02,18.64,18.8,18.38,18.65,772000.0,14331853.0,42666000.0,0.0180940327192612,000568
1996-07-03,18.53,19.51,18.38,19.3,2562300.0,49147432.0,42666000.0,0.0600548446069469,000568
1996-07-04,19.3,19.65,18.8,19.55,1632200.0,31295448.0,42666000.0,0.0382552852388318,000568
1996-07-05,19.6,21.01,19.48,20.5,3275200.0,66510158.0,42666000.0,0.0767636994328036,000568
1996-07-08,21.0,21.5,20.53,21.48,2575900.0,54480000.0,42666000.0,0.0603735995874935,000568
1996-07-09,21.8,22.8,21.68,22.45,2484000.0,55403564.0,42666000.0,0.0582196596821825,000568
1996-07-10,22.45,22.5,21.0,21.56,2338200.0,50756455.0,42666000.0,0.0548024187877935,000568
1996-07-11,21.58,21.8,20.3,20.4,1842700.0,38429937.0,42666000.0,0.0431889560774387,000568
1996-07-12,20.09,20.67,19.8,20.67,2163300.0,43822909.0,42666000.0,0.0507031359864997,000568
1996-07-15,20.88,20.95,19.72,20.08,2446800.0,49316591.0,42666000.0,0.0573477710589227,000568
1996-07-16,20.1,20.65,19.88,20.39,1960000.0,39504887.0,42666000.0,0.0459382177846528,000568
1996-07-17,20.49,20.68,19.9,20.05,3790000.0,77251657.0,42666000.0,0.08882951296114,000568
1996-07-18,20.18,20.44,19.95,20.18,2241800.0,45085432.0,42666000.0,0.0525430084845075,000568
1996-07-19,20.38,21.8,20.36,21.38,3139400.0,66081062.0,42666000.0,0.0735808372005812,000568
1996-07-22,21.6,21.8,20.52,20.75,2792100.0,58355000.0,42666000.0,0.0654408662635353,000568
1996-07-23,20.86,21.0,20.17,20.75,3777300.0,77524794.0,42666000.0,0.0885318520601884,000568
1996-07-24,20.87,21.48,20.7,21.0,4699600.0,98585717.0,42666000.0,0.1101485960718136,000568
1996-07-25,20.97,21.0,19.8,20.0,3003800.0,61040685.0,42666000.0,0.0704026625416022,000568
1996-07-26,19.88,20.2,19.45,19.45,1925900.0,38107717.0,42666000.0,0.0451389865466647,000568
1996-07-29,19.7,19.9,19.0,19.7,3328000.0,64406388.0,42666000.0,0.0780012187690432,000568
1996-07-30,19.8,20.05,19.1,19.24,1835700.0,35783909.0,42666000.0,0.043024891013922,000568
1996-07-31,18.99,19.23,18.4,19.0,2240000.0,41991352.0,42666000.0,0.0525008203253175,000568
1996-08-01,18.9,19.18,18.0,18.79,2141800.0,39552470.0,42666000.0,0.0501992218628416,000568
1996-08-02,18.9,19.36,18.5,19.0,1765100.0,33526509.0,42666000.0,0.0413701776590259,000568
1996-08-05,19.31,20.2,19.0,20.18,2393900.0,47394061.0,42666000.0,0.0561079079360615,000568
1996-08-06,20.22,20.64,19.8,20.02,2224400.0,45139760.0,42666000.0,0.0521351896123376,000568
1996-08-07,20.1,20.18,19.6,19.98,1324200.0,26392692.0,42666000.0,0.0310364224441006,000568
1996-08-08,19.99,19.99,19.6,19.68,882200.0,17424839.0,42666000.0,0.0206768855763371,000568
1996-08-09,19.74,19.96,19.35,19.4,836500.0,16310178.0,42666000.0,0.0196057750902357,000568
1996-08-12,19.38,19.98,19.09,19.38,856900.0,16571998.0,42666000.0,0.0200839075610556,000568
1996-08-13,19.5,19.6,19.3,19.42,649000.0,12602309.0,42666000.0,0.0152111751746121,000568
1996-08-14,19.6,19.98,19.45,19.5,811900.0,15989000.0,42666000.0,0.0190292035813059,000568
1996-08-15,19.55,19.78,19.0,19.19,581500.0,11275215.0,42666000.0,0.0136291192049875,000568
1996-08-16,19.0,19.2,18.55,18.86,747500.0,14061540.0,42666000.0,0.017519804996953,000568
1996-08-19,18.86,19.0,18.6,18.68,567500.0,10684705.0,42666000.0,0.0133009890779543,000568
1996-08-20,18.6,18.78,18.18,18.19,551000.0,10129406.0,42666000.0,0.0129142642853794,000568
1996-08-21,18.1,18.68,18.0,18.5,655200.0,12086686.0,42666000.0,0.0153564899451553,000568
1996-08-22,18.6,18.65,18.0,18.05,603800.0,11055104.0,42666000.0,0.014151783621619,000568
1996-08-23,18.08,18.19,17.25,17.45,877000.0,15446332.0,42666000.0,0.0205550086720105,000568
1996-08-26,17.35,17.35,15.9,16.1,3018300.0,49586500.0,42666000.0,0.0707425116017437,000568
1996-08-27,15.97,16.5,15.5,16.26,1618500.0,25850562.0,42666000.0,0.0379341864716636,000568
1996-08-28,16.38,16.38,15.66,16.08,2216100.0,35252843.0,42666000.0,0.0519406553227394,000568
1996-08-29,16.0,17.0,15.7,16.92,1986200.0,32045992.0,42666000.0,0.0465522898795293,000568
1996-08-30,16.95,17.18,16.7,17.13,3200500.0,54217094.0,42666000.0,0.0750128908264191,000568
1996-09-02,16.0,17.05,15.6,16.68,3813500.0,62751815.0,42666000.0,0.0893803028172315,000568
1996-09-03,16.68,16.72,16.3,16.36,1929700.0,31704739.0,42666000.0,0.0452280504382881,000568
1996-09-04,16.3,16.98,16.15,16.68,1934000.0,32233979.0,42666000.0,0.0453288332630197,000568
1996-09-05,16.65,16.65,15.9,16.0,1482300.0,24174166.0,42666000.0,0.0347419490929545,000568
1996-09-06,15.8,16.2,15.8,15.9,920600.0,14641321.0,42666000.0,0.0215768996390568,000568
1996-09-09,15.85,15.85,15.58,15.65,756400.0,11852747.0,42666000.0,0.0177284020062813,000568
1996-09-10,15.5,16.05,15.5,15.55,887000.0,13868397.0,42666000.0,0.020789387334177,000568
1996-09-11,15.55,15.85,15.45,15.66,537700.0,8419980.0,42666000.0,0.0126025406646978,000568
1996-09-12,15.5,16.28,15.5,15.66,901400.0,14325310.0,42666000.0,0.0211268926076969,000568
1996-09-13,15.6,16.57,15.6,16.5,1858300.0,30100367.0,42666000.0,0.0435545867904186,000568
1996-09-16,16.7,17.3,16.45,16.85,2481400.0,42051503.0,42666000.0,0.0581587212300192,000568
1996-09-17,16.8,16.95,16.3,16.43,1109500.0,18256235.0,42666000.0,0.0260043125673838,000568
1996-09-18,16.5,16.55,15.7,15.72,788500.0,12632160.0,42666000.0,0.0184807575118361,000568
1996-09-19,15.5,15.95,15.5,15.76,628600.0,9840692.0,42666000.0,0.0147330427037922,000568
1996-09-20,16.0,16.2,15.7,15.85,499400.0,7924616.0,42666000.0,0.0117048703885998,000568
1996-09-23,15.91,16.28,15.85,16.05,628300.0,10116680.0,42666000.0,0.0147260113439272,000568
1996-09-24,16.0,16.6,16.0,16.3,927500.0,15202885.0,42666000.0,0.0217386209159518,000568
1996-09-25,16.38,16.68,16.1,16.36,1184200.0,19501536.0,42666000.0,0.0277551211737683,000568
1996-09-26,16.5,16.68,16.05,16.6,1157700.0,19139842.0,42666000.0,0.0271340177190268,000568
1996-09-27,17.8,17.99,17.2,17.55,5016000.0,87925982.0,42666000.0,0.1175643369427647,000568
1996-10-03,18.14,18.48,17.25,17.35,1586000.0,28119853.0,42666000.0,0.0371724558196221,000568
1996-10-04,17.2,17.25,16.6,16.91,987300.0,16658328.0,42666000.0,0.023140205315708,000568
1996-10-07,16.7,16.98,16.68,16.9,765500.0,12885581.0,42666000.0,0.0179416865888529,000568
1996-10-08,17.1,17.1,16.78,16.95,800600.0,13525845.0,42666000.0,0.0187643556930577,000568
1996-10-09,17.0,17.19,16.58,16.65,984100.0,16716377.0,42666000.0,0.0230652041438147,000568
1996-10-10,16.65,16.9,16.6,16.9,819100.0,13640373.0,42666000.0,0.0191979562180659,000568
1996-10-11,17.0,17.2,16.68,16.84,1176300.0,19725138.0,42666000.0,0.0275699620306567,000568
1996-10-14,16.84,17.0,16.82,16.98,1774600.0,30078433.0,42666000.0,0.0415928373880841,000568
1996-10-15,17.02,17.1,16.9,17.03,1311100.0,22300958.0,42666000.0,0.0307293863966624,000568
1996-10-16,17.15,17.85,17.03,17.24,1668600.0,29131176.0,42666000.0,0.0391084235691182,000568
1996-10-17,17.3,17.68,17.3,17.56,2005600.0,35187364.0,42666000.0,0.0470069844841325,000568
1996-10-18,17.67,18.2,17.5,17.52,3197800.0,56830325.0,42666000.0,0.0749496085876341,000568
1996-10-21,17.48,17.8,16.8,17.54,1795100.0,31445758.0,42666000.0,0.0420733136455257,000568
1996-10-22,17.33,18.88,17.0,18.5,4687400.0,85560991.0,42666000.0,0.1098626541039703,000568
1996-10-23,19.0,19.7,19.0,19.3,3428700.0,66449317.0,42666000.0,0.0803614118970608,000568
1996-10-24,19.5,19.78,18.0,18.77,3075300.0,58315691.0,42666000.0,0.0720784699760933,000568
1996-10-25,18.5,18.67,18.39,18.44,1660000.0,30728053.0,42666000.0,0.0389068579196549,000568
1996-10-28,18.2,18.56,18.0,18.44,1685100.0,30793683.0,42666000.0,0.0394951483616931,000568
1996-10-29,18.55,19.2,18.4,18.5,1774000.0,33206177.0,42666000.0,0.0415787746683541,000568
1996-10-30,18.6,18.79,17.71,17.8,1300200.0,23475516.0,42666000.0,0.0304739136549008,000568
1996-10-31,18.0,18.11,17.7,18.0,1221700.0,21876753.0,42666000.0,0.028634041156893,000568
1996-11-01,18.2,18.62,17.2,17.96,1690500.0,30542170.0,42666000.0,0.0396217128392631,000568
1996-11-04,18.03,19.35,18.03,18.96,4844900.0,92206891.0,42666000.0,0.1135541180330942,000568
1996-11-05,19.26,19.86,18.5,19.14,3646900.0,70618272.0,42666000.0,0.085475554305536,000568
1996-11-06,19.2,19.4,18.5,18.63,1690500.0,31722790.0,42666000.0,0.0396217128392631,000568
1996-11-07,18.9,19.1,18.51,18.63,1469900.0,27674845.0,42666000.0,0.034451319551868,000568
1996-11-08,18.8,19.1,18.68,19.06,1594200.0,30256352.0,42666000.0,0.0373646463225987,000568
1996-11-11,19.58,19.64,19.1,19.46,2648000.0,51601506.0,42666000.0,0.0620634697417147,000568
1996-11-12,19.51,19.6,18.8,19.39,2451600.0,47438061.0,42666000.0,0.0574602728167627,000568
1996-11-13,19.2,19.74,19.1,19.45,2249200.0,43843311.0,42666000.0,0.0527164486945108,000568
1996-11-14,19.6,20.62,19.35,20.35,3295200.0,65996682.0,42666000.0,0.0772324567571368,000568
1996-11-15,20.4,21.8,20.4,21.65,4715000.0,101084519.0,42666000.0,0.1105095392115501,000568
1996-11-18,22.3,23.2,22.3,22.85,4124300.0,93951075.0,42666000.0,0.0966647916373693,000568
1996-11-19,22.95,23.0,22.05,22.4,2041800.0,45652099.0,42666000.0,0.0478554352411756,000568
1996-11-20,22.1,23.7,22.01,23.55,2759300.0,63458888.0,42666000.0,0.0646721042516289,000568
1996-11-21,23.7,24.0,21.8,21.86,2674200.0,61807836.0,42666000.0,0.0626775418365912,000568
1996-11-22,21.5,23.78,21.2,23.6,5188300.0,115687163.0,42666000.0,0.1216026812918951,000568
1996-11-25,23.9,25.0,23.3,24.99,3616300.0,87520898.0,42666000.0,0.0847583555993062,000568
1996-11-26,24.85,25.78,24.5,25.01,4847200.0,121484886.0,42666000.0,0.1136080251253925,000568
1996-11-27,26.0,26.0,24.26,24.4,3436900.0,85802051.0,42666000.0,0.0805536024000375,000568
1996-11-28,24.0,24.0,23.3,23.48,1685300.0,39797920.0,42666000.0,0.0394998359349364,000568
1996-11-29,23.5,24.13,23.0,23.25,1396700.0,32694695.0,42666000.0,0.0327356677448085,000568
1996-12-02,23.1,23.98,22.8,22.9,1281500.0,29639000.0,42666000.0,0.0300356255566493,000568
1996-12-03,22.9,23.4,22.7,23.1,895200.0,20597412.0,42666000.0,0.0209815778371537,000568
1996-12-04,23.3,23.9,22.99,23.7,1297300.0,30364540.0,42666000.0,0.0304059438428725,000568
1996-12-05,23.5,23.8,23.35,23.58,1124100.0,26456660.0,42666000.0,0.026346505414147,000568
1996-12-06,23.6,23.7,23.4,23.59,1133800.0,26727323.0,42666000.0,0.0265738527164486,000568
1996-12-09,23.65,25.0,23.55,24.8,1328700.0,32393665.0,42666000.0,0.0311418928420756,000568
1996-12-10,24.8,24.85,24.0,24.55,996800.0,24484340.0,42666000.0,0.0233628650447663,000568
1996-12-11,24.46,25.68,24.4,25.4,1684600.0,42506776.0,42666000.0,0.0394834294285848,000568
1996-12-12,25.52,26.0,24.4,24.9,1601800.0,40704213.0,42666000.0,0.0375427741058454,000568
1996-12-13,23.9,24.49,22.8,23.0,5765200.0,136086221.0,42666000.0,0.1351239863122861,000568
1996-12-16,20.73,20.73,20.73,20.73,163500.0,3389355.0,42666000.0,0.0038320911264238,000568
1996-12-17,18.66,20.68,18.66,18.66,2218700.0,41853088.0,42666000.0,0.0520015937749027,000568
1996-12-18,17.8,20.53,17.8,20.53,3529900.0,68898370.0,42666000.0,0.0827333239581868,000568
1996-12-19,21.6,21.78,19.0,19.6,7006500.0,144257994.0,42666000.0,0.1642174096470257,000568
1996-12-20,20.5,20.5,18.86,19.6,2758800.0,53399339.0,42666000.0,0.0646603853185206,000568
1996-12-23,20.0,20.8,19.91,20.58,3674200.0,74799165.0,42666000.0,0.0861154080532508,000568
1996-12-24,20.8,21.18,20.0,20.1,3162700.0,64785474.0,42666000.0,0.0741269394834294,000568
1996-12-25,20.48,21.0,19.9,21.0,3787400.0,78036898.0,42666000.0,0.0887685745089767,000568
1996-12-26,21.21,21.49,20.8,21.0,1134400.0,23975018.0,42666000.0,0.0265879154361786,000568
1996-12-27,21.6,22.0,21.2,21.9,3602900.0,78185805.0,42666000.0,0.084444288192003,000568
1996-12-30,22.0,22.28,21.5,22.09,3275900.0,71722028.0,42666000.0,0.0767801059391553,000568
1996-12-31,21.56,21.98,20.88,21.0,1741300.0,37075076.0,42666000.0,0.0408123564430694,000568
1997-01-02,20.9,21.45,20.9,21.1,1038400.0,21989939.0,42666000.0,0.0243378802793793,000568
1997-01-03,21.18,21.29,20.7,20.86,928300.0,19452842.0,42666000.0,0.0217573712089251,000568
1997-01-06,20.51,20.7,19.95,20.04,1427900.0,28881464.0,42666000.0,0.0334669291707682,000568
1997-01-07,20.0,20.9,19.6,20.5,1185000.0,24196712.0,42666000.0,0.0277738714667416,000568
1997-01-08,20.6,20.6,20.0,20.3,622500.0,12549892.0,42666000.0,0.0145900717198706,000568
1997-01-09,20.25,20.95,20.25,20.59,819100.0,16966467.0,42666000.0,0.0191979562180659,000568
1997-01-10,20.98,21.0,20.4,20.75,608200.0,12570697.0,42666000.0,0.0142549102329723,000568
1997-01-13,20.8,20.99,20.75,20.85,591900.0,12345680.0,42666000.0,0.0138728730136408,000568
1997-01-14,21.0,21.0,20.38,20.4,456800.0,9413457.0,42666000.0,0.0107064172877701,000568
1997-01-15,20.6,20.6,20.37,20.5,297900.0,6095157.0,42666000.0,0.0069821403459429,000568
1997-01-16,20.5,20.88,20.38,20.57,476500.0,9838284.0,42666000.0,0.0111681432522383,000568
1997-01-17,20.58,20.95,20.4,20.88,989400.0,20563893.0,42666000.0,0.023189424834763,000568
1997-01-20,20.88,21.6,20.88,21.02,1062500.0,22539739.0,42666000.0,0.0249027328552008,000568
1997-01-21,21.2,21.79,21.06,21.64,2286900.0,49343961.0,42666000.0,0.0536000562508789,000568
1997-01-22,22.0,23.0,21.89,22.85,4809800.0,109288508.0,42666000.0,0.1127314489288895,000568
1997-01-23,22.7,23.3,22.7,23.2,3914200.0,90580912.0,42666000.0,0.0917404959452491,000568
1997-01-24,23.2,24.0,22.88,24.0,3290100.0,77195647.0,42666000.0,0.0771129236394318,000568
1997-01-27,24.2,24.28,23.71,24.0,1266400.0,30297381.0,42666000.0,0.0296817137767777,000568
1997-01-28,23.89,24.0,23.4,23.85,789600.0,18720161.0,42666000.0,0.0185065391646744,000568
1997-01-29,23.6,23.95,23.45,23.55,980700.0,23300426.0,42666000.0,0.0229855153986781,000568
1997-01-30,23.5,23.68,23.3,23.48,671300.0,15792841.0,42666000.0,0.0157338395912436,000568
1997-01-31,23.5,24.4,23.5,23.95,1395000.0,33564571.0,42666000.0,0.0326958233722401,000568
1997-02-17,23.69,24.8,22.8,24.53,2287100.0,54462319.0,42666000.0,0.0536047438241222,000568
1997-02-18,24.0,24.4,22.06,22.06,3010600.0,68762946.0,42666000.0,0.0705620400318755,000568
1997-02-19,23.0,24.27,22.9,24.27,1951000.0,46140379.0,42666000.0,0.0457272769887029,000568
1997-02-20,21.84,25.59,21.84,24.87,4538900.0,110976627.0,42666000.0,0.1063821309707964,000568
1997-02-21,24.9,25.37,24.78,25.3,2993900.0,75173674.0,42666000.0,0.0701706276660572,000568
1997-02-24,25.5,26.3,24.9,25.94,4453900.0,113793916.0,42666000.0,0.1043899123423803,000568
1997-02-25,16.3,17.48,16.0,16.88,5896900.0,99434306.0,42666000.0,0.1382107532930202,000568
1997-02-26,17.0,17.08,16.7,16.89,1969500.0,33136401.0,42666000.0,0.0461608775137111,000568
1997-02-27,16.9,17.45,16.46,17.05,4067500.0,68919791.0,68265600.0,0.0595834505226644,000568
1997-02-28,17.26,18.38,17.0,18.2,4432600.0,79005258.0,68265600.0,0.0649316786199784,000568
1997-03-03,19.0,19.79,18.7,19.29,5689900.0,109063336.0,68265600.0,0.0833494468663572,000568
1997-03-04,19.5,19.5,19.0,19.19,2901600.0,55653985.0,68265600.0,0.0425045703839122,000568
1997-03-05,19.19,19.2,18.78,18.81,1831900.0,34678067.0,68265600.0,0.0268348919514367,000568
1997-03-06,18.51,18.87,18.41,18.67,2101100.0,39163198.0,68265600.0,0.0307783129423897,000568
1997-03-07,18.71,19.18,18.55,18.68,1399800.0,26319200.0,68265600.0,0.0205052032063,000568
1997-03-10,18.99,19.15,18.78,18.83,1193500.0,22551850.0,68265600.0,0.0174831833309895,000568
1997-03-11,19.0,19.09,18.7,19.08,2127900.0,40199634.0,68265600.0,0.0311708972015187,000568
1997-03-12,19.06,19.2,18.85,18.86,2334300.0,44409508.0,68265600.0,0.0341943819434678,000568
1997-03-13,18.86,19.55,18.86,19.17,3172300.0,60923942.0,68265600.0,0.0464699643744433,000568
1997-03-14,19.3,19.55,19.1,19.4,2282300.0,44033300.0,68265600.0,0.0334326512914264,000568
1997-03-17,19.78,20.55,19.7,20.41,4500000.0,91037704.0,68265600.0,0.0659189987343552,000568
1997-03-18,20.6,21.6,20.6,21.12,3468500.0,73424997.0,68265600.0,0.0508088993578024,000568
1997-03-19,21.25,21.4,20.78,20.88,2151600.0,45020209.0,68265600.0,0.031518070594853,000568
1997-03-20,21.0,21.25,20.2,20.26,2296600.0,47550430.0,68265600.0,0.0336421272207378,000568
1997-03-21,20.0,20.96,20.0,20.86,2574800.0,52501387.0,68265600.0,0.0377173862091595,000568
1997-03-24,21.3,21.5,20.7,20.9,3076600.0,64816256.0,68265600.0,0.0450680870013594,000568
1997-03-25,21.1,22.4,21.0,21.96,5099500.0,112008241.0,68265600.0,0.0747008742324098,000568
1997-03-26,22.0,22.8,22.0,22.46,2650200.0,59385785.0,68265600.0,0.0388218956546196,000568
1997-03-27,22.7,22.9,22.1,22.24,2540900.0,57072802.0,68265600.0,0.037220796418694,000568
1997-03-28,22.0,22.2,21.58,21.82,2377100.0,51937618.0,68265600.0,0.0348213448647635,000568
1997-04-01,24.0,24.0,21.85,22.45,1607100.0,36011503.0,68265600.0,0.023541871747996,000568
1997-04-02,22.5,22.69,21.8,21.95,1492000.0,32917285.0,68265600.0,0.0218558102470351,000568
1997-04-03,21.81,22.0,21.6,21.9,1518500.0,33105720.0,68265600.0,0.0222439999062485,000568
1997-04-04,21.8,22.9,21.6,22.35,5372600.0,119238198.0,68265600.0,0.0787014250222659,000568
1997-04-07,22.48,23.0,22.21,22.61,7909700.0,179967252.0,68265600.0,0.1158665565086954,000568
1997-04-08,22.61,23.0,21.5,22.31,3605700.0,80935951.0,68265600.0,0.052818696385881,000568
1997-04-09,22.28,22.65,22.1,22.45,3677800.0,82541574.0,68265600.0,0.0538748652322692,000568
1997-04-10,22.5,24.51,22.5,23.24,6069400.0,144207525.0,68265600.0,0.0889086157596212,000568
1997-04-11,23.2,23.58,22.5,22.9,4357300.0,100015458.0,68265600.0,0.0638286340411568,000568
1997-04-14,23.5,24.0,23.4,23.5,3946200.0,93240231.0,68265600.0,0.0578065672901139,000568
1997-04-15,23.6,23.79,23.08,23.45,1647600.0,38531580.0,68265600.0,0.0241351427366052,000568
1997-04-16,23.6,23.65,23.3,23.38,1496400.0,35105214.0,68265600.0,0.0219202643791309,000568
1997-04-17,23.38,23.49,23.0,23.2,2007700.0,46519766.0,68265600.0,0.0294101275019922,000568
1997-04-18,23.3,23.42,23.05,23.19,1571700.0,36389971.0,68265600.0,0.0230233089579524,000568
1997-04-21,23.4,23.95,23.38,23.55,2030100.0,47936071.0,68265600.0,0.0297382576290254,000568
1997-04-22,23.75,23.9,23.58,23.8,1889100.0,44742954.0,68265600.0,0.0276727956686823,000568
1997-04-23,23.85,25.1,23.82,24.77,4311500.0,106348190.0,68265600.0,0.063157725120705,000568
1997-04-24,24.7,25.93,24.02,25.4,4073800.0,102982624.0,68265600.0,0.0596757371208925,000568
1997-04-25,25.5,27.38,25.3,26.6,5379400.0,140690143.0,68265600.0,0.0788010359536867,000568
1997-04-28,27.31,29.26,27.3,29.26,3976400.0,114818856.0,68265600.0,0.0582489570149533,000568
1997-04-29,31.2,32.19,27.8,29.94,7732900.0,235851492.0,68265600.0,0.1132766722917545,000568
1997-04-30,30.02,32.1,29.88,32.02,5341100.0,165989214.0,68265600.0,0.0782399920311254,000568
1997-05-05,34.1,35.22,33.99,35.22,3087800.0,108168230.0,68265600.0,0.045232152064876,000568
1997-05-06,38.58,38.74,38.5,38.74,2251300.0,87179678.0,68265600.0,0.0329785426334786,000568
1997-05-07,42.6,42.61,39.5,42.61,9010300.0,378784641.0,68265600.0,0.1319888787324802,000568
1997-05-08,44.9,45.88,39.5,40.4,10145200.0,444400951.0,68265600.0,0.1486136502132845,000568
1997-05-09,33.0,36.35,32.8,36.27,9516600.0,330551956.0,68265600.0,0.1394054985234144,000568
1997-05-12,37.8,38.8,34.6,35.5,7511500.0,275066266.0,68265600.0,0.1100334575540242,000568
1997-05-13,34.99,35.35,32.0,34.21,8715400.0,291544759.0,81918700.0,0.1063908484875858,000568
1997-05-14,33.0,34.0,31.3,31.48,4758900.0,154652668.0,81918700.0,0.0580929629010226,000568
1997-05-15,30.3,33.35,29.51,32.99,4708200.0,146473678.0,81918700.0,0.0574740565951363,000568
1997-05-16,30.0,32.5,29.8,31.7,2018800.0,63823045.0,81918700.0,0.0246439457657409,000568
1997-05-19,28.53,29.3,28.53,28.53,1327800.0,37968207.0,81918700.0,0.0162087533127356,000568
1997-05-20,26.4,31.38,26.25,31.38,7178700.0,213526385.0,81918700.0,0.0876320058789995,000568
1997-05-21,31.38,31.98,29.5,30.04,4627600.0,141311485.0,81918700.0,0.0564901542627019,000568
1997-05-22,27.04,29.0,27.04,27.04,4506700.0,123667489.0,81918700.0,0.0550143007640502,000568
1997-05-23,26.8,28.0,26.0,27.46,3919200.0,106846114.0,81918700.0,0.0478425560952505,000568
1997-05-26,27.5,28.35,26.0,27.3,2833200.0,76880370.0,81918700.0,0.0345855097798182,000568
1997-05-27,27.5,28.5,27.1,28.04,3720700.0,104245556.0,81918700.0,0.0454194219390688,000568
1997-05-28,28.2,29.1,27.75,28.27,3025700.0,86584238.0,81918700.0,0.0369354005861909,000568
1997-05-29,28.0,28.6,27.86,28.01,1668000.0,47086049.0,81918700.0,0.0203616512469069,000568
1997-05-30,28.01,28.7,27.7,28.59,2036000.0,57494465.0,81918700.0,0.0248539100351934,000568
1997-06-02,29.1,31.0,29.1,30.8,4457500.0,134649673.0,81918700.0,0.0544137052956162,000568
1997-06-03,31.3,31.5,29.65,30.23,3151300.0,96667806.0,81918700.0,0.038468628042193,000568
1997-06-04,30.3,31.0,30.0,30.2,2201800.0,66794613.0,81918700.0,0.0268778679349159,000568
1997-06-05,30.5,30.72,29.9,30.2,2190100.0,66173047.0,81918700.0,0.0267350434027883,000568
1997-06-06,27.3,29.28,27.28,28.16,4800800.0,136444207.0,81918700.0,0.0586044456271889,000568
1997-06-09,28.0,28.5,27.5,27.87,1489200.0,41321979.0,81918700.0,0.0181789994225982,000568
1997-06-10,27.69,28.2,26.6,26.85,1222800.0,33538441.0,81918700.0,0.0149269946910778,000568
1997-06-11,26.8,26.85,24.17,25.23,2159400.0,53806976.0,81918700.0,0.0263602815962655,000568
1997-06-12,25.8,25.98,24.91,25.23,1178200.0,29925883.0,81918700.0,0.0143825524574974,000568
1997-06-13,23.5,25.99,23.18,25.81,1879900.0,47340660.0,81918700.0,0.0229483622176621,000568
1997-06-16,26.38,28.0,26.3,27.57,2085400.0,57293290.0,81918700.0,0.025456946948621,000568
1997-06-17,27.57,27.9,26.81,27.0,1323800.0,36031692.0,81918700.0,0.0161599244128629,000568
1997-06-18,27.0,27.49,26.36,26.52,937600.0,24998019.0,81918700.0,0.0114454941301558,000568
1997-06-19,26.5,26.8,25.0,26.17,893100.0,23369899.0,81918700.0,0.0109022726190723,000568
1997-06-20,26.8,28.3,26.22,28.06,3052400.0,84971991.0,81918700.0,0.037261333492841,000568
1997-06-23,28.85,30.48,27.55,28.5,4564500.0,132240435.0,81918700.0,0.0557198783672104,000568
1997-06-24,28.6,29.5,28.5,29.28,1813200.0,52717089.0,81918700.0,0.0221341403122852,000568
1997-06-25,29.6,29.9,28.91,28.99,1616400.0,47103801.0,81918700.0,0.0197317584385494,000568
1997-06-26,28.7,29.29,28.5,28.96,1087200.0,31362373.0,81918700.0,0.013271694985394,000568
1997-06-27,28.96,29.99,28.68,28.99,3021100.0,88350943.0,81918700.0,0.0368792473513373,000568
1997-07-02,29.21,29.84,26.1,27.95,1858600.0,51626338.0,81918700.0,0.0226883483258401,000568
1997-07-03,27.76,27.76,26.5,26.7,1443400.0,38791585.0,81918700.0,0.017619908519056,000568
1997-07-04,26.0,27.0,25.2,26.68,1162800.0,30668697.0,81918700.0,0.0141945611929876,000568
1997-07-07,26.68,26.68,24.1,24.5,1520900.0,38396882.0,81918700.0,0.0185659684540892,000568
1997-07-08,24.1,25.7,23.7,25.13,1481300.0,36441004.0,81918700.0,0.0180825623453497,000568
1997-07-09,25.2,25.7,24.8,25.5,774300.0,19637986.0,81918700.0,0.0094520542928537,000568
1997-07-10,25.68,25.9,24.9,24.96,654700.0,16703716.0,81918700.0,0.0079920701866606,000568
1997-07-11,24.7,25.6,24.4,25.55,794500.0,20078184.0,81918700.0,0.0096986402372107,000568
1997-07-14,26.0,26.68,25.7,26.14,1060300.0,27750831.0,81918700.0,0.0129433206337502,000568
1997-07-15,26.14,26.3,25.64,25.93,866900.0,22397104.0,81918700.0,0.0105824433249062,000568
1997-07-16,26.0,27.08,25.7,26.78,2166800.0,57986168.0,81918700.0,0.02645061506103,000568
1997-07-17,26.78,27.29,26.45,26.91,1348900.0,36386344.0,81918700.0,0.016466325759564,000568
1997-07-18,26.8,27.35,26.6,26.99,1219100.0,32910648.0,81918700.0,0.0148818279586956,000568
1997-07-21,27.3,27.48,25.9,26.02,1343000.0,35423218.0,81918700.0,0.0163943031322518,000568
1997-07-22,26.0,26.4,25.01,26.35,885800.0,22718061.0,81918700.0,0.0108131598768046,000568
1997-07-23,26.5,27.01,25.85,25.98,921300.0,24402199.0,81918700.0,0.0112465163631747,000568
1997-07-24,25.48,25.98,25.4,25.5,566300.0,14505506.0,81918700.0,0.0069129514994744,000568
1997-07-25,25.1,25.5,25.0,25.15,994000.0,24978466.0,81918700.0,0.0121339816183606,000568
1997-07-28,25.0,25.0,24.2,24.2,735900.0,18039984.0,81918700.0,0.008983296854076,000568
1997-07-29,23.98,24.95,23.75,24.5,555000.0,13537449.0,81918700.0,0.0067750098573341,000568
1997-07-30,24.51,24.76,24.0,24.61,505700.0,12414733.0,81918700.0,0.0061731936664033,000568
1997-07-31,24.86,25.5,24.7,24.99,473900.0,11874973.0,81918700.0,0.0057850039124156,000568
1997-08-01,25.0,25.25,24.6,24.86,312200.0,7746752.0,81918700.0,0.0038110956350625,000568
1997-08-04,24.8,25.0,24.4,24.56,375900.0,9232085.0,81918700.0,0.0045886958655349,000568
1997-08-05,24.56,25.0,24.41,24.7,327200.0,8110062.0,81918700.0,0.0039942040095851,000568
1997-08-06,25.0,25.0,24.3,24.35,236300.0,5795759.0,81918700.0,0.0028845672599784,000568
1997-08-07,24.35,24.35,23.8,24.01,506200.0,12140801.0,81918700.0,0.0061792972788874,000568
1997-08-08,24.01,24.45,23.95,24.3,550300.0,13307469.0,81918700.0,0.0067176358999837,000568
1997-08-11,24.5,24.5,23.28,23.5,640700.0,15153929.0,81918700.0,0.0078211690371063,000568
1997-08-12,23.5,23.5,21.5,21.6,1120100.0,24779444.0,81918700.0,0.0136733126868468,000568
1997-08-13,21.3,21.4,20.02,20.19,930400.0,19508292.0,81918700.0,0.011357602110385,000568
1997-08-14,20.0,21.8,19.9,21.8,945900.0,19745634.0,81918700.0,0.0115468140973916,000568
1997-08-15,22.0,22.58,21.0,21.3,1094300.0,23816832.0,81918700.0,0.013358366282668,000568
1997-08-18,21.0,21.49,20.4,21.2,506400.0,10650654.0,81918700.0,0.0061817387238811,000568
1997-08-19,21.35,21.5,20.5,20.76,344900.0,7228965.0,81918700.0,0.0042102718915217,000568
1997-08-20,19.5,19.5,18.68,18.68,896600.0,16809923.0,81918700.0,0.0109449979064609,000568
1997-08-21,18.03,19.5,18.0,18.95,1980200.0,37087273.0,81918700.0,0.0241727468819695,000568
1997-08-22,19.0,19.51,18.73,19.18,942400.0,18066826.0,81918700.0,0.011504088810003,000568
1997-08-25,19.18,19.5,19.1,19.32,848000.0,16362232.0,81918700.0,0.0103517267730078,000568
1997-08-26,19.4,19.85,19.0,19.82,1073900.0,20798768.0,81918700.0,0.0131093388933173,000568
1997-08-27,19.82,21.25,19.82,20.51,1186700.0,24582744.0,81918700.0,0.0144863138697269,000568
1997-08-28,20.01,21.18,20.01,20.47,539300.0,11044370.0,81918700.0,0.0065833564253338,000568
1997-08-29,20.5,20.5,19.88,20.1,799100.0,16017241.0,81918700.0,0.0097547934720643,000568
1997-09-01,19.99,20.0,19.5,19.65,587800.0,11554751.0,81918700.0,0.0071754068362901,000568
1997-09-02,19.64,20.24,19.5,19.91,306700.0,6097988.0,81918700.0,0.0037439558977376,000568
1997-09-03,19.88,20.12,19.55,20.12,421800.0,8422516.0,81918700.0,0.0051490074915739,000568
1997-09-04,20.23,20.45,20.23,20.28,473700.0,9643875.0,81918700.0,0.0057825624674219,000568
1997-09-05,20.27,20.3,19.92,20.02,414500.0,8300559.0,81918700.0,0.0050598947493063,000568
1997-09-08,20.0,20.0,19.7,19.76,486600.0,9624791.0,81918700.0,0.0059400356695113,000568
1997-09-09,19.6,19.8,19.5,19.5,286600.0,5636440.0,81918700.0,0.0034985906758774,000568
1997-09-10,19.5,19.65,19.4,19.45,301700.0,5876142.0,81918700.0,0.0036829197728967,000568
1997-09-11,19.45,20.3,19.45,19.9,697500.0,13894024.0,81918700.0,0.0085145394152983,000568
1997-09-12,19.99,20.0,19.5,19.51,276700.0,5455904.0,81918700.0,0.0033777391486925,000568
1997-09-15,19.4,19.4,18.89,18.9,382200.0,7284353.0,81918700.0,0.0046656013828344,000568
1997-09-16,18.7,19.28,18.6,18.95,210900.0,3997559.0,81918700.0,0.0025745037457869,000568
1997-09-17,19.0,19.0,18.6,18.69,160500.0,3021144.0,81918700.0,0.0019592596073912,000568
1997-09-18,18.7,18.9,18.6,18.7,194500.0,3643408.0,81918700.0,0.0023743052563089,000568
1997-09-19,18.8,18.95,18.8,18.82,133600.0,2518940.0,81918700.0,0.0016308852557474,000568
1997-09-22,18.8,18.8,17.65,17.71,345200.0,6229553.0,81918700.0,0.0042139340590121,000568
1997-09-23,17.59,17.6,16.3,16.4,585400.0,9857586.0,81918700.0,0.0071461094963665,000568
1997-09-24,16.4,17.35,16.4,17.28,528900.0,8998601.0,81918700.0,0.0064564012856649,000568
1997-09-25,17.8,18.0,17.31,17.5,368400.0,6507081.0,81918700.0,0.0044971416782737,000568
1997-09-26,17.52,17.52,16.97,17.21,279100.0,4787047.0,81918700.0,0.0034070364886161,000568
1997-09-29,17.18,17.18,16.7,16.8,296800.0,4991545.0,81918700.0,0.0036231043705527,000568
1997-09-30,16.6,17.2,16.55,17.01,250500.0,4261433.0,81918700.0,0.0030579098545265,000568
1997-10-06,17.2,17.2,16.9,17.02,192900.0,3285136.0,81918700.0,0.0023547736963599,000568
1997-10-07,16.98,17.1,16.58,17.0,103600.0,1755726.0,81918700.0,0.0012646685067023,000568
1997-10-08,17.2,18.02,17.2,17.75,360900.0,6371269.0,81918700.0,0.0044055874910124,000568
1997-10-09,17.8,18.0,17.5,17.81,332600.0,5943875.0,81918700.0,0.0040601230244132,000568
1997-10-10,17.75,18.0,17.61,17.96,278000.0,4990420.0,81918700.0,0.0033936085411511,000568
1997-10-13,18.0,18.1,17.86,17.9,206100.0,3710487.0,81918700.0,0.0025159090659397,000568
1997-10-14,17.6,17.84,17.5,17.67,104700.0,1849953.0,81918700.0,0.0012780964541673,000568
1997-10-15,17.71,17.95,17.62,17.88,160700.0,2850746.0,81918700.0,0.0019617010523848,000568
1997-10-16,18.0,19.24,17.9,18.99,1007900.0,19015721.0,81918700.0,0.0123036620454182,000568
1997-10-17,19.3,20.89,19.1,20.51,2171700.0,44057388.0,81918700.0,0.026510430463374,000568
1997-10-20,20.93,20.98,20.38,20.59,1986300.0,41088412.0,81918700.0,0.0242472109542753,000568
1997-10-21,20.64,22.0,20.1,21.72,1837100.0,38707091.0,81918700.0,0.0224258929890244,000568
1997-10-22,21.72,23.5,21.72,21.77,3679100.0,82054273.0,81918700.0,0.044911601380393,000568
1997-10-23,21.5,22.3,20.7,21.72,1596200.0,34471120.0,81918700.0,0.0194851724941924,000568
1997-10-24,21.7,22.0,21.4,21.7,1755200.0,38101304.0,81918700.0,0.0214261212641313,000568
1997-10-27,22.1,23.0,21.7,22.18,1353700.0,30258312.0,81918700.0,0.0165249204394112,000568
1997-10-28,22.17,22.17,20.89,21.51,1230700.0,26596912.0,81918700.0,0.0150234317683264,000568
1997-10-29,21.0,21.98,20.9,21.96,1200900.0,25761496.0,81918700.0,0.0146596564642749,000568
1997-10-30,22.1,23.5,22.0,22.02,2661300.0,60375514.0,81918700.0,0.0324870878077899,000568
1997-10-31,21.59,22.0,21.15,21.92,1068800.0,23088906.0,81918700.0,0.0130470820459797,000568
1997-11-03,22.11,22.5,22.0,22.13,779700.0,17374148.0,81918700.0,0.0095179733076818,000568
1997-11-04,22.0,22.5,22.0,22.27,683000.0,15222918.0,81918700.0,0.0083375346532598,000568
1997-11-05,22.6,23.2,22.2,23.11,2465000.0,56825594.0,81918700.0,0.0300908095465382,000568
1997-11-06,23.5,23.5,22.5,22.67,1355900.0,31288212.0,81918700.0,0.0165517763343412,000568
1997-11-07,22.68,23.2,22.6,23.0,864500.0,19829076.0,81918700.0,0.0105531459849826,000568
1997-11-10,23.5,23.5,22.6,22.71,979000.0,22506911.0,81918700.0,0.011950873243838,000568
1997-11-11,22.67,22.78,21.9,22.44,748400.0,16721790.0,81918700.0,0.0091358871661781,000568
1997-11-12,22.5,22.8,21.95,22.0,531800.0,11890442.0,81918700.0,0.0064918022380726,000568
1997-11-13,22.0,22.25,21.3,22.25,880000.0,19094612.0,81918700.0,0.0107423579719893,000568
1997-11-14,22.05,22.55,21.8,22.18,571500.0,12706264.0,81918700.0,0.0069764290693089,000568
1997-11-17,22.3,23.0,22.2,22.53,625500.0,14171413.0,81918700.0,0.0076356192175901,000568
1997-11-18,22.33,22.69,22.19,22.19,382400.0,8552517.0,81918700.0,0.004668042827828,000568
1997-11-19,22.0,22.4,21.81,21.98,321700.0,7097799.0,81918700.0,0.0039270642722601,000568
1997-11-20,21.9,22.3,21.6,21.78,373800.0,8166274.0,81918700.0,0.0045630606931018,000568
1997-11-21,21.76,21.76,21.01,21.11,771900.0,16416041.0,81918700.0,0.0094227569529301,000568
1997-11-24,20.6,20.8,20.1,20.29,657900.0,13398365.0,81918700.0,0.0080311333065588,000568
1997-11-25,20.0,20.55,19.9,20.22,509900.0,10295278.0,81918700.0,0.0062244640112697,000568
1997-11-26,20.18,20.58,20.18,20.57,235300.0,4806628.0,81918700.0,0.0028723600350103,000568
1997-11-27,21.51,21.51,20.35,20.4,607700.0,12582377.0,81918700.0,0.0074183306131567,000568
1997-11-28,20.2,20.99,20.03,20.91,341700.0,7002459.0,81918700.0,0.0041712087716235,000568
1997-12-01,21.1,21.1,20.45,20.47,223400.0,4627481.0,81918700.0,0.0027270940578891,000568
1997-12-02,20.55,20.9,20.5,20.6,135400.0,2803229.0,81918700.0,0.0016528582606901,000568
1997-12-03,20.62,20.77,20.45,20.6,133900.0,2757123.0,81918700.0,0.0016345474232379,000568
1997-12-04,20.6,21.2,20.5,21.06,388200.0,8129841.0,81918700.0,0.0047388447326434,000568
1997-12-05,21.11,21.45,20.8,20.83,370900.0,7863183.0,81918700.0,0.0045276597406941,000568
1997-12-08,20.93,21.0,20.68,20.79,212600.0,4426443.0,81918700.0,0.0025952560282328,000568
1997-12-09,20.7,21.2,20.7,21.07,210400.0,4412701.0,81918700.0,0.0025684001333028,000568
1997-12-10,21.2,21.73,21.2,21.72,638100.0,13781101.0,81918700.0,0.007789430252189,000568
1997-12-11,22.28,23.18,22.0,22.88,2875600.0,65436186.0,81918700.0,0.0351030961184686,000568
1997-12-12,23.0,23.78,22.78,22.9,2554700.0,59492795.0,81918700.0,0.031185797626183,000568
1997-12-15,23.0,23.55,23.0,23.43,1189900.0,27769401.0,81918700.0,0.014525376989625,000568
1997-12-16,23.54,24.1,23.54,23.98,1616500.0,38647309.0,81918700.0,0.0197329791610462,000568
1997-12-17,23.7,23.85,22.85,22.9,1730400.0,40005999.0,81918700.0,0.0211233820849207,000568
1997-12-18,22.53,23.35,22.5,23.0,1007300.0,23198504.0,81918700.0,0.0122963377104373,000568
1997-12-19,23.5,24.28,23.39,23.68,1610700.0,38262268.0,81918700.0,0.0196621772562308,000568
1997-12-22,24.0,24.8,23.8,24.69,2032300.0,49488241.0,81918700.0,0.0248087433028112,000568
1997-12-23,25.0,25.4,24.2,24.63,1301000.0,32155637.0,81918700.0,0.0158815996835887,000568
1997-12-24,24.47,24.98,24.28,24.41,687800.0,16868191.0,81918700.0,0.008396129333107,000568
1997-12-25,24.41,25.0,24.2,24.98,1015600.0,24804508.0,81918700.0,0.0123976576776731,000568
1997-12-26,25.2,25.5,24.9,24.99,999800.0,25079270.0,81918700.0,0.012204783523176,000568
1997-12-29,25.35,25.5,24.69,24.8,1100500.0,27667843.0,81918700.0,0.0134340510774707,000568
1997-12-30,24.61,25.0,24.55,24.63,727100.0,17963429.0,81918700.0,0.0088758732743561,000568
1997-12-31,24.7,25.25,24.65,25.2,1323700.0,33133403.0,81918700.0,0.0161587036903661,000568
1998-01-05,25.51,26.85,25.5,26.81,3627500.0,95998582.0,81918700.0,0.0442817085720354,000568
1998-01-06,27.1,27.4,26.5,26.99,3491800.0,94018004.0,81918700.0,0.0426251881438548,000568
1998-01-07,24.7,25.58,24.7,24.97,1940600.0,48686420.0,81918700.0,0.02368934077323,000568
1998-01-08,24.9,25.2,24.2,24.58,1358700.0,33448076.0,81918700.0,0.0165859565642521,000568
1998-01-09,25.2,26.7,24.1,25.96,1926400.0,49495275.0,81918700.0,0.023515998178682,000568
1998-01-12,26.0,26.85,25.58,25.65,1625800.0,42392772.0,81918700.0,0.0198465063532502,000568
1998-01-13,24.86,25.3,23.09,24.11,2600800.0,62538142.0,81918700.0,0.0317485506972156,000568
1998-01-14,24.2,25.2,24.2,24.98,1925900.0,47947864.0,81918700.0,0.0235098945661979,000568
1998-01-15,25.2,27.48,25.2,27.46,7233200.0,192935841.0,81918700.0,0.0882972996397647,000568
1998-01-16,28.0,28.5,27.2,27.54,5000000.0,139154807.0,81918700.0,0.0610361248408483,000568
1998-01-19,29.0,29.54,27.5,27.99,5713300.0,163123947.0,81918700.0,0.0697435384106437,000568
1998-01-20,28.0,28.7,27.1,27.62,2921300.0,81611230.0,81918700.0,0.035660966299514,000568
1998-01-21,27.61,27.7,26.6,26.67,1799000.0,48533727.0,81918700.0,0.0219607977177372,000568
1998-01-22,26.6,27.55,26.35,27.18,1518200.0,41205659.0,81918700.0,0.0185330089466751,000568
1998-01-23,27.25,27.5,26.8,27.16,1149500.0,31251858.0,81918700.0,0.014032205100911,000568
1998-02-09,28.0,28.1,26.8,26.99,961700.0,26143656.0,81918700.0,0.0117396882518887,000568
1998-02-10,26.78,26.99,26.0,26.18,964900.0,25440892.0,81918700.0,0.0117787513717869,000568
1998-02-11,26.0,27.18,25.95,26.53,789700.0,20988051.0,81918700.0,0.0096400455573635,000568
1998-02-12,26.68,26.8,26.2,26.33,507800.0,13408040.0,81918700.0,0.0061988288388365,000568
1998-02-13,26.5,26.59,26.1,26.36,628000.0,16531621.0,81918700.0,0.0076661372800105,000568
1998-02-16,26.3,26.5,26.03,26.18,626000.0,16430000.0,81918700.0,0.0076417228300742,000568
1998-02-17,26.1,26.75,26.1,26.36,499000.0,13161610.0,81918700.0,0.0060914052591166,000568
1998-02-18,26.45,27.3,26.31,27.28,1287400.0,34541509.0,81918700.0,0.0157155814240216,000568
1998-02-19,27.04,27.48,26.96,27.24,949600.0,25762734.0,81918700.0,0.0115919808297739,000568
1998-02-20,27.24,27.24,26.86,26.88,590600.0,15927726.0,81918700.0,0.007209587066201,000568
1998-02-23,26.7,26.7,25.89,26.4,1016900.0,26685045.0,81918700.0,0.0124135270701317,000568
1998-02-24,26.4,26.65,26.1,26.17,475600.0,12532928.0,81918700.0,0.0058057561948614,000568
1998-02-25,26.01,26.2,25.3,25.44,1159500.0,29893523.0,81918700.0,0.0141542773505927,000568
1998-02-26,25.4,26.44,25.3,26.15,808200.0,20965452.0,81918700.0,0.0098658792192747,000568
1998-02-27,26.18,26.5,25.52,25.54,374000.0,9633641.0,81918700.0,0.0045655021380954,000568
1998-03-02,25.2,25.3,24.5,24.68,1003500.0,24864466.0,81918700.0,0.0122499502555582,000568
1998-03-03,24.3,25.4,24.2,25.34,535900.0,13259281.0,81918700.0,0.0065418518604421,000568
1998-03-04,25.5,25.98,25.01,25.82,459500.0,11708271.0,81918700.0,0.0056092198728739,000568
1998-03-05,25.95,26.05,25.5,25.59,404900.0,10400983.0,81918700.0,0.0049427053896118,000568
1998-03-06,25.4,25.5,24.88,25.27,393700.0,9893432.0,81918700.0,0.0048059844699683,000568
1998-03-09,25.15,25.15,24.78,24.98,438300.0,10927152.0,81918700.0,0.0053504267035487,000568
1998-03-10,24.69,25.6,24.51,25.19,424500.0,10561700.0,81918700.0,0.005181966998988,000568
1998-03-11,25.6,25.99,25.0,25.03,624000.0,15938375.0,81918700.0,0.0076173083801378,000568
1998-03-12,24.75,25.3,24.75,25.04,324200.0,8107664.0,81918700.0,0.0039575823346806,000568
1998-03-13,24.9,25.59,24.9,25.49,397300.0,10079960.0,81918700.0,0.0048499304798538,000568
1998-03-16,25.79,25.79,25.31,25.62,472300.0,12064670.0,81918700.0,0.0057654723524665,000568
1998-03-17,25.35,25.79,25.35,25.6,466100.0,11930000.0,81918700.0,0.0056897875576638,000568
1998-03-18,25.6,25.6,25.0,25.05,428900.0,10810556.0,81918700.0,0.0052356787888479,000568
1998-03-19,24.9,25.15,24.72,24.78,378600.0,9434683.0,81918700.0,0.004621655372949,000568
1998-03-20,24.5,24.8,24.19,24.47,1285600.0,31404084.0,94718500.0,0.0135728500768065,000568
1998-03-23,24.3,24.74,23.8,24.22,652900.0,15802880.0,94718500.0,0.0068930567946071,000568
1998-03-24,24.2,24.66,24.02,24.53,451400.0,10970706.0,94718500.0,0.004765700470341,000568
1998-03-25,25.0,25.45,24.75,24.78,1174800.0,29540675.0,94718500.0,0.0124030680384507,000568
1998-03-26,25.0,26.5,25.0,25.96,2042800.0,52953688.0,94718500.0,0.0215670645122125,000568
1998-03-27,26.1,26.4,25.7,26.16,2014200.0,52285853.0,94718500.0,0.0212651171629618,000568
1998-03-30,26.5,27.0,26.2,26.97,2709100.0,72496453.0,94718500.0,0.0286015931417832,000568
1998-03-31,27.0,27.2,26.4,26.52,2693700.0,72136362.0,94718500.0,0.0284390061075713,000568
1998-04-01,20.3,20.66,19.55,19.74,1708500.0,34283425.0,94718500.0,0.0180376589578593,000568
1998-04-02,19.75,20.25,19.42,19.85,2016600.0,39744929.0,94718500.0,0.0212904554020597,000568
1998-04-03,19.56,19.9,19.5,19.71,1306200.0,25674617.0,123134100.0,0.010607946945647,000568
1998-04-06,19.68,19.7,19.01,19.25,1918400.0,36981386.0,123134100.0,0.0155797622267105,000568
1998-04-07,19.45,20.26,19.25,20.02,2199000.0,43776973.0,123134100.0,0.0178585785740911,000568
1998-04-08,20.05,20.15,19.65,19.86,1589200.0,31438629.0,123134100.0,0.0129062542382654,000568
1998-04-09,19.78,20.25,19.6,20.0,2128900.0,42518521.0,123134100.0,0.0172892805486051,000568
1998-04-10,20.1,20.7,20.0,20.66,3017000.0,61536199.0,123134100.0,0.0245017424092919,000568
1998-04-13,20.85,21.55,20.7,21.09,4388100.0,93212780.0,123134100.0,0.0356367569990766,000568
1998-04-14,21.03,21.04,20.45,20.52,1910500.0,39425692.0,123134100.0,0.0155156045319696,000568
1998-04-15,20.45,20.48,20.17,20.29,1354700.0,27449689.0,123134100.0,0.0110018264639933,000568
1998-04-16,20.25,20.25,20.01,20.08,1384600.0,27834749.0,123134100.0,0.0112446511567469,000568
1998-04-17,20.0,20.0,19.75,19.78,1090800.0,21645961.0,123134100.0,0.0088586346105587,000568
1998-04-20,19.65,19.78,19.2,19.51,743700.0,14523081.0,123134100.0,0.0060397566555487,000568
1998-04-21,19.3,20.3,19.3,19.99,704100.0,14015501.0,123134100.0,0.0057181560591257,000568
1998-04-22,20.1,20.3,19.89,20.09,1015900.0,20359978.0,123134100.0,0.0082503546945971,000568
1998-04-23,20.21,20.49,20.0,20.32,1096400.0,22171542.0,123134100.0,0.0089041134827801,000568
1998-04-24,20.8,21.8,20.61,21.44,8630200.0,184689739.0,123134100.0,0.0700878148295232,000568
1998-04-27,22.0,22.0,20.56,20.59,3792000.0,79432668.0,123134100.0,0.0307956934756497,000568
1998-04-28,20.58,20.98,20.3,20.7,1824200.0,37705895.0,123134100.0,0.0148147426261287,000568
1998-04-29,20.7,20.8,20.3,20.5,1453600.0,29786040.0,123134100.0,0.0118050158323323,000568
1998-04-30,20.4,20.52,20.1,20.35,1833200.0,37169281.0,123134100.0,0.0148878336707703,000568
1998-05-04,20.3,21.4,20.3,20.8,2080200.0,43453347.0,123134100.0,0.0168937767848224,000568
1998-05-05,20.85,21.37,20.78,20.8,2039500.0,42794962.0,123134100.0,0.0165632428384988,000568
1998-05-06,20.8,20.85,20.3,20.4,1599300.0,32662764.0,123134100.0,0.0129882786328076,000568
1998-05-07,20.45,20.5,20.0,20.03,1557700.0,31543888.0,123134100.0,0.0126504355820199,000568
1998-05-08,19.9,20.2,19.85,20.2,1781700.0,35773112.0,123134100.0,0.0144695904708768,000568
1998-05-11,20.0,20.19,19.66,19.7,2132800.0,42314752.0,123134100.0,0.0173209533346164,000568
1998-05-12,19.8,19.9,19.64,19.77,1093900.0,21595302.0,123134100.0,0.0088838104148241,000568
1998-05-13,19.75,20.2,19.6,19.75,1085800.0,21441161.0,123134100.0,0.0088180284746467,000568
1998-05-14,19.76,19.8,19.48,19.56,1109400.0,21704822.0,123134100.0,0.0090096894361513,000568
1998-05-15,19.61,20.37,19.61,19.82,982400.0,19592678.0,123134100.0,0.0079782935839868,000568
1998-05-18,19.82,19.98,19.5,19.58,664300.0,13023734.0,123134100.0,0.0053949312172663,000568
1998-05-19,19.5,19.65,19.33,19.39,841300.0,16321155.0,123134100.0,0.0068323884285506,000568
1998-05-20,19.41,19.5,19.19,19.23,698600.0,13457635.0,123134100.0,0.0056734893096225,000568
1998-05-21,19.23,19.49,18.98,19.48,932500.0,17773197.0,123134100.0,0.0075730443475852,000568
1998-05-22,19.45,19.5,19.1,19.3,884200.0,17000536.0,123134100.0,0.0071807890746754,000568
1998-05-25,19.3,19.3,19.0,19.09,1121200.0,21359665.0,123134100.0,0.0091055199169036,000568
1998-05-26,19.15,19.3,18.78,18.94,1053800.0,19958911.0,123134100.0,0.00855814920481,000568
1998-05-27,18.94,18.96,18.7,18.8,1279100.0,23963732.0,123134100.0,0.0103878616890041,000568
1998-05-28,18.8,18.8,18.56,18.61,1258200.0,23482959.0,123134100.0,0.010218128040892,000568
1998-05-29,18.7,19.3,18.65,19.03,852400.0,16253223.0,123134100.0,0.0069225340502752,000568
1998-06-01,18.98,19.0,18.6,18.82,1001300.0,18747889.0,123134100.0,0.0081317847777341,000568
1998-06-02,18.8,18.8,18.61,18.7,640100.0,11985152.0,123134100.0,0.0051983975194523,000568
1998-06-03,18.85,19.18,18.78,18.91,698400.0,13259221.0,123134100.0,0.0056718650641861,000568
1998-06-04,19.0,19.3,18.91,19.16,779700.0,14895935.0,123134100.0,0.006332120834115,000568
1998-06-05,19.16,19.3,18.95,19.06,728200.0,13911551.0,123134100.0,0.0059138776342215,000568
1998-06-08,19.06,19.06,18.8,18.83,541400.0,10218592.0,123134100.0,0.0043968323965497,000568
1998-06-09,18.75,18.8,18.38,18.52,653900.0,12157503.0,123134100.0,0.0053104704545694,000568
1998-06-10,18.5,18.5,18.0,18.39,607200.0,11120615.0,123134100.0,0.0049312091451515,000568
1998-06-11,18.38,18.38,18.1,18.1,496700.0,9037070.0,123134100.0,0.0040338135414966,000568
1998-06-12,18.3,18.7,18.3,18.44,500300.0,9219215.0,123134100.0,0.0040630499593532,000568
1998-06-15,18.39,18.4,17.98,18.0,813400.0,14684949.0,123134100.0,0.0066058061901617,000568
1998-06-16,17.96,17.96,17.5,17.75,665500.0,11751388.0,123134100.0,0.0054046766898852,000568
1998-06-17,17.51,18.1,17.51,17.68,341200.0,6073638.0,123134100.0,0.0027709627146338,000568
1998-06-18,17.65,18.1,17.65,17.84,353800.0,6333593.0,123134100.0,0.002873290177132,000568
1998-06-19,17.96,18.23,17.84,18.23,526400.0,9473703.0,123134100.0,0.0042750139888138,000568
1998-06-22,18.2,18.21,17.5,17.9,556400.0,9922068.0,123134100.0,0.0045186508042857,000568
1998-06-23,17.89,17.89,17.6,17.64,555800.0,9818037.0,123134100.0,0.0045137780679762,000568
1998-06-24,17.64,17.85,17.52,17.79,572000.0,10056211.0,123134100.0,0.0046453419483311,000568
1998-06-25,17.85,18.48,17.82,17.85,615800.0,11123972.0,123134100.0,0.0050010516989201,000568
1998-06-26,17.88,18.4,17.75,17.82,488600.0,8742273.0,123134100.0,0.0039680316013192,000568
1998-06-29,17.8,18.2,17.15,17.21,697500.0,12105586.0,123134100.0,0.0056645559597219,000568
1998-06-30,17.1,17.85,16.93,16.95,613200.0,10448339.0,123134100.0,0.0049799365082458,000568
1998-07-01,17.2,17.5,16.5,16.51,780500.0,13103737.0,123134100.0,0.0063386178158609,000568
1998-07-02,16.55,17.06,16.5,17.05,556500.0,9306456.0,123134100.0,0.0045194629270039,000568
1998-07-03,17.05,17.6,17.03,17.21,398900.0,6915450.0,123134100.0,0.0032395575230581,000568
1998-07-06,16.8,17.25,16.8,16.88,242000.0,4096918.0,123134100.0,0.00196533697814,000568
1998-07-07,16.9,17.0,16.61,16.94,201700.0,3404085.0,123134100.0,0.0016380515226894,000568
1998-07-08,16.9,17.2,16.75,17.12,293900.0,5004642.0,123134100.0,0.0023868286689065,000568
1998-07-09,17.12,17.25,16.9,16.9,252100.0,4290000.0,123134100.0,0.0020473613726823,000568
1998-07-10,16.99,17.3,16.8,17.3,387800.0,6592700.0,123134100.0,0.0031494119013335,000568
1998-07-13,17.23,17.29,17.0,17.02,309000.0,5280052.0,123134100.0,0.0025094591993606,000568
1998-07-14,17.18,17.18,16.82,16.84,269200.0,4548292.0,123134100.0,0.0021862343575012,000568
1998-07-15,16.84,16.84,16.5,16.67,559300.0,9285877.0,123134100.0,0.0045422023631146,000568
1998-07-16,16.7,16.8,16.42,16.46,435800.0,7201714.0,123134100.0,0.0035392308060886,000568
1998-07-17,16.4,16.6,16.4,16.44,281500.0,4633718.0,123134100.0,0.0022861254518447,000568
1998-07-20,16.4,16.45,15.6,15.72,482700.0,7680067.0,123134100.0,0.003920116360943,000568
1998-07-21,15.74,17.0,15.74,16.47,371900.0,6012465.0,123134100.0,0.0030202843891334,000568
1998-07-22,16.39,16.48,16.0,16.1,270300.0,4386348.0,123134100.0,0.0021951677074019,000568
1998-07-23,16.1,16.25,16.0,16.12,213500.0,3440036.0,123134100.0,0.0017338820034417,000568
1998-07-24,16.1,16.7,16.09,16.5,374600.0,6150818.0,123134100.0,0.0030422117025259,000568
1998-07-27,16.6,16.69,16.3,16.33,249100.0,4092600.0,123134100.0,0.0020229976911351,000568
1998-07-28,16.35,16.45,16.01,16.1,229000.0,3706216.0,123134100.0,0.0018597610247689,000568
1998-07-29,16.1,16.22,16.0,16.1,217200.0,3499130.0,123134100.0,0.0017639305440166,000568
1998-07-30,16.1,17.7,15.0,17.39,2211900.0,37252219.0,123134100.0,0.017963342404744,000568
1998-07-31,17.2,17.8,16.9,17.14,1377900.0,23979240.0,123134100.0,0.0111902389346249,000568
1998-08-03,17.1,17.13,16.55,16.6,533200.0,8915089.0,123134100.0,0.0043302383336541,000568
1998-08-04,16.48,16.88,16.3,16.76,284600.0,4729635.0,123134100.0,0.0023113012561102,000568
1998-08-05,16.85,16.92,16.52,16.78,253500.0,4246024.0,123134100.0,0.0020587310907376,000568
1998-08-06,16.75,16.9,16.4,16.46,241800.0,4030534.0,123134100.0,0.0019637127327036,000568
1998-08-07,16.4,16.5,16.1,16.2,352400.0,5741490.0,123134100.0,0.0028619204590767,000568
1998-08-10,16.1,16.1,15.6,15.84,370200.0,5856460.0,123134100.0,0.0030064783029233,000568
1998-08-11,15.84,16.18,15.8,15.84,200000.0,3175830.0,123134100.0,0.0016242454364794,000568
1998-08-12,15.8,15.8,14.98,15.47,428900.0,6590611.0,123134100.0,0.0034831943385301,000568
1998-08-13,15.5,15.7,15.2,15.51,306800.0,4746983.0,123134100.0,0.0024915924995594,000568
1998-08-14,13.96,13.96,13.96,13.96,451200.0,6298752.0,123134100.0,0.0036642977046975,000568
1998-08-17,12.56,12.56,12.56,12.56,763900.0,9594584.0,123134100.0,0.0062038054446331,000568
1998-08-18,11.3,12.3,11.3,11.7,5079500.0,59696994.0,123134100.0,0.0412517734729859,000568
1998-08-19,11.5,12.28,11.5,12.1,2631600.0,31813074.0,123134100.0,0.0213718214531961,000568
1998-08-20,12.15,12.7,11.81,12.64,3144700.0,38350717.0,123134100.0,0.025538823120484,000568
1998-08-21,12.6,12.6,12.32,12.48,1796300.0,22370180.0,123134100.0,0.0145881603877398,000568
1998-08-24,12.4,12.48,12.08,12.22,1757300.0,21562169.0,123134100.0,0.0142714325276263,000568
1998-08-25,12.26,12.8,12.2,12.51,1424800.0,17891643.0,123134100.0,0.0115711244894793,000568
1998-08-26,12.6,12.8,12.25,12.28,841500.0,10485771.0,123134100.0,0.0068340126739871,000568
1998-08-27,12.2,12.2,11.9,12.0,872400.0,10481025.0,123134100.0,0.0070849585939232,000568
1998-08-28,12.0,12.1,11.85,11.95,524100.0,6259399.0,123134100.0,0.0042563351662943,000568
1998-08-31,11.75,11.89,10.76,11.85,796500.0,9018567.0,123134100.0,0.0064685574507792,000568
1998-09-01,11.85,11.9,11.1,11.39,749600.0,8592700.0,123134100.0,0.0060876718959248,000568
1998-09-02,11.21,11.45,11.2,11.28,446700.0,5053221.0,123134100.0,0.0036277521823767,000568
1998-09-03,11.3,11.51,11.3,11.42,396200.0,4522851.0,123134100.0,0.0032176302096657,000568
1998-09-04,11.47,11.83,11.4,11.64,483800.0,5649987.0,123134100.0,0.0039290497108437,000568
1998-09-07,11.66,11.78,11.6,11.74,506300.0,5921505.0,123134100.0,0.0041117773224476,000568
1998-09-08,11.8,12.18,11.8,11.94,829700.0,9952084.0,123134100.0,0.0067381821932348,000568
1998-09-09,11.95,11.96,11.72,11.95,603700.0,7150262.0,123134100.0,0.0049027848500131,000568
1998-09-10,12.2,12.8,12.03,12.59,1748200.0,21673854.0,123134100.0,0.0141975293602665,000568
1998-09-11,12.62,12.74,12.4,12.41,1303600.0,16392695.0,123134100.0,0.0105868317549728,000568
1998-09-14,12.41,12.57,12.2,12.4,1145000.0,14135280.0,123134100.0,0.0092988051238446,000568
1998-09-15,12.5,12.55,12.3,12.36,1049300.0,12988793.0,123134100.0,0.0085216036824892,000568
1998-09-16,12.36,12.45,12.08,12.25,823700.0,10047610.0,123134100.0,0.0066894548301404,000568
1998-09-17,12.3,12.5,12.0,12.13,1162500.0,14234654.0,123134100.0,0.0094409265995366,000568
1998-09-18,12.11,12.11,11.8,11.81,759800.0,9050692.0,123134100.0,0.0061705084131852,000568
1998-09-21,11.65,11.85,11.55,11.82,462800.0,5401627.0,123134100.0,0.0037585039400133,000568
1998-09-22,11.82,12.19,11.81,12.05,533000.0,6408467.0,123134100.0,0.0043286140882176,000568
1998-09-23,12.1,12.2,11.92,11.96,336000.0,4054019.0,123134100.0,0.0027287323332854,000568
1998-09-24,11.94,11.94,11.6,11.62,529700.0,6208759.0,123134100.0,0.0043018140385157,000568
1998-09-25,11.62,11.8,11.55,11.7,407200.0,4736703.0,123134100.0,0.003306963708672,000568
1998-09-28,11.7,11.8,11.61,11.73,415800.0,4863667.0,123134100.0,0.0033768062624407,000568
1998-09-29,11.7,11.94,11.66,11.75,301900.0,3561809.0,123134100.0,0.0024517984863656,000568
1998-09-30,11.75,11.95,11.7,11.9,264000.0,3133152.0,123134100.0,0.0021440039761528,000568
1998-10-05,11.99,12.39,11.95,12.22,650200.0,7943618.0,123134100.0,0.0052804219139945,000568
1998-10-06,12.28,12.48,11.99,11.99,549700.0,6709588.0,123134100.0,0.0044642385821636,000568
1998-10-07,11.95,12.2,11.8,11.9,266500.0,3185897.0,123134100.0,0.0021643070441088,000568
1998-10-08,12.0,12.21,11.9,12.04,352500.0,4258160.0,123134100.0,0.0028627325817949,000568
1998-10-09,12.12,12.18,11.9,11.92,240400.0,2880587.0,123134100.0,0.0019523430146482,000568
1998-10-12,11.92,12.02,11.66,11.79,325100.0,3830205.0,123134100.0,0.0026402109569972,000568
1998-10-13,11.8,11.98,11.7,11.9,330300.0,3905423.0,123134100.0,0.0026824413383457,000568
1998-10-14,11.89,11.98,11.68,11.7,406500.0,4775117.0,123134100.0,0.0033012788496444,000568
1998-10-15,11.7,11.8,11.67,11.72,346300.0,4052436.0,123134100.0,0.0028123809732641,000568
1998-10-16,11.8,12.2,11.8,11.99,762800.0,9183689.0,123134100.0,0.0061948720947324,000568
1998-10-19,12.01,12.48,11.95,12.38,1312300.0,16107791.0,123134100.0,0.0106574864314596,000568
1998-10-20,12.46,12.48,12.0,12.05,446200.0,5452092.0,123134100.0,0.0036236915687855,000568
1998-10-21,11.91,12.0,11.7,11.73,537500.0,6367313.0,123134100.0,0.0043651596105384,000568
1998-10-22,11.7,11.93,11.52,11.79,442900.0,5198033.0,123134100.0,0.0035968915190836,000568
1998-10-23,11.8,12.15,11.7,11.82,303400.0,3613277.0,123134100.0,0.0024639803271392,000568
1998-10-26,11.8,11.9,11.6,11.85,422800.0,4936988.0,123134100.0,0.0034336548527174,000568
1998-10-27,11.8,11.96,11.6,11.85,325800.0,3822027.0,123134100.0,0.0026458958160249,000568
1998-10-28,11.85,12.19,11.85,12.05,487700.0,5863445.0,123134100.0,0.003960722496855,000568
1998-10-29,12.05,12.3,11.9,12.27,698300.0,8436669.0,123134100.0,0.0056710529414678,000568
1998-10-30,12.16,13.09,12.16,12.68,3770200.0,48294226.0,123134100.0,0.0306186507230734,000568
1998-11-02,12.75,12.98,12.4,12.89,1440600.0,18369162.0,123134100.0,0.0116994398789612,000568
1998-11-03,12.88,13.15,12.7,12.89,1490300.0,19330325.0,123134100.0,0.0121030648699263,000568
1998-11-04,12.96,13.0,12.7,12.72,738500.0,9469974.0,123134100.0,0.0059975262742002,000568
1998-11-05,12.66,12.8,12.5,12.79,827000.0,10451913.0,123134100.0,0.0067162548798423,000568
1998-11-06,12.98,13.0,12.62,12.72,971700.0,12454818.0,123134100.0,0.0078913964531352,000568
1998-11-09,12.68,13.45,12.68,13.33,2069600.0,27259546.0,123134100.0,0.0168076917766889,000568
1998-11-10,13.4,13.49,13.16,13.3,1253000.0,16677430.0,123134100.0,0.0101758976595435,000568
1998-11-11,13.3,13.65,13.3,13.56,1112500.0,15061363.0,123134100.0,0.0090348652404167,000568
1998-11-12,13.57,13.65,13.2,13.25,1068600.0,14403815.0,123134100.0,0.0086783433671095,000568
1998-11-13,13.3,13.3,13.0,13.07,910800.0,11931798.0,123134100.0,0.0073968137177272,000568
1998-11-16,13.1,13.39,13.05,13.26,731000.0,9675738.0,123134100.0,0.0059366170703322,000568
1998-11-17,13.35,13.48,13.1,13.12,788800.0,10452055.0,123134100.0,0.0064060240014748,000568
1998-11-18,13.1,13.2,12.9,12.94,647400.0,8448287.0,123134100.0,0.0052576824778838,000568
1998-11-19,12.91,12.91,12.75,12.79,572900.0,7344961.0,123134100.0,0.0046526510527952,000568
1998-11-20,12.79,13.15,12.79,12.98,543600.0,7053352.0,123134100.0,0.004414699096351,000568
1998-11-23,13.0,13.3,12.84,13.18,507200.0,6622896.0,123134100.0,0.0041190864269117,000568
1998-11-24,13.2,13.4,13.0,13.08,377500.0,5009827.0,123134100.0,0.0030657632613548,000568
1998-11-25,13.1,13.2,12.82,12.83,347200.0,4495422.0,123134100.0,0.0028196900777282,000568
1998-11-26,12.75,12.88,12.67,12.69,395200.0,5035066.0,123134100.0,0.0032095089824833,000568
1998-11-27,12.69,12.78,12.47,12.5,424200.0,5350087.0,123134100.0,0.0034450245707728,000568
1998-11-30,12.5,12.55,12.2,12.42,324500.0,4001710.0,123134100.0,0.0026353382206878,000568
1998-12-01,12.41,12.55,12.18,12.2,240100.0,2958010.0,123134100.0,0.0019499066464935,000568
1998-12-02,12.2,12.3,12.08,12.25,253300.0,3092250.0,123134100.0,0.0020571068453011,000568
1998-12-03,12.28,12.5,12.28,12.3,214700.0,2648847.0,123134100.0,0.0017436274760606,000568
1998-12-04,12.3,12.47,12.18,12.2,192700.0,2365273.0,123134100.0,0.0015649604780479,000568
1998-12-07,12.31,12.4,12.18,12.18,193700.0,2373452.0,123134100.0,0.0015730817052303,000568
1998-12-08,12.2,12.26,12.14,12.18,205600.0,2507565.0,123134100.0,0.0016697243087008,000568
1998-12-09,12.2,12.23,12.08,12.12,205300.0,2495019.0,123134100.0,0.0016672879405461,000568
1998-12-10,12.12,12.2,12.06,12.09,172500.0,2089877.0,123134100.0,0.0014009116889634,000568
1998-12-11,12.01,12.15,11.8,12.1,174800.0,2093424.0,123134100.0,0.001419590511483,000568
1998-12-14,12.1,12.1,11.88,11.9,138500.0,1651955.0,123134100.0,0.0011247899647619,000568
1998-12-15,11.85,11.85,11.0,11.73,286100.0,3321606.0,123134100.0,0.0023234830968838,000568
1998-12-16,11.87,11.87,11.65,11.66,128200.0,1502719.0,123134100.0,0.0010411413247833,000568
1998-12-17,11.6,11.65,11.48,11.5,197800.0,2280013.0,123134100.0,0.0016063787366781,000568
1998-12-18,11.4,11.7,11.31,11.39,212300.0,2423187.0,123134100.0,0.0017241365308228,000568
1998-12-21,11.38,11.55,11.2,11.4,124700.0,1422489.0,123134100.0,0.0010127170296449,000568
1998-12-22,11.4,11.99,11.3,11.97,268500.0,3064586.0,123134100.0,0.0021805494984736,000568
1998-12-23,11.97,11.97,11.6,11.64,196500.0,2303216.0,123134100.0,0.001595821141341,000568
1998-12-24,11.6,11.65,11.5,11.6,121600.0,1406870.0,123134100.0,0.0009875412253794,000568
1998-12-25,11.62,11.86,11.62,11.7,140700.0,1645217.0,123134100.0,0.0011426566645632,000568
1998-12-28,11.72,11.77,11.55,11.58,114400.0,1337408.0,123134100.0,0.0009290683896662,000568
1998-12-29,11.5,11.5,11.36,11.39,208500.0,2379580.0,123134100.0,0.0016932758675297,000568
1998-12-30,11.23,11.5,11.18,11.41,283400.0,3208110.0,123134100.0,0.0023015557834913,000568
1998-12-31,11.4,11.48,11.39,11.42,140000.0,1600582.0,123134100.0,0.0011369718055355,000568
1999-01-04,11.48,11.48,11.19,11.2,125900.0,1419960.0,123134100.0,0.0010224625022637,000568
1999-01-05,11.17,11.17,10.9,11.03,243200.0,2673878.0,123134100.0,0.0019750824507589,000568
1999-01-06,11.03,11.16,10.95,11.1,144500.0,1602580.0,123134100.0,0.0011735173278563,000568
1999-01-07,11.15,11.34,10.87,11.1,144600.0,1603039.0,123134100.0,0.0011743294505746,000568
1999-01-08,11.1,11.37,11.1,11.35,212800.0,2401472.0,123134100.0,0.001728197144414,000568
1999-01-11,11.35,11.5,11.22,11.41,163700.0,1848630.0,123134100.0,0.0013294448897584,000568
1999-01-12,11.31,11.41,11.2,11.2,155800.0,1759843.0,123134100.0,0.0012652871950174,000568
1999-01-13,11.15,11.15,10.96,11.03,321500.0,3551447.0,123134100.0,0.0026109745391406,000568
1999-01-14,11.03,11.2,11.01,11.1,144000.0,1594129.0,123134100.0,0.0011694567142651,000568
1999-01-15,11.08,11.16,11.0,11.08,193800.0,2146911.0,123134100.0,0.0015738938279485,000568
1999-01-18,11.01,11.45,10.93,11.37,245900.0,2757000.0,123134100.0,0.0019970097641514,000568
1999-01-19,11.48,11.6,11.1,11.58,394800.0,4525506.0,123134100.0,0.0032062604916103,000568
1999-01-20,11.5,11.59,11.36,11.39,193500.0,2220940.0,123134100.0,0.0015714574597938,000568
1999-01-21,11.15,11.44,11.15,11.26,122300.0,1382889.0,123134100.0,0.0009932260844071,000568
1999-01-22,11.26,11.4,11.26,11.31,187500.0,2124770.0,123134100.0,0.0015227300966994,000568
1999-01-25,11.33,11.33,11.0,11.14,300000.0,3342284.0,123134100.0,0.0024363681547191,000568
1999-01-26,11.13,11.35,11.0,11.3,527400.0,5875923.0,123134100.0,0.0042831352159962,000568
1999-01-27,11.3,11.3,11.1,11.18,167100.0,1865192.0,123134100.0,0.0013570570621785,000568
1999-01-28,11.2,11.2,11.06,11.09,158600.0,1759962.0,123134100.0,0.0012880266311281,000568
1999-01-29,11.08,11.08,11.0,11.06,224500.0,2474857.0,123134100.0,0.0018232155024481,000568
1999-02-01,10.9,11.0,10.5,10.61,521100.0,5570078.0,123134100.0,0.0042319714847471,000568
1999-02-02,10.4,10.6,10.4,10.47,357500.0,3745523.0,123134100.0,0.0029033387177069,000568
1999-02-03,10.48,10.63,10.47,10.54,207000.0,2184452.0,123134100.0,0.0016810940267561,000568
1999-02-04,10.5,10.5,10.28,10.28,304100.0,3151261.0,123134100.0,0.0024696651861669,000568
1999-02-05,10.2,10.2,9.9,9.95,431700.0,4321355.0,123134100.0,0.0035059337746408,000568
1999-02-08,9.3,9.8,9.25,9.28,774400.0,7274668.0,123134100.0,0.0062890783300482,000568
1999-02-09,9.25,9.58,9.2,9.53,363300.0,3445184.0,123134100.0,0.0029504418353648,000568
1999-03-01,9.53,9.98,9.4,9.72,157400.0,1537968.0,123134100.0,0.0012782811585093,000568
1999-03-02,9.72,9.88,9.58,9.72,184500.0,1789419.0,123134100.0,0.0014983664151522,000568
1999-03-03,9.72,9.95,9.68,9.95,296600.0,2899613.0,123134100.0,0.0024087559822989,000568
1999-03-04,10.0,10.0,9.81,9.9,216400.0,2145335.0,123134100.0,0.0017574335622707,000568
1999-03-05,9.9,10.1,9.85,9.93,249900.0,2493071.0,123134100.0,0.002029494672881,000568
1999-03-08,10.0,10.16,9.9,10.1,226600.0,2281081.0,123134100.0,0.0018402700795311,000568
1999-03-09,10.1,10.2,9.96,9.97,224700.0,2260558.0,123134100.0,0.0018248397478846,000568
1999-03-10,9.95,9.95,9.65,9.7,255400.0,2505690.0,123134100.0,0.0020741614223842,000568
1999-03-11,9.7,9.9,9.61,9.9,499600.0,4886237.0,123134100.0,0.0040573651003255,000568
1999-03-12,9.95,9.97,9.82,9.94,392000.0,3865427.0,123134100.0,0.0031835210554996,000568
1999-03-15,9.93,10.55,9.72,10.34,861900.0,8841294.0,123134100.0,0.006999685708508,000568
1999-03-16,10.34,10.36,10.1,10.13,283500.0,2883834.0,123134100.0,0.0023023679062095,000568
1999-03-17,10.14,10.29,10.0,10.07,343100.0,3479191.0,123134100.0,0.0027863930462804,000568
1999-03-18,9.9,10.09,9.85,9.9,209800.0,2082907.0,123134100.0,0.0017038334628669,000568
1999-03-19,9.9,10.04,9.87,10.01,274500.0,2736186.0,123134100.0,0.0022292768615679,000568
1999-03-22,10.0,10.01,9.83,9.89,320800.0,3178140.0,123134100.0,0.0026052896801129,000568
1999-03-23,9.85,9.98,9.85,9.9,186300.0,1843327.0,123134100.0,0.0015129846240805,000568
1999-03-24,9.93,10.12,9.86,10.0,319000.0,3184344.0,123134100.0,0.0025906714711846,000568
1999-03-25,9.99,9.99,9.8,9.81,271700.0,2673606.0,123134100.0,0.0022065374254572,000568
1999-03-26,9.8,9.98,9.6,9.7,301300.0,2937876.0,123134100.0,0.0024469257500562,000568
1999-03-29,9.7,9.7,9.5,9.6,453500.0,4326179.0,123134100.0,0.003682976527217,000568
1999-03-30,9.58,9.8,9.52,9.58,219800.0,2111355.0,123134100.0,0.0017850457346908,000568
1999-03-31,9.58,9.65,9.5,9.51,218800.0,2084316.0,123134100.0,0.0017769245075084,000568
1999-04-01,9.51,9.51,9.31,9.37,445100.0,4179050.0,123134100.0,0.0036147582188849,000568
1999-04-02,9.38,9.55,9.3,9.45,395900.0,3729763.0,123134100.0,0.003215193841511,000568
1999-04-05,9.55,9.84,9.45,9.78,605000.0,5885459.0,123134100.0,0.0049133424453502,000568
1999-04-06,9.98,9.98,9.66,9.73,345900.0,3363290.0,123134100.0,0.0028091324823911,000568
1999-04-07,9.65,9.66,9.55,9.56,404000.0,3881361.0,123134100.0,0.0032809757816884,000568
1999-04-08,9.56,9.66,9.4,9.46,415300.0,3954776.0,123134100.0,0.0033727456488495,000568
1999-04-09,9.45,9.66,9.4,9.53,381400.0,3631906.0,123134100.0,0.0030974360473662,000568
1999-04-12,9.4,9.5,9.22,9.38,585400.0,5483352.0,123134100.0,0.0047541663925752,000568
1999-04-13,9.4,9.45,9.28,9.29,459400.0,4290095.0,123134100.0,0.0037308917675932,000568
1999-04-14,9.28,9.28,9.2,9.22,564300.0,5209587.0,123134100.0,0.0045828084990266,000568
1999-04-15,9.2,9.2,8.88,8.89,793400.0,7148767.0,123134100.0,0.0064433816465138,000568
1999-04-16,8.8,9.0,8.8,8.91,505500.0,4504056.0,123134100.0,0.0041052803407017,000568
1999-04-19,8.9,9.2,8.85,9.0,534800.0,4837490.0,123134100.0,0.0043432322971459,000568
1999-04-20,9.0,9.05,8.9,8.9,300100.0,2688021.0,123134100.0,0.0024371802774373,000568
1999-04-21,8.9,8.9,8.78,8.78,397100.0,3503045.0,123134100.0,0.0032249393141298,000568
1999-04-22,8.7,8.78,8.3,8.47,403600.0,3407295.0,123134100.0,0.0032777272908154,000568
1999-04-23,8.51,8.8,8.47,8.79,686800.0,5871999.0,123134100.0,0.0055776588288703,000568
1999-04-26,8.7,8.7,8.43,8.43,426100.0,3627435.0,123134100.0,0.0034604549024193,000568
1999-04-27,8.41,8.41,8.19,8.21,378300.0,3116434.0,123134100.0,0.0030722602431008,000568
1999-04-28,8.21,8.48,8.18,8.21,230600.0,1911409.0,123134100.0,0.0018727549882607,000568
1999-04-29,8.26,8.44,8.18,8.4,281400.0,2338617.0,123134100.0,0.0022853133291265,000568
1999-04-30,8.4,8.65,8.31,8.51,250700.0,2120908.0,123134100.0,0.0020359916546269,000568
1999-05-04,8.4,8.5,8.3,8.4,223400.0,1867175.0,123134100.0,0.0018142821525475,000568
1999-05-05,8.33,8.47,8.3,8.44,196200.0,1641712.0,123134100.0,0.0015933847731863,000568
1999-05-06,8.5,8.65,8.4,8.64,329200.0,2805132.0,123134100.0,0.0026735079884451,000568
1999-05-07,8.6,8.62,8.39,8.45,167700.0,1423548.0,123134100.0,0.0013619297984879,000568
1999-05-10,8.25,8.25,7.9,8.03,509400.0,4115055.0,123134100.0,0.004136953126713,000568
1999-05-11,8.1,8.38,8.1,8.26,371100.0,3065065.0,123134100.0,0.0030137874073875,000568
1999-05-12,8.27,9.03,8.27,8.83,1212500.0,10626695.0,123134100.0,0.0098469879586564,000568
1999-05-13,8.75,8.79,8.5,8.69,423900.0,3659572.0,123134100.0,0.0034425882026181,000568
1999-05-14,8.61,8.61,8.3,8.32,308500.0,2597157.0,123134100.0,0.0025053985857694,000568
1999-05-17,8.25,8.5,8.02,8.39,205400.0,1707994.0,123134100.0,0.0016681000632643,000568
1999-05-18,8.4,8.5,8.35,8.35,129200.0,1090170.0,123134100.0,0.0010492625519657,000568
1999-05-19,8.35,8.85,8.24,8.73,626400.0,5406730.0,123134100.0,0.0050871367070535,000568
1999-05-20,8.88,9.49,8.66,9.37,2511200.0,23079520.0,123134100.0,0.0203940257004355,000568
1999-05-21,9.4,9.75,9.25,9.39,1954900.0,18525900.0,123134100.0,0.015876187018868,000568
1999-05-24,9.4,9.85,9.2,9.61,1742200.0,16669528.0,123134100.0,0.0141488019971721,000568
1999-05-25,9.68,9.78,9.15,9.22,1495500.0,14231651.0,123134100.0,0.0121452952512748,000568
1999-05-26,9.1,10.08,9.08,9.82,3083800.0,29855209.0,123134100.0,0.0250442403850761,000568
1999-05-27,9.99,10.8,9.99,10.8,4626000.0,48964832.0,123134100.0,0.0375687969457688,000568
1999-05-28,11.2,11.32,10.5,10.61,3159500.0,34041815.0,123134100.0,0.0256590172827835,000568
1999-05-31,10.6,10.98,9.99,10.29,2187800.0,23052156.0,123134100.0,0.0177676208296483,000568
1999-06-01,10.29,10.48,10.08,10.35,1333000.0,13663369.0,123134100.0,0.0108255958341353,000568
1999-06-03,10.02,10.02,9.51,9.74,898600.0,8802913.0,123134100.0,0.007297734746102,000568
1999-06-04,9.6,9.82,9.6,9.69,839900.0,8136843.0,123134100.0,0.0068210187104953,000568
1999-06-07,9.75,10.3,9.38,10.19,1429600.0,13888576.0,123134100.0,0.0116101063799548,000568
1999-06-08,10.45,10.45,9.93,9.99,1163800.0,11710271.0,123134100.0,0.0094514841948737,000568
1999-06-09,9.9,10.1,9.71,10.09,798100.0,7897907.0,123134100.0,0.0064815514142711,000568
1999-06-10,10.22,10.4,10.02,10.18,1836500.0,18775617.0,123134100.0,0.0149146337204722,000568
1999-06-11,10.17,10.3,10.1,10.27,1264800.0,12922374.0,123134100.0,0.0102717281402958,000568
1999-06-14,10.36,10.78,10.36,10.66,1475700.0,15618509.0,123134100.0,0.0119844949530633,000568
1999-06-15,10.75,11.21,9.8,10.06,2760800.0,29836616.0,123134100.0,0.0224210840051618,000568
1999-06-16,10.1,10.9,10.08,10.8,2039300.0,21260601.0,123134100.0,0.0165616185930623,000568
1999-06-17,11.0,11.5,10.9,11.44,5183600.0,58328518.0,123134100.0,0.0420971932226734,000568
1999-06-18,11.5,11.7,11.21,11.33,2647100.0,30104982.0,123134100.0,0.0214977004745233,000568
1999-06-21,11.35,12.46,11.15,12.46,4815800.0,57888538.0,123134100.0,0.0391102058649878,000568
1999-06-22,12.5,13.71,12.1,13.66,7760100.0,101881480.0,123134100.0,0.0630215350581195,000568
1999-06-23,13.8,13.8,13.3,13.64,4256300.0,57673078.0,123134100.0,0.0345663792564366,000568
1999-06-24,13.68,14.2,13.5,13.9,3656200.0,50963147.0,123134100.0,0.0296928308242801,000568
1999-06-25,14.0,14.75,13.0,13.2,5356500.0,75792013.0,123134100.0,0.0435013534025099,000568
1999-06-28,13.7,14.52,13.69,14.52,6287200.0,88663578.0,123134100.0,0.0510597795411669,000568
1999-06-29,15.0,15.2,14.46,14.83,4299200.0,63735509.0,123134100.0,0.0349147799025615,000568
1999-06-30,14.83,14.9,13.7,13.92,3001300.0,42473416.0,123134100.0,0.0243742391425283,000568
1999-07-01,13.6,13.6,12.53,12.53,2396800.0,30778502.0,123134100.0,0.0194649573107693,000568
1999-07-02,12.28,13.3,11.95,13.14,2747600.0,34829395.0,123134100.0,0.0223138838063542,000568
1999-07-05,13.2,13.38,12.31,12.54,1599600.0,20535843.0,123134100.0,0.0129907150009623,000568
1999-07-06,12.2,12.42,11.9,11.94,1340900.0,16226788.0,123134100.0,0.0108897535288762,000568
1999-07-07,11.9,12.25,11.87,12.19,1151200.0,13890851.0,123134100.0,0.0093491567323755,000568
1999-07-08,12.5,12.67,12.1,12.37,779900.0,9707751.0,123134100.0,0.0063337450795514,000568
1999-07-09,12.4,12.5,12.15,12.29,669000.0,8207862.0,123134100.0,0.0054331009850236,000568
1999-07-12,12.27,12.29,11.87,12.0,919000.0,11039520.0,123134100.0,0.0074634077806229,000568
1999-07-13,12.0,12.0,11.4,11.46,926300.0,10711872.0,123134100.0,0.0075226927390544,000568
1999-07-14,11.5,11.9,11.45,11.75,715300.0,8299594.0,123134100.0,0.0058091138035686,000568
1999-07-15,11.8,12.19,11.7,11.8,848800.0,10165250.0,123134100.0,0.0068932976324186,000568
1999-07-16,11.75,11.75,11.5,11.54,514400.0,5954903.0,123134100.0,0.004177559262625,000568
1999-07-19,11.4,11.4,10.55,10.68,954946.0,10420064.0,123134100.0,0.0077553334129213,000568
1999-07-20,10.59,11.75,10.5,11.75,1285900.0,14218893.0,123134100.0,0.0104430860338444,000568
1999-07-21,12.0,12.2,11.65,12.01,1866600.0,22373594.0,123134100.0,0.0151590826586623,000568
1999-07-22,12.04,12.04,11.3,11.33,1026800.0,11880706.0,123134100.0,0.0083388760708853,000568
1999-07-23,11.51,11.7,11.4,11.45,545000.0,6301488.0,123134100.0,0.0044260688144064,000568
1999-07-26,11.75,11.75,11.1,11.3,884200.0,10042678.0,123134100.0,0.0071807890746754,000568
1999-07-27,11.3,11.5,11.25,11.38,432500.0,4919876.0,123134100.0,0.0035124307563867,000568
1999-07-28,11.5,11.65,11.35,11.49,431800.0,4966816.0,123134100.0,0.003506745897359,000568
1999-07-29,11.55,11.68,11.3,11.38,450300.0,5118321.0,123134100.0,0.0036569886002334,000568
1999-07-30,11.5,11.6,11.3,11.38,455400.0,5168138.0,123134100.0,0.0036984068588636,000568
1999-08-02,11.4,11.6,11.38,11.53,424500.0,4892811.0,123134100.0,0.0034474609389275,000568
1999-08-03,11.55,12.18,11.55,11.9,1156700.0,13757701.0,123134100.0,0.0093938234818787,000568
1999-08-04,11.99,12.1,11.8,11.88,921400.0,10989000.0,123134100.0,0.0074828987258606,000568
1999-08-05,11.89,12.1,11.7,11.77,802900.0,9516082.0,123134100.0,0.0065205333047466,000568
1999-08-06,11.7,12.0,11.34,11.76,823600.0,9539312.0,123134100.0,0.0066886427074222,000568
1999-08-09,11.65,11.8,11.4,11.52,545900.0,6270594.0,123134100.0,0.0044333779188705,000568
1999-08-10,11.7,11.7,11.25,11.32,740300.0,8399194.0,123134100.0,0.0060121444831285,000568
1999-08-11,11.47,11.47,11.15,11.2,490700.0,5528877.0,123134100.0,0.0039850861784022,000568
1999-08-12,11.25,11.33,11.08,11.1,340300.0,3812110.0,123134100.0,0.0027636536101697,000568
1999-08-13,11.2,11.2,10.8,10.87,570500.0,6250988.0,123134100.0,0.0046331601075575,000568
1999-08-16,10.87,11.0,10.6,10.8,496800.0,5298546.0,123134100.0,0.0040346256642148,000568
1999-08-17,10.95,11.29,10.85,10.9,420700.0,4665238.0,123134100.0,0.0034166002756344,000568
1999-08-18,10.95,11.0,10.5,10.8,491400.0,5244124.0,123134100.0,0.0039907710374299,000568
1999-08-19,10.8,11.29,10.8,11.19,581100.0,6424021.0,123134100.0,0.0047192451156909,000568
1999-08-20,11.23,11.3,10.9,11.01,643000.0,7102283.0,123134100.0,0.0052219490782813,000568
1999-08-23,10.95,11.34,10.95,11.16,540900.0,6006942.0,123134100.0,0.0043927717829585,000568
1999-08-24,11.18,11.24,11.0,11.05,554600.0,6161598.0,123134100.0,0.0045040325953574,000568
1999-08-25,11.06,11.08,10.86,10.87,527600.0,5759274.0,123134100.0,0.0042847594614326,000568
1999-08-26,10.85,11.08,10.78,11.06,385200.0,4178033.0,123134100.0,0.0031282967106593,000568
1999-08-27,11.0,11.05,10.85,10.99,302800.0,3305014.0,123134100.0,0.0024591075908298,000568
1999-08-30,11.0,11.0,10.78,10.79,481100.0,5207654.0,123134100.0,0.0039071223974512,000568
1999-08-31,10.7,10.93,10.7,10.86,350500.0,3794311.0,123134100.0,0.0028464901274301,000568
1999-09-01,10.86,11.0,10.78,10.8,278500.0,3015181.0,123134100.0,0.0022617617702975,000568
1999-09-02,10.75,11.1,10.6,11.04,324600.0,3472712.0,123134100.0,0.002636150343406,000568
1999-09-03,11.04,11.09,10.7,10.8,301000.0,3256577.0,123134100.0,0.0024444893819015,000568
1999-09-06,10.75,10.75,10.55,10.56,324600.0,3440042.0,123134100.0,0.002636150343406,000568
1999-09-07,10.56,10.85,10.56,10.66,210600.0,2248150.0,123134100.0,0.0017103304446128,000568
1999-09-08,10.75,10.75,10.63,10.68,189200.0,2019516.0,123134100.0,0.0015365361829095,000568
1999-09-09,10.7,11.3,10.7,11.26,788600.0,8776014.0,123134100.0,0.0064043997560383,000568
1999-09-10,11.35,11.5,11.06,11.1,861400.0,9761702.0,123134100.0,0.0069956250949168,000568
1999-09-13,11.2,11.28,11.01,11.14,456600.0,5071583.0,123134100.0,0.0037081523314825,000568
1999-09-14,11.13,11.47,11.11,11.34,632800.0,7167261.0,123134100.0,0.0051391125610208,000568
1999-09-15,11.34,11.4,11.1,11.15,339500.0,3806451.0,123134100.0,0.0027571566284238,000568
1999-09-16,11.11,11.15,11.02,11.02,298200.0,3303323.0,123134100.0,0.0024217499457908,000568
1999-09-17,11.02,11.28,10.99,11.19,351500.0,3904585.0,123134100.0,0.0028546113546125,000568
1999-09-20,11.2,11.4,11.15,11.36,547500.0,6179007.0,123134100.0,0.0044463718823624,000568
1999-09-21,11.4,11.46,11.18,11.22,227600.0,2562676.0,123134100.0,0.0018483913067135,000568
1999-09-22,11.3,11.3,11.02,11.06,211000.0,2340070.0,123134100.0,0.0017135789354857,000568
1999-09-23,11.08,11.11,10.83,10.85,210500.0,2300779.0,123134100.0,0.0017095183218945,000568
1999-09-24,11.0,11.09,10.9,10.92,121900.0,1333283.0,123134100.0,0.0009899775935342,000568
1999-09-27,10.92,10.95,10.75,10.8,197500.0,2138301.0,123134100.0,0.0016039423685234,000568
1999-09-28,10.71,10.81,10.7,10.75,140100.0,1504987.0,123134100.0,0.0011377839282538,000568
1999-09-29,10.75,10.98,10.7,10.72,187049.0,2014775.0,123134100.0,0.0015190674232401,000568
1999-09-30,10.72,10.78,10.6,10.72,169600.0,1811970.0,123134100.0,0.0013773601301345,000568
1999-10-08,10.7,10.7,10.2,10.4,192800.0,2022605.0,123134100.0,0.0015657726007661,000568
1999-10-11,10.16,10.4,10.16,10.22,159300.0,1631688.0,123134100.0,0.0012937114901558,000568
1999-10-12,10.35,10.35,10.2,10.25,166500.0,1708078.0,123134100.0,0.0013521843258691,000568
1999-10-13,10.5,10.6,10.18,10.2,223200.0,2292120.0,123134100.0,0.001812657907111,000568
1999-10-14,10.2,10.2,9.95,10.05,177300.0,1793735.0,123134100.0,0.001439893579439,000568
1999-10-15,10.18,10.4,10.18,10.26,211000.0,2164853.0,123134100.0,0.0017135789354857,000568
1999-10-18,10.3,10.3,10.06,10.08,158700.0,1612540.0,123134100.0,0.0012888387538464,000568
1999-10-19,10.0,10.0,9.73,9.77,324600.0,3198749.0,123134100.0,0.002636150343406,000568
1999-10-20,9.7,9.99,9.65,9.8,199400.0,1947641.0,123134100.0,0.0016193727001699,000568
1999-10-21,9.85,9.85,9.58,9.62,192700.0,1855544.0,123134100.0,0.0015649604780479,000568
1999-10-22,9.65,9.99,9.65,9.84,251900.0,2470421.0,123134100.0,0.0020457371272458,000568
1999-10-25,9.85,9.86,9.65,9.66,121000.0,1179347.0,123134100.0,0.00098266848907,000568
1999-10-26,9.66,9.8,9.65,9.74,151000.0,1470154.0,123134100.0,0.0012263053045419,000568
1999-10-27,9.88,10.19,9.86,10.15,353000.0,3553800.0,123134100.0,0.0028667931953861,000568
1999-10-28,10.21,10.3,10.0,10.05,288700.0,2920132.0,123134100.0,0.002344598287558,000568
1999-10-29,10.1,10.2,10.0,10.1,221400.0,2232415.0,123134100.0,0.0017980396981827,000568
1999-11-01,10.2,10.79,10.2,10.49,999400.0,10571952.0,123134100.0,0.0081163544460876,000568
1999-11-02,10.5,10.52,10.28,10.3,259600.0,2699697.0,123134100.0,0.0021082705765502,000568
1999-11-03,10.2,10.4,10.12,10.39,218000.0,2231285.0,123134100.0,0.0017704275257625,000568
1999-11-04,10.43,10.5,10.12,10.14,196100.0,2003252.0,123134100.0,0.001592572650468,000568
1999-11-05,10.14,10.24,10.1,10.15,119100.0,1209847.0,123134100.0,0.0009672381574234,000568
1999-11-08,10.1,10.2,10.1,10.14,160600.0,1628336.0,123134100.0,0.0013042690854929,000568
1999-11-09,10.2,10.2,10.01,10.03,204100.0,2061820.0,123134100.0,0.0016575424679272,000568
1999-11-10,10.08,10.08,9.8,9.96,179200.0,1773801.0,123134100.0,0.0014553239110855,000568
1999-11-11,9.9,9.96,9.85,9.96,146300.0,1449654.0,123134100.0,0.0011881355367846,000568
1999-11-12,10.0,10.3,9.98,10.25,183600.0,1846612.0,123134100.0,0.0014910573106881,000568
1999-11-15,10.28,10.3,10.08,10.08,102600.0,1038551.0,123134100.0,0.0008332379089139,000568
1999-11-16,10.35,10.35,10.01,10.02,108100.0,1088570.0,123134100.0,0.0008779046584171,000568
1999-11-17,10.01,10.15,9.85,10.11,138100.0,1386487.0,123134100.0,0.001121541473889,000568
1999-11-18,10.2,10.35,10.12,10.3,267700.0,2752919.0,123134100.0,0.0021740525167276,000568
1999-11-19,10.32,10.32,10.18,10.18,133500.0,1365733.0,123134100.0,0.00108418382885,000568
1999-11-22,10.08,10.18,10.0,10.1,104900.0,1057137.0,123134100.0,0.0008519167314334,000568
1999-11-23,10.1,10.12,10.01,10.08,92300.0,928431.0,123134100.0,0.0007495892689352,000568
1999-11-24,10.3,10.3,10.05,10.18,111000.0,1124627.0,123134100.0,0.000901456217246,000568
1999-11-25,10.1,10.11,10.01,10.03,100200.0,1008156.0,123134100.0,0.0008137469636761,000568
1999-11-26,10.07,10.09,9.98,10.03,80300.0,804801.0,123134100.0,0.0006521345427464,000568
1999-11-29,10.03,10.03,9.78,9.8,207400.0,2044268.0,123134100.0,0.0016843425176291,000568
1999-11-30,9.8,9.95,9.75,9.86,127800.0,1255260.0,123134100.0,0.0010378928339103,000568
1999-12-01,9.9,9.93,9.8,9.85,111500.0,1100936.0,123134100.0,0.0009055168308372,000568
1999-12-02,9.87,9.9,9.78,9.8,120700.0,1183649.0,123134100.0,0.0009802321209153,000568
1999-12-03,9.96,9.97,9.75,9.78,144000.0,1410373.0,123134100.0,0.0011694567142651,000568
1999-12-06,9.8,9.8,9.66,9.69,117700.0,1142911.0,123134100.0,0.0009558684393681,000568
1999-12-07,9.7,9.8,9.65,9.68,90600.0,879408.0,123134100.0,0.0007357831827251,000568
1999-12-08,9.7,9.88,9.69,9.81,126400.0,1235788.0,123134100.0,0.0010265231158549,000568
1999-12-09,9.8,9.81,9.65,9.67,80100.0,777222.0,123134100.0,0.00065051029731,000568
1999-12-10,9.67,9.7,9.59,9.65,140963.0,1357743.0,123134100.0,0.0011447925473122,000568
1999-12-13,9.75,9.75,9.4,9.45,188000.0,1794715.0,123134100.0,0.0015267907102906,000568
1999-12-14,9.5,9.55,9.43,9.46,113600.0,1075845.0,123134100.0,0.0009225714079203,000568
1999-12-15,9.46,9.7,9.4,9.66,203300.0,1959411.0,123134100.0,0.0016510454861813,000568
1999-12-16,9.58,9.65,9.43,9.47,204600.0,1941419.0,123134100.0,0.0016616030815184,000568
1999-12-17,9.5,9.69,9.45,9.66,164100.0,1576861.0,123134100.0,0.0013326933806313,000568
1999-12-21,9.59,9.66,9.44,9.51,100800.0,963143.0,123134100.0,0.0008186196999856,000568
1999-12-22,9.45,9.55,9.45,9.46,95000.0,902921.0,123134100.0,0.0007715165823277,000568
1999-12-23,9.46,9.46,9.2,9.2,148802.0,1381183.0,123134100.0,0.001208454847195,000568
1999-12-24,9.2,9.25,9.07,9.07,100700.0,920000.0,123134100.0,0.0008178075772673,000568
1999-12-27,9.0,9.1,8.85,8.86,171500.0,1529028.0,123134100.0,0.001392790461781,000568
1999-12-28,8.85,9.0,8.84,8.91,171900.0,1530803.0,123134100.0,0.001396038952654,000568
1999-12-29,8.92,9.0,8.9,8.95,117100.0,1045530.0,123134100.0,0.0009509957030586,000568
1999-12-30,9.0,9.1,8.99,9.0,155000.0,1397331.0,123134100.0,0.0012587902132715,000568
2000-01-04,9.12,9.2,8.9,9.2,153500.0,1397049.0,123134100.0,0.0012466083724979,000568
2000-01-05,9.35,9.38,9.0,9.16,342300.0,3161456.0,123134100.0,0.0027798960645345,000568
2000-01-06,9.2,9.6,9.04,9.59,376300.0,3503603.0,123134100.0,0.003056017788736,000568
2000-01-07,9.7,10.2,9.6,10.0,1135600.0,11256645.0,123134100.0,0.0092224655883301,000568
2000-01-10,10.3,10.4,10.0,10.23,1094700.0,11186070.0,123134100.0,0.00889030739657,000568
2000-01-11,10.3,10.35,9.67,9.74,741400.0,7421031.0,123134100.0,0.0060210778330291,000568
2000-01-12,9.76,9.95,9.5,9.51,374100.0,3621829.0,123134100.0,0.0030381510889347,000568
2000-01-13,9.35,9.55,9.35,9.44,250600.0,2367520.0,123134100.0,0.0020351795319087,000568
2000-01-14,9.42,9.66,9.37,9.39,198600.0,1885466.0,123134100.0,0.001612875718424,000568
2000-01-17,9.37,9.37,9.11,9.3,155300.0,1438287.0,123134100.0,0.0012612265814262,000568
2000-01-18,9.35,9.5,9.25,9.34,178900.0,1675427.0,123134100.0,0.0014528875429308,000568
2000-01-19,9.3,9.7,9.3,9.55,213500.0,2028255.0,123134100.0,0.0017338820034417,000568
2000-01-20,9.6,9.6,9.41,9.49,204800.0,1940664.0,123134100.0,0.0016632273269549,000568
2000-01-21,9.58,9.68,9.28,9.33,507400.0,4750372.0,123134100.0,0.0041207106723482,000568
2000-01-24,9.3,9.3,9.0,9.26,551000.0,5005137.0,123134100.0,0.0044747961775007,000568
2000-01-25,9.25,9.3,9.08,9.24,433300.0,3971979.0,123134100.0,0.0035189277381326,000568
2000-01-26,9.3,10.0,9.23,9.56,899400.0,8730542.0,123134100.0,0.0073042317278479,000568
2000-01-27,9.45,9.56,9.2,9.34,622400.0,5819653.0,123134100.0,0.0050546517983239,000568
2000-01-28,9.34,9.4,9.15,9.31,820000.0,7569038.0,123134100.0,0.0066594062895656,000568
2000-02-14,9.4,10.2,9.4,10.17,1222400.0,12085533.0,123134100.0,0.0099273881077621,000568
2000-02-15,10.2,10.4,9.71,9.78,1797600.0,17942720.0,123134100.0,0.0145987179830769,000568
2000-02-16,9.7,9.7,9.3,9.48,1387700.0,13101729.0,123134100.0,0.0112698269610124,000568
2000-02-17,9.48,9.86,9.3,9.39,1988100.0,18919417.0,123134100.0,0.0161458117613236,000568
2000-02-18,9.4,9.69,9.31,9.4,889400.0,8402741.0,123134100.0,0.0072230194560239,000568
2000-02-21,9.42,9.8,9.32,9.71,1578400.0,15123437.0,123134100.0,0.0128185449846955,000568
2000-02-22,9.8,10.0,9.45,9.49,1002000.0,9733289.0,123134100.0,0.0081374696367618,000568
2000-02-23,9.4,9.56,9.31,9.36,697000.0,6549314.0,123134100.0,0.0056604953461307,000568
2000-02-24,9.31,9.47,9.3,9.38,498100.0,4658923.0,123134100.0,0.0040451832595519,000568
2000-02-25,9.38,9.5,9.28,9.32,739500.0,6886860.0,123134100.0,0.0060056475013826,000568
2000-02-28,9.32,9.9,9.25,9.71,1326000.0,12578760.0,123134100.0,0.0107687472438585,000568
2000-02-29,9.72,9.85,9.4,9.5,1041500.0,9916244.0,123134100.0,0.0084582581104665,000568
2000-03-01,9.5,9.88,9.48,9.73,1304800.0,12672000.0,123134100.0,0.0105965772275917,000568
2000-03-02,9.75,9.8,9.54,9.7,924700.0,8916487.0,123134100.0,0.0075096987755625,000568
2000-03-03,9.72,10.18,9.72,9.97,2811700.0,27928007.0,123134100.0,0.0228344544687458,000568
2000-03-06,10.1,10.25,9.7,9.73,2208900.0,22295472.0,123134100.0,0.0179389787231969,000568
2000-03-07,9.65,9.96,9.56,9.91,887900.0,8671159.0,123134100.0,0.0072108376152503,000568
2000-03-08,9.99,10.05,9.75,9.84,777000.0,7667779.0,123134100.0,0.0063101935207225,000568
2000-03-09,9.95,9.99,9.73,9.88,873600.0,8590288.0,123134100.0,0.007094704066542,000568
2000-03-10,9.85,9.92,9.65,9.66,743200.0,7242312.0,123134100.0,0.0060356960419575,000568
2000-03-13,9.66,10.09,9.6,9.97,1153300.0,11443835.0,123134100.0,0.0093662113094585,000568
2000-03-14,9.9,9.92,9.5,9.69,842700.0,8128113.0,123134100.0,0.006843758146606,000568
2000-03-15,9.7,9.85,9.58,9.75,675300.0,6576801.0,123134100.0,0.0054842647162727,000568
2000-03-16,9.75,9.75,9.28,9.31,789700.0,7450760.0,123134100.0,0.0064133331059389,000568
2000-03-17,9.25,9.48,9.2,9.41,571800.0,5348626.0,123134100.0,0.0046437177028946,000568
2000-03-20,9.4,9.69,9.3,9.59,765800.0,7290153.0,123134100.0,0.0062192357762796,000568
2000-03-21,9.6,9.79,9.5,9.7,687200.0,6618200.0,123134100.0,0.0055809073197432,000568
2000-03-22,9.7,9.78,9.56,9.63,584400.0,5638514.0,123134100.0,0.0047460451653928,000568
2000-03-23,9.63,10.1,9.63,10.04,1511000.0,14891497.0,123134100.0,0.0122711742726019,000568
2000-03-24,10.05,10.15,9.8,9.8,1544100.0,15348872.0,123134100.0,0.0125399868923393,000568
2000-03-27,9.8,10.78,9.8,10.78,3786900.0,39038817.0,123134100.0,0.0307542752170194,000568
2000-03-28,10.92,11.08,10.6,10.67,4003900.0,43109297.0,123134100.0,0.0325165815155996,000568
2000-03-29,10.9,11.0,10.6,10.79,2235000.0,24086728.0,123134100.0,0.0181509427526574,000568
2000-03-30,10.85,11.12,10.75,10.94,2247800.0,24632300.0,123134100.0,0.0182548944605921,000568
2000-03-31,10.9,11.0,10.65,10.81,1660600.0,17983318.0,123134100.0,0.0134861098590885,000568
2000-04-03,10.8,10.88,10.65,10.65,1037400.0,11150561.0,123134100.0,0.0084249610790187,000568
2000-04-04,10.62,10.62,10.14,10.19,1369000.0,14081122.0,123134100.0,0.0111179600127016,000568
2000-04-05,10.16,10.38,10.05,10.2,806900.0,8213562.0,123134100.0,0.0065530182134762,000568
2000-04-06,10.19,10.45,10.18,10.4,677100.0,6987182.0,123134100.0,0.005498882925201,000568
2000-04-07,10.41,10.5,10.3,10.43,797800.0,8289288.0,123134100.0,0.0064791150461163,000568
2000-04-10,10.5,10.8,10.45,10.62,978400.0,10413375.0,123134100.0,0.0079458086752573,000568
2000-04-11,10.78,10.78,10.5,10.65,1136000.0,12124975.0,123134100.0,0.009225714079203,000568
2000-04-12,10.65,10.95,10.54,10.7,1032900.0,11091788.0,123134100.0,0.0083884155566979,000568
2000-04-13,10.71,10.8,10.6,10.75,783900.0,8368519.0,123134100.0,0.006366229988281,000568
2000-04-14,10.78,10.79,10.6,10.67,1132800.0,12101354.0,123134100.0,0.0091997261522194,000568
2000-04-17,10.55,10.66,10.2,10.3,1083600.0,11250467.0,123134100.0,0.0088001617748454,000568
2000-04-18,10.3,10.45,10.2,10.39,856600.0,8839000.0,123134100.0,0.0069566432044413,000568
2000-04-19,10.39,10.68,10.3,10.45,768500.0,8035845.0,123134100.0,0.0062411630896721,000568
2000-04-20,10.47,10.55,10.4,10.55,727500.0,7646588.0,123134100.0,0.0059081927751938,000568
2000-04-21,10.51,10.57,10.38,10.4,716100.0,7469647.0,123134100.0,0.0058156107853145,000568
2000-04-24,10.41,10.9,10.3,10.76,1293800.0,13709521.0,123134100.0,0.0105072437285853,000568
2000-04-25,10.8,10.85,10.56,10.76,736300.0,7844211.0,123134100.0,0.0059796595743989,000568
2000-04-26,10.96,10.96,10.63,10.66,1004900.0,10836236.0,123134100.0,0.0081610211955908,000568
2000-04-27,10.65,10.65,10.33,10.34,692000.0,7227190.0,123134100.0,0.0056198892102187,000568
2000-04-28,10.4,10.58,10.35,10.42,399800.0,4169546.0,123134100.0,0.0032468666275223,000568
2000-05-08,10.45,10.55,10.35,10.41,429400.0,4469634.0,123134100.0,0.0034872549521213,000568
2000-05-09,10.45,10.5,10.2,10.22,501000.0,5164378.0,123134100.0,0.0040687348183809,000568
2000-05-10,10.23,10.23,9.87,9.88,640200.0,6381463.0,123134100.0,0.0051992096421706,000568
2000-05-11,9.8,9.9,9.6,9.7,540400.0,5238465.0,123134100.0,0.0043887111693673,000568
2000-05-12,9.7,9.78,9.6,9.62,457100.0,4418374.0,123134100.0,0.0037122129450737,000568
2000-05-16,9.73,9.8,9.63,9.76,238500.0,2318624.0,123134100.0,0.0019369126830017,000568
2000-05-17,9.75,9.75,9.62,9.66,299400.0,2898125.0,123134100.0,0.0024314954184096,000568
2000-05-18,9.66,9.85,9.66,9.79,336400.0,3279980.0,123134100.0,0.0027319808241583,000568
2000-05-19,9.8,9.9,9.73,9.83,441500.0,4328251.0,123134100.0,0.0035855218010283,000568
2000-05-22,9.8,10.04,9.78,10.03,915400.0,9098045.0,123134100.0,0.0074341713627662,000568
2000-05-23,10.05,10.15,9.9,9.94,549200.0,5493301.0,123134100.0,0.0044601779685724,000568
2000-05-24,10.0,10.09,9.95,10.03,803100.0,8036474.0,123134100.0,0.006522157550183,000568
2000-05-25,10.03,10.3,10.03,10.19,845500.0,8577750.0,123134100.0,0.0068664975827167,000568
2000-05-26,10.2,10.3,10.11,10.22,837800.0,8546080.0,123134100.0,0.0068039641334122,000568
2000-05-29,10.2,10.44,10.14,10.35,974800.0,10021352.0,123134100.0,0.0079165722574006,000568
2000-05-30,10.36,10.36,10.01,10.08,894700.0,9125551.0,123134100.0,0.0072660619600906,000568
2000-05-31,10.09,10.29,10.0,10.15,672200.0,6802959.0,123134100.0,0.0054590889120073,000568
2000-06-01,10.1,10.5,10.1,10.49,1436000.0,14833891.0,123134100.0,0.0116620822339222,000568
2000-06-02,10.59,10.66,10.45,10.54,1871900.0,19804891.0,123134100.0,0.015202125162729,000568
2000-06-05,10.65,11.48,10.65,11.09,6595800.0,73556366.0,123134100.0,0.0535659902496546,000568
2000-06-06,11.2,11.7,11.2,11.53,7563400.0,86840503.0,123134100.0,0.061424089671342,000568
2000-06-07,11.6,11.68,11.03,11.15,2854900.0,32063170.0,123134100.0,0.0231852914830254,000568
2000-06-08,11.12,11.12,10.76,10.85,1695800.0,18408732.0,123134100.0,0.0137719770559089,000568
2000-06-09,10.85,11.02,10.64,10.68,1518400.0,16375480.0,123134100.0,0.0123312713537517,000568
2000-06-12,10.6,10.88,10.48,10.85,980000.0,10387683.0,123134100.0,0.0079588026387491,000568
2000-06-13,10.8,10.98,10.68,10.87,735800.0,7945287.0,123134100.0,0.0059755989608077,000568
2000-06-14,10.9,11.15,10.72,10.91,1402000.0,15347359.0,123134100.0,0.0113859605097207,000568
2000-06-15,11.1,11.15,10.9,11.03,1195800.0,13207279.0,123134100.0,0.0097113634647104,000568
2000-06-16,11.1,11.14,10.72,10.75,991800.0,10736791.0,123134100.0,0.0080546331195014,000568
2000-06-19,10.8,11.1,10.8,10.97,1103800.0,12119739.0,123134100.0,0.0089642105639298,000568
2000-06-20,11.0,11.05,10.8,10.9,694700.0,7564956.0,123134100.0,0.0056418165236112,000568
2000-06-21,10.95,10.98,10.78,10.97,768600.0,8365752.0,123134100.0,0.0062419752123903,000568
2000-06-22,11.0,11.19,10.98,11.14,1626800.0,18070499.0,123134100.0,0.0132116123803235,000568
2000-06-23,10.8,10.8,10.6,10.72,946400.0,10146700.0,123134100.0,0.0076859294054205,000568
2000-06-26,10.75,10.81,10.6,10.73,1153900.0,12303365.0,123134100.0,0.0093710840457679,000568
2000-06-27,10.73,10.8,10.6,10.73,734600.0,7853668.0,123134100.0,0.0059658534881888,000568
2000-06-28,10.73,10.8,10.67,10.69,687600.0,7388301.0,123134100.0,0.0055841558106162,000568
2000-06-29,10.67,10.85,10.61,10.81,1255000.0,13472846.0,123134100.0,0.0101921401139083,000568
2000-06-30,10.82,11.18,10.82,10.99,2365200.0,26053171.0,123134100.0,0.0192083265318055,000568
2000-07-03,10.98,11.0,10.6,10.8,1070700.0,11654899.0,123134100.0,0.0086953979441925,000568
2000-07-04,10.8,11.05,10.65,11.02,947300.0,10297330.0,123134100.0,0.0076932385098847,000568
2000-07-05,11.03,11.23,10.95,11.2,1967200.0,21962634.0,123134100.0,0.0159760781132115,000568
2000-07-06,11.22,11.25,11.01,11.08,893000.0,9907154.0,123134100.0,0.0072522558738805,000568
2000-07-07,11.08,11.3,11.08,11.27,1678000.0,18834072.0,123134100.0,0.0136274192120622,000568
2000-07-10,11.4,11.78,11.35,11.64,3311600.0,38222492.0,123134100.0,0.0268942559372261,000568
2000-07-11,11.68,11.75,11.5,11.52,1616400.0,18689050.0,123134100.0,0.0131271516176266,000568
2000-07-12,11.52,11.71,11.4,11.51,1363900.0,15771500.0,123134100.0,0.0110765417540713,000568
2000-07-13,11.51,11.61,11.2,11.25,1539000.0,17450202.0,123134100.0,0.0124985686337091,000568
2000-07-14,11.2,11.4,11.1,11.4,1115500.0,12541163.0,123134100.0,0.0090592289219639,000568
2000-07-17,11.42,11.5,11.02,11.18,970300.0,10980500.0,123134100.0,0.0078800267350798,000568
2000-07-18,11.17,11.29,11.06,11.18,730300.0,8148270.0,123134100.0,0.0059309322113045,000568
2000-07-19,11.19,11.25,11.18,11.21,703000.0,7878821.0,123134100.0,0.0057092227092251,000568
2000-07-20,11.28,11.28,11.1,11.18,573600.0,6399430.0,123134100.0,0.0046583359118229,000568
2000-07-21,11.15,11.36,11.08,11.3,844900.0,9508640.0,123134100.0,0.0068616248464072,000568
2000-07-24,11.49,11.55,11.31,11.52,1473100.0,16869966.0,123134100.0,0.0119633797623891,000568
2000-07-25,11.6,11.62,11.31,11.42,641600.0,7339358.0,123134100.0,0.0052105793602259,000568
2000-07-26,11.47,11.52,11.35,11.41,706000.0,8054471.0,123134100.0,0.0057335863907723,000568
2000-07-27,11.4,11.41,11.25,11.28,914700.0,10361078.0,123134100.0,0.0074284865037386,000568
2000-07-28,11.28,11.56,11.28,11.46,1223600.0,13978080.0,123134100.0,0.009937133580381,000568
2000-07-31,11.5,11.53,11.26,11.44,1244200.0,14256610.0,123134100.0,0.0101044308603384,000568
2000-08-01,11.44,11.69,11.44,11.58,1500800.0,17395567.0,123134100.0,0.0121883377553415,000568
2000-08-02,11.58,11.75,11.51,11.75,1629300.0,18992384.0,123134100.0,0.0132319154482795,000568
2000-08-03,11.82,11.85,11.63,11.66,1195700.0,14016970.0,123134100.0,0.0097105513419921,000568
2000-08-04,11.66,11.7,11.3,11.36,1030100.0,11783270.0,123134100.0,0.0083656761205872,000568
2000-08-07,11.34,11.48,11.3,11.4,793000.0,9028223.0,123134100.0,0.0064401331556408,000568
2000-08-08,11.4,11.4,11.25,11.34,993700.0,11244441.0,123134100.0,0.0080700634511479,000568
2000-08-09,11.39,11.4,11.28,11.32,864700.0,9778958.0,123134100.0,0.0070224251446187,000568
2000-08-10,11.32,11.4,11.12,11.15,1224800.0,13735746.0,123134100.0,0.0099468790529999,000568
2000-08-11,11.18,11.33,11.13,11.22,692600.0,7767960.0,123134100.0,0.0056247619465282,000568
2000-08-14,11.2,11.2,11.04,11.17,836000.0,9316882.0,123134100.0,0.0067893459244839,000568
2000-08-15,11.19,11.33,11.18,11.29,721300.0,8104097.0,123134100.0,0.005857841166663,000568
2000-08-16,11.3,11.4,11.08,11.32,836100.0,9350088.0,123134100.0,0.0067901580472021,000568
2000-08-17,11.3,11.8,11.26,11.43,1080600.0,12332994.0,123134100.0,0.0087757980932982,000568
2000-08-18,11.43,11.5,11.15,11.47,1083400.0,12271904.0,123134100.0,0.0087985375294089,000568
2000-08-21,11.58,11.77,11.55,11.75,2805500.0,32744236.0,123134100.0,0.022784102860215,000568
2000-08-22,11.75,11.83,11.35,11.35,1535000.0,17838329.0,123134100.0,0.0124660837249795,000568
2000-08-23,11.2,11.36,10.7,11.1,2074400.0,22890602.0,123134100.0,0.0168466736671644,000568
2000-08-24,11.15,11.3,11.08,11.24,1062900.0,11894896.0,123134100.0,0.0086320523721698,000568
2000-08-25,11.2,11.3,11.12,11.19,615700.0,6891382.0,123134100.0,0.0050002395762018,000568
2000-08-28,11.21,11.25,11.02,11.2,931600.0,10390563.0,123134100.0,0.0075657352431211,000568
2000-08-29,11.2,11.42,11.18,11.4,1016000.0,11513303.0,123134100.0,0.0082511668173154,000568
2000-08-30,11.44,11.46,11.2,11.35,726600.0,8191268.0,123134100.0,0.0059008836707297,000568
2000-08-31,11.46,11.46,10.8,10.86,1443400.0,15994910.0,123134100.0,0.0117221793150719,000568
2000-09-01,10.86,10.92,10.61,10.69,1074500.0,11568098.0,123134100.0,0.0087262586074856,000568
2000-09-04,10.69,10.75,10.41,10.6,874800.0,9239149.0,123134100.0,0.0071044495391609,000568
2000-09-05,10.6,10.98,10.4,10.42,778900.0,8303811.0,123134100.0,0.006325623852369,000568
2000-09-06,10.38,10.4,10.05,10.09,786796.0,8070476.0,123134100.0,0.0063897490622012,000568
2000-09-07,10.05,10.4,10.05,10.2,632500.0,6454958.0,123134100.0,0.0051366761928661,000568
2000-09-08,10.2,10.29,10.2,10.26,380500.0,3892886.0,123134100.0,0.003090126942902,000568
2000-09-11,10.28,10.3,10.15,10.2,457100.0,4660542.0,123134100.0,0.0037122129450737,000568
2000-09-12,10.21,10.38,10.2,10.35,328100.0,3374402.0,123134100.0,0.0026645746385444,000568
2000-09-13,10.3,10.69,10.25,10.49,819200.0,8567907.0,123134100.0,0.0066529093078196,000568
2000-09-14,10.38,10.59,10.28,10.33,366600.0,3808967.0,123134100.0,0.0029772418850667,000568
2000-09-15,10.35,10.35,10.21,10.29,248500.0,2545785.0,123134100.0,0.0020181249548256,000568
2000-09-18,10.25,10.35,10.05,10.06,459900.0,4677795.0,123134100.0,0.0037349523811844,000568
2000-09-19,9.99,9.99,9.71,9.8,619600.0,6105306.0,123134100.0,0.0050319123622132,000568
2000-09-20,9.8,10.29,9.8,10.07,636700.0,6357299.0,123134100.0,0.0051707853470322,000568
2000-09-21,10.02,10.02,9.88,9.93,262200.0,2606588.0,123134100.0,0.0021293857672245,000568
2000-09-22,9.92,10.0,9.81,9.86,219300.0,2162880.0,123134100.0,0.0017809851210996,000568
2000-09-25,9.86,9.93,9.82,9.92,277200.0,2741932.0,123134100.0,0.0022512041749604,000568
2000-09-26,9.9,10.03,9.9,10.0,235200.0,2345644.0,123134100.0,0.0019101126332997,000568
2000-09-27,10.0,10.2,9.9,10.08,275600.0,2762097.0,123134100.0,0.0022382102114686,000568
2000-09-28,10.06,10.2,9.95,9.96,207400.0,2073140.0,123134100.0,0.0016843425176291,000568
2000-09-29,9.95,10.15,9.92,10.02,220500.0,2207740.0,123134100.0,0.0017907305937185,000568
2000-10-09,10.09,10.09,9.91,10.05,173000.0,1727582.0,123134100.0,0.0014049723025546,000568
2000-10-10,10.1,10.25,10.07,10.19,299100.0,3041304.0,123134100.0,0.0024290590502549,000568
2000-10-11,10.19,10.46,10.19,10.22,483300.0,5001530.0,123134100.0,0.0039249890972525,000568
2000-10-12,10.2,10.3,10.15,10.19,346000.0,3539238.0,123134100.0,0.0028099446051093,000568
2000-10-13,10.2,10.27,10.15,10.2,482000.0,4924866.0,123134100.0,0.0039144315019153,000568
2000-10-16,10.25,10.4,10.1,10.1,329100.0,3376050.0,123134100.0,0.0026726958657268,000568
2000-10-17,10.1,10.14,10.0,10.05,369000.0,3706400.0,123134100.0,0.0029967328303045,000568
2000-10-18,10.02,10.24,10.0,10.2,233800.0,2352308.0,123134100.0,0.0018987429152444,000568
2000-10-19,10.2,10.22,10.1,10.21,270800.0,2754668.0,123134100.0,0.0021992283209931,000568
2000-10-20,10.2,10.27,10.1,10.24,400600.0,4087446.0,123134100.0,0.0032533636092682,000568
2000-10-23,10.34,10.43,10.26,10.42,640400.0,6624343.0,123134100.0,0.005200833887607,000568
2000-10-24,10.42,10.62,10.32,10.59,1388500.0,14639011.0,123134100.0,0.0112763239427583,000568
2000-10-25,10.61,10.97,10.61,10.87,2687300.0,29131778.0,123134100.0,0.0218241738072556,000568
2000-10-26,10.89,10.94,10.76,10.8,1146800.0,12418520.0,123134100.0,0.0093134233327729,000568
2000-10-27,10.81,10.9,10.76,10.82,904900.0,9799437.0,123134100.0,0.0073488984773511,000568
2000-10-30,10.88,11.25,10.85,11.12,1886500.0,21008339.0,123134100.0,0.015320695079592,000568
2000-10-31,11.2,11.22,11.0,11.09,1129800.0,12538635.0,123134100.0,0.0091753624706722,000568
2000-11-01,11.05,11.15,10.9,10.91,1074500.0,11869677.0,123134100.0,0.0087262586074856,000568
2000-11-02,10.95,11.2,10.9,11.11,1095500.0,12172987.0,123134100.0,0.0088968043783159,000568
2000-11-03,11.11,11.2,10.9,11.0,777900.0,8607531.0,123134100.0,0.0063175026251866,000568
2000-11-06,11.0,11.14,10.95,11.0,678800.0,7499610.0,123134100.0,0.0055126890114111,000568
2000-11-07,11.0,11.09,10.92,10.95,545400.0,5995458.0,123134100.0,0.0044293173052793,000568
2000-11-08,10.97,11.16,10.96,11.14,817200.0,9046339.0,123134100.0,0.0066366668534548,000568
2000-11-09,11.15,11.38,11.06,11.3,1362800.0,15255897.0,123134100.0,0.0110676084041707,000568
2000-11-10,11.4,11.67,11.28,11.51,3471000.0,39874901.0,123134100.0,0.0281887795501002,000568
2000-11-13,11.69,12.25,11.49,11.92,5627500.0,67273075.0,123134100.0,0.0457022059689395,000568
2000-11-14,11.94,12.1,11.78,12.02,3398400.0,40500858.0,123134100.0,0.0275991784566582,000568
2000-11-15,12.05,12.2,11.85,11.88,2616000.0,31419640.0,123134100.0,0.0212451303091507,000568
2000-11-16,11.89,12.15,11.89,12.09,2882400.0,34658315.0,123134100.0,0.0234086252305413,000568
2000-11-17,12.1,12.14,11.91,12.0,1702800.0,20458185.0,123134100.0,0.0138288256461857,000568
2000-11-20,12.0,12.56,11.95,12.5,3248497.0,40021277.0,123134100.0,0.0263817821383353,000568
2000-11-21,12.5,12.95,12.41,12.45,3268111.0,41473777.0,123134100.0,0.0265410718882908,000568
2000-11-22,12.45,12.59,12.33,12.49,1698651.0,21140104.0,123134100.0,0.0137951306746059,000568
2000-11-23,12.59,12.65,12.28,12.38,1644384.0,20535967.0,123134100.0,0.0133544160390988,000568
2000-11-24,12.4,12.45,11.6,11.69,2843941.0,34197936.0,123134100.0,0.0230962909543335,000568
2000-11-27,11.65,11.87,11.51,11.79,1612499.0,18878902.0,123134100.0,0.0130954707103881,000568
2000-11-28,11.8,12.25,11.8,12.21,1550102.0,18773381.0,123134100.0,0.012588730497888,000568
2000-11-29,12.21,12.4,11.96,12.02,1816804.0,22161416.0,123134100.0,0.0147546780298877,000568
2000-11-30,11.98,12.13,11.88,12.04,924390.0,11085974.0,123134100.0,0.007507181195136,000568
2000-12-01,12.0,12.3,12.0,12.13,828048.0,10071169.0,123134100.0,0.0067247659259295,000568
2000-12-04,12.15,12.45,12.13,12.35,1099634.0,13557782.0,123134100.0,0.008930377531488,000568
2000-12-05,12.4,12.49,12.25,12.3,812868.0,10034426.0,123134100.0,0.0066014856973007,000568
2000-12-06,12.25,12.35,11.9,11.95,1171500.0,14172719.0,123134100.0,0.0095140176441781,000568
2000-12-07,11.9,12.0,11.8,11.85,694649.0,8243946.0,123134100.0,0.0056414023410249,000568
2000-12-08,11.85,12.0,11.8,11.9,376382.0,4484079.0,123134100.0,0.0030566837293649,000568
2000-12-11,11.9,12.04,11.69,11.71,643128.0,7612398.0,123134100.0,0.0052229885953606,000568
2000-12-12,11.61,11.8,11.6,11.77,661392.0,7732032.0,123134100.0,0.0053713146886199,000568
2000-12-13,11.8,11.9,11.62,11.88,385015.0,4523742.0,123134100.0,0.0031267942836306,000568
2000-12-14,11.9,11.93,11.72,11.75,244145.0,2883703.0,123134100.0,0.0019827570104463,000568
2000-12-15,11.75,11.8,11.55,11.56,521780.0,6069615.0,123134100.0,0.0042374939192311,000568
2000-12-18,11.6,11.6,11.3,11.52,588919.0,6715453.0,123134100.0,0.0047827449910301,000568
2000-12-19,11.52,11.8,11.52,11.57,442296.0,5160740.0,123134100.0,0.0035919862978654,000568
2000-12-20,11.6,12.0,11.57,11.95,1015883.0,12039593.0,123134100.0,0.008250216633735,000568
2000-12-21,12.2,12.65,12.2,12.31,3213410.0,39921989.0,123134100.0,0.0260968326401865,000568
2000-12-22,12.29,12.5,12.28,12.29,1001543.0,12413060.0,123134100.0,0.0081337582359395,000568
2000-12-25,12.26,12.4,12.0,12.4,1025372.0,12580153.0,123134100.0,0.0083272789584688,000568
2000-12-26,12.4,12.55,12.31,12.44,1190895.0,14864188.0,123134100.0,0.0096715288453807,000568
2000-12-27,12.46,12.59,12.25,12.28,963445.0,11999464.0,123134100.0,0.0078243557227445,000568
2000-12-28,12.28,12.3,12.09,12.28,643208.0,7863388.0,123134100.0,0.0052236382935352,000568
2000-12-29,12.3,12.46,12.3,12.39,688380.0,8527167.0,123134100.0,0.0055904903678185,000568
2001-01-02,12.48,12.75,12.4,12.7,1570191.0,19832405.0,123134100.0,0.0127518778307552,000568
2001-01-03,12.75,13.1,12.65,13.0,3085713.0,39882163.0,123134100.0,0.025059776292676,000568
2001-01-04,13.01,13.1,12.8,12.94,2077003.0,27017489.0,123134100.0,0.0168678132215202,000568
2001-01-05,13.0,13.45,12.94,13.41,2251068.0,29951680.0,123134100.0,0.0182814346310242,000568
2001-01-08,13.5,13.58,13.1,13.38,2181554.0,29123479.0,123134100.0,0.017716895644667,000568
2001-01-09,13.38,13.43,12.96,13.01,1818161.0,23875943.0,123134100.0,0.0147656985351742,000568
2001-01-10,13.01,13.35,13.01,13.27,1046099.0,13851295.0,123134100.0,0.0084956076342784,000568
2001-01-11,13.26,13.45,13.06,13.09,1183009.0,15673788.0,123134100.0,0.0096074848478203,000568
2001-01-12,13.1,13.15,12.8,12.92,1293446.0,16725297.0,123134100.0,0.0105043688141627,000568
2001-01-15,12.88,12.88,12.2,12.25,1700740.0,21245840.0,123134100.0,0.01381209591819,000568
2001-01-16,12.1,12.5,12.01,12.48,1173643.0,14428290.0,123134100.0,0.00953142143403,000568
2001-01-17,12.47,12.54,12.3,12.4,447787.0,5574015.0,123134100.0,0.003636579956324,000568
2001-01-18,12.4,12.51,12.3,12.39,780669.0,9697307.0,123134100.0,0.0063399903032547,000568
2001-01-19,12.39,12.67,12.01,12.59,1112801.0,13950727.0,123134100.0,0.0090373097297986,000568
2001-02-05,12.54,12.62,12.01,12.24,734799.0,9116212.0,123134100.0,0.0059674696123981,000568
2001-02-06,12.1,12.25,11.81,12.25,948393.0,11381135.0,123134100.0,0.0077021150111951,000568
2001-02-07,12.25,12.25,12.05,12.12,291399.0,3540375.0,123134100.0,0.0023665174797233,000568
2001-02-08,12.06,12.25,11.79,11.81,591366.0,7040967.0,123134100.0,0.0048026176339454,000568
2001-02-09,11.81,12.1,11.81,11.94,570058.0,6809097.0,123134100.0,0.0046295705251429,000568
2001-02-12,11.85,12.09,11.85,12.01,517605.0,6200323.0,123134100.0,0.0042035877957446,000568
2001-02-13,12.1,12.18,11.99,12.04,507995.0,6117038.0,123134100.0,0.0041255428025218,000568
2001-02-14,12.08,12.15,12.04,12.09,188316.0,2271940.0,123134100.0,0.0015293570180802,000568
2001-02-15,12.17,12.21,12.06,12.08,424200.0,5153062.0,123134100.0,0.0034450245707728,000568
2001-02-16,12.08,12.08,11.8,11.99,368703.0,4386068.0,123134100.0,0.0029943208258313,000568
2001-02-19,11.98,12.17,11.91,12.16,400325.0,4832012.0,123134100.0,0.0032511302717931,000568
2001-02-20,12.14,12.31,12.09,12.12,424428.0,5185149.0,123134100.0,0.0034468762105704,000568
2001-02-21,12.1,12.2,11.8,11.87,443622.0,5286957.0,123134100.0,0.0036027550451093,000568
2001-02-22,11.81,12.05,11.8,11.87,302345.0,3601945.0,123134100.0,0.0024554124324618,000568
2001-02-23,11.92,12.15,11.91,12.08,342651.0,4112904.0,123134100.0,0.0027827466152755,000568
2001-02-26,12.1,12.29,12.0,12.27,501796.0,6101231.0,123134100.0,0.0040751993152181,000568
2001-02-27,12.3,12.37,12.21,12.25,546298.0,6722771.0,123134100.0,0.0044366101672891,000568
2001-02-28,12.26,12.3,12.0,12.11,346698.0,4214061.0,123134100.0,0.0028156132216827,000568
2001-03-01,12.12,12.3,12.12,12.3,401113.0,4909618.0,123134100.0,0.0032575297988128,000568
2001-03-02,12.32,12.54,12.32,12.47,881259.0,10988073.0,123134100.0,0.007156904545532,000568
2001-03-05,12.55,12.58,12.33,12.37,542076.0,6738113.0,123134100.0,0.004402322346125,000568
2001-03-06,12.38,12.45,12.3,12.43,499614.0,6168158.0,123134100.0,0.0040574787975061,000568
2001-03-07,12.42,12.53,12.4,12.44,708922.0,8849658.0,123134100.0,0.0057573166165993,000568
2001-03-08,12.43,12.43,12.3,12.31,563486.0,6963422.0,123134100.0,0.0045761978201001,000568
2001-03-09,12.31,12.47,12.2,12.35,510485.0,6259931.0,123134100.0,0.0041457646582059,000568
2001-03-12,12.41,12.5,12.25,12.28,382078.0,4703011.0,123134100.0,0.0031029422393959,000568
2001-03-13,12.28,12.28,12.13,12.2,577204.0,7027837.0,123134100.0,0.0046876048145883,000568
2001-03-14,12.2,12.3,12.18,12.3,351360.0,4301791.0,123134100.0,0.002853474382807,000568
2001-03-15,12.3,12.35,12.18,12.23,480702.0,5872185.0,123134100.0,0.0039038901490326,000568
2001-03-16,12.2,12.23,12.05,12.09,700415.0,8486514.0,123134100.0,0.0056882293369586,000568
2001-03-19,12.08,12.25,11.97,12.15,578870.0,7005054.0,123134100.0,0.0047011347790741,000568
2001-03-20,12.2,12.25,12.1,12.19,606677.0,7386203.0,123134100.0,0.0049269617433351,000568
2001-03-21,12.2,12.45,12.2,12.43,823985.0,10205585.0,123134100.0,0.0066917693798874,000568
2001-03-22,12.5,12.58,12.4,12.44,1178785.0,14728498.0,123134100.0,0.0095731807842019,000568
2001-03-23,12.45,12.5,12.2,12.22,1037660.0,12811846.0,123134100.0,0.0084270725980861,000568
2001-03-26,12.22,12.5,12.2,12.46,792075.0,9844963.0,123134100.0,0.0064326210204971,000568
2001-03-28,12.68,12.85,12.55,12.83,1650758.0,21042762.0,123134100.0,0.0134061807411594,000568
2001-03-29,12.89,13.0,12.68,12.75,1496345.0,19184070.0,123134100.0,0.0121521576882439,000568
2001-03-30,12.7,12.8,12.61,12.78,660621.0,8388513.0,123134100.0,0.0053650532224623,000568
2001-04-02,12.81,12.9,12.75,12.77,799058.0,10231007.0,123134100.0,0.0064893315499118,000568
2001-04-03,12.8,12.98,12.79,12.87,1144100.0,14727961.0,123134100.0,0.0092914960193804,000568
2001-04-04,12.87,12.91,12.41,12.53,894397.0,11356810.0,123134100.0,0.0072636012282543,000568
2001-04-05,12.5,12.76,12.45,12.65,823851.0,10350472.0,123134100.0,0.006690681135445,000568
2001-04-06,12.65,12.71,12.51,12.56,487507.0,6144872.0,123134100.0,0.0039591551000088,000568
2001-04-09,12.56,12.6,12.45,12.54,474083.0,5935578.0,123134100.0,0.0038501357463123,000568
2001-04-10,12.6,12.68,12.5,12.57,390831.0,4912776.0,123134100.0,0.0031740273409234,000568
2001-04-11,12.57,12.7,12.51,12.57,379357.0,4773085.0,123134100.0,0.0030808443802326,000568
2001-04-12,12.65,12.65,12.45,12.52,666714.0,8359483.0,123134100.0,0.0054145358596846,000568
2001-04-13,12.5,12.57,12.46,12.51,569851.0,7124318.0,123134100.0,0.0046278894311161,000568
2001-04-16,12.55,12.95,12.5,12.77,1213994.0,15456603.0,123134100.0,0.0098591210720669,000568
2001-04-17,12.8,12.84,12.62,12.7,752005.0,9550226.0,123134100.0,0.0061072034472985,000568
2001-04-18,12.7,12.88,12.69,12.75,1115079.0,14264224.0,123134100.0,0.0090558098853201,000568
2001-04-19,12.8,12.84,12.51,12.64,717322.0,9071713.0,123134100.0,0.0058255349249314,000568
2001-04-20,12.63,12.63,12.4,12.41,874265.0,10928022.0,123134100.0,0.0071001046826183,000568
2001-04-23,12.41,12.45,12.2,12.3,633308.0,7786896.0,123134100.0,0.0051432381444295,000568
2001-04-24,12.3,12.4,12.25,12.27,573900.0,7066000.0,123134100.0,0.0046607722799776,000568
2001-04-25,12.3,12.35,12.06,12.1,798098.0,9708488.0,123134100.0,0.0064815351718167,000568
2001-04-26,12.1,12.15,12.03,12.05,565618.0,6837417.0,123134100.0,0.004593512276453,000568
2001-04-27,12.06,12.2,12.06,12.09,377728.0,4575523.0,123134100.0,0.0030676149011524,000568
2001-04-30,12.12,12.35,12.1,12.21,361900.0,4437000.0,123134100.0,0.0029390721173095,000568
2001-05-08,12.2,12.4,12.15,12.26,305381.0,3740942.0,123134100.0,0.0024800684781876,000568
2001-05-09,12.26,12.3,12.15,12.16,384085.0,4680072.0,123134100.0,0.0031192415423509,000568
2001-05-10,12.14,12.24,12.05,12.15,499600.0,6057000.0,123134100.0,0.0040573651003255,000568
2001-05-11,12.16,12.28,12.15,12.18,250132.0,3049670.0,123134100.0,0.0020313787975873,000568
2001-05-14,12.18,12.33,12.18,12.28,481433.0,5886031.0,123134100.0,0.0039098267661029,000568
2001-05-15,12.31,12.53,12.3,12.43,609859.0,7578345.0,123134100.0,0.0049528034882295,000568
2001-05-16,12.48,12.5,12.3,12.32,440744.0,5439959.0,123134100.0,0.0035793821532784,000568
2001-05-17,12.3,12.44,12.2,12.23,255369.0,3136025.0,123134100.0,0.0020739096643415,000568
2001-05-18,12.2,12.2,12.08,12.17,969998.0,11750021.0,123134100.0,0.0078775741244708,000568
2001-05-21,12.18,12.35,12.1,12.24,765064.0,9309800.0,123134100.0,0.0062132585530734,000568
2001-05-22,12.24,12.26,12.1,12.12,658403.0,7988611.0,123134100.0,0.0053470403405717,000568
2001-05-23,12.12,12.2,11.98,12.01,933200.0,11235633.0,123134100.0,0.0075787292066129,000568
2001-05-24,12.0,12.1,11.86,11.91,956963.0,11404371.0,123134100.0,0.0077717139281482,000568
2001-05-25,11.91,11.96,11.85,11.86,627533.0,7452136.0,123134100.0,0.0050963380574511,000568
2001-05-28,11.86,11.99,11.86,11.9,441644.0,5265478.0,123134100.0,0.0035866912577425,000568
2001-05-29,11.89,12.12,11.88,12.05,410730.0,4949732.0,123134100.0,0.0033356316406259,000568
2001-05-30,12.05,12.07,11.96,12.05,467546.0,5616001.0,123134100.0,0.003797047284221,000568
2001-05-31,12.05,12.15,12.02,12.06,410928.0,4955843.0,123134100.0,0.003337239643608,000568
2001-06-01,12.1,12.12,11.96,12.01,554276.0,6655243.0,123134100.0,0.0045014013177503,000568
2001-06-04,12.03,12.09,12.0,12.06,618260.0,7444301.0,123134100.0,0.0050210299177888,000568
2001-06-05,12.06,12.13,12.01,12.04,522955.0,6307286.0,123134100.0,0.0042470363611704,000568
2001-06-06,12.08,12.1,12.0,12.04,582346.0,7009939.0,123134100.0,0.0047293641647602,000568
2001-06-07,12.04,12.34,12.04,12.24,801294.0,9823977.0,123134100.0,0.0065074906138916,000568
2001-06-08,12.2,12.41,12.2,12.29,744739.0,9174539.0,123134100.0,0.0060481946105912,000568
2001-06-11,12.29,12.38,12.22,12.26,529087.0,6498156.0,123134100.0,0.0042968357262529,000568
2001-06-12,12.26,12.3,12.2,12.25,398227.0,4868817.0,123134100.0,0.0032340919371644,000568
2001-06-13,12.26,12.32,12.22,12.28,644216.0,7896830.0,123134100.0,0.0052318244905351,000568
2001-06-14,12.27,12.28,12.0,12.02,604623.0,7348672.0,123134100.0,0.0049102807427024,000568
2001-06-15,12.01,12.12,11.99,12.03,524429.0,6301434.0,123134100.0,0.0042590070500373,000568
2001-06-18,12.05,12.06,11.78,11.78,561249.0,6673911.0,123134100.0,0.0045580306348931,000568
2001-06-19,11.75,11.85,11.75,11.82,373010.0,4399033.0,123134100.0,0.0030292989513059,000568
2001-06-20,11.82,11.92,11.82,11.85,197070.0,2339319.0,123134100.0,0.0016004502408349,000568
2001-06-21,11.83,11.96,11.83,11.92,172472.0,2053648.0,123134100.0,0.0014006842946023,000568
2001-06-22,11.93,12.0,11.85,11.94,248322.0,2960346.0,123134100.0,0.0020166793763872,000568
2001-06-25,11.99,12.04,11.93,12.01,331351.0,3968719.0,123134100.0,0.0026909767481144,000568
2001-06-26,12.05,12.05,11.9,11.94,376672.0,4502857.0,123134100.0,0.0030590388852478,000568
2001-06-27,11.99,12.06,11.88,12.02,502154.0,6005691.0,123134100.0,0.0040781067145494,000568
2001-06-28,12.0,12.02,11.9,11.92,349781.0,4184253.0,123134100.0,0.002840650965086,000568
2001-06-29,11.92,11.95,11.85,11.86,341127.0,4051801.0,123134100.0,0.0027703698650495,000568
2001-07-02,11.79,11.85,11.75,11.78,355077.0,4188365.0,123134100.0,0.002883660984244,000568
2001-07-03,11.81,11.85,11.72,11.73,410353.0,4824914.0,123134100.0,0.0033325699379781,000568
2001-07-04,11.75,11.8,11.61,11.67,406908.0,4765793.0,123134100.0,0.0033045923103348,000568
2001-07-05,11.65,11.65,11.48,11.51,561959.0,6480950.0,123134100.0,0.0045637967061926,000568
2001-07-06,11.5,11.67,11.5,11.54,280972.0,3251272.0,123134100.0,0.0022818374438924,000568
2001-07-09,11.51,11.59,11.5,11.56,192818.0,2227825.0,123134100.0,0.0015659187828554,000568
2001-07-10,11.6,11.8,11.6,11.67,233765.0,2734172.0,123134100.0,0.001898458672293,000568
2001-07-11,11.7,11.75,11.55,11.56,183590.0,2138706.0,123134100.0,0.0014909760984162,000568
2001-07-12,11.55,11.59,11.47,11.59,227842.0,2621246.0,123134100.0,0.0018503566436917,000568
2001-07-13,11.6,11.68,11.51,11.51,187553.0,2171732.0,123134100.0,0.0015231605217401,000568
2001-07-16,11.68,11.72,11.45,11.5,403256.0,4669718.0,123134100.0,0.0032749335886647,000568
2001-07-17,11.4,11.48,11.15,11.2,263967.0,2960834.0,123134100.0,0.0021437359756558,000568
2001-07-18,11.2,11.37,11.18,11.21,254054.0,2848791.0,123134100.0,0.0020632302505967,000568
2001-07-19,11.2,11.24,11.08,11.13,268763.0,2997307.0,123134100.0,0.0021826853812225,000568
2001-07-20,11.15,11.61,11.14,11.58,574092.0,6523967.0,123134100.0,0.0046623315555967,000568
2001-07-23,11.51,11.62,11.48,11.6,431776.0,4981923.0,123134100.0,0.0035065509879066,000568
2001-07-24,11.5,11.68,11.5,11.51,372219.0,4316183.0,123134100.0,0.0030228750606046,000568
2001-07-25,11.5,11.65,11.46,11.5,188694.0,2178351.0,123134100.0,0.0015324268419552,000568
2001-07-26,11.5,11.58,11.25,11.26,231380.0,2632326.0,123134100.0,0.001879089545463,000568
2001-07-27,11.3,11.35,11.09,11.15,357798.0,4003690.0,123134100.0,0.0029057588434073,000568
2001-07-30,11.1,11.1,10.4,10.4,528551.0,5610939.0,123134100.0,0.0042924827484831,000568
2001-07-31,10.3,10.5,10.0,10.04,415107.0,4242816.0,123134100.0,0.0033711782520033,000568
2001-08-01,10.25,10.4,10.16,10.38,332661.0,3410140.0,123134100.0,0.0027016155557233,000568
2001-08-02,10.48,10.48,10.05,10.26,201742.0,2064438.0,123134100.0,0.0016383926142311,000568
2001-08-03,10.37,10.4,10.25,10.37,130242.0,1346019.0,123134100.0,0.0010577248706897,000568
2001-08-06,10.3,10.3,10.0,10.04,320565.0,3232815.0,123134100.0,0.0026033811917251,000568
2001-08-07,10.05,10.21,10.0,10.18,147406.0,1492125.0,123134100.0,0.0011971176140484,000568
2001-08-08,10.2,10.2,10.08,10.11,134615.0,1366347.0,123134100.0,0.0010932389971583,000568
2001-08-09,10.25,10.25,10.1,10.22,184190.0,1875983.0,123134100.0,0.0014958488347257,000568
2001-08-10,10.28,10.45,10.25,10.4,183183.0,1897946.0,123134100.0,0.001487670758953,000568
2001-08-13,10.4,10.45,10.35,10.41,180969.0,1883375.0,123134100.0,0.0014696903619712,000568
2001-08-14,10.41,10.41,10.1,10.19,183447.0,1884516.0,123134100.0,0.0014898147629291,000568
2001-08-15,10.2,10.3,10.2,10.28,131239.0,1344919.0,123134100.0,0.0010658217341906,000568
2001-08-16,10.3,10.33,10.14,10.15,129621.0,1318882.0,123134100.0,0.0010526815886094,000568
2001-08-17,10.01,10.14,10.01,10.12,145354.0,1465913.0,123134100.0,0.0011804528558701,000568
2001-08-20,10.25,10.54,10.19,10.21,102515.0,1048110.0,123134100.0,0.0008325476046034,000568
2001-08-21,10.25,10.25,10.13,10.19,168653.0,1716613.0,123134100.0,0.0013696693279928,000568
2001-08-22,10.19,10.2,10.0,10.03,295160.0,2963732.0,123134100.0,0.0023970614151563,000568
2001-08-23,10.02,10.1,9.89,10.06,174612.0,1748369.0,123134100.0,0.0014180637207727,000568
2001-08-24,10.0,10.05,9.98,9.99,171854.0,1719595.0,123134100.0,0.0013956653762036,000568
2001-08-27,10.0,10.0,9.52,9.52,374056.0,3621916.0,123134100.0,0.0030377937549387,000568
2001-08-28,9.53,9.6,9.12,9.39,459059.0,4279588.0,123134100.0,0.003728122429124,000568
2001-08-29,9.4,9.61,9.38,9.46,261807.0,2485622.0,123134100.0,0.0021261941249418,000568
2001-08-30,9.46,9.62,9.42,9.46,108753.0,1035625.0,123134100.0,0.0008832078197672,000568
2001-08-31,9.5,9.55,9.42,9.46,69100.0,655960.0,123134100.0,0.0005611767983036,000568
2001-09-03,9.48,9.48,9.13,9.34,81649.0,767480.0,123134100.0,0.0006630900782155,000568
2001-09-04,9.35,9.6,9.21,9.6,128993.0,1221050.0,123134100.0,0.0010475814579389,000568
2001-09-05,9.6,9.8,9.6,9.67,204329.0,1979173.0,123134100.0,0.001659402228952,000568
2001-09-06,9.77,9.8,9.51,9.53,170440.0,1642993.0,123134100.0,0.0013841819609677,000568
2001-09-07,9.63,9.63,9.3,9.32,160700.0,1509604.0,123134100.0,0.0013050812082112,000568
2001-09-10,9.2,9.55,8.98,9.55,152342.0,1420909.0,123134100.0,0.0012372039914207,000568
2001-09-11,9.55,9.55,9.39,9.5,188103.0,1783269.0,123134100.0,0.0015276271966904,000568
2001-09-12,9.19,9.34,8.83,9.26,342075.0,3147074.0,123134100.0,0.0027780687884184,000568
2001-09-13,9.2,9.3,9.2,9.25,103225.0,956217.0,123134100.0,0.0008383136759029,000568
2001-09-14,9.3,9.32,9.18,9.18,105003.0,965786.0,123134100.0,0.0008527532178332,000568
2001-09-17,9.02,9.12,8.88,8.9,284949.0,2561715.0,123134100.0,0.0023141355643968,000568
2001-09-18,8.9,9.1,8.9,8.99,117419.0,1052282.0,123134100.0,0.0009535863745298,000568
2001-09-19,9.0,9.08,8.9,9.06,109925.0,986903.0,123134100.0,0.0008927258980249,000568
2001-09-20,9.06,9.27,9.02,9.19,218724.0,2001370.0,123134100.0,0.0017763072942426,000568
2001-09-21,9.06,9.24,9.05,9.13,93834.0,854542.0,123134100.0,0.000762047231433,000568
2001-09-24,8.92,9.15,8.92,8.96,84429.0,761927.0,123134100.0,0.0006856670897826,000568
2001-09-25,9.2,9.2,8.91,9.05,128625.0,1156750.0,123134100.0,0.0010445928463358,000568
2001-09-26,9.02,9.05,8.91,8.92,106119.0,951226.0,123134100.0,0.0008618165073687,000568
2001-09-27,8.92,9.0,8.9,8.92,117665.0,1051436.0,123134100.0,0.0009555841964167,000568
2001-09-28,9.1,9.4,8.91,9.01,149249.0,1350473.0,123134100.0,0.0012120850357455,000568
2001-10-08,9.01,9.08,8.87,8.88,108027.0,964942.0,123134100.0,0.0008773118088328,000568
2001-10-09,8.86,9.0,8.86,8.98,82393.0,736142.0,123134100.0,0.0006691322712392,000568
2001-10-10,8.95,8.95,8.7,8.7,148100.0,1304515.0,123134100.0,0.001202753745713,000568
2001-10-11,8.7,8.7,8.2,8.4,198867.0,1674846.0,123134100.0,0.0016150440860817,000568
2001-10-12,8.36,8.8,8.18,8.58,272366.0,2280671.0,123134100.0,0.0022119461627607,000568
2001-10-15,8.48,8.69,8.45,8.6,149215.0,1274369.0,123134100.0,0.0012118089140213,000568
2001-10-16,8.51,8.77,8.28,8.47,195729.0,1673341.0,123134100.0,0.0015895596751833,000568
2001-10-17,8.41,8.6,8.4,8.52,72237.0,612530.0,123134100.0,0.0005866530879748,000568
2001-10-18,8.6,8.65,8.38,8.47,147261.0,1245612.0,123134100.0,0.0011959400361069,000568
2001-10-19,8.4,8.4,8.05,8.16,444068.0,3626076.0,123134100.0,0.0036063771124327,000568
2001-10-22,8.1,8.35,8.0,8.1,245891.0,2004263.0,123134100.0,0.0019969366731068,000568
2001-10-23,8.8,8.91,8.5,8.91,745508.0,6564805.0,123134100.0,0.0060544398342944,000568
2001-10-24,9.07,9.3,8.9,9.11,1102129.0,10013401.0,123134100.0,0.0089506399933081,000568
2001-10-25,9.09,9.09,8.8,8.81,411384.0,3649177.0,123134100.0,0.0033409429232032,000568
2001-10-26,8.79,8.9,8.66,8.72,258003.0,2250373.0,123134100.0,0.0020953009767399,000568
2001-10-30,8.83,9.22,8.83,9.01,622773.0,5640302.0,123134100.0,0.0050576810160629,000568
2001-10-31,9.0,9.0,8.85,8.98,183204.0,1631583.0,123134100.0,0.0014878413047238,000568
2001-11-01,8.95,9.18,8.95,9.07,199370.0,1804779.0,123134100.0,0.0016191290633545,000568
2001-11-02,9.07,9.26,8.83,9.1,368231.0,3344144.0,123134100.0,0.0029904876066012,000568
2001-11-05,9.1,9.1,8.95,9.07,117892.0,1063686.0,123134100.0,0.0009574277149871,000568
2001-11-06,9.06,9.07,8.9,8.92,76300.0,682537.0,123134100.0,0.0006196496340168,000568
2001-11-07,9.0,9.0,8.31,8.37,279573.0,2394492.0,123134100.0,0.0022704758470642,000568
2001-11-08,8.21,8.58,8.15,8.45,218654.0,1839386.0,123134100.0,0.0017757388083398,000568
2001-11-09,8.4,8.8,8.3,8.53,349221.0,2991878.0,123134100.0,0.0028361030778638,000568
2001-11-12,8.5,8.7,8.41,8.48,100546.0,860668.0,123134100.0,0.0008165569082812,000568
2001-11-13,8.5,8.68,8.48,8.64,233061.0,1998502.0,123134100.0,0.0018927413283566,000568
2001-11-14,8.65,8.98,8.65,8.76,342370.0,3019573.0,123134100.0,0.0027804645504372,000568
2001-11-15,8.86,8.9,8.54,8.59,258953.0,2245534.0,123134100.0,0.0021030161425632,000568
2001-11-16,9.1,9.3,8.82,8.96,818855.0,7359355.0,123134100.0,0.0066501074844417,000568
2001-11-19,8.98,9.25,8.98,9.15,979297.0,8935776.0,123134100.0,0.0079530934160399,000568
2001-11-20,9.1,9.1,8.9,9.06,957553.0,8625286.0,123134100.0,0.0077765054521858,000568
2001-11-21,9.08,9.15,8.98,9.14,627864.0,5688110.0,123134100.0,0.0050990261836485,000568
2001-11-22,9.15,9.15,9.03,9.09,331085.0,3010590.0,123134100.0,0.0026888165016839,000568
2001-11-23,9.13,9.32,8.98,9.28,854975.0,7841297.0,123134100.0,0.0069434462102699,000568
2001-11-26,9.25,9.38,9.0,9.23,668860.0,6207369.0,123134100.0,0.0054319640132181,000568
2001-11-27,9.24,9.44,9.18,9.26,532284.0,4925914.0,123134100.0,0.004322799289555,000568
2001-11-28,9.3,9.34,9.15,9.21,625553.0,5783347.0,123134100.0,0.00508025802763,000568
2001-11-29,9.23,9.28,9.09,9.15,561186.0,5135879.0,123134100.0,0.0045575189975806,000568
2001-11-30,9.2,9.28,9.1,9.25,538593.0,4953055.0,123134100.0,0.0043740361118487,000568
2001-12-03,9.3,9.38,9.2,9.33,549928.0,5111682.0,123134100.0,0.0044660902219612,000568
2001-12-04,9.35,9.49,9.11,9.48,883513.0,8254138.0,123134100.0,0.0071752097916011,000568
2001-12-05,9.47,9.65,9.3,9.32,1252555.0,11839849.0,123134100.0,0.0101722837134473,000568
2001-12-06,9.3,9.41,9.26,9.38,345707.0,3222261.0,123134100.0,0.0028075650855449,000568
2001-12-07,9.3,9.44,9.3,9.34,234441.0,2193607.0,123134100.0,0.0019039486218683,000568
2001-12-10,9.31,9.37,9.18,9.36,416114.0,3852133.0,123134100.0,0.0033793563277759,000568
2001-12-11,9.38,9.41,9.26,9.34,320122.0,2985763.0,123134100.0,0.0025997834880833,000568
2001-12-12,9.3,9.32,9.2,9.27,383404.0,3551751.0,123134100.0,0.0031137109866397,000568
2001-12-13,9.3,9.32,8.99,9.0,587100.0,5391881.0,123134100.0,0.0047679724787853,000568
2001-12-14,9.0,9.0,8.76,8.91,420400.0,3731975.0,123134100.0,0.0034141639074797,000568
2001-12-17,8.9,8.95,8.77,8.77,123489.0,1091633.0,123134100.0,0.001002882223527,000568
2001-12-18,8.73,8.93,8.69,8.92,227601.0,2004349.0,123134100.0,0.0018483994279407,000568
2001-12-19,8.9,8.97,8.82,8.83,196829.0,1748821.0,123134100.0,0.001598493025084,000568
2001-12-20,8.8,8.8,8.6,8.64,320658.0,2780960.0,123134100.0,0.002604136465853,000568
2001-12-21,8.67,8.74,8.61,8.68,133598.0,1157314.0,123134100.0,0.0010849797091138,000568
2001-12-24,8.7,8.7,8.45,8.48,193230.0,1653911.0,123134100.0,0.0015692647284545,000568
2001-12-25,8.41,8.49,8.3,8.46,221202.0,1859262.0,123134100.0,0.0017964316952005,000568
2001-12-26,8.5,8.65,8.46,8.61,247205.0,2104963.0,123134100.0,0.0020076079656244,000568
2001-12-27,8.61,8.68,8.58,8.59,167435.0,1444783.0,123134100.0,0.0013597776732846,000568
2001-12-28,8.64,8.64,8.58,8.64,120717.0,1038935.0,123134100.0,0.0009803701817774,000568
2001-12-31,8.64,8.72,8.58,8.68,160525.0,1388917.0,123134100.0,0.0013036599934542,000568
2002-01-04,8.72,8.8,8.62,8.66,111052.0,963894.0,123134100.0,0.0009018785210595,000568
2002-01-07,8.5,8.51,8.1,8.45,514814.0,4269266.0,123134100.0,0.0041809214506785,000568
2002-01-08,8.4,8.62,8.2,8.39,307092.0,2605903.0,123134100.0,0.0024939638978966,000568
2002-01-09,8.3,8.55,8.3,8.47,357825.0,3031521.0,123134100.0,0.0029059781165412,000568
2002-01-10,8.45,8.79,8.3,8.73,401901.0,3415752.0,123134100.0,0.0032639293258325,000568
2002-01-11,8.55,8.68,8.45,8.5,185515.0,1588250.0,123134100.0,0.0015066094607423,000568
2002-01-14,8.3,8.5,8.23,8.4,364101.0,3027598.0,123134100.0,0.0029569469383379,000568
2002-01-15,8.35,8.6,8.19,8.29,548347.0,4642381.0,123134100.0,0.0044532505617858,000568
2002-01-16,8.45,8.49,8.2,8.39,332048.0,2785068.0,123134100.0,0.0026966372434605,000568
2002-01-17,8.2,8.35,7.7,7.77,384303.0,3079023.0,123134100.0,0.0031210119698767,000568
2002-01-18,7.7,7.88,7.32,7.57,515540.0,3895862.0,123134100.0,0.0041868174616129,000568
2002-01-21,7.55,7.69,6.91,6.96,353646.0,2587621.0,123134100.0,0.0028720395081459,000568
2002-01-22,6.9,7.12,6.51,6.56,550014.0,3753181.0,123134100.0,0.0044667886474989,000568
2002-01-23,6.5,7.03,6.35,7.02,552963.0,3706138.0,123134100.0,0.0044907381464598,000568
2002-01-24,6.9,7.25,6.73,7.09,535179.0,3788442.0,123134100.0,0.004346310242248,000568
2002-01-25,7.08,7.28,6.97,7.17,424271.0,3030782.0,123134100.0,0.0034456011779027,000568
2002-01-28,7.17,7.17,6.65,6.66,403978.0,2777709.0,123134100.0,0.0032807971146904,000568
2002-01-29,6.56,6.9,6.5,6.82,330534.0,2228303.0,123134100.0,0.0026843417055064,000568
2002-01-30,6.82,7.1,6.72,6.87,317590.0,2206086.0,123134100.0,0.0025792205408574,000568
2002-01-31,7.16,7.56,7.01,7.46,1197098.0,8804987.0,123134100.0,0.0097219048175931,000568
2002-02-01,7.6,7.6,7.3,7.34,885260.0,6601122.0,123134100.0,0.0071893975754888,000568
2002-02-04,7.34,7.56,7.31,7.46,346569.0,2585841.0,123134100.0,0.0028145655833761,000568
2002-02-05,7.49,7.65,7.48,7.61,542693.0,4099616.0,123134100.0,0.0044073331432966,000568
2002-02-06,7.61,7.98,7.5,7.52,1146213.0,8894085.0,123134100.0,0.0093086561724169,000568
2002-02-07,7.5,7.66,7.4,7.58,682118.0,5145938.0,123134100.0,0.0055396352432023,000568
2002-02-08,7.65,7.7,7.41,7.46,657238.0,4928883.0,123134100.0,0.0053375791109042,000568
2002-02-25,7.78,7.78,7.56,7.59,251940.0,1918380.0,123134100.0,0.0020460619763331,000568
2002-02-26,7.58,7.6,7.44,7.6,184076.0,1387293.0,123134100.0,0.0014949230148269,000568
2002-02-27,7.6,7.72,7.5,7.7,600434.0,4565527.0,123134100.0,0.0048762609220354,000568
2002-02-28,7.7,7.78,7.66,7.68,421798.0,3251827.0,123134100.0,0.0034255173830807,000568
2002-03-01,7.6,7.7,7.5,7.67,410781.0,3112912.0,123134100.0,0.0033360458232122,000568
2002-03-04,7.59,7.9,7.57,7.85,560471.0,4363017.0,123134100.0,0.0045517123201452,000568
2002-03-05,7.85,7.99,7.81,7.93,495045.0,3914281.0,123134100.0,0.0040203729105097,000568
2002-03-06,7.95,8.09,7.82,7.85,852861.0,6789131.0,123134100.0,0.0069262779360063,000568
2002-03-07,7.85,8.16,7.85,8.06,649748.0,5220645.0,123134100.0,0.0052767511193081,000568
2002-03-08,8.1,8.26,8.02,8.23,1250658.0,10205417.0,123134100.0,0.0101568777454823,000568
2002-03-11,8.29,8.55,8.19,8.53,1168234.0,9773383.0,123134100.0,0.0094874937162004,000568
2002-03-12,8.51,8.62,8.31,8.39,1521271.0,12899916.0,123134100.0,0.0123545873969923,000568
2002-03-13,8.4,8.62,8.2,8.25,1293819.0,10932129.0,123134100.0,0.0105073980319018,000568
2002-03-14,8.25,8.42,8.16,8.42,512817.0,4257410.0,123134100.0,0.0041647033599953,000568
2002-03-15,8.44,8.48,8.03,8.09,673830.0,5577835.0,123134100.0,0.0054723265123146,000568
2002-03-18,8.1,8.27,7.96,8.02,460558.0,3723775.0,123134100.0,0.0037402961486704,000568
2002-03-19,8.1,8.22,7.93,8.15,396921.0,3198602.0,123134100.0,0.0032234856144642,000568
2002-03-20,8.2,8.34,8.16,8.25,508553.0,4186745.0,123134100.0,0.0041300744472895,000568
2002-03-21,8.26,8.39,8.18,8.24,394930.0,3273107.0,123134100.0,0.003207316251144,000568
2002-03-22,8.24,8.32,8.08,8.15,365149.0,2979714.0,123134100.0,0.0029654579844251,000568
2002-03-25,8.15,8.25,8.06,8.12,319670.0,2593784.0,123134100.0,0.0025961126933968,000568
2002-03-26,8.15,8.18,8.06,8.09,373532.0,3027949.0,123134100.0,0.0030335382318951,000568
2002-03-27,8.08,8.19,8.02,8.16,327913.0,2663870.0,123134100.0,0.0026630559690613,000568
2002-03-28,8.2,8.27,8.11,8.21,372173.0,3054560.0,123134100.0,0.0030225014841542,000568
2002-03-29,8.18,8.18,7.79,7.8,499110.0,3971330.0,123134100.0,0.0040533856990062,000568
2002-04-01,7.68,7.85,7.68,7.84,222464.0,1727138.0,123134100.0,0.0018066806839047,000568
2002-04-02,7.8,7.84,7.64,7.66,233585.0,1800092.0,123134100.0,0.0018969968514002,000568
2002-04-03,7.68,7.76,7.66,7.73,186294.0,1435347.0,123134100.0,0.0015129358967174,000568
2002-04-04,7.7,8.0,7.21,7.95,269642.0,2122911.0,123134100.0,0.0021898239399159,000568
2002-04-05,8.02,8.08,7.95,7.98,328191.0,2625803.0,123134100.0,0.002665313670218,000568
2002-04-08,8.05,8.05,7.88,8.0,93104.0,740309.0,123134100.0,0.0007561187355898,000568
2002-04-09,7.98,8.19,7.98,8.16,562182.0,4550064.0,123134100.0,0.0045656077398543,000568
2002-04-10,8.16,8.3,8.06,8.23,618912.0,5080015.0,123134100.0,0.0050263249579117,000568
2002-04-11,8.25,8.27,8.08,8.16,375791.0,3069364.0,123134100.0,0.0030518840841001,000568
2002-04-12,8.13,8.47,8.13,8.44,1451762.0,12136081.0,123134100.0,0.0117900890167711,000568
2002-04-15,8.45,8.46,8.26,8.33,639072.0,5318801.0,123134100.0,0.0051900488979088,000568
2002-04-16,8.33,8.38,8.26,8.32,301300.0,2508123.0,123134100.0,0.0024469257500562,000568
2002-04-17,8.32,8.32,8.18,8.3,286897.0,2362828.0,123134100.0,0.0023299557149481,000568
2002-04-18,8.3,8.3,8.11,8.13,189909.0,1555124.0,123134100.0,0.0015422941329818,000568
2002-04-19,8.08,8.19,7.95,8.18,366401.0,2946973.0,123134100.0,0.0029756257608574,000568
2002-04-22,8.17,8.17,8.01,8.06,164290.0,1325798.0,123134100.0,0.001334236413796,000568
2002-04-23,8.16,8.16,8.03,8.04,111800.0,905026.0,123134100.0,0.0009079531989919,000568
2002-04-24,8.05,8.06,7.92,7.98,173527.0,1383840.0,123134100.0,0.0014092521892798,000568
2002-04-25,7.98,7.98,7.84,7.95,244156.0,1927783.0,123134100.0,0.0019828463439453,000568
2002-04-26,7.96,8.14,7.96,8.08,221058.0,1782531.0,123134100.0,0.0017952622384863,000568
2002-04-29,8.08,8.29,8.08,8.29,335595.0,2752401.0,123134100.0,0.0027254432362765,000568
2002-04-30,8.25,8.3,8.0,8.26,563616.0,4599778.0,123134100.0,0.0045772535796339,000568
2002-05-08,8.21,8.34,8.14,8.32,359969.0,2979268.0,123134100.0,0.0029233900276202,000568
2002-05-09,8.3,8.62,8.25,8.52,2053709.0,17453761.0,123134100.0,0.0166786373555335,000568
2002-05-10,8.52,8.75,8.39,8.71,1696461.0,14571779.0,123134100.0,0.0137773451870765,000568
2002-05-13,8.71,8.99,8.63,8.74,3444433.0,30418885.0,123134100.0,0.0279730229075455,000568
2002-05-14,8.73,8.82,8.55,8.64,1094517.0,9534311.0,123134100.0,0.0088888212119957,000568
2002-05-15,8.63,8.65,8.5,8.6,789085.0,6773437.0,123134100.0,0.0064083385512217,000568
2002-05-16,8.5,8.6,8.21,8.25,814024.0,6837859.0,123134100.0,0.0066108738359235,000568
2002-05-17,8.22,8.46,8.18,8.45,747224.0,6214114.0,123134100.0,0.0060683758601394,000568
2002-05-20,8.44,8.45,8.1,8.3,660147.0,5434770.0,123134100.0,0.0053612037607778,000568
2002-05-21,8.58,8.77,8.38,8.77,1454012.0,12511869.0,123134100.0,0.0118083617779315,000568
2002-05-22,8.77,9.06,8.6,9.05,2909052.0,25848349.0,123134100.0,0.0236250721774065,000568
2002-05-23,9.05,9.18,8.9,8.95,2202659.0,19932767.0,123134100.0,0.0178882941443515,000568
2002-05-24,8.92,8.95,8.57,8.68,1415818.0,12367532.0,123134100.0,0.011498179626927,000568
2002-05-27,8.71,8.92,8.61,8.9,960761.0,8434419.0,123134100.0,0.0078025583489869,000568
2002-05-28,8.91,8.96,8.82,8.86,627463.0,5574413.0,123134100.0,0.0050957695715484,000568
2002-05-29,8.84,8.9,8.58,8.7,779307.0,6802356.0,123134100.0,0.0063289291918323,000568
2002-05-30,8.7,9.1,8.53,9.07,2339855.0,20793926.0,123134100.0,0.0190024940288677,000568
2002-05-31,9.02,9.08,8.92,8.99,1164018.0,10466787.0,123134100.0,0.0094532546223994,000568
2002-06-03,8.91,9.06,8.83,8.95,1019071.0,9082539.0,123134100.0,0.0082761071059925,000568
2002-06-04,8.98,9.25,8.9,9.16,1539881.0,13953481.0,123134100.0,0.0125057234348567,000568
2002-06-05,9.08,9.2,8.76,8.79,1306588.0,11651686.0,123134100.0,0.0106110979817938,000568
2002-06-06,8.74,9.28,8.56,9.21,2642120.0,23747658.0,123134100.0,0.0214572567631549,000568
2002-06-07,9.13,9.32,9.05,9.2,2677041.0,24667976.0,123134100.0,0.0217408581375914,000568
2002-06-10,9.23,9.29,9.1,9.18,1169786.0,10757889.0,123134100.0,0.0095000978607875,000568
2002-06-11,9.18,9.25,9.05,9.19,1026424.0,9364896.0,123134100.0,0.0083358224894647,000568
2002-06-12,9.15,9.24,8.89,9.05,938802.0,8472901.0,123134100.0,0.0076242243212887,000568
2002-06-13,9.05,9.1,8.79,8.82,890840.0,7933445.0,123134100.0,0.0072347140231666,000568
2002-06-14,8.79,8.9,8.73,8.78,556900.0,4902740.0,123134100.0,0.0045227114178769,000568
2002-06-17,8.76,8.8,8.68,8.79,318249.0,2777749.0,123134100.0,0.0025845724295706,000568
2002-06-18,8.78,9.04,8.78,8.95,683226.0,6129631.0,123134100.0,0.0055486335629204,000568
2002-06-19,8.96,8.97,8.73,8.74,371481.0,3277725.0,123134100.0,0.003016881594944,000568
2002-06-20,8.74,8.88,8.73,8.84,489800.0,4301254.0,123134100.0,0.003977777073938,000568
2002-06-21,8.85,9.2,8.85,9.07,1677902.0,15229071.0,123134100.0,0.0136266233317984,000568
2002-06-24,9.98,9.98,9.54,9.98,5675079.0,55977642.0,123134100.0,0.0460886058370508,000568
2002-06-25,9.95,9.97,9.6,9.65,3063034.0,30029965.0,123134100.0,0.0248755949814064,000568
2002-06-26,9.55,9.8,9.42,9.67,1674684.0,16101621.0,123134100.0,0.0136004892227254,000568
2002-06-27,9.81,9.85,9.58,9.66,986164.0,9552701.0,123134100.0,0.0080088618831014,000568
2002-06-28,9.66,9.78,9.32,9.48,1553192.0,14754039.0,123134100.0,0.0126138250898816,000568
2002-07-01,9.48,9.7,9.48,9.5,661081.0,6321569.0,123134100.0,0.0053687889869662,000568
2002-07-02,9.51,9.95,9.43,9.92,1721150.0,16828641.0,123134100.0,0.0139778501649827,000568
2002-07-03,9.91,9.94,9.71,9.89,1060812.0,10465803.0,123134100.0,0.008615095249813,000568
2002-07-04,9.88,9.88,9.7,9.7,641654.0,6267905.0,123134100.0,0.0052110179064938,000568
2002-07-05,9.71,9.9,9.71,9.86,457744.0,4503739.0,123134100.0,0.0037174430153791,000568
2002-07-08,9.9,10.1,9.88,10.02,1094128.0,10958982.0,123134100.0,0.0088856620546217,000568
2002-07-09,10.1,10.1,9.9,9.94,552908.0,5507423.0,123134100.0,0.0044902914789648,000568
2002-07-10,9.98,9.98,9.69,9.71,802995.0,7852895.0,123134100.0,0.0065213048213289,000568
2002-07-11,9.7,9.85,9.65,9.78,594634.0,5802940.0,123134100.0,0.0048291578043775,000568
2002-07-12,9.8,9.95,9.7,9.9,785141.0,7733349.0,123134100.0,0.0063763084312144,000568
2002-07-15,9.8,9.9,9.68,9.68,434497.0,4224736.0,123134100.0,0.0035286488470699,000568
2002-07-16,9.78,9.8,9.47,9.53,633364.0,6079601.0,123134100.0,0.0051436929331517,000568
2002-07-17,9.58,9.75,9.45,9.74,417426.0,3976265.0,123134100.0,0.0033900113778392,000568
2002-07-18,9.8,9.84,9.67,9.7,471665.0,4589570.0,123134100.0,0.0038304986189853,000568
2002-07-19,9.68,9.72,9.56,9.66,352033.0,3389270.0,123134100.0,0.0028589399687007,000568
2002-07-22,9.62,9.62,9.45,9.48,416343.0,3961508.0,123134100.0,0.0033812160888007,000568
2002-07-23,9.45,9.5,9.28,9.32,449747.0,4212722.0,123134100.0,0.0036524975616015,000568
2002-07-24,9.35,9.45,9.32,9.37,255372.0,2390307.0,123134100.0,0.0020739340280231,000568
2002-07-25,9.42,9.45,9.28,9.3,186952.0,1744299.0,123134100.0,0.0015182796642034,000568
2002-07-26,9.33,9.39,9.28,9.3,190623.0,1774687.0,123134100.0,0.00154809268919,000568
2002-07-29,9.25,9.3,9.19,9.3,264179.0,2436897.0,123134100.0,0.0021454576758184,000568
2002-07-30,9.3,9.44,9.28,9.41,175036.0,1639606.0,123134100.0,0.001421507121098,000568
2002-07-31,9.41,9.41,9.23,9.25,159736.0,1485405.0,123134100.0,0.0012972523452073,000568
2002-08-01,9.2,9.32,9.12,9.25,195773.0,1798260.0,123134100.0,0.0015899170091794,000568
2002-08-02,9.19,9.25,9.18,9.19,145537.0,1338197.0,123134100.0,0.0011819390404445,000568
2002-08-05,9.19,9.26,9.08,9.11,139078.0,1269310.0,123134100.0,0.0011294840340734,000568
2002-08-06,9.06,9.28,9.06,9.14,253862.0,2336521.0,123134100.0,0.0020616709749776,000568
2002-08-07,9.17,9.3,9.17,9.21,125763.0,1162715.0,123134100.0,0.0010213498941398,000568
2002-08-08,9.21,9.26,9.11,9.15,134774.0,1234872.0,123134100.0,0.0010945302722803,000568
2002-08-09,9.15,9.17,9.06,9.11,111300.0,1012941.0,123134100.0,0.0009038925854007,000568
2002-08-12,9.05,9.08,8.83,8.87,324829.0,2907746.0,123134100.0,0.0026380101044308,000568
2002-08-13,8.87,8.98,8.84,8.88,175131.0,1556371.0,123134100.0,0.0014222786376803,000568
2002-08-14,8.9,9.15,8.85,9.02,283313.0,2560721.0,123134100.0,0.0023008492367264,000568
2002-08-15,9.0,9.07,8.82,8.88,253215.0,2254008.0,123134100.0,0.0020564165409906,000568
2002-08-16,8.83,9.03,8.83,8.9,221568.0,1976095.0,123134100.0,0.0017994040643493,000568
2002-08-19,8.9,9.09,8.8,8.94,396600.0,3554067.0,123134100.0,0.0032208787005386,000568
2002-08-20,8.94,9.14,8.9,9.06,387766.0,3510762.0,123134100.0,0.0031491357796093,000568
2002-08-21,9.06,9.15,9.0,9.04,251049.0,2273320.0,123134100.0,0.0020388259629136,000568
2002-08-22,9.04,9.13,8.99,9.07,508962.0,4604738.0,123134100.0,0.0041333960292071,000568
2002-08-23,9.05,9.11,9.04,9.09,273504.0,2479116.0,123134100.0,0.0022211881192943,000568
2002-08-26,9.03,9.03,8.78,8.89,717800.0,6346792.0,123134100.0,0.0058294168715246,000568
2002-08-27,8.88,8.89,8.8,8.87,322387.0,2850619.0,123134100.0,0.0026181780676514,000568
2002-08-28,8.85,8.93,8.85,8.89,171948.0,1526816.0,123134100.0,0.0013964287715588,000568
2002-08-29,8.92,8.92,8.71,8.73,282472.0,2485741.0,123134100.0,0.002294019284666,000568
2002-08-30,8.71,8.77,8.68,8.7,230597.0,2008392.0,123134100.0,0.0018727306245792,000568
2002-09-02,8.68,8.7,8.61,8.64,300235.0,2594409.0,123134100.0,0.0024382766431069,000568
2002-09-03,8.62,8.86,8.6,8.71,166258.0,1446341.0,123134100.0,0.0013502189888909,000568
2002-09-04,8.71,8.76,8.58,8.59,259730.0,2240394.0,123134100.0,0.0021093263360839,000568
2002-09-05,8.7,8.7,8.59,8.63,243443.0,2097252.0,123134100.0,0.0019770559089642,000568
2002-09-06,8.57,8.62,8.47,8.48,219030.0,1867815.0,123134100.0,0.0017787923897604,000568
2002-09-09,8.5,8.5,8.36,8.37,190966.0,1603375.0,123134100.0,0.0015508782701136,000568
2002-09-10,8.5,8.5,8.35,8.4,144664.0,1213070.0,123134100.0,0.0011748492091142,000568
2002-09-11,8.4,8.45,8.23,8.31,214541.0,1775819.0,123134100.0,0.0017423362009386,000568
2002-09-12,8.28,8.42,8.25,8.36,83153.0,694039.0,123134100.0,0.0006753044038978,000568
2002-09-13,8.38,8.4,8.29,8.3,94590.0,787391.0,123134100.0,0.0007681868791829,000568
2002-09-16,8.3,8.3,8.13,8.17,123400.0,1011456.0,123134100.0,0.0010021594343077,000568
2002-09-17,8.2,8.25,8.09,8.17,131833.0,1075824.0,123134100.0,0.0010706457431369,000568
2002-09-18,8.2,8.2,8.13,8.15,131700.0,1076056.0,123134100.0,0.0010695656199216,000568
2002-09-19,8.17,8.5,8.12,8.45,267540.0,2217118.0,123134100.0,0.0021727531203785,000568
2002-09-23,8.28,8.32,8.2,8.29,127181.0,1050004.0,123134100.0,0.0010328657942844,000568
2002-09-24,8.3,8.34,8.21,8.22,140240.0,1158454.0,123134100.0,0.0011389209000593,000568
2002-09-25,8.2,8.27,8.18,8.22,106210.0,873996.0,123134100.0,0.0008625555390423,000568
2002-09-26,8.17,8.26,8.17,8.2,102066.0,836248.0,123134100.0,0.0008289011735985,000568
2002-09-27,8.25,8.25,8.16,8.19,76522.0,626163.0,123134100.0,0.0006214525464513,000568
2002-10-08,8.18,8.2,8.08,8.11,114150.0,926805.0,123134100.0,0.0009270380828706,000568
2002-10-09,8.11,8.16,8.03,8.11,153823.0,1247957.0,123134100.0,0.0012492315288778,000568
2002-10-10,8.11,8.15,8.06,8.06,135202.0,1095297.0,123134100.0,0.0010980061575144,000568
2002-10-11,8.19,8.19,8.05,8.09,85512.0,691247.0,123134100.0,0.0006944623788211,000568
2002-10-14,8.0,8.01,7.85,7.92,186909.0,1482221.0,123134100.0,0.0015179304514346,000568
2002-10-15,7.9,7.9,7.8,7.85,201717.0,1580775.0,123134100.0,0.0016381895835515,000568
2002-10-16,7.83,8.04,7.83,8.04,200764.0,1600017.0,123134100.0,0.0016304500540467,000568
2002-10-17,8.05,8.05,7.9,7.96,176404.0,1400738.0,123134100.0,0.0014326169598835,000568
2002-10-18,7.96,8.14,7.91,8.1,288554.0,2317188.0,123134100.0,0.0023434125883894,000568
2002-10-21,8.1,8.35,8.09,8.35,728415.0,5980948.0,123134100.0,0.0059156236980657,000568
2002-10-22,8.35,8.42,8.28,8.39,544678.0,4553723.0,123134100.0,0.0044234537792536,000568
2002-10-23,8.39,8.39,8.3,8.32,185714.0,1546416.0,123134100.0,0.0015082255849516,000568
2002-10-24,8.32,8.33,8.19,8.2,260420.0,2144402.0,123134100.0,0.0021149299828398,000568
2002-10-25,8.18,8.33,8.18,8.24,152950.0,1261174.0,123134100.0,0.0012421416975476,000568
2002-10-28,8.06,8.08,7.84,7.85,220183.0,1743443.0,123134100.0,0.0017881561647017,000568
2002-10-29,7.99,7.99,7.82,7.9,162922.0,1284777.0,123134100.0,0.0013231265750104,000568
2002-10-30,7.9,8.1,7.86,8.0,101335.0,810098.0,123134100.0,0.0008229645565282,000568
2002-10-31,7.95,8.1,7.94,7.95,126566.0,1014728.0,123134100.0,0.0010278712395672,000568
2002-11-01,7.95,8.0,7.88,7.95,123393.0,979631.0,123134100.0,0.0010021025857175,000568
2002-11-04,7.95,8.06,7.94,8.03,335136.0,2677027.0,123134100.0,0.0027217155929998,000568
2002-11-05,8.02,8.25,8.02,8.19,728256.0,5903899.0,123134100.0,0.0059143324229437,000568
2002-11-06,8.2,8.2,8.08,8.1,433979.0,3530431.0,123134100.0,0.0035244420513895,000568
2002-11-07,8.1,8.18,8.05,8.16,900577.0,7310036.0,123134100.0,0.0073137904122416,000568
2002-11-08,8.16,8.2,7.82,7.87,951186.0,7585543.0,123134100.0,0.0077247975987155,000568
2002-11-11,7.95,8.05,7.88,8.0,599952.0,4787752.0,123134100.0,0.0048723464905334,000568
2002-11-12,8.05,8.07,7.71,7.79,951011.0,7475757.0,123134100.0,0.0077233763839586,000568
2002-11-13,7.78,7.9,7.73,7.84,422649.0,3303792.0,123134100.0,0.0034324285474129,000568
2002-11-14,7.81,7.88,7.75,7.75,248500.0,1937595.0,123134100.0,0.0020181249548256,000568
2002-11-15,7.75,7.84,7.59,7.65,907280.0,6976485.0,123134100.0,0.0073682269980452,000568
2002-11-18,7.67,7.7,7.6,7.66,267781.0,2050563.0,123134100.0,0.0021747103361294,000568
2002-11-19,7.68,7.77,7.65,7.75,376913.0,2904020.0,123134100.0,0.0030609961009988,000568
2002-11-20,7.75,7.75,7.6,7.6,236707.0,1810077.0,123134100.0,0.0019223513226636,000568
2002-11-21,7.58,7.62,7.12,7.15,470240.0,3483131.0,123134100.0,0.0038189258702504,000568
2002-11-22,7.14,7.3,7.01,7.2,548326.0,3943597.0,123134100.0,0.004453080016015,000568
2002-11-25,7.2,7.26,7.05,7.19,182255.0,1304874.0,123134100.0,0.0014801342601277,000568
2002-11-26,7.2,7.26,7.18,7.21,418472.0,3019109.0,123134100.0,0.003398506181472,000568
2002-11-27,7.2,7.35,7.08,7.29,841845.0,6090694.0,123134100.0,0.006836814497365,000568
2002-11-28,7.3,7.52,7.14,7.5,479549.0,3528278.0,123134100.0,0.0038945263740913,000568
2002-11-29,7.5,7.7,7.41,7.56,906205.0,6870775.0,123134100.0,0.0073594966788241,000568
2002-12-02,7.67,7.67,7.25,7.26,360300.0,2675760.0,123134100.0,0.0029260781538176,000568
2002-12-03,7.24,7.35,7.19,7.3,178746.0,1300398.0,123134100.0,0.0014516368739447,000568
2002-12-04,7.32,7.48,7.29,7.37,257629.0,1903649.0,123134100.0,0.0020922636377737,000568
2002-12-05,7.4,7.67,7.39,7.59,1134528.0,8571952.0,123134100.0,0.0092137596327905,000568
2002-12-06,7.6,7.82,7.6,7.76,1503585.0,11659313.0,123134100.0,0.0122109553730445,000568
2002-12-09,7.78,7.82,7.65,7.73,448687.0,3459541.0,160066504.0,0.0028031286295851,000568
2002-12-10,7.72,7.79,7.56,7.57,455486.0,3497282.0,160066504.0,0.0028456047243963,000568
2002-12-11,7.5,7.6,7.44,7.6,400952.0,3004618.0,160066504.0,0.0025049088346428,000568
2002-12-12,7.61,7.75,7.54,7.66,223034.0,1708889.0,160066504.0,0.0013933833402146,000568
2002-12-13,7.6,7.75,7.48,7.72,418537.0,3192443.0,160066504.0,0.0026147694210901,000568
2002-12-16,7.72,7.78,7.65,7.74,348518.0,2690392.0,160066504.0,0.0021773324917498,000568
2002-12-17,7.74,7.78,7.67,7.75,270061.0,2084563.0,160066504.0,0.0016871799736439,000568
2002-12-18,7.76,7.98,7.76,7.8,873368.0,6885488.0,160066504.0,0.0054562820963466,000568
2002-12-19,7.76,7.86,7.75,7.8,247302.0,1930071.0,160066504.0,0.0015449953226941,000568
2002-12-20,7.8,7.9,7.73,7.85,294527.0,2307714.0,160066504.0,0.0018400289419702,000568
2002-12-23,7.81,7.93,7.81,7.9,446522.0,3526893.0,160066504.0,0.0027896030015124,000568
2002-12-24,7.92,7.92,7.82,7.92,271423.0,2134918.0,160066504.0,0.0016956889368933,000568
2002-12-25,7.92,7.92,7.83,7.84,210042.0,1654505.0,160066504.0,0.0013122170769719,000568
2002-12-26,7.81,7.87,7.56,7.58,377966.0,2907282.0,160066504.0,0.0023613060231514,000568
2002-12-27,7.51,7.66,7.48,7.63,296851.0,2249375.0,160066504.0,0.0018545479071623,000568
2002-12-30,7.58,7.87,7.43,7.84,779034.0,6008169.0,160066504.0,0.0048669395565733,000568
2002-12-31,7.8,7.99,7.7,7.92,1831378.0,14384586.0,160066504.0,0.0114413569000045,000568
2003-01-02,7.57,7.74,7.55,7.6,363013.0,2764038.0,160066504.0,0.0022678886021025,000568
2003-01-03,7.55,7.65,7.5,7.56,148430.0,1126002.0,160066504.0,0.0009273020668958,000568
2003-01-06,7.56,7.65,7.46,7.63,144240.0,1092597.0,160066504.0,0.0009011254472078,000568
2003-01-07,7.66,7.66,7.55,7.63,116500.0,888880.0,160066504.0,0.0007278224805859,000568
2003-01-08,7.56,7.78,7.56,7.74,226093.0,1737264.0,160066504.0,0.0014124941468078,000568
2003-01-09,7.8,7.99,7.71,7.9,725503.0,5716031.0,160066504.0,0.0045325098122965,000568
2003-01-10,7.88,8.05,7.84,7.86,590781.0,4685374.0,160066504.0,0.0036908471493823,000568
2003-01-13,7.88,8.0,7.88,7.95,249977.0,1981298.0,160066504.0,0.0015617071264328,000568
2003-01-14,7.95,8.27,7.95,8.16,2480314.0,20095466.0,160066504.0,0.0154955217863694,000568
2003-01-15,8.19,8.19,7.9,8.0,1303418.0,10485657.0,160066504.0,0.0081429778712478,000568
2003-01-16,7.99,8.04,7.9,8.01,884396.0,7055983.0,160066504.0,0.0055251784595732,000568
2003-01-17,8.03,8.04,7.93,7.94,556283.0,4425790.0,160066504.0,0.0034753242314831,000568
2003-01-20,7.93,7.93,7.81,7.89,402761.0,3169325.0,160066504.0,0.0025162103871525,000568
2003-01-21,8.0,8.04,7.83,7.85,386446.0,3053198.0,160066504.0,0.0024142840028542,000568
2003-01-22,7.8,7.9,7.8,7.86,285760.0,2238588.0,160066504.0,0.0017852579575299,000568
2003-01-23,7.82,7.88,7.68,7.7,513359.0,3977950.0,160066504.0,0.0032071606936576,000568
2003-01-24,7.7,7.76,7.6,7.72,834973.0,6399162.0,160066504.0,0.0052164130479166,000568
2003-01-27,7.77,7.89,7.7,7.87,513642.0,4013497.0,160066504.0,0.0032089287087821,000568
2003-01-28,7.83,7.87,7.76,7.82,532770.0,4149946.0,160066504.0,0.0033284290384701,000568
2003-01-29,7.83,7.83,7.73,7.77,720518.0,5594496.0,160066504.0,0.0045013665070113,000568
2003-02-10,7.83,7.83,7.63,7.65,229361.0,1762665.0,160066504.0,0.0014329106606838,000568
2003-02-11,7.62,7.82,7.62,7.82,237936.0,1828616.0,160066504.0,0.0014864821436969,000568
2003-02-12,7.82,7.87,7.76,7.85,352037.0,2750400.0,160066504.0,0.0021993171038457,000568
2003-02-14,7.8,7.95,7.75,7.94,772248.0,6081016.0,160066504.0,0.0048245446780045,000568
2003-02-17,7.94,7.98,7.79,7.8,474744.0,3746119.0,160066504.0,0.0029659172165089,000568
2003-02-18,7.81,7.81,7.7,7.78,315403.0,2439888.0,160066504.0,0.0019704497325686,000568
2003-02-19,7.74,7.79,7.65,7.78,397316.0,3059233.0,160066504.0,0.0024821932763646,000568
2003-02-20,7.8,7.84,7.72,7.83,253340.0,1973014.0,160066504.0,0.0015827171436192,000568
2003-02-21,7.85,7.86,7.66,7.67,314622.0,2422951.0,160066504.0,0.0019655705106172,000568
2003-02-24,7.6,7.75,7.6,7.67,131069.0,1007176.0,160066504.0,0.0008188408987804,000568
2003-02-25,7.65,7.8,7.65,7.8,351034.0,2717749.0,160066504.0,0.0021930509583691,000568
2003-02-26,7.81,7.82,7.74,7.78,221271.0,1719854.0,160066504.0,0.0013823691682552,000568
2003-02-27,7.78,7.82,7.71,7.73,236933.0,1836383.0,160066504.0,0.0014802159982203,000568
2003-02-28,7.78,7.87,7.71,7.74,245230.0,1902713.0,160066504.0,0.0015320507031252,000568
2003-03-03,7.74,7.76,7.66,7.74,301504.0,2320426.0,160066504.0,0.0018836170745629,000568
2003-03-04,7.75,7.78,7.69,7.72,224329.0,1730733.0,160066504.0,0.0014014737274451,000568
2003-03-05,7.73,7.79,7.68,7.7,166824.0,1285077.0,160066504.0,0.001042216802586,000568
2003-03-06,7.77,7.77,7.54,7.56,385927.0,2946644.0,160066504.0,0.0024110416005587,000568
2003-03-07,7.49,7.59,7.45,7.48,611170.0,4573134.0,160066504.0,0.0038182254545897,000568
2003-03-10,7.46,7.5,7.26,7.27,434800.0,3196076.0,160066504.0,0.0027163709404186,000568
2003-03-11,7.27,7.36,7.26,7.34,247370.0,1812940.0,160066504.0,0.0015454201461162,000568
2003-03-12,7.38,7.69,7.38,7.48,466770.0,3492212.0,160066504.0,0.0029161004228592,000568
2003-03-13,7.52,7.53,7.4,7.43,267053.0,1985720.0,160066504.0,0.0016683877846173,000568
2003-03-14,7.4,7.43,7.32,7.32,145769.0,1072016.0,160066504.0,0.0009106777268028,000568
2003-03-17,7.32,7.59,7.3,7.44,315601.0,2343738.0,160066504.0,0.0019716867184154,000568
2003-03-18,7.45,7.55,7.3,7.32,269733.0,2010616.0,160066504.0,0.0016851308253724,000568
2003-03-19,7.35,7.49,7.32,7.4,246216.0,1826378.0,160066504.0,0.0015382106427463,000568
2003-03-20,7.4,7.43,7.3,7.32,265229.0,1952933.0,160066504.0,0.0016569925210586,000568
2003-03-21,7.35,7.42,7.34,7.41,273395.0,2020586.0,160066504.0,0.0017080088161355,000568
2003-03-24,7.3,7.45,7.3,7.41,102093.0,755038.0,160066504.0,0.0006378161417206,000568
2003-03-25,7.34,7.43,7.33,7.4,124092.0,916180.0,160066504.0,0.0007752527661877,000568
2003-03-26,7.39,7.42,7.35,7.37,139672.0,1030860.0,160066504.0,0.0008725873090849,000568
2003-03-27,7.37,7.55,7.34,7.53,382490.0,2849208.0,160066504.0,0.0023895692755306,000568
2003-03-28,7.52,7.55,7.45,7.48,296277.0,2219115.0,160066504.0,0.0018509618976872,000568
2003-03-31,7.5,7.58,7.45,7.53,262847.0,1976135.0,160066504.0,0.001642111206477,000568
2003-04-01,7.5,7.61,7.5,7.58,413660.0,3122798.0,160066504.0,0.0025843008353577,000568
2003-04-02,7.55,7.58,7.49,7.58,286600.0,2159984.0,160066504.0,0.001790505776274,000568
2003-04-03,7.58,7.59,7.51,7.51,214379.0,1616135.0,160066504.0,0.0013393120649402,000568
2003-04-04,7.49,7.59,7.48,7.51,307689.0,2319267.0,160066504.0,0.0019222572637683,000568
2003-04-07,7.48,7.54,7.45,7.53,451746.0,3385929.0,160066504.0,0.0028222394361783,000568
2003-04-08,7.54,7.54,7.45,7.48,348524.0,2612084.0,160066504.0,0.0021773699761694,000568
2003-04-09,7.4,7.53,7.4,7.53,541259.0,4049583.0,160066504.0,0.0033814632448022,000568
2003-04-10,7.55,7.71,7.48,7.65,803525.0,6111627.0,160066504.0,0.0050199447099812,000568
2003-04-11,7.6,7.88,7.3,7.79,2799205.0,21176931.0,160066504.0,0.0174877624615328,000568
2003-04-14,7.68,8.34,7.68,8.31,4707055.0,38296347.0,160066504.0,0.0294068707841585,000568
2003-04-15,8.3,8.88,8.2,8.83,8101991.0,69974938.0,160066504.0,0.0506164050412446,000568
2003-04-16,8.81,8.93,8.53,8.59,3392667.0,29433287.0,160066504.0,0.0211953588990736,000568
2003-04-17,8.6,8.94,8.56,8.91,4501739.0,39548289.0,160066504.0,0.0281241789350256,000568
2003-04-18,8.9,9.08,8.65,8.85,2701193.0,24019954.0,160066504.0,0.0168754419725441,000568
2003-04-21,8.87,8.87,8.55,8.77,1606719.0,13869469.0,160066504.0,0.0100378215294812,000568
2003-04-22,8.75,8.85,8.56,8.83,810952.0,7044697.0,160066504.0,0.005066344174044,000568
2003-04-23,8.83,8.89,8.65,8.88,1409575.0,12392576.0,160066504.0,0.0088061834598449,000568
2003-04-24,8.89,8.92,8.5,8.64,1558688.0,13568236.0,160066504.0,0.009737752503172,000568
2003-04-25,8.55,8.62,8.19,8.53,1480147.0,12418621.0,160066504.0,0.0092470752031917,000568
2003-04-28,8.35,8.86,8.1,8.84,1890508.0,16292851.0,160066504.0,0.0118107658551722,000568
2003-04-29,8.87,8.87,8.5,8.52,825707.0,7100410.0,160066504.0,0.0051585246092461,000568
2003-04-30,8.5,8.73,8.38,8.6,567215.0,4866973.0,160066504.0,0.0035436208439961,000568
2003-05-12,8.48,8.69,8.34,8.64,503531.0,4228674.0,160066504.0,0.0031457612143512,000568
2003-05-13,8.58,8.58,8.18,8.22,577009.0,4781512.0,160066504.0,0.0036048079115915,000568
2003-05-14,8.1,8.58,8.1,8.57,1681492.0,14064153.0,160066504.0,0.0105049586139521,000568
2003-05-15,8.48,9.04,8.33,9.01,4464334.0,39044214.0,160066504.0,0.0278904948158298,000568
2003-05-16,8.95,9.2,8.85,9.05,3603292.0,32673420.0,160066504.0,0.0225112182121501,000568
2003-05-19,9.15,9.58,9.12,9.34,3211043.0,29968765.0,160066504.0,0.0200606805281384,000568
2003-05-20,9.2,9.3,9.0,9.13,2006250.0,18176967.0,160066504.0,0.0125338528040819,000568
2003-05-21,9.06,9.21,8.92,9.07,1325491.0,11995039.0,160066504.0,0.0082808768035566,000568
2003-05-22,8.99,9.03,8.79,8.91,1427045.0,12670666.0,160066504.0,0.0089153255949164,000568
2003-05-23,8.91,9.09,8.81,9.04,2314026.0,20823288.0,160066504.0,0.0144566535919345,000568
2003-05-26,9.0,9.08,8.8,8.94,2437021.0,21715688.0,160066504.0,0.0152250529567385,000568
2003-05-27,8.88,8.94,8.67,8.92,3279841.0,28763489.0,160066504.0,0.0204904893780899,000568
2003-05-28,8.82,8.86,8.67,8.81,2239336.0,19655702.0,160066504.0,0.0139900350419348,000568
2003-05-29,8.8,8.94,8.7,8.94,3466398.0,30620465.0,160066504.0,0.0216559861893404,000568
2003-05-30,8.94,9.07,8.88,9.06,3281812.0,29518573.0,160066504.0,0.0205028030099289,000568
2003-06-02,8.96,9.27,8.93,9.21,5745507.0,52550745.0,160066504.0,0.0358944992014069,000568
2003-06-03,9.25,9.29,9.05,9.1,4125822.0,37687433.0,160066504.0,0.0257756738411679,000568
2003-06-04,9.12,9.24,8.8,9.06,5452766.0,49145125.0,160066504.0,0.0340656281216712,000568
2003-06-05,9.03,9.11,8.9,9.05,6326587.0,57029709.0,160066504.0,0.0395247402916977,000568
2003-06-06,8.99,8.99,8.68,8.79,5042281.0,44547655.0,160066504.0,0.0315011627916856,000568
2003-06-09,8.78,9.11,8.69,9.0,5704091.0,51283592.0,160066504.0,0.0356357567477078,000568
2003-06-10,8.96,9.08,8.83,8.95,2373976.0,21250420.0,160066504.0,0.0148311854177811,000568
2003-06-11,8.92,8.99,8.8,8.97,2073295.0,18411956.0,160066504.0,0.0129527099561067,000568
2003-06-12,8.93,8.96,8.75,8.96,2146648.0,18947492.0,160066504.0,0.0134109757279386,000568
2003-06-13,8.89,8.99,8.75,8.88,2880439.0,25384858.0,160066504.0,0.0179952640185107,000568
2003-06-16,8.88,8.88,8.71,8.78,996903.0,8732318.0,160066504.0,0.0062280550589147,000568
2003-06-17,8.73,8.77,8.6,8.75,1239991.0,10761905.0,160066504.0,0.0077467238242424,000568
2003-06-18,8.7,8.77,8.6,8.71,1591964.0,13808309.0,160066504.0,0.0099456410942791,000568
2003-06-19,8.7,8.72,8.6,8.65,668003.0,5768286.0,160066504.0,0.0041732841244536,000568
2003-06-20,8.6,8.85,8.6,8.78,3415629.0,29762122.0,160066504.0,0.0213388117728866,000568
2003-06-24,8.75,8.75,8.57,8.63,2037327.0,17579754.0,160066504.0,0.0127280033554053,000568
2003-06-25,8.61,8.9,8.6,8.89,12941059.0,112687668.0,160066504.0,0.0808480142728674,000568
2003-06-26,8.74,8.86,8.6,8.69,8098398.0,70573762.0,160066504.0,0.0505939581213068,000568
2003-06-27,8.66,8.66,8.25,8.3,4794885.0,40166268.0,160066504.0,0.0299555802130844,000568
2003-06-30,8.2,8.36,8.14,8.3,1866273.0,15474414.0,160066504.0,0.0116593600370006,000568
2003-07-01,8.3,8.43,8.26,8.31,3062842.0,25525938.0,160066504.0,0.0191348091165906,000568
2003-07-02,8.28,8.65,8.26,8.6,4315033.0,36504842.0,160066504.0,0.0269577512606884,000568
2003-07-03,8.55,8.62,8.38,8.45,2346582.0,19803272.0,160066504.0,0.0146600440526895,000568
2003-07-04,8.43,8.5,8.3,8.38,1948750.0,16321418.0,160066504.0,0.0121746271162391,000568
2003-07-07,8.39,8.49,8.35,8.41,1531926.0,12889523.0,160066504.0,0.009570559496945,000568
2003-07-08,8.47,8.47,8.28,8.34,2390647.0,19968681.0,160066504.0,0.0149353358776424,000568
2003-07-09,8.33,8.48,8.3,8.36,2471936.0,20738663.0,160066504.0,0.0154431810417999,000568
2003-07-10,5.13,5.3,5.1,5.26,4309982.0,22500358.0,256106405.0,0.0168288723587369,000568
2003-07-11,5.23,5.27,5.13,5.19,2866659.0,14882402.0,256106405.0,0.0111932343121211,000568
2003-07-14,5.16,5.22,5.1,5.18,2335285.0,11995206.0,256106405.0,0.0091184170110856,000568
2003-07-15,5.16,5.24,5.08,5.17,7687286.0,39540996.0,256106405.0,0.0300159849575023,000568
2003-07-16,5.15,5.17,5.08,5.14,2254785.0,11522821.0,256106405.0,0.0088040945325049,000568
2003-07-17,5.12,5.16,5.06,5.08,3386355.0,17232712.0,256106405.0,0.0132224533783135,000568
2003-07-18,5.08,5.08,4.98,4.98,3329746.0,16701093.0,256106405.0,0.0130014163448977,000568
2003-07-21,4.98,4.98,4.81,4.82,1346498.0,6523851.0,256106405.0,0.0052575725312297,000568
2003-07-22,4.88,4.93,4.82,4.89,736375.0,3586510.0,256106405.0,0.002875269753601,000568
2003-07-23,4.89,4.92,4.86,4.88,564857.0,2760981.0,256106405.0,0.0022055559289897,000568
2003-07-24,4.91,4.92,4.83,4.84,517548.0,2526744.0,256106405.0,0.0020208319272608,000568
2003-07-25,4.85,4.85,4.69,4.7,1379340.0,6541531.0,256106405.0,0.0053858082932365,000568
2003-07-28,4.62,4.66,4.54,4.59,1032802.0,4741817.0,256106405.0,0.0040327066400389,000568
2003-07-29,4.68,4.7,4.6,4.62,502536.0,2324136.0,256106405.0,0.0019622156657893,000568
2003-07-30,4.62,4.68,4.62,4.67,364188.0,1691537.0,256106405.0,0.0014220183208615,000568
2003-07-31,4.66,4.67,4.61,4.63,353297.0,1637033.0,256106405.0,0.0013794930275172,000568
2003-08-01,4.66,4.66,4.58,4.63,393552.0,1810758.0,256106405.0,0.0015366737899428,000568
2003-08-04,4.63,4.72,4.62,4.71,812098.0,3790758.0,256106405.0,0.0031709398287012,000568
2003-08-05,4.7,4.73,4.64,4.66,364038.0,1701831.0,256106405.0,0.0014214326268021,000568
2003-08-06,4.67,4.72,4.67,4.7,427441.0,2007190.0,256106405.0,0.0016689976964847,000568
2003-08-07,4.71,4.71,4.64,4.65,425882.0,1989027.0,256106405.0,0.0016629103828933,000568
2003-08-08,4.65,4.65,4.58,4.58,566226.0,2606786.0,256106405.0,0.0022109013634391,000568
2003-08-11,4.57,4.63,4.54,4.63,324962.0,1487342.0,256106405.0,0.0012688554196838,000568
2003-08-12,4.65,4.82,4.55,4.74,2358701.0,11064804.0,256106405.0,0.0092098477583955,000568
2003-08-13,4.71,4.73,4.65,4.65,670051.0,3141838.0,256106405.0,0.002616299268267,000568
2003-08-14,4.64,4.67,4.57,4.57,532511.0,2454663.0,256106405.0,0.0020792568620062,000568
2003-08-15,4.56,4.61,4.55,4.57,486620.0,2223199.0,256106405.0,0.0019000696214528,000568
2003-08-18,4.55,4.58,4.52,4.53,243041.0,1104123.0,256106405.0,0.0009489844660464,000568
2003-08-19,4.52,4.59,4.51,4.53,354518.0,1606286.0,256106405.0,0.0013842605771612,000568
2003-08-20,4.53,4.53,4.44,4.45,666040.0,2977401.0,256106405.0,0.0026006378091168,000568
2003-08-21,4.45,4.53,4.43,4.47,468962.0,2110521.0,256106405.0,0.0018311217167723,000568
2003-08-22,4.45,4.5,4.45,4.47,310756.0,1390180.0,256106405.0,0.0012133862876252,000568
2003-08-25,4.47,4.47,4.36,4.38,387039.0,1705134.0,256106405.0,0.0015112429538808,000568
2003-08-26,4.39,4.44,4.38,4.39,218120.0,960979.0,256106405.0,0.0008516772550065,000568
2003-08-27,4.4,4.43,4.37,4.37,393059.0,1725755.0,256106405.0,0.0015347488088007,000568
2003-08-28,4.36,4.36,4.25,4.25,569500.0,2457597.0,256106405.0,0.0022236851124437,000568
2003-08-29,4.25,4.25,4.1,4.21,574121.0,2399634.0,256106405.0,0.0022417283941024,000568
2003-09-01,4.19,4.36,4.18,4.34,677945.0,2901106.0,256106405.0,0.0026471223943032,000568
2003-09-02,4.36,4.36,4.24,4.27,569958.0,2441152.0,256106405.0,0.0022254734316386,000568
2003-09-03,4.26,4.29,4.18,4.27,675639.0,2856351.0,256106405.0,0.0026381183242957,000568
2003-09-04,4.27,4.35,4.27,4.28,570317.0,2458630.0,256106405.0,0.0022268751927543,000568
2003-09-05,4.28,4.3,4.23,4.24,400300.0,1701680.0,256106405.0,0.0015630222133647,000568
2003-09-08,4.2,4.22,4.15,4.18,411199.0,1722799.0,256106405.0,0.0016055787437256,000568
2003-09-09,4.2,4.3,4.18,4.21,649822.0,2758404.0,256106405.0,0.0025373125674072,000568
2003-09-10,4.22,4.24,4.19,4.22,180508.0,761825.0,256106405.0,0.0007048164219086,000568
2003-09-11,4.21,4.24,4.2,4.2,160302.0,674972.0,256106405.0,0.0006259195274714,000568
2003-09-12,4.18,4.19,4.11,4.13,577870.0,2390240.0,256106405.0,0.002256366840962,000568
2003-09-15,4.1,4.15,4.07,4.08,392072.0,1603348.0,256106405.0,0.0015308949418894,000568
2003-09-16,4.09,4.13,4.07,4.11,255696.0,1046934.0,256106405.0,0.0009983975215301,000568
2003-09-17,4.15,4.15,4.06,4.06,224200.0,914469.0,256106405.0,0.0008754173875503,000568
2003-09-18,4.05,4.1,4.0,4.04,378380.0,1527190.0,256106405.0,0.0014774327881413,000568
2003-09-19,4.08,4.08,4.01,4.06,264464.0,1068124.0,256106405.0,0.0010326332916195,000568
2003-09-22,4.1,4.1,4.02,4.05,266673.0,1077065.0,256106405.0,0.0010412586128019,000568
2003-09-23,4.05,4.1,4.03,4.09,224766.0,914737.0,256106405.0,0.000877627406468,000568
2003-09-24,4.07,4.2,4.07,4.19,652759.0,2704094.0,256106405.0,0.0025487804570916,000568
2003-09-25,4.2,4.2,4.1,4.12,359573.0,1487346.0,256106405.0,0.0014039984669653,000568
2003-09-26,4.1,4.17,4.09,4.14,395296.0,1634231.0,256106405.0,0.0015434834595409,000568
2003-09-29,4.14,4.14,4.05,4.08,298817.0,1218376.0,256106405.0,0.0011667689451187,000568
2003-09-30,4.08,4.15,4.07,4.11,224944.0,920923.0,256106405.0,0.0008783224300852,000568
2003-10-08,4.1,4.14,4.06,4.12,165356.0,678797.0,256106405.0,0.0006456535126483,000568
2003-10-09,4.1,4.14,4.08,4.12,236579.0,973539.0,256106405.0,0.0009237527659645,000568
2003-10-10,4.14,4.24,4.1,4.22,762383.0,3183458.0,256106405.0,0.0029768212942585,000568
2003-10-13,4.21,4.24,4.12,4.14,425120.0,1773216.0,256106405.0,0.0016599350570712,000568
2003-10-14,4.14,4.29,4.12,4.24,1097626.0,4644592.0,256106405.0,0.0042858201847782,000568
2003-10-15,4.22,4.39,4.19,4.3,1577538.0,6789830.0,256106405.0,0.0061596975678917,000568
2003-10-16,4.29,4.29,4.17,4.19,609165.0,2577779.0,256106405.0,0.0023785621449022,000568
2003-10-17,4.17,4.28,4.16,4.22,355362.0,1499338.0,256106405.0,0.0013875560824025,000568
2003-10-20,4.22,4.27,4.2,4.21,359972.0,1522620.0,256106405.0,0.0014055564131635,000568
2003-10-21,4.2,4.2,4.1,4.16,429964.0,1785237.0,256106405.0,0.001678849070565,000568
2003-10-22,4.17,4.3,4.1,4.25,1052868.0,4438713.0,256106405.0,0.0041110568866873,000568
2003-10-23,4.25,4.31,4.21,4.28,913195.0,3910082.0,256106405.0,0.0035656859109009,000568
2003-10-24,4.3,4.3,4.2,4.27,620590.0,2631263.0,256106405.0,0.0024231725090983,000568
2003-10-27,4.27,4.39,4.26,4.29,1174447.0,5094975.0,256106405.0,0.0045857775403938,000568
2003-10-28,4.28,4.33,4.23,4.29,408164.0,1746272.0,256106405.0,0.0015937282005891,000568
2003-10-29,4.25,4.27,4.05,4.09,1288040.0,5317751.0,256106405.0,0.0050293158423741,000568
2003-10-30,4.05,4.1,4.0,4.02,1119407.0,4500861.0,256106405.0,0.0043708668668399,000568
2003-10-31,4.02,4.05,3.91,3.95,1049132.0,4170219.0,256106405.0,0.0040964691999795,000568
2003-11-03,3.93,4.02,3.89,3.98,1169852.0,4613960.0,256106405.0,0.0045678357790387,000568
2003-11-04,3.98,4.07,3.97,3.99,2169096.0,8719638.0,256106405.0,0.0084695109440937,000568
2003-11-05,4.0,4.0,3.9,3.93,1136976.0,4470393.0,256106405.0,0.0044394672597118,000568
2003-11-06,3.96,4.14,3.93,4.05,4447730.0,17894295.0,256106405.0,0.0173667269274269,000568
2003-11-07,4.03,4.03,3.9,3.94,1281022.0,5054395.0,256106405.0,0.0050019131696452,000568
2003-11-10,3.94,3.99,3.93,3.98,568162.0,2245480.0,256106405.0,0.0022184607214333,000568
2003-11-11,4.0,4.07,4.0,4.06,972378.0,3922564.0,256106405.0,0.0037967734543772,000568
2003-11-12,4.05,4.07,3.98,3.98,958000.0,3847627.0,256106405.0,0.0037406327264638,000568
2003-11-13,3.98,4.02,3.93,3.97,738715.0,2934838.0,256106405.0,0.0028844065809287,000568
2003-11-14,3.97,4.02,3.94,4.0,508721.0,2027942.0,256106405.0,0.0019863657841747,000568
2003-11-17,4.0,4.02,3.96,3.99,305560.0,1217942.0,256106405.0,0.0011930978454053,000568
2003-11-18,3.98,3.99,3.95,3.97,456665.0,1813050.0,256106405.0,0.0017831065177772,000568
2003-11-19,3.96,4.01,3.93,4.0,518651.0,2066720.0,256106405.0,0.0020251387309114,000568
2003-11-20,4.01,4.16,3.98,4.11,2460644.0,10031972.0,256106405.0,0.0096078971550906,000568
2003-11-21,4.11,4.18,4.04,4.06,1314457.0,5396347.0,256106405.0,0.0051324643755004,000568
2003-11-24,4.04,4.16,4.03,4.15,1446842.0,5957436.0,256106405.0,0.0056493784292509,000568
2003-11-25,4.17,4.4,4.15,4.32,6670005.0,28725826.0,256106405.0,0.02604388203411,000568
2003-11-26,4.35,4.66,4.34,4.6,14012963.0,62857233.0,256106405.0,0.0547153945642241,000568
2003-11-27,4.56,4.56,4.35,4.37,4482141.0,19869513.0,256106405.0,0.0175010890492957,000568
2003-11-28,4.35,4.4,4.3,4.34,1857261.0,8078828.0,256106405.0,0.0072519115638673,000568
2003-12-01,4.34,4.41,4.33,4.4,1790352.0,7861421.0,256106405.0,0.0069906568717014,000568
2003-12-02,4.38,4.43,4.33,4.36,1949951.0,8500718.0,256106405.0,0.0076138314463474,000568
2003-12-04,4.36,4.42,4.29,4.33,1921071.0,8324180.0,256106405.0,0.0075010658167647,000568
2003-12-05,4.31,4.42,4.3,4.41,1907609.0,8327322.0,256106405.0,0.007448501727241,000568
2003-12-08,4.41,4.46,4.3,4.31,819576.0,3586755.0,256106405.0,0.0032001386298792,000568
2003-12-09,4.3,4.36,4.28,4.33,689236.0,2970772.0,256106405.0,0.0026912095384728,000568
2003-12-10,4.33,4.38,4.3,4.37,1368533.0,5947789.0,256106405.0,0.0053436109885654,000568
2003-12-11,4.36,4.49,4.32,4.42,2046248.0,9026510.0,256106405.0,0.0079898353186442,000568
2003-12-12,4.42,4.42,4.36,4.38,688083.0,3008221.0,256106405.0,0.0026867075034691,000568
2003-12-15,4.4,4.4,4.32,4.35,589148.0,2567602.0,256106405.0,0.0023004032249798,000568
2003-12-16,4.35,4.37,4.26,4.3,1141580.0,4894141.0,256106405.0,0.0044574441627104,000568
2003-12-17,4.28,4.33,4.26,4.26,887322.0,3801486.0,256106405.0,0.003464661494897,000568
2003-12-18,4.25,4.26,4.15,4.21,1337126.0,5606377.0,256106405.0,0.0052209783663942,000568
2003-12-19,4.21,4.25,4.0,4.09,2167916.0,8849420.0,256106405.0,0.0084649034841592,000568
2003-12-22,4.02,4.14,4.02,4.13,1860338.0,7572465.0,256106405.0,0.0072639261013405,000568
2003-12-23,4.12,4.12,4.02,4.1,1848522.0,7530825.0,256106405.0,0.0072177890279628,000568
2003-12-24,4.1,4.1,4.04,4.07,1746983.0,7093293.0,256106405.0,0.0068213171006012,000568
2003-12-25,4.08,4.1,4.03,4.05,1470579.0,5958332.0,256106405.0,0.005742062561848,000568
2003-12-26,4.05,4.11,4.01,4.1,1908500.0,7742611.0,256106405.0,0.0074519807499543,000568
2003-12-29,4.07,4.14,4.07,4.11,1042867.0,4289169.0,256106405.0,0.0040720067114291,000568
2003-12-30,4.13,4.19,4.13,4.15,1253240.0,5210679.0,256106405.0,0.0048934348205777,000568
2003-12-31,4.18,4.18,4.07,4.09,917282.0,3774683.0,256106405.0,0.0035816441217079,000568
2004-01-02,4.08,4.09,4.02,4.09,1487793.0,6016998.0,256106405.0,0.0058092768121125,000568
2004-01-05,4.09,4.09,4.02,4.04,2009256.0,8114340.0,256106405.0,0.0078453953543254,000568
2004-01-06,4.04,4.05,3.93,3.98,2705666.0,10776340.0,256106405.0,0.0105646166873491,000568
2004-01-07,4.0,4.1,3.9,4.1,3907253.0,15800888.0,256106405.0,0.0152563658062358,000568
2004-01-08,4.16,4.27,4.15,4.26,9978367.0,42023343.0,256106405.0,0.0389618018338901,000568
2004-01-09,4.27,4.29,4.15,4.15,3950015.0,16645421.0,256106405.0,0.0154233354687087,000568
2004-01-12,4.15,4.15,4.05,4.12,2114181.0,8654517.0,256106405.0,0.0082550883489227,000568
2004-01-13,4.11,4.15,4.08,4.14,2762425.0,11344096.0,256106405.0,0.0107862394148244,000568
2004-01-14,4.12,4.14,4.08,4.12,1941092.0,7969503.0,256106405.0,0.0075792403551953,000568
2004-01-15,4.12,4.21,4.09,4.17,2989409.0,12435319.0,256106405.0,0.0116725272841184,000568
2004-01-16,4.17,4.22,4.16,4.19,2423272.0,10165190.0,256106405.0,0.0094619734324879,000568
2004-01-29,4.2,4.26,4.18,4.25,2713961.0,11484382.0,256106405.0,0.0105970055688376,000568
2004-01-30,4.28,4.3,4.22,4.27,4724262.0,20153210.0,256106405.0,0.0184464812584441,000568
2004-02-02,4.29,4.41,4.24,4.4,6464528.0,28150169.0,256106405.0,0.0252415709790623,000568
2004-02-03,4.4,4.62,4.36,4.58,10664728.0,48108746.0,256106405.0,0.0416417855695565,000568
2004-02-04,4.58,4.58,4.47,4.55,8545248.0,38591069.0,256106405.0,0.0333660066018263,000568
2004-02-05,4.52,4.68,4.51,4.68,9726718.0,44955380.0,256106405.0,0.0379792063380843,000568
2004-02-06,4.69,4.74,4.6,4.6,10281731.0,47900737.0,256106405.0,0.0401463251182648,000568
2004-02-09,4.6,4.69,4.55,4.68,5700212.0,26345105.0,256106405.0,0.0222572020406908,000568
2004-02-10,4.7,4.83,4.69,4.8,11913892.0,56795324.0,256106405.0,0.046519305130225,000568
2004-02-11,4.81,4.85,4.65,4.74,5914975.0,27980318.0,256106405.0,0.0230957714626465,000568
2004-02-12,4.74,4.92,4.74,4.83,8250123.0,40018811.0,256106405.0,0.0322136535398245,000568
2004-02-13,4.83,4.84,4.65,4.67,4895454.0,23139216.0,256106405.0,0.0191149221746328,000568
2004-02-16,4.67,4.74,4.67,4.74,3946150.0,18557923.0,256106405.0,0.0154082440851098,000568
2004-02-17,4.75,4.78,4.7,4.76,4412038.0,20945026.0,256106405.0,0.0172273629782902,000568
2004-02-18,4.75,4.76,4.67,4.74,4848401.0,22822311.0,256106405.0,0.0189311977574321,000568
2004-02-19,4.74,4.85,4.7,4.84,5467065.0,26026411.0,256106405.0,0.0213468499548068,000568
2004-02-20,4.84,4.87,4.76,4.82,4494347.0,21615299.0,256106405.0,0.0175487489272281,000568
2004-02-23,4.85,4.95,4.8,4.81,7305570.0,35703183.0,256106405.0,0.0285255263334784,000568
2004-02-24,4.78,4.79,4.6,4.74,4608921.0,21560615.0,256106405.0,0.0179961176683574,000568
2004-02-25,4.75,4.82,4.6,4.62,4006194.0,19010015.0,256106405.0,0.0156426935124875,000568
2004-02-26,4.6,4.68,4.51,4.65,3470387.0,15892648.0,256106405.0,0.0135505669996812,000568
2004-02-27,4.62,4.67,4.58,4.65,2539058.0,11738631.0,256106405.0,0.0099140745816177,000568
2004-03-01,4.66,4.68,4.55,4.68,2311446.0,10696491.0,256106405.0,0.009025334606528,000568
2004-03-02,4.68,4.74,4.62,4.7,2473097.0,11582258.0,256106405.0,0.0096565214759076,000568
2004-03-03,4.7,4.71,4.59,4.6,1998355.0,9277359.0,256106405.0,0.0078028310147104,000568
2004-03-04,4.6,4.63,4.51,4.63,1806631.0,8262998.0,256106405.0,0.0070542202956618,000568
2004-03-05,4.63,4.64,4.55,4.55,1518930.0,6968311.0,256106405.0,0.0059308551849767,000568
2004-03-08,4.55,4.6,4.51,4.52,1571580.0,7137160.0,256106405.0,0.0061364337998497,000568
2004-03-09,4.51,4.54,4.43,4.44,1426502.0,6406640.0,256106405.0,0.0055699583147871,000568
2004-03-10,4.43,4.53,4.42,4.53,1424338.0,6360996.0,256106405.0,0.0055615087018225,000568
2004-03-11,4.53,4.61,4.48,4.56,1875203.0,8534275.0,256106405.0,0.0073219683826337,000568
2004-03-12,4.6,4.6,4.5,4.56,1167322.0,5301401.0,256106405.0,0.0045579570725691,000568
2004-03-15,4.53,4.63,4.53,4.62,1923836.0,8846908.0,256106405.0,0.0075118621105942,000568
2004-03-16,4.63,4.7,4.6,4.69,2454066.0,11402555.0,256106405.0,0.0095822125182695,000568
2004-03-17,4.69,4.9,4.68,4.88,8178301.0,39269765.0,256106405.0,0.0319332154148975,000568
2004-03-18,4.95,4.95,4.78,4.92,8790553.0,42853379.0,256106405.0,0.0343238311435436,000568
2004-03-19,4.98,5.07,4.86,5.04,19259960.0,96216522.0,256106405.0,0.0752029610505055,000568
2004-03-22,5.04,5.07,4.94,4.97,7282084.0,36391932.0,256106405.0,0.0284338222622741,000568
2004-03-23,4.97,4.99,4.8,4.91,4612521.0,22601285.0,256106405.0,0.0180101743257846,000568
2004-03-24,4.88,4.9,4.8,4.84,4835685.0,23436978.0,256106405.0,0.0188815465196975,000568
2004-03-25,4.83,4.87,4.73,4.77,3259662.0,15592250.0,256106405.0,0.0127277644618064,000568
2004-03-26,4.78,4.85,4.73,4.78,2535767.0,12140699.0,256106405.0,0.009901224453953,000568
2004-03-29,4.78,4.84,4.76,4.78,1737256.0,8340014.0,256106405.0,0.0067833367931582,000568
2004-03-30,4.77,4.8,4.73,4.8,1544922.0,7353571.0,256106405.0,0.0060323442516012,000568
2004-03-31,4.8,4.85,4.78,4.83,1889503.0,9100819.0,256106405.0,0.0073778045496363,000568
2004-04-01,4.83,4.87,4.77,4.83,2072636.0,9977791.0,256106405.0,0.0080928706175856,000568
2004-04-02,4.83,4.98,4.8,4.97,5773785.0,28284500.0,256106405.0,0.0225444771676053,000568
2004-04-05,4.98,5.05,4.93,5.0,5925014.0,29596920.0,256106405.0,0.0231349700137331,000568
2004-04-06,5.01,5.23,5.01,5.2,12554944.0,64633014.0,256106405.0,0.0490223741182888,000568
2004-04-07,5.22,5.25,5.16,5.21,7606936.0,39632464.0,256106405.0,0.029702248172981,000568
2004-04-08,5.21,5.7,5.2,5.44,18025718.0,98997928.0,256106405.0,0.0703837063348728,000568
2004-04-09,5.44,5.56,5.3,5.31,7219316.0,39259057.0,256106405.0,0.0281887366307765,000568
2004-04-12,5.25,5.5,5.19,5.43,5099083.0,27435690.0,256106405.0,0.0199100174788678,000568
2004-04-13,5.43,5.7,5.42,5.5,6990610.0,38973085.0,256106405.0,0.0272957249936798,000568
2004-04-14,5.5,5.52,5.22,5.26,5198662.0,27731904.0,256106405.0,0.0202988363371857,000568
2004-04-15,5.26,5.35,5.1,5.14,3041823.0,15994614.0,256106405.0,0.0118771844070045,000568
2004-04-16,5.12,5.26,5.09,5.25,3462235.0,17914392.0,256106405.0,0.0135187364798627,000568
2004-04-19,5.3,5.35,5.1,5.15,2244155.0,11698769.0,256106405.0,0.008762588346824,000568
2004-04-20,5.2,5.25,5.14,5.24,2313082.0,12022618.0,256106405.0,0.0090317225764033,000568
2004-04-21,5.3,5.33,5.07,5.11,2143495.0,11109645.0,256106405.0,0.0083695485866509,000568
2004-04-22,5.12,5.26,5.1,5.26,1646682.0,8506926.0,256106405.0,0.0064296791015437,000568
2004-04-23,5.26,5.26,5.11,5.15,1013422.0,5232145.0,256106405.0,0.0039570349675557,000568
2004-04-26,5.15,5.22,5.13,5.2,1215674.0,6288797.0,256106405.0,0.0047467536003248,000568
2004-04-27,5.2,5.35,5.18,5.3,3954340.0,20797623.0,256106405.0,0.0154402229807567,000568
2004-04-28,5.2,5.3,4.83,5.0,4188035.0,21130185.0,256106405.0,0.0163527148022713,000568
2004-04-29,4.99,5.05,4.73,4.77,2978638.0,14494328.0,256106405.0,0.0116304705460216,000568
2004-04-30,4.76,4.89,4.7,4.77,2188331.0,10504863.0,256106405.0,0.0085446164456527,000568
2004-05-10,4.8,4.83,4.67,4.72,682835.0,3245265.0,256106405.0,0.0026662160206418,000568
2004-05-11,4.72,4.81,4.72,4.78,591170.0,2822854.0,256106405.0,0.0023082983809014,000568
2004-05-12,4.8,4.89,4.78,4.87,2290592.0,11124618.0,256106405.0,0.0089439075137539,000568
2004-05-13,4.89,4.89,4.79,4.83,1150326.0,5550075.0,256106405.0,0.0044915940310044,000568
2004-05-14,4.84,4.91,4.7,4.72,1635110.0,7836389.0,256106405.0,0.0063844947571693,000568
2004-05-17,4.72,4.85,4.7,4.74,534778.0,2549608.0,256106405.0,0.0020881086515583,000568
2004-05-18,4.76,4.83,4.7,4.82,1160218.0,5521682.0,256106405.0,0.0045302186019127,000568
2004-05-19,4.82,4.91,4.75,4.9,2064759.0,10013417.0,256106405.0,0.0080621138702095,000568
2004-05-20,4.84,4.92,4.73,4.75,1082313.0,5208219.0,256106405.0,0.0042260286305608,000568
2004-05-21,4.75,4.81,4.72,4.78,608979.0,2904365.0,256106405.0,0.0023778358842684,000568
2004-05-24,4.8,4.83,4.79,4.81,821449.0,3952754.0,256106405.0,0.0032074519963684,000568
2004-05-25,4.82,4.82,4.6,4.62,1254466.0,5873498.0,256106405.0,0.0048982218933571,000568
2004-05-26,4.6,4.7,4.48,4.51,1363876.0,6221671.0,256106405.0,0.0053254271403325,000568
2004-05-27,4.51,4.62,4.44,4.59,1666817.0,7580221.0,256106405.0,0.0065082987674595,000568
2004-05-28,4.59,4.6,4.5,4.53,911985.0,4140972.0,256106405.0,0.0035609613121546,000568
2004-05-31,4.55,4.59,4.47,4.51,822278.0,3716643.0,256106405.0,0.0032106889322037,000568
2004-06-01,4.5,4.56,4.49,4.54,1916176.0,8674129.0,256106405.0,0.0074819526672907,000568
2004-06-02,4.55,4.56,4.45,4.49,1857986.0,8350011.0,256106405.0,0.0072547424184881,000568
2004-06-03,4.47,4.48,4.32,4.35,1910873.0,8351312.0,256106405.0,0.007461246429975,000568
2004-06-04,4.35,4.38,4.28,4.36,1113314.0,4813614.0,256106405.0,0.0043470759741444,000568
2004-06-07,4.35,4.35,4.29,4.32,984909.0,4238693.0,256106405.0,0.0038457023361051,000568
2004-06-08,4.27,4.32,4.25,4.3,686108.0,2940773.0,256106405.0,0.0026789958650194,000568
2004-06-09,4.3,4.33,4.16,4.16,1079600.0,4571752.0,256106405.0,0.0042154353773385,000568
2004-06-10,4.16,4.21,4.13,4.17,746333.0,3117016.0,256106405.0,0.0029141520298955,000568
2004-06-11,4.17,4.29,4.15,4.15,959360.0,4030078.0,256106405.0,0.0037459430192696,000568
2004-06-14,4.15,4.15,4.01,4.04,980454.0,3982451.0,256106405.0,0.003828307222539,000568
2004-06-15,4.04,4.19,4.04,4.16,499186.0,2047962.0,256106405.0,0.0019491351651279,000568
2004-06-16,4.16,4.2,4.1,4.13,869299.0,3613374.0,256106405.0,0.0033942884013384,000568
2004-06-17,4.15,4.15,4.04,4.08,810863.0,3301585.0,256106405.0,0.0031661176142783,000568
2004-06-18,4.08,4.1,4.03,4.08,570532.0,2312729.0,256106405.0,0.0022277146875729,000568
2004-06-21,4.08,4.28,4.08,4.16,497196.0,2073741.0,256106405.0,0.0019413649572723,000568
2004-06-22,4.16,4.21,4.1,4.19,524980.0,2190594.0,256106405.0,0.0020498511155939,000568
2004-06-23,4.18,4.19,4.09,4.14,416549.0,1723983.0,256106405.0,0.0016264684985133,000568
2004-06-24,4.15,4.19,4.11,4.12,323431.0,1339984.0,256106405.0,0.0012628774356502,000568
2004-06-25,4.15,4.15,4.05,4.08,550222.0,2259431.0,256106405.0,0.002148411711921,000568
2004-06-28,4.01,4.1,3.97,4.04,809481.0,3256455.0,256106405.0,0.0031607214196771,000568
2004-06-30,4.05,4.13,4.05,4.06,515643.0,2106550.0,256106405.0,0.0020133936127056,000568
2004-07-01,4.06,4.2,4.06,4.18,872662.0,3613676.0,256106405.0,0.0034074196621517,000568
2004-07-02,4.18,4.18,4.1,4.12,692804.0,2863371.0,256106405.0,0.002705141247834,000568
2004-07-05,4.11,4.19,4.11,4.14,595947.0,2471787.0,256106405.0,0.0023269507843819,000568
2004-07-06,4.16,4.24,4.14,4.2,696239.0,2922740.0,256106405.0,0.0027185536417958,000568
2004-07-07,4.2,4.2,4.1,4.15,517300.0,2138409.0,256106405.0,0.0020198635797492,000568
2004-07-08,4.14,4.18,4.1,4.13,294851.0,1215873.0,256106405.0,0.0011512831941864,000568
2004-07-09,4.13,4.14,4.06,4.09,436805.0,1789809.0,256106405.0,0.0017055606243037,000568
2004-07-12,4.08,4.08,3.98,4.0,841130.0,3377190.0,256106405.0,0.0032842989615976,000568
2004-07-13,4.0,4.05,3.96,4.02,357983.0,1432444.0,256106405.0,0.0013977901099349,000568
2004-07-14,4.08,4.08,3.93,3.97,878754.0,3495972.0,256106405.0,0.0034312066502202,000568
2004-07-15,4.0,4.04,3.91,4.0,1042395.0,4137552.0,256106405.0,0.0040701637274553,000568
2004-07-16,4.05,4.16,4.0,4.16,3576419.0,14479735.0,256106405.0,0.0139645824164374,000568
2004-07-19,4.17,4.17,4.09,4.13,1687469.0,6953414.0,256106405.0,0.006588937125567,000568
2004-07-20,4.15,4.15,4.01,4.06,1858669.0,7554117.0,256106405.0,0.0072574092787722,000568
2004-07-21,4.1,4.25,4.09,4.22,5206312.0,21787621.0,256106405.0,0.0203287067342185,000568
2004-07-22,4.21,4.21,4.09,4.09,1928121.0,7980749.0,256106405.0,0.0075285934375596,000568
2004-07-23,4.05,4.15,4.04,4.12,1259210.0,5143222.0,256106405.0,0.0049167454441445,000568
2004-07-26,4.1,4.14,3.98,4.0,1231935.0,4998903.0,256106405.0,0.0048102467409981,000568
2004-07-27,4.0,4.04,3.95,4.04,1339026.0,5345596.0,256106405.0,0.0052283971578141,000568
2004-07-28,4.03,4.04,3.92,4.02,1055648.0,4210809.0,256106405.0,0.0041219117499228,000568
2004-07-29,4.04,4.07,3.98,4.05,858388.0,3458556.0,256106405.0,0.0033516850154528,000568
2004-07-30,4.04,4.06,3.98,3.99,678323.0,2717142.0,256106405.0,0.0026485983433331,000568
2004-08-02,3.95,4.02,3.95,4.01,678749.0,2710371.0,256106405.0,0.002650261714462,000568
2004-08-03,3.98,4.03,3.93,3.95,1333053.0,5269740.0,256106405.0,0.0052050748203661,000568
2004-08-04,3.93,4.08,3.93,4.07,1254885.0,5057134.0,256106405.0,0.0048998579320966,000568
2004-08-05,4.15,4.16,4.06,4.1,4038455.0,16600082.0,256106405.0,0.0157686606861706,000568
2004-08-06,4.1,4.1,4.01,4.05,1111322.0,4498468.0,256106405.0,0.0043392979570346,000568
2004-08-09,4.05,4.08,4.01,4.04,414988.0,1673250.0,256106405.0,0.0016203733756678,000568
2004-08-10,4.0,4.0,3.93,3.98,1212555.0,4801185.0,256106405.0,0.0047345750685149,000568
2004-08-11,3.98,3.99,3.93,3.94,942480.0,3717625.0,256106405.0,0.0036800329144442,000568
2004-08-12,3.93,3.93,3.84,3.85,1494959.0,5803489.0,256106405.0,0.0058372573696468,000568
2004-08-13,3.86,3.91,3.78,3.8,1055393.0,4062481.0,256106405.0,0.0041209160700217,000568
2004-08-16,3.8,3.84,3.63,3.65,1456080.0,5418487.0,256106405.0,0.0056854493740599,000568
2004-08-17,3.61,3.7,3.59,3.69,2405993.0,8717989.0,256106405.0,0.0093945053814643,000568
2004-08-18,3.69,3.79,3.63,3.75,1217371.0,4544966.0,256106405.0,0.0047533797524509,000568
2004-08-19,3.78,3.83,3.75,3.8,3436669.0,13036724.0,256106405.0,0.0134189107843671,000568
2004-08-20,3.78,3.85,3.73,3.82,1237292.0,4676339.0,256106405.0,0.0048311638281752,000568
2004-08-23,3.82,3.85,3.78,3.82,651548.0,2482769.0,256106405.0,0.0025440519537182,000568
2004-08-24,3.78,3.9,3.78,3.84,1076255.0,4144066.0,256106405.0,0.0042023743998124,000568
2004-08-25,3.84,3.87,3.79,3.8,581350.0,2221531.0,256106405.0,0.0022699549431416,000568
2004-08-26,3.8,3.8,3.73,3.75,549792.0,2062084.0,256106405.0,0.0021467327222839,000568
2004-08-27,3.75,3.78,3.73,3.76,318327.0,1193619.0,256106405.0,0.00124294821912,000568
2004-08-30,3.73,3.76,3.67,3.73,270040.0,1006111.0,256106405.0,0.0010544054921234,000568
2004-08-31,3.83,3.99,3.8,3.84,1096016.0,4217939.0,256106405.0,0.0042795337352066,000568
2004-09-01,3.84,3.84,3.77,3.79,311192.0,1180959.0,256106405.0,0.0012150887050247,000568
2004-09-02,3.78,3.84,3.72,3.83,536179.0,2024236.0,256106405.0,0.0020935790340737,000568
2004-09-03,3.8,3.87,3.8,3.83,425041.0,1628818.0,256106405.0,0.0016596265915333,000568
2004-09-06,3.88,3.88,3.8,3.84,159389.0,610494.0,256106405.0,0.0006223546029627,000568
2004-09-07,3.84,3.86,3.8,3.85,379585.0,1455523.0,256106405.0,0.0014821378637523,000568
2004-09-08,3.86,3.86,3.8,3.83,290640.0,1112145.0,256106405.0,0.0011348408096236,000568
2004-09-09,3.82,3.83,3.75,3.76,450400.0,1705110.0,256106405.0,0.0017586440292268,000568
2004-09-10,3.76,3.76,3.65,3.73,544029.0,2010453.0,256106405.0,0.0021242303565191,000568
2004-09-13,3.73,3.73,3.65,3.66,565826.0,2078883.0,256106405.0,0.0022093395126139,000568
2004-09-14,3.76,3.81,3.7,3.79,735946.0,2777139.0,256106405.0,0.0028735946685909,000568
2004-09-15,3.79,4.0,3.77,3.95,3282567.0,12911063.0,256106405.0,0.012817199944687,000568
2004-09-16,3.98,4.03,3.91,3.96,2183345.0,8666319.0,256106405.0,0.008525147975116,000568
2004-09-17,3.96,4.09,3.96,4.08,3855285.0,15524989.0,256106405.0,0.0150534501470199,000568
2004-09-20,4.08,4.2,4.03,4.2,5557169.0,22833947.0,256106405.0,0.0216986724717017,000568
2004-09-21,4.22,4.3,4.09,4.21,5322436.0,22301635.0,256106405.0,0.0207821276472956,000568
2004-09-22,4.22,4.28,4.13,4.17,4816566.0,20272545.0,256106405.0,0.0188068939548778,000568
2004-09-23,4.23,4.39,4.15,4.37,17205283.0,73193034.0,256106405.0,0.0671802136303463,000568
2004-09-24,4.38,4.54,4.16,4.16,10461526.0,45584381.0,256106405.0,0.0408483575410775,000568
2004-09-27,4.21,4.28,4.05,4.08,3658975.0,15180006.0,256106405.0,0.0142869328082599,000568
2004-09-28,4.08,4.19,4.06,4.13,1705525.0,7016100.0,256106405.0,0.0066594390718186,000568
2004-09-29,4.14,4.18,4.06,4.08,1101080.0,4513530.0,256106405.0,0.0042993067666542,000568
2004-09-30,4.08,4.1,4.03,4.05,1658108.0,6720976.0,256106405.0,0.0064742933703668,000568
2004-10-08,4.1,4.14,4.0,4.13,967094.0,3917902.0,256106405.0,0.0037761414049757,000568
2004-10-11,4.13,4.19,4.07,4.13,1914475.0,7877631.0,256106405.0,0.0074753108966564,000568
2004-10-12,4.1,4.1,3.98,4.0,1924062.0,7749784.0,256106405.0,0.0075127445563104,000568
2004-10-13,3.99,4.01,3.88,3.93,1718508.0,6741140.0,256106405.0,0.006710132844979,000568
2004-10-14,3.9,3.9,3.7,3.73,1961060.0,7446428.0,256106405.0,0.0076572079483916,000568
2004-10-15,3.7,3.84,3.69,3.83,1211933.0,4563667.0,256106405.0,0.0047321463904817,000568
2004-10-18,3.78,3.78,3.7,3.72,900555.0,3360609.0,256106405.0,0.0035163314248232,000568
2004-10-19,3.78,3.82,3.7,3.74,890872.0,3350259.0,256106405.0,0.003478522920971,000568
2004-10-20,3.73,3.76,3.63,3.67,1284457.0,4715860.0,256106405.0,0.005015325563607,000568
2004-10-21,3.64,3.72,3.6,3.64,1326901.0,4828264.0,256106405.0,0.0051810535546738,000568
2004-10-22,3.63,3.65,3.45,3.6,2101865.0,7472528.0,256106405.0,0.0082069989620134,000568
2004-10-25,3.6,3.65,3.51,3.54,1375041.0,4914072.0,256106405.0,0.0053690223014922,000568
2004-10-26,3.52,3.62,3.48,3.61,1077885.0,3812023.0,256106405.0,0.0042087389419253,000568
2004-10-27,3.62,3.65,3.53,3.64,1053108.0,3791289.0,256106405.0,0.0041119939971825,000568
2004-10-28,3.64,3.69,3.6,3.62,1228257.0,4485516.0,256106405.0,0.00479588552266,000568
2004-10-29,3.5,3.65,3.46,3.52,900270.0,3192201.0,256106405.0,0.0035152186061102,000568
2004-11-01,3.6,3.6,3.48,3.55,584917.0,2070094.0,256106405.0,0.0022838827478758,000568
2004-11-02,3.53,3.58,3.5,3.56,643025.0,2267746.0,256106405.0,0.0025107728172592,000568
2004-11-03,3.58,3.72,3.51,3.7,1285812.0,4662226.0,256106405.0,0.0050206163332775,000568
2004-11-04,3.7,3.7,3.55,3.55,1006296.0,3644068.0,256106405.0,0.003929210595104,000568
2004-11-05,3.62,3.62,3.52,3.54,475486.0,1692247.0,256106405.0,0.0018565955037321,000568
2004-11-08,3.54,3.56,3.49,3.55,524736.0,1844474.0,256106405.0,0.0020488983865905,000568
2004-11-09,3.55,3.6,3.52,3.58,428806.0,1529343.0,256106405.0,0.0016743275124259,000568
2004-11-10,3.58,3.68,3.56,3.68,1137780.0,4142887.0,256106405.0,0.0044426065798705,000568
2004-11-11,3.7,3.73,3.64,3.65,1984640.0,7332957.0,256106405.0,0.0077492790545398,000568
2004-11-12,3.63,3.76,3.62,3.75,2721195.0,10152699.0,256106405.0,0.0106252516410122,000568
2004-11-15,3.72,3.81,3.72,3.8,1492005.0,5631509.0,256106405.0,0.0058257231013023,000568
2004-11-16,3.8,3.87,3.78,3.86,2083389.0,7943016.0,256106405.0,0.0081348570723953,000568
2004-11-17,3.86,3.87,3.75,3.77,1751912.0,6693454.0,256106405.0,0.0068405630073953,000568
2004-11-18,3.77,3.83,3.73,3.8,872981.0,3309338.0,256106405.0,0.0034086652381848,000568
2004-11-19,3.8,4.0,3.8,3.95,4501845.0,17742160.0,256106405.0,0.0175780258209473,000568
2004-11-22,3.9,4.09,3.9,4.08,3992239.0,16149306.0,256106405.0,0.0155882044418217,000568
2004-11-23,4.08,4.09,4.01,4.03,1259393.0,5072124.0,256106405.0,0.0049174599908971,000568
2004-11-24,4.0,4.03,3.9,3.92,1582282.0,6282416.0,256106405.0,0.0061782211186791,000568
2004-11-25,3.92,3.97,3.86,3.94,1137857.0,4460425.0,256106405.0,0.0044429072361544,000568
2004-11-26,3.94,3.98,3.91,3.93,536328.0,2119915.0,256106405.0,0.0020941608235061,000568
2004-11-29,3.9,3.98,3.88,3.9,1110091.0,4344078.0,256106405.0,0.00433449136112,000568
2004-11-30,3.9,3.94,3.87,3.9,765133.0,2984145.0,256106405.0,0.002987559018682,000568
2004-12-01,3.95,3.95,3.87,3.9,413760.0,1610070.0,256106405.0,0.0016155784936343,000568
2004-12-02,3.9,3.92,3.87,3.92,487488.0,1901386.0,256106405.0,0.0019034588377436,000568
2004-12-03,3.91,3.97,3.88,3.9,508635.0,1995409.0,256106405.0,0.0019860299862473,000568
2004-12-06,3.91,3.98,3.91,3.96,480729.0,1899160.0,256106405.0,0.001877067463424,000568
2004-12-07,3.98,3.98,3.88,3.91,491717.0,1919118.0,256106405.0,0.0019199715055935,000568
2004-12-08,3.91,3.94,3.9,3.93,381529.0,1494339.0,256106405.0,0.001489728458763,000568
2004-12-09,3.92,3.97,3.88,3.91,623995.0,2455580.0,256106405.0,0.0024364677642482,000568
2004-12-10,3.91,3.93,3.84,3.89,854263.0,3317028.0,256106405.0,0.0033355784288175,000568
2004-12-13,3.88,3.88,3.76,3.77,578660.0,2201338.0,256106405.0,0.0022594514963419,000568
2004-12-14,3.75,3.8,3.67,3.69,1332420.0,4940706.0,256106405.0,0.0052026031914352,000568
2004-12-15,3.67,3.7,3.62,3.69,370997.0,1358178.0,256106405.0,0.0014486049265343,000568
2004-12-16,3.66,3.72,3.63,3.67,447683.0,1646490.0,256106405.0,0.0017480351574963,000568
2004-12-17,3.67,3.69,3.6,3.61,933087.0,3371787.0,256106405.0,0.0036433567524404,000568
2004-12-20,3.6,3.61,3.55,3.57,822515.0,2946188.0,256106405.0,0.0032116143288177,000568
2004-12-21,3.63,3.73,3.55,3.62,644630.0,2313840.0,256106405.0,0.0025170397436955,000568
2004-12-22,3.62,3.77,3.58,3.77,2039031.0,7443802.0,256106405.0,0.0079616556251297,000568
2004-12-23,3.76,3.76,3.65,3.66,1384051.0,5097034.0,256106405.0,0.0054042029913308,000568
2004-12-24,3.65,3.69,3.61,3.65,348560.0,1271651.0,256106405.0,0.0013609968091192,000568
2004-12-27,3.64,3.66,3.62,3.62,154104.0,560120.0,256106405.0,0.0006017186489342,000568
2004-12-28,3.64,3.65,3.6,3.63,273407.0,990163.0,256106405.0,0.0010675523714449,000568
2004-12-29,3.63,3.67,3.58,3.64,338541.0,1222697.0,256106405.0,0.0013218763505738,000568
2004-12-30,3.6,3.64,3.58,3.58,291945.0,1052108.0,256106405.0,0.001139936347941,000568
2004-12-31,3.6,3.65,3.55,3.56,342600.0,1224917.0,256106405.0,0.001337725231823,000568
2005-01-04,3.56,3.56,3.5,3.53,290834.0,1023676.0,256106405.0,0.0011355983072738,000568
2005-01-05,3.53,3.6,3.5,3.58,330057.0,1171661.0,256106405.0,0.0012887494945704,000568
2005-01-06,3.6,3.61,3.53,3.57,140110.0,499454.0,256106405.0,0.0005470772978129,000568
2005-01-07,3.57,3.61,3.55,3.6,260521.0,932913.0,256106405.0,0.0010172373471096,000568
2005-01-10,3.54,3.6,3.53,3.6,320686.0,1143777.0,256106405.0,0.0012521592343619,000568
2005-01-11,3.59,3.64,3.56,3.64,262748.0,950641.0,256106405.0,0.0010259329515792,000568
2005-01-12,3.6,3.67,3.6,3.63,344280.0,1248335.0,256106405.0,0.0013442850052891,000568
2005-01-13,3.61,3.65,3.61,3.62,276080.0,1003072.0,256106405.0,0.0010779894395846,000568
2005-01-14,3.62,3.68,3.6,3.62,284439.0,1035603.0,256106405.0,0.0011106282172052,000568
2005-01-17,3.53,3.61,3.52,3.56,354400.0,1266565.0,256106405.0,0.0013837998311678,000568
2005-01-18,3.56,3.61,3.56,3.58,354808.0,1275062.0,256106405.0,0.0013853929190095,000568
2005-01-19,3.58,3.61,3.57,3.6,221930.0,798218.0,256106405.0,0.000866553884117,000568
2005-01-20,3.6,3.64,3.55,3.57,336051.0,1205688.0,256106405.0,0.0013121538291867,000568
2005-01-21,3.57,3.68,3.55,3.65,476930.0,1718527.0,256106405.0,0.0018622337852112,000568
2005-01-24,3.73,3.73,3.62,3.68,470564.0,1727260.0,256106405.0,0.0018373769293274,000568
2005-01-25,3.68,3.68,3.61,3.64,415567.0,1507560.0,256106405.0,0.0016226341547373,000568
2005-01-26,3.64,3.64,3.58,3.6,213708.0,770514.0,256106405.0,0.0008344500404041,000568
2005-01-27,3.56,3.64,3.55,3.56,320735.0,1148371.0,256106405.0,0.001252350561088,000568
2005-01-28,3.55,3.64,3.52,3.56,485000.0,1725714.0,256106405.0,0.0018937441256106,000568
2005-01-31,3.55,3.55,3.4,3.41,562120.0,1942890.0,256106405.0,0.002194868964718,000568
2005-02-01,3.41,3.52,3.38,3.46,532888.0,1847843.0,256106405.0,0.002080728906409,000568
2005-02-02,3.48,3.66,3.48,3.64,816155.0,2924732.0,256106405.0,0.0031867809006963,000568
2005-02-03,3.64,3.66,3.55,3.58,624240.0,2254895.0,256106405.0,0.0024374243978786,000568
2005-02-04,3.58,3.65,3.56,3.62,446692.0,1614360.0,256106405.0,0.0017441656720768,000568
2005-02-16,3.67,3.68,3.62,3.63,452780.0,1652349.0,256106405.0,0.001767937041637,000568
2005-02-17,3.61,3.62,3.57,3.6,348153.0,1251316.0,256106405.0,0.0013594076259045,000568
2005-02-18,3.63,3.63,3.54,3.54,304842.0,1086714.0,256106405.0,0.0011902943231739,000568
2005-02-21,3.62,3.62,3.53,3.59,363433.0,1295429.0,256106405.0,0.0014190703274289,000568
2005-02-22,3.56,3.7,3.56,3.7,1110892.0,4050000.0,256106405.0,0.0043376189673975,000568
2005-02-23,3.69,3.75,3.68,3.72,918723.0,3405892.0,256106405.0,0.0035872706893058,000568
2005-02-24,3.72,3.78,3.7,3.74,1001020.0,3742851.0,256106405.0,0.003908609782719,000568
2005-02-25,3.65,3.81,3.65,3.75,1290039.0,4851065.0,256106405.0,0.0050371211918733,000568
2005-02-28,3.75,3.88,3.7,3.87,1730644.0,6602919.0,256106405.0,0.0067575193990169,000568
2005-03-01,3.87,3.87,3.78,3.8,829923.0,3159698.0,256106405.0,0.0032405398061012,000568
2005-03-02,3.82,3.88,3.78,3.78,1287020.0,4896969.0,256106405.0,0.0050253331227698,000568
2005-03-03,3.75,3.81,3.73,3.8,803112.0,3022137.0,256106405.0,0.0031358528499121,000568
2005-03-04,3.82,3.86,3.76,3.85,1288740.0,4932525.0,256106405.0,0.0050320490813183,000568
2005-03-07,3.85,3.88,3.83,3.85,700916.0,2704232.0,256106405.0,0.00273681558257,000568
2005-03-08,3.81,3.89,3.81,3.89,932122.0,3595412.0,256106405.0,0.0036395887873245,000568
2005-03-09,3.89,3.9,3.85,3.85,676200.0,2609331.0,256106405.0,0.0026403088200781,000568
2005-03-10,3.85,3.87,3.73,3.75,688800.0,2640279.0,256106405.0,0.0026895071210733,000568
2005-03-11,3.76,3.8,3.68,3.74,867461.0,3222804.0,256106405.0,0.0033871116967964,000568
2005-03-14,3.74,3.75,3.64,3.72,792432.0,2922626.0,256106405.0,0.003094151432878,000568
2005-03-15,3.68,3.75,3.68,3.71,583138.0,2169262.0,256106405.0,0.0022769364163305,000568
2005-03-16,3.69,3.7,3.59,3.65,743364.0,2699257.0,256106405.0,0.0029025591921451,000568
2005-03-17,3.62,3.67,3.58,3.65,518666.0,1888779.0,256106405.0,0.0020251973003174,000568
2005-03-18,3.62,3.68,3.52,3.56,1007175.0,3623688.0,256106405.0,0.0039326427622924,000568
2005-03-21,3.55,3.6,3.54,3.57,321680.0,1152404.0,256106405.0,0.0012560404336627,000568
2005-03-22,3.57,3.58,3.5,3.53,614506.0,2165351.0,256106405.0,0.0023994167580463,000568
2005-03-23,3.53,3.68,3.52,3.63,901192.0,3261775.0,256106405.0,0.0035188186722624,000568
2005-03-24,3.58,3.64,3.55,3.63,339473.0,1218643.0,256106405.0,0.0013255154629967,000568
2005-03-25,3.6,3.63,3.55,3.57,435560.0,1556020.0,256106405.0,0.0017006993636102,000568
2005-03-28,3.6,3.61,3.53,3.58,363413.0,1291368.0,256106405.0,0.0014189922348876,000568
2005-03-29,3.58,3.63,3.54,3.59,461811.0,1657138.0,256106405.0,0.001803199728644,000568
2005-03-30,3.56,3.57,3.51,3.51,416126.0,1472022.0,256106405.0,0.0016248168412656,000568
2005-03-31,3.5,3.51,3.42,3.45,1053784.0,3624474.0,256106405.0,0.0041146335250772,000568
2005-04-01,3.45,3.63,3.4,3.59,856968.0,3013570.0,256106405.0,0.0033461404450232,000568
2005-04-04,3.58,3.59,3.5,3.55,602623.0,2131537.0,256106405.0,0.0023530180746553,000568
2005-04-05,3.55,3.56,3.5,3.54,366757.0,1294607.0,256106405.0,0.0014320493077867,000568
2005-04-06,3.54,3.7,3.53,3.67,1508929.0,5489383.0,256106405.0,0.0058918050097185,000568
2005-04-07,3.67,3.75,3.65,3.72,1417680.0,5279546.0,256106405.0,0.0055355116948363,000568
2005-04-08,3.7,3.87,3.7,3.81,1573529.0,5933634.0,256106405.0,0.0061440439179957,000568
2005-04-11,3.81,3.95,3.76,3.85,2404898.0,9357497.0,256106405.0,0.0093902298148302,000568
2005-04-12,3.84,3.91,3.8,3.87,1897084.0,7349414.0,256106405.0,0.0074074055274017,000568
2005-04-13,3.87,3.92,3.8,3.85,1677961.0,6508364.0,256106405.0,0.0065518119314509,000568
2005-04-14,3.85,3.85,3.77,3.83,1168897.0,4448001.0,256106405.0,0.0045641068601935,000568
2005-04-15,3.81,3.84,3.75,3.84,829187.0,3143434.0,256106405.0,0.0032376660005828,000568
2005-04-18,3.8,3.8,3.7,3.78,551950.0,2081043.0,256106405.0,0.0021551589074861,000568
2005-04-19,3.72,3.8,3.71,3.8,448113.0,1690836.0,256106405.0,0.0017497141471334,000568
2005-04-20,3.78,3.82,3.63,3.64,965161.0,3566460.0,256106405.0,0.0037685937608627,000568
2005-04-21,3.65,3.66,3.59,3.6,569461.0,2057640.0,256106405.0,0.0022235328319883,000568
2005-04-22,3.64,3.86,3.64,3.74,2998360.0,11331127.0,256106405.0,0.0117074776009604,000568
2005-04-25,3.74,4.01,3.71,3.94,6690137.0,26260745.0,256106405.0,0.0261224899861446,000568
2005-04-26,3.94,4.13,3.92,4.05,6026584.0,24405555.0,256106405.0,0.0235315629845337,000568
2005-04-27,4.05,4.08,3.99,4.06,3091060.0,12492742.0,256106405.0,0.0120694365297111,000568
2005-04-28,4.06,4.37,4.01,4.3,8752985.0,37077661.0,256106405.0,0.0341771421140365,000568
2005-04-29,4.27,4.31,4.19,4.21,5525540.0,23338993.0,256106405.0,0.0215751730223224,000568
2005-05-09,4.2,4.2,3.91,3.98,4911095.0,19674270.0,256106405.0,0.019175994446527,000568
2005-05-10,3.98,4.12,3.93,4.1,5499513.0,22203170.0,256106405.0,0.0214735472937508,000568
2005-05-11,4.06,4.11,3.94,3.96,3610215.0,14526905.0,256106405.0,0.0140965431926624,000568
2005-05-12,3.95,3.98,3.82,3.93,2909353.0,11358225.0,256106405.0,0.0113599384599537,000568
2005-05-13,3.93,4.03,3.85,3.99,3308151.0,13097307.0,256106405.0,0.0129170959234697,000568
2005-05-16,3.99,4.03,3.92,4.02,3192593.0,12675352.0,256106405.0,0.0124658850293103,000568
2005-05-17,4.0,4.16,3.98,4.07,4990414.0,20400189.0,256106405.0,0.0194857055605462,000568
2005-05-18,4.05,4.08,3.96,4.03,3247239.0,13079079.0,256106405.0,0.0126792572798013,000568
2005-05-19,4.03,4.03,3.76,3.87,8696911.0,33550177.0,256106405.0,0.0339581940560994,000568
2005-05-20,3.78,3.87,3.66,3.83,5918255.0,22388748.0,256106405.0,0.0231085786394135,000568
2005-05-23,3.78,3.91,3.74,3.85,2833727.0,10905731.0,256106405.0,0.0110646471336786,000568
2005-05-24,3.85,4.0,3.84,3.94,3649793.0,14355721.0,256106405.0,0.0142510805225663,000568
2005-05-25,3.93,3.99,3.86,3.86,3030396.0,11880265.0,256106405.0,0.0118325662335543,000568
2005-05-26,3.82,3.9,3.78,3.8,2357129.0,9086904.0,256106405.0,0.0092037096846523,000568
2005-05-27,3.78,3.85,3.61,3.62,3981120.0,14719966.0,256106405.0,0.0155447888935069,000568
2005-05-30,3.6,3.67,3.58,3.66,3862007.0,13944768.0,256106405.0,0.0150796970501382,000568
2005-05-31,3.68,3.69,3.58,3.61,2196604.0,7968408.0,256106405.0,0.0085769194253458,000568
2005-06-01,3.58,3.61,3.38,3.39,5171617.0,17862225.0,256106405.0,0.0201932356982637,000568
2005-06-02,3.39,3.44,3.36,3.41,2459958.0,8358282.0,256106405.0,0.0096052185809253,000568
2005-06-03,3.4,3.47,3.36,3.42,1869259.0,6391871.0,256106405.0,0.0072987592793706,000568
2005-06-06,3.42,3.43,3.22,3.42,2457638.0,8198607.0,256106405.0,0.0095961598461389,000568
2005-06-07,3.4,3.52,3.37,3.38,2498773.0,8581707.0,256106405.0,0.0097567766803801,000568
2005-06-08,3.36,3.72,3.36,3.69,5693284.0,20490465.0,256106405.0,0.0222301507843976,000568
2005-06-09,3.68,3.78,3.6,3.68,4057421.0,14950743.0,256106405.0,0.0158427158430496,000568
2005-06-10,3.68,3.68,3.52,3.53,2723134.0,9735695.0,256106405.0,0.0106328227128876,000568
2005-06-13,3.49,3.59,3.45,3.56,1442607.0,5085358.0,256106405.0,0.0056328423336386,000568
2005-06-14,3.56,3.6,3.45,3.46,1573910.0,5565325.0,256106405.0,0.0061455315809067,000568
2005-06-15,3.43,3.46,3.33,3.35,1626183.0,5504177.0,256106405.0,0.0063496381513769,000568
2005-06-16,3.34,3.4,3.26,3.37,1983568.0,6569208.0,256106405.0,0.0077450932943281,000568
2005-06-17,3.37,3.41,3.3,3.4,1553685.0,5232012.0,256106405.0,0.0060665604985552,000568
2005-06-20,3.35,3.43,3.1,3.4,4094399.0,13643565.0,256106405.0,0.0159871011425895,000568
2005-06-21,3.38,3.51,3.32,3.46,3654793.0,12587886.0,256106405.0,0.0142706036578819,000568
2005-06-22,3.45,3.67,3.45,3.55,5432066.0,19446852.0,256106405.0,0.0212101919122249,000568
2005-06-23,3.55,3.67,3.5,3.51,2796223.0,10044987.0,256106405.0,0.0109182080003036,000568
2005-06-24,3.44,3.64,3.44,3.64,2855328.0,10203845.0,256106405.0,0.011148990982869,000568
2005-06-27,3.7,3.72,3.62,3.67,3772815.0,13846913.0,256106405.0,0.0147314355531248,000568
2005-06-29,3.61,3.61,3.53,3.55,1301946.0,4651520.0,256106405.0,0.0050836135863138,000568
2005-06-30,3.55,3.67,3.55,3.61,3951760.0,14263360.0,256106405.0,0.0154301490429339,000568
2005-07-01,3.62,3.71,3.55,3.7,5536921.0,20215329.0,256106405.0,0.0216196115829278,000568
2005-07-04,3.66,3.78,3.65,3.77,5784858.0,21424165.0,256106405.0,0.0225877131030752,000568
2005-07-05,3.77,3.77,3.66,3.7,3649420.0,13503840.0,256106405.0,0.0142496240966718,000568
2005-07-06,3.68,3.71,3.6,3.7,1307913.0,4780297.0,256106405.0,0.0051069124959994,000568
2005-07-07,3.7,3.7,3.65,3.69,1220230.0,4473010.0,256106405.0,0.0047645430812243,000568
2005-07-08,3.65,3.76,3.55,3.75,2517496.0,9165236.0,256106405.0,0.0098298830128828,000568
2005-07-11,3.79,3.79,3.62,3.65,1635486.0,6086255.0,256106405.0,0.0063859628969451,000568
2005-07-12,3.6,3.78,3.58,3.73,2118540.0,7884899.0,256106405.0,0.0082721086182909,000568
2005-07-13,3.74,3.79,3.69,3.72,2108550.0,7887303.0,256106405.0,0.0082331013939303,000568
2005-07-14,3.69,3.77,3.59,3.6,2146924.0,7851439.0,256106405.0,0.0083829375528503,000568
2005-07-15,3.59,3.67,3.57,3.62,1270374.0,4605691.0,256106405.0,0.0049603367006772,000568
2005-07-18,3.59,3.74,3.59,3.71,1613578.0,5937220.0,256106405.0,0.0063004203272464,000568
2005-07-19,3.7,3.8,3.63,3.78,2878661.0,10798439.0,256106405.0,0.0112400976461326,000568
2005-07-20,3.78,3.85,3.76,3.81,3913317.0,14934542.0,256106405.0,0.0152800434647466,000568
2005-07-21,3.82,3.84,3.75,3.83,3136658.0,11917682.0,256106405.0,0.012247479714535,000568
2005-07-22,3.83,3.92,3.77,3.83,2704118.0,10435265.0,256106405.0,0.0105585723246554,000568
2005-07-25,3.83,3.92,3.81,3.88,1945603.0,7557925.0,256106405.0,0.007596854127877,000568
2005-07-26,3.88,3.94,3.83,3.86,3562180.0,13831010.0,256106405.0,0.0139089844316857,000568
2005-07-27,3.87,3.9,3.81,3.89,1831683.0,7068327.0,256106405.0,0.007152039012847,000568
2005-07-28,3.85,4.0,3.81,3.96,3894866.0,15345316.0,256106405.0,0.015207999190805,000568
2005-07-29,3.91,3.96,3.9,3.9,1050987.0,4121811.0,256106405.0,0.0041037122831816,000568
2005-08-01,3.89,3.98,3.89,3.94,1009350.0,3976812.0,256106405.0,0.0039411353261547,000568
2005-08-02,3.94,3.95,3.85,3.94,2088820.0,8174215.0,256106405.0,0.0081560631019751,000568
2005-08-03,3.94,3.99,3.91,3.91,2119840.0,8375751.0,256106405.0,0.0082771846334729,000568
2005-08-04,3.88,3.91,3.82,3.83,1992879.0,7685199.0,256106405.0,0.0077814492769128,000568
2005-08-05,3.8,4.03,3.8,4.0,3533174.0,14110354.0,256106405.0,0.013795726819093,000568
2005-08-08,4.03,4.09,3.95,4.01,3461740.0,13787465.0,256106405.0,0.0135168036894664,000568
2005-08-09,3.98,4.08,3.96,4.07,2128743.0,8586136.0,256106405.0,0.0083119475282158,000568
2005-08-10,4.05,4.13,4.04,4.12,3522324.0,14395265.0,256106405.0,0.0137533616154582,000568
2005-08-11,4.14,4.27,4.12,4.16,4810773.0,20172893.0,256106405.0,0.0187842744503012,000568
2005-08-12,4.16,4.23,4.09,4.14,4437504.0,18347367.0,256106405.0,0.0173267982110794,000568
2005-08-15,4.13,4.37,4.11,4.35,7063749.0,30292985.0,256106405.0,0.027581305512449,000568
2005-08-16,4.35,4.49,4.31,4.36,4349938.0,19198341.0,256106405.0,0.0169848856376707,000568
2005-08-17,4.35,4.72,4.28,4.66,5259168.0,23643029.0,256106405.0,0.0205350897022665,000568
2005-08-18,4.63,4.64,4.34,4.39,3407296.0,15426009.0,256106405.0,0.0133042201736422,000568
2005-08-19,4.39,4.54,4.36,4.4,3342984.0,14744467.0,256106405.0,0.0130531057979592,000568
2005-08-22,4.4,4.65,4.39,4.6,6139454.0,28188047.0,256106405.0,0.0239722782411474,000568
2005-08-23,4.59,4.62,4.45,4.5,3154409.0,14258927.0,256106405.0,0.0123167907495324,000568
2005-08-24,4.55,4.57,4.45,4.5,1776485.0,7988847.0,256106405.0,0.0069365114082172,000568
2005-08-25,4.49,4.55,4.45,4.52,1704838.0,7649014.0,256106405.0,0.0066567565930262,000568
2005-08-26,4.52,4.67,4.46,4.52,2686994.0,12286480.0,256106405.0,0.0104917094908266,000568
2005-08-29,4.51,4.51,4.3,4.35,3645337.0,15890726.0,256106405.0,0.0142336815043731,000568
2005-08-30,4.34,4.51,4.26,4.49,3256043.0,14416417.0,256106405.0,0.012713633616465,000568
2005-08-31,4.49,4.64,4.4,4.63,3592857.0,16340501.0,256106405.0,0.0140287666761008,000568
2005-09-01,4.62,4.74,4.58,4.61,3483287.0,16218768.0,256106405.0,0.0136009366887954,000568
2005-09-02,4.62,4.84,4.61,4.8,6800239.0,32436510.0,256106405.0,0.0265523972350476,000568
2005-09-05,4.82,4.92,4.74,4.87,2936289.0,14152843.0,256106405.0,0.0114651134945258,000568
2005-09-06,4.86,4.89,4.75,4.79,3449830.0,16618752.0,256106405.0,0.0134702995811447,000568
2005-09-07,4.74,4.87,4.58,4.85,2308385.0,10957543.0,256106405.0,0.0090133825430879,000568
2005-09-08,4.85,4.92,4.82,4.89,3428498.0,16691375.0,256106405.0,0.0133870060766344,000568
2005-09-09,4.89,4.97,4.74,4.94,6812181.0,33186416.0,256106405.0,0.0265990262914353,000568
2005-09-12,4.95,4.97,4.8,4.81,4846050.0,23488381.0,256106405.0,0.0189220179792067,000568
2005-09-13,4.8,4.8,4.61,4.75,12988357.0,60951416.0,256106405.0,0.0507146902475945,000568
2005-09-14,4.7,4.93,4.7,4.9,5031962.0,24451766.0,256106405.0,0.0196479350057645,000568
2005-09-15,4.9,5.05,4.81,4.98,4623720.0,22997765.0,256106405.0,0.0180539022442644,000568
2005-09-16,4.99,5.12,4.94,5.06,5670623.0,28587885.0,256106405.0,0.0221416680305203,000568
2005-09-29,4.81,5.18,4.77,5.05,8668194.0,43593007.0,256106405.0,0.0338460648807279,000568
2005-09-30,4.96,5.06,4.88,4.97,2811428.0,14005314.0,256106405.0,0.0109775778547982,000568
2005-10-10,4.95,4.97,4.74,4.92,1464325.0,7096236.0,256106405.0,0.0057176430241953,000568
2005-10-11,4.89,5.1,4.86,5.09,1007940.0,5025267.0,256106405.0,0.0039356298019957,000568
2005-10-12,5.05,5.23,5.01,5.16,2094125.0,10788439.0,256106405.0,0.0081767771485449,000568
2005-10-13,5.16,5.35,5.12,5.29,3155601.0,16627434.0,256106405.0,0.0123214450649916,000568
2005-10-14,5.3,5.46,5.25,5.32,2792968.0,15032644.0,256106405.0,0.0109054984392131,000568
2005-10-17,5.3,5.48,5.21,5.42,2933808.0,15774795.0,256106405.0,0.0114554261147822,000568
2005-10-18,5.4,5.51,5.32,5.34,3449626.0,18776083.0,256106405.0,0.0134695030372239,000568
2005-11-03,3.9,4.08,3.9,4.03,11769064.0,46979368.0,332928326.0,0.0353501432016932,000568
2005-11-04,3.99,4.12,3.92,4.03,3862115.0,15560799.0,332928326.0,0.0116004397895539,000568
2005-11-07,4.0,4.06,3.95,4.01,1491933.0,5966452.0,332928326.0,0.0044812438098162,000568
2005-11-08,3.98,4.0,3.95,4.0,1199830.0,4774759.0,332928326.0,0.0036038687798526,000568
2005-11-09,3.99,4.12,3.97,4.08,2620835.0,10653504.0,332928326.0,0.0078720697379171,000568
2005-11-10,4.08,4.19,3.97,4.01,5695585.0,23383189.0,332928326.0,0.0171075410387279,000568
2005-11-11,3.96,4.1,3.95,4.06,2031801.0,8157759.0,332928326.0,0.0061028180582027,000568
2005-11-14,4.06,4.08,4.02,4.05,1471601.0,5950761.0,332928326.0,0.0044201736081777,000568
2005-11-15,4.04,4.05,3.7,3.82,3741168.0,14587150.0,332928326.0,0.0112371573934505,000568
2005-11-16,3.78,3.88,3.74,3.87,1598267.0,6096882.0,332928326.0,0.004800633875773,000568
2005-11-17,3.85,3.91,3.81,3.9,995919.0,3867467.0,332928326.0,0.0029913916066126,000568
2005-11-18,3.88,4.05,3.86,3.98,1845533.0,7327586.0,332928326.0,0.0055433342730951,000568
2005-11-21,4.0,4.0,3.9,3.98,1429066.0,5653313.0,332928326.0,0.0042924133766857,000568
2005-11-22,3.98,3.99,3.86,3.86,1505072.0,5851101.0,332928326.0,0.0045207087605997,000568
2005-11-23,3.82,3.9,3.8,3.83,1235729.0,4737892.0,332928326.0,0.0037116967932611,000568
2005-11-24,3.8,3.87,3.78,3.8,911159.0,3481613.0,332928326.0,0.0027368022749737,000568
2005-11-25,3.8,3.83,3.55,3.65,5306506.0,19390957.0,332928326.0,0.0159388840948306,000568
2005-11-28,3.63,3.66,3.52,3.55,2663688.0,9563724.0,332928326.0,0.0080007851299501,000568
2005-11-29,3.55,3.75,3.53,3.68,4716594.0,17357337.0,332928326.0,0.014166995210855,000568
2005-11-30,3.69,3.9,3.69,3.89,3736650.0,14247893.0,332928326.0,0.0112235869050084,000568
2005-12-01,3.9,3.92,3.81,3.84,2367991.0,9186467.0,332928326.0,0.0071126149836827,000568
2005-12-02,3.86,3.95,3.83,3.89,1977435.0,7717499.0,332928326.0,0.0059395216494735,000568
2005-12-05,3.88,3.89,3.68,3.76,2497836.0,9421565.0,332928326.0,0.0075026238530391,000568
2005-12-06,3.74,3.84,3.7,3.77,814760.0,3086406.0,332928326.0,0.0024472534668017,000568
2005-12-07,3.77,3.83,3.72,3.81,566493.0,2145316.0,332928326.0,0.0017015464163298,000568
2005-12-08,3.81,4.06,3.8,4.02,3509072.0,13923862.0,332928326.0,0.0105400223590467,000568
2005-12-09,4.02,4.12,3.98,4.1,3932689.0,16053108.0,332928326.0,0.0118124193493827,000568
2005-12-12,4.1,4.17,4.0,4.15,2161858.0,8886011.0,332928326.0,0.0064934637012532,000568
2005-12-13,4.18,4.2,4.08,4.13,2269601.0,9418043.0,332928326.0,0.0068170859093557,000568
2005-12-14,4.08,4.34,4.08,4.31,4027413.0,17190644.0,332928326.0,0.0120969370446418,000568
2005-12-15,4.31,4.43,4.25,4.25,3139474.0,13623504.0,332928326.0,0.0094298795110632,000568
2005-12-16,4.25,4.33,4.23,4.26,3129888.0,13336730.0,332928326.0,0.0094010865269541,000568
2005-12-19,4.26,4.37,4.25,4.29,1620133.0,6986703.0,332928326.0,0.0048663116757448,000568
2005-12-20,4.29,4.33,4.23,4.26,1318029.0,5635494.0,332928326.0,0.0039588971471295,000568
2005-12-21,4.25,4.33,4.23,4.29,1684378.0,7207321.0,332928326.0,0.0050592811378867,000568
2005-12-22,4.29,4.44,4.27,4.4,4678276.0,20455854.0,332928326.0,0.0140519013693055,000568
2005-12-23,4.4,4.45,4.35,4.42,2804264.0,12365397.0,332928326.0,0.0084230261620935,000568
2005-12-26,4.42,4.48,4.36,4.43,3919305.0,17346711.0,332928326.0,0.0117722185044717,000568
2005-12-27,4.38,4.42,4.34,4.38,2284193.0,9969441.0,332928326.0,0.006860915162863,000568
2005-12-28,4.36,4.42,4.25,4.31,2936446.0,12708225.0,332928326.0,0.008820054560332,000568
2005-12-29,4.25,4.43,4.25,4.33,6620704.0,28810526.0,332928326.0,0.0198862742607248,000568
2005-12-30,4.33,4.38,4.31,4.34,2086230.0,9065289.0,332928326.0,0.0062663036968503,000568
2006-01-04,4.33,4.37,4.23,4.26,6569077.0,28031603.0,332928326.0,0.0197312048479768,000568
2006-01-05,4.26,4.29,4.05,4.2,11707052.0,48628486.0,332928326.0,0.0351638808888853,000568
2006-01-06,4.18,4.2,4.06,4.16,14036580.0,57731079.0,332928326.0,0.042160966501841,000568
2006-01-09,4.14,4.28,4.04,4.24,12195066.0,50639607.0,332928326.0,0.0366297038960872,000568
2006-01-10,4.2,4.24,4.15,4.22,7043129.0,29570158.0,332928326.0,0.0211550909008565,000568
2006-01-11,4.2,4.22,4.08,4.1,6194638.0,25617749.0,332928326.0,0.0186065213327627,000568
2006-01-12,4.07,4.23,4.05,4.19,6016855.0,24793577.0,332928326.0,0.0180725235136646,000568
2006-01-13,4.19,4.19,4.05,4.1,5714002.0,23520588.0,332928326.0,0.0171628592515735,000568
2006-01-16,4.1,4.24,4.07,4.23,7147402.0,29833867.0,332928326.0,0.0214682904451933,000568
2006-01-17,4.2,4.32,4.2,4.24,6053589.0,25815788.0,332928326.0,0.0181828595744058,000568
2006-01-18,4.25,4.27,4.15,4.24,5903231.0,24780141.0,332928326.0,0.0177312368428512,000568
2006-01-19,4.24,4.24,4.08,4.21,8231709.0,34183875.0,332928326.0,0.0247251686238316,000568
2006-01-20,4.2,4.2,4.08,4.13,6744563.0,27786527.0,332928326.0,0.0202583032841729,000568
2006-01-23,4.09,4.17,4.07,4.1,5577261.0,22871991.0,332928326.0,0.0167521372152635,000568
2006-01-24,4.09,4.23,4.09,4.19,5816299.0,24240524.0,332928326.0,0.0174701235844978,000568
2006-01-25,4.2,4.4,4.17,4.39,9673489.0,41487257.0,332928326.0,0.0290557704002632,000568
2006-02-06,4.43,4.83,4.43,4.83,13832157.0,64672533.0,332928326.0,0.0415469514600569,000568
2006-02-07,4.83,4.96,4.69,4.77,9032545.0,43513763.0,332928326.0,0.0271305992749922,000568
2006-02-08,4.77,4.83,4.63,4.82,4672490.0,22060768.0,332928326.0,0.0140345222532972,000568
2006-02-09,4.8,4.81,4.63,4.64,5606133.0,26295420.0,332928326.0,0.016838858583634,000568
2006-02-10,4.65,4.83,4.63,4.81,5936603.0,27967524.0,332928326.0,0.0178314746339727,000568
2006-02-13,4.79,5.0,4.72,4.79,7902541.0,38414921.0,332928326.0,0.0237364633251422,000568
2006-02-14,4.76,4.98,4.76,4.92,10727742.0,52562693.0,332928326.0,0.0322223768968219,000568
2006-02-15,4.9,4.95,4.76,4.81,6238141.0,30047013.0,332928326.0,0.0187371890969709,000568
2006-02-16,4.81,4.82,4.6,4.68,8107580.0,37899401.0,332928326.0,0.0243523286150184,000568
2006-02-17,4.65,4.73,4.6,4.62,3039662.0,14182036.0,332928326.0,0.009130079247147,000568
2006-02-20,4.61,4.86,4.6,4.76,4807554.0,22929216.0,332928326.0,0.0144402071693953,000568
2006-02-21,4.75,4.84,4.66,4.83,3314435.0,15855472.0,332928326.0,0.0099554010312718,000568
2006-02-22,4.82,5.25,4.79,5.09,19586942.0,99795729.0,332928326.0,0.058832308549198,000568
2006-02-23,5.07,5.22,4.97,5.13,10236097.0,52076947.0,332928326.0,0.0307456476382847,000568
2006-02-24,5.13,5.18,5.08,5.17,4143149.0,21300749.0,332928326.0,0.0124445674231996,000568
2006-02-27,5.17,5.28,5.05,5.09,6884549.0,35553420.0,332928326.0,0.0206787721631111,000568
2006-02-28,5.08,5.23,4.88,5.18,7988236.0,40572799.0,332928326.0,0.0239938610690638,000568
2006-03-01,5.17,5.17,5.03,5.13,4976089.0,25310992.0,332928326.0,0.0149464272379154,000568
2006-03-02,5.13,5.13,4.92,4.96,5832192.0,29253654.0,332928326.0,0.0175178605860049,000568
2006-03-03,4.95,5.05,4.9,5.02,3037949.0,15109723.0,332928326.0,0.0091249339955531,000568
2006-03-06,5.02,5.05,4.86,4.97,4542724.0,22457383.0,332928326.0,0.0136447506722513,000568
2006-03-07,4.93,4.94,4.8,4.8,3598479.0,17456295.0,332928326.0,0.0108085696499131,000568
2006-03-08,4.78,4.79,4.62,4.69,4722227.0,22251317.0,332928326.0,0.0141839147684898,000568
2006-03-09,4.69,4.8,4.67,4.76,1866168.0,8821694.0,332928326.0,0.0056053145805322,000568
2006-03-10,4.75,4.85,4.7,4.71,1848610.0,8798998.0,332928326.0,0.0055525765026073,000568
2006-03-13,4.71,4.96,4.7,4.94,4060888.0,19704002.0,332928326.0,0.0121974842116618,000568
2006-03-14,4.94,5.04,4.86,4.96,3425281.0,16958440.0,332928326.0,0.0102883435637735,000568
2006-03-15,4.96,5.13,4.86,5.1,5463240.0,27523104.0,332928326.0,0.0164096580955986,000568
2006-03-16,5.08,5.15,5.03,5.1,2663670.0,13520855.0,332928326.0,0.0080007310642591,000568
2006-03-17,5.1,5.13,4.99,5.11,2677658.0,13569751.0,332928326.0,0.0080427461134682,000568
2006-03-20,5.08,5.12,4.96,5.07,2634256.0,13287936.0,332928326.0,0.0079123817178595,000568
2006-03-21,5.07,5.25,5.01,5.14,5197726.0,26939449.0,332928326.0,0.0156121471021964,000568
2006-03-22,5.22,5.39,5.15,5.31,9756391.0,51529299.0,332928326.0,0.0293047789511307,000568
2006-03-23,5.31,5.35,5.16,5.19,4249421.0,22257524.0,332928326.0,0.0127637712628873,000568
2006-03-24,5.12,5.34,5.12,5.2,3818413.0,20106226.0,332928326.0,0.0114691742990952,000568
2006-03-27,5.08,5.6,5.03,5.57,13995963.0,75724106.0,332928326.0,0.0420389672700904,000568
2006-03-28,5.56,5.83,5.51,5.68,10775523.0,61329480.0,332928326.0,0.032365894273592,000568
2006-03-29,5.65,5.82,5.58,5.68,6761057.0,38647406.0,332928326.0,0.0203078454790296,000568
2006-03-30,5.61,5.69,5.59,5.68,3010383.0,16967730.0,332928326.0,0.0090421353934299,000568
2006-03-31,5.61,5.95,5.61,5.9,6934140.0,40491447.0,332928326.0,0.0208277261454767,000568
2006-04-03,5.88,6.3,5.83,6.29,8466248.0,51556451.0,332928326.0,0.0254296415739644,000568
2006-04-04,6.28,6.41,6.16,6.28,11597714.0,72921582.0,332928326.0,0.0348354678598299,000568
2006-04-05,6.25,6.51,6.13,6.37,6929779.0,43902186.0,332928326.0,0.0208146272300062,000568
2006-04-06,6.39,7.0,6.39,6.77,10907778.0,73957491.0,332928326.0,0.032763141938244,000568
2006-04-07,6.8,6.88,6.58,6.84,9163985.0,61644994.0,332928326.0,0.0275253989653016,000568
2006-04-10,6.81,7.0,6.7,6.95,4256332.0,29254247.0,332928326.0,0.0127845294845834,000568
2006-04-11,6.95,7.1,6.78,6.97,6246708.0,43250543.0,332928326.0,0.0187629213622393,000568
2006-04-12,7.01,7.24,6.81,6.82,9687603.0,68321512.0,332928326.0,0.0290981639093094,000568
2006-04-13,6.72,6.82,6.32,6.39,9802253.0,64250797.0,332928326.0,0.0294425323245099,000568
2006-04-14,6.35,7.03,6.32,7.03,14705413.0,99829147.0,332928326.0,0.0441699064080236,000568
2006-04-17,7.07,7.5,7.07,7.25,14294859.0,104226787.0,332928326.0,0.0429367460911091,000568
2006-04-18,7.19,7.39,7.08,7.25,7732643.0,55885455.0,332928326.0,0.0232261492823533,000568
2006-04-19,7.25,7.3,7.12,7.26,4486093.0,32345788.0,332928326.0,0.0134746509974041,000568
2006-04-20,7.26,7.49,7.18,7.35,9937047.0,73088262.0,332928326.0,0.029847406255243,000568
2006-04-21,7.35,7.85,7.25,7.58,14643011.0,111286947.0,332928326.0,0.0439824726719107,000568
2006-04-24,7.53,7.65,7.12,7.46,10489754.0,77739228.0,332928326.0,0.0315075443595628,000568
2006-04-25,7.4,7.44,7.12,7.18,8686298.0,62722075.0,332928326.0,0.0260905946464885,000568
2006-04-26,7.18,7.46,7.16,7.27,7263225.0,53220158.0,332928326.0,0.0218161821412576,000568
2006-04-27,7.28,7.37,7.06,7.15,6606371.0,47225770.0,332928326.0,0.0198432229524381,000568
2006-04-28,7.0,7.87,6.9,7.87,17707778.0,136580150.0,332928326.0,0.0531879585397608,000568
2006-05-08,8.06,8.66,8.05,8.66,14344789.0,121529049.0,332928326.0,0.0430867183106552,000568
2006-05-09,8.96,9.51,8.7,9.2,18420066.0,168844212.0,332928326.0,0.0553274220349757,000568
2006-05-10,9.2,9.3,8.86,9.07,14161930.0,128166475.0,332928326.0,0.0425374739666939,000568
2006-05-11,9.0,9.6,8.79,9.07,17311910.0,158850702.0,332928326.0,0.0519989098194065,000568
2006-05-12,9.0,9.97,8.85,9.94,14448642.0,136353052.0,332928326.0,0.0433986563222019,000568
2006-05-15,10.5,10.93,10.1,10.93,20784140.0,222415633.0,332928326.0,0.0624282717235661,000568
2006-05-16,11.0,11.82,10.16,10.36,21201050.0,232327588.0,332928326.0,0.0636805232367041,000568
2006-05-17,10.37,10.95,9.51,10.31,16932250.0,173831619.0,332928326.0,0.0508585442501519,000568
2006-05-18,10.0,10.5,9.65,10.31,11467163.0,116129141.0,332928326.0,0.0344433384139263,000568
2006-05-19,10.31,10.9,10.1,10.78,9757293.0,103418760.0,332928326.0,0.0293074882429799,000568
2006-05-22,10.7,10.75,9.7,9.7,19149132.0,191668397.0,332928326.0,0.0575172807615054,000568
2006-05-23,9.25,9.73,9.1,9.2,11142441.0,104149516.0,332928326.0,0.0334679873409149,000568
2006-05-24,9.22,9.92,9.15,9.75,15712842.0,150791042.0,332928326.0,0.0471958700203839,000568
2006-05-25,9.77,9.91,9.44,9.67,9568760.0,92578337.0,332928326.0,0.0287412011917544,000568
2006-05-29,10.0,10.5,9.8,10.39,14408540.0,146555241.0,332928326.0,0.0432782039699439,000568
2006-05-30,10.39,10.91,10.3,10.46,10127157.0,107516771.0,332928326.0,0.0304184300617304,000568
2006-05-31,10.47,10.7,9.99,10.1,7896317.0,81551091.0,332928326.0,0.0237177686106528,000568
2006-06-01,10.0,11.11,10.0,11.11,18418229.0,199086222.0,332928326.0,0.0553219043308438,000568
2006-06-06,12.22,12.22,11.5,11.67,27034108.0,323955366.0,332928326.0,0.0812009849831762,000568
2006-06-07,11.5,11.6,10.9,11.13,11424168.0,128540915.0,332928326.0,0.0343141965036642,000568
2006-06-08,11.1,12.0,11.05,11.83,11780207.0,136525002.0,332928326.0,0.0353836128680741,000568
2006-06-09,11.5,12.06,11.4,11.66,7919413.0,93393895.0,332928326.0,0.02378714089951,000568
2006-06-12,11.5,11.75,11.0,11.3,7357636.0,83575589.0,332928326.0,0.0220997596942231,000568
2006-06-13,10.6,12.05,10.6,11.5,8452798.0,98583122.0,332928326.0,0.0253892424881864,000568
2006-06-14,11.45,11.84,11.3,11.64,4975029.0,57860091.0,332928326.0,0.0149432433694452,000568
2006-06-15,11.6,12.18,11.6,11.74,5660071.0,67522713.0,332928326.0,0.017000869430377,000568
2006-06-16,11.75,12.0,11.6,11.99,4270050.0,50408405.0,332928326.0,0.0128257335484274,000568
2006-06-19,11.95,13.19,11.78,13.19,16907041.0,218052151.0,332928326.0,0.0507828252499007,000568
2006-06-20,13.19,13.39,13.0,13.18,10201259.0,134663279.0,332928326.0,0.0306410064969959,000568
2006-06-21,13.18,13.46,12.9,13.05,7372054.0,97633657.0,332928326.0,0.0221430663127174,000568
2006-06-23,12.99,14.36,12.95,14.21,11704771.0,162150954.0,332928326.0,0.0351570295643753,000568
2006-06-26,14.23,14.87,14.21,14.74,8222461.0,120921632.0,332928326.0,0.0246973908732536,000568
2006-06-27,14.74,15.09,14.41,14.71,8456100.0,125001278.0,332928326.0,0.0253991605388362,000568
2006-06-28,14.65,14.85,14.3,14.48,4267387.0,62123426.0,332928326.0,0.0128177348298083,000568
2006-06-29,14.56,14.85,14.21,14.74,5593768.0,81133231.0,332928326.0,0.0168017184575637,000568
2006-06-30,15.0,15.04,14.5,14.63,7059779.0,104222066.0,332928326.0,0.0212051016650352,000568
2006-07-03,14.6,14.65,13.8,14.05,10709556.0,151088820.0,332928326.0,0.0321677525270108,000568
2006-07-04,13.98,14.45,13.61,14.45,8688908.0,121384735.0,332928326.0,0.0260984341716841,000568
2006-07-05,14.2,14.35,13.66,13.95,5293943.0,74125259.0,332928326.0,0.0159011492461593,000568
2006-07-06,13.95,14.25,13.8,14.16,3861649.0,54544123.0,332928326.0,0.0115990400888868,000568
2006-07-07,14.45,14.45,13.81,13.9,4406744.0,61522197.0,332928326.0,0.0132363144132109,000568
2006-07-10,13.82,13.87,13.32,13.4,5530227.0,74757682.0,332928326.0,0.01661086356467,000568
2006-07-11,13.4,13.85,13.4,13.55,3831166.0,52157680.0,332928326.0,0.0115074798411715,000568
2006-07-12,13.5,13.83,13.22,13.65,5877907.0,79090793.0,332928326.0,0.0176551724229076,000568
2006-07-13,13.6,13.85,12.9,13.54,9760638.0,132190952.0,332928326.0,0.0293175354505582,000568
2006-07-14,13.43,13.48,13.01,13.25,4383975.0,58018844.0,332928326.0,0.0131679243177403,000568
2006-07-17,13.22,13.4,13.11,13.26,3712404.0,49289383.0,332928326.0,0.011150760419226,000568
2006-07-18,13.32,13.8,13.32,13.65,4519067.0,61463060.0,332928326.0,0.0135736933360245,000568
2006-07-19,13.67,13.72,12.89,13.05,5463860.0,72120744.0,332928326.0,0.0164115203582887,000568
2006-07-20,13.08,13.5,13.08,13.17,3407228.0,45059071.0,332928326.0,0.010234118679346,000568
2006-07-21,13.22,13.36,13.1,13.19,1905647.0,25165595.0,332928326.0,0.0057238956591515,000568
2006-07-24,12.95,13.75,12.87,13.6,5227101.0,70512206.0,332928326.0,0.0157003793062654,000568
2006-07-25,13.52,13.74,13.44,13.57,2704660.0,36696334.0,332928326.0,0.0081238506572733,000568
2006-07-26,13.57,13.67,13.31,13.5,3021423.0,40854772.0,332928326.0,0.0090752956839124,000568
2006-07-27,13.33,13.57,13.22,13.45,2563173.0,34339749.0,332928326.0,0.0076988733004352,000568
2006-07-28,13.36,13.5,13.05,13.15,2192651.0,28949086.0,332928326.0,0.0065859550803135,000568
2006-08-01,12.86,13.1,12.5,12.56,3348087.0,43042390.0,332928326.0,0.0100564798442533,000568
2006-08-02,12.5,12.75,12.29,12.6,3286740.0,40914193.0,332928326.0,0.0098722149583631,000568
2006-08-03,12.6,12.74,12.52,12.61,1684708.0,21225822.0,332928326.0,0.0050602723422217,000568
2006-08-04,12.6,13.08,12.5,12.58,3179059.0,40546112.0,332928326.0,0.0095487789765296,000568
2006-08-07,11.71,12.57,11.71,12.16,2516084.0,30973371.0,332928326.0,0.0075574344491192,000568
2006-08-08,12.17,12.68,12.17,12.64,2983974.0,37378738.0,332928326.0,0.0089628120137786,000568
2006-08-09,12.74,13.0,12.64,12.71,4303994.0,55044407.0,332928326.0,0.012927689427063,000568
2006-08-10,12.9,12.95,12.65,12.9,2363065.0,30361310.0,332928326.0,0.0070978190062446,000568
2006-08-11,12.96,12.96,12.45,12.59,3644920.0,45929443.0,332928326.0,0.010948062136353,000568
2006-08-14,12.5,12.6,11.48,11.62,13056653.0,153735631.0,332928326.0,0.0392176092580359,000568
2006-08-15,11.6,11.72,11.11,11.68,6393178.0,73422277.0,332928326.0,0.019202865904537,000568
2006-08-16,11.6,11.89,11.58,11.76,3110611.0,36571687.0,332928326.0,0.0093431851755383,000568
2006-08-17,11.78,11.96,11.74,11.9,3093769.0,36688678.0,332928326.0,0.0092925977106555,000568
2006-08-18,11.61,12.1,11.61,11.9,2201348.0,26345591.0,332928326.0,0.006612077820017,000568
2006-08-21,11.6,11.86,11.4,11.8,2018701.0,23743856.0,332928326.0,0.0060634702497497,000568
2006-08-22,11.82,12.34,11.75,12.27,5526064.0,66542254.0,332928326.0,0.0165983593718006,000568
2006-08-23,12.16,12.65,12.16,12.43,5102370.0,63404146.0,332928326.0,0.0153257311004531,000568
2006-08-24,12.36,12.54,12.22,12.48,2380271.0,29616893.0,332928326.0,0.0071494997995454,000568
2006-08-25,12.54,12.68,12.3,12.31,2451938.0,30625667.0,332928326.0,0.0073647623482779,000568
2006-08-28,12.28,13.0,12.28,12.77,5885668.0,74672493.0,332928326.0,0.0176784837466788,000568
2006-08-29,12.8,13.27,12.8,12.9,4733459.0,61650105.0,332928326.0,0.0142176517596763,000568
2006-08-30,12.8,13.05,12.71,12.89,2635644.0,33939309.0,332928326.0,0.0079165507833659,000568
2006-08-31,12.85,13.29,12.8,13.2,4072707.0,53587517.0,332928326.0,0.0122329843451049,000568
2006-09-01,13.15,13.38,13.0,13.02,3108567.0,41001333.0,332928326.0,0.0093370457159598,000568
2006-09-04,12.98,13.15,12.8,13.08,1922648.0,24917286.0,332928326.0,0.0057749607043048,000568
2006-09-05,13.02,13.05,12.75,12.78,2630079.0,33735100.0,332928326.0,0.0078998354738971,000568
2006-09-06,12.78,12.88,12.56,12.6,2965213.0,37438981.0,332928326.0,0.0089064605455049,000568
2006-09-07,12.6,12.72,12.38,12.68,3211670.0,40352921.0,332928326.0,0.0096467309903813,000568
2006-09-08,12.64,12.8,12.58,12.73,1803204.0,22926648.0,332928326.0,0.0054161927934002,000568
2006-09-11,12.7,12.71,12.42,12.56,1202124.0,15037781.0,332928326.0,0.0036107591518061,000568
2006-09-12,12.55,12.84,12.48,12.65,2251026.0,28553262.0,332928326.0,0.0067612931198891,000568
2006-09-13,12.6,12.83,12.6,12.73,2095270.0,26602583.0,332928326.0,0.0062934566883323,000568
2006-09-14,12.6,13.16,12.6,13.15,4579734.0,58639352.0,332928326.0,0.0137559157402545,000568
2006-09-15,13.11,13.38,13.1,13.25,4927880.0,65333955.0,332928326.0,0.0148016242991592,000568
2006-09-18,13.4,13.5,13.1,13.12,2566395.0,33967519.0,332928326.0,0.0077085510591249,000568
2006-09-19,13.12,13.82,13.11,13.51,5538104.0,75134802.0,332928326.0,0.0166345233117833,000568
2006-09-20,13.5,13.89,13.5,13.79,5073923.0,69831271.0,332928326.0,0.0152402862831202,000568
2006-09-21,13.81,14.8,13.81,14.74,9020592.0,129391794.0,332928326.0,0.0270946966525161,000568
2006-09-22,14.7,15.0,14.25,14.27,4972744.0,72733824.0,332928326.0,0.0149363800303372,000568
2006-09-25,14.37,14.59,14.25,14.57,3808912.0,54976076.0,332928326.0,0.0114406366251936,000568
2006-09-26,14.15,14.75,13.9,14.15,3959496.0,56481675.0,332928326.0,0.0118929381815352,000568
2006-09-27,14.1,15.17,14.1,14.95,6294012.0,92181026.0,332928326.0,0.0189050059981979,000568
2006-09-28,14.95,15.38,14.8,15.19,6356289.0,96220280.0,332928326.0,0.0190920642781233,000568
2006-09-29,14.85,15.46,14.85,15.19,5222971.0,79644845.0,332928326.0,0.0156879742338295,000568
2006-10-09,15.3,16.71,15.3,16.2,7827208.0,127500901.0,332928326.0,0.0235101893973419,000568
2006-10-10,16.25,16.79,15.8,15.99,5226141.0,85568799.0,332928326.0,0.0156974958027452,000568
2006-10-11,15.93,16.3,15.69,16.15,2639171.0,41989803.0,332928326.0,0.0079271446551531,000568
2006-10-12,16.05,16.28,15.4,15.68,4647607.0,73732565.0,332928326.0,0.0139597824427831,000568
2006-10-13,15.47,15.68,15.4,15.65,2746692.0,42698573.0,332928326.0,0.0082501000530666,000568
2006-10-16,15.65,15.65,14.66,15.06,5910899.0,88729031.0,332928326.0,0.0177542688272189,000568
2006-10-17,15.0,15.33,14.75,15.11,1834549.0,27752622.0,332928326.0,0.0055103421869847,000568
2006-10-18,15.15,16.27,15.12,15.84,3297216.0,52245688.0,332928326.0,0.0099036811905274,000568
2006-10-19,15.75,16.33,15.74,15.85,4817314.0,77657740.0,332928326.0,0.0144695227885175,000568
2006-10-20,15.89,16.6,15.88,16.24,4055202.0,65842691.0,332928326.0,0.0121804054606035,000568
2006-10-23,16.15,16.53,15.6,15.7,3355291.0,53266430.0,332928326.0,0.0100781181352529,000568
2006-10-24,15.71,16.3,15.61,16.2,4383244.0,70205519.0,332928326.0,0.0131657286499557,000568
2006-10-25,16.12,17.35,16.12,17.32,12068603.0,204735891.0,332928326.0,0.0362498533693405,000568
2006-10-26,17.27,17.5,16.93,17.24,3698340.0,63672537.0,332928326.0,0.0111085170926549,000568
2006-10-27,17.2,17.2,16.37,16.53,3639432.0,60823331.0,332928326.0,0.0109315781078958,000568
2006-10-30,16.52,16.68,15.95,16.2,3037244.0,49559476.0,332928326.0,0.0091228164226554,000568
2006-10-31,16.3,16.62,16.06,16.5,4160602.0,67858708.0,332928326.0,0.012496990117927,000568
2006-11-01,16.41,16.5,15.99,16.19,2612069.0,42127754.0,332928326.0,0.0078457397463981,000568
2006-11-02,16.1,16.25,15.6,16.12,3461174.0,54767877.0,332928326.0,0.010396153555285,000568
2006-11-03,16.2,17.08,16.0,16.53,3518767.0,58725182.0,332928326.0,0.0105691427409513,000568
2006-11-06,16.49,16.95,16.35,16.54,2373396.0,39441849.0,332928326.0,0.0071288497092314,000568
2006-11-07,16.5,16.54,15.7,16.2,4114253.0,65874826.0,332928326.0,0.0123577739672412,000568
2006-11-08,16.0,16.55,15.81,16.27,3712386.0,59959198.0,332928326.0,0.011150706353535,000568
2006-11-09,16.11,16.48,15.95,16.1,3605073.0,57949677.0,332928326.0,0.0108283757147176,000568
2006-11-10,16.05,16.05,15.63,15.88,5638497.0,89081891.0,332928326.0,0.0169360686960592,000568
2006-11-13,15.58,16.0,15.45,15.86,4339646.0,68286482.0,332928326.0,0.013034775539045,000568
2006-11-14,15.81,16.9,15.81,16.88,7117062.0,117806756.0,332928326.0,0.0213771597193565,000568
2006-11-15,16.98,17.78,16.95,17.51,6266430.0,109683138.0,332928326.0,0.0188221593376827,000568
2006-11-16,17.49,18.45,17.38,18.18,7828086.0,141074431.0,332928326.0,0.0235128266016031,000568
2006-11-17,18.0,18.68,17.8,18.45,4502173.0,83168565.0,332928326.0,0.0135229496813677,000568
2006-11-20,18.26,18.6,17.7,17.8,7279701.0,131072372.0,332928326.0,0.0218656702704233,000568
2006-11-21,17.85,18.05,17.55,17.8,5576566.0,98874230.0,332928326.0,0.0167500496788609,000568
2006-11-22,17.81,19.3,17.6,18.2,7782919.0,143714597.0,332928326.0,0.0233771607646265,000568
2006-11-23,17.88,18.48,17.7,18.4,8379287.0,151946027.0,332928326.0,0.0251684412097755,000568
2006-11-24,18.05,18.35,17.9,18.0,4353742.0,78713646.0,332928326.0,0.0130771149824001,000568
2006-11-27,17.8,17.86,16.3,17.8,8866885.0,154035133.0,332928326.0,0.0266330146987853,000568
2006-11-28,17.5,17.68,17.08,17.5,10229455.0,177686766.0,332928326.0,0.0307256973983042,000568
2006-11-29,17.34,18.61,17.0,18.24,7690906.0,139731405.0,332928326.0,0.0231007859631625,000568
2006-11-30,18.5,18.92,18.24,18.71,5381155.0,100365000.0,332928326.0,0.0161631035263728,000568
2006-12-01,18.7,19.45,18.4,18.81,8175711.0,154285806.0,332928326.0,0.0245569702591181,000568
2006-12-04,18.81,19.5,18.51,19.0,4662944.0,89136410.0,332954534.0,0.0140047469664431,000568
2006-12-05,18.82,19.34,18.6,18.66,4927165.0,93205079.0,332954534.0,0.0147983117719009,000568
2006-12-06,18.67,18.7,17.5,18.19,5948246.0,107124549.0,332954534.0,0.0178650397954935,000568
2006-12-07,18.4,18.9,17.9,18.49,4404388.0,80685931.0,332954534.0,0.0132281964960417,000568
2006-12-08,18.12,18.79,18.11,18.59,4037795.0,74523034.0,332954534.0,0.0121271662875147,000568
2006-12-11,18.5,20.4,18.34,20.3,9137874.0,179709027.0,332954534.0,0.0274448102274528,000568
2006-12-12,20.3,20.8,19.68,20.0,3435018.0,68574398.0,332954534.0,0.0103167779658468,000568
2006-12-13,20.0,20.95,19.5,20.16,2829006.0,57177121.0,332954534.0,0.0084966736028889,000568
2006-12-14,20.25,22.18,20.2,22.01,9358745.0,201029667.0,332954534.0,0.028108177076213,000568
2006-12-15,21.9,23.45,21.0,23.05,6592773.0,148940602.0,332954534.0,0.0198008206129429,000568
2006-12-18,22.85,25.04,22.85,24.25,5690179.0,138144455.0,332954534.0,0.0170899579940845,000568
2006-12-19,24.25,24.84,23.48,24.72,5948352.0,142882313.0,332954534.0,0.0178653581572792,000568
2006-12-20,24.45,24.9,23.8,24.51,2659605.0,64996940.0,332954534.0,0.0079878924249759,000568
2006-12-21,24.1,24.3,23.01,23.58,4490956.0,106691692.0,332954534.0,0.0134881959589113,000568
2006-12-22,23.38,23.78,22.33,22.97,4307386.0,98810143.0,332954534.0,0.0129368594211725,000568
2006-12-25,22.95,23.87,22.73,23.58,6804504.0,159635771.0,332954534.0,0.0204367362662194,000568
2006-12-26,23.58,24.48,22.91,24.4,3636962.0,86879638.0,332954534.0,0.0109232992153817,000568
2006-12-27,24.4,25.88,23.91,25.16,4512913.0,114422779.0,332954534.0,0.0135541418997465,000568
2006-12-28,25.0,25.16,24.06,24.32,4525061.0,110867208.0,332954534.0,0.0135906273617526,000568
2006-12-29,24.32,26.04,24.32,25.34,8956408.0,227892826.0,332954534.0,0.0268997928708188,000568
2007-01-04,25.42,25.85,23.51,23.99,9887542.0,243907257.0,332954534.0,0.0296963728987694,000568
2007-01-05,23.89,23.89,22.4,23.32,12715597.0,290135898.0,332954534.0,0.0381901902558263,000568
2007-01-08,22.87,23.15,22.25,22.85,12968117.0,295636763.0,332954534.0,0.0389486121249215,000568
2007-01-09,22.9,25.06,22.9,24.6,7502914.0,181424546.0,332954534.0,0.0225343499902602,000568
2007-01-10,24.68,25.95,24.66,25.75,5371328.0,135199118.0,332954534.0,0.0161323167324701,000568
2007-01-11,25.8,26.86,24.9,26.0,6620698.0,172507168.0,332954534.0,0.0198846909229955,000568
2007-01-12,25.9,27.55,25.16,27.15,5686500.0,153126321.0,375000342.0,0.0151639861704446,000568
2007-01-15,27.02,29.25,26.82,27.2,13665017.0,379036635.0,375000342.0,0.0364400121000422,000568
2007-01-16,27.2,28.6,26.5,28.5,9528226.0,265775522.0,375000342.0,0.0254085794940421,000568
2007-01-17,28.5,29.78,27.8,28.2,8481484.0,245302351.0,375000342.0,0.0226172700397163,000568
2007-01-18,28.19,29.75,27.8,29.5,7691969.0,222977602.0,375000342.0,0.0205118986264817,000568
2007-01-19,28.99,31.46,28.99,31.08,5629878.0,172423024.0,375000342.0,0.0150129943081491,000568
2007-01-22,31.0,32.48,30.0,30.49,7998530.0,248362584.0,375000342.0,0.0213293938809261,000568
2007-01-23,30.5,30.68,27.44,27.7,12052232.0,341081161.0,375000342.0,0.0321392560223318,000568
2007-01-24,27.68,28.78,26.28,27.69,6266632.0,173901045.0,375000342.0,0.0167110034262315,000568
2007-01-25,27.94,28.0,26.28,26.28,7224650.0,193970496.0,375000342.0,0.0192657157630005,000568
2007-01-26,26.0,27.0,24.41,26.96,13498533.0,345015876.0,375000342.0,0.0359960551715976,000568
2007-01-29,27.01,27.5,26.0,26.61,10513160.0,280591367.0,375000342.0,0.0280350677653515,000568
2007-01-30,26.7,26.9,25.5,26.4,10287064.0,270058777.0,375000342.0,0.0274321456485498,000568
2007-01-31,26.45,26.5,23.9,23.91,12735985.0,316894350.0,375000342.0,0.0339625956927793,000568
2007-02-01,23.89,26.3,23.52,26.3,11421328.0,286838471.0,375000342.0,0.0304568468900223,000568
2007-02-02,26.5,26.5,25.1,25.4,6836010.0,174830488.0,375000342.0,0.0182293433748388,000568
2007-02-05,25.36,25.36,23.97,24.2,7283287.0,177999778.0,375000342.0,0.0194220809537288,000568
2007-02-06,23.52,24.58,22.3,23.6,16238156.0,375031241.0,375000342.0,0.0433017098421739,000568
2007-02-07,23.8,25.0,23.1,23.6,11006052.0,264188858.0,375000342.0,0.0293494452333059,000568
2007-02-08,23.7,25.9,23.62,25.5,9419139.0,235912208.0,375000342.0,0.0251176810926748,000568
2007-02-09,25.2,26.01,24.59,25.62,6515842.0,163989564.0,375000342.0,0.0173755628201533,000568
2007-02-12,25.5,26.3,25.0,26.02,6999205.0,181841170.0,375000342.0,0.0186645296446156,000568
2007-02-13,26.01,26.7,25.9,25.96,5462265.0,143307534.0,375000342.0,0.0145660267157836,000568
2007-02-14,25.9,26.21,25.52,25.9,7696937.0,199217580.0,375000342.0,0.0205251466143996,000568
2007-02-15,26.15,28.1,26.15,28.05,10123726.0,277325467.0,375000342.0,0.0269965780457874,000568
2007-02-16,28.85,28.88,27.4,27.78,4733811.0,133085418.0,375000342.0,0.0126234844873821,000568
2007-02-26,28.0,28.0,26.56,27.3,3680851.0,99549805.0,375000342.0,0.0098155937148452,000568
2007-02-27,27.2,27.2,24.57,24.57,11257301.0,281831467.0,375000342.0,0.0300194419556022,000568
2007-02-28,24.5,26.6,23.35,25.92,15223668.0,386618452.0,375000342.0,0.0405964109760731,000568
2007-03-01,25.38,27.5,25.38,25.7,7395015.0,195086763.0,375000342.0,0.0197200220153399,000568
2007-03-02,25.8,26.31,25.42,25.6,4300432.0,111074222.0,375000342.0,0.0114678082080255,000568
2007-03-05,25.5,26.09,23.88,24.41,2874339.0,72024217.0,375000342.0,0.0076648970096139,000568
2007-03-06,24.49,25.35,24.21,25.18,3554687.0,88444366.0,375000342.0,0.0094791566883424,000568
2007-03-07,25.01,26.65,25.01,26.58,4110490.0,108093656.0,375000342.0,0.0109612966699641,000568
2007-03-08,26.6,26.75,25.7,26.42,1989944.0,52204411.0,375000342.0,0.0053065124937939,000568
2007-03-09,26.46,28.0,26.43,27.4,6524973.0,179966215.0,375000342.0,0.0173999121312801,000568
2007-03-12,27.51,28.3,26.98,27.1,4593551.0,126897113.0,375000342.0,0.0122494581618274,000568
2007-03-13,27.21,27.61,26.66,26.97,2744886.0,74412113.0,375000342.0,0.0073196893244433,000568
2007-03-14,26.93,27.89,26.0,27.5,3955451.0,108489215.0,375000342.0,0.0105478597136852,000568
2007-03-15,27.5,30.25,27.38,30.03,9242821.0,266717205.0,375000342.0,0.0246475001881464,000568
2007-03-16,30.0,30.9,29.0,29.2,6808795.0,203247554.0,375000342.0,0.0181567701076923,000568
2007-03-19,28.62,29.99,28.33,29.0,3154196.0,91428629.0,375000342.0,0.0084111816623356,000568
2007-03-20,28.98,29.27,27.9,28.5,4481795.0,127215153.0,375000342.0,0.0119514424336178,000568
2007-03-21,28.5,28.99,27.98,28.48,5400492.0,152670222.0,375000342.0,0.0144012988660154,000568
2007-03-22,28.5,28.75,27.73,27.8,5455190.0,152884342.0,375000342.0,0.0145471600663233,000568
2007-03-23,27.7,28.2,27.07,27.71,3382688.0,93487610.0,375000342.0,0.0090204931066436,000568
2007-03-26,27.78,28.5,27.11,28.37,4594696.0,126510158.0,375000342.0,0.0122525114923761,000568
2007-03-27,28.36,28.37,27.4,28.03,3572768.0,99147304.0,375000342.0,0.0095273726443694,000568
2007-03-28,28.0,28.25,27.0,27.5,6112965.0,168048035.0,375000342.0,0.0163012251332826,000568
2007-03-29,27.5,28.2,27.1,27.56,4391660.0,121468367.0,375000342.0,0.0117110826528259,000568
2007-03-30,27.56,27.89,27.05,27.2,3618025.0,98807644.0,375000342.0,0.0096480578676378,000568
2007-04-02,27.3,27.5,27.06,27.4,5628494.0,153389387.0,375000342.0,0.0150093036448484,000568
2007-04-03,27.61,28.49,27.3,28.29,6436169.0,180483144.0,375000342.0,0.0171631016805846,000568
2007-04-04,28.4,29.82,28.4,29.7,9678827.0,283808923.0,375000342.0,0.0258101817944475,000568
2007-04-05,29.58,29.58,28.55,29.2,5633333.0,163342682.0,375000342.0,0.0150222076330799,000568
2007-04-06,29.0,29.68,28.6,29.22,4397024.0,128387086.0,375000342.0,0.0117253866397807,000568
2007-04-09,29.0,31.28,29.0,30.65,9555031.0,287204292.0,375000342.0,0.0254800594288524,000568
2007-04-10,30.5,31.2,29.6,30.69,6792976.0,207213350.0,375000342.0,0.0181145861461641,000568
2007-04-11,30.58,30.6,29.28,29.32,7204695.0,212990756.0,375000342.0,0.0192125024781977,000568
2007-04-12,29.81,32.25,29.3,32.08,17132917.0,526122736.0,375000342.0,0.0456877369994505,000568
2007-04-13,31.85,34.88,31.55,33.61,16502551.0,552061233.0,375000342.0,0.0440067625324992,000568
2007-04-17,36.97,36.97,36.97,36.97,1272444.0,47042255.0,375000342.0,0.003393180905419,000568
2007-04-18,40.67,40.67,37.4,37.75,17612226.0,678633704.0,375000342.0,0.0469658931671054,000568
2007-04-19,36.9,36.9,33.98,34.75,9764181.0,341788194.0,375000342.0,0.0260377922535334,000568
2007-04-20,34.97,36.63,34.97,35.55,8776837.0,312234000.0,375000342.0,0.0234048773214185,000568
2007-04-23,35.8,39.11,35.8,39.11,15357234.0,594663437.0,375000342.0,0.0409525866512409,000568
2007-06-19,43.02,43.02,43.02,43.02,101342.0,4359733.0,375000342.0,0.0002702450868698,000568
2007-06-20,47.32,47.32,47.32,47.32,288222.0,13638665.0,375000342.0,0.0007685912990447,000568
2007-06-21,52.05,52.05,50.05,52.05,25088726.0,1305486002.0,375000342.0,0.0669032083176073,000568
2007-06-25,50.0,51.88,46.85,46.85,19640959.0,943761977.0,375000342.0,0.0523758428998979,000568
2007-06-26,45.01,46.0,42.18,44.01,14107694.0,622810203.0,375000342.0,0.0376204830234528,000568
2007-06-27,45.0,47.08,43.9,46.3,5473921.0,249269918.0,375000342.0,0.0145971093541029,000568
2007-06-28,45.0,46.29,43.0,43.39,5766442.0,258962794.0,375000342.0,0.0153771646426925,000568
2007-06-29,42.0,43.15,40.0,42.1,5008854.0,209473321.0,375000342.0,0.0133569318184781,000568
2007-07-02,42.1,45.5,41.0,44.0,3729267.0,163726468.0,375000342.0,0.0099447029304309,000568
2007-07-03,43.8,44.8,43.0,44.26,1509385.0,66236424.0,375000342.0,0.0040250229958456,000568
2007-07-05,44.2,44.2,39.83,39.83,3799524.0,156634783.0,375000342.0,0.010132054759566,000568
2007-07-06,39.3,42.55,39.3,42.4,5102326.0,212719551.0,375000342.0,0.0136061902578211,000568
2007-07-09,43.1,46.5,43.1,44.65,4814567.0,216655800.0,375000342.0,0.012838833624317,000568
2007-07-10,44.99,45.3,43.89,44.0,3951206.0,177013104.0,375000342.0,0.0105365397240091,000568
2007-07-11,43.86,46.3,43.0,45.0,3287701.0,148618931.0,375000342.0,0.0087671946709851,000568
2007-07-12,46.0,46.11,45.0,45.39,2305694.0,104872353.0,375000342.0,0.0061485117258906,000568
2007-07-13,44.87,45.99,44.87,45.95,1233876.0,56175988.0,375000342.0,0.0032903329992163,000568
2007-07-16,46.3,46.48,44.45,44.5,2904325.0,132974276.0,375000342.0,0.0077448596033547,000568
2007-07-17,44.1,48.2,44.1,47.22,3766867.0,175700734.0,375000342.0,0.0100449695056544,000568
2007-07-18,46.3,50.48,46.3,48.5,3843654.0,188527412.0,375000342.0,0.0102497346522419,000568
2007-07-19,48.6,49.8,47.6,48.68,1595179.0,77660179.0,375000342.0,0.0042538067871948,000568
2007-07-20,48.68,49.72,48.5,49.3,1482923.0,72887212.0,375000342.0,0.0039544577268678,000568
2007-07-23,49.88,53.1,49.3,52.16,4640513.0,236057147.0,375000342.0,0.012374690047616,000568
2007-07-24,51.4,52.4,50.83,50.84,2792765.0,143490428.0,375000342.0,0.007447366541335,000568
2007-07-25,50.0,51.6,48.88,50.55,4714185.0,236025334.0,375000342.0,0.0125711485351125,000568
2007-07-26,51.5,53.0,50.58,51.8,2430080.0,126180577.0,375000342.0,0.0064802074233841,000568
2007-07-27,51.8,53.03,51.49,52.25,1975846.0,103486884.0,375000342.0,0.0052689178614135,000568
2007-07-31,55.0,55.75,52.0,52.9,2977757.0,159619091.0,375000342.0,0.0079406780914349,000568
2007-08-01,52.92,54.89,51.68,53.88,3421692.0,183686603.0,375000342.0,0.0091245036784526,000568
2007-08-02,54.47,59.27,53.88,58.05,3909869.0,224366843.0,375000342.0,0.0104263078245405,000568
2007-08-03,58.0,59.83,56.8,58.85,2476425.0,144122892.0,375000342.0,0.0066037939773398,000568
2007-08-06,59.6,59.99,57.0,58.8,3026515.0,175209858.0,375000342.0,0.0080706993061889,000568
2007-08-07,58.83,62.8,56.81,62.62,7250920.0,436519575.0,375000342.0,0.0193357690324453,000568
2007-08-08,60.99,64.55,59.7,61.2,5889653.0,363275807.0,375000342.0,0.0157057270097103,000568
2007-08-09,61.5,62.38,57.99,58.1,6300332.0,373768174.0,375000342.0,0.0168008700109398,000568
2007-08-10,58.35,58.6,54.71,56.0,8360639.0,464295418.0,375000342.0,0.0222950170002778,000568
2007-08-13,56.0,56.99,53.8,54.05,4545203.0,248667570.0,375000342.0,0.0121205302794097,000568
2007-08-14,54.4,59.0,54.4,57.35,5644133.0,315977001.0,375000342.0,0.0150510076068143,000568
2007-08-15,57.0,58.88,56.2,57.2,5463582.0,314254272.0,375000342.0,0.0145695387125806,000568
2007-08-16,57.0,58.09,56.0,57.11,3357827.0,189695338.0,375000342.0,0.0089541971671055,000568
2007-08-17,56.89,57.79,55.5,55.55,1747189.0,98765797.0,375000342.0,0.0046591664175068,000568
2007-08-20,56.0,58.8,56.0,57.1,5108898.0,292346766.0,375000342.0,0.0136237155751713,000568
2007-08-21,57.05,58.8,56.5,58.39,4893782.0,283630191.0,375000342.0,0.0130500734316663,000568
2007-08-22,57.8,61.2,56.68,59.0,4187487.0,251421793.0,375000342.0,0.0111666218160409,000568
2007-08-23,59.8,61.0,58.3,60.09,5342619.0,316351338.0,375000342.0,0.0142469710067624,000568
2007-08-24,59.88,63.5,59.3,63.29,5324364.0,325859092.0,375000342.0,0.0141982910511585,000568
2007-08-27,63.33,64.48,59.98,60.18,3897874.0,238780384.0,375000342.0,0.0103943211870457,000568
2007-08-29,60.5,60.5,58.0,58.82,5949992.0,353278356.0,375000342.0,0.0158666308629659,000568
2007-08-30,58.9,59.5,57.8,59.15,3316409.0,193539401.0,375000342.0,0.008843749267834,000568
2007-08-31,60.12,62.9,58.5,58.98,2986331.0,180056815.0,375000342.0,0.0079635420705829,000568
2007-09-03,59.0,61.0,58.3,59.5,4347639.0,256360431.0,375000342.0,0.0115936934265515,000568
2007-09-04,60.0,60.0,58.0,58.5,3244144.0,191709769.0,375000342.0,0.0086510427769156,000568
2007-09-05,58.5,59.5,57.2,57.32,5077418.0,294105667.0,375000342.0,0.013539768985064,000568
2007-09-06,57.61,58.5,56.2,57.0,6652223.0,377438958.0,375000342.0,0.0177392451551417,000568
2007-09-07,56.57,57.45,54.58,54.88,4569707.0,253509169.0,375000342.0,0.012185874219816,000568
2007-09-10,55.02,58.58,55.0,57.44,4504544.0,258847674.0,375000342.0,0.0120121063782923,000568
2007-09-11,58.0,62.8,55.0,57.8,4499356.0,269542691.0,375000342.0,0.0119982717242428,000568
2007-09-12,57.75,59.99,55.25,57.42,2728086.0,155053658.0,375000342.0,0.0072748893653008,000568
2007-09-13,57.8,59.81,56.8,59.5,3894240.0,227377308.0,375000342.0,0.0103846305292169,000568
2007-09-14,59.48,61.6,56.5,58.9,6549298.0,385919742.0,375000342.0,0.0174647787387884,000568
2007-09-17,58.9,60.79,58.0,60.4,3919673.0,234365019.0,375000342.0,0.0104524518006972,000568
2007-09-18,60.0,60.0,57.2,57.9,2857139.0,167174576.0,375000342.0,0.0076190303847776,000568
2007-09-19,57.92,58.89,56.4,56.6,3263596.0,185608055.0,375000342.0,0.0087029147296084,000568
2007-09-20,57.01,57.58,55.65,56.17,1718017.0,96765359.0,375000342.0,0.0045813744884531,000568
2007-09-21,55.56,57.53,54.4,56.85,1665811.0,92772604.0,375000342.0,0.004442158615418,000568
2007-09-24,57.49,57.49,55.0,55.69,2872075.0,159134375.0,375000342.0,0.0076588596817866,000568
2007-09-25,55.69,55.96,54.0,54.3,2230087.0,121753793.0,375000342.0,0.0059468932431,000568
2007-09-26,54.3,57.55,54.06,57.18,4021431.0,228921931.0,375000342.0,0.0107238062198887,000568
2007-09-27,57.05,61.58,57.0,61.4,5969337.0,359908211.0,375000342.0,0.0159182174825856,000568
2007-09-28,61.3,65.0,60.8,62.6,6106326.0,385929101.0,375000342.0,0.0162835211494287,000568
2007-10-08,64.0,64.9,60.0,62.21,5770341.0,355679026.0,375000342.0,0.0153875619665434,000568
2007-10-09,61.97,68.35,60.8,67.6,7394691.0,487618531.0,375000342.0,0.0197191580161278,000568
2007-10-10,68.0,70.2,66.8,68.3,4625940.0,317344482.0,375000342.0,0.0123358287497241,000568
2007-10-11,68.35,71.08,67.01,70.04,3498056.0,244924460.0,375000342.0,0.0093281408260689,000568
2007-10-12,70.0,71.87,66.0,70.0,3320890.0,229150752.0,375000342.0,0.0088556985902695,000568
2007-10-15,69.81,71.65,68.0,70.01,5158820.0,363029544.0,375000342.0,0.0137568407870945,000568
2007-10-16,70.13,74.25,70.13,72.0,4202310.0,305340594.0,375000342.0,0.0112061497799914,000568
2007-10-17,70.81,72.18,68.51,69.37,2397113.0,167860351.0,375000342.0,0.0063922955035598,000568
2007-10-18,69.35,71.5,67.18,69.3,1919300.0,133427246.0,375000342.0,0.0051181286655999,000568
2007-10-19,70.0,71.11,68.05,70.01,2356912.0,165661578.0,375000342.0,0.0062850929346619,000568
2007-10-22,69.0,69.8,68.0,68.67,1384082.0,95449165.0,375000342.0,0.0036908819672489,000568
2007-10-23,68.3,72.28,67.09,70.7,4272834.0,301909577.0,375000342.0,0.0113942136084771,000568
2007-10-24,70.8,76.6,70.8,74.99,3343528.0,249280074.0,375000342.0,0.0089160665352139,000568
2007-10-25,74.78,75.88,70.0,70.05,4027061.0,295811345.0,375000342.0,0.0107388195395299,000568
2007-10-26,69.8,74.0,69.8,70.4,2399222.0,170523666.0,375000342.0,0.0063979194984307,000568
2007-10-29,71.52,73.38,68.33,68.5,2720697.0,190729784.0,375000342.0,0.0072551853832709,000568
2007-10-30,68.8,70.5,67.51,68.18,1236142.0,84501669.0,375000342.0,0.003296375660372,000568
2007-10-31,68.8,70.18,67.0,68.35,2254542.0,153580614.0,375000342.0,0.0060121065169588,000568
2007-11-01,68.0,68.0,64.79,64.85,3130588.0,205764754.0,375000342.0,0.0083482270530835,000568
2007-11-02,62.34,65.7,62.3,62.91,2938012.0,187746872.0,375000342.0,0.007834691521428,000568
2007-11-05,63.0,64.99,62.91,63.9,1681832.0,107334316.0,375000342.0,0.0044848812431216,000568
2007-11-06,63.99,64.77,63.11,64.3,1828140.0,116548183.0,417084244.00000006,0.0043831432769251,000568
2007-11-07,64.31,65.5,61.9,63.67,2217954.0,139427815.0,417084244.00000006,0.0053177602172859,000568
2007-11-08,62.85,65.0,62.85,63.5,3819169.0,245123164.0,417084244.00000006,0.0091568287580769,000568
2007-11-09,62.0,64.2,60.51,60.51,1529810.0,95682149.0,417084244.00000006,0.003667868115392,000568
2007-11-12,59.3,59.7,56.0,58.98,3134079.0,179188290.0,417084244.00000006,0.0075142589179177,000568
2007-11-13,59.0,61.9,59.0,60.16,2042716.0,123373175.0,417084244.00000006,0.0048976100856976,000568
2007-11-14,60.17,61.5,58.3,61.35,1538435.0,92123143.0,417084244.00000006,0.0036885473909199,000568
2007-11-15,61.96,61.96,60.12,60.33,864318.0,52593113.0,417084244.00000006,0.0020722863844264,000568
2007-11-16,59.13,60.0,57.64,59.0,1232363.0,71805366.0,417084244.00000006,0.0029547100321536,000568
2007-11-19,59.0,59.98,57.4,57.5,2114253.0,123067760.0,417084244.00000006,0.0050691269939221,000568
2007-11-20,57.48,58.48,57.01,58.29,2641342.0,152531975.0,417084244.00000006,0.0063328740847856,000568
2007-11-21,58.03,59.5,58.0,58.5,1543065.0,90878959.0,417084244.00000006,0.0036996482657829,000568
2007-11-22,57.5,58.05,56.2,56.2,1861644.0,106574476.0,417084244.00000006,0.0044634723722625,000568
2007-11-23,56.14,57.8,56.0,57.8,3092347.0,175783378.0,417084244.00000006,0.0074142023931261,000568
2007-11-26,59.5,60.49,58.11,59.7,2471270.0,147075573.0,417084244.00000006,0.0059251099401395,000568
2007-11-27,59.4,61.89,58.6,61.4,2349014.0,142373617.0,417084244.00000006,0.0056319893014227,000568
2007-11-28,61.45,62.0,59.21,60.0,1106447.0,66547498.0,417084244.00000006,0.0026528141878214,000568
2007-11-29,61.0,61.52,59.5,61.52,1382310.0,83821214.0,417084244.00000006,0.0033142225339013,000568
2007-11-30,61.55,63.38,61.01,62.02,2785748.0,174039953.0,417084244.00000006,0.0066791015006551,000568
2007-12-03,62.0,62.0,59.83,59.88,1400180.0,84597823.0,417084244.00000006,0.0033570675951978,000568
2007-12-04,59.9,60.4,59.2,59.98,1466934.0,87651771.0,417084244.00000006,0.0035171167961933,000568
2007-12-05,59.7,60.98,59.02,59.99,1934104.0,116102233.0,417084244.00000006,0.004637202262668,000568
2007-12-06,60.56,61.0,59.6,59.66,1631379.0,98316730.0,417084244.00000006,0.0039113896616051,000568
2007-12-07,59.66,62.1,59.3,60.6,3514591.0,212573614.0,417084244.00000006,0.0084265734094716,000568
2007-12-10,59.45,65.1,59.45,64.07,3423163.0,216918156.0,447084244.00000006,0.0076566397629525,000568
2007-12-11,64.1,67.28,63.88,66.76,10168921.0,673398438.0,447084244.00000006,0.0227449773425699,000568
2007-12-12,66.96,68.6,65.8,67.5,11318847.0,767258931.0,447084244.00000006,0.0253170339861048,000568
2007-12-13,67.5,68.49,65.68,66.25,6133373.0,411237916.0,447084244.00000006,0.0137186069120342,000568
2007-12-14,65.0,72.0,64.88,71.85,6831284.0,465066791.0,447084244.00000006,0.0152796348600466,000568
2007-12-17,71.92,75.49,71.12,73.25,9199169.0,678165811.0,447084244.00000006,0.0205759185734132,000568
2007-12-18,72.6,72.6,68.0,68.86,4285819.0,298175367.0,447084244.00000006,0.0095861553108098,000568
2007-12-19,70.5,70.5,66.8,68.88,3564728.0,243175890.0,447084244.00000006,0.0079732803109026,000568
2007-12-20,68.88,71.0,67.65,70.0,2199970.0,151806870.0,447084244.00000006,0.0049207057272186,000568
2007-12-21,69.55,71.0,68.98,70.3,2186452.0,152935683.0,447084244.00000006,0.0048904698149013,000568
2007-12-24,70.65,73.2,70.35,70.59,3382581.0,242238846.0,447084244.00000006,0.007565869397983,000568
2007-12-25,70.6,72.8,69.5,71.95,3662047.0,261080051.0,447084244.00000006,0.0081909551704085,000568
2007-12-26,72.78,74.78,71.5,74.03,6226592.0,452479874.0,447084244.00000006,0.0139271112403594,000568
2007-12-27,74.1,74.61,72.99,74.0,4553804.0,334670032.0,447084244.00000006,0.0101855613592144,000568
2007-12-28,73.99,73.99,71.8,73.5,4307063.0,313265314.0,447084244.00000006,0.0096336720826153,000568
2008-01-02,73.5,73.6,71.0,71.27,3610782.0,259161855.0,447084244.00000006,0.008076289979926,000568
2008-01-03,71.3,72.0,68.56,69.79,4323012.0,302551953.0,447084244.00000006,0.0096693454489082,000568
2008-01-04,70.02,70.58,68.1,69.9,5555141.0,382335881.0,447084244.00000006,0.0124252667691863,000568
2008-01-07,70.0,72.05,68.28,69.78,6876308.0,477521133.0,447084244.00000006,0.0153803407127002,000568
2008-01-08,70.05,70.95,68.1,69.25,8002684.0,555285303.0,447084244.00000006,0.0178997227198192,000568
2008-01-09,68.99,69.9,68.5,69.68,6097711.0,422823237.0,447084244.00000006,0.0136388411844815,000568
2008-01-10,69.99,71.42,68.85,70.68,6974516.0,487958261.0,447084244.00000006,0.0156000040117718,000568
2008-01-11,70.78,70.99,68.0,68.35,5518776.0,378936777.0,447084244.00000006,0.0123439286310434,000568
2008-01-14,69.0,71.01,68.42,69.3,5391074.0,373086736.0,447084244.00000006,0.0120582956620587,000568
2008-01-15,69.2,69.77,67.8,68.02,4398119.0,300489380.0,447084244.00000006,0.009837338396564,000568
2008-01-16,67.89,67.9,65.68,65.68,4449209.0,294845028.0,447084244.00000006,0.0099516121619351,000568
2008-01-17,65.0,67.0,63.0,65.0,5710707.0,372171650.0,447084244.00000006,0.012773223562761,000568
2008-01-18,65.62,67.7,64.08,67.05,4412351.0,293574454.0,447084244.00000006,0.0098691713233356,000568
2008-01-21,67.49,67.5,63.0,63.11,3548511.0,231469975.0,447084244.00000006,0.0079370075050106,000568
2008-01-22,61.5,65.3,56.8,61.08,5779718.0,354915258.0,447084244.00000006,0.0129275814962515,000568
2008-01-23,61.8,66.1,61.8,66.1,4760323.0,305316516.0,447084244.00000006,0.0106474854882159,000568
2008-01-24,66.12,68.94,66.01,67.5,5215804.0,354586428.0,447084244.00000006,0.0116662666376585,000568
2008-01-25,67.0,68.71,65.78,66.16,3739045.0,252362941.0,447084244.00000006,0.008363177745982,000568
2008-01-28,66.15,66.99,61.0,63.0,3911215.0,247869076.0,447084244.00000006,0.0087482729541236,000568
2008-01-29,62.99,65.55,62.01,64.3,3075321.0,198148528.0,447084244.00000006,0.0068786163710121,000568
2008-01-30,65.1,66.1,64.0,64.28,3543886.0,231217038.0,447084244.00000006,0.0079266626984958,000568
2008-01-31,64.3,64.77,62.5,63.7,2262008.0,144201123.0,447084244.00000006,0.0050594670475571,000568
2008-02-01,64.0,64.9,58.5,63.0,4573758.0,287049891.0,447084244.00000006,0.0102301927687704,000568
2008-02-04,63.98,67.7,63.98,66.9,5348938.0,356260606.0,447084244.00000006,0.0119640494421002,000568
2008-02-05,66.08,68.5,64.66,65.81,3248812.0,215788170.0,447084244.00000006,0.0072666662795658,000568
2008-02-13,65.48,66.6,62.94,65.88,1449828.0,93874212.0,447084244.00000006,0.0032428519221088,000568
2008-02-14,65.88,66.3,64.5,65.59,2275379.0,148319767.0,447084244.00000006,0.0050893741627808,000568
2008-02-15,64.66,65.0,63.8,65.0,1956454.0,125690370.0,447084244.00000006,0.0043760298562433,000568
2008-02-18,64.2,66.0,64.2,64.81,4937605.0,320127192.0,447084244.00000006,0.0110440147830394,000568
2008-02-19,65.5,69.1,64.5,68.65,8253393.0,553923941.0,447084244.00000006,0.0184604872812292,000568
2008-02-20,68.84,69.49,68.3,69.36,8654836.0,597149823.0,447084244.00000006,0.0193584008297102,000568
2008-02-21,68.8,70.25,68.15,70.15,3366345.0,234056563.0,447084244.00000006,0.0075295540945075,000568
2008-02-22,69.88,73.0,69.3,70.0,6987046.0,500973435.0,447084244.00000006,0.015628030049746,000568
2008-02-25,71.05,71.78,68.89,68.89,4851454.0,340679512.0,447084244.00000006,0.0108513195557837,000568
2008-02-26,70.01,71.0,64.4,67.14,10671359.0,733473054.0,447084244.00000006,0.0238687879146105,000568
2008-02-27,67.41,70.04,66.51,70.0,3784218.0,262216898.0,447084244.00000006,0.008464216869159,000568
2008-02-28,70.41,71.18,69.5,69.9,3489652.0,244795668.0,447084244.00000006,0.0078053567014094,000568
2008-02-29,69.9,72.15,69.1,71.95,4576418.0,326552110.0,447084244.00000006,0.0102361424304632,000568
2008-03-03,72.2,76.1,71.6,75.3,6124758.0,460207246.0,447084244.00000006,0.0136993376129801,000568
2008-03-04,76.0,76.6,74.5,75.3,7139722.0,541533563.0,447084244.00000006,0.0159695227371958,000568
2008-03-05,74.51,75.55,72.31,73.68,3207360.0,235941037.0,447084244.00000006,0.0071739499726141,000568
2008-03-06,73.68,75.2,72.0,72.81,1411666.0,104122489.0,447084244.00000006,0.0031574944072509,000568
2008-03-07,72.6,75.5,72.3,74.1,2520801.0,188211969.0,447084244.00000006,0.0056383132123976,000568
2008-03-10,73.05,75.0,70.7,72.5,2476978.0,180128397.0,447084244.00000006,0.0055402936543655,000568
2008-03-11,71.6,72.8,69.68,72.44,1096271.0,78371681.0,447084244.00000006,0.0024520457043885,000568
2008-03-12,73.01,73.79,69.69,71.0,916841.0,65572332.0,447084244.00000006,0.0020507119459123,000568
2008-03-13,70.0,70.3,66.68,68.89,2226237.0,152949348.0,447084244.00000006,0.0049794575180779,000568
2008-03-14,68.01,68.8,65.68,67.9,3038157.0,204424015.0,447084244.00000006,0.0067954910976464,000568
2008-03-17,67.8,67.88,63.58,64.4,3053633.0,198777054.0,447084244.00000006,0.0068301064977812,000568
2008-03-18,63.2,63.8,59.51,60.58,4058543.0,246755347.0,447084244.00000006,0.0090778036901698,000568
2008-03-19,62.0,64.25,60.81,63.93,3328343.0,209298322.0,447084244.00000006,0.007444554454037,000568
2008-03-20,63.79,65.88,61.1,65.0,2224814.0,139686571.0,447084244.00000006,0.0049762746727437,000568
2008-03-21,64.48,66.87,64.12,64.28,1203363.0,79223147.0,447084244.00000006,0.0026915799788283,000568
2008-03-24,64.6,65.98,62.8,62.9,841411.0,54118616.0,447084244.00000006,0.0018819965393367,000568
2008-03-25,62.0,65.15,61.3,65.0,1500841.0,95838959.0,447084244.00000006,0.003356953460431,000568
2008-03-26,66.7,67.88,65.21,66.3,1728843.0,114321207.0,447084244.00000006,0.0038669289361044,000568
2008-03-27,65.98,65.98,62.0,62.91,1263091.0,80732433.0,447084244.00000006,0.0028251744876967,000568
2008-03-28,62.95,64.1,59.0,63.9,2429564.0,149225683.0,447084244.00000006,0.005434242053048,000568
2008-03-31,61.8,63.5,61.8,62.0,846741.0,52974284.0,447084244.00000006,0.0018939182298716,000568
2008-04-01,62.0,62.58,58.56,58.87,1777426.0,108444780.0,447084244.00000006,0.0039755952571658,000568
2008-04-02,58.0,61.0,56.01,57.09,2158133.0,125233913.0,447084244.00000006,0.0048271282850218,000568
2008-04-03,57.0,58.0,53.2,56.5,2110481.0,117770980.0,447084244.00000006,0.0047205443455529,000568
2008-04-07,56.3,60.88,56.0,60.1,1511478.0,89247850.0,447084244.00000006,0.0033807453970576,000568
2008-04-08,61.5,62.15,59.61,61.3,1036985.0,63463278.0,447084244.00000006,0.0023194398235156,000568
2008-04-09,61.25,61.25,59.18,59.18,1327864.0,79853831.0,447084244.00000006,0.0029700532233473,000568
2008-04-10,58.9,60.5,57.6,60.22,708535.0,42292205.0,447084244.00000006,0.001584790807345,000568
2008-04-11,60.99,61.5,59.51,60.75,323692.0,19568041.0,447084244.00000006,0.0007240067265712,000568
2008-04-14,59.5,60.5,56.7,57.8,1799703.0,104914296.0,447084244.00000006,0.0040254225554859,000568
2008-04-15,56.8,58.31,56.2,58.0,1654886.0,95545757.0,447084244.00000006,0.0037015082106091,000568
2008-04-16,57.9,59.0,57.5,57.88,578716.0,33614136.0,447084244.00000006,0.0012944227128701,000568
2008-04-17,57.88,59.0,55.01,58.0,2099455.0,118743500.0,447084244.00000006,0.0046958823268216,000568
2008-04-18,57.0,58.8,56.2,57.55,2708242.0,156517353.0,447084244.00000006,0.0060575652941149,000568
2008-04-21,63.0,63.0,56.0,56.0,2350224.0,137676777.0,447084244.00000006,0.0052567810911269,000568
2008-04-22,56.01,56.1,51.8,52.99,3786767.0,199098520.0,447084244.00000006,0.0084699182554954,000568
2008-04-23,52.8,57.98,52.33,57.98,1945855.0,106963058.0,447084244.00000006,0.0043523229147838,000568
2008-04-24,63.0,63.78,59.88,62.4,10935018.0,672910037.0,447084244.00000006,0.024458517934262,000568
2008-04-25,61.48,61.98,58.91,59.27,8017631.0,482698576.0,447084244.00000006,0.0179331548977601,000568
2008-04-28,58.0,59.3,57.08,58.0,2266488.0,131534222.0,447084244.00000006,0.0050694875304082,000568
2008-04-29,57.8,60.4,57.8,59.45,2462886.0,146878853.0,447084244.00000006,0.0055087738676829,000568
2008-04-30,59.51,60.96,59.51,60.9,4698817.0,283205072.0,447084244.00000006,0.0105099141002159,000568
2008-05-05,61.5,62.7,60.6,62.06,2269050.0,140019707.0,447084244.00000006,0.0050752179940387,000568
2008-05-06,62.07,62.2,60.9,61.9,2458051.0,151191356.0,447084244.00000006,0.0054979593510345,000568
2008-05-07,61.19,62.35,59.91,59.96,2569880.0,157326250.0,447084244.00000006,0.0057480889440603,000568
2008-05-08,59.3,60.7,58.5,60.6,2005359.0,119149985.0,447084244.00000006,0.0044854163995097,000568
2008-05-12,59.6,62.9,59.0,62.0,2720700.0,166992107.0,447084244.00000006,0.0060854302886146,000568
2008-05-13,59.25,61.55,59.02,60.7,2279415.0,138072664.0,447084244.00000006,0.0050984015442065,000568
2008-05-14,62.5,63.73,62.0,62.99,1583104.0,99729301.0,447084244.00000006,0.0035409523400694,000568
2008-05-15,63.6,66.6,63.0,65.4,3157482.0,206716147.0,447084244.00000006,0.0070623871057285,000568
2008-05-16,65.4,66.45,62.2,64.9,1576826.0,101449999.0,447084244.00000006,0.0035269102437884,000568
2008-05-19,65.0,65.97,63.6,64.99,1319107.0,85538280.0,447084244.00000006,0.0029504663107743,000568
2008-05-20,40.24,40.24,37.47,38.3,4337717.0,166438715.0,715334790.0000001,0.0060638977170395,000568
2008-05-21,38.2,38.4,36.25,38.2,3722269.0,138103058.0,715334790.0000001,0.00520353413819,000568
2008-05-22,38.05,38.05,36.76,37.8,3841909.0,143279572.0,715334790.0000001,0.0053707844965851,000568
2008-05-23,37.0,38.55,36.9,38.3,2170267.0,81884309.0,715334790.0000001,0.0030339178666257,000568
2008-05-26,38.0,38.8,37.6,37.66,3915695.0,149324261.0,715334790.0000001,0.0054739334011701,000568
2008-05-27,38.0,38.8,37.64,38.2,3060245.0,116610822.0,715334790.0000001,0.0042780597879211,000568
2008-05-28,38.2,38.82,37.7,37.95,2266696.0,86243398.0,715334790.0000001,0.0031687204812169,000568
2008-05-29,37.98,37.98,36.6,36.6,3484011.0,129370254.0,715334790.0000001,0.004870462123057,000568
2008-05-30,36.63,37.5,35.56,37.49,2349615.0,85440175.0,715334790.0000001,0.0032846368341738,000568
2008-06-02,37.38,37.38,36.31,36.6,1366433.0,50293438.0,715334790.0000001,0.0019102006768047,000568
2008-06-03,36.66,36.7,34.78,35.36,7696137.0,272584469.0,715334790.0000001,0.0107587903001334,000568
2008-06-04,35.01,35.2,33.99,34.44,3579333.0,123466187.0,715334790.0000001,0.0050037172105106,000568
2008-06-05,34.39,35.63,33.83,34.81,4654193.0,161789157.0,715334790.0000001,0.0065063143370952,000568
2008-06-06,34.81,35.8,33.76,34.27,3383200.0,115128949.0,715334790.0000001,0.0047295337054695,000568
2008-06-10,32.98,33.7,32.1,32.32,2727247.0,90064458.0,715334790.0000001,0.003812546290388,000568
2008-06-11,32.32,32.9,31.7,32.49,1851487.0,59659286.0,715334790.0000001,0.0025882803770804,000568
2008-06-12,31.85,32.52,29.81,30.64,4346303.0,134863876.0,715334790.0000001,0.0060759004884971,000568
2008-06-13,30.5,31.0,28.87,29.8,3035261.0,90582069.0,715334790.0000001,0.0042431334843926,000568
2008-06-16,29.78,30.15,28.3,29.4,2138823.0,62929357.0,715334790.0000001,0.0029899608265942,000568
2008-06-17,29.19,29.69,27.7,28.58,2521195.0,73364472.0,715334790.0000001,0.0035244965507689,000568
2008-06-18,28.58,30.84,27.18,30.26,4337311.0,124564042.0,715334790.0000001,0.0060633301506277,000568
2008-06-19,30.0,30.0,28.0,29.3,2113448.0,60683272.0,715334790.0000001,0.0029544879258563,000568
2008-06-20,28.35,31.5,28.35,29.96,2000238.0,60807569.0,715334790.0000001,0.0027962263655595,000568
2008-06-23,29.99,30.95,29.2,30.2,1064793.0,32206391.0,715334790.0000001,0.0014885239958761,000568
2008-06-24,30.2,31.36,30.0,31.24,1573228.0,48543464.0,715334790.0000001,0.0021992890909164,000568
2008-06-25,30.94,33.1,30.4,32.84,2614561.0,83042434.0,715334790.0000001,0.0036550172542286,000568
2008-06-26,32.4,32.83,31.9,32.06,1711066.0,55213735.0,715334790.0000001,0.0023919792856712,000568
2008-06-27,31.2,31.2,29.8,30.93,1647525.0,50151836.0,715334790.0000001,0.00230315234633,000568
2008-06-30,30.89,30.89,29.8,30.09,1461903.0,44054581.0,715334790.0000001,0.0020436626603887,000568
2008-07-01,30.16,30.16,28.74,29.0,2396942.0,69713856.0,715334790.0000001,0.0033507974636603,000568
2008-07-02,29.0,29.38,28.3,29.24,1032060.0,29998984.0,715334790.0000001,0.0014427650023844,000568
2008-07-03,29.0,31.2,28.22,30.25,1226422.0,37106737.0,715334790.0000001,0.0017144727435946,000568
2008-07-04,30.13,31.39,30.12,31.0,1079155.0,33469854.0,715334790.0000001,0.001508601308207,000568
2008-07-07,31.5,32.75,31.3,32.5,2371879.0,76205298.0,715334790.0000001,0.0033157607223325,000568
2008-07-08,32.7,32.97,30.99,31.8,1921841.0,61075247.0,715334790.0000001,0.0026866315281548,000568
2008-07-09,32.01,32.55,31.51,32.49,2390122.0,76909590.0,715334790.0000001,0.0033412634662994,000568
2008-07-10,32.0,33.28,31.65,32.08,1546795.0,50044510.0,715334790.0000001,0.0021623371624355,000568
2008-07-11,32.0,34.1,32.0,33.0,3821663.0,126944110.0,715334790.0000001,0.0053424816651235,000568
2008-07-14,32.7,33.88,32.68,32.89,2637216.0,87680484.0,715334790.0000001,0.0036866877395967,000568
2008-07-15,33.49,33.49,31.8,32.29,1059448.0,34142822.0,715334790.0000001,0.0014810519700852,000568
2008-07-16,31.04,32.8,31.04,32.57,1524857.0,48745575.0,715334790.0000001,0.0021316690049424,000568
2008-07-17,33.0,33.78,31.9,32.8,3426029.0,113031920.0,715334790.0000001,0.0047894063701277,000568
2008-07-18,33.02,33.79,32.8,33.49,2710209.0,89960551.0,715334790.0000001,0.0037887280723477,000568
2008-07-21,33.78,34.48,33.31,34.3,2225019.0,75821000.0,715334790.0000001,0.0031104582513035,000568
2008-07-22,34.6,34.78,33.8,34.62,2063901.0,70898772.0,715334790.0000001,0.0028852238544136,000568
2008-07-23,34.58,34.9,34.21,34.54,846048.0,29267192.0,715334790.0000001,0.0011827301171805,000568
2008-07-24,34.66,35.07,34.48,34.8,1952053.0,67894465.0,715334790.0000001,0.0027288662976953,000568
2008-07-25,34.28,35.39,34.05,34.6,1157210.0,40388119.0,715334790.0000001,0.0016177180477968,000568
2008-07-28,34.65,35.1,34.37,34.52,841960.0,29180865.0,715334790.0000001,0.0011770153105513,000568
2008-07-29,34.4,34.41,33.8,33.85,620240.0,21074512.0,715334790.0000001,0.000867062540045,000568
2008-07-30,34.5,34.59,33.58,33.9,453881.0,15420664.0,715334790.0000001,0.0006345015038343,000568
2008-07-31,34.0,34.1,33.52,33.53,673322.0,22740080.0,715334790.0000001,0.0009412683535215,000568
2008-08-01,33.38,34.09,33.38,34.0,1449485.0,48914180.0,715334790.0000001,0.0020263029566896,000568
2008-08-04,33.9,34.45,33.5,33.98,981001.0,33406710.0,715334790.0000001,0.0013713872353391,000568
2008-08-05,33.9,34.2,32.9,33.88,1186201.0,39762219.0,715334790.0000001,0.0016582459242615,000568
2008-08-06,33.8,34.01,33.23,34.0,1865162.0,62853199.0,715334790.0000001,0.0026073972999411,000568
2008-08-07,34.07,34.34,33.32,33.45,1584069.0,53690389.0,715334790.0000001,0.0022144442324691,000568
2008-08-08,33.12,33.98,32.68,32.98,1160585.0,38845290.0,715334790.0000001,0.0016224361183383,000568
2008-08-11,32.75,32.9,31.02,31.35,1991057.0,62905243.0,715334790.0000001,0.0027833918157398,000568
2008-08-12,31.35,31.66,30.28,31.65,1777923.0,55361965.0,715334790.0000001,0.0024854418166911,000568
2008-08-13,31.1,33.08,31.1,33.0,2833076.0,91091192.0,715334790.0000001,0.0039604896051539,000568
2008-08-14,32.19,33.5,32.19,33.4,997819.0,32941734.0,715334790.0000001,0.0013948979050774,000568
2008-08-15,33.4,33.65,32.48,32.8,725399.0,23897397.0,715334790.0000001,0.0010140692304368,000568
2008-08-18,33.3,33.3,31.21,31.4,1283720.0,41126741.0,715334790.0000001,0.0017945723008942,000568
2008-08-19,31.4,31.99,31.05,31.5,424097.0,13407679.0,715334790.0000001,0.0005928650555357,000568
2008-08-20,31.12,33.65,30.72,33.0,3762427.0,121615936.0,715334790.0000001,0.005259672886873,000568
2008-08-21,32.46,32.79,31.12,31.54,1914260.0,61038705.0,715334790.0000001,0.0026760336932585,000568
2008-08-22,31.5,31.85,29.9,30.5,1372451.0,41844762.0,715334790.0000001,0.0019186135208103,000568
2008-08-25,30.67,30.97,30.2,30.49,285329.0,8709659.0,715334790.0000001,0.0003988747702317,000568
2008-08-26,30.01,30.55,29.3,29.4,1149815.0,34152089.0,715334790.0000001,0.0016073802310104,000568
2008-08-27,29.6,29.8,28.3,28.57,1489612.0,42968817.0,715334790.0000001,0.002082398369021,000568
2008-08-28,28.55,28.85,27.8,28.0,1673912.0,47350001.0,715334790.0000001,0.0023400399692569,000568
2008-08-29,28.2,29.17,28.0,28.8,833213.0,23909379.0,715334790.0000001,0.0011647874696545,000568
2008-09-01,28.81,29.85,28.35,28.9,2835925.0,81846970.0,715334790.0000001,0.0039644723556644,000568
2008-09-02,28.85,29.4,27.2,27.28,4767481.0,131816347.0,715334790.0000001,0.0066646849372445,000568
2008-09-03,27.18,27.2,25.68,26.01,7897282.0,206356629.0,715334790.0000001,0.0110399803146719,000568
2008-09-04,26.0,27.52,25.71,27.3,1853780.0,50082419.0,715334790.0000001,0.002591485869155,000568
2008-09-05,26.73,27.55,26.0,27.34,781809.0,21248934.0,715334790.0000001,0.0010929274109539,000568
2008-09-08,27.34,27.35,26.06,26.1,2016062.0,54066967.0,715334790.0000001,0.0028183474761516,000568
2008-09-09,26.8,26.81,26.0,26.25,752458.0,19775467.0,715334790.0000001,0.0010518962736315,000568
2008-09-10,26.25,26.74,26.12,26.59,516240.0,13681873.0,715334790.0000001,0.0007216760700258,000568
2008-09-11,26.67,27.14,26.26,26.8,1502285.0,40188127.0,715334790.0000001,0.0021001145491609,000568
2008-09-12,26.66,27.1,26.65,27.0,1089343.0,29339878.0,715334790.0000001,0.0015228435904815,000568
2008-09-16,26.02,27.56,26.02,27.05,2690722.0,72530117.0,715334790.0000001,0.0037614862825279,000568
2008-09-17,26.83,27.49,26.31,27.0,1071865.0,29124951.0,715334790.0000001,0.0014984102758374,000568
2008-09-18,26.4,26.84,24.44,25.1,5571108.0,140828670.0,715334790.0000001,0.0077881127520723,000568
2008-09-19,27.32,27.61,27.0,27.61,14906134.0,411150729.0,715334790.0000001,0.0208379827297369,000568
2008-09-22,30.36,30.36,26.75,26.86,15170885.0,425305726.0,715334790.0000001,0.0212080905501604,000568
2008-09-23,25.78,25.78,24.17,24.17,9562689.0,236492182.0,715334790.0000001,0.0133681307461643,000568
2008-09-24,23.79,25.07,22.5,25.04,3005625.0,71888772.0,715334790.0000001,0.0042017039322245,000568
2008-09-25,25.2,26.34,24.9,25.45,6710255.0,173520069.0,715334790.0000001,0.0093805796863312,000568
2008-09-26,25.45,26.26,25.1,26.0,5480674.0,141343295.0,715334790.0000001,0.0076616908287097,000568
2008-10-06,25.95,25.95,24.61,25.21,1921669.0,48553067.0,715334790.0000001,0.0026863910813005,000568
2008-10-07,24.3,24.9,23.99,24.12,5168147.0,125763873.0,715334790.0000001,0.0072247947006743,000568
2008-10-08,23.89,23.89,22.54,23.03,2853764.0,66672965.0,715334790.0000001,0.0039894103291131,000568
2008-10-09,23.65,23.65,21.41,21.6,2604614.0,59284486.0,715334790.0000001,0.0036411118771393,000568
2008-10-10,20.4,21.18,20.0,20.75,5345160.0,110081431.0,715334790.0000001,0.0074722494623811,000568
2008-10-13,20.75,21.38,19.01,19.91,8476449.0,165676126.0,715334790.0000001,0.0118496249846872,000568
2008-10-14,20.57,20.91,19.2,19.23,6445005.0,128819793.0,715334790.0000001,0.0090097742904409,000568
2008-10-15,19.0,19.0,17.81,18.26,5254044.0,96333578.0,715334790.0000001,0.0073448741392823,000568
2008-10-16,17.25,18.38,17.06,17.98,4040475.0,72324848.0,715334790.0000001,0.0056483692062565,000568
2008-10-17,18.04,18.25,17.6,17.8,4688587.0,83638767.0,715334790.0000001,0.0065543953202667,000568
2008-10-20,17.8,18.35,17.3,18.0,5042773.0,91222533.0,715334790.0000001,0.0070495285151725,000568
2008-10-21,18.26,18.78,18.1,18.29,6941299.0,127856845.0,715334790.0000001,0.0097035669130533,000568
2008-10-22,18.18,19.26,17.95,19.02,3916859.0,73925831.0,715334790.0000001,0.0054755606112768,000568
2008-10-23,18.91,19.46,18.8,19.42,3742646.0,71977424.0,715334790.0000001,0.005232020100686,000568
2008-10-24,19.52,19.88,18.45,19.0,4556612.0,86604976.0,715334790.0000001,0.0063699012877592,000568
2008-10-27,18.3,18.79,17.9,18.41,2709845.0,50011736.0,715334790.0000001,0.0037882192197027,000568
2008-10-28,18.0,19.64,18.0,19.6,3000606.0,56955940.0,715334790.0000001,0.0041946876370992,000568
2008-10-29,20.0,20.11,19.19,19.35,2440581.0,47718328.0,715334790.0000001,0.0034118024652484,000568
2008-10-30,19.68,19.68,18.83,19.3,3588739.0,69199744.0,715334790.0000001,0.0050168662983663,000568
2008-10-31,19.1,19.65,19.0,19.3,1789283.0,34634804.0,715334790.0000001,0.0025013224926471,000568
2008-11-03,19.01,19.53,19.0,19.45,1252081.0,24336138.0,715334790.0000001,0.0017503426612313,000568
2008-11-04,19.25,19.55,19.1,19.29,1451871.0,28183312.0,715334790.0000001,0.0020296384578191,000568
2008-11-05,19.28,20.27,19.28,19.77,1812827.0,36143772.0,715334790.0000001,0.0025342357527445,000568
2008-11-06,19.4,19.6,18.22,18.35,4474764.0,83137656.0,715334790.0000001,0.0062554821358541,000568
2008-11-07,17.98,18.0,16.52,16.91,11441961.0,192491584.0,715334790.0000001,0.0159952530758359,000568
2008-11-10,17.03,17.68,16.8,17.68,12958157.0,222498352.0,715334790.0000001,0.0181148144633088,000568
2008-11-11,17.48,17.48,16.83,16.9,9346515.0,159058192.0,715334790.0000001,0.0130659309887612,000568
2008-11-12,16.7,17.19,16.5,17.05,5268659.0,89354416.0,715334790.0000001,0.0073653051321605,000568
2008-11-13,17.04,17.95,16.9,17.71,10501312.0,182773152.0,715334790.0000001,0.0146802757908643,000568
2008-11-14,17.98,19.48,17.78,19.48,16628291.0,316393472.0,715334790.0000001,0.0232454666436676,000568
2008-11-17,19.65,20.32,19.47,20.15,12465362.0,248686336.0,715334790.0000001,0.0174259132566444,000568
2008-11-18,20.0,20.1,18.14,18.35,6596467.0,125973144.0,715334790.0000001,0.0092215101127683,000568
2008-11-19,18.35,19.49,18.01,19.39,5159368.0,96536728.0,715334790.0000001,0.0072125221254791,000568
2008-11-20,19.0,20.11,18.58,19.59,4718449.0,91899768.0,715334790.0000001,0.0065961408084178,000568
2008-11-21,19.0,19.96,18.65,19.13,3975966.0,76783584.0,715334790.0000001,0.0055581890543866,000568
2008-11-24,19.55,19.58,18.97,19.22,2683824.0,51644532.0,715334790.0000001,0.0037518432453145,000568
2008-11-25,19.5,19.9,19.38,19.6,4710528.0,92720672.0,715334790.0000001,0.0065850676716003,000568
2008-11-26,19.89,19.9,19.41,19.6,2215190.0,43437260.0,715334790.0000001,0.0030967178319399,000568
2008-11-27,20.8,20.88,19.66,19.68,7001550.0,142586368.0,715334790.0000001,0.0097877946073334,000568
2008-11-28,19.68,19.82,19.05,19.75,3421280.0,67045820.0,715334790.0000001,0.0047827675206458,000568
2008-12-01,19.58,20.15,19.31,19.85,3434977.0,68302456.0,715334790.0000001,0.0048019151983367,000568
2008-12-02,19.78,20.67,19.41,20.38,5086026.0,103142112.0,715334790.0000001,0.0071099939092854,000568
2008-12-03,20.39,21.3,20.39,21.3,6246283.0,130554144.0,715334790.0000001,0.0087319715010645,000568
2008-12-04,21.59,22.88,21.58,21.88,9732282.0,217108112.0,715334790.0000001,0.0136052127424139,000568
2008-12-05,21.65,22.3,21.51,22.01,6499216.0,142256720.0,715334790.0000001,0.0090855583858852,000568
2008-12-08,22.13,23.1,22.11,22.96,5998552.0,136483872.0,715334790.0000001,0.0083856567356384,000568
2008-12-09,23.0,23.14,21.8,21.92,7467976.0,167967984.0,715334790.0000001,0.0104398333541138,000568
2008-12-10,21.88,22.15,21.38,21.8,7930914.0,171915104.0,715334790.0000001,0.0110869960623612,000568
2008-12-11,21.68,22.39,21.5,21.83,7450553.0,163884720.0,715334790.0000001,0.0104154769265451,000568
2008-12-12,21.54,21.6,19.9,20.38,7186610.0,148826704.0,715334790.0000001,0.0100464986471579,000568
2008-12-15,20.6,20.85,19.88,20.4,5712320.0,115821608.0,715334790.0000001,0.0079855196194218,000568
2008-12-16,20.05,21.22,19.88,21.2,4199249.0,85858424.0,715334790.0000001,0.0058703268157836,000568
2008-12-17,21.2,21.8,20.8,21.58,5661217.0,120429328.0,715334790.0000001,0.0079140803427161,000568
2008-12-18,21.31,21.48,20.95,21.35,4924111.0,104543488.0,715334790.0000001,0.0068836453487743,000568
2008-12-19,21.48,21.59,20.97,21.54,6238667.0,132427952.0,715334790.0000001,0.0087213247380293,000568
2008-12-22,21.4,21.58,20.8,20.85,5332019.0,112467632.0,715334790.0000001,0.007453879043126,000568
2008-12-23,20.88,20.88,18.9,19.0,15855177.0,306049792.0,715334790.0000001,0.0221646943803753,000568
2008-12-24,18.4,19.42,18.18,19.01,10914638.0,203953088.0,715334790.0000001,0.0152580835611252,000568
2008-12-25,19.08,19.08,17.8,18.16,14908373.0,270970400.0,715334790.0000001,0.0208411127326828,000568
2008-12-26,18.19,18.33,17.91,18.0,8646642.0,156271664.0,715334790.0000001,0.0120875457490331,000568
2008-12-29,17.88,18.4,17.65,18.4,8786994.0,157385424.0,715334790.0000001,0.0122837503821112,000568
2008-12-30,18.38,18.45,17.8,18.2,8468834.0,153774720.0,715334790.0000001,0.0118389796195988,000568
2008-12-31,18.15,18.43,17.92,18.2,8727390.0,158675952.0,715334790.0000001,0.0122004271594283,000568
2009-01-05,18.5,18.67,18.28,18.59,5585351.0,103059632.0,715334790.0000001,0.0078080237087308,000568
2009-01-06,18.63,19.22,18.24,18.92,11340701.0,211067376.0,715334790.0000001,0.0158536969801231,000568
2009-01-07,18.88,19.16,18.69,18.71,8105443.0,153419888.0,715334790.0000001,0.0113309783241494,000568
2009-01-08,18.44,18.75,18.28,18.49,5241131.0,97263560.0,715334790.0000001,0.0073268224519039,000568
2009-01-09,18.52,18.9,18.48,18.75,4958353.0,92589616.0,715334790.0000001,0.0069315138440281,000568
2009-01-12,18.83,18.96,18.56,18.61,6983544.0,130711704.0,715334790.0000001,0.0097626231767645,000568
2009-01-13,18.55,18.55,17.35,17.37,13596053.0,242210800.0,715334790.0000001,0.0190065591525333,000568
2009-01-14,17.38,17.9,17.14,17.81,29245672.0,510632672.0,715334790.0000001,0.0408838943790221,000568
2009-01-15,17.58,17.7,17.34,17.51,20640400.0,361077632.0,715334790.0000001,0.0288541816902264,000568
2009-01-16,17.56,19.16,17.48,18.8,44840360.0,821169792.0,715334790.0000001,0.0626844389883511,000568
2009-01-19,19.25,19.3,18.6,18.85,28597022.0,542124352.0,715334790.0000001,0.0399771161696189,000568
2009-01-20,18.85,18.86,18.28,18.68,16716587.0,309778112.0,715334790.0000001,0.0233688997567139,000568
2009-01-21,18.31,18.57,17.84,18.01,20667380.0,376752384.0,715334790.0000001,0.0288918982956218,000568
2009-01-22,18.22,18.8,17.85,18.78,25829728.0,472588800.0,715334790.0000001,0.0361085863026457,000568
2009-01-23,18.69,19.04,18.58,18.68,23536228.0,443270016.0,715334790.0000001,0.032902395254675,000568
2009-02-02,18.61,18.77,18.22,18.55,15498722.0,285816256.0,715334790.0000001,0.0216663892441188,000568
2009-02-03,18.55,19.48,18.55,19.4,23425456.0,448332128.0,715334790.0000001,0.0327475418887427,000568
2009-02-04,19.52,20.28,19.34,20.16,23740168.0,473037696.0,715334790.0000001,0.0331874925305953,000568
2009-02-05,20.15,20.75,19.5,19.83,26582172.0,538411456.0,715334790.0000001,0.0371604630050217,000568
2009-02-06,20.0,21.24,20.0,21.07,22182940.0,459838624.0,715334790.0000001,0.0310105705889126,000568
2009-02-09,21.4,21.91,21.15,21.31,29493840.0,635629824.0,715334790.0000001,0.0412308200472117,000568
2009-02-10,21.41,22.15,21.02,22.05,26491596.0,570157504.0,715334790.0000001,0.0370338425732096,000568
2009-02-11,21.7,23.87,21.6,22.7,39112820.0,886771392.0,715334790.0000001,0.0546776426182207,000568
2009-02-12,22.69,23.3,21.72,22.63,22594544.0,508432160.0,715334790.0000001,0.0315859710947373,000568
2009-02-13,22.69,23.7,22.3,23.51,25005700.0,575759232.0,715334790.0000001,0.0349566389745981,000568
2009-02-16,23.77,24.52,23.1,23.78,25539318.0,607729472.0,715334790.0000001,0.0357026085645855,000568
2009-02-17,23.78,24.2,23.0,23.1,22668968.0,533415456.0,715334790.0000001,0.0316900118893979,000568
2009-02-18,22.54,22.94,21.25,21.31,20627302.0,460014336.0,715334790.0000001,0.028835871382685,000568
2009-02-19,21.71,22.09,21.25,21.65,16914428.0,366302880.0,715334790.0000001,0.0236454709549356,000568
2009-02-20,21.8,22.87,21.45,22.66,16227321.0,360134528.0,715334790.0000001,0.0226849319044024,000568
2009-02-23,22.7,23.29,22.11,23.08,18459516.0,423520416.0,715334790.0000001,0.0258054218221372,000568
2009-02-24,22.6,23.43,21.3,22.3,19491912.0,438067584.0,715334790.0000001,0.0272486565346556,000568
2009-02-25,22.42,22.58,20.35,21.25,25723176.0,545785792.0,715334790.0000001,0.0359596322723238,000568
2009-02-26,21.15,21.3,19.6,19.9,17279724.0,355567456.0,715334790.0000001,0.0241561353390906,000568
2009-02-27,19.43,19.93,19.0,19.13,17341892.0,336304512.0,715334790.0000001,0.0242430428974382,000568
2009-03-02,19.0,19.24,18.76,19.15,17067896.0,323162112.0,715334790.0000001,0.0238600110585981,000568
2009-03-03,18.75,19.05,18.4,18.78,14388655.0,269096544.0,715334790.0000001,0.0201145746035922,000568
2009-03-04,18.85,20.46,18.85,20.15,27363586.0,536209280.0,715334790.0000001,0.038252838226979,000568
2009-03-05,20.35,20.58,19.56,19.88,22204512.0,446038016.0,715334790.0000001,0.0310407270978669,000568
2009-03-06,19.54,20.38,19.36,20.14,16747047.0,331107040.0,715334790.0000001,0.0234114812170676,000568
2009-03-09,20.09,20.37,19.0,19.09,14821592.0,290841664.0,715334790.0000001,0.0207197975090796,000568
2009-03-10,18.88,19.38,18.67,19.3,6770529.0,129150016.0,715334790.0000001,0.0094648395333882,000568
2009-03-11,19.7,19.84,18.91,18.99,11435612.0,220518224.0,715334790.0000001,0.0159863775114306,000568
2009-03-12,18.99,19.06,18.4,18.74,9426656.0,175572976.0,715334790.0000001,0.0131779638454324,000568
2009-03-13,18.9,18.94,18.54,18.63,7108291.0,133179224.0,715334790.0000001,0.0099370128496057,000568
2009-03-16,18.6,18.9,18.45,18.86,10365380.0,193182416.0,715334790.0000001,0.0144902500827619,000568
2009-03-17,18.78,19.7,18.7,19.53,15604128.0,300067840.0,715334790.0000001,0.0218137412273769,000568
2009-03-18,19.62,20.05,19.3,19.63,20814096.0,407835648.0,715334790.0000001,0.0290969994623077,000568
2009-03-19,19.65,20.2,19.5,20.19,17752724.0,353774240.0,715334790.0000001,0.0248173641883124,000568
2009-03-20,20.33,20.4,19.68,19.79,13549610.0,270655104.0,715334790.0000001,0.0189416343080419,000568
2009-03-23,19.8,20.37,19.76,20.15,15931118.0,320801600.0,715334790.0000001,0.0222708558603727,000568
2009-03-24,20.5,21.15,20.32,20.59,25004404.0,518484576.0,715334790.0000001,0.0349548272355102,000568
2009-03-25,20.51,20.51,19.72,19.79,26836276.0,536873856.0,715334790.0000001,0.037515686885577,000568
2009-03-26,19.79,19.97,18.8,19.68,32473704.0,628570560.0,715334790.0000001,0.0453965114712231,000568
2009-03-27,19.82,20.48,19.58,20.48,38748268.0,771928000.0,715334790.0000001,0.0541680183065051,000568
2009-03-30,20.55,21.36,20.55,20.78,33655448.0,705695872.0,715334790.0000001,0.0470485267464762,000568
2009-03-31,20.38,21.48,20.22,21.48,33105756.0,695600576.0,715334790.0000001,0.0462800865591899,000568
2009-04-01,21.59,21.74,21.26,21.36,28150116.0,603457600.0,715334790.0000001,0.0393523653449037,000568
2009-04-02,21.45,22.1,21.2,21.48,27453896.0,594627200.0,715334790.0000001,0.038379086804935,000568
2009-04-03,21.63,22.0,21.06,21.15,24400516.0,523667328.0,715334790.0000001,0.034110623921982,000568
2009-04-07,21.15,21.49,20.74,20.98,17276802.0,362799296.0,715334790.0000001,0.0241520505384618,000568
2009-04-08,20.9,21.46,20.8,20.9,22107384.0,465582272.0,715334790.0000001,0.0309049473184437,000568
2009-04-09,20.9,21.0,20.36,20.93,18991304.0,391921600.0,715334790.0000001,0.026548833169431,000568
2009-04-10,21.12,21.77,20.85,21.55,26631852.0,569597760.0,715334790.0000001,0.0372299130033924,000568
2009-04-13,21.68,22.7,21.68,22.41,32205032.0,718864640.0,715334790.0000001,0.0450209223012905,000568
2009-04-14,22.32,23.17,22.18,22.64,26074016.0,590474880.0,715334790.0000001,0.0364500879371461,000568
2009-04-15,22.61,23.05,22.16,22.6,26423048.0,597129216.0,715334790.0000001,0.0369380161141051,000568
2009-04-16,22.61,22.7,21.76,22.25,26769720.0,598253248.0,715334790.0000001,0.037422645136552,000568
2009-04-17,22.14,23.35,21.9,22.8,31706342.0,725446976.0,715334790.0000001,0.0443237801980803,000568
2009-04-20,22.84,24.06,22.81,23.81,35991136.0,852300800.0,715334790.0000001,0.0503136943751889,000568
2009-04-21,23.6,24.35,23.39,23.87,30155632.0,722012672.0,715334790.0000001,0.0421559700738167,000568
2009-04-22,24.11,24.51,22.01,22.38,30333950.0,710603264.0,715334790.0000001,0.0424052491561328,000568
2009-04-23,22.2,22.9,22.14,22.65,16297732.0,367862144.0,715334790.0000001,0.0227833627384458,000568
2009-04-24,22.75,23.98,22.75,23.28,28167450.0,660930752.0,715334790.0000001,0.0393765973552048,000568
2009-04-27,23.1,23.25,21.98,22.01,19209574.0,428781792.0,715334790.0000001,0.0268539630233837,000568
2009-04-28,21.5,22.25,21.4,21.81,13732394.0,299710144.0,715334790.0000001,0.0191971566208879,000568
2009-04-29,21.85,22.45,21.77,22.3,13997967.0,309157664.0,715334790.0000001,0.0195684135536033,000568
2009-04-30,22.34,22.49,21.81,22.02,15713867.0,347166304.0,715334790.0000001,0.0219671505142368,000568
2009-05-04,22.0,23.08,21.97,23.0,20754352.0,468258432.0,715334790.0000001,0.029013480527069,000568
2009-05-05,23.4,23.63,22.63,23.03,21245692.0,490048288.0,715334790.0000001,0.0297003477210999,000568
2009-05-06,22.95,23.38,22.8,23.18,19414660.0,449760032.0,715334790.0000001,0.0271406623463679,000568
2009-05-07,23.32,23.43,22.2,22.6,27220274.0,618432128.0,715334790.0000001,0.0380524956712925,000568
2009-05-08,22.3,22.59,21.92,22.36,23014118.0,509694528.0,715334790.0000001,0.032172513236774,000568
2009-05-11,22.4,22.87,21.6,21.63,27004328.0,602851648.0,715334790.0000001,0.037750614645766,000568
2009-05-12,21.49,21.85,21.29,21.85,24630822.0,529427808.0,715334790.0000001,0.0344325794639458,000568
2009-05-13,21.86,22.05,21.65,21.92,20859376.0,455014464.0,715334790.0000001,0.0291602984946391,000568
2009-05-14,21.75,22.32,21.66,21.95,19816004.0,436272032.0,715334790.0000001,0.0277017199177464,000568
2009-05-15,21.99,22.58,21.95,22.33,19335124.0,432197728.0,715334790.0000001,0.0270294752475271,000568
2009-05-18,22.35,23.17,21.91,22.95,29704420.0,673417408.0,715334790.0000001,0.041525199690064,000568
2009-05-19,23.2,23.5,22.9,22.94,27192836.0,629327616.0,715334790.0000001,0.0380141388062504,000568
2009-05-20,23.0,23.09,22.41,22.42,18150316.0,412527968.0,715334790.0000001,0.0253731766631957,000568
2009-05-21,22.3,22.35,21.56,21.68,19718642.0,431207136.0,715334790.0000001,0.0275656130187656,000568
2009-05-22,21.59,22.09,21.52,21.85,8589067.0,187621600.0,715334790.0000001,0.0120070589604624,000568
2009-05-25,21.41,21.84,21.3,21.73,13170041.0,284176416.0,715334790.0000001,0.0184110170288236,000568
2009-05-26,21.75,21.99,21.56,21.62,10271377.0,223595104.0,715334790.0000001,0.0143588388871733,000568
2009-05-27,21.78,21.96,21.66,21.89,8359393.0,182281920.0,715334790.0000001,0.0116859869208933,000568
2009-06-01,21.98,22.48,21.9,22.47,17343754.0,385506720.0,715334790.0000001,0.0242456458744303,000568
2009-06-02,22.55,23.35,22.26,22.76,26366148.0,600837824.0,715334790.0000001,0.0368584729396427,000568
2009-06-03,22.79,23.15,22.7,22.87,19394818.0,444249696.0,715334790.0000001,0.0271129242854244,000568
2009-06-04,22.9,23.03,22.26,22.45,18553436.0,419389696.0,715334790.0000001,0.0259367169881392,000568
2009-06-05,22.42,24.7,22.42,24.7,69208256.0,1668927744.0,715334790.0000001,0.0967494618848329,000568
2009-06-08,25.16,25.2,24.6,24.98,40962816.0,1020327232.0,715334790.0000001,0.057263838656582,000568
2009-06-09,24.8,26.66,24.77,26.25,58954256.0,1526352256.0,715334790.0000001,0.0824149151196742,000568
2009-06-10,26.18,26.48,25.78,25.9,23350068.0,609809024.0,715334790.0000001,0.0326421534733407,000568
2009-06-11,25.99,27.16,25.75,25.85,31901672.0,841973184.0,715334790.0000001,0.0445968411518192,000568
2009-06-12,26.2,26.8,25.07,25.53,23294674.0,605127296.0,715334790.0000001,0.0325647156067999,000568
2009-06-15,25.55,28.08,25.55,27.6,38866104.0,1052090496.0,715334790.0000001,0.0543327467688241,000568
2009-06-16,27.47,28.3,27.18,27.8,23018538.0,635636544.0,715334790.0000001,0.0321786921617498,000568
2009-06-17,27.8,28.08,27.15,27.3,18852646.0,519747936.0,715334790.0000001,0.026354996658278,000568
2009-06-19,27.64,28.0,26.85,27.68,16690358.0,456959328.0,715334790.0000001,0.0233322330093857,000568
2009-06-22,27.85,27.97,26.77,26.82,14788319.0,403072512.0,715334790.0000001,0.0206732836243012,000568
2009-06-23,26.01,26.82,25.71,26.2,24488024.0,640134336.0,715334790.0000001,0.0342329554529285,000568
2009-06-24,26.36,26.87,26.11,26.25,13661978.0,360352928.0,715334790.0000001,0.0190987187971103,000568
2009-06-25,26.42,27.69,26.28,27.55,19529708.0,527976256.0,715334790.0000001,0.0273014933329329,000568
2009-06-26,27.54,27.74,27.16,27.71,12221132.0,336561728.0,715334790.0000001,0.01708449270306,000568
2009-06-29,27.99,30.45,27.99,30.0,22683970.0,667491648.0,715334790.0000001,0.0317109838876982,000568
2009-06-30,29.75,29.75,28.6,28.7,17194654.0,496634912.0,715323820.0,0.0240375806302661,000568
2009-07-01,28.7,29.45,28.5,28.95,10685272.0,310922208.0,715323820.0,0.0149376711654869,000568
2009-07-02,28.9,30.2,28.61,29.3,12663968.0,373867072.0,715323820.0,0.0177038253807904,000568
2009-07-03,29.1,30.43,28.95,29.52,9907148.0,293129888.0,715323820.0,0.0138498785067719,000568
2009-07-06,29.5,29.88,28.6,29.17,17248716.0,499107936.0,715323820.0,0.0241131575906419,000568
2009-07-07,29.0,30.8,28.63,29.54,20562266.0,616617536.0,715323820.0,0.0287453953371775,000568
2009-07-08,29.26,29.8,28.27,29.34,23883474.0,688092480.0,715323820.0,0.0333883387246911,000568
2009-07-09,29.6,31.0,29.3,30.7,20458902.0,616337280.0,715323820.0,0.0286008957453702,000568
2009-07-10,30.7,31.8,30.7,31.1,17806900.0,559475520.0,715323820.0,0.0248934811090171,000568
2009-07-13,31.21,32.49,30.7,31.06,11476104.0,358082976.0,715323820.0,0.0160432292049214,000568
2009-07-14,31.1,31.53,30.68,31.15,12356235.0,382228832.0,715323820.0,0.0172736244125073,000568
2009-07-15,30.99,31.12,30.35,30.9,15968083.0,490659264.0,715323820.0,0.0223228732967399,000568
2009-07-16,31.0,31.43,30.0,30.53,15350925.0,470803392.0,715323820.0,0.0214601059978682,000568
2009-07-17,30.53,31.07,30.06,30.49,10486883.0,319953408.0,715323820.0,0.0146603296392394,000568
2009-07-20,30.2,30.98,30.09,30.43,17117314.0,520950112.0,715323820.0,0.0239294617646033,000568
2009-07-21,30.44,31.59,30.2,30.81,17191252.0,535429472.0,715323820.0,0.0240328247422265,000568
2009-07-22,30.81,30.91,30.36,30.75,12086872.0,368139840.0,715323820.0,0.0168970634865759,000568
2009-07-23,30.65,31.1,30.0,30.8,11029387.0,338286912.0,715323820.0,0.0154187330152098,000568
2009-07-24,30.85,31.2,30.1,30.47,13899482.0,427566080.0,715323820.0,0.0194310347445161,000568
2009-07-27,30.05,31.19,29.88,30.9,23529396.0,716613312.0,715323820.0,0.0328933489171379,000568
2009-07-28,30.91,32.66,30.81,31.73,21267900.0,677390464.0,715323820.0,0.0297318492763179,000568
2009-07-29,31.75,32.4,28.8,31.79,22753521.0,711689086.0,715323820.0,0.0318087002890523,000568
2009-07-30,31.65,31.99,30.5,31.26,12100055.0,377065184.0,715323820.0,0.0169154929022215,000568
2009-07-31,31.78,32.45,31.2,31.95,16686222.0,531668192.0,715323820.0,0.0233268088290419,000568
2009-08-03,32.66,34.5,32.66,33.64,24503236.0,826733312.0,715323820.0,0.0342547463329265,000568
2009-08-04,33.65,33.65,32.0,33.2,14864434.0,486313376.0,715323820.0,0.0207800070183598,000568
2009-08-05,33.26,35.32,33.25,34.8,23234348.0,804314944.0,715323820.0,0.0324808811763041,000568
2009-08-06,34.7,34.7,33.45,33.9,9867430.0,336116128.0,715323820.0,0.0137943540031981,000568
2009-08-07,33.9,34.2,31.66,32.33,16118434.0,527105056.0,715323820.0,0.0225330592234437,000568
2009-08-10,32.33,32.85,30.0,31.0,12766373.0,400504000.0,715323820.0,0.0178469843210309,000568
2009-08-11,31.01,32.3,30.55,31.4,14158525.0,447028416.0,715323820.0,0.0197931686379463,000568
2009-08-12,31.4,31.99,30.1,30.31,9367255.0,289543168.0,715323820.0,0.0130951252259431,000568
2009-08-13,30.19,30.5,29.2,30.0,9272121.0,277332480.0,715323820.0,0.0129621309129619,000568
2009-08-14,30.31,30.37,28.6,28.9,12721390.0,371395936.0,715323820.0,0.0177840995145387,000568
2009-08-17,28.64,28.64,26.55,26.61,11979152.0,330623840.0,715323820.0,0.0167464743450036,000568
2009-08-18,26.32,27.5,26.32,26.98,11618827.0,311664832.0,715323820.0,0.0162427514296951,000568
2009-08-19,27.0,27.74,26.0,26.33,13708285.0,372999520.0,715323820.0,0.0191637474060349,000568
2009-08-20,26.4,27.72,26.1,27.52,14707580.0,399785376.0,715323820.0,0.0205607301040247,000568
2009-08-21,27.53,28.5,27.32,28.09,10475642.0,293350912.0,715323820.0,0.0146446150779656,000568
2009-08-24,27.99,28.64,27.76,28.35,9514179.0,268005536.0,715323820.0,0.0133005203154006,000568
2009-08-25,28.38,28.4,26.4,27.5,10695876.0,294601600.0,715323820.0,0.0149524952209755,000568
2009-08-26,27.2,28.5,27.01,28.44,8961483.0,252089440.0,715323820.0,0.0125278688468671,000568
2009-08-27,28.38,29.68,28.12,29.59,14850839.0,434526560.0,715323820.0,0.0207610016397888,000568
2009-08-28,29.19,29.59,28.88,28.93,11871275.0,346067008.0,715323820.0,0.0165956657224136,000568
2009-08-31,28.4,28.4,26.5,26.54,8177947.0,223877744.0,715323820.0,0.0114325103838985,000568
2009-09-01,26.54,27.43,26.31,26.73,7274698.0,195991568.0,715323820.0,0.0101697969459482,000568
2009-09-02,26.51,26.93,26.3,26.75,6083854.0,162284608.0,715323820.0,0.0085050348246476,000568
2009-09-03,26.79,28.37,26.79,28.23,10983596.0,304587040.0,715323820.0,0.0153547186503589,000568
2009-09-04,28.1,29.08,27.8,28.95,8396734.0,239869200.0,715323820.0,0.0117383676668281,000568
2009-09-07,29.65,31.27,29.65,30.55,21175316.0,641771968.0,715323820.0,0.029602419782414,000568
2009-09-08,30.15,32.3,29.76,31.1,21529820.0,675676032.0,715323820.0,0.0300980051244483,000568
2009-09-09,30.95,31.6,29.8,31.0,14248998.0,437741376.0,715323820.0,0.0199196470208415,000568
2009-09-10,30.95,31.12,30.2,30.36,5809264.0,177610464.0,715323820.0,0.0081211667185918,000568
2009-09-11,30.36,31.2,30.32,30.98,6421021.0,197744496.0,715323820.0,0.0089763835908609,000568
2009-09-14,31.0,31.6,30.88,31.25,6749069.0,210443616.0,715323820.0,0.0094349842844601,000568
2009-09-15,31.28,31.37,30.64,31.05,5984518.0,185474448.0,715323820.0,0.0083661662490143,000568
2009-09-16,31.0,31.0,29.75,30.32,8088650.0,244864096.0,715323820.0,0.0113076760116837,000568
2009-09-17,30.32,30.77,30.32,30.51,6632412.0,202459440.0,715323820.0,0.009271901500498,000568
2009-09-18,30.73,30.75,29.51,29.9,7845675.0,238066144.0,715323820.0,0.0109680046723454,000568
2009-09-21,29.9,30.68,29.01,30.56,7668287.0,230014880.0,715323820.0,0.0107200218776441,000568
2009-09-22,30.55,32.49,30.38,31.52,20421224.0,649504128.0,715323820.0,0.0285482230970583,000568
2009-09-23,31.25,32.05,30.4,30.62,8483683.0,265834304.0,715323820.0,0.0118599196095552,000568
2009-09-24,30.2,30.5,29.29,30.38,5370787.0,160183104.0,715323820.0,0.0075081897873888,000568
2009-09-25,30.37,31.25,29.59,30.77,5719867.0,174782608.0,715323820.0,0.0079961925495504,000568
2009-09-28,30.77,31.43,29.85,29.99,4085402.0,126205016.0,715323820.0,0.0057112623482886,000568
2009-09-29,30.3,30.3,28.45,29.21,4048720.0,118703064.0,715323820.0,0.0056599820763692,000568
2009-09-30,29.5,29.6,28.8,29.4,6801676.0,198274672.0,715323820.0,0.0095085272010094,000568
2009-10-09,29.66,30.68,29.63,30.49,6213685.0,188163120.0,715323820.0,0.008686534442541,000568
2009-10-12,30.5,30.96,30.1,30.5,8635748.0,265230528.0,715323820.0,0.0120725016538663,000568
2009-10-13,30.52,30.75,29.75,30.06,7904637.0,237285520.0,715323820.0,0.0110504316772227,000568
2009-10-14,30.28,30.3,29.18,29.41,26209992.0,774938624.0,715323820.0,0.0366407370580781,000568
2009-10-15,29.73,29.98,28.25,28.64,31358644.0,901029824.0,715323820.0,0.0438383891647841,000568
2009-10-16,28.76,28.84,27.86,28.71,22140308.0,624608192.0,715323820.0,0.0309514479749884,000568
2009-10-19,28.58,29.29,28.4,29.25,34035364.0,976724224.0,715323820.0,0.0475803587807267,000568
2009-10-20,29.26,30.6,28.9,30.3,41305512.0,1230501888.0,715323820.0,0.0577437949710663,000568
2009-10-21,30.19,30.19,29.36,29.45,24781604.0,737490112.0,715323820.0,0.0346438959630898,000568
2009-10-22,29.5,29.6,28.72,28.97,16060562.0,466889344.0,715323820.0,0.0224521560039759,000568
2009-10-23,29.01,29.38,28.99,29.22,15540431.0,452985888.0,715323820.0,0.0217250293720122,000568
2009-10-26,29.23,29.35,28.58,28.69,17508624.0,503543584.0,715323820.0,0.0244765007266219,000568
2009-10-27,28.31,28.75,28.15,28.5,12448078.0,353940736.0,715323820.0,0.0174020180119264,000568
2009-10-28,28.41,28.85,28.28,28.77,10149234.0,290137632.0,715323820.0,0.0141883070523221,000568
2009-10-29,28.5,28.8,28.28,28.28,11858919.0,337894976.0,715323820.0,0.0165783924265236,000568
2009-10-30,28.6,28.72,28.35,28.38,14403540.0,410732096.0,715323820.0,0.0201356918325465,000568
2009-11-02,28.0,28.72,27.42,28.68,22740444.0,643117440.0,715323820.0,0.0317904190580428,000568
2009-11-03,28.78,29.5,28.61,29.01,24902934.0,726197824.0,715323820.0,0.0348135114527571,000568
2009-11-04,29.05,30.16,29.05,29.87,27496784.0,817694528.0,715323820.0,0.038439631438528,000568
2009-11-05,29.9,30.1,29.65,29.89,15151361.0,452774368.0,715323820.0,0.0211811218589085,000568
2009-11-06,30.05,30.15,29.45,29.67,20289620.0,602680704.0,715323820.0,0.02836424488143,000568
2009-11-09,29.65,30.09,29.56,29.77,13122143.0,390826912.0,715323820.0,0.0183443394908895,000568
2009-11-10,29.99,30.48,29.79,30.08,21116300.0,636062720.0,715323820.0,0.0295199172872504,000568
2009-11-11,29.95,30.75,29.72,30.29,20935348.0,635601408.0,715323820.0,0.0292669521336504,000568
2009-11-12,30.41,31.55,30.18,31.3,27190296.0,844249728.0,715323820.0,0.0380111709407356,000568
2009-11-13,31.29,32.97,31.01,32.62,38654048.0,1239887488.0,715323820.0,0.0540371324416402,000568
2009-11-16,32.85,34.88,32.85,34.0,37564532.0,1282294656.0,715323820.0,0.0525140236487581,000568
2009-11-17,33.95,34.68,33.18,33.98,19501828.0,661384384.0,715323820.0,0.027262936665523,000568
2009-11-18,34.07,35.2,34.02,34.93,18628670.0,644744640.0,715323820.0,0.0260422894906533,000568
2009-11-19,34.81,35.75,34.35,34.84,22765914.0,801152192.0,715323820.0,0.0318260253097681,000568
2009-11-20,34.6,35.46,34.2,35.01,14578724.0,510617024.0,715323820.0,0.0203805935051904,000568
2009-11-23,35.4,38.25,35.02,37.99,22301448.0,819405824.0,715323820.0,0.0311767165813099,000568
2009-11-24,37.72,38.68,36.6,36.8,20310872.0,764525568.0,715323820.0,0.0283939545030109,000568
2009-11-25,36.8,39.6,36.8,39.6,32459648.0,1257303424.0,715323820.0,0.0453775578171016,000568
2009-11-26,39.7,39.8,36.61,36.77,22081488.0,843584576.0,715323820.0,0.0308692194816048,000568
2009-11-27,35.72,37.38,34.9,35.75,22236612.0,806076544.0,715323820.0,0.0310860779108404,000568
2009-11-30,36.55,39.33,36.55,39.33,25047462.0,961238784.0,715323820.0,0.0350155570102502,000568
2009-12-01,39.2,40.39,38.41,39.8,25145756.0,986541632.0,715323820.0,0.0351529689029508,000568
2009-12-02,39.5,40.0,39.0,39.15,14901374.0,585146176.0,715323820.0,0.0208316479660917,000568
2009-12-03,39.15,39.15,38.08,38.63,14616203.0,562462656.0,715323820.0,0.0204329879578174,000568
2009-12-04,38.6,38.69,36.5,37.3,18842804.0,706074432.0,715323820.0,0.0263416420272429,000568
2009-12-07,38.21,38.66,37.28,38.0,17073122.0,646109760.0,715323820.0,0.0238676827510091,000568
2009-12-08,38.0,38.0,36.9,37.4,12617281.0,470906496.0,715323820.0,0.0176385584363736,000568
2009-12-09,37.1,38.08,36.71,37.68,13131725.0,495753280.0,715323820.0,0.0183577348228107,000568
2009-12-10,37.69,38.83,37.69,38.45,10321014.0,395563136.0,715323820.0,0.0144284500409898,000568
2009-12-11,38.7,39.59,38.46,39.09,15443930.0,605462592.0,715323820.0,0.0215901240364119,000568
2009-12-14,39.2,39.55,38.51,39.0,13777412.0,538429184.0,715323820.0,0.0192603847583322,000568
2009-12-15,39.0,39.18,38.1,38.98,8981260.0,348268928.0,715323820.0,0.0125555164652562,000568
2009-12-16,38.7,39.05,38.45,38.56,6799929.0,263425760.0,715323820.0,0.0095060849504494,000568
2009-12-17,38.5,38.5,37.21,37.6,10385658.0,390897056.0,715323820.0,0.0145188203015523,000568
2009-12-18,37.0,37.88,35.7,35.89,8015952.0,294391872.0,715323820.0,0.0112060465147099,000568
2009-12-21,35.95,37.25,35.95,37.25,11468314.0,420169664.0,715323820.0,0.0160323390321323,000568
2009-12-22,37.3,37.59,36.65,36.7,6779940.0,251896528.0,715323820.0,0.009478140962788,000568
2009-12-23,36.69,38.04,36.6,38.01,8554745.0,321206240.0,715323820.0,0.0119592620304465,000568
2009-12-24,38.11,39.9,38.03,39.55,13309960.0,524193856.0,715323820.0,0.018606901696633,000568
2009-12-25,39.55,39.86,38.83,39.08,8407078.0,329918848.0,715323820.0,0.0117528282505676,000568
2009-12-28,39.0,39.5,38.66,39.05,7360220.0,286581984.0,715323820.0,0.0102893539879603,000568
2009-12-29,39.2,39.4,38.4,39.31,7628176.0,297072032.0,715323820.0,0.010663947972542,000568
2009-12-30,39.1,39.1,37.88,38.78,16116300.0,619381184.0,715323820.0,0.0225300759591649,000568
2009-12-31,38.61,39.25,38.38,39.04,12561629.0,486971232.0,715337699.0,0.017560417992174,000568
2010-01-04,39.06,39.2,37.65,37.73,14540979.0,554704640.0,715337699.0,0.020327432791991,000568
2010-01-05,37.78,38.08,36.98,37.52,11771788.0,440073728.0,715337699.0,0.0164562667624763,000568
2010-01-06,37.66,37.74,36.87,36.98,13909747.0,517244044.0,715337699.0,0.0194450076089167,000568
2010-01-07,37.01,37.18,35.92,36.22,15463373.0,560919232.0,715337699.0,0.021616885313911,000568
2010-01-08,36.1,36.85,35.6,36.82,10871419.0,391329312.0,715337699.0,0.0151976038942133,000568
2010-01-11,36.99,37.55,35.5,35.6,16327844.0,591141888.0,715337699.0,0.0228253648910512,000568
2010-01-12,35.87,36.66,35.28,36.25,12249885.0,440736646.0,715337699.0,0.0171246182287395,000568
2010-01-13,35.66,36.7,35.3,36.48,11654039.0,423547232.0,715337699.0,0.0162916605909232,000568
2010-01-14,36.4,40.0,36.4,39.01,33360870.0,1284960000.0,715337699.0,0.0466365327126426,000568
2010-01-15,39.21,39.56,38.1,38.78,19183150.0,744791808.0,715337699.0,0.0268169146220266,000568
2010-01-18,38.7,39.87,38.5,39.38,15956308.0,628996928.0,715337699.0,0.0223059794308422,000568
2010-01-19,39.4,39.5,38.51,39.03,10247724.0,399302208.0,715337699.0,0.0143257149935278,000568
2010-01-20,39.0,39.28,37.13,37.34,11605896.0,440618976.0,715337699.0,0.0162243595105142,000568
2010-01-21,37.34,38.65,36.39,38.3,10744746.0,399594720.0,715337699.0,0.0150205224959072,000568
2010-01-22,38.0,38.48,36.5,36.97,10772878.0,401153568.0,715337699.0,0.0150598493761196,000568
2010-01-25,36.98,37.27,36.55,36.65,4573804.0,168593808.0,715337699.0,0.0063939087879667,000568
2010-01-26,36.65,37.05,35.79,36.05,8328691.0,303916992.0,715337699.0,0.011643019809585,000568
2010-01-27,36.0,36.1,34.4,34.5,9125342.0,319552160.0,715337699.0,0.0127566910184611,000568
2010-01-28,34.5,34.95,33.8,34.5,11294320.0,387615808.0,715337699.0,0.0157887946011915,000568
2010-01-29,34.37,35.75,34.0,34.99,8285967.0,290993792.0,715337699.0,0.0115832941722256,000568
2010-02-01,35.0,36.0,34.78,35.49,10180665.0,358972096.0,715337699.0,0.0142319704584729,000568
2010-02-02,35.54,35.8,34.98,35.14,4426037.0,156877696.0,715337699.0,0.006187339219207,000568
2010-02-03,35.0,35.38,33.55,34.82,10076198.0,346502752.0,715337699.0,0.0140859317411705,000568
2010-02-04,34.65,35.09,34.5,34.66,5709542.0,199084800.0,715337699.0,0.0079816036649286,000568
2010-02-05,34.0,34.4,33.79,33.93,6837775.0,233128368.0,715337699.0,0.0095588069936182,000568
2010-02-08,33.9,34.47,33.86,34.09,2384633.0,81630704.0,715337699.0,0.0033335765797518,000568
2010-02-10,34.5,34.61,34.08,34.59,3585310.0,123094672.0,715337699.0,0.0050120523565471,000568
2010-02-11,34.59,35.2,34.42,34.79,4314100.0,150780608.0,715337699.0,0.0060308578815723,000568
2010-02-12,34.85,35.19,34.41,34.82,4440250.0,154150304.0,715337699.0,0.0062072081566611,000568
2010-02-22,34.85,34.86,34.08,34.1,3313035.0,113538680.0,715337699.0,0.0046314279320542,000568
2010-02-23,34.0,34.28,32.68,33.02,8601723.0,284465408.0,715337699.0,0.0120247024755226,000568
2010-02-24,32.82,34.09,32.62,34.08,6593303.0,222792000.0,715337699.0,0.0092170495267019,000568
2010-02-25,34.07,34.22,33.5,33.69,12695770.0,428093728.0,715337699.0,0.0177479392149301,000568
2010-02-26,33.76,34.04,32.91,33.03,11883620.0,397371488.0,715337699.0,0.016612601316291,000568
2010-03-01,33.0,33.57,32.85,33.25,9397240.0,312375808.0,715337699.0,0.0131367884191435,000568
2010-03-02,33.56,33.79,33.0,33.19,8806139.0,293725984.0,715337699.0,0.0123104640120469,000568
2010-03-03,33.3,33.33,32.58,33.09,15456675.0,506763744.0,715337699.0,0.0216075219041405,000568
2010-03-04,33.08,33.35,32.0,32.11,12783467.0,418697408.0,715337699.0,0.0178705344592778,000568
2010-03-05,32.12,32.6,32.0,32.3,7105975.0,229125744.0,715337699.0,0.0099337348079567,000568
2010-03-08,32.39,32.46,31.45,31.88,20267960.0,642473792.0,715337699.0,0.0283334151524984,000568
2010-03-09,31.6,32.15,31.46,31.94,10325836.0,328916864.0,715337699.0,0.0144349109720274,000568
2010-03-10,32.1,33.11,32.1,32.78,17592036.0,575182208.0,715337699.0,0.0245926308994935,000568
2010-03-11,32.88,32.98,32.3,32.8,6720438.0,219667024.0,715337699.0,0.0093947767738157,000568
2010-03-12,32.8,32.9,31.65,31.8,6233919.0,200279424.0,715337699.0,0.0087146518472529,000568
2010-03-15,31.8,31.8,31.0,31.46,6388277.0,200366880.0,715337699.0,0.0089304352460808,000568
2010-03-16,31.45,31.6,31.19,31.37,3546347.0,111285640.0,715337699.0,0.0049575843758235,000568
2010-03-17,31.41,32.15,31.37,32.05,9522539.0,303364352.0,715337699.0,0.0133119490463202,000568
2010-03-18,31.95,32.21,31.81,31.94,5712601.0,182766160.0,715337699.0,0.0079858799668826,000568
2010-03-19,32.12,32.14,31.75,31.99,4563696.0,145816656.0,715337699.0,0.0063797783989013,000568
2010-03-22,32.0,32.17,31.84,31.87,5960078.0,190319952.0,715337699.0,0.0083318382469312,000568
2010-03-23,31.87,31.95,31.36,31.4,5795768.0,183362640.0,715337699.0,0.008102142537856,000568
2010-03-24,31.4,32.24,31.39,31.88,8104795.0,258744336.0,715337699.0,0.0113300263796106,000568
2010-03-25,31.6,31.95,31.43,31.49,4596359.0,145597056.0,715337699.0,0.006425439350429,000568
2010-03-26,31.52,32.07,31.51,31.97,5487520.0,175213664.0,715337699.0,0.0076712299766547,000568
2010-03-29,32.21,32.87,31.97,32.68,12927074.0,420599360.0,715337699.0,0.0180712885928859,000568
2010-03-30,32.58,32.83,32.3,32.41,7874538.0,256415280.0,715337699.0,0.0110081406460307,000568
2010-03-31,32.43,32.56,31.98,32.01,7882160.0,253645312.0,715337699.0,0.0110187957534165,000568
2010-04-01,32.02,32.91,32.02,32.89,10888935.0,355865056.0,715337699.0,0.0152220902312601,000568
2010-04-02,32.91,32.97,32.28,32.45,10541407.0,342350688.0,715337699.0,0.014736266541993,000568
2010-04-06,32.47,32.8,32.2,32.59,9434419.0,306502592.0,715337699.0,0.0131887624728694,000568
2010-04-07,32.7,32.73,31.8,32.0,10028247.0,322779392.0,715337699.0,0.0140188990654608,000568
2010-04-08,32.01,32.25,31.1,31.27,12040043.0,378748960.0,715337699.0,0.0168312714635776,000568
2010-04-09,31.27,31.74,30.9,31.5,12628936.0,395750880.0,715337699.0,0.0176545092166322,000568
2010-04-12,31.5,31.5,30.68,31.21,16459450.0,510306592.0,715337699.0,0.0230093423330118,000568
2010-04-13,31.08,31.95,31.02,31.69,11518075.0,364538912.0,715337699.0,0.0161015909214649,000568
2010-04-14,31.71,32.59,31.71,32.45,16993920.0,549225152.0,715337699.0,0.0237564999352844,000568
2010-04-15,32.55,32.7,32.1,32.15,10628252.0,344525408.0,715337699.0,0.0148576707404875,000568
2010-04-16,32.55,33.25,32.2,32.83,16482297.0,539894272.0,715337699.0,0.0230412810942877,000568
2010-04-19,32.8,33.26,32.38,32.39,19400462.0,637474944.0,715337699.0,0.0271207040075207,000568
2010-04-20,32.29,33.24,31.12,33.16,19670344.0,641373568.0,715337699.0,0.0274979831588604,000568
2010-04-21,33.22,34.25,32.81,34.0,20819312.0,699059392.0,715337699.0,0.0291041727971336,000568
2010-04-22,34.01,34.8,33.69,34.15,18130032.0,622910144.0,715337699.0,0.0253447176422334,000568
2010-04-23,34.51,35.15,33.8,33.97,18495376.0,639567808.0,715337699.0,0.02585544705089,000568
2010-04-26,34.25,34.3,32.6,32.72,16949060.0,562596288.0,715337699.0,0.0236937882956452,000568
2010-04-27,32.55,32.57,31.6,31.9,12619836.0,403526528.0,715337699.0,0.0176417879522382,000568
2010-04-28,31.6,32.25,31.21,31.91,5014966.0,159870256.0,715337699.0,0.0070106272981427,000568
2010-04-29,31.85,32.48,31.8,31.8,6709642.0,216026848.0,715337699.0,0.0093796846012445,000568
2010-04-30,31.75,31.75,30.51,30.85,9438229.0,290540384.0,715337699.0,0.0131940886286212,000568
2010-05-04,30.3,31.2,30.07,30.55,5168171.0,158938480.0,715337699.0,0.0072247988708337,000568
2010-05-05,30.4,31.28,30.1,31.21,9395294.0,287559712.0,715337699.0,0.0131340680256808,000568
2010-05-06,31.25,31.25,30.27,30.29,8545792.0,264307200.0,715337699.0,0.0119465142294982,000568
2010-05-07,29.64,29.9,28.8,28.9,13010878.0,379831136.0,715337699.0,0.018188441652367,000568
2010-05-10,28.89,29.9,28.89,29.29,7170564.0,210108480.0,715337699.0,0.0100240264283904,000568
2010-05-11,29.81,29.99,28.28,28.38,5504463.0,160772080.0,715337699.0,0.007694915293427,000568
2010-05-12,28.3,28.37,27.22,27.95,8534579.0,236773104.0,715337699.0,0.0119308391154706,000568
2010-05-13,27.95,29.02,27.91,28.9,6017697.0,170930368.0,715337699.0,0.0084123862176037,000568
2010-05-14,28.8,29.54,28.6,29.21,6928805.0,202707440.0,715337699.0,0.0096860615757928,000568
2010-05-17,29.2,29.43,28.0,28.01,5276786.0,152355504.0,715337699.0,0.0073766362479939,000568
2010-05-18,28.6,28.77,28.0,28.51,6104491.0,173728544.0,715337699.0,0.0085337191211,000568
2010-05-20,28.26,28.94,28.0,28.35,4973689.0,142190512.0,715337699.0,0.006952924481616,000568
2010-05-21,27.81,29.45,27.6,29.43,6028948.0,173298080.0,715337699.0,0.0084281144533946,000568
2010-05-24,29.6,30.5,29.5,30.04,8733497.0,262695264.0,715337699.0,0.0122089147715951,000568
2010-05-25,29.89,29.89,29.2,29.29,5863677.0,172920880.0,715337699.0,0.0081970753228818,000568
2010-05-26,29.48,29.72,29.05,29.16,3100285.0,90871024.0,715337699.0,0.0043340159540508,000568
2010-05-27,29.4,30.0,28.98,29.99,5219085.0,154532112.0,715337699.0,0.0072959736461477,000568
2010-05-28,30.3,30.35,29.5,29.71,5863114.0,175776080.0,715337699.0,0.0081962882820188,000568
2010-05-31,29.55,30.08,29.11,29.14,5592157.0,164941584.0,715337699.0,0.0078175063439512,000568
2010-06-01,29.0,29.1,28.01,28.24,6678114.0,190312112.0,715337699.0,0.0093356103129132,000568
2010-06-02,28.39,28.57,28.0,28.55,3410064.0,96329752.0,715337699.0,0.0047670687631409,000568
2010-06-03,28.6,28.83,28.29,28.29,5061197.0,144348384.0,715337699.0,0.0070752555150878,000568
2010-06-04,28.2,28.81,28.12,28.71,5224535.0,149030896.0,715337699.0,0.0073035924253727,000568
2010-06-07,28.25,29.6,28.12,29.35,9990359.0,290897984.0,715337699.0,0.013965933871465,000568
2010-06-08,29.2,30.22,29.1,30.21,11474987.0,343361984.0,715337699.0,0.0160413564335297,000568
2010-06-09,30.29,31.32,30.29,30.75,13011660.0,402377088.0,715337699.0,0.0181895348423402,000568
2010-06-10,30.6,31.09,30.5,30.6,6675262.0,206070864.0,715337699.0,0.0093316233847756,000568
2010-06-11,30.6,30.97,29.95,29.99,5979708.0,181459984.0,715337699.0,0.0083592798315526,000568
2010-06-17,30.0,30.61,29.48,29.49,5037188.0,151162368.0,715337699.0,0.0070416923462047,000568
2010-06-18,29.49,30.07,28.68,28.93,4929531.0,145003184.0,715337699.0,0.0068911941966587,000568
2010-06-21,28.97,29.96,28.87,29.89,4432663.0,130851512.0,715337699.0,0.0061966019772152,000568
2010-06-22,29.94,29.94,29.65,29.88,2708417.0,80648208.0,715337699.0,0.0037862075545385,000568
2010-06-23,29.86,30.35,29.65,30.0,2977296.0,89245720.0,715337699.0,0.0041620845709125,000568
2010-06-24,30.0,30.5,29.74,30.23,3200621.0,96612968.0,715337699.0,0.0044742797764947,000568
2010-06-25,30.04,30.3,29.61,29.88,2085222.0,62404148.0,715337699.0,0.0029150176244241,000568
2010-06-28,29.87,30.0,29.28,29.38,2321440.0,68754880.0,715337699.0,0.0032452364851527,000568
2010-06-29,29.3,29.5,28.0,28.2,5135050.0,148023440.0,715337699.0,0.0071784976622628,000568
2010-06-30,27.98,28.5,27.8,28.22,3077257.0,86540264.0,715337699.0,0.0043018241654281,000568
2010-07-01,28.29,29.15,28.12,28.3,3702876.0,105761176.0,715337699.0,0.0051764027048712,000568
2010-07-02,28.41,28.89,26.9,27.58,5530263.0,154464400.0,715337699.0,0.0077309821748958,000568
2010-07-05,27.0,27.95,26.93,27.7,4933728.0,134815120.0,715337699.0,0.0068970613556325,000568
2010-07-06,27.29,28.3,27.27,28.12,4834037.0,135741952.0,715337699.0,0.0067576992052253,000568
2010-07-07,28.15,28.45,28.0,28.38,2890819.0,81825944.0,715337699.0,0.0040411948147583,000568
2010-07-08,28.58,28.58,27.93,28.0,2688990.0,75645704.0,715337699.0,0.0037590497519689,000568
2010-07-09,28.0,30.16,28.0,29.8,11172661.0,329243584.0,715337699.0,0.0156187224797724,000568
2010-07-12,29.89,30.2,29.69,29.88,4873442.0,145579920.0,715337699.0,0.0068127850759337,000568
2010-07-13,29.9,30.0,29.01,29.7,4156041.0,122907144.0,715337699.0,0.0058099007025771,000568
2010-07-14,29.7,30.12,29.5,29.66,2554390.0,76170376.0,715337699.0,0.0035708868742286,000568
2010-07-15,29.8,30.3,29.55,29.72,5159054.0,154598816.0,715337699.0,0.0072120538414402,000568
2010-07-16,29.55,30.26,29.45,30.14,8458944.0,253646880.0,715337699.0,0.0118251058371802,000568
2010-07-19,30.15,31.0,30.03,30.97,8332386.0,256190240.0,715337699.0,0.0116481852021055,000568
2010-07-20,30.55,31.02,30.1,30.73,11673184.0,358342176.0,715337699.0,0.0163184241740906,000568
2010-07-21,30.73,31.15,30.17,30.24,7479264.0,229238432.0,715337699.0,0.010455570858988,000568
2010-07-22,30.24,31.09,30.16,31.01,6344703.0,195873280.0,715337699.0,0.0088695213587505,000568
2010-07-23,31.0,31.55,31.0,31.26,6895997.0,216008912.0,715337699.0,0.0096401979227995,000568
2010-07-26,31.28,32.88,31.28,32.64,11137420.0,360129536.0,715337699.0,0.0155694576359801,000568
2010-07-27,32.63,33.62,32.23,33.3,13067420.0,432584224.0,715337699.0,0.0182674840404294,000568
2010-07-28,33.31,33.65,32.89,33.5,9361091.0,312795456.0,715337699.0,0.0130862542447941,000568
2010-07-29,33.4,33.53,32.46,32.87,11127663.0,366231904.0,715337699.0,0.0155558179242556,000568
2010-07-30,32.58,33.17,32.46,32.71,5196045.0,170272288.0,715337699.0,0.0072637650822314,000568
2010-08-02,32.65,34.74,32.51,34.3,13385255.0,455115392.0,715337699.0,0.018711798663361,000568
2010-08-03,34.29,34.8,33.8,33.84,8867964.0,303933152.0,715337699.0,0.0123968917231636,000568
2010-08-04,33.66,34.47,33.66,34.37,11569293.0,395089920.0,715337699.0,0.0161731906708861,000568
2010-08-05,34.49,35.3,34.12,34.62,11074433.0,385859744.0,715337699.0,0.0154814055172562,000568
2010-08-06,34.6,35.03,34.2,34.79,6727072.0,233230080.0,715337699.0,0.0094040507153531,000568
2010-08-09,34.98,35.52,34.54,34.6,11760497.0,411955872.0,715337699.0,0.0164404826090397,000568
2010-08-10,34.63,34.85,32.95,33.02,14352257.0,483254304.0,715337699.0,0.0200636105437524,000568
2010-08-11,33.0,33.98,32.9,33.24,8535981.0,285286720.0,715337699.0,0.011932799028952,000568
2010-08-12,33.0,34.0,32.8,33.35,8792947.0,295003680.0,715337699.0,0.012292022372499,000568
2010-08-13,33.34,33.9,33.2,33.78,4558927.0,153242656.0,715337699.0,0.0063731116175941,000568
2010-08-16,34.0,34.83,33.72,34.6,8732682.0,300855904.0,715337699.0,0.0122077754495642,000568
2010-08-18,34.78,35.17,34.33,34.43,7055312.0,244477936.0,715337699.0,0.0098629109158694,000568
2010-08-19,34.43,34.48,33.78,33.95,7284315.0,247848864.0,715337699.0,0.010183043631257,000568
2010-08-20,33.9,33.93,33.3,33.61,5412975.0,181711120.0,715337699.0,0.0075670204542092,000568
2010-08-23,33.47,34.2,33.35,34.01,4843820.0,163950240.0,715337699.0,0.0067713752634194,000568
2010-08-24,33.92,34.75,33.6,34.5,5726956.0,196416704.0,715337699.0,0.0080059474119789,000568
2010-08-25,34.38,35.5,34.2,34.7,12462437.0,437345888.0,715337699.0,0.0174217534143968,000568
2010-08-26,34.72,35.0,34.2,34.8,4316369.0,149420112.0,715337699.0,0.006034029810024,000568
2010-08-27,34.65,34.95,34.3,34.5,4046486.0,139812432.0,715337699.0,0.0056567492607432,000568
2010-08-30,34.7,36.8,34.7,36.29,15067416.0,539730432.0,715337699.0,0.0210633607330682,000568
2010-08-31,36.08,36.55,35.91,36.14,6851196.0,247771680.0,715337699.0,0.0095775687616877,000568
2010-09-01,36.2,36.8,35.13,36.12,7690086.0,277135040.0,715337699.0,0.0107502876064693,000568
2010-09-02,36.15,36.85,36.0,36.45,5183229.0,189414272.0,715337699.0,0.007245849068553,000568
2010-09-03,36.62,37.34,36.32,36.9,7041971.0,259400528.0,715337699.0,0.0098442609830912,000568
2010-09-06,37.42,38.68,36.88,36.88,9774467.0,366437760.0,715337699.0,0.0136641295623928,000568
2010-09-07,36.79,37.1,36.31,36.55,5651067.0,206745744.0,715337699.0,0.0078998590566383,000568
2010-09-08,36.46,37.0,36.31,36.77,5180773.0,190054368.0,715337699.0,0.0072424157251077,000568
2010-09-09,37.0,37.1,35.85,35.87,5725645.0,208470272.0,715337699.0,0.0080041147111414,000568
2010-09-10,36.02,37.5,35.75,37.23,7579078.0,277608992.0,715337699.0,0.0105951049561558,000568
2010-09-13,37.25,37.8,36.67,37.0,7884973.0,293274176.0,715337699.0,0.0110227281618496,000568
2010-09-14,37.1,37.34,36.0,36.25,9004440.0,329445856.0,715337699.0,0.0125876771384867,000568
2010-09-15,36.34,36.48,35.38,35.49,9261187.0,331069408.0,715337699.0,0.0129465943329235,000568
2010-09-16,35.4,35.96,34.95,35.4,8443743.0,298815040.0,715337699.0,0.0118038557338776,000568
2010-09-17,35.52,36.54,35.1,35.95,6446752.0,232289504.0,715337699.0,0.0090121798543711,000568
2010-09-20,36.2,36.47,35.7,36.05,4272240.0,154470368.0,715337699.0,0.0059723400653598,000568
2010-09-21,36.12,36.19,35.0,35.4,4608509.0,163988288.0,715337699.0,0.0064424243353068,000568
2010-09-27,35.51,36.48,35.45,36.39,6851219.0,246056048.0,715337699.0,0.009577600914334,000568
2010-09-28,36.34,37.3,35.98,37.18,12601386.0,463370464.0,715337699.0,0.0176159959381645,000568
2010-09-29,37.0,37.08,35.8,35.95,7131797.0,259567584.0,715337699.0,0.0099698324441306,000568
2010-09-30,35.71,36.65,35.66,36.29,4348185.0,158173680.0,715337699.0,0.0060785067054043,000568
2010-10-08,36.39,38.07,36.39,37.52,10343791.0,389010048.0,715337699.0,0.0144600110052357,000568
2010-10-11,37.65,38.05,35.23,35.97,19165316.0,698377024.0,715337699.0,0.0267919837396966,000568
2010-10-12,35.5,36.25,34.43,35.11,20941808.0,732067904.0,715337699.0,0.0292754149952888,000568
2010-10-13,34.9,34.9,33.68,34.6,36174192.0,1234501120.0,715337699.0,0.0505693912827038,000568
2010-10-14,34.72,34.87,33.6,33.65,22217448.0,755536320.0,715337699.0,0.031058684633927,000568
2010-10-15,33.58,34.57,33.5,34.08,25367478.0,862649728.0,715337699.0,0.0354622411700966,000568
2010-10-18,34.0,34.38,32.31,33.96,24432976.0,810582976.0,715337699.0,0.0341558623768268,000568
2010-10-19,34.0,35.06,33.5,34.75,16279167.0,563964992.0,715337699.0,0.0227573173100723,000568
2010-10-20,34.25,37.28,34.05,36.71,29512332.0,1069489408.0,715337699.0,0.0412565031051159,000568
2010-10-21,37.05,38.45,36.77,37.85,25377344.0,956597632.0,715337699.0,0.0354760332574056,000568
2010-10-22,37.8,38.45,37.38,37.58,15265143.0,578903104.0,715337699.0,0.0213397714412923,000568
2010-10-25,37.8,41.28,37.8,41.14,28449644.0,1134849792.0,715337699.0,0.0397709278285919,000568
2010-10-26,41.15,41.5,40.15,41.02,18728088.0,764024000.0,715337699.0,0.026180764729974,000568
2010-10-27,40.9,41.32,39.9,39.98,13079276.0,531978656.0,715337699.0,0.0182840580306113,000568
2010-10-28,39.95,40.88,39.2,40.0,11622713.0,464474528.0,715337699.0,0.0162478686867026,000568
2010-10-29,39.95,41.3,39.35,40.93,12131797.0,489388672.0,715337699.0,0.0169595381551392,000568
2010-11-01,41.0,42.17,40.55,41.48,13680052.0,566003840.0,715337699.0,0.0191239075182587,000568
2010-11-02,41.48,42.09,40.94,41.3,12672530.0,525471552.0,715337699.0,0.0177154510627853,000568
2010-11-03,41.36,42.5,40.31,40.38,10642865.0,443936640.0,715337699.0,0.0148780988543985,000568
2010-11-04,40.25,40.99,39.65,40.58,13839325.0,556502656.0,715337699.0,0.0193465617978006,000568
2010-11-05,40.9,41.89,40.55,40.71,10548120.0,433843936.0,715337699.0,0.0147456509208806,000568
2010-11-08,41.06,42.08,40.82,41.4,10310708.0,427710368.0,715337699.0,0.0144137629184282,000568
2010-11-09,41.4,43.1,41.4,42.68,14163552.0,602966912.0,715337699.0,0.0197998120605132,000568
2010-11-10,42.71,46.7,42.3,45.0,19567760.0,878608320.0,715337699.0,0.0273545767647288,000568
2010-11-11,45.03,46.69,44.4,45.33,13428485.0,614075712.0,715337699.0,0.0187722316589384,000568
2010-11-12,45.1,47.15,42.6,43.21,19912304.0,901020864.0,715337699.0,0.0278362289976275,000568
2010-11-15,44.0,46.1,43.8,45.3,16468316.0,741122240.0,715337699.0,0.0230217364791786,000568
2010-11-16,45.3,45.95,41.5,43.8,16398068.0,721629248.0,715337699.0,0.0229235339098212,000568
2010-11-17,43.0,44.0,39.77,39.8,22701782.0,942506560.0,715337699.0,0.0317357550590941,000568
2010-11-18,40.24,42.33,40.24,41.6,12913861.0,531545920.0,715337699.0,0.018052817596574,000568
2010-11-19,42.2,43.77,41.65,43.7,12302839.0,528628288.0,715337699.0,0.0171986448039836,000568
2010-11-22,43.25,45.4,42.82,43.98,11942039.0,532669664.0,715337699.0,0.0166942676398773,000568
2010-11-23,44.03,44.6,42.23,43.96,10947204.0,478139552.0,715337699.0,0.015303546863675,000568
2010-11-24,43.58,46.28,43.13,46.02,12521944.0,572336192.0,715337699.0,0.0175049406979457,000568
2010-11-25,46.12,46.36,45.2,46.15,8251001.0,378584896.0,715337699.0,0.0115344137622474,000568
2010-11-26,46.0,48.25,45.35,47.65,15921948.0,747975680.0,715337699.0,0.0222579461731961,000568
2010-11-29,47.4,48.5,46.7,47.94,12702342.0,606065536.0,715337699.0,0.0177571264841167,000568
2010-11-30,47.83,47.83,44.5,45.12,18130002.0,828813568.0,715337699.0,0.0253446757039992,000568
2010-12-01,45.2,45.55,43.96,44.97,9208674.0,408925952.0,715337699.0,0.0128731842497231,000568
2010-12-02,45.31,45.87,43.02,43.73,11736636.0,519819168.0,715337699.0,0.0164071263354456,000568
2010-12-03,43.6,44.1,42.82,43.88,7287884.0,316291136.0,715337699.0,0.0101880328831935,000568
2010-12-06,43.99,44.1,41.3,41.4,14857428.0,624133248.0,715337699.0,0.0207698098684996,000568
2010-12-07,41.38,42.93,40.7,42.4,10182068.0,427388736.0,715337699.0,0.0142339317698954,000568
2010-12-08,42.45,42.95,41.5,41.7,8017160.0,337901760.0,715337699.0,0.0112075178076138,000568
2010-12-09,41.7,41.7,40.42,40.55,8124826.0,331519936.0,715337699.0,0.0113580285386301,000568
2010-12-10,40.39,41.4,40.12,40.83,9305207.0,379763584.0,715337699.0,0.0130081317020033,000568
2010-12-13,41.21,42.55,41.21,42.21,11174456.0,467080416.0,715337699.0,0.0156212317841227,000568
2010-12-14,42.49,42.95,42.01,42.38,8064911.0,342096224.0,715337699.0,0.0112742708950951,000568
2010-12-15,42.3,43.15,42.05,42.14,10539643.0,449194912.0,715337699.0,0.0147338005738182,000568
2010-12-16,42.99,43.42,42.08,42.35,13547533.0,580117312.0,715337699.0,0.0189386537560353,000568
2010-12-17,42.39,42.49,40.8,41.24,12190272.0,502376352.0,715337699.0,0.0170412827634294,000568
2010-12-20,41.33,41.75,39.0,40.1,18168790.0,730300224.0,715337699.0,0.0253988990450229,000568
2010-12-21,40.2,40.35,39.18,39.9,12816371.0,508974400.0,715337699.0,0.0179165323146208,000568
2010-12-22,40.1,40.35,39.21,39.65,8814428.0,349316000.0,715337699.0,0.0123220515461746,000568
2010-12-23,39.66,40.28,39.3,39.5,10485154.0,416839232.0,715337699.0,0.0146576281589207,000568
2010-12-24,39.52,39.69,38.61,38.73,7302590.0,285062016.0,715337699.0,0.0102085910056307,000568
2010-12-27,38.8,39.22,37.5,37.9,10274639.0,396280512.0,715337699.0,0.0143633405793701,000568
2010-12-28,37.9,39.55,36.76,39.15,16300174.0,622862400.0,715337699.0,0.0227866838596465,000568
2010-12-29,39.04,40.34,38.8,40.21,13851202.0,549411328.0,715337699.0,0.0193631651447465,000568
2010-12-30,40.21,40.59,39.3,39.48,15501659.0,620314496.0,715337699.0,0.0216704068884813,000568
2010-12-31,39.55,40.98,39.15,40.9,12848057.0,517748768.0,715337699.0,0.0179608274776526,000568
2011-01-04,41.38,41.5,39.7,40.73,14113223.0,569502976.0,715337699.0,0.0197294550807673,000568
2011-01-05,40.65,40.65,38.95,39.35,15941147.0,630168256.0,715337699.0,0.0222847852451852,000568
2011-01-06,39.31,39.89,38.35,38.66,10492636.0,408156384.0,715337699.0,0.0146680875545467,000568
2011-01-07,38.4,39.2,38.37,38.71,7680937.0,297346592.0,715337699.0,0.0107374978429593,000568
2011-01-10,38.98,39.15,38.16,38.47,6990682.0,269674272.0,715337699.0,0.0097725619798489,000568
2011-01-11,38.3,39.5,38.0,39.43,8877233.0,345584192.0,715337699.0,0.0124098492396106,000568
2011-01-12,39.32,39.74,38.8,39.19,4227244.0,165824416.0,715337699.0,0.0059094383057253,000568
2011-01-13,39.31,41.16,39.31,40.5,14833618.0,602159808.0,715337699.0,0.0207365248899037,000568
2011-01-14,40.52,41.48,40.02,41.2,15882858.0,648390400.0,715337699.0,0.0222033006539475,000568
2011-01-17,40.9,41.4,39.5,39.99,10658580.0,433497536.0,715337699.0,0.0149000674994482,000568
2011-01-18,39.9,41.85,39.8,41.3,13561155.0,557598912.0,715337699.0,0.0189576965102743,000568
2011-01-19,41.47,42.77,41.14,42.73,16675346.0,703552896.0,715337699.0,0.0233111522338486,000568
2011-01-20,42.5,43.4,41.5,41.53,14591835.0,619126400.0,715337699.0,0.0203985264867188,000568
2011-01-21,41.02,41.79,40.2,40.45,11279476.0,461591104.0,715337699.0,0.0157680435628767,000568
2011-01-24,40.39,40.39,38.26,39.48,10051436.0,394135936.0,715337699.0,0.0140513159226073,000568
2011-01-25,39.11,40.0,38.81,39.73,4657626.0,184227696.0,715337699.0,0.0065110870103883,000568
2011-01-26,39.7,40.72,39.57,39.73,6922703.0,278825440.0,715337699.0,0.0096775313389431,000568
2011-01-27,39.34,40.83,38.6,40.45,7263903.0,289536096.0,715337699.0,0.0101545088566623,000568
2011-01-28,40.48,40.79,40.1,40.5,8093988.0,327408160.0,715337699.0,0.0113149188296869,000568
2011-01-31,40.48,41.55,40.1,41.25,6825408.0,280505856.0,715337699.0,0.0095415186555126,000568
2011-02-01,41.46,41.46,40.36,40.65,4840035.0,197234480.0,715337699.0,0.0067660840561962,000568
2011-02-09,40.4,41.5,39.9,40.26,5208028.0,211827312.0,715337699.0,0.0072805166109384,000568
2011-02-10,40.03,42.5,39.75,42.3,10086313.0,418018176.0,715337699.0,0.0141000719158239,000568
2011-02-11,41.9,43.43,41.8,42.47,11399241.0,488463904.0,715337699.0,0.0159354679837725,000568
2011-02-14,42.6,44.0,42.6,43.5,14345928.0,624020224.0,715337699.0,0.0200547629742634,000568
2011-02-15,43.5,44.52,43.5,43.86,12980642.0,572359104.0,715337699.0,0.0181461735039914,000568
2011-02-16,43.66,44.38,42.88,43.6,13619985.0,592534080.0,715337699.0,0.0190399373876701,000568
2011-02-17,43.6,44.19,42.22,42.47,15300217.0,654924224.0,715337699.0,0.0213888028289139,000568
2011-02-18,42.57,44.53,42.51,43.7,18415000.0,806815552.0,715337699.0,0.0257430861336444,000568
2011-02-21,43.7,44.78,43.26,44.65,11004341.0,485893248.0,715337699.0,0.015383421026717,000568
2011-02-22,45.01,45.36,43.1,43.35,11238557.0,494137632.0,715337699.0,0.0157108412092789,000568
2011-02-23,43.0,44.11,42.88,43.55,8173742.0,356237024.0,715337699.0,0.011426410227542,000568
2011-02-24,43.5,44.02,43.11,43.43,6044306.0,263810880.0,715337699.0,0.0084495840334566,000568
2011-02-25,43.49,44.16,42.99,43.1,8081225.0,352699584.0,715337699.0,0.0112970769068889,000568
2011-02-28,43.05,43.1,42.0,42.86,7397108.0,314504224.0,715337699.0,0.0103407216065093,000568
2011-03-01,42.8,44.2,42.69,44.0,8802957.0,384037312.0,715337699.0,0.0123060157633325,000568
2011-03-02,43.72,44.72,43.55,44.43,10878769.0,482155104.0,715337699.0,0.0152078787616085,000568
2011-03-03,44.21,44.71,43.38,43.41,6383536.0,280025696.0,715337699.0,0.0089238076071257,000568
2011-03-04,43.42,43.69,42.55,43.02,6645822.0,286223168.0,715337699.0,0.0092904679975492,000568
2011-03-07,43.51,44.2,42.76,43.18,9579432.0,414215712.0,715337699.0,0.0133914821117235,000568
2011-03-08,43.3,44.4,43.3,44.4,12033866.0,528490208.0,715337699.0,0.0168226363811422,000568
2011-03-09,44.45,44.95,43.7,44.62,8989470.0,399509408.0,715337699.0,0.0125667499595879,000568
2011-03-10,44.27,47.11,44.11,46.45,19349812.0,894530880.0,715337699.0,0.0270498982886682,000568
2011-03-11,45.89,46.85,45.8,46.0,8663257.0,402392352.0,715337699.0,0.0121107233857669,000568
2011-03-14,46.05,47.1,45.8,46.95,7190471.0,334033376.0,715337699.0,0.0100518552427082,000568
2011-03-15,46.41,46.9,44.58,45.06,15407700.0,698721408.0,715337699.0,0.0215390577367012,000568
2011-03-16,44.78,46.86,44.78,45.78,13401124.0,616414656.0,715337699.0,0.0187339825913466,000568
2011-03-17,45.7,47.06,45.01,45.7,10359572.0,479342560.0,715337699.0,0.0144820719144008,000568
2011-03-18,46.52,47.0,45.45,46.5,6566690.0,303782976.0,715337699.0,0.0091798461190845,000568
2011-03-21,46.65,47.89,45.65,45.81,9028375.0,417958944.0,715337699.0,0.0126211368597253,000568
2011-03-22,45.81,46.62,45.0,45.62,6189413.0,283152384.0,715337699.0,0.008652435078778,000568
2011-03-23,45.58,46.0,45.18,45.93,4041296.0,184218048.0,715337699.0,0.0056494939462151,000568
2011-03-24,45.9,45.9,45.0,45.17,6655212.0,300848096.0,715337699.0,0.0093035946648745,000568
2011-03-25,45.17,45.53,44.36,44.51,10277780.0,461604192.0,715337699.0,0.0143677315124978,000568
2011-03-28,44.7,44.95,42.88,43.56,13820949.0,604146880.0,715337699.0,0.0193208732313715,000568
2011-03-29,43.34,43.94,42.7,43.12,7712704.0,333726432.0,715337699.0,0.0107819062392236,000568
2011-03-30,43.12,43.9,43.12,43.58,6245669.0,272334208.0,715337699.0,0.0087310776556737,000568
2011-03-31,43.55,45.1,43.5,44.6,7247576.0,322206368.0,715337699.0,0.0101316846716336,000568
2011-04-01,44.57,44.9,43.56,43.84,5013224.0,219917904.0,715337699.0,0.007008192084673,000568
2011-04-06,43.85,44.06,42.0,42.6,8356822.0,356678176.0,715337699.0,0.0116823452918563,000568
2011-04-07,42.46,42.5,41.15,42.06,10572776.0,440774080.0,715337699.0,0.0147801185576827,000568
2011-04-08,42.0,42.76,41.74,42.35,7661097.0,324974816.0,715337699.0,0.010709762690698,000568
2011-04-11,42.39,43.0,42.08,42.72,8632207.0,368506080.0,715337699.0,0.0120673173133015,000568
2011-04-12,42.8,43.98,42.8,43.08,7712675.0,335153792.0,715337699.0,0.0107818656989305,000568
2011-04-13,42.71,44.2,42.67,44.0,8658990.0,379927648.0,715337699.0,0.0121047583709131,000568
2011-04-14,44.09,44.35,43.84,44.18,7552141.0,332799648.0,715337699.0,0.0105574486156083,000568
2011-04-15,44.15,44.15,43.2,43.65,4151754.0,181142800.0,715337699.0,0.0058039077289005,000568
2011-04-18,43.49,44.13,43.28,43.6,5187982.0,226057504.0,715337699.0,0.0072524934828018,000568
2011-04-19,43.32,45.26,42.5,44.67,9486655.0,417734560.0,715337699.0,0.0132617853263735,000568
2011-04-20,44.75,46.0,44.74,45.56,9141921.0,414822816.0,715337699.0,0.0127798674846577,000568
2011-04-21,45.55,45.79,44.93,44.98,5905470.0,267858080.0,715337699.0,0.0082554994770379,000568
2011-04-22,44.9,45.77,44.7,45.03,4539792.0,204610848.0,715337699.0,0.0063463620138381,000568
2011-04-25,45.05,47.06,45.05,46.91,18723238.0,871057600.0,715337699.0,0.0261739847154343,000568
2011-04-26,46.9,47.08,45.9,46.07,10512616.0,488266592.0,715337699.0,0.0146960184185679,000568
2011-04-27,46.4,47.57,45.7,45.83,10014758.0,467348480.0,715337699.0,0.0140000422373936,000568
2011-04-28,46.01,46.48,44.5,44.7,6420625.0,291234400.0,715337699.0,0.0089756558461488,000568
2011-04-29,44.72,46.1,44.72,45.55,4632148.0,210320320.0,715337699.0,0.0064754702659673,000568
2011-05-03,45.6,47.0,45.58,47.0,9111609.0,423304256.0,715337699.0,0.0127374930927553,000568
2011-05-04,47.05,47.75,46.31,46.37,9715762.0,456700096.0,715337699.0,0.0135820634276399,000568
2011-05-05,46.16,47.65,46.0,47.6,10854595.0,512106144.0,715337699.0,0.0151740849324369,000568
2011-05-06,47.4,48.05,46.86,47.58,8116986.0,385586816.0,715337699.0,0.0113470686800752,000568
2011-05-09,47.35,47.85,46.71,46.91,7128884.0,336560448.0,715337699.0,0.0099657602415834,000568
2011-05-10,46.81,46.99,45.67,46.0,7325091.0,337008896.0,715337699.0,0.0102400460792714,000568
2011-05-11,45.98,46.86,45.7,46.6,4050654.0,187736496.0,715337699.0,0.0056625758794239,000568
2011-05-12,46.5,47.73,46.21,47.5,6059183.0,287068768.0,715337699.0,0.0084703812038291,000568
2011-05-13,47.5,47.63,46.21,47.14,4009072.0,188144096.0,715337699.0,0.0056044466908488,000568
2011-05-16,46.5,48.11,46.5,47.8,5951779.0,283891360.0,715337699.0,0.0083202367333921,000568
2011-05-17,47.79,48.2,46.9,46.94,6879224.0,326746912.0,715337699.0,0.0096167502560213,000568
2011-05-18,46.76,48.69,46.76,47.97,8446643.0,405245216.0,715337699.0,0.01180790976319,000568
2011-05-19,47.97,49.36,47.97,48.63,8703837.0,425052512.0,715337699.0,0.0121674518373174,000568
2011-05-20,48.6,49.01,47.91,48.6,3906095.0,188462976.0,715337699.0,0.0054604909058483,000568
2011-05-23,48.2,48.6,46.4,46.4,11619326.0,548692800.0,715337699.0,0.0162431338600539,000568
2011-05-24,46.4,46.68,45.35,45.64,6915442.0,316193824.0,715337699.0,0.0096673808883096,000568
2011-05-25,45.6,46.3,45.32,45.57,3189373.0,145992128.0,715337699.0,0.0044585557345272,000568
2011-05-26,45.84,46.23,45.08,45.1,4993366.0,228537664.0,715337699.0,0.0069804317694711,000568
2011-05-27,45.01,45.4,44.1,44.3,4838372.0,215892992.0,715337699.0,0.0067637592800767,000568
2011-05-30,43.89,45.6,43.83,45.38,4600649.0,207819024.0,715337699.0,0.0064314365179291,000568
2011-05-31,45.41,45.99,44.86,45.11,3998610.0,181153632.0,715337699.0,0.0055898214306191,000568
2011-06-01,45.6,46.15,45.12,45.9,6626193.0,303363328.0,715337699.0,0.0092630278108689,000568
2011-06-02,45.5,46.08,44.9,45.59,4726540.0,214777632.0,715337699.0,0.006607424726262,000568
2011-06-03,45.49,46.67,45.22,46.51,5604481.0,259049648.0,715337699.0,0.0078347345705877,000568
2011-06-07,46.1,47.1,45.91,46.3,5666981.0,264036784.0,715337699.0,0.0079221058919753,000568
2011-06-08,46.29,46.65,45.83,46.58,2685566.0,124270696.0,715337699.0,0.003754263201498,000568
2011-06-09,46.37,46.37,44.58,45.19,6688619.0,302615712.0,715337699.0,0.009350295684612,000568
2011-06-13,45.42,45.52,43.96,44.3,6972016.0,309716448.0,715337699.0,0.0097464680104885,000568
2011-06-14,44.3,45.0,44.01,44.3,5758140.0,255340096.0,715337699.0,0.0080495408085573,000568
2011-06-15,44.33,44.8,44.31,44.44,3237295.0,144349872.0,715337699.0,0.0045255478699438,000568
2011-06-16,44.19,44.2,43.56,44.0,5228285.0,228899120.0,715337699.0,0.007308834704656,000568
2011-06-17,44.21,44.21,43.21,43.6,6623058.0,288208192.0,715337699.0,0.0092586452653881,000568
2011-06-20,43.6,43.6,42.5,42.72,7949096.0,340824832.0,715337699.0,0.011112368341711,000568
2011-06-21,42.89,43.1,42.35,42.73,6984919.0,298760128.0,715337699.0,0.0097645056450463,000568
2011-06-22,42.73,43.94,42.7,43.72,5446964.0,237204592.0,715337699.0,0.0076145350756915,000568
2011-06-23,43.52,45.18,43.36,45.0,5555752.0,246758064.0,715337699.0,0.0077666142966694,000568
2011-06-24,44.94,45.5,44.1,44.71,8718660.0,391755680.0,715337699.0,0.0121881735188683,000568
2011-06-27,44.67,45.12,44.29,45.0,8036516.0,359099264.0,715337699.0,0.0112345763563622,000568
2011-06-28,44.91,45.63,44.4,45.59,8265726.0,373960096.0,715337699.0,0.0115549984455663,000568
2011-06-29,45.56,45.64,44.78,44.92,4832408.0,217815984.0,715337699.0,0.0067554219591046,000568
2011-06-30,44.83,45.5,44.65,45.12,4369004.0,197441280.0,715337699.0,0.0061076104420438,000568
2011-07-01,45.3,45.64,44.83,45.12,5016437.0,226865472.0,715337699.0,0.0070126836695628,000568
2011-07-04,45.5,46.39,45.4,46.2,9017002.0,415667360.0,715337699.0,0.012605238075115,000568
2011-07-05,46.2,46.49,45.64,45.9,4210620.0,193655904.0,715337699.0,0.0058861989321773,000568
2011-07-06,45.75,47.5,45.7,46.95,8179778.0,383216256.0,715337699.0,0.0114348482002763,000568
2011-07-07,46.98,48.38,46.96,47.71,6287037.0,299713344.0,715337699.0,0.0087889076848443,000568
2011-07-08,46.25,47.15,46.01,46.18,4258238.0,197901280.0,715337699.0,0.0059527660934867,000568
2011-07-11,46.07,47.77,46.07,47.3,5851358.0,275449216.0,715337699.0,0.008179854085951,000568
2011-07-12,47.08,48.09,46.77,47.28,6239958.0,296392544.0,715337699.0,0.0087230940138106,000568
2011-07-13,47.31,48.47,46.85,47.99,7257501.0,347636768.0,715337699.0,0.01014555923747,000568
2011-07-14,48.08,48.08,46.8,47.15,7099445.0,336095040.0,715337699.0,0.0099246062522981,000568
2011-07-15,47.04,47.9,46.8,47.1,6722183.0,317267456.0,715337699.0,0.0093972161811088,000568
2011-07-18,47.04,47.88,46.9,47.47,5641611.0,268222208.0,715337699.0,0.0078866401251977,000568
2011-07-19,47.4,47.7,46.7,46.86,4020348.0,189402272.0,715337699.0,0.0056202098751683,000568
2011-07-20,47.01,48.0,46.78,47.78,4943632.0,233589744.0,715337699.0,0.0069109065647049,000568
2011-07-21,47.8,49.28,47.51,48.74,12772965.0,624717248.0,715337699.0,0.0178558532814024,000568
2011-07-22,48.74,50.08,48.55,49.4,10988321.0,542181312.0,715337699.0,0.0153610260096189,000568
2011-07-25,49.14,49.6,47.5,47.55,7135264.0,345296224.0,715337699.0,0.0099746791060707,000568
2011-07-26,47.3,47.78,46.5,47.3,7478106.0,351935808.0,715337699.0,0.0104539520431454,000568
2011-07-27,46.8,48.4,46.61,48.13,6201171.0,297199712.0,715337699.0,0.008668872070728,000568
2011-07-28,47.81,48.28,47.58,48.26,4000845.0,191576864.0,715337699.0,0.0055929458290719,000568
2011-07-29,48.2,48.4,47.92,48.02,3435730.0,165257264.0,715337699.0,0.0048029483204966,000568
2011-08-01,48.2,48.5,47.33,47.44,3699627.0,176059984.0,715337699.0,0.0051718607941002,000568
2011-08-02,47.6,47.6,46.66,47.01,4418635.0,207410096.0,715337699.0,0.0061769916588724,000568
2011-08-03,46.7,48.04,46.51,47.55,3491719.0,166393024.0,715337699.0,0.0048812176471073,000568
2011-08-04,47.66,48.55,47.66,48.01,4064836.0,195743680.0,715337699.0,0.0056824014807026,000568
2011-08-05,46.98,47.95,46.69,47.1,6891691.0,326683040.0,715337699.0,0.0096341783882412,000568
2011-08-08,46.99,47.6,45.68,45.85,7259073.0,336473472.0,715337699.0,0.0101477568009455,000568
2011-08-09,44.85,46.29,43.9,45.68,7181593.0,324512672.0,715337699.0,0.0100394443212477,000568
2011-08-10,46.48,47.38,45.66,46.98,9746849.0,452379680.0,715337699.0,0.0136255212239275,000568
2011-08-11,46.65,48.49,46.3,48.41,9368199.0,448650848.0,715337699.0,0.0130961908104328,000568
2011-08-12,48.57,49.38,48.1,48.99,8690933.0,424075200.0,715337699.0,0.0121494128048184,000568
2011-08-15,49.01,49.8,48.26,48.41,5136842.0,251819472.0,715337699.0,0.0071810027727896,000568
2011-08-16,48.5,49.08,47.74,48.46,4985620.0,241150672.0,715337699.0,0.0069696033173836,000568
2011-08-17,48.35,49.03,48.02,48.37,4770961.0,232569840.0,715337699.0,0.0066695226697397,000568
2011-08-18,48.3,48.64,46.96,47.1,5081659.0,241848720.0,715337699.0,0.0071038601867395,000568
2011-08-19,46.45,47.44,46.2,47.3,5602064.0,262370480.0,715337699.0,0.007831355746847,000568
2011-08-22,47.29,47.48,45.4,45.5,5003469.0,232202928.0,715337699.0,0.0069945551688308,000568
2011-08-23,45.6,46.45,45.45,45.8,4300969.0,197254208.0,715337699.0,0.0060125015164341,000568
2011-08-24,46.1,46.69,45.9,46.37,4715852.0,218217472.0,715337699.0,0.0065924835313341,000568
2011-08-25,46.35,47.09,46.18,46.97,4360686.0,203348880.0,715337699.0,0.0060959823676229,000568
2011-08-26,46.9,46.9,46.39,46.75,3541688.0,165163888.0,715337699.0,0.004951071368042,000568
2011-08-29,46.28,47.8,46.2,47.78,6518090.0,306924768.0,715337699.0,0.0091119061795735,000568
2011-08-30,47.96,47.97,46.65,46.86,4902728.0,232488960.0,715337699.0,0.0068537251802242,000568
2011-08-31,47.35,47.89,46.2,46.39,7282013.0,340735008.0,715337699.0,0.0101798255707476,000568
2011-09-01,46.5,46.7,45.26,45.55,7857534.0,360083104.0,715337699.0,0.0109843700548487,000568
2011-09-02,45.65,45.74,44.46,44.7,7309325.0,327822656.0,715337699.0,0.0102180061392234,000568
2011-09-05,44.35,45.1,44.09,44.3,3494912.0,155671808.0,715337699.0,0.0048856812731744,000568
2011-09-06,44.29,44.85,43.34,43.4,5483974.0,240798032.0,715337699.0,0.0076662728773644,000568
2011-09-07,43.5,44.33,43.48,44.3,3591294.0,157851152.0,715337699.0,0.0050204176363421,000568
2011-09-08,44.55,44.79,44.14,44.15,3267567.0,145358016.0,715337699.0,0.0045678663442006,000568
2011-09-09,44.69,44.69,43.11,43.4,4934277.0,215642992.0,715337699.0,0.0068978288253196,000568
2011-09-13,42.95,43.21,42.02,42.83,6104352.0,259330672.0,715337699.0,0.0085335248072812,000568
2011-09-14,42.8,43.1,41.41,42.08,6090846.0,255675808.0,715337699.0,0.0085146442142146,000568
2011-09-15,42.1,42.58,41.8,42.0,5516223.0,232440448.0,715337699.0,0.0077113550812593,000568
2011-09-16,42.32,42.47,41.77,42.2,4243911.0,178679824.0,715337699.0,0.0059327377907423,000568
2011-09-19,42.12,42.33,41.76,41.96,1575583.0,66140732.0,715337699.0,0.0022025722986535,000568
2011-09-20,41.94,42.17,41.78,42.0,2940790.0,123432936.0,715337699.0,0.0041110513315753,000568
2011-09-21,42.1,43.35,41.9,42.72,4822321.0,206320720.0,715337699.0,0.0067413209268032,000568
2011-09-22,42.61,43.0,41.8,41.82,3590428.0,152034848.0,715337699.0,0.0050192070193129,000568
2011-09-23,41.3,41.41,38.66,39.98,18960132.0,752285952.0,715337699.0,0.0265051485843751,000568
2011-09-26,39.52,39.89,38.25,38.88,6546235.0,255215296.0,715337699.0,0.0091512512330207,000568
2011-09-27,39.06,39.57,38.5,39.34,5707090.0,222584832.0,715337699.0,0.0079781759132479,000568
2011-09-28,39.59,39.67,38.36,38.5,4171416.0,161890864.0,715337699.0,0.0058313940476384,000568
2011-09-29,38.12,38.96,38.0,38.53,4820975.0,185419072.0,715337699.0,0.0067394392980258,000568
2011-09-30,38.46,39.03,38.46,38.9,4836141.0,187453760.0,715337699.0,0.0067606404733884,000568
2011-10-10,39.0,39.14,38.02,38.39,2078065.0,80231832.0,715337699.0,0.0029050125596693,000568
2011-10-11,39.05,39.45,36.99,37.57,7808951.0,295659808.0,715337699.0,0.0109164538803371,000568
2011-10-12,37.45,39.01,37.13,38.84,7224719.0,275906496.0,715337699.0,0.0100997319309463,000568
2011-10-13,38.75,39.61,38.46,39.42,5187344.0,203282880.0,715337699.0,0.0072516015963531,000568
2011-10-14,39.39,39.86,39.0,39.22,2981191.0,117236104.0,715337699.0,0.0041675295516614,000568
2011-10-17,39.22,40.5,39.21,40.27,4925824.0,197659904.0,715337699.0,0.0068860120288445,000568
2011-10-18,40.0,41.1,39.9,39.98,5846751.0,237687552.0,715337699.0,0.0081734137711089,000568
2011-10-19,40.5,40.55,39.42,39.5,3508002.0,140579728.0,715337699.0,0.0049039803227258,000568
2011-10-20,39.5,39.53,38.06,38.08,3752499.0,144522800.0,715337699.0,0.0052457727381707,000568
2011-10-21,38.35,38.39,37.5,37.96,3883073.0,147641952.0,715337699.0,0.0054283075048726,000568
2011-10-24,37.82,40.09,37.63,40.01,5548789.0,214799120.0,715337699.0,0.0077568804324962,000568
2011-10-25,39.8,41.35,39.66,40.81,8151760.0,332927616.0,715337699.0,0.0113956806853541,000568
2011-10-26,40.81,41.43,40.57,40.8,5225864.0,214452544.0,715337699.0,0.0073054502891507,000568
2011-10-27,40.99,41.26,40.58,40.8,4358127.0,178476240.0,715337699.0,0.00609240503624,000568
2011-10-28,41.15,41.82,41.15,41.78,4212820.0,175325152.0,715337699.0,0.0058892744026901,000568
2011-10-31,41.86,42.1,41.08,41.5,6474241.0,269810624.0,715337699.0,0.0090506078584291,000568
2011-11-01,41.4,42.34,41.08,41.75,2986666.0,125019184.0,715337699.0,0.004175183279415,000568
2011-11-02,41.37,42.19,40.91,42.0,4965355.0,206898528.0,715337699.0,0.0069412740401369,000568
2011-11-03,42.27,42.81,41.7,41.8,8079642.0,341597760.0,715337699.0,0.0112948639660608,000568
2011-11-04,42.25,42.71,41.89,41.99,5116210.0,216093840.0,715337699.0,0.0071521604511437,000568
2011-11-07,41.8,42.28,41.7,41.96,3899536.0,163545216.0,715337699.0,0.0054513218098966,000568
2011-11-08,42.16,42.16,41.4,41.61,3452114.0,143995856.0,715337699.0,0.0048258521881704,000568
2011-11-09,41.93,42.32,41.46,42.29,3847650.0,161304704.0,715337699.0,0.0053787882357923,000568
2011-11-10,42.0,42.65,41.85,42.24,5361729.0,226645712.0,715337699.0,0.007495381562436,000568
2011-11-11,42.32,42.48,41.6,41.66,2672063.0,111965792.0,715337699.0,0.0037353868022549,000568
2011-12-02,42.86,43.8,42.06,42.41,18845680.0,809070976.0,715337699.0,0.0263451514247678,000568
2011-12-05,42.4,44.05,41.41,42.14,11521003.0,493339488.0,715337699.0,0.0161056840931292,000568
2011-12-06,41.71,41.95,40.48,41.84,7196804.0,296185952.0,715337699.0,0.0100607084039618,000568
2011-12-07,41.39,42.25,41.01,41.53,4433784.0,183906496.0,715337699.0,0.0061981690692356,000568
2011-12-08,41.77,42.3,41.0,41.3,2492557.0,103553248.0,715337699.0,0.0034844479795828,000568
2011-12-09,41.28,41.34,39.3,39.87,6926255.0,277528384.0,715337699.0,0.0096824968258802,000568
2011-12-12,40.28,40.28,39.38,39.4,2692563.0,107005720.0,715337699.0,0.00376404459567,000568
2011-12-13,39.38,39.39,38.69,39.1,3257974.0,127248992.0,715337699.0,0.0045544558948234,000568
2011-12-14,39.05,39.4,38.86,39.05,2220341.0,86964280.0,715337699.0,0.0031039060336172,000568
2011-12-15,38.88,39.67,38.4,39.6,3889353.0,152400336.0,715337699.0,0.0054370865752456,000568
2011-12-16,39.5,40.41,39.5,40.26,4673725.0,187358976.0,715337699.0,0.0065335924648366,000568
2011-12-19,39.93,40.68,38.88,40.3,4596913.0,182389168.0,715337699.0,0.0064262138098218,000568
2011-12-20,40.16,40.9,39.78,40.2,3841129.0,154977104.0,715337699.0,0.005369672261604,000568
2011-12-21,40.6,40.84,39.8,40.08,2908060.0,117518712.0,715337699.0,0.004065296717991,000568
2011-12-22,40.1,40.28,39.4,40.0,3277447.0,130783608.0,715337699.0,0.0045816780026855,000568
2011-12-23,39.85,40.35,39.61,39.99,3752546.0,149819280.0,715337699.0,0.0052458384414044,000568
2011-12-27,38.8,38.81,36.4,37.2,13702997.0,516272128.0,715337699.0,0.0191559832777665,000568
2011-12-28,37.0,37.0,35.9,36.86,7689435.0,279024352.0,715337699.0,0.0107493775467857,000568
2011-12-29,36.33,37.5,36.33,36.95,5088806.0,188515504.0,715337699.0,0.0071138512720828,000568
2011-12-30,37.01,37.47,36.98,37.3,8068273.0,299907552.0,715337699.0,0.0112789707732151,000568
2012-01-04,37.5,37.5,35.58,36.0,7892747.0,286488736.0,715337699.0,0.011033595756289,000568
2012-01-05,35.6,35.98,34.97,35.9,7545363.0,267015264.0,715337699.0,0.0105479733705464,000568
2012-01-06,35.58,36.5,35.15,36.23,4850151.0,173666288.0,715337699.0,0.0067802256287907,000568
2012-01-09,36.23,36.23,34.9,36.07,8189559.0,290995648.0,715337699.0,0.0114485214625882,000568
2012-01-10,35.91,38.0,35.58,37.6,10363257.0,380647104.0,715337699.0,0.0144872233275098,000568
2012-01-11,37.54,38.12,37.33,37.9,5605959.0,211426656.0,715337699.0,0.0078368007275959,000568
2012-01-12,37.64,38.27,37.52,37.54,4375093.0,165761824.0,715337699.0,0.0061161225056586,000568
2012-01-13,37.78,37.98,36.41,36.84,5148159.0,190498736.0,715337699.0,0.0071968232726959,000568
2012-01-16,36.5,36.78,35.0,35.06,7180692.0,255091248.0,715337699.0,0.0100381847762786,000568
2012-01-17,35.22,37.4,33.97,36.9,9324277.0,332442016.0,715337699.0,0.013034790439585,000568
2012-01-18,36.8,36.99,34.9,35.23,7526351.0,269869536.0,715337699.0,0.0105213957135509,000568
2012-01-19,35.11,36.36,34.92,35.63,7075445.0,253699040.0,715337699.0,0.0098910556648853,000568
2012-01-20,35.99,37.12,35.93,36.76,8213251.0,302045152.0,715337699.0,0.0114816414841293,000568
2012-01-30,36.9,36.91,36.0,36.2,4424854.0,160950592.0,715337699.0,0.0061856854548357,000568
2012-01-31,36.25,37.25,36.25,37.11,4356539.0,160580992.0,715337699.0,0.0060901851057062,000568
2012-02-01,37.11,37.99,36.78,37.49,6697116.0,252026256.0,715337699.0,0.0093621739904973,000568
2012-02-02,37.68,37.68,36.82,37.46,4097240.0,152739328.0,715337699.0,0.0057277003654745,000568
2012-02-03,37.47,37.7,36.91,37.55,6963351.0,259017536.0,715337699.0,0.0097343548504913,000568
2012-02-06,37.6,38.1,37.6,38.04,4880557.0,184775552.0,715337699.0,0.0068227314271605,000568
2012-02-07,37.71,38.09,36.95,37.15,3104845.0,115777896.0,715337699.0,0.0043403905656592,000568
2012-02-08,37.08,38.3,36.96,37.95,4232761.0,159136416.0,715337699.0,0.0059171507470068,000568
2012-02-09,37.8,38.93,37.78,38.3,5916696.0,227853296.0,715337699.0,0.0082711927643002,000568
2012-02-10,38.3,38.57,37.8,38.0,4022467.0,153380544.0,715337699.0,0.0056231721124486,000568
2012-02-13,37.77,38.87,37.59,38.38,5065624.0,194528336.0,715337699.0,0.0070814442005243,000568
2012-02-14,38.13,38.7,38.13,38.3,4935505.0,189518960.0,715337699.0,0.0068995454970422,000568
2012-02-15,38.2,39.05,38.2,38.99,5659419.0,219166896.0,715337699.0,0.007911534661058,000568
2012-02-16,38.7,39.26,38.52,38.75,3450123.0,134279824.0,715337699.0,0.0048230688873563,000568
2012-02-17,39.0,39.22,38.71,38.77,2711457.0,105515992.0,715337699.0,0.0037904572956108,000568
2012-02-20,39.1,39.15,38.81,38.95,4066729.0,158475088.0,715337699.0,0.0056850477832848,000568
2012-02-21,39.0,39.3,38.6,39.19,3681380.0,143326624.0,715337699.0,0.0051463525620785,000568
2012-02-22,39.19,39.49,38.8,39.34,5872979.0,229532272.0,715337699.0,0.0082100789713866,000568
2012-02-23,39.24,40.0,39.0,39.9,5995166.0,238200896.0,715337699.0,0.0083808892057288,000568
2012-02-24,39.7,41.03,39.65,40.72,5693082.0,231111184.0,1394225976.0,0.0040833280242943,000568
2012-02-27,40.83,41.03,40.2,40.3,5762796.0,233673952.0,1394225976.0,0.0041333299617134,000568
2012-02-28,40.3,41.03,40.2,40.48,7378513.0,299766496.0,1394225976.0,0.0052921930354279,000568
2012-02-29,40.45,41.84,40.36,40.69,8056723.0,332420800.0,1394225976.0,0.0057786349836305,000568
2012-03-01,40.69,41.33,40.53,40.79,3047738.0,125121520.0,1394225976.0,0.0021859713220548,000568
2012-03-02,40.75,40.99,40.3,40.86,5675920.0,231255424.0,1394225976.0,0.0040710186854243,000568
2012-03-05,40.89,41.35,40.35,41.25,5075302.0,207293280.0,1394225976.0,0.0036402291216528,000568
2012-03-06,41.16,42.25,40.81,41.5,8367927.0,349362080.0,1394225976.0,0.0060018441372089,000568
2012-03-07,41.3,42.12,41.2,41.57,6765719.0,282468224.0,1394225976.0,0.0048526703105982,000568
2012-03-08,41.46,42.21,41.46,41.9,3549622.0,148863984.0,1394225976.0,0.0025459445320218,000568
2012-03-09,42.09,43.66,41.85,43.6,6433778.0,275513216.0,1394225976.0,0.0046145876714034,000568
2012-03-12,43.57,45.0,43.0,44.4,11182101.0,493134784.0,1394225976.0,0.0080202931178209,000568
2012-03-13,44.28,45.01,43.74,44.84,6650985.0,296168352.0,1394225976.0,0.0047703780552715,000568
2012-03-14,44.95,45.0,42.6,43.0,7858086.0,345995456.0,1394225976.0,0.0056361638179663,000568
2012-03-15,42.98,44.47,42.98,43.4,8068460.0,353823392.0,1394225976.0,0.0057870532746407,000568
2012-03-16,43.45,45.58,43.45,45.47,11445763.0,515918496.0,1394225976.0,0.0082094030645144,000568
2012-03-19,45.39,46.5,44.7,45.05,9192904.0,418544352.0,1394225976.0,0.0065935538128289,000568
2012-03-20,44.8,44.83,43.6,43.6,7199635.0,317390208.0,1394225976.0,0.0051638938908996,000568
2012-03-21,43.84,44.1,42.7,43.03,4279620.0,185342048.0,1394225976.0,0.0030695311044757,000568
2012-03-22,43.07,43.75,42.87,43.46,3609354.0,156101104.0,1394225976.0,0.0025887869413788,000568
2012-03-23,43.31,43.75,42.87,42.9,5430086.0,234451088.0,1394225976.0,0.0038946957620017,000568
2012-03-26,42.64,44.0,42.58,43.9,4934159.0,215129952.0,1394225976.0,0.0035389951736202,000568
2012-03-27,43.3,44.2,40.02,41.06,14500859.0,615696576.0,1394225976.0,0.0104006518667817,000568
2012-03-28,40.78,41.1,39.7,39.8,7927898.0,320208544.0,1394225976.0,0.0056862360452822,000568
2012-03-29,39.6,41.04,39.58,39.99,6772051.0,274408288.0,1394225976.0,0.0048572118986255,000568
2012-03-30,40.06,40.4,38.76,39.09,5102636.0,200508496.0,1394225976.0,0.0036598342649154,000568
2012-04-05,38.95,41.77,38.63,41.14,6285823.0,254718336.0,1394225976.0,0.0045084678582978,000568
2012-04-06,41.0,43.09,40.8,42.91,6317716.0,266300208.0,1394225976.0,0.0045313429162504,000568
2012-04-09,42.64,42.88,41.9,42.7,2667950.0,112927608.0,1394225976.0,0.0019135707166023,000568
2012-04-10,42.7,42.77,40.8,41.85,4725551.0,196564032.0,1394225976.0,0.0033893723695763,000568
2012-04-11,41.79,43.0,41.33,41.6,4356428.0,183984608.0,1394225976.0,0.0031246211697321,000568
2012-04-12,41.67,42.7,41.58,42.51,2987780.0,126291824.0,1394225976.0,0.0021429668155888,000568
2012-04-13,42.7,42.8,41.97,42.01,3633999.0,153873376.0,1394225976.0,0.0026064634159419,000568
2012-04-16,41.91,42.57,41.8,42.0,2088827.0,88183384.0,1394225976.0,0.0014981983092818,000568
2012-04-17,41.82,42.2,40.6,40.7,5627967.0,231211008.0,1394225976.0,0.004036624691319,000568
2012-04-18,41.01,41.7,40.58,41.5,5200776.0,214502848.0,1394225976.0,0.003730224575876,000568
2012-04-19,41.49,41.65,40.61,41.01,3669544.0,150558368.0,1394225976.0,0.0026319578484169,000568
2012-04-20,41.5,42.0,40.65,41.88,8638138.0,355813024.0,1394225976.0,0.0061956513138441,000568
2012-04-23,41.93,43.16,41.83,41.98,6991901.0,296783680.0,1394225976.0,0.0050148979579763,000568
2012-04-24,42.17,42.55,41.41,42.46,5432839.0,228728048.0,1394225976.0,0.0038966703343074,000568
2012-04-25,42.46,43.05,42.31,42.55,3909378.0,166612384.0,1394225976.0,0.0028039773087687,000568
2012-04-26,42.68,43.08,42.47,42.95,4874004.0,208863136.0,1394225976.0,0.0034958493701167,000568
2012-04-27,43.17,44.25,42.95,43.73,11118628.0,487349408.0,1394225976.0,0.0079747674992393,000568
2012-05-02,44.2,44.7,43.4,44.1,10668203.0,470032224.0,1394225976.0,0.0076517029402986,000568
2012-05-03,44.08,44.91,43.86,44.7,9113437.0,405414112.0,1394225976.0,0.0065365565961883,000568
2012-05-04,44.8,45.8,44.78,45.8,10131230.0,457062112.0,1394225976.0,0.0072665623610501,000568
2012-05-07,46.0,46.63,45.7,46.06,14770214.0,682267392.0,1394225976.0,0.0105938450826855,000568
2012-05-08,46.17,46.17,44.7,45.3,9676732.0,437047840.0,1394225976.0,0.0069405764679283,000568
2012-05-09,44.87,45.05,44.01,44.37,6779979.0,301597056.0,1394225976.0,0.0048628982078296,000568
2012-05-10,44.32,44.5,43.8,43.9,6172675.0,271951712.0,1394225976.0,0.0044273131517096,000568
2012-05-11,43.87,44.61,43.85,44.41,8172910.0,361311232.0,1394225976.0,0.0058619693942641,000568
2012-05-14,44.68,44.68,43.23,43.3,7832044.0,341180352.0,1394225976.0,0.0056174853537515,000568
2012-05-15,42.83,43.55,42.8,43.3,5127557.0,221247824.0,1394225976.0,0.0036777086987798,000568
2012-05-16,43.28,43.35,42.51,42.62,5779834.0,247782800.0,1394225976.0,0.0041455503623467,000568
2012-05-17,42.52,43.05,41.99,42.75,8941238.0,379322048.0,1394225976.0,0.0064130479233016,000568
2012-05-18,42.35,42.35,41.52,41.84,8780037.0,368120768.0,1394225976.0,0.0062974274982235,000568
2012-05-21,41.79,43.15,41.3,42.78,8739804.0,370567552.0,1394225976.0,0.0062685706266026,000568
2012-05-22,42.95,43.66,42.86,43.59,9437857.0,409466048.0,1394225976.0,0.0067692448444239,000568
2012-05-23,43.37,43.84,43.0,43.48,10247854.0,444514144.0,1394225976.0,0.007350210207244,000568
2012-05-24,43.35,43.35,40.0,40.62,31716060.0,1307821184.0,1394225976.0,0.0227481488266289,000568
2012-05-25,40.2,40.2,38.73,39.63,17036032.0,669925696.0,1394225976.0,0.0122189890973599,000568
2012-05-28,39.1,40.4,38.5,40.32,11549547.0,458183200.0,1394225976.0,0.0082838414997369,000568
2012-05-29,40.09,40.32,39.2,40.0,10239773.0,407988096.0,1394225976.0,0.0073444141597315,000568
2012-05-30,40.0,40.4,39.04,39.35,9356715.0,372356384.0,1394225976.0,0.0067110462443428,000568
2012-05-31,39.11,39.85,38.6,39.55,10620097.0,416299616.0,1394225976.0,0.007617199207885,000568
2012-06-01,39.7,41.25,39.7,40.45,17564964.0,711159360.0,1394225976.0,0.0125983623188498,000568
2012-06-04,39.88,40.34,39.42,39.45,6178226.0,246414160.0,1394225976.0,0.0044312945722939,000568
2012-06-05,39.4,40.06,39.25,39.65,5270719.0,209085232.0,1394225976.0,0.0037803907621356,000568
2012-06-06,39.7,39.75,38.9,39.04,5683094.0,222317600.0,1394225976.0,0.0040761641927692,000568
2012-06-07,39.21,40.15,39.21,39.65,7144761.0,283980640.0,1394225976.0,0.0051245358521422,000568
2012-06-08,39.85,40.1,39.1,39.7,5985816.0,237327872.0,1394225976.0,0.0042932896840533,000568
2012-06-11,39.71,39.95,39.41,39.81,4131713.0,164129920.0,1394225976.0,0.0029634457190747,000568
2012-06-12,39.82,40.3,39.61,39.76,6999552.0,279179424.0,1394225976.0,0.0050203855906354,000568
2012-06-13,39.88,40.95,39.5,40.79,9491201.0,382581792.0,1394225976.0,0.0068075055000983,000568
2012-06-14,40.85,42.2,40.68,41.34,11050284.0,461418528.0,1394225976.0,0.007925748185888,000568
2012-06-15,41.42,41.8,40.53,41.05,5494932.0,225751392.0,1394225976.0,0.0039412061563827,000568
2012-06-18,41.18,42.15,41.1,42.0,7057072.0,294411936.0,1394225976.0,0.005061641456607,000568
2012-06-19,41.98,42.33,41.5,41.6,4782294.0,200236432.0,1394225976.0,0.0034300709370802,000568
2012-06-20,41.6,41.8,41.08,41.3,2949978.0,122301488.0,1394225976.0,0.0021158535637554,000568
2012-06-21,41.2,41.2,40.4,40.51,4346978.0,176686752.0,1394225976.0,0.0031178432153956,000568
2012-06-25,40.48,41.39,40.11,40.6,5308254.0,217139920.0,1394225976.0,0.0038073125098624,000568
2012-06-26,40.01,40.47,39.9,40.37,4813621.0,193200512.0,1394225976.0,0.0034525400350165,000568
2012-06-28,40.65,41.55,40.5,41.15,8473170.0,348534016.0,1394225976.0,0.0060773290312014,000568
2012-06-29,40.87,42.49,40.8,42.31,8855634.0,371358432.0,1394225976.0,0.0063516489811835,000568
2012-07-02,42.55,43.88,41.96,42.8,15574411.0,672274944.0,1396931976.0000002,0.0111490117397097,000568
2012-07-03,42.7,43.76,42.5,43.39,8978519.0,389054464.0,1396931976.0000002,0.0064273129645934,000568
2012-07-04,43.46,43.73,42.71,43.19,5847721.0,252284688.0,1396931976.0000002,0.0041861172200699,000568
2012-07-05,42.88,43.19,42.0,42.4,4649800.0,197574320.0,1396931976.0000002,0.0033285801169175,000568
2012-07-06,42.8,45.2,42.65,44.98,22855920.0,1007163520.0,1396931976.0000002,0.0163615125093249,000568
2012-07-09,44.61,45.85,44.5,45.0,16630785.0,753785280.0,1396931976.0000002,0.0119052217901267,000568
2012-07-10,44.71,45.3,43.4,43.58,10460528.0,463540288.0,1396931976.0000002,0.0074882157325604,000568
2012-07-11,43.57,45.38,42.8,45.21,11877947.0,524069024.0,1396931976.0000002,0.008502881460278,000568
2012-07-12,45.37,47.5,44.84,45.91,21709374.0,999841792.0,1396931976.0000002,0.0155407524295943,000568
2012-07-13,44.45,44.85,43.48,44.35,13167926.0,581465600.0,1396931976.0000002,0.0094263186942754,000568
2012-07-16,44.4,44.56,42.88,43.05,11049819.0,482175584.0,1396931976.0000002,0.0079100623293342,000568
2012-07-17,42.88,42.95,41.49,41.98,10007381.0,420450912.0,1396931976.0000002,0.0071638284268181,000568
2012-07-18,41.9,42.64,40.95,41.63,8098588.0,335800672.0,1396931976.0000002,0.0057974104245144,000568
2012-07-19,41.5,42.05,41.3,41.84,5672676.0,236863504.0,1396931976.0000002,0.0040608104742818,000568
2012-07-20,41.66,42.31,41.53,41.6,4814251.0,201903360.0,1396931976.0000002,0.0034463031004453,000568
2012-07-23,41.25,41.28,39.95,40.7,7722747.0,312862432.0,1396931976.0000002,0.0055283629644683,000568
2012-07-24,40.31,41.91,40.2,41.48,5502305.0,226097024.0,1396931976.0000002,0.0039388496322887,000568
2012-07-25,41.46,41.88,40.6,40.69,3891043.0,160407808.0,1396931976.0000002,0.0027854205264465,000568
2012-07-26,40.69,41.5,40.48,40.68,5118318.0,209815632.0,1396931976.0000002,0.0036639708217259,000568
2012-07-27,40.68,40.99,39.63,40.1,5641230.0,226583312.0,1396931976.0000002,0.0040382997146025,000568
2012-07-30,39.92,40.4,39.8,39.98,4285830.0,171456896.0,1396931976.0000002,0.0030680305652907,000568
2012-07-31,39.98,40.46,39.8,39.8,4636141.0,186312496.0,1396931976.0000002,0.003318802260705,000568
2012-08-01,39.8,40.43,39.61,40.18,4574034.0,183060896.0,1396931976.0000002,0.0032743426871059,000568
2012-08-02,40.14,40.38,39.0,39.32,5949661.0,235393440.0,1396931976.0000002,0.0042590914247924,000568
2012-08-03,39.42,39.98,39.06,39.94,5495574.0,217394352.0,1396931976.0000002,0.0039340312158478,000568
2012-08-06,39.7,40.78,39.52,40.6,6469939.0,260159248.0,1396931976.0000002,0.0046315347569937,000568
2012-08-07,40.55,41.18,40.4,40.77,5754794.0,234501296.0,1396931976.0000002,0.0041195950116901,000568
2012-08-08,40.77,40.97,40.08,40.19,6241280.0,252260576.0,1396931976.0000002,0.0044678481896243,000568
2012-08-09,40.6,42.34,40.5,42.29,19187600.0,799221312.0,1396931976.0000002,0.0137355292381108,000568
2012-08-10,42.1,42.16,41.48,41.95,11198776.0,468436704.0,1396931976.0000002,0.008016693863696,000568
2012-08-13,42.14,42.14,40.98,41.25,8510368.0,353918752.0,1396931976.0000002,0.0060921849783757,000568
2012-08-14,41.13,42.1,40.56,42.0,7327985.0,302497888.0,1396931976.0000002,0.0052457708219859,000568
2012-08-15,41.88,41.9,41.05,41.38,4839160.0,200795216.0,1396931976.0000002,0.0034641343194509,000568
2012-08-16,41.35,41.59,40.72,40.91,4928634.0,202815024.0,1396931976.0000002,0.0035281846823441,000568
2012-08-17,40.8,40.89,38.7,39.09,14774504.0,578925120.0,1396931976.0000002,0.0105763947377778,000568
2012-08-20,38.92,39.44,38.35,39.32,6346216.0,247692880.0,1396931976.0000002,0.0045429670943404,000568
2012-08-21,39.28,40.2,39.0,39.6,6100815.0,242892864.0,1396931976.0000002,0.0043672956914259,000568
2012-08-22,39.62,39.62,38.7,38.9,5856980.0,228477168.0,1396931976.0000002,0.0041927453166123,000568
2012-08-23,38.89,39.1,38.0,38.32,5699832.0,218778384.0,1396931976.0000002,0.0040802502182826,000568
2012-08-24,38.3,38.65,38.0,38.55,4802120.0,184552496.0,1396931976.0000002,0.0034376190698637,000568
2012-08-27,38.6,38.81,38.15,38.21,4494417.0,172692352.0,1396931976.0000002,0.0032173485017283,000568
2012-08-28,38.25,38.47,37.38,37.45,7027804.0,265137840.0,1396931976.0000002,0.0050308849111776,000568
2012-08-29,37.45,37.45,36.51,36.53,6623172.0,243757408.0,1396931976.0000002,0.0047412272850714,000568
2012-08-30,36.5,36.84,34.81,35.5,8413984.0,300320160.0,1396931976.0000002,0.0060231880610913,000568
2012-08-31,35.52,36.0,35.5,35.77,3171803.0,113605528.0,1396931976.0000002,0.0022705493570862,000568
2012-09-03,36.08,37.3,36.07,37.17,9794686.0,361810656.0,1396931976.0000002,0.0070115697602157,000568
2012-09-04,37.48,37.56,36.46,36.49,4715389.0,174112432.0,1396931976.0000002,0.003375532295783,000568
2012-09-05,36.5,36.65,35.54,35.8,6142051.0,220072160.0,1396931976.0000002,0.0043968146663714,000568
2012-09-06,35.69,36.19,35.36,35.8,4056113.0,144663472.0,1396931976.0000002,0.0029035866238915,000568
2012-09-07,36.12,37.98,36.12,37.56,13107965.0,488171360.0,1396931976.0000002,0.00938339534437,000568
2012-09-10,37.66,38.07,37.15,37.45,7424125.0,278568992.0,1396931976.0000002,0.0053145930707795,000568
2012-09-11,37.31,37.7,37.06,37.7,5504576.0,205725696.0,1396931976.0000002,0.0039404753377912,000568
2012-09-12,38.0,38.42,37.4,37.86,5848885.0,222117408.0,1396931976.0000002,0.0041869504746736,000568
2012-09-13,37.86,38.15,37.7,37.78,4429802.0,168141104.0,1396931976.0000002,0.0031710935651171,000568
2012-09-14,37.94,38.42,37.54,38.05,7693885.0,293127360.0,1396931976.0000002,0.0055077019727408,000568
2012-09-17,38.07,38.42,37.28,37.3,5407238.0,204513840.0,1396931976.0000002,0.003870795495342,000568
2012-09-18,37.06,37.17,36.3,36.49,4430841.0,162394416.0,1396931976.0000002,0.003171837337912,000568
2012-09-19,36.49,36.75,35.54,36.06,6645598.0,238499168.0,1396931976.0000002,0.0047572810374268,000568
2012-09-20,35.82,36.04,35.53,35.6,3827820.0,137174288.0,1396931976.0000002,0.0027401620592583,000568
2012-09-21,35.5,36.16,35.4,35.95,3589857.0,128919336.0,1396931976.0000002,0.0025698151818954,000568
2012-09-24,35.52,36.97,35.51,36.59,5463869.0,199379680.0,1396931976.0000002,0.0039113350498607,000568
2012-09-25,36.61,37.44,36.36,37.34,6211238.0,231005584.0,1396931976.0000002,0.0044463424896216,000568
2012-09-26,37.35,37.7,36.6,36.7,5104255.0,189985504.0,1396931976.0000002,0.0036539037603073,000568
2012-09-27,36.77,37.6,36.72,37.5,5746310.0,214563920.0,1396931976.0000002,0.0041135217023624,000568
2012-09-28,37.2,38.66,37.15,38.5,9813763.0,375180416.0,1396931976.0000002,0.0070252261159493,000568
2012-10-08,38.46,38.7,37.75,38.08,3934951.0,149754640.0,1396931976.0000002,0.0028168522645371,000568
2012-10-09,38.54,38.75,38.09,38.59,5197936.0,200174944.0,1396931976.0000002,0.003720965722958,000568
2012-10-10,38.65,39.1,38.46,38.88,6036995.0,234675520.0,1396931976.0000002,0.0043216098591188,000568
2012-10-11,38.8,39.41,38.54,38.54,6222742.0,242953504.0,1396931976.0000002,0.0044545776794502,000568
2012-10-12,38.69,39.17,38.0,38.36,3674820.0,141511888.0,1396931976.0000002,0.0026306363252722,000568
2012-10-15,38.6,39.6,38.6,39.5,6890510.0,269383008.0,1396931976.0000002,0.0049326023875052,000568
2012-10-16,39.7,41.11,39.5,40.1,9533601.0,383870048.0,1396931976.0000002,0.0068246708957859,000568
2012-10-17,40.21,40.7,40.03,40.18,4689960.0,189181968.0,1396931976.0000002,0.0033573288324527,000568
2012-10-18,40.37,41.08,40.1,40.43,6067168.0,245899024.0,1396931976.0000002,0.0043432093360571,000568
2012-10-19,41.1,41.21,40.04,40.13,10155629.0,412916384.0,1396931976.0000002,0.0072699524203603,000568
2012-10-22,40.1,40.39,39.34,40.19,7336588.0,292097152.0,1396931976.0000002,0.0052519293179956,000568
2012-10-23,40.16,40.19,38.96,39.04,7898306.0,311829568.0,1396931976.0000002,0.0056540376594543,000568
2012-10-24,39.1,39.44,38.86,38.96,4253182.0,166390320.0,1396931976.0000002,0.0030446593485379,000568
2012-10-25,39.02,39.44,38.69,38.89,4227825.0,165114016.0,1396931976.0000002,0.0030265074267295,000568
2012-10-26,39.0,39.2,38.2,38.59,4875566.0,188521584.0,1396931976.0000002,0.0034901957173038,000568
2012-10-29,38.41,38.87,38.21,38.87,3600080.0,138845232.0,1396931976.0000002,0.0025771333621473,000568
2012-10-30,38.97,39.4,38.65,39.03,4583073.0,178936608.0,1396931976.0000002,0.0032808132956647,000568
2012-10-31,38.97,39.1,38.57,39.03,2919158.0,113588840.0,1396931976.0000002,0.0020896923043874,000568
2012-11-01,39.06,39.94,39.0,39.83,6238832.0,246848464.0,1396931976.0000002,0.0044660957778805,000568
2012-11-02,39.8,40.13,39.58,39.82,3743367.0,149062032.0,1396931976.0000002,0.0026797060016614,000568
2012-11-05,39.88,39.88,38.78,38.88,4090969.0,160052000.0,1396931976.0000002,0.0029285384473152,000568
2012-11-06,38.74,38.87,37.26,37.96,8819118.0,333481856.0,1396931976.0000002,0.0063132050461417,000568
2012-11-07,37.96,38.15,37.58,37.7,3436135.0,129923176.0,1396931976.0000002,0.0024597726009816,000568
2012-11-08,37.49,37.7,37.02,37.3,3736560.0,139756448.0,1396931976.0000002,0.0026748331802807,000568
2012-11-09,37.12,37.5,37.1,37.18,3135704.0,116822640.0,1396931976.0000002,0.0022447077265557,000568
2012-11-12,37.18,37.44,36.35,36.4,6744206.0,247462144.0,1396931976.0000002,0.0048278700150536,000568
2012-11-13,36.45,36.55,35.69,35.8,5866387.0,210694160.0,1396931976.0000002,0.0041994793596162,000568
2012-11-14,35.8,36.55,35.65,36.52,7787587.0,280264896.0,1396931976.0000002,0.0055747789683353,000568
2012-11-15,36.3,36.45,35.78,36.07,2796312.0,100985616.0,1396931976.0000002,0.0020017524461047,000568
2012-11-16,36.12,36.12,34.73,35.26,9902985.0,347937088.0,1396931976.0000002,0.007089096083516,000568
2012-11-19,35.1,35.1,31.99,33.1,19252528.0,640134464.0,1396931976.0000002,0.0137820082371713,000568
2012-11-20,32.7,33.43,32.52,32.95,9271810.0,305821120.0,1396931976.0000002,0.0066372666381,000568
2012-11-21,33.0,33.48,32.05,33.13,8206900.0,268855200.0,1396931976.0000002,0.0058749460539229,000568
2012-11-22,32.0,32.66,31.41,32.18,8997782.0,288853696.0,1396931976.0000002,0.0064411024692586,000568
2012-11-23,32.25,33.34,32.25,33.3,8050501.0,265431568.0,1396931976.0000002,0.0057629871305916,000568
2012-11-26,33.28,33.28,32.52,33.03,4475196.0,147433632.0,1396931976.0000002,0.0032035890629509,000568
2012-11-27,33.0,33.39,32.7,32.96,4908645.0,162549088.0,1396931976.0000002,0.0035138754673334,000568
2012-11-28,32.9,33.33,32.8,33.1,5537171.0,183530192.0,1396931976.0000002,0.0039638086142571,000568
2012-11-29,33.1,34.15,33.1,33.7,5981062.0,201962192.0,1396931976.0000002,0.0042815699710205,000568
2012-11-30,33.74,34.09,33.2,33.49,4465105.0,149280256.0,1396931976.0000002,0.0031963653754891,000568
2012-12-03,33.34,33.34,30.5,30.98,11627728.0,369466368.0,1396931976.0000002,0.0083237610705247,000568
2012-12-04,30.67,32.0,29.8,31.11,11875265.0,363321984.0,1396931976.0000002,0.0085009615385881,000568
2012-12-05,31.0,31.95,30.25,31.35,17269952.0,538354176.0,1396931976.0000002,0.0123627723444709,000568
2012-12-06,31.24,31.5,29.87,30.79,16760470.0,511354816.0,1396931976.0000002,0.0119980573771331,000568
2012-12-07,31.03,31.55,30.9,31.39,12111728.0,378757152.0,1396931976.0000002,0.0086702346342453,000568
2012-12-10,31.25,32.0,30.28,31.7,17025672.0,526210272.0,1396931976.0000002,0.0121879034144179,000568
2012-12-11,31.5,32.5,31.39,31.9,12220545.0,391873504.0,1396931976.0000002,0.0087481317701614,000568
2012-12-12,32.21,32.28,31.51,32.05,7152648.0,227756240.0,1396931976.0000002,0.0051202550466924,000568
2012-12-13,31.78,32.15,31.36,31.41,7870943.0,250025856.0,1396931976.0000002,0.0056344497335781,000568
2012-12-14,31.15,32.18,30.25,32.0,25297606.0,789877184.0,1396931976.0000002,0.0181094043479752,000568
2012-12-17,31.91,33.85,31.6,33.1,24309280.0,794070272.0,1396931976.0000002,0.0174019067625666,000568
2012-12-18,33.0,34.15,32.81,33.99,19537148.0,657833664.0,1396931976.0000002,0.0139857547365642,000568
2012-12-19,33.9,34.88,33.68,34.36,12744394.0,438972192.0,1396931976.0000002,0.0091231314186768,000568
2012-12-20,34.28,34.48,33.68,34.16,8326798.0,283446432.0,1396931976.0000002,0.0059607755732266,000568
2012-12-21,34.05,34.45,33.7,34.01,7121415.0,242315600.0,1396931976.0000002,0.0050978967640153,000568
2012-12-24,33.8,33.88,32.48,32.83,14670325.0,483389152.0,1396931976.0000002,0.0105018177348959,000568
2012-12-25,32.69,33.58,32.48,33.23,14655867.0,486033792.0,1396931976.0000002,0.0104914679109614,000568
2012-12-26,33.28,34.0,33.12,33.76,13397370.0,449092128.0,1396931976.0000002,0.0095905672074042,000568
2012-12-27,33.91,34.92,33.63,34.39,14591605.0,501297952.0,1396931976.0000002,0.0104454656709783,000568
2012-12-28,34.32,35.38,34.26,34.89,14727014.0,516527904.0,1396931976.0000002,0.0105423988089739,000568
2012-12-31,34.7,35.6,34.0,35.4,17602896.0,609260160.0,1396931976.0000002,0.0126011117952961,000568
2013-01-04,35.5,35.7,34.71,35.23,11122177.0,391719776.0,1396931976.0000002,0.0079618601271104,000568
2013-01-07,35.17,35.17,34.46,34.65,7991930.0,277407776.0,1396931976.0000002,0.0057210588184001,000568
2013-01-08,34.51,36.25,34.5,35.75,13559350.0,480953472.0,1396931976.0000002,0.0097065213145353,000568
2013-01-09,35.75,37.26,35.7,37.15,17089656.0,629664000.0,1396931976.0000002,0.0122337066468582,000568
2013-01-10,37.2,37.58,36.83,37.08,8858492.0,328955360.0,1396931976.0000002,0.0063413911000631,000568
2013-01-11,37.08,37.25,36.19,36.41,8279529.0,302817056.0,1396931976.0000002,0.0059269378482606,000568
2013-01-14,35.89,36.44,34.85,36.34,24039834.0,855051456.0,1396931976.0000002,0.017209022638909,000568
2013-01-15,36.15,36.58,35.57,35.98,19011212.0,684167040.0,1396931976.0000002,0.0136092610997688,000568
2013-01-16,35.51,35.65,34.92,35.28,13254795.0,467806304.0,1396931976.0000002,0.0094885042562731,000568
2013-01-17,35.2,35.83,35.0,35.32,8472697.0,300599392.0,1396931976.0000002,0.0060652180246176,000568
2013-01-18,35.3,35.47,34.02,34.58,17658372.0,608628608.0,1396931976.0000002,0.0126408245379014,000568
2013-01-21,34.45,34.5,33.4,33.43,19957200.0,674755264.0,1396931976.0000002,0.0142864508386054,000568
2013-01-22,33.28,33.29,32.0,32.78,24203296.0,784529088.0,1396931976.0000002,0.0173260376423654,000568
2013-01-23,32.47,33.29,32.23,33.25,17985244.0,590841600.0,1396931976.0000002,0.0128748173203818,000568
2013-01-24,33.18,33.45,32.6,32.77,13580587.0,448346048.0,1396931976.0000002,0.0097217239159253,000568
2013-01-25,32.5,32.51,31.6,31.66,12420065.0,395697664.0,1396931976.0000002,0.008890959054115,000568
2013-01-28,31.5,31.51,30.0,30.11,33226470.0,1010119296.0,1396931976.0000002,0.023785317088339,000568
2013-01-29,29.9,30.48,29.49,30.46,27018300.0,812424064.0,1396931976.0000002,0.0193411708402328,000568
2013-01-30,30.44,31.28,30.21,30.95,19127304.0,590922496.0,1396931976.0000002,0.0136923660769577,000568
2013-01-31,31.0,31.09,30.33,30.66,9148954.0,280216192.0,1396931976.0000002,0.0065493196212726,000568
2013-02-01,30.5,31.16,30.45,30.69,9900934.0,304793184.0,1396931976.0000002,0.0070876278659971,000568
2013-02-04,30.8,31.0,29.86,30.12,13897206.0,418492544.0,1396931976.0000002,0.0099483770425196,000568
2013-02-05,30.1,32.32,30.0,32.31,25679552.0,805857856.0,1396931976.0000002,0.0183828220995637,000568
2013-02-06,32.33,32.75,31.67,31.78,16568892.0,529549920.0,1396931976.0000002,0.0118609154093842,000568
2013-02-07,31.7,32.11,31.12,31.7,12134073.0,384362880.0,1397262726.0,0.0086841742602958,000568
2013-02-08,31.63,32.08,31.56,31.77,9298908.0,296274912.0,1397262726.0,0.0066550891446309,000568
2013-02-18,31.89,31.98,30.73,30.74,13839609.0,428845056.0,1397262726.0,0.0099048008241221,000568
2013-02-19,30.6,31.13,30.26,30.76,10159353.0,312714080.0,1397262726.0,0.0072708967404316,000568
2013-02-20,30.94,31.06,30.46,30.96,8899899.0,274514848.0,1397262726.0,0.0063695243810575,000568
2013-02-21,30.68,32.36,30.46,31.64,23097660.0,733934592.0,1397262726.0,0.0165306492259495,000568
2013-02-22,31.84,33.6,31.75,33.18,31535732.0,1038675968.0,1397262726.0,0.0225696509419374,000568
2013-02-25,33.13,33.13,32.4,32.43,14148185.0,463374112.0,1397262726.0,0.0101256440444114,000568
2013-02-26,32.2,33.11,31.53,31.62,15619225.0,503295360.0,1397262726.0,0.0111784453341239,000568
2013-02-27,31.62,31.9,31.38,31.8,7522419.0,237921296.0,1397262726.0,0.0053836825816822,000568
2013-02-28,31.85,31.93,31.02,31.75,10303348.0,323860864.0,1397262726.0,0.0073739518046801,000568
2013-03-01,31.54,32.16,31.51,31.87,8997392.0,287075840.0,1397262726.0,0.0064392986605727,000568
2013-03-04,31.8,32.4,30.8,30.99,12208836.0,385176544.0,1397262726.0,0.0087376810193389,000568
2013-03-05,30.99,31.6,30.89,31.14,9972364.0,310643808.0,1397262726.0,0.0071370715144948,000568
2013-03-06,31.3,31.83,30.52,31.79,17718244.0,550870528.0,1397262726.0,0.0126806817861109,000568
2013-03-07,31.8,32.99,31.58,32.0,22513988.0,728811968.0,1397262726.0,0.0161129239197925,000568
2013-03-08,32.09,32.34,31.6,31.67,10761126.0,343807968.0,1397262726.0,0.0077015766611096,000568
2013-03-11,31.68,31.88,30.81,31.17,7701284.0,239791376.0,1397262726.0,0.0055116935825281,000568
2013-03-12,31.2,31.48,30.56,30.8,7627412.0,236005376.0,1397262726.0,0.0054588244988365,000568
2013-03-13,30.8,31.11,30.62,30.74,5391774.0,166228672.0,1397262726.0,0.0038588118752979,000568
2013-03-14,30.78,30.87,30.24,30.28,9256323.0,282208800.0,1397262726.0,0.0066246116981152,000568
2013-03-15,30.25,30.25,29.3,29.35,14192240.0,420919552.0,1397262726.0,0.0101571735479044,000568
2013-03-18,29.1,29.49,27.48,27.59,19769240.0,554878784.0,1397262726.0,0.0141485488964514,000568
2013-03-19,27.5,27.59,26.7,27.26,16423628.0,445620736.0,1397262726.0,0.0117541445101141,000568
2013-03-20,27.23,28.2,27.1,27.92,12852864.0,355753760.0,1397262726.0,0.0091986022104764,000568
2013-03-21,27.8,28.27,27.44,27.95,11163413.0,311196320.0,1397262726.0,0.0079894874401737,000568
2013-03-22,27.9,28.3,27.71,27.98,8811280.0,247437008.0,1397262726.0,0.0063061010903972,000568
2013-03-25,28.01,28.15,27.34,27.69,9488658.0,262504352.0,1397262726.0,0.0067908903769039,000568
2013-03-26,27.58,27.8,27.37,27.39,9648650.0,265483792.0,1397262726.0,0.0069053942543945,000568
2013-03-27,27.43,27.51,26.12,26.2,21493692.0,573015680.0,1397262726.0,0.0153827133580889,000568
2013-03-28,25.8,26.1,25.12,25.7,16085376.0,410992832.0,1397262726.0,0.0115120626212138,000568
2013-03-29,25.89,25.95,25.15,25.5,10440121.0,267070128.0,1397262726.0,0.0074718381917245,000568
2013-04-01,25.22,25.26,24.77,24.92,14216259.0,355425792.0,1397262726.0,0.0101743635863653,000568
2013-04-02,25.01,25.58,25.01,25.5,16994682.0,430974272.0,1397262726.0,0.0121628393027067,000568
2013-04-03,25.59,25.92,25.35,25.88,11226142.0,288755392.0,1397262726.0,0.0080343816457034,000568
2013-04-08,25.47,26.33,25.22,26.04,9935808.0,256555456.0,1397262726.0,0.0071109089329561,000568
2013-04-09,25.99,26.2,25.56,25.68,8227239.0,212416496.0,1397262726.0,0.0058881116964684,000568
2013-04-10,25.74,26.95,25.44,26.73,17290740.0,457878624.0,1397262726.0,0.0123747235779336,000568
2013-04-11,26.64,26.8,26.26,26.29,10870711.0,288396384.0,1397262726.0,0.0077800050038692,000568
2013-04-12,26.28,26.9,26.1,26.32,9146234.0,242927024.0,1397262726.0,0.0065458226501062,000568
2013-04-15,26.16,26.3,25.45,25.58,6987580.0,179580368.0,1397262726.0,0.0050009063220369,000568
2013-04-16,25.0,25.43,24.83,25.21,7343327.0,184440880.0,1397262726.0,0.005255509120337,000568
2013-04-17,25.2,25.91,25.13,25.8,8945507.0,229720384.0,1397262726.0,0.0064021653433843,000568
2013-04-18,25.62,26.0,25.41,25.72,5268726.0,135810864.0,1397262726.0,0.0037707482651333,000568
2013-04-19,25.7,26.18,25.66,26.05,9131033.0,237346208.0,1397262726.0,0.006534943522139,000568
2013-04-22,25.96,26.04,25.13,25.3,10956276.0,278626816.0,1397262726.0,0.0078412425924829,000568
2013-04-23,25.39,25.75,25.09,25.18,7864856.0,199703040.0,1397262726.0,0.0056287596123851,000568
2013-04-24,25.21,25.35,24.36,24.97,13845294.0,343240480.0,1397262726.0,0.0099088694934527,000568
2013-04-25,24.7,25.05,24.6,24.7,6298929.0,156166144.0,1397262726.0,0.0045080491183159,000568
2013-04-26,24.82,25.0,24.4,24.43,5857758.0,144556016.0,1397262726.0,0.0041923096429897,000568
2013-05-02,24.37,24.37,23.66,23.77,8095711.0,192948752.0,1397262726.0,0.0057939790773464,000568
2013-05-03,23.81,24.15,23.77,23.92,7892493.0,189062448.0,1397262726.0,0.0056485389992432,000568
2013-05-06,23.98,24.58,23.92,24.58,9447061.0,228705616.0,1397262726.0,0.0067611200271866,000568
2013-05-07,24.56,25.63,24.48,25.57,16367496.0,411844896.0,1397262726.0,0.0117139716786519,000568
2013-05-08,25.5,25.63,25.31,25.43,7480488.0,190323472.0,1397262726.0,0.0053536731931686,000568
2013-05-09,25.48,26.32,25.45,25.88,10923821.0,284075520.0,1397262726.0,0.0078180150352053,000568
2013-05-10,25.8,26.24,25.8,26.16,8186080.0,213678896.0,1397262726.0,0.0058586548167892,000568
2013-05-13,26.16,26.83,26.01,26.35,9240816.0,244644896.0,1397262726.0,0.0066135135705323,000568
2013-05-14,26.33,26.33,25.48,25.62,7475831.0,192135072.0,1397262726.0,0.0053503402480372,000568
2013-05-15,25.67,26.11,25.63,25.79,4033497.0,104179768.0,1397262726.0,0.0028867133753341,000568
2013-05-16,25.79,25.97,25.41,25.8,8045191.0,207102272.0,1397262726.0,0.0057578226702084,000568
2013-05-17,25.8,26.25,25.71,26.2,10417560.0,271640096.0,1397262726.0,0.0074556916220206,000568
2013-05-20,26.18,26.47,26.18,26.3,8739480.0,230125808.0,1397262726.0,0.0062547149060641,000568
2013-05-21,26.32,26.8,26.02,26.78,9756049.0,257648384.0,1397262726.0,0.0069822581097035,000568
2013-05-22,26.72,27.39,26.68,27.2,13476655.0,365287072.0,1397262726.0,0.0096450400838932,000568
2013-05-23,27.09,27.61,26.88,27.0,11730353.0,319941504.0,1397262726.0,0.0083952379046,000568
2013-05-24,27.0,27.27,26.62,27.07,9786375.0,263563488.0,1397262726.0,0.0070039619735766,000568
2013-05-27,27.03,27.08,26.75,26.86,6581545.0,176835824.0,1397262726.0,0.0047103131555231,000568
2013-05-28,26.87,27.33,26.71,27.27,6965706.0,188449872.0,1397262726.0,0.0049852514279408,000568
2013-05-29,27.29,27.75,27.2,27.26,8482147.0,233293088.0,1397262726.0,0.0060705455331812,000568
2013-05-30,27.2,27.23,26.8,26.89,7165427.0,192983856.0,1397262726.0,0.005128188755534,000568
2013-05-31,26.86,27.01,26.43,26.46,7294998.0,194934928.0,1397262726.0,0.0052209207790747,000568
2013-06-03,26.46,26.66,26.26,26.34,8807544.0,232957472.0,1397262726.0,0.0063034272911678,000568
2013-06-04,26.32,26.45,25.82,25.88,6711071.0,175340176.0,1397262726.0,0.004803012973238,000568
2013-06-05,25.88,26.13,25.52,26.08,7695624.0,198432176.0,1397262726.0,0.005507642805323,000568
2013-06-06,26.07,26.3,25.52,25.57,7403857.0,191467920.0,1397262726.0,0.0052988295345108,000568
2013-06-07,25.65,25.77,24.98,25.05,8170256.0,206488160.0,1397262726.0,0.0058473298170554,000568
2013-06-13,24.94,24.94,24.3,24.87,7636383.0,188831504.0,1397262726.0,0.0054652449091381,000568
2013-06-14,24.87,25.07,24.78,24.94,6371876.0,158779040.0,1397262726.0,0.0045602561933653,000568
2013-06-17,25.0,25.0,24.15,24.48,8287050.0,202492752.0,1397262726.0,0.0059309175331139,000568
2013-06-18,24.48,24.69,24.0,24.67,8039025.0,195414144.0,1397262726.0,0.0057534097563839,000568
2013-06-19,24.47,25.43,24.2,25.37,9147225.0,227113456.0,1397262726.0,0.0065465318939596,000568
2013-06-20,25.2,25.59,24.82,24.92,6561169.0,165209680.0,1397262726.0,0.0046957303575848,000568
2013-06-21,24.5,25.29,24.42,24.76,5588824.0,139105056.0,1397262726.0,0.0039998376082065,000568
2013-06-24,24.77,25.17,23.66,24.04,9566839.0,233380816.0,1397262726.0,0.0068468433473405,000568
2013-06-25,23.96,24.22,22.3,23.7,11645873.0,271610944.0,1397262726.0,0.0083347768342315,000568
2013-06-26,23.7,23.76,23.12,23.7,8062382.0,189335280.0,1397262726.0,0.0057701260113625,000568
2013-06-27,23.76,23.99,23.55,23.62,9179588.0,218255424.0,1397262726.0,0.0065696936082155,000568
2013-06-28,23.28,24.15,23.26,23.78,7248827.0,172498320.0,1397262726.0,0.0051878768860824,000568
2013-07-01,23.74,23.92,23.25,23.57,6491543.0,152592896.0,1400192976.0,0.0046361773778816,000568
2013-07-02,23.6,24.36,23.45,24.2,11317971.0,271415200.0,1400192976.0,0.0080831508184911,000568
2013-07-03,23.95,24.16,23.55,23.83,6550085.0,156190176.0,1400192976.0,0.0046779873290837,000568
2013-07-04,23.6,24.17,23.47,23.96,7181182.0,171673232.0,1400192976.0,0.0051287087730684,000568
2013-07-05,23.93,24.28,23.88,23.9,6330646.0,152374416.0,1400192976.0,0.0045212667885858,000568
2013-07-08,23.66,23.89,23.31,23.6,6520523.0,154093520.0,1400192976.0,0.0046568745249869,000568
2013-07-09,23.6,23.82,23.5,23.6,3173157.0,75030264.0,1400192976.0,0.0022662283373716,000568
2013-07-10,23.6,23.96,23.43,23.88,8348534.0,197742672.0,1400192976.0,0.005962416711909,000568
2013-07-11,23.95,25.14,23.7,24.67,17195352.0,422194976.0,1400192976.0,0.0122807015138176,000568
2013-07-12,24.64,24.73,24.25,24.39,9427482.0,230508208.0,1400192976.0,0.0067329876392695,000568
2013-07-15,24.36,24.47,23.93,24.4,8533732.0,206652304.0,1400192976.0,0.0060946827660703,000568
2013-07-16,24.33,24.88,23.89,24.6,11467449.0,280390592.0,1400192976.0,0.0081899061033427,000568
2013-07-17,24.44,24.6,24.03,24.07,6617928.0,160667856.0,1400192976.0,0.0047264399360906,000568
2013-07-18,24.02,24.1,23.6,23.64,6359432.0,151184704.0,1400192976.0,0.0045418253833605,000568
2013-07-19,23.68,23.68,22.9,22.94,11458394.0,265256464.0,1400192976.0,0.0081834391376064,000568
2013-07-22,22.8,23.08,22.53,22.92,4155803.0,94841680.0,1400192976.0,0.002968021602188,000568
2013-07-23,22.98,23.45,22.9,23.35,5451650.0,126683944.0,1400192976.0,0.0038934990343788,000568
2013-07-24,23.66,23.94,23.33,23.49,10039283.0,237048736.0,1400192976.0,0.0071699281256785,000568
2013-07-25,23.5,24.46,23.3,24.21,13360254.0,321091456.0,1400192976.0,0.0095417233402833,000568
2013-07-26,24.08,24.66,23.91,24.33,8876140.0,215688272.0,1400192976.0,0.0063392262010604,000568
2013-07-29,24.25,24.41,23.82,24.04,6439394.0,155119168.0,1400192976.0,0.0045989332259012,000568
2013-07-30,24.12,24.34,23.85,24.21,10453033.0,252438032.0,1400192976.0,0.0074654231089358,000568
2013-07-31,22.43,22.48,21.0,21.13,21520368.0,461895712.0,1400192976.0,0.0153695728866447,000568
2013-08-01,21.05,21.32,21.0,21.28,12190763.0,258350496.0,1400192976.0,0.0087064877548707,000568
2013-08-02,21.36,21.45,21.11,21.14,11275593.0,239622384.0,1400192976.0,0.0080528849903329,000568
2013-08-05,21.14,21.25,20.99,21.24,8544881.0,180333296.0,1400192976.0,0.0061026452399515,000568
2013-08-06,21.23,21.47,21.13,21.46,12686198.0,270447584.0,1400192976.0,0.009060321125336,000568
2013-08-07,21.48,22.08,21.35,21.69,12248270.0,265978880.0,1400192976.0,0.0087475585222475,000568
2013-08-08,21.58,21.78,21.38,21.42,6725410.0,144779776.0,1400192976.0,0.0048032022123213,000568
2013-08-09,21.51,21.58,20.9,21.09,11839754.0,250370672.0,1400192976.0,0.0084558015951652,000568
2013-08-12,21.18,21.71,21.12,21.71,13235808.0,284053248.0,1400192976.0,0.0094528455911922,000568
2013-08-13,21.77,21.98,21.71,21.84,9352068.0,204125920.0,1400192976.0,0.006679127920436,000568
2013-08-14,21.86,22.24,21.72,21.83,11460510.0,252660944.0,1400192976.0,0.0081849503578712,000568
2013-08-15,21.96,22.19,21.88,21.89,9380368.0,206783344.0,1400192976.0,0.0066993394201971,000568
2013-08-16,21.8,22.33,21.7,21.75,11201142.0,246001664.0,1400192976.0,0.0079997130338411,000568
2013-08-19,21.66,21.85,21.43,21.8,5910055.0,127792352.0,1400192976.0,0.0042208860502096,000568
2013-08-20,21.79,22.02,21.44,21.55,6712378.0,146044752.0,1400192976.0,0.0047938949238094,000568
2013-08-21,21.65,21.74,21.45,21.57,3763300.0,81287288.0,1400192976.0,0.0026877009558716,000568
2013-08-22,21.45,21.9,21.36,21.71,8796113.0,190497360.0,1400192976.0,0.0062820719363471,000568
2013-08-23,21.73,22.66,21.41,21.76,8412429.0,183463280.0,1400192976.0,0.0060080497075711,000568
2013-08-26,21.84,22.18,21.61,22.06,8407294.0,184806704.0,1400192976.0,0.006004382355936,000568
2013-08-27,22.06,22.94,22.01,22.8,17905984.0,404203936.0,1400192976.0,0.0127882258423784,000568
2013-08-28,22.65,23.15,22.4,22.8,15551200.0,355129664.0,1400192976.0,0.0111064690843014,000568
2013-08-29,22.8,23.24,22.4,23.01,10649293.0,243233936.0,1400192976.0,0.0076055895026858,000568
2013-08-30,22.81,23.09,22.48,22.6,10518648.0,238860864.0,1400192976.0,0.0075122845067035,000568
2013-09-02,22.39,22.59,21.1,21.18,18592844.0,403437184.0,1400192976.0,0.0132787725111399,000568
2013-09-03,21.3,22.1,21.27,21.95,9357701.0,203179392.0,1400192976.0,0.0066831509373319,000568
2013-09-04,21.9,21.99,21.7,21.83,3629191.0,79129488.0,1400192976.0,0.0025919220151837,000568
2013-09-05,21.79,21.92,21.55,21.73,4119036.0,89473120.0,1400192976.0,0.0029417630788057,000568
2013-09-06,21.61,21.95,21.61,21.69,4230639.0,92027696.0,1400192976.0,0.003021468520779,000568
2013-09-09,21.61,22.1,21.51,21.93,8306043.0,181393952.0,1400192976.0,0.0059320701805891,000568
2013-09-10,21.97,22.09,21.79,21.99,6052641.0,132775344.0,1400192976.0,0.0043227191563914,000568
2013-09-11,22.0,22.67,22.0,22.66,14524539.0,325915104.0,1400192976.0,0.0103732408667646,000568
2013-09-12,22.76,22.94,22.45,22.54,8611007.0,195002752.0,1400192976.0,0.0061498715874146,000568
2013-09-13,22.62,23.65,22.49,23.27,22228924.0,516878400.0,1400192976.0,0.0158756145624315,000568
2013-09-16,23.29,23.4,22.83,22.89,8128655.0,187427088.0,1400192976.0,0.005805381929012,000568
2013-09-17,22.89,22.98,22.22,22.28,9636122.0,216052768.0,1400192976.0,0.0068819956714309,000568
2013-09-18,22.16,22.28,21.76,21.94,8640811.0,189722720.0,1400192976.0,0.0061711572248309,000568
2013-09-23,21.87,22.22,21.67,22.03,7721324.0,170085952.0,1400192976.0,0.0055144713138455,000568
2013-09-24,22.31,22.31,21.46,21.72,10381840.0,225534400.0,1400192976.0,0.0074145779745719,000568
2013-09-25,21.55,21.68,21.25,21.28,10612047.0,226466720.0,1400192976.0,0.0075789888836008,000568
2013-09-26,21.26,21.49,20.94,20.97,8114545.0,171502704.0,1400192976.0,0.0057953047466222,000568
2013-09-27,20.99,21.15,20.8,20.85,7252846.0,152215968.0,1400192976.0,0.0051798902896367,000568
2013-09-30,20.85,21.18,20.85,21.1,6123847.0,128567400.0,1400192976.0,0.0043735735751898,000568
2013-10-08,21.0,21.2,20.57,20.96,9020504.0,188086480.0,1400192976.0,0.0064423291322095,000568
2013-10-09,20.96,21.11,20.81,20.96,5165037.0,108113784.0,1400192976.0,0.0036888036781581,000568
2013-10-10,20.98,21.03,20.44,20.53,8606941.0,177842432.0,1400192976.0,0.0061469677019719,000568
2013-10-11,20.4,20.48,20.18,20.34,10626179.0,215571888.0,1400192976.0,0.0075890817781105,000568
2013-10-14,20.36,20.92,20.29,20.7,14149565.0,292658016.0,1400192976.0,0.0101054392091165,000568
2013-10-15,20.68,20.95,20.5,20.8,8096714.0,167981648.0,1400192976.0,0.0057825700733982,000568
2013-10-16,20.75,21.16,20.47,20.58,9325921.0,194437648.0,1400192976.0,0.0066604540658687,000568
2013-10-17,20.61,21.0,20.46,20.73,7148430.0,147896576.0,1400192976.0,0.005105317711578,000568
2013-10-18,20.73,20.76,20.46,20.5,4875844.0,100145104.0,1400192976.0,0.003482265718779,000568
2013-10-21,20.51,20.72,20.42,20.7,5183047.0,106690832.0,1400192976.0,0.0037016661909036,000568
2013-10-22,20.7,20.95,20.61,20.81,5287857.0,109887384.0,1400192976.0,0.003776520158747,000568
2013-10-23,20.8,20.96,20.65,20.9,5485922.0,114259984.0,1400192976.0,0.0039179756605206,000568
2013-10-24,21.05,21.54,20.73,21.24,10949992.0,230805888.0,1400192976.0,0.0078203449008017,000568
2013-10-25,21.11,21.2,20.53,20.56,8489752.0,176491344.0,1400192976.0,0.0060632728099044,000568
2013-10-28,20.3,20.33,19.32,19.43,14522086.0,286004384.0,1400192976.0,0.0103714889653895,000568
2013-10-29,19.3,19.87,19.25,19.71,9667554.0,189643984.0,1400192976.0,0.0069044440057239,000568
2013-10-30,19.77,19.9,19.4,19.74,6511862.0,128072784.0,1400192976.0,0.0046506889490352,000568
2013-10-31,19.7,20.5,19.59,20.04,10993215.0,220341936.0,1400192976.0,0.0078512142172037,000568
2013-11-01,19.91,20.05,19.76,19.88,4124995.0,81931592.0,1400192976.0,0.0029460189207519,000568
2013-11-04,19.89,20.09,19.87,19.97,2923135.0,58373724.0,1400192976.0,0.0020876658075736,000568
2013-11-05,19.9,20.03,19.65,19.97,4638856.0,92160056.0,1400192976.0,0.0033130119058674,000568
2013-11-06,19.93,20.53,19.81,20.4,9929368.0,201752848.0,1400192976.0,0.0070914282318182,000568
2013-11-07,20.3,20.45,20.1,20.19,3714333.0,75259800.0,1400192976.0,0.0026527293477867,000568
2013-11-08,20.1,20.44,19.7,19.73,5692228.0,114410240.0,1400192976.0,0.0040653167795922,000568
2013-11-11,19.83,20.79,19.71,20.72,12346584.0,253265168.0,1400192976.0,0.0088177731295803,000568
2013-11-12,20.59,22.1,20.59,21.66,22450072.0,482248256.0,1400192976.0,0.016033555648975,000568
2013-11-13,21.45,21.96,21.3,21.39,10911041.0,235620672.0,1400192976.0,0.0077925265924202,000568
2013-11-14,21.39,21.47,20.93,21.18,7083659.0,149544688.0,1400192976.0,0.0050590590878667,000568
2013-11-15,21.1,21.75,21.08,21.19,9084839.0,193682848.0,1400192976.0,0.0064882763702708,000568
2013-11-18,21.2,21.4,20.9,21.4,10594731.0,223525552.0,1400192976.0,0.0075666220168212,000568
2013-11-19,21.29,21.82,21.21,21.45,8353491.0,179843216.0,1400192976.0,0.0059659569382099,000568
2013-11-20,21.75,21.75,21.13,21.28,6083533.0,129363264.0,1400192976.0,0.0043447818295583,000568
2013-11-21,21.2,21.3,20.72,20.81,6514584.0,136199968.0,1400192976.0,0.0046526329667861,000568
2013-11-22,20.89,20.98,20.46,20.54,6693517.0,138093600.0,1400192976.0,0.0047804246376965,000568
2013-11-25,20.54,21.03,20.47,20.8,7694921.0,160410928.0,1400192976.0,0.0054956146273369,000568
2013-11-26,20.83,20.91,20.57,20.65,4603023.0,95174752.0,1400192976.0,0.003287420433396,000568
2013-11-27,20.6,20.87,20.32,20.79,7130954.0,147022656.0,1400192976.0,0.005092836574835,000568
2013-11-28,20.8,21.26,20.79,21.09,7269480.0,153076976.0,1400192976.0,0.0051917700806977,000568
2013-11-29,21.02,21.2,20.7,20.74,7092999.0,148035808.0,1400192976.0,0.0050657295969752,000568
2013-12-02,20.47,20.66,20.08,20.17,9841636.0,200335520.0,1400192976.0,0.0070287711541841,000568
2013-12-03,20.05,20.66,19.98,20.5,7208970.0,146740320.0,1400192976.0,0.0051485546089469,000568
2013-12-04,20.45,20.81,20.29,20.73,8209469.0,169592960.0,1400192976.0,0.0058630982591073,000568
2013-12-05,20.68,20.78,20.55,20.74,5330310.0,110144240.0,1400192976.0,0.0038068395509505,000568
2013-12-06,20.7,21.25,20.63,21.2,10496738.0,220910720.0,1400192976.0,0.0074966366636022,000568
2013-12-09,21.22,21.55,20.81,21.24,11574042.0,245783280.0,1400192976.0,0.0082660334670897,000568
2013-12-10,21.25,21.3,20.95,21.01,6597788.0,138904304.0,1400192976.0,0.0047120562044584,000568
2013-12-11,20.99,21.31,20.8,20.88,8637417.0,181724256.0,1400192976.0,0.0061687332732341,000568
2013-12-12,20.86,21.05,20.76,20.81,4258360.0,88973352.0,1400192976.0,0.0030412665061105,000568
2013-12-13,20.65,20.97,20.6,20.61,4313409.0,89539904.0,1400192976.0,0.0030805818011759,000568
2013-12-16,20.62,20.72,20.2,20.28,6334826.0,129270264.0,1400192976.0,0.0045242520913774,000568
2013-12-17,20.3,20.42,20.12,20.17,5883827.0,119317568.0,1400192976.0,0.0042021543464734,000568
2013-12-18,20.12,20.22,19.92,20.0,6040289.0,121189056.0,1400192976.0,0.0043138975152236,000568
2013-12-19,20.08,20.25,19.85,20.06,4349787.0,87179512.0,1400192976.0,0.0031065625057099,000568
2013-12-20,20.1,20.26,19.62,19.73,5929381.0,117697088.0,1400192976.0,0.0042346884334034,000568
2013-12-23,19.75,19.89,19.58,19.78,4246126.0,83728800.0,1400192976.0,0.0030325291390406,000568
2013-12-24,19.8,20.02,19.7,19.83,4959855.0,98435888.0,1400192976.0,0.0035422653055788,000568
2013-12-25,19.86,19.95,19.58,19.66,4322276.0,85258288.0,1400192976.0,0.0030869144997053,000568
2013-12-26,19.65,19.74,19.16,19.28,9737486.0,188198064.0,1400192976.0,0.0069543885499394,000568
2013-12-27,19.28,19.56,19.21,19.35,7272942.0,141173840.0,1400192976.0,0.0051942425970289,000568
2013-12-30,19.46,19.5,19.12,19.24,6409731.0,123497008.0,1400192976.0,0.0045777482888901,000568
2013-12-31,19.15,20.26,19.15,20.14,13757287.0,274084544.0,1400254476.0000002,0.0098248477228934,000568
2014-01-02,19.97,20.08,19.72,19.95,6332715.0,126103464.0,1400254476.0000002,0.0045225458004534,000568
2014-01-03,19.81,19.86,19.5,19.59,4781721.0,93922064.0,1400254476.0000002,0.0034148942795452,000568
2014-01-06,19.59,19.59,18.9,18.94,7121260.0,135942400.0,1400254476.0000002,0.0050856898671324,000568
2014-01-07,18.9,19.06,18.76,18.9,5064225.0,95679152.0,1400254476.0000002,0.0036166461788192,000568
2014-01-08,18.91,18.99,18.22,18.23,9091872.0,168217552.0,1400254476.0000002,0.0064930140598243,000568
2014-01-09,18.15,18.75,18.01,18.29,9964050.0,182693408.0,1400254476.0000002,0.0071158851271545,000568
2014-01-10,18.18,18.38,18.03,18.05,4135944.0,75185760.0,1400254476.0000002,0.0029537088228525,000568
2014-01-13,18.08,18.43,18.08,18.3,5772937.0,105524952.0,1400254476.0000002,0.004122777037279,000568
2014-01-14,18.34,18.7,18.29,18.61,6163506.0,114271648.0,1400254476.0000002,0.004401704194231,000568
2014-01-15,18.51,18.56,18.05,18.2,4605947.0,83926040.0,1400254476.0000002,0.0032893642398183,000568
2014-01-16,18.17,18.7,18.17,18.45,6237030.0,115362904.0,1400254476.0000002,0.004454211792857,000568
2014-01-17,18.4,18.45,18.06,18.08,3799966.0,69255800.0,1400254476.0000002,0.0027137681508114,000568
2014-01-20,18.03,18.63,18.02,18.3,4169509.0,76524096.0,1400254476.0000002,0.002977679465743,000568
2014-01-21,18.26,18.34,17.8,17.86,11691893.0,211588224.0,1400254476.0000002,0.0083498344053856,000568
2014-01-22,17.9,18.28,17.83,18.2,24589876.0,445503136.0,1400254476.0000002,0.0175610051040465,000568
2014-01-23,18.21,18.21,17.38,17.46,36390864.0,639651392.0,1400254476.0000002,0.0259887503476903,000568
2014-01-24,17.41,17.5,17.12,17.3,31931898.0,553176832.0,1400254476.0000002,0.0228043534566783,000568
2014-01-27,17.18,17.66,17.12,17.5,21198940.0,370114656.0,1400254476.0000002,0.0151393481423158,000568
2014-01-28,17.39,17.6,17.24,17.38,11500030.0,199593584.0,1400254476.0000002,0.0082128143113323,000568
2014-01-29,17.4,17.48,16.76,16.9,18497056.0,313519904.0,1400254476.0000002,0.0132097817339881,000568
2014-01-30,16.8,16.87,16.37,16.37,12760776.0,210702608.0,1400254476.0000002,0.0091131835096522,000568
2014-02-07,16.25,16.27,15.92,16.24,9823928.0,158025040.0,1400254476.0000002,0.0070158161736881,000568
2014-02-10,16.18,16.49,16.16,16.45,11582864.0,189548976.0,1400254476.0000002,0.0082719707014169,000568
2014-02-11,16.28,16.67,16.22,16.55,15676083.0,258251520.0,1400254476.0000002,0.0111951672133058,000568
2014-02-12,16.52,16.57,16.32,16.48,11122326.0,182583056.0,1400254476.0000002,0.0079430747700748,000568
2014-02-13,16.44,16.75,16.4,16.5,13359071.0,221715520.0,1400254476.0000002,0.0095404594157497,000568
2014-02-14,16.55,17.63,16.55,17.61,40386820.0,692849280.0,1400254476.0000002,0.0288424859139675,000568
2014-02-17,17.7,18.26,17.56,17.94,32552384.0,583969152.0,1400254476.0000002,0.0232474771964235,000568
2014-02-18,17.82,17.82,17.32,17.42,16591259.0,290698944.0,1400254476.0000002,0.0118487455561613,000568
2014-02-19,17.45,18.04,17.39,17.65,17454668.0,310220480.0,1400254476.0000002,0.0124653541903764,000568
2014-02-20,17.7,17.83,17.23,17.26,10223436.0,178661360.0,1400254476.0000002,0.0073011271702587,000568
2014-02-21,17.25,17.45,16.9,16.96,10652242.0,182429664.0,1400254476.0000002,0.0076073615064809,000568
2014-02-24,16.95,17.7,16.84,17.63,19632672.0,338993888.0,1400254476.0000002,0.0140207886041422,000568
2014-02-25,17.5,17.67,16.8,16.89,14047070.0,242426176.0,1400254476.0000002,0.0100317979629868,000568
2014-02-26,16.84,17.2,16.6,17.09,9055711.0,153937792.0,1400254476.0000002,0.0064671894682092,000568
2014-02-27,17.08,17.09,16.61,16.64,8200525.0,138023904.0,1400254476.0000002,0.0058564533379859,000568
2014-02-28,16.64,16.99,16.62,16.81,6838922.0,114830800.0,1400254476.0000002,0.0048840565177382,000568
2014-03-03,16.78,16.93,16.32,16.7,11854167.0,196709424.0,1400254476.0000002,0.0084657233404194,000568
2014-03-04,16.63,16.96,16.43,16.72,9810715.0,164164448.0,1400254476.0000002,0.0070063800317393,000568
2014-03-05,16.78,17.5,16.69,17.4,15473321.0,265891824.0,1400254476.0000002,0.0110503635340637,000568
2014-03-06,17.25,17.68,17.23,17.41,13846259.0,241727296.0,1400254476.0000002,0.0098883876019118,000568
2014-03-07,17.41,17.7,17.23,17.5,8176230.0,142635232.0,1400254476.0000002,0.005839102920318,000568
2014-03-10,17.38,17.67,16.69,16.71,10907538.0,186774592.0,1400254476.0000002,0.007789682651941,000568
2014-03-11,16.6,17.66,16.49,17.58,18154168.0,312393312.0,1400254476.0000002,0.012964906244656,000568
2014-03-12,17.54,17.99,17.38,17.57,17664088.0,313086656.0,1400254476.0000002,0.0126149127196219,000568
2014-03-13,17.55,19.33,17.5,19.33,57102952.0,1076820224.0,1400254476.0000002,0.0407804102602275,000568
2014-03-14,19.32,19.63,19.01,19.5,32319580.0,625019072.0,1400254476.0000002,0.0230812188455378,000568
2014-03-17,19.4,19.46,18.95,19.38,17244372.0,331105344.0,1400254476.0000002,0.0123151700605597,000568
2014-03-18,19.31,19.98,18.88,18.88,31543796.0,613585280.0,1400254476.0000002,0.0225271881223395,000568
2014-03-19,18.68,18.92,18.5,18.8,16095632.0,301147776.0,1400254476.0000002,0.0114947906083322,000568
2014-03-20,18.7,19.12,18.28,18.29,14565507.0,271107136.0,1400254476.0000002,0.0104020428069676,000568
2014-03-21,18.2,18.76,18.03,18.62,13205993.0,242420624.0,1400254476.0000002,0.0094311378584016,000568
2014-03-24,18.58,18.88,18.4,18.75,13485977.0,251346928.0,1400254476.0000002,0.0096310900847996,000568
2014-03-25,18.55,18.56,17.94,18.12,19239052.0,348446272.0,1400254476.0000002,0.0137396825575296,000568
2014-03-26,18.17,18.24,17.95,18.06,9087597.0,164065808.0,1400254476.0000002,0.0064899610433382,000568
2014-03-27,18.07,18.25,17.97,17.98,10267772.0,185876576.0,1400254476.0000002,0.0073327899863824,000568
2014-03-28,17.96,18.07,17.18,17.21,17164860.0,299741664.0,1400254476.0000002,0.0122583860963855,000568
2014-03-31,17.23,17.41,17.02,17.13,9794188.0,168587312.0,1400254476.0000002,0.0069945771771273,000568
2014-04-01,17.12,17.62,17.08,17.57,11379612.0,198269232.0,1400254476.0000002,0.0081268170857823,000568
2014-04-02,17.53,17.85,17.39,17.6,11261046.0,198520384.0,1400254476.0000002,0.008042142476965,000568
2014-04-03,17.58,17.71,17.26,17.29,8035837.0,139770752.0,1400254476.0000002,0.0057388404306018,000568
2014-04-04,17.21,17.23,17.02,17.23,8278276.0,141702224.0,1400254476.0000002,0.0059119796736146,000568
2014-04-08,17.17,17.6,17.13,17.6,11274818.0,196575216.0,1400254476.0000002,0.0080519778320637,000568
2014-04-09,17.6,18.11,17.53,17.75,13607868.0,242148784.0,1400254476.0000002,0.0097181392619951,000568
2014-04-10,17.74,18.01,17.54,17.85,12642158.0,224691104.0,1400254476.0000002,0.0090284717647279,000568
2014-04-11,17.8,18.44,17.72,18.29,24971156.0,454784352.0,1400254476.0000002,0.0178332984668138,000568
2014-04-14,17.51,18.29,17.41,18.11,24533116.0,438277600.0,1400254476.0000002,0.0175204696149816,000568
2014-04-15,17.98,18.05,17.58,17.65,14004298.0,248893904.0,1400254476.0000002,0.0100012520866957,000568
2014-04-16,17.58,17.73,17.43,17.55,8865566.0,155930432.0,1400254476.0000002,0.0063313962939976,000568
2014-04-17,17.57,17.85,17.57,17.67,8486849.0,150043200.0,1400254476.0000002,0.0060609333128102,000568
2014-04-18,17.6,17.8,17.42,17.72,8134079.0,143574016.0,1400254476.0000002,0.0058090005348427,000568
2014-04-21,17.56,17.66,17.02,17.16,10693990.0,185866048.0,1400254476.0000002,0.0076371760871271,000568
2014-04-22,17.05,17.23,16.91,17.11,8387816.0,142931664.0,1400254476.0000002,0.0059902083112498,000568
2014-04-23,17.06,17.59,17.0,17.44,13675423.0,237989008.0,1400254476.0000002,0.0097663840640349,000568
2014-04-24,17.39,17.49,17.23,17.32,4863354.0,84365392.0,1400254476.0000002,0.0034731929683901,000568
2014-04-25,17.2,17.2,16.54,16.54,19866800.0,334469600.0,1400254476.0000002,0.0141879924974437,000568
2014-04-28,16.45,16.58,16.27,16.31,8255779.0,135321168.0,1400254476.0000002,0.0058959133082606,000568
2014-04-29,16.24,16.55,16.24,16.4,5815865.0,95210144.0,1400254476.0000002,0.004153434321891,000568
2014-04-30,16.4,16.5,16.27,16.48,4844199.0,79512328.0,1400254476.0000002,0.0034595133120645,000568
2014-05-05,16.4,16.53,16.07,16.45,6899344.0,112043672.0,1400254476.0000002,0.0049272072457206,000568
2014-05-06,16.34,16.5,16.34,16.39,4789875.0,78673472.0,1400254476.0000002,0.0034207175067798,000568
2014-05-07,16.35,16.49,16.21,16.23,5039576.0,82358288.0,1400254476.0000002,0.0035990429499616,000568
2014-05-08,16.24,16.5,16.23,16.28,6200232.0,101504680.0,1400254476.0000002,0.0044279322839315,000568
2014-05-09,16.38,16.65,16.29,16.37,10630236.0,175053296.0,1400254476.0000002,0.0075916457916753,000568
2014-05-12,16.47,16.88,16.31,16.69,10693810.0,177998976.0,1400254476.0000002,0.0076370475390646,000568
2014-05-13,16.7,16.95,16.58,16.77,8600031.0,144099824.0,1400254476.0000002,0.0061417629062447,000568
2014-05-14,16.74,16.76,16.5,16.58,5256148.0,87279624.0,1400254476.0000002,0.0037537091222267,000568
2014-05-15,16.55,16.65,16.37,16.39,3852209.0,63512592.0,1400254476.0000002,0.0027510777976616,000568
2014-05-16,16.38,16.51,16.34,16.43,3100120.0,50907728.0,1400254476.0000002,0.0022139689985893,000568
2014-05-19,16.3,16.35,16.06,16.17,5917964.0,95563592.0,1400254476.0000002,0.0042263489254506,000568
2014-05-20,16.22,16.25,15.83,15.88,11056666.0,176692160.0,1400254476.0000002,0.0078961832934715,000568
2014-05-21,15.88,15.96,15.76,15.91,9259636.0,146897584.0,1400254476.0000002,0.0066128237107666,000568
2014-05-22,15.9,16.07,15.83,15.85,6776901.0,108023192.0,1400254476.0000002,0.0048397638544666,000568
2014-05-23,15.85,15.9,15.71,15.83,8499788.0,134379136.0,1400254476.0000002,0.0060701737760415,000568
2014-05-26,15.88,16.04,15.85,16.0,6627560.0,105796984.0,1400254476.0000002,0.0047331110977287,000568
2014-05-27,16.0,16.02,15.86,15.87,4679597.0,74626208.0,1400254476.0000002,0.0033419618220881,000568
2014-05-28,15.87,16.09,15.8,16.0,8338298.0,132835952.0,1400254476.0000002,0.0059548447392358,000568
2014-05-29,16.0,16.07,15.82,15.84,5971950.0,95196936.0,1400254476.0000002,0.00426490334604,000568
2014-05-30,15.83,15.91,15.77,15.82,4297029.0,68044256.0,1400254476.0000002,0.0030687486265175,000568
2014-06-03,15.85,15.93,15.81,15.86,3755224.0,59585572.0,1400254476.0000002,0.002681815387391,000568
2014-06-04,15.85,15.88,15.58,15.65,5746086.0,90178472.0,1400254476.0000002,0.0041036012371225,000568
2014-06-05,15.65,15.88,15.55,15.88,5956219.0,93752464.0,1400254476.0000002,0.004253668959527,000568
2014-06-06,15.89,15.95,15.79,15.9,6997120.0,111179584.0,1400254476.0000002,0.0049970345533107,000568
2014-06-09,15.89,15.94,15.79,15.81,3456432.0,54859260.0,1400254476.0000002,0.0024684313167658,000568
2014-06-10,15.82,15.99,15.72,15.93,6256415.0,99318296.0,1400254476.0000002,0.0044680557050402,000568
2014-06-11,15.92,16.54,15.9,16.51,19258412.0,313618016.0,1400254476.0000002,0.0137535086158153,000568
2014-06-12,16.45,16.5,16.22,16.4,8376716.0,136762752.0,1400254476.0000002,0.0059822811807244,000568
2014-06-13,16.34,16.54,16.25,16.43,7559344.0,124154768.0,1400254476.0000002,0.0053985501418243,000568
2014-06-16,16.43,16.65,16.39,16.52,6065044.0,100323896.0,1400254476.0000002,0.0043313869756914,000568
2014-06-17,16.5,16.57,16.32,16.35,7281986.0,119765824.0,1400254476.0000002,0.0052004732888281,000568
2014-06-18,16.35,16.36,16.1,16.14,6550962.0,106282816.0,1400254476.0000002,0.0046784081838564,000568
2014-06-19,16.15,16.24,15.81,15.91,5274733.0,84634320.0,1400254476.0000002,0.0037669817096874,000568
2014-06-20,15.92,16.08,15.92,16.02,3718930.0,59463724.0,1400254476.0000002,0.0026558958130407,000568
2014-06-23,16.1,16.19,16.0,16.11,2840949.0,45767604.0,1400254476.0000002,0.0020288804990043,000568
2014-06-24,16.11,16.58,16.06,16.43,8948921.0,147173984.0,1400254476.0000002,0.0063909247593078,000568
2014-06-25,16.42,16.47,16.24,16.3,5487621.0,89650232.0,1400254476.0000002,0.0039190169316052,000568
2014-06-26,16.33,16.55,16.29,16.4,6256685.0,102757544.0,1400254476.0000002,0.0044682485271341,000568
2014-06-27,16.35,16.43,16.25,16.35,6816052.0,111254040.0,1400254476.0000002,0.0048677237722323,000568
2014-06-30,16.39,16.57,16.38,16.38,6234257.0,102640416.0,1400226015.0,0.0044523219346128,000568
2014-07-01,16.4,16.46,16.33,16.42,4050460.0,66437120.0,1400226015.0,0.0028927187158424,000568
2014-07-02,16.43,16.64,16.43,16.58,6920623.0,114456168.0,1400226015.0,0.0049425042285048,000568
2014-07-03,16.6,16.62,16.47,16.61,6837332.0,113159088.0,1400226015.0,0.0048830202601256,000568
2014-07-04,16.61,16.65,16.3,16.36,8534105.0,140188192.0,1400226015.0,0.0060948053446928,000568
2014-07-07,16.36,16.46,16.27,16.45,4200322.0,68789976.0,1400226015.0,0.0029997457231931,000568
2014-07-08,16.44,16.44,16.3,16.4,4215081.0,68972024.0,1400226015.0,0.0030102861644089,000568
2014-07-09,16.39,16.47,16.15,16.16,5417001.0,88327304.0,1400226015.0,0.0038686618745617,000568
2014-07-10,16.17,16.3,16.08,16.1,7526568.0,121720664.0,1400226015.0,0.0053752522231205,000568
2014-07-11,16.1,16.38,16.09,16.25,4853686.0,78844520.0,1400226015.0,0.0034663589649132,000568
2014-07-14,16.27,16.85,16.22,16.75,16610836.0,276441056.0,1400226015.0,0.0118629677081096,000568
2014-07-15,16.68,17.48,16.64,17.12,27008114.0,464962912.0,1400226015.0,0.0192883960951118,000568
2014-07-16,17.01,17.25,16.72,16.76,17581708.0,297390656.0,1400226015.0,0.0125563357712647,000568
2014-07-17,16.72,16.86,16.7,16.84,8953274.0,150138656.0,1400226015.0,0.0063941634451063,000568
2014-07-18,16.78,17.7,16.75,17.3,23303698.0,403773856.0,1400226015.0,0.0166428117677845,000568
2014-07-21,17.29,17.47,17.22,17.26,12136524.0,210313648.0,1400226015.0,0.0086675464317808,000568
2014-07-22,17.2,17.47,17.08,17.39,13491174.0,233371936.0,1400226015.0,0.0096349973900463,000568
2014-07-23,17.31,17.49,17.2,17.27,9313450.0,161697056.0,1400226015.0,0.0066513904899845,000568
2014-07-24,17.29,17.65,17.27,17.5,12342075.0,215719664.0,1400226015.0,0.0088143448756021,000568
2014-07-25,17.58,18.08,17.48,17.99,18742680.0,334748384.0,1400226015.0,0.0133854676310952,000568
2014-07-28,18.2,19.22,18.2,18.75,36135460.0,683538048.0,1400226015.0,0.0258068766134158,000568
2014-07-29,18.82,18.95,18.61,18.87,13778452.0,258461760.0,1400226015.0,0.0098401628397112,000568
2014-07-30,18.86,19.1,18.48,18.7,16604205.0,312067456.0,1400226015.0,0.0118582320440604,000568
2014-07-31,18.78,19.3,18.7,19.29,18024520.0,345114592.0,1400226015.0,0.0128725790028976,000568
2014-08-01,19.2,19.83,19.11,19.29,19238000.0,375928480.0,1400226015.0,0.0137392105230954,000568
2014-08-04,19.27,19.82,19.2,19.7,12507322.0,244633136.0,1400226015.0,0.0089323593948509,000568
2014-08-05,19.68,19.78,19.4,19.59,8621951.0,168627664.0,1400226015.0,0.0061575423593311,000568
2014-08-06,19.46,19.64,19.15,19.58,9453932.0,182978768.0,1400226015.0,0.0067517185788038,000568
2014-08-07,19.5,19.55,18.88,18.9,12884589.0,247082528.0,1400226015.0,0.0092017923263623,000568
2014-08-08,18.8,19.06,18.8,18.87,9659454.0,182709328.0,1400226015.0,0.0068984963116829,000568
2014-08-11,18.88,19.12,18.88,19.01,9985761.0,189670480.0,1400226015.0,0.0071315351186358,000568
2014-08-12,19.0,19.16,18.81,19.06,7141595.0,135635952.0,1400226015.0,0.0051003158943593,000568
2014-08-13,19.15,20.1,19.15,19.65,31382460.0,619048384.0,1400226015.0,0.0224124246113224,000568
2014-08-14,19.71,19.99,19.25,19.3,18607244.0,363953152.0,1400226015.0,0.0132887432462108,000568
2014-08-15,19.3,19.96,19.28,19.9,16935976.0,334071424.0,1400226015.0,0.0120951730781833,000568
2014-08-18,19.95,20.37,19.94,20.14,16088734.0,324082624.0,1400226015.0,0.0114900979039444,000568
2014-08-19,20.09,20.27,19.71,19.84,17483916.0,347943744.0,1400226015.0,0.0124864956176378,000568
2014-08-20,18.64,19.01,18.28,18.76,18693624.0,349903584.0,1400226015.0,0.0133504332870147,000568
2014-08-21,18.76,18.81,18.3,18.35,12612264.0,232276512.0,1400226015.0,0.0090073058669746,000568
2014-08-22,18.36,18.79,18.36,18.6,9348136.0,173562864.0,1400226015.0,0.0066761622051422,000568
2014-08-25,18.67,18.78,18.3,18.4,12713338.0,235355488.0,1400226015.0,0.0090794899279171,000568
2014-08-26,18.3,18.4,17.69,17.84,12116811.0,217760096.0,1400226015.0,0.0086534679903086,000568
2014-08-27,17.8,18.02,17.73,17.77,5952282.0,106498408.0,1400226015.0,0.0042509437306805,000568
2014-08-28,17.75,17.82,17.51,17.54,8026684.0,141656368.0,1400226015.0,0.0057324202764508,000568
2014-08-29,17.54,17.99,17.51,17.9,9826651.0,175115376.0,1400226015.0,0.0070179034632491,000568
2014-09-01,17.98,18.32,17.81,18.12,10333717.0,186432848.0,1400226015.0,0.0073800350009923,000568
2014-09-02,18.16,18.75,18.05,18.5,17011244.0,314392448.0,1400226015.0,0.0121489272572899,000568
2014-09-03,18.52,19.0,18.44,18.57,18861192.0,352800512.0,1400226015.0,0.0134701053958064,000568
2014-09-04,18.56,18.71,18.45,18.6,9685214.0,179941456.0,1400226015.0,0.0069168933416795,000568
2014-09-05,18.6,18.8,18.31,18.47,14938692.0,276092832.0,1400226015.0,0.0106687719267949,000568
2014-09-09,18.45,18.46,18.17,18.21,10419391.0,190263216.0,1400226015.0,0.0074412208374802,000568
2014-09-10,18.18,18.39,18.05,18.31,8043023.0,146923888.0,1400226015.0,0.0057440891069289,000568
2014-09-11,18.34,18.52,18.1,18.12,12466067.0,227906720.0,1400226015.0,0.00890289629421,000568
2014-09-12,18.09,18.12,17.82,18.08,12249617.0,219961824.0,1400226015.0,0.0087483141069907,000568
2014-09-15,18.03,18.07,17.8,18.0,13495355.0,241550192.0,1400226015.0,0.0096379833365687,000568
2014-09-16,18.0,18.15,17.49,17.52,17227452.0,307047232.0,1400226015.0,0.0123033366152677,000568
2014-09-17,17.55,17.75,17.37,17.68,13804271.0,242469680.0,1400226015.0,0.0098586020057626,000568
2014-09-18,17.7,17.71,17.52,17.63,9729105.0,171367184.0,1400226015.0,0.0069482389955453,000568
2014-09-19,17.64,17.88,17.63,17.8,11016803.0,195858000.0,1400226015.0,0.0078678748159096,000568
2014-09-22,17.7,17.73,17.26,17.3,9657393.0,168380016.0,1400226015.0,0.0068970244064491,000568
2014-09-23,17.37,17.42,17.18,17.35,8222590.0,142372608.0,1400226015.0,0.0058723305465796,000568
2014-09-24,17.28,17.62,17.21,17.59,10324253.0,180282128.0,1400226015.0,0.0073732760921457,000568
2014-09-25,17.6,17.87,17.59,17.66,14190974.0,251430480.0,1400226015.0,0.0101347738493488,000568
2014-09-26,17.61,17.83,17.5,17.79,9213287.0,163024480.0,1400226015.0,0.0065798570382939,000568
2014-09-29,17.8,17.94,17.72,17.86,11186218.0,199594896.0,1400226015.0,0.0079888659974654,000568
2014-09-30,17.88,17.9,17.75,17.79,9258258.0,165069328.0,1400226015.0,0.0066119739962123,000568
2014-10-08,17.71,17.88,17.57,17.7,13904014.0,245595472.0,1400226015.0,0.0099298355058772,000568
2014-10-09,17.48,17.73,17.31,17.7,19477388.0,341072704.0,1400226015.0,0.0139101743513885,000568
2014-10-10,17.55,17.75,17.43,17.45,13645529.0,239608576.0,1400226015.0,0.0097452331650901,000568
2014-10-13,17.35,17.35,16.98,17.0,21959536.0,375868288.0,1400226015.0,0.0156828510288747,000568
2014-10-14,17.0,17.35,17.0,17.12,16115875.0,276528288.0,1400226015.0,0.0115094812032898,000568
2014-10-15,16.95,16.95,16.69,16.79,23896140.0,401012288.0,1400226015.0,0.0170659163192307,000568
2014-10-16,16.71,16.86,16.64,16.76,14991167.0,251737552.0,1400226015.0,0.0107062480195384,000568
2014-10-17,16.71,16.94,16.71,16.91,13161430.0,221496608.0,1400226015.0,0.0093995039793629,000568
2014-10-20,16.96,17.01,16.8,16.85,9648132.0,162868000.0,1400226015.0,0.0068904104741976,000568
2014-10-21,16.86,16.91,16.68,16.71,7694278.0,129169512.0,1400226015.0,0.0054950257441117,000568
2014-10-22,16.72,16.78,16.51,16.52,9821147.0,163466672.0,1400226015.0,0.0070139726692622,000568
2014-10-23,16.5,16.56,16.13,16.2,11848132.0,193308544.0,1400226015.0,0.008461585396269,000568
2014-10-24,16.2,16.26,16.15,16.16,6735690.0,109103472.0,1400226015.0,0.0048104305503851,000568
2014-10-27,16.16,16.3,15.88,16.26,8650792.0,139501808.0,1400226015.0,0.0061781397483891,000568
2014-10-28,16.29,16.44,16.26,16.44,8276587.0,135363920.0,1400226015.0,0.005910893606701,000568
2014-10-29,16.44,16.56,16.34,16.56,11120146.0,183232432.0,1400226015.0,0.007941679329533,000568
2014-10-30,16.54,16.73,16.47,16.54,10326420.0,171283024.0,1400226015.0,0.0073748236994439,000568
2014-10-31,16.53,16.92,16.48,16.84,18870300.0,315485376.0,1400226015.0,0.0134766100599837,000568
2014-11-03,16.79,16.86,16.62,16.67,14452895.0,241957728.0,1400226015.0,0.010321830079696,000568
2014-11-04,16.67,16.67,16.4,16.46,16239829.0,268347904.0,1400226015.0,0.0115980054834219,000568
2014-11-05,16.4,16.44,16.26,16.38,10550747.0,172358656.0,1400226015.0,0.0075350314070546,000568
2014-11-06,16.37,16.58,16.37,16.5,9589157.0,158145440.0,1400226015.0,0.0068482922737298,000568
2014-11-07,16.5,16.68,16.48,16.67,16628406.0,275558080.0,1400226015.0,0.0118755156823736,000568
2014-11-10,16.72,17.38,16.65,17.35,36720536.0,628281600.0,1400226015.0,0.0262247205855548,000568
2014-11-11,17.44,17.81,16.95,17.23,35878592.0,625187520.0,1400226015.0,0.0256234290861964,000568
2014-11-12,17.05,17.33,17.01,17.3,14763401.0,253520544.0,1400226015.0,0.0105435842798564,000568
2014-11-13,17.3,17.34,17.02,17.11,12621282.0,216324656.0,1400226015.0,0.0090137462558142,000568
2014-11-14,17.05,17.57,16.98,17.41,20874980.0,362586400.0,1400226015.0,0.014908293215792,000568
2014-11-17,17.7,17.82,17.09,17.16,16112283.0,279276448.0,1400226015.0,0.0115069159031443,000568
2014-11-18,17.12,17.17,16.8,16.88,12972861.0,220128288.0,1400226015.0,0.0092648335775992,000568
2014-11-19,16.88,17.03,16.85,16.91,7472646.0,126418304.0,1400226015.0,0.0053367427257805,000568
2014-11-20,16.87,16.93,16.76,16.88,6302283.0,106079384.0,1400226015.0,0.0045009040915441,000568
2014-11-21,16.88,17.05,16.85,17.04,9121585.0,154437824.0,1400226015.0,0.0065143661825194,000568
2014-11-24,17.21,17.51,17.07,17.39,26971756.0,467796992.0,1400226015.0,0.0192624302870133,000568
2014-11-25,17.3,17.51,17.27,17.5,17584026.0,305680096.0,1400226015.0,0.0125579912182962,000568
2014-11-26,17.51,17.88,17.37,17.78,31617884.0,558346816.0,1400226015.0,0.0225805574680741,000568
2014-11-27,17.9,17.9,17.52,17.65,23556932.0,416654528.0,1400226015.0,0.0168236639997007,000568
2014-11-28,17.79,17.93,17.6,17.91,30825948.0,547476608.0,1400226015.0,0.0220149802030352,000568
2014-12-01,18.02,18.96,17.92,18.69,55188876.0,1019563584.0,1400226015.0,0.0394142627038678,000568
2014-12-02,18.69,18.92,18.37,18.77,38797576.0,724111680.0,1400226015.0,0.0277080811128909,000568
2014-12-03,18.78,19.65,18.75,18.99,51815464.0,991489024.0,1400226015.0,0.037005071641952,000568
2014-12-04,18.99,19.55,18.92,19.49,41722096.0,805221632.0,1400226015.0,0.0297966867870255,000568
2014-12-05,19.85,20.34,18.8,20.29,78005032.0,1547465472.0,1400226015.0,0.0557088863971721,000568
2014-12-08,19.97,20.7,19.78,20.65,62797236.0,1277979520.0,1400226015.0,0.0448479283539093,000568
2014-12-09,20.39,21.5,19.1,19.38,70745848.0,1460827392.0,1400226015.0,0.0505245919173984,000568
2014-12-10,19.47,20.5,19.21,20.35,41245180.0,821355968.0,1400226015.0,0.0294560874874189,000568
2014-12-11,20.2,20.93,19.9,20.19,31286322.0,638011968.0,1400226015.0,0.0223437656955688,000568
2014-12-12,20.2,20.57,20.11,20.27,27315032.0,555658240.0,1400226015.0,0.0195075878518083,000568
2014-12-15,20.2,20.65,19.8,20.48,28533998.0,578037568.0,1400226015.0,0.0203781373109254,000568
2014-12-16,20.5,20.63,20.12,20.62,26312440.0,534803872.0,1400226015.0,0.0187915663029586,000568
2014-12-17,20.63,20.69,19.82,20.06,26349608.0,532542752.0,1400226015.0,0.0188181105890965,000568
2014-12-18,20.0,20.28,19.7,19.78,19636334.0,392358656.0,1400226015.0,0.0140236888828265,000568
2014-12-19,19.72,20.27,19.49,20.06,26833692.0,532389312.0,1400226015.0,0.0191638290622674,000568
2014-12-22,20.0,20.65,19.66,20.6,44112760.0,896128128.0,1400226015.0,0.0315040282978887,000568
2014-12-23,20.55,21.79,20.28,21.3,66716304.0,1412000896.0,1400226015.0,0.0476468107900423,000568
2014-12-24,21.36,21.88,20.55,20.77,45210276.0,962235200.0,1400226015.0,0.0322878417596033,000568
2014-12-25,20.7,21.0,20.52,20.97,22238236.0,462671232.0,1400226015.0,0.0158818903246844,000568
2014-12-26,20.96,21.11,20.6,21.04,24005888.0,500958912.0,1400226015.0,0.0171442950943887,000568
2014-12-29,21.05,21.38,20.18,20.45,55771348.0,1162156416.0,1400226015.0,0.0398302469762354,000568
2014-12-30,20.41,20.58,20.07,20.09,23891904.0,486761440.0,1400226015.0,0.0170628910933353,000568
2014-12-31,20.15,20.69,20.15,20.4,22157182.0,451026432.0,1400462039.0,0.0158213370894518,000568
2015-01-05,20.5,21.99,20.32,21.9,59304756.0,1261231232.0,1400462039.0,0.0423465644540758,000568
2015-01-06,21.57,21.77,21.28,21.58,40116720.0,863250432.0,1400462039.0,0.028645346237764,000568
2015-01-07,21.62,22.37,21.3,21.59,30594584.0,666507200.0,1400462039.0,0.0218460644758683,000568
2015-01-08,21.58,22.06,21.28,21.64,30290588.0,655702912.0,1400462039.0,0.0216289961144744,000568
2015-01-09,21.46,22.18,21.4,21.42,33466600.0,731845248.0,1400462039.0,0.0238968276668868,000568
2015-01-12,19.5,19.95,19.28,19.37,84723544.0,1652420736.0,1400462039.0,0.0604968514965938,000568
2015-01-13,19.2,19.54,18.8,19.1,38861708.0,745822144.0,1400462039.0,0.0277492048465299,000568
2015-01-14,19.19,19.49,19.06,19.24,20610186.0,397070624.0,1400462039.0,0.014716704506119,000568
2015-01-15,19.25,19.34,18.91,19.34,20932900.0,400332832.0,1400462039.0,0.0149471384564962,000568
2015-01-16,19.2,19.58,19.2,19.45,24540024.0,476024800.0,1400462039.0,0.0175228055574593,000568
2015-01-19,18.95,19.2,18.05,18.32,32386490.0,608128704.0,1400462039.0,0.0231255750588752,000568
2015-01-20,18.39,18.84,18.39,18.66,19520168.0,363648384.0,1400462039.0,0.013938377090134,000568
2015-01-21,18.8,19.18,18.6,19.14,21665412.0,410543904.0,1400462039.0,0.0154701886924905,000568
2015-01-22,19.28,19.33,19.09,19.26,20697482.0,397433056.0,1400462039.0,0.0147790382199713,000568
2015-01-23,19.3,19.45,19.14,19.22,19027334.0,366942816.0,1400462039.0,0.0135864689439111,000568
2015-01-26,19.35,19.56,19.25,19.53,19794360.0,384557376.0,1400462039.0,0.0141341639036029,000568
2015-01-27,19.56,19.91,19.31,19.59,23841654.0,467251168.0,1400462039.0,0.0170241344185409,000568
2015-01-28,19.55,19.55,19.21,19.25,17008644.0,329732064.0,1400462039.0,0.012145023232579,000568
2015-01-29,19.04,19.23,19.0,19.15,12421826.0,237384624.0,1400462039.0,0.0088698055742159,000568
2015-01-30,19.15,19.51,19.11,19.12,14177179.0,273052416.0,1400462039.0,0.0101232154854573,000568
2015-02-02,18.88,18.95,18.65,18.71,17112152.0,320954208.0,1400462039.0,0.0122189331259695,000568
2015-02-03,18.79,18.97,18.7,18.94,13509985.0,254339216.0,1400462039.0,0.0096468055711433,000568
2015-02-04,19.0,19.15,18.89,18.91,12431392.0,236509008.0,1400462039.0,0.0088766361770695,000568
2015-02-05,19.05,19.28,18.76,18.8,19343500.0,368005376.0,1400462039.0,0.0138122272945093,000568
2015-02-06,18.75,18.84,18.12,18.21,14811880.0,272999456.0,1400462039.0,0.0105764237712408,000568
2015-02-09,18.2,18.65,18.17,18.53,10885099.0,201090912.0,1400462039.0,0.0077725055709275,000568
2015-02-10,19.19,20.38,19.19,19.66,47127824.0,929346624.0,1400462039.0,0.0336516254547332,000568
2015-02-11,19.57,19.95,19.5,19.86,22049036.0,435558080.0,1400462039.0,0.0157441154318928,000568
2015-02-12,19.89,20.26,19.82,19.96,17013130.0,340689056.0,1400462039.0,0.0121482264611386,000568
2015-02-13,20.3,20.87,20.11,20.53,34321056.0,707769664.0,1400462039.0,0.0245069520231387,000568
2015-02-16,20.49,20.5,20.2,20.34,17287164.0,351682784.0,1400462039.0,0.0123439004546984,000568
2015-02-17,20.37,20.54,19.91,20.06,15198135.0,307119008.0,1400462039.0,0.0108522291763454,000568
2015-02-25,20.08,20.48,19.91,20.14,14807748.0,299477376.0,1400462039.0,0.0105734733164016,000568
2015-02-26,20.07,20.5,20.05,20.39,13575976.0,276163840.0,1400462039.0,0.0096939264485126,000568
2015-02-27,20.5,20.97,20.35,20.36,20380328.0,421517056.0,1400462039.0,0.0145525743879159,000568
2015-03-02,20.33,20.47,19.95,20.22,18792380.0,378807712.0,1400462039.0,0.0134187000266131,000568
2015-03-03,20.2,20.22,19.83,19.94,17675092.0,354237664.0,1400462039.0,0.0126209004655498,000568
2015-03-04,19.98,20.43,19.88,20.37,19175254.0,388000416.0,1400462039.0,0.013692091228472,000568
2015-03-05,20.3,20.57,20.09,20.32,14924691.0,302895104.0,1400462039.0,0.0106569764723197,000568
2015-03-06,20.35,20.83,20.35,20.65,20079544.0,414489312.0,1400462039.0,0.014337799555308,000568
2015-03-09,20.73,20.85,20.28,20.75,16387361.0,337217824.0,1400462039.0,0.0117013960704721,000568
2015-03-10,20.77,21.25,20.62,20.95,22876312.0,480276960.0,1400462039.0,0.0163348319075716,000568
2015-03-11,20.95,21.37,20.75,20.8,15350391.0,323118752.0,1400462039.0,0.0109609475819572,000568
2015-03-12,20.98,21.2,20.65,21.0,14243006.0,298680384.0,1400462039.0,0.0101702192586171,000568
2015-03-13,21.1,21.11,20.73,20.84,12569830.0,262116496.0,1400462039.0,0.0089754878389816,000568
2015-03-16,21.0,21.74,20.91,21.61,27033404.0,577237376.0,1400462039.0,0.0193032036907642,000568
2015-03-17,21.75,23.71,21.75,22.61,38092652.0,863873216.0,1400462039.0,0.0272000603652206,000568
2015-03-18,22.9,23.63,22.71,23.01,32393872.0,747847488.0,1400462039.0,0.0231308461764025,000568
2015-03-19,23.0,23.0,22.34,22.59,23269800.0,525716544.0,1400462039.0,0.0166158020367448,000568
2015-03-20,22.78,23.15,22.51,22.99,24865504.0,567526336.0,1400462039.0,0.0177552145702965,000568
2015-03-23,22.96,23.4,22.79,23.12,20603312.0,477098528.0,1400462039.0,0.0147117961260212,000568
2015-03-24,23.14,23.6,22.55,23.49,32488984.0,752160896.0,1400462039.0,0.0231987609055071,000568
2015-03-25,23.18,23.39,22.86,23.01,21077760.0,487078848.0,1400462039.0,0.01505057574788,000568
2015-03-26,22.97,24.96,22.7,24.51,39032352.0,932020736.0,1400462039.0,0.027871053204606,000568
2015-03-27,24.7,25.25,24.26,24.29,27217304.0,673060672.0,1400462039.0,0.0194345174964074,000568
2015-03-30,24.2,25.45,24.11,25.3,26824050.0,671715072.0,1400462039.0,0.0191537144549478,000568
2015-03-31,25.01,25.35,24.41,24.54,24914864.0,619257984.0,1400462039.0,0.0177904600811532,000568
2015-04-01,24.57,24.78,24.05,24.55,19086174.0,466723680.0,1400462039.0,0.0136284836493165,000568
2015-04-02,24.63,25.19,24.28,24.76,33109970.0,814321984.0,1400462039.0,0.0236421759947468,000568
2015-04-03,24.67,24.79,24.35,24.61,20152616.0,494419968.0,1400462039.0,0.0143899766211371,000568
2015-04-07,24.61,25.16,24.36,25.0,31479104.0,781093632.0,1400462039.0,0.0224776560330601,000568
2015-04-08,25.0,25.85,24.67,24.82,33718376.0,850076096.0,1400462039.0,0.0240766083342584,000568
2015-04-09,24.83,25.07,23.69,24.0,27674626.0,671091968.0,1400462039.0,0.019761068296975,000568
2015-04-10,24.01,24.49,23.93,24.4,29127776.0,704004864.0,1400462039.0,0.0207986901385764,000568
2015-04-13,24.41,24.9,24.11,24.85,37837720.0,926418496.0,1400462039.0,0.0270180261558664,000568
2015-04-14,24.7,25.8,24.45,25.43,43409396.0,1095494016.0,1400462039.0,0.0309964817261283,000568
2015-04-15,25.45,25.7,24.5,24.53,30114076.0,754581440.0,1400462039.0,0.0215029577106588,000568
2015-04-16,24.47,26.98,24.14,26.38,60741504.0,1577867264.0,1400462039.0,0.0433724744466279,000568
2015-04-17,26.6,26.77,25.77,25.97,43768924.0,1144049536.0,1400462039.0,0.0312532027153361,000568
2015-04-20,25.65,25.98,25.0,25.02,41000620.0,1045520768.0,1400462039.0,0.0292764950839199,000568
2015-04-21,25.27,26.89,25.27,26.88,49735176.0,1304855424.0,1400462039.0,0.0355134053012343,000568
2015-04-22,27.11,27.45,26.64,27.41,35079616.0,950722752.0,1400462039.0,0.0250486018350405,000568
2015-04-23,27.0,27.0,26.28,26.81,49742588.0,1324719232.0,1400462039.0,0.0355186978402632,000568
2015-04-24,26.5,26.78,25.88,26.03,31393338.0,824999808.0,1400462039.0,0.0224164148157963,000568
2015-04-27,26.19,26.6,25.92,26.34,35023952.0,918740800.0,1400462039.0,0.0250088549526189,000568
2015-04-28,26.22,26.35,25.1,25.25,30817388.0,790492416.0,1400462039.0,0.0220051576849631,000568
2015-04-29,25.3,25.85,25.3,25.63,17674264.0,452953728.0,1400462039.0,0.0126203092321019,000568
2015-04-30,25.7,25.97,25.5,25.7,17356370.0,445688224.0,1400462039.0,0.0123933170030037,000568
2015-05-04,25.76,26.2,25.5,25.97,21299468.0,550960512.0,1400462039.0,0.0152088863581114,000568
2015-05-05,25.86,25.86,24.2,24.25,28953292.0,721540992.0,1400462039.0,0.0206740998282781,000568
2015-05-06,24.37,24.6,23.54,23.69,23588280.0,571825344.0,1400462039.0,0.0168432126991769,000568
2015-05-07,23.69,23.98,23.23,23.4,20559504.0,485323680.0,1400462039.0,0.0146805150210858,000568
2015-05-08,23.7,23.94,23.3,23.93,20185816.0,478353728.0,1400462039.0,0.0144136830830585,000568
2015-05-11,24.04,24.49,23.68,24.49,26198384.0,631266816.0,1400462039.0,0.0187069576114372,000568
2015-05-12,24.46,24.8,24.27,24.5,20800236.0,509148192.0,1400462039.0,0.0148524097196182,000568
2015-05-13,24.39,24.8,24.14,24.32,23987334.0,587419072.0,1400462039.0,0.0171281572309722,000568
2015-05-14,24.27,24.28,23.8,24.14,19358040.0,465172800.0,1400462039.0,0.0138226095823508,000568
2015-05-15,24.12,24.38,23.66,23.76,22030188.0,527353056.0,1400462039.0,0.015730657016402,000568
2015-05-18,23.72,24.0,23.57,23.95,17699264.0,420519680.0,1400462039.0,0.0126381604835488,000568
2015-05-19,23.88,24.45,23.8,24.43,29119336.0,706301120.0,1400462039.0,0.020792663556088,000568
2015-05-20,24.45,25.05,24.35,24.55,38885396.0,959974272.0,1400462039.0,0.0277661192643008,000568
2015-05-21,24.51,25.55,24.51,25.46,41734224.0,1050983680.0,1400462039.0,0.0298003250625774,000568
2015-05-22,26.5,26.99,25.91,26.29,57489704.0,1517402880.0,1400462039.0,0.0410505264684293,000568
2015-05-25,26.01,26.79,26.0,26.6,43912672.0,1162863488.0,1400462039.0,0.0313558459830555,000568
2015-05-26,26.6,27.44,26.25,27.2,51134272.0,1369661184.0,1400462039.0,0.0365124298810072,000568
2015-05-27,27.19,27.38,26.54,26.81,39761112.0,1069332672.0,1400462039.0,0.0283914243247831,000568
2015-05-28,26.85,27.72,25.29,25.37,52252136.0,1397006080.0,1400462039.0,0.0373106407349039,000568
2015-05-29,25.48,25.8,24.46,25.21,32162096.0,811491264.0,1400462039.0,0.0229653465101884,000568
2015-06-01,25.45,26.37,25.22,26.33,30358924.0,787192448.0,1400462039.0,0.0216777914392294,000568
2015-06-02,26.42,26.81,26.12,26.8,36087448.0,955886912.0,1400462039.0,0.025768244332969,000568
2015-06-03,26.82,27.34,26.04,26.4,34439528.0,918210432.0,1400462039.0,0.0245915469615952,000568
2015-06-04,26.88,27.26,25.28,26.95,42480092.0,1124440320.0,1400462039.0,0.0303329121511447,000568
2015-06-05,27.5,28.36,27.02,28.11,64141340.0,1780641664.0,1400462039.0,0.0458001275391942,000568
2015-06-08,28.13,29.36,27.91,29.1,62588300.0,1791221376.0,1400462039.0,0.0446911792373116,000568
2015-06-09,29.0,29.63,27.99,28.28,61797056.0,1771430144.0,1400462039.0,0.0441261914133182,000568
2015-06-10,28.3,29.27,28.05,28.82,65765568.0,1893413888.0,1400462039.0,0.0469599076365967,000568
2015-06-11,28.59,28.89,28.31,28.61,33958112.0,970424128.0,1400462039.0,0.0242477918389332,000568
2015-06-12,28.63,30.81,28.63,29.8,57660648.0,1721084288.0,1400462039.0,0.0411725890415227,000568
2015-06-15,29.8,31.0,29.53,29.93,50838136.0,1542755840.0,1400462039.0,0.0363009739530683,000568
2015-06-16,29.6,29.71,28.09,28.4,38594248.0,1117186688.0,1400462039.0,0.0275582250180506,000568
2015-06-17,28.4,28.88,27.43,28.71,33154048.0,932037888.0,1400462039.0,0.0236736498931978,000568
2015-06-18,28.96,29.75,27.8,27.89,36546544.0,1058284992.0,1400462039.0,0.0260960618583393,000568
2015-06-19,27.58,28.3,26.01,26.25,31323242.0,854367552.0,1400462039.0,0.0223663627629395,000568
2015-06-23,27.5,28.88,26.68,28.88,54216364.0,1510462208.0,1400462039.0,0.038713197851984,000568
2015-06-24,29.9,31.77,29.4,31.77,82085568.0,2538076160.0,1400462039.0,0.0586132045811203,000568
2015-06-25,32.89,33.77,31.01,31.95,91782240.0,2982152192.0,1400462039.0,0.0655371137839174,000568
2015-06-26,30.9,33.11,29.0,31.0,103524280.0,3256888576.0,1400462039.0,0.0739215181254905,000568
2015-06-29,31.96,34.1,31.4,33.95,151028736.0,5012710400.0,1400462039.0,0.1078420776816214,000568
2015-06-30,32.0,33.89,30.56,32.61,116340160.0,3703145984.0,1400525461.0,0.0830689360812698,000568
2015-07-01,31.35,34.24,30.56,30.77,96492528.0,3119256320.0,1400525461.0,0.0688973750831367,000568
2015-07-02,30.0,30.22,27.69,27.69,69058256.0,1967908480.0,1400525461.0,0.0493088186705946,000568
2015-07-03,25.27,27.67,24.92,24.92,66536396.0,1687838720.0,1400525461.0,0.0475081659368704,000568
2015-07-06,27.0,27.0,22.43,24.4,91013624.0,2244109312.0,1400525461.0,0.0649853405271294,000568
2015-07-07,23.45,24.0,21.96,22.0,78729600.0,1759822848.0,1400525461.0,0.0562143296872201,000568
2015-07-08,19.8,20.5,19.8,19.8,71780792.0,1434498176.0,1400525461.0,0.051252757624804,000568
2015-07-09,19.89,21.78,19.89,21.78,46418880.0,984222912.0,1400525461.0,0.0331439029797117,000568
2015-07-10,23.0,23.96,22.8,23.96,65667936.0,1565322112.0,1400525461.0,0.0468880701055673,000568
2015-07-13,24.6,26.36,24.0,26.36,85355960.0,2166642944.0,1400525461.0,0.0609456681630438,000568
2015-07-14,25.5,27.2,25.0,25.21,64079044.0,1653388672.0,1400525461.0,0.0457535730583908,000568
2015-07-15,24.66,24.98,22.7,24.2,56990364.0,1365202304.0,1400525461.0,0.0406921299090898,000568
2015-07-16,24.2,25.5,23.0,24.77,38584076.0,946925824.0,1400525461.0,0.0275497140712103,000568
2015-07-17,24.9,26.11,24.77,25.7,38973552.0,992509760.0,1400525461.0,0.027827806837708,000568
2015-07-20,25.5,25.94,24.54,24.91,45731088.0,1151871232.0,1400525461.0,0.0326528073023015,000568
2015-07-21,24.5,25.48,24.25,25.18,29862296.0,745536320.0,1400525461.0,0.0213222085792555,000568
2015-07-22,25.1,25.77,24.5,25.13,33871960.0,851749824.0,1400525461.0,0.0241851797366217,000568
2015-07-23,25.12,25.8,24.77,25.61,40933568.0,1036490624.0,1400525461.0,0.0292272929981385,000568
2015-07-24,25.67,26.61,25.21,25.42,49069224.0,1275797632.0,1400525461.0,0.0350362955664966,000568
2015-07-27,24.86,25.1,22.88,22.88,50728116.0,1221163008.0,1400525461.0,0.0362207738542498,000568
2015-07-28,22.0,23.74,21.41,23.36,51558888.0,1161803648.0,1400525461.0,0.0368139597856264,000568
2015-07-29,23.3,24.2,22.89,24.14,26696978.0,624123328.0,1400525461.0,0.0190621154298315,000568
2015-07-30,24.0,25.5,23.77,23.91,43038852.0,1061790592.0,1400525461.0,0.0307305030850845,000568
2015-07-31,23.43,25.0,23.43,24.82,36383924.0,891903232.0,1400525461.0,0.0259787665509638,000568
2015-08-03,24.51,25.2,24.05,25.07,35002776.0,864059008.0,1400525461.0,0.0249926024015353,000568
2015-08-04,25.0,26.02,24.85,25.82,30334368.0,772030272.0,1400525461.0,0.0216592763535628,000568
2015-08-05,25.8,25.8,24.98,25.2,21173768.0,537575808.0,1400525461.0,0.0151184456046101,000568
2015-08-06,24.68,25.22,24.45,24.75,15819075.0,392495744.0,1400525461.0,0.0112950999039352,000568
2015-08-07,25.03,25.53,24.8,25.17,16865088.0,424942848.0,1400525461.0,0.0120419717239256,000568
2015-08-10,25.45,26.38,25.45,26.12,31741844.0,822889216.0,1400525461.0,0.0226642391615899,000568
2015-08-11,26.3,27.28,26.09,26.81,34133364.0,913384896.0,1400525461.0,0.0243718268253603,000568
2015-08-12,26.6,27.12,26.05,26.06,21967428.0,582476096.0,1400525461.0,0.0156851329102684,000568
2015-08-13,26.0,26.45,25.13,26.31,19626812.0,509802272.0,1400525461.0,0.0140138916046453,000568
2015-08-14,26.77,28.09,26.6,27.4,38498172.0,1056767552.0,1400525461.0,0.0274883770927746,000568
2015-08-17,27.0,27.78,26.8,27.45,23495614.0,640104064.0,1400525461.0,0.0167762847975814,000568
2015-08-18,27.47,27.85,24.8,25.12,31904728.0,841482624.0,1400525461.0,0.0227805412243055,000568
2015-08-19,24.71,26.08,24.5,25.9,27931692.0,708059712.0,1400525461.0,0.0199437231080799,000568
2015-08-20,25.68,25.98,25.11,25.39,17174358.0,438357184.0,1400525461.0,0.0122627959849706,000568
2015-08-21,24.2,24.43,22.93,23.0,20123940.0,477063456.0,1400525461.0,0.0143688498070082,000568
2015-08-24,22.29,22.4,20.7,20.7,23874084.0,503876320.0,1400525461.0,0.017046519085025,000568
2015-08-25,19.15,21.26,18.65,19.42,38037316.0,751198784.0,1400525461.0,0.0271593177412431,000568
2015-08-26,19.59,20.8,18.94,19.66,28774952.0,572983744.0,1400525461.0,0.0205458256927754,000568
2015-08-27,20.2,21.15,19.92,21.14,27054454.0,550117888.0,1400525461.0,0.0193173596292084,000568
2015-08-28,21.28,22.3,20.84,22.0,30980698.0,660290432.0,1400525461.0,0.0221207674281617,000568
2015-08-31,21.53,21.83,20.89,21.83,24195908.0,516781344.0,1400525461.0,0.0172763071245585,000568
2015-09-01,21.51,21.56,20.28,21.4,26249128.0,552498240.0,1400525461.0,0.0187423425927991,000568
2015-09-02,20.51,22.0,20.51,21.76,32504552.0,695536192.0,1400525461.0,0.0232088261907007,000568
2015-09-07,21.5,22.5,20.78,20.8,19964734.0,432052448.0,1400525461.0,0.0142551739014761,000568
2015-09-08,20.7,21.3,19.99,21.2,15818876.0,326055040.0,1400525461.0,0.0112949578144084,000568
2015-09-09,21.26,21.95,21.07,21.82,19164426.0,414865152.0,1400525461.0,0.0136837398059984,000568
2015-09-10,21.49,21.75,21.08,21.11,11498640.0,246893952.0,1400525461.0,0.0082102327449225,000568
2015-09-11,21.14,21.38,20.9,21.11,9062016.0,191160128.0,1400525461.0,0.0064704400257954,000568
2015-09-14,21.18,21.41,19.8,20.03,18260398.0,376927520.0,1400525461.0,0.0130382477923405,000568
2015-09-15,20.0,20.58,19.6,19.82,13768216.0,277038976.0,1400525461.0,0.0098307502315375,000568
2015-09-16,19.99,21.48,19.8,21.17,13074184.0,268809600.0,1400525461.0,0.0093351990835388,000568
2015-09-17,21.02,21.22,20.4,20.45,12945806.0,270244992.0,1400525461.0,0.0092435349163566,000568
2015-09-18,20.6,21.08,20.51,20.81,9577876.0,199278224.0,1400525461.0,0.0068387732081366,000568
2015-09-21,20.6,21.46,20.6,21.33,10896621.0,230632112.0,1400525461.0,0.0077803805096264,000568
2015-09-22,21.39,21.69,21.18,21.35,12662111.0,271152640.0,1400525461.0,0.0090409716585652,000568
2015-09-23,20.9,21.16,20.63,20.81,7918835.0,165465152.0,1400525461.0,0.0056541885317428,000568
2015-09-24,20.98,21.24,20.81,21.22,8111143.0,171124880.0,1400525461.0,0.0057914998519259,000568
2015-09-25,21.25,21.58,20.8,20.9,8724814.0,184934592.0,1400525461.0,0.0062296718217249,000568
2015-09-28,20.99,21.0,20.41,20.75,6004993.0,124071368.0,1400525461.0,0.0042876714256321,000568
2015-09-29,20.51,20.82,20.35,20.46,7187136.0,147773328.0,1400525461.0,0.0051317424781897,000568
2015-09-30,20.48,20.73,20.48,20.54,6064836.0,125015336.0,1400525461.0,0.0043304003882011,000568
2015-10-08,21.2,21.35,20.98,21.15,12101240.0,256450944.0,1400525461.0,0.0086404998245155,000568
2015-10-09,21.15,21.29,20.93,21.2,9820735.0,207636912.0,1400525461.0,0.007012178838211,000568
2015-10-12,21.26,22.17,21.26,21.98,17510562.0,381700096.0,1400525461.0,0.0125028515993541,000568
2015-10-13,21.82,22.05,21.56,21.93,11195680.0,244309584.0,1400525461.0,0.0079939139357067,000568
2015-10-14,21.89,22.3,21.77,21.81,12797405.0,281537248.0,1400525461.0,0.0091375739723163,000568
2015-10-15,21.79,22.35,21.75,22.28,12169525.0,269551552.0,1400525461.0,0.008689256524698,000568
2015-10-16,22.35,22.62,22.26,22.54,12895996.0,289401408.0,1400525461.0,0.0092079696935977,000568
2015-10-19,22.58,22.65,22.16,22.24,11603448.0,259924848.0,1400525461.0,0.0082850675143848,000568
2015-10-20,22.3,22.5,22.01,22.39,10368862.0,230845744.0,1400525461.0,0.0074035512304049,000568
2015-10-21,22.39,22.58,21.3,21.45,15014901.0,330328064.0,1400525461.0,0.0107209054159423,000568
2015-10-22,21.47,21.88,21.38,21.8,8793543.0,190259920.0,1400525461.0,0.0062787455457762,000568
2015-10-23,21.86,23.05,21.86,22.68,17251764.0,389447168.0,1400525461.0,0.0123180652408003,000568
2015-10-26,22.78,22.99,22.43,22.65,14909805.0,338089728.0,1400525461.0,0.0106458650093759,000568
2015-10-27,22.51,22.59,21.96,22.48,9396033.0,209321360.0,1400525461.0,0.0067089340834197,000568
2015-10-28,22.43,23.13,22.23,22.81,16885488.0,386609472.0,1400525461.0,0.0120565376854651,000568
2015-10-29,22.77,23.83,22.52,23.6,20941164.0,489124800.0,1400525461.0,0.0149523622262801,000568
2015-10-30,23.2,24.55,23.2,24.18,19729748.0,475423136.0,1400525461.0,0.0140873897329311,000568
2015-11-02,23.81,24.57,23.58,23.94,14877587.0,359197504.0,1400525461.0,0.0106228607863916,000568
2015-11-03,23.99,24.18,23.25,23.35,9839522.0,232433216.0,1400525461.0,0.0070255930891641,000568
2015-11-04,23.46,24.5,23.46,24.47,12616371.0,304255648.0,1400525461.0,0.0090083124879369,000568
2015-11-05,24.47,25.6,24.36,24.82,27428248.0,685763328.0,1400525461.0,0.0195842551697815,000568
2015-11-06,24.78,25.17,24.45,24.98,16899880.0,418079808.0,1400525461.0,0.0120668138285277,000568
2015-11-09,25.65,26.11,24.8,24.9,30457832.0,773595776.0,1400525461.0,0.0217474318376565,000568
2015-11-10,24.71,25.2,24.58,24.88,17597204.0,438549760.0,1400525461.0,0.012564715522869,000568
2015-11-11,24.91,25.09,24.43,24.75,17346900.0,428013888.0,1400525461.0,0.0123859940308503,000568
2015-11-12,24.7,24.78,24.26,24.47,11679013.0,285668256.0,1400525461.0,0.0083390222635873,000568
2015-11-13,24.22,24.6,23.56,23.8,19779336.0,474673664.0,1400525461.0,0.0141227964437556,000568
2015-11-16,23.63,24.6,23.62,24.5,16855540.0,408954464.0,1400525461.0,0.012035154282711,000568
2015-11-17,24.9,25.08,24.17,24.5,19374252.0,480298144.0,1400525461.0,0.0138335592886447,000568
2015-11-18,24.5,24.58,24.06,24.17,10990388.0,266740448.0,1400525461.0,0.0078473318094143,000568
2015-11-19,24.2,24.55,24.19,24.45,7453183.0,181498688.0,1400525461.0,0.005321704751214,000568
2015-11-20,24.45,24.96,24.4,24.84,13993889.0,344836032.0,1400525461.0,0.0099918847530327,000568
2015-11-23,24.78,24.89,24.4,24.52,12048770.0,296902592.0,1400525461.0,0.0086030353146146,000568
2015-11-24,24.5,24.59,24.15,24.53,8477531.0,206315184.0,1400525461.0,0.006053107377246,000568
2015-11-25,24.47,24.59,24.15,24.5,10707844.0,261190944.0,1400525461.0,0.0076455903860215,000568
2015-11-26,24.55,24.67,24.22,24.3,9206756.0,225293872.0,1400525461.0,0.0065737869509535,000568
2015-11-27,24.21,24.28,23.08,23.13,17220718.0,407298912.0,1400525461.0,0.0122958978465868,000568
2015-11-30,23.3,23.37,22.6,23.2,12318118.0,284204096.0,1400525461.0,0.008795354560141,000568
2015-12-01,23.21,23.98,23.01,23.79,10604030.0,249583696.0,1400525461.0,0.0075714653501754,000568
2015-12-02,23.7,24.88,23.57,24.88,22920086.0,561366528.0,1400525461.0,0.0163653476057726,000568
2015-12-03,24.76,24.98,24.49,24.85,10366538.0,256656576.0,1400525461.0,0.0074018918532177,000568
2015-12-04,24.7,25.12,24.2,24.99,18464990.0,456311584.0,1400525461.0,0.0131843301062271,000568
2015-12-07,25.0,25.27,24.7,24.99,13295942.0,331379520.0,1400525461.0,0.0094935382256502,000568
2015-12-08,24.75,25.01,24.05,24.2,10258342.0,250669136.0,1400525461.0,0.0073246379917115,000568
2015-12-09,24.1,24.43,24.05,24.26,6383554.0,154610016.0,1400525461.0,0.0045579706886885,000568
2015-12-10,24.26,24.37,23.85,23.94,9222379.0,223127200.0,1400525461.0,0.0065849420498325,000568
2015-12-11,23.86,24.54,23.75,24.31,8337034.0,200855520.0,1400525461.0,0.0059527900292845,000568
2015-12-14,24.1,25.11,24.04,24.99,12397810.0,306241472.0,1400525461.0,0.0088522560604844,000568
2015-12-15,25.0,25.45,24.86,25.27,13381259.0,336949184.0,1400525461.0,0.0095544560756828,000568
2015-12-16,25.27,25.34,24.75,24.86,10010105.0,250266816.0,1400525461.0,0.0071473923743254,000568
2015-12-17,25.25,25.81,25.11,25.6,14793660.0,377033056.0,1400525461.0,0.0105629354209933,000568
2015-12-18,25.7,26.11,25.38,25.92,13598720.0,350800544.0,1400525461.0,0.0097097270836406,000568
2015-12-21,25.9,28.51,25.8,28.24,42988256.0,1199299584.0,1400525461.0,0.0306943766443957,000568
2015-12-22,28.18,28.51,27.35,27.9,24697960.0,685398016.0,1400525461.0,0.0176347811501871,000568
2015-12-23,27.99,28.28,26.95,27.29,24109944.0,661699328.0,1400525461.0,0.0172149273050595,000568
2015-12-24,27.28,27.56,27.0,27.32,12123162.0,330739264.0,1400525461.0,0.0086561525210286,000568
2015-12-25,27.41,27.55,26.51,26.92,13859060.0,374364384.0,1400525461.0,0.0098956144575225,000568
2015-12-28,27.14,27.3,26.1,26.2,19895362.0,530650720.0,1400525461.0,0.0142056410640291,000568
2015-12-29,26.13,26.77,26.01,26.7,16075553.0,423466656.0,1400525461.0,0.0114782297413727,000568
2015-12-30,26.75,27.13,26.27,26.56,23072734.0,617151616.0,1400525461.0,0.0164743409830804,000568
2015-12-31,26.87,27.38,26.81,27.12,25008596.0,678516160.0,1401771961.0,0.0178407021225901,000568
2016-01-04,27.0,27.0,24.91,24.99,15192717.0,397241760.0,1401771961.0,0.0108382229226227,000568
2016-01-05,24.6,26.1,24.5,25.4,23502454.0,595365952.0,1401771961.0,0.0167662463324161,000568
2016-01-06,25.38,26.09,25.03,25.93,15226470.0,390080608.0,1401771961.0,0.0108623017321146,000568
2016-01-07,25.38,25.49,23.79,23.98,5762100.0,141091264.0,1401771961.0,0.0041105830051625,000568
2016-01-08,24.55,24.73,23.41,24.16,21574932.0,523889376.0,1401771961.0,0.0153911852999319,000568
2016-01-11,23.79,24.1,22.84,22.86,14123765.0,330600512.0,1401771961.0,0.0100756509567535,000568
2016-01-12,22.98,23.31,22.61,22.87,9041220.0,208302896.0,1401771961.0,0.006449850797094,000568
2016-01-13,22.89,23.46,22.32,22.41,12977354.0,299092096.0,1401771961.0,0.0092578210729384,000568
2016-01-14,21.98,23.18,21.33,23.03,11781558.0,264801936.0,1401771961.0,0.0084047607797742,000568
2016-01-15,22.85,23.43,22.11,22.4,9341889.0,213839648.0,1401771961.0,0.0066643428887931,000568
2016-01-18,22.01,22.83,21.9,22.45,8660796.0,195547424.0,1401771961.0,0.0061784628605508,000568
2016-01-19,22.5,23.3,22.3,23.15,10703933.0,244929776.0,1401771961.0,0.0076360016449209,000568
2016-01-20,22.95,23.15,22.4,22.68,9567641.0,217925920.0,1401771961.0,0.006825390481612,000568
2016-01-21,22.35,22.9,21.89,21.9,8656240.0,193801456.0,1401771961.0,0.0061752126885351,000568
2016-01-22,22.4,22.4,21.5,22.05,6941897.0,152093424.0,1401771961.0,0.0049522298869837,000568
2016-01-25,22.24,22.52,22.06,22.3,5171329.0,115427512.0,1401771961.0,0.003689137137763,000568
2016-01-26,22.31,22.68,20.6,21.0,11045311.0,242856176.0,1401771961.0,0.0078795348368364,000568
2016-01-27,21.21,21.21,20.04,20.78,10612923.0,217908816.0,1401771961.0,0.0075710766767148,000568
2016-01-28,20.56,20.94,20.01,20.26,6101362.0,125513296.0,1401771961.0,0.004352606679083,000568
2016-01-29,20.31,21.69,20.3,21.25,7796615.0,162623936.0,1401771961.0,0.005561971003071,000568
2016-02-01,21.1,21.55,20.9,21.2,9143503.0,193930592.0,1401771961.0,0.0065228177295522,000568
2016-02-02,21.21,21.78,21.14,21.45,7519994.0,161681536.0,1401771961.0,0.0053646343408348,000568
2016-02-03,21.28,21.62,21.12,21.57,4681923.0,100239496.0,1401771961.0,0.0033400033174154,000568
2016-02-04,21.59,21.85,21.51,21.66,7071270.0,153269824.0,1401771961.0,0.0050445223593682,000568
2016-02-05,21.73,21.73,21.03,21.17,5965441.0,127149440.0,1401771961.0,0.0042556429761545,000568
2016-02-15,20.61,21.05,20.52,20.86,4294057.0,89322712.0,1401771961.0,0.0030633063861091,000568
2016-02-16,20.94,21.53,20.93,21.47,6657084.0,141942848.0,1401771961.0,0.0047490491928879,000568
2016-02-17,21.4,21.66,21.32,21.56,7543787.0,162339680.0,1401771961.0,0.0053816078576849,000568
2016-02-18,21.69,21.88,21.39,21.45,9810208.0,212155472.0,1401771961.0,0.0069984336061348,000568
2016-02-19,21.45,21.55,21.31,21.41,5717297.0,122596752.0,1401771961.0,0.0040786213157819,000568
2016-02-22,21.59,21.92,21.5,21.72,12347879.0,268171712.0,1401771961.0,0.0088087644378271,000568
2016-02-23,21.76,22.66,21.76,22.24,18713368.0,416192608.0,1401771961.0,0.0133497947745011,000568
2016-02-24,22.07,22.55,22.0,22.39,9837184.0,219184000.0,1401771961.0,0.0070176778204226,000568
2016-02-25,22.46,22.46,20.68,20.8,13056043.0,280048896.0,1401771961.0,0.0093139564517227,000568
2016-02-26,21.01,21.26,20.55,21.0,8759815.0,183429248.0,1401771961.0,0.0062491013115648,000568
2016-02-29,20.96,20.98,19.51,19.82,13729456.0,274545152.0,1401771961.0,0.0097943577000967,000568
2016-03-01,19.82,20.35,19.58,20.12,8557703.0,171145312.0,1401771961.0,0.0061049180880284,000568
2016-03-02,20.12,21.1,20.12,20.98,10378190.0,214891728.0,1401771961.0,0.0074036221930108,000568
2016-03-03,21.03,21.9,20.92,21.3,14461400.0,311498144.0,1401771961.0,0.010316513956866,000568
2016-03-04,21.21,21.88,21.15,21.8,18411976.0,396543136.0,1401771961.0,0.013134786907041,000568
2016-03-07,21.88,22.72,21.68,22.52,18120426.0,405939808.0,1401771961.0,0.0129268001530528,000568
2016-03-08,22.37,22.47,21.32,22.1,13726837.0,299458944.0,1401771961.0,0.0097924893505556,000568
2016-03-09,21.76,21.93,21.5,21.76,5161523.0,112130808.0,1401771961.0,0.0036821417060716,000568
2016-03-10,21.75,22.65,21.67,22.12,15131025.0,338064032.0,1401771961.0,0.0107942129112111,000568
2016-03-11,22.1,22.63,21.73,22.26,8121336.0,181278544.0,1401771961.0,0.0057936213777641,000568
2016-03-14,22.42,23.0,22.41,22.54,10304956.0,234208896.0,1401771961.0,0.0073513783173752,000568
2016-03-15,22.43,22.88,22.03,22.61,6369026.0,142983312.0,1401771961.0,0.0045435535716211,000568
2016-03-16,22.54,22.83,22.11,22.53,7826791.0,176365136.0,1401771961.0,0.0055834980423039,000568
2016-03-17,22.66,23.05,22.5,22.9,7523080.0,171632272.0,1401771961.0,0.0053668358401413,000568
2016-03-18,22.91,23.46,22.73,23.4,14820803.0,341949056.0,1401771961.0,0.0105729058736679,000568
2016-03-21,23.39,24.06,23.01,23.38,25102632.0,588232064.0,1401771961.0,0.0179077857871348,000568
2016-03-22,23.39,24.03,23.21,23.68,16725000.0,396173440.0,1401771961.0,0.0119313272524503,000568
2016-03-23,23.58,23.93,23.41,23.67,11361316.0,268950016.0,1401771961.0,0.0081049673670851,000568
2016-03-24,23.4,24.74,23.26,24.29,19864852.0,478902784.0,1401771961.0,0.0141712436492371,000568
2016-03-25,24.12,25.16,24.12,24.52,11195904.0,275965888.0,1401771961.0,0.0079869652921385,000568
2016-03-28,24.62,25.79,24.61,25.15,20038886.0,508670208.0,1401771961.0,0.0142953965106454,000568
2016-03-29,25.01,25.39,24.0,24.45,14210320.0,351369216.0,1401771961.0,0.0101373978046062,000568
2016-03-30,24.6,24.96,24.38,24.86,10383696.0,256232096.0,1401771961.0,0.0074075500786821,000568
2016-03-31,24.89,25.04,24.5,24.65,8909131.0,220163808.0,1401771961.0,0.0063556207770373,000568
2016-04-01,24.45,24.87,24.16,24.48,7477853.0,183855936.0,1401771961.0,0.0053345716764554,000568
2016-04-05,24.48,24.78,24.3,24.55,10373726.0,254425856.0,1401771961.0,0.0074004376522123,000568
2016-04-06,24.59,25.25,24.49,25.17,12816662.0,318057312.0,1401771961.0,0.0091431861647859,000568
2016-04-07,25.17,25.2,24.16,24.2,10881759.0,269311232.0,1401771961.0,0.0077628596538891,000568
2016-04-08,24.2,24.4,23.44,23.88,10799991.0,258038512.0,1401771961.0,0.0077045277694779,000568
2016-04-11,23.81,24.25,23.68,23.89,15498432.0,370301536.0,1401771961.0,0.0110563147439071,000568
2016-04-12,23.86,23.88,23.43,23.72,6167201.0,145720000.0,1401771961.0,0.004399575088947,000568
2016-04-13,23.79,24.16,23.7,23.85,14722594.0,353007744.0,1401771961.0,0.0105028452627181,000568
2016-04-14,24.04,24.26,23.75,24.15,9137143.0,219372784.0,1401771961.0,0.0065182806149737,000568
2016-04-15,24.1,24.21,23.75,23.92,7051764.0,168702096.0,1401771961.0,0.0050306071145619,000568
2016-04-18,23.79,23.8,23.35,23.48,5643577.0,132880824.0,1401771961.0,0.0040260307361077,000568
2016-04-19,23.58,23.67,23.0,23.5,8204468.0,191142016.0,1401771961.0,0.0058529263163083,000568
2016-05-17,25.78,25.78,24.4,24.56,58682047.0,1464500279.0,1401771961.0,0.0418627627264974,000568
2016-05-18,24.37,24.69,23.5,23.89,25453333.0,614850587.0,1401771961.0,0.0181579698468515,000568
2016-05-19,23.81,24.1,23.49,23.62,17591721.0,418468644.0,1401771961.0,0.0125496311022303,000568
2016-05-20,23.55,23.96,23.37,23.83,14328303.0,339613050.0,1401771961.0,0.0102215648469515,000568
2016-05-23,23.81,24.14,23.64,24.0,12351727.0,295300064.0,1401771961.0,0.0088115095348236,000568
2016-05-24,23.9,23.97,23.22,23.33,11651869.0,274050506.0,1401771961.0,0.0083122428784263,000568
2016-05-25,23.43,23.58,23.1,23.15,9976532.0,232985737.0,1401771961.0,0.0071170862861908,000568
2016-05-26,23.28,23.3,22.69,23.01,8384092.0,192198322.0,1401771961.0,0.0059810669875426,000568
2016-05-27,23.0,23.63,22.91,23.38,9737083.0,227253730.0,1401771961.0,0.0069462674892239,000568
2016-05-30,23.32,23.99,23.1,23.8,11894211.0,282640931.0,1401771961.0,0.0084851254918202,000568
2016-05-31,23.88,24.57,23.88,24.54,15875909.0,387530968.0,1401771961.0,0.0113256003413525,000568
2016-06-01,24.55,25.08,24.45,24.64,15820804.0,391176161.0,1401771961.0,0.011286289382414,000568
2016-06-02,24.8,24.95,24.64,24.82,9150388.0,226704781.0,1401771961.0,0.0065277293700983,000568
2016-06-03,24.9,26.15,24.75,25.58,27367705.0,702566489.0,1401771961.0,0.0195236498955767,000568
2016-06-06,25.92,26.59,25.68,26.27,30282540.0,794623550.0,1401771961.0,0.0216030430358993,000568
2016-06-07,26.32,27.16,26.05,26.98,21859448.0,583221702.0,1401771961.0,0.0155941541193375,000568
2016-06-08,26.96,26.96,26.13,26.3,14484329.0,381646119.0,1401771961.0,0.0103328711109809,000568
2016-06-13,26.0,26.63,25.28,25.28,11882168.0,310319642.0,1401771961.0,0.0084765342228157,000568
2016-06-14,25.4,26.63,25.4,26.58,16237625.0,425785056.0,1401771961.0,0.0115836423125601,000568
2016-06-15,26.36,27.5,26.2,27.31,21858017.0,591829640.0,1401771961.0,0.0155931332685573,000568
2016-06-16,27.13,27.98,27.04,27.31,13277218.0,364809621.0,1401771961.0,0.0094717388914872,000568
2016-06-17,28.2,28.9,28.2,28.76,22194855.0,633246540.0,1401771961.0,0.0158334277025819,000568
2016-06-20,28.7,29.12,28.01,28.85,13993605.0,400032866.0,1401771961.0,0.0099827970521091,000568
2016-06-21,28.98,29.03,28.27,28.34,8730372.0,249116433.0,1401771961.0,0.006228097181921,000568
2016-06-22,28.12,28.81,28.12,28.69,5968614.0,170875970.0,1401771961.0,0.0042579065397642,000568
2016-06-23,28.57,29.58,28.38,28.65,12408880.0,358923674.0,1401771961.0,0.008852281501727,000568
2016-06-24,28.58,29.23,28.0,28.57,12394042.0,353928832.0,1401771961.0,0.0088416963278094,000568
2016-06-27,28.42,30.2,28.42,30.19,17551641.0,523101628.0,1401771961.0,0.0125210387197921,000568
2016-06-28,30.23,30.54,29.86,30.32,10603796.0,320502638.0,1401771961.0,0.0075645656319416,000568
2016-06-29,30.37,30.49,29.74,29.9,7754275.0,232136689.0,1401771961.0,0.0055317663755153,000568
2016-06-30,30.0,30.97,29.48,29.7,18606125.0,562069689.0,1401771961.0,0.0132732894633779,000568
2016-07-01,29.55,30.18,29.4,29.85,8145883.0,243302881.0,1401771961.0,0.0058111327852419,000568
2016-07-04,29.73,30.44,29.53,29.99,11628109.0,349099955.0,1401771961.0,0.0082952929032085,000568
2016-07-05,30.0,30.85,29.98,30.26,14679937.0,446069217.0,1401771961.0,0.0104724144928163,000568
2016-07-06,30.2,33.29,30.1,33.01,33498040.0,1072413109.0,1401771961.0,0.0238969254143898,000568
2016-07-07,32.58,33.08,31.78,32.18,20033619.0,651139669.0,1401771961.0,0.0142916391234622,000568
2016-07-08,32.1,32.97,31.5,32.8,14300809.0,459463164.0,1401771961.0,0.0102019511003758,000568
2016-07-11,32.5,34.96,32.41,32.89,27081598.0,913918545.0,1401771961.0,0.0193195460841437,000568
2016-07-12,32.82,33.93,32.59,33.21,23253299.0,770811822.0,1401771961.0,0.0165885034420373,000568
2016-07-13,33.29,33.32,32.13,32.6,16085848.0,522318675.0,1401771961.0,0.0114753672120282,000568
2016-07-14,32.59,32.89,31.96,32.36,10491402.0,339748003.0,1401771961.0,0.0074843856860395,000568
2016-07-15,32.42,32.64,31.7,32.5,14950201.0,480512767.0,1401771961.0,0.0106652161806224,000568
2016-07-18,32.22,32.64,31.8,32.2,13042188.0,420289170.0,1401771961.0,0.0093040725330929,000568
2016-07-19,32.3,32.3,30.52,31.04,28885961.0,897777776.0,1401771961.0,0.0206067476049337,000568
2016-07-20,31.15,31.27,30.7,30.83,9672286.0,299498417.0,1401771961.0,0.0069000424242327,000568
2016-07-21,30.85,31.6,30.83,31.1,13992201.0,437453092.0,1401771961.0,0.0099817954626644,000568
2016-07-22,31.0,31.24,29.95,30.12,17154444.0,521093599.0,1401771961.0,0.0122376852136222,000568
2016-07-25,30.07,30.83,29.91,30.41,13124646.0,401120181.0,1401771961.0,0.009362896651633,000568
2016-07-26,30.41,31.7,30.3,31.56,18010872.0,561784587.0,1401771961.0,0.0128486462142896,000568
2016-07-27,31.5,31.87,30.31,31.8,18981646.0,593848670.0,1401771961.0,0.0135411796840755,000568
2016-07-28,31.6,33.46,31.28,32.0,23980802.0,776806829.0,1401771961.0,0.0171074915658125,000568
2016-07-29,32.05,33.25,32.05,32.49,17069287.0,558855309.0,1401771961.0,0.0121769356749175,000568
2016-08-01,32.4,32.4,30.89,31.59,13881379.0,437566737.0,1401771961.0,0.0099027369545166,000568
2016-08-02,31.38,31.68,30.45,31.11,15403854.0,475900823.0,1401771961.0,0.0109888444258873,000568
2016-08-03,31.1,31.76,30.75,31.31,7440688.0,233390638.0,1401771961.0,0.0053080588048657,000568
2016-08-04,31.25,31.28,30.65,31.1,7696935.0,237988212.0,1401771961.0,0.0054908610060292,000568
2016-08-05,31.05,31.3,30.89,30.92,4546739.0,141325227.0,1401771961.0,0.003243565377607,000568
2016-08-08,30.9,31.4,30.6,31.4,12384641.0,383024370.0,1401771961.0,0.0088349898161502,000568
2016-08-09,31.25,32.52,31.03,32.18,16271817.0,518498586.0,1401771961.0,0.0116080342970991,000568
2016-08-10,32.14,32.39,31.91,32.13,9342426.0,299676030.0,1401771961.0,0.0066647259753542,000568
2016-08-11,32.2,33.18,32.02,32.22,19951661.0,651062807.0,1401771961.0,0.0142331716963198,000568
2016-08-12,31.19,31.5,30.46,31.15,15567827.0,480598388.0,1401771961.0,0.0111058199429914,000568
2016-08-15,31.1,32.35,30.77,32.11,18482849.0,585331828.0,1401771961.0,0.0131853464858967,000568
2016-08-16,32.1,32.98,31.46,31.62,22945223.0,737488046.0,1401771961.0,0.016368727323973,000568
2016-08-17,31.75,32.35,31.25,31.48,16846183.0,533192878.0,1401771961.0,0.0120177771197408,000568
2016-08-18,31.42,31.85,31.3,31.6,9963625.0,314953950.0,1401771961.0,0.0071078786544511,000568
2016-08-19,31.48,31.72,31.28,31.29,6339337.0,199052127.0,1401771961.0,0.0045223739498096,000568
2016-08-22,31.29,32.1,31.13,31.89,14704444.0,466930917.0,1401771961.0,0.0104898973649823,000568
2016-08-23,31.84,32.58,31.4,31.93,13441605.0,431476358.0,1401771961.0,0.0095890097490685,000568
2016-08-24,31.78,31.92,31.27,31.38,8877875.0,279087806.0,1401771961.0,0.0063333232843854,000568
2016-08-25,31.18,31.3,30.75,30.97,9084983.0,281423144.0,1401771961.0,0.0064810705683675,000568
2016-08-26,30.99,31.18,30.8,31.01,4845661.0,150457189.0,1401771961.0,0.0034568111895626,000568
2016-08-29,31.04,31.2,30.8,30.92,4909021.0,152060655.0,1401771961.0,0.0035020111234768,000568
2016-08-30,30.91,31.35,30.9,31.23,6581134.0,204955930.0,1401771961.0,0.0046948677695801,000568
2016-08-31,31.4,32.12,31.35,31.87,13339440.0,424100958.0,1401771961.0,0.0095161269957803,000568
2016-09-01,32.03,32.12,31.55,31.6,6943892.0,220794180.0,1401771961.0,0.0049536530856604,000568
2016-09-02,31.5,31.77,31.18,31.37,6949509.0,218176452.0,1401771961.0,0.004957660156822,000568
2016-09-05,31.4,31.96,31.2,31.65,6875927.0,218127065.0,1401771961.0,0.0049051680239736,000568
2016-09-06,31.65,32.19,31.5,32.19,10559154.0,337239144.0,1401771961.0,0.007532718797191,000568
2016-09-07,32.15,32.19,31.58,31.68,11063714.0,351436467.0,1401771961.0,0.0078926632204194,000568
2016-09-08,31.74,31.85,31.5,31.64,6480260.0,205223108.0,1401771961.0,0.0046229059934806,000568
2016-09-09,31.66,31.72,31.0,31.01,10002379.0,312351663.0,1401771961.0,0.0071355250913026,000568
2016-09-12,30.3,30.67,29.63,29.85,14493092.0,436347715.0,1401771961.0,0.0103391224844167,000568
2016-09-13,29.91,30.07,29.48,29.8,7694467.0,228615839.0,1401771961.0,0.0054891003772902,000568
2016-09-14,29.63,29.79,29.32,29.5,5591053.0,165315679.0,1401771961.0,0.003988561018164,000568
2016-09-19,29.6,30.3,29.58,30.17,7429566.0,222706908.0,1401771961.0,0.0053001245614157,000568
2016-09-20,30.07,30.25,29.95,30.0,4806729.0,144388791.0,1401771961.0,0.0034290377705735,000568
2016-09-21,30.08,30.15,29.68,29.9,4705688.0,140669537.0,1401771961.0,0.0033569568595472,000568
2016-09-22,30.06,30.68,29.96,30.52,9185707.0,279629299.0,1401771961.0,0.0065529253370477,000568
2016-09-23,30.58,30.95,30.39,30.73,5651466.0,173314067.0,1401771961.0,0.0040316586129803,000568
2016-09-26,30.5,30.6,29.99,30.04,5140147.0,154717196.0,1401771961.0,0.003666892435438,000568
2016-09-27,30.15,30.6,30.09,30.41,5460509.0,165879072.0,1401771961.0,0.0038954331745261,000568
2016-09-28,30.43,30.5,30.15,30.26,2363801.0,71652093.0,1401771961.0,0.0016862949650624,000568
2016-09-29,30.27,30.53,30.21,30.32,3625082.0,109989096.0,1401771961.0,0.0025860711305809,000568
2016-09-30,30.32,31.51,30.25,31.08,14922196.0,462764317.0,1401771961.0,0.0106452378954382,000568
2016-10-10,31.25,31.98,31.05,31.83,11743410.0,370470796.0,1401771961.0,0.0083775466528967,000568
2016-10-11,31.7,32.01,31.41,31.78,7285998.0,230518791.0,1401771961.0,0.005197705620251,000568
2016-10-12,31.64,32.15,31.45,31.79,6881958.0,219642653.0,1401771961.0,0.0049094704356124,000568
2016-10-13,31.8,32.09,31.28,31.35,7279720.0,229597957.0,1401771961.0,0.0051932270030617,000568
2016-10-14,31.26,31.66,31.18,31.36,4881090.0,153401556.0,1401771961.0,0.0034820856286195,000568
2016-10-17,31.5,31.7,31.16,31.2,4443752.0,139829489.0,1401771961.0,0.003170096223661,000568
2016-10-18,31.3,31.88,31.24,31.72,10052488.0,318906071.0,1401771961.0,0.0071712719897954,000568
2016-10-19,31.74,31.97,31.59,31.97,8317367.0,264699625.0,1401771961.0,0.005933466520522,000568
2016-10-20,32.01,32.43,31.62,31.66,10375227.0,332882954.0,1401771961.0,0.0074015084397882,000568
2016-10-21,31.75,31.85,31.33,31.68,6283422.0,197992693.0,1401771961.0,0.0044824851508069,000568
2016-10-24,31.65,32.05,31.54,31.68,8741857.0,277891644.0,1401771961.0,0.0062362903833257,000568
2016-10-25,31.61,33.3,31.61,33.29,21264631.0,694085987.0,1401771961.0,0.0151698219051479,000568
2016-10-26,33.15,35.88,33.01,34.59,25090659.0,867073068.0,1401771961.0,0.017899244454926,000568
2016-10-27,34.2,35.18,33.9,34.86,13012059.0,451101983.0,1401771961.0,0.0092825790228514,000568
2016-10-28,34.69,35.16,33.96,34.61,10378065.0,358506538.0,1401771961.0,0.0074035330201614,000568
2016-10-31,34.46,34.78,33.65,34.4,7914065.0,270850598.0,1401771961.0,0.0056457578123864,000568
2016-11-01,34.41,35.4,34.11,35.4,9987738.0,347994830.0,1401771961.0,0.0071250804537957,000568
2016-11-02,35.42,35.43,34.47,34.6,8349258.0,290680243.0,1401771961.0,0.0059562170112489,000568
2016-11-03,34.32,35.07,34.32,34.9,6263241.0,217498449.0,1401771961.0,0.0044680883726136,000568
2016-11-04,34.7,35.0,33.72,34.13,7862535.0,269479380.0,1401771961.0,0.0056089971969413,000568
2016-11-07,33.99,34.24,33.61,33.9,8236472.0,279086138.0,1401771961.0,0.0058757574192911,000568
2016-11-08,34.15,34.95,33.94,34.47,9756114.0,337144286.0,1401771961.0,0.0069598438772025,000568
2016-11-09,34.54,34.97,33.8,34.77,9850806.0,340183051.0,1401771961.0,0.007027395520861,000568
2016-11-10,35.01,35.19,34.75,35.0,7640245.0,266955370.0,1401771961.0,0.00545041933536,000568
2016-11-11,34.89,34.89,34.09,34.5,9784595.0,337004208.0,1401771961.0,0.0069801617325972,000568
2016-11-14,34.25,34.47,33.5,33.72,14051799.0,475790367.0,1401771961.0,0.0100243116505024,000568
2016-11-15,33.7,34.3,33.49,34.2,9263136.0,313951735.0,1401771961.0,0.0066081618535099,000568
2016-11-16,34.16,34.36,33.46,33.7,8641014.0,292589776.0,1401771961.0,0.0061643507220929,000568
2016-11-17,33.67,33.89,33.2,33.37,7507039.0,251513884.0,1401771961.0,0.0053553924667209,000568
2016-11-18,33.39,33.62,33.2,33.29,5435773.0,181565670.0,1401771961.0,0.0038777869377,000568
2016-11-21,33.44,33.75,33.2,33.3,7914778.0,264777375.0,1401771961.0,0.0056462664543195,000568
2016-11-22,33.35,33.66,33.16,33.4,8342989.0,277985383.0,1401771961.0,0.0059517448145048,000568
2016-11-23,33.5,34.05,33.34,34.05,17750163.0,598081088.0,1401771961.0,0.0126626608990932,000568
2016-11-24,34.13,34.17,33.4,33.73,16733371.0,564075028.0,1401771961.0,0.0119372989798302,000568
2016-11-25,33.75,34.09,33.4,33.65,9005245.0,303867517.0,1401771961.0,0.0064241868510309,000568
2016-11-28,33.97,34.35,33.63,33.78,11154033.0,377712074.0,1401771961.0,0.0079570952411139,000568
2016-11-29,33.77,35.46,33.63,34.85,25927189.0,901891604.0,1401771961.0,0.0184960105647312,000568
2016-11-30,34.81,35.06,34.16,34.29,12873167.0,443269178.0,1401771961.0,0.0091834958596379,000568
2016-12-01,34.35,34.79,33.7,33.86,16817676.0,572850449.0,1401771961.0,0.0119974407163933,000568
2016-12-02,33.89,34.05,33.46,33.6,8628504.0,290882491.0,1401771961.0,0.0061554263033229,000568
2016-12-05,33.35,34.23,33.01,33.39,8096297.0,272706778.0,1401771961.0,0.005775758985951,000568
2016-12-06,33.32,33.95,33.32,33.8,7383960.0,248373367.0,1401771961.0,0.0052675900256503,000568
2016-12-07,33.9,34.14,33.34,33.61,8709592.0,291608411.0,1401771961.0,0.0062132730874333,000568
2016-12-08,33.6,34.84,33.54,34.14,18938311.0,650885819.0,1401771961.0,0.0135102652406385,000568
2016-12-09,34.2,34.79,34.12,34.32,9577792.0,329493739.0,1401771961.0,0.0068326320303677,000568
2016-12-12,34.76,35.24,32.78,33.0,17557348.0,596723986.0,1401771961.0,0.0125251099954053,000568
2016-12-13,33.06,33.99,33.06,33.88,10883108.0,365540755.0,1401771961.0,0.0077638220072801,000568
2016-12-14,33.77,34.01,33.41,33.56,8093828.0,273329691.0,1401771961.0,0.0057739976438293,000568
2016-12-15,33.58,33.87,32.89,33.02,9009745.0,299423041.0,1401771961.0,0.00642739707361,000568
2016-12-16,33.0,33.28,32.82,32.98,6147696.0,203015094.0,1401771961.0,0.0043856605575234,000568
2016-12-19,33.0,34.1,33.0,33.6,10981426.0,369887078.0,1401771961.0,0.0078339603769546,000568
2016-12-20,33.4,33.68,33.28,33.39,6158264.0,205942473.0,1401771961.0,0.0043931995869048,000568
2016-12-21,33.42,33.9,33.36,33.53,6921105.0,231980148.0,1401771961.0,0.0049373972319025,000568
2016-12-22,33.55,33.75,33.18,33.29,6022577.0,200876279.0,1401771961.0,0.0042964028155503,000568
2016-12-23,33.27,33.39,32.28,32.39,11730363.0,382224986.0,1401771961.0,0.0083682391475656,000568
2016-12-26,32.29,32.51,31.77,32.36,6576268.0,210731562.0,1401771961.0,0.0046913964488978,000568
2016-12-27,32.4,32.65,32.2,32.39,5265870.0,170970430.0,1401771961.0,0.0037565810606194,000568
2016-12-28,32.44,32.58,32.02,32.28,5503890.0,177572306.0,1401771961.0,0.0039263804335718,000568
2016-12-29,32.2,32.48,31.96,32.3,4306318.0,138827930.0,1401771961.0,0.003072053172563,000568
2016-12-30,32.59,33.2,32.33,33.0,9287822.0,305502271.0,1401771961.0,0.0066257724211962,000568
2017-01-03,33.15,33.39,33.07,33.2,4971389.0,165235220.0,1401771961.0,0.003546503381658,000568
2017-01-04,33.18,34.5,33.12,34.35,11681838.0,396635629.0,1401771961.0,0.0083336222474205,000568
2017-01-05,34.4,34.91,33.92,34.38,13376702.0,461234410.0,1401771961.0,0.0095427090655011,000568
2017-01-06,34.15,34.91,34.15,34.43,10894820.0,376658851.0,1401771961.0,0.0077721771465794,000568
2017-01-09,34.39,34.89,34.35,34.55,7241846.0,251103266.0,1401771961.0,0.0051662083430701,000568
2017-01-10,34.43,34.77,34.3,34.36,4453789.0,153568617.0,1401771961.0,0.003177256446778,000568
2017-01-11,34.41,34.48,33.85,33.9,4292146.0,145990986.0,1401771961.0,0.0030619431115871,000568
2017-01-12,33.9,34.18,33.0,33.08,7244740.0,242131304.0,1401771961.0,0.0051682728728799,000568
2017-01-13,33.08,33.42,32.55,33.1,5823383.0,191873043.0,1401771961.0,0.0041543012430108,000568
2017-01-16,32.82,33.24,31.99,32.75,6187869.0,203038019.0,1401771961.0,0.0044143192845615,000568
2017-01-17,32.79,33.66,32.59,33.5,6993511.0,233061390.0,1401771961.0,0.0049890504265836,000568
2017-01-18,33.48,34.45,33.45,34.25,11046359.0,376532402.0,1401771961.0,0.0078802824620059,000568
2017-01-19,34.38,34.38,33.69,34.0,6949810.0,236312805.0,1401771961.0,0.0049578748850434,000568
2017-01-20,33.96,34.17,33.6,34.08,5412888.0,183724248.0,1401771961.0,0.0038614611724281,000568
2017-01-23,34.1,35.22,34.05,34.29,12631075.0,437541477.0,1401771961.0,0.0090107915919428,000568
2017-01-24,34.16,34.39,33.94,34.3,5790200.0,197831027.0,1401771961.0,0.0041306290617122,000568
2017-01-25,34.28,34.4,33.87,33.93,5961607.0,202551779.0,1401771961.0,0.004252907866517,000568
2017-01-26,33.92,34.05,33.32,33.69,4570555.0,153770775.0,1401771961.0,0.0032605553022614,000568
2017-02-03,33.73,33.78,32.74,32.9,7297009.0,241852810.0,1401771961.0,0.0052055606782107,000568
2017-02-06,33.0,33.47,32.8,33.3,7216917.0,239089610.0,1401771961.0,0.0051484244233645,000568
2017-02-07,33.29,33.88,33.13,33.55,5681908.0,190865781.0,1401771961.0,0.0040533754120367,000568
2017-02-08,33.5,33.93,33.32,33.75,5575336.0,187796168.0,1401771961.0,0.0039773487807693,000568
2017-02-09,33.73,35.18,33.73,35.11,21024127.0,730922386.0,1401771961.0,0.0149982504893319,000568
2017-02-10,35.1,35.22,34.68,34.71,9639472.0,337528189.0,1401771961.0,0.0068766334811857,000568
2017-02-13,34.93,37.31,34.78,36.06,17547902.0,632024660.0,1401771961.0,0.0125183713815203,000568
2017-02-14,35.93,36.84,35.6,36.5,11094070.0,403360291.0,1401771961.0,0.0079143186685555,000568
2017-02-15,36.5,36.77,36.02,36.22,7321959.0,266675945.0,1401771961.0,0.005223359578955,000568
2017-02-16,36.2,36.46,35.67,36.35,6414559.0,230803488.0,1401771961.0,0.0045760360304424,000568
2017-02-17,37.0,38.17,36.71,37.0,12110907.0,454086466.0,1401771961.0,0.0086397126900443,000568
2017-02-20,37.13,38.95,37.06,38.66,17482991.0,670576332.0,1401771961.0,0.0124720649908904,000568
2017-02-21,38.65,39.16,37.9,38.5,7058113.0,271006603.0,1401771961.0,0.0050351363819296,000568
2017-02-22,38.51,39.5,38.1,38.81,8093784.0,314403434.0,1401771961.0,0.0057739662549863,000568
2017-02-23,38.79,39.58,37.85,38.08,11555503.0,445840066.0,1401771961.0,0.0082434970319683,000568
2017-02-24,38.18,38.62,37.57,38.36,6403476.0,243804256.0,1401771961.0,0.0045681296089214,000568
2017-02-27,38.0,38.18,37.0,37.05,11494685.0,428761408.0,1401771961.0,0.0082001105171199,000568
2017-02-28,37.0,37.73,36.95,37.39,7279508.0,272646712.0,1401771961.0,0.0051930757659091,000568
2017-03-01,37.39,38.28,37.39,37.91,9089134.0,345061965.0,1401771961.0,0.0064840318203511,000568
2017-03-02,38.0,38.75,37.7,37.95,7299060.0,279218180.0,1401771961.0,0.005207023826324,000568
2017-03-03,37.77,38.67,37.66,38.5,5001637.0,191666013.0,1401771961.0,0.0035680817844522,000568
2017-03-06,38.5,39.16,38.0,38.5,10094643.0,389555091.0,1401771961.0,0.007201344641534,000568
2017-03-07,38.47,40.0,38.28,39.92,11806963.0,468584808.0,1401771961.0,0.0084228842696904,000568
2017-03-08,39.94,40.13,39.55,39.92,8599409.0,342462142.0,1401771961.0,0.0061346704308918,000568
2017-03-09,39.9,39.9,38.89,39.57,6254131.0,245506080.0,1401771961.0,0.0044615894553479,000568
2017-03-10,39.35,40.35,39.2,39.5,8241409.0,328904731.0,1401771961.0,0.0058792793901518,000568
2017-03-13,39.49,40.68,39.3,40.63,12339408.0,496230125.0,1401771961.0,0.0088027213721676,000568
2017-03-14,40.71,41.2,39.44,39.97,10763471.0,430476110.0,1401771961.0,0.0076784750297912,000568
2017-03-15,39.71,40.42,39.68,40.23,6586260.0,264185861.0,1401771961.0,0.0046985245697891,000568
2017-03-16,40.3,41.16,39.58,39.95,8343588.0,334783583.0,1401771961.0,0.0059521721307992,000568
2017-03-17,39.72,40.69,39.51,39.77,7063453.0,283330911.0,1401771961.0,0.0050389458460569,000568
2017-03-20,39.76,40.25,39.52,39.6,9565000.0,381272374.0,1401771961.0,0.0068235064376494,000568
2017-03-21,39.68,41.65,39.6,41.6,19196568.0,787286925.0,1401771961.0,0.0136945013412206,000568
2017-03-22,41.1,42.99,40.88,42.99,14323007.0,604233796.0,1401771961.0,0.0102177867716673,000568
2017-03-23,42.51,42.55,41.41,42.18,11896175.0,498934488.0,1401771961.0,0.0084865265756303,000568
2017-03-24,42.15,43.28,41.35,42.06,15017840.0,635038097.0,1401771961.0,0.0107134686795179,000568
2017-03-27,41.81,41.95,40.5,40.89,13433174.0,552914516.0,1401771961.0,0.0095829952187208,000568
2017-03-28,40.91,41.17,40.18,41.0,9340388.0,380814062.0,1401771961.0,0.0066632721012173,000568
2017-03-29,40.97,41.87,40.9,41.52,9044626.0,375379874.0,1401771961.0,0.0064522805788951,000568
2017-03-30,41.55,42.21,41.01,41.78,8627319.0,359370051.0,1401771961.0,0.0061545809447104,000568
2017-03-31,41.79,42.69,41.7,42.19,7689645.0,324601771.0,1401771961.0,0.005485660445451,000568
2017-04-05,42.1,43.2,42.02,42.16,8911408.0,378982373.0,1401771961.0,0.0063572451496624,000568
2017-04-06,42.08,42.26,41.05,41.8,6962374.0,289614265.0,1401771961.0,0.0049668378264843,000568
2017-04-07,41.66,41.9,41.38,41.55,4367196.0,181377896.0,1401771961.0,0.0031154824903791,000568
2017-04-10,41.57,41.57,39.88,40.4,10293789.0,417905136.0,1401771961.0,0.0073434119716994,000568
2017-04-11,40.2,40.69,39.0,39.95,12155805.0,482383278.0,1401771961.0,0.0086717421507905,000568
2017-04-12,39.88,41.11,39.55,40.46,10502341.0,426680387.0,1401771961.0,0.007492189380438,000568
2017-04-13,40.31,41.55,40.31,41.27,6621474.0,272012651.0,1401771961.0,0.004723645631545,000568
2017-04-14,41.27,41.39,40.7,41.16,4657947.0,191413163.0,1401771961.0,0.0033228992515138,000568
2017-04-17,40.98,42.5,40.77,41.95,9845539.0,412387116.0,1401771961.0,0.0070236381336778,000568
2017-04-18,41.96,43.34,41.81,43.05,14127008.0,604456171.0,1401771961.0,0.0100779644571589,000568
2017-04-19,43.8,44.6,43.3,43.51,23329203.0,1026235736.0,1401771961.0,0.0166426520497366,000568
2017-04-20,43.69,46.95,43.5,45.87,22971614.0,1047763939.0,1401771961.0,0.0163875542093254,000568
2017-04-21,46.0,47.18,45.0,45.68,14976381.0,691072319.0,1401771961.0,0.010683892542205,000568
2017-04-24,45.0,45.58,42.89,44.8,16582817.0,737103084.0,1401771961.0,0.0118298963464571,000568
2017-04-25,45.0,47.51,44.83,47.51,15329725.0,710143411.0,1401771961.0,0.0109359620726498,000568
2017-04-26,47.49,48.97,45.8,46.06,15489750.0,730433678.0,1401771961.0,0.0110501211544778,000568
2017-04-27,46.13,46.88,45.13,46.75,7554480.0,346988891.0,1401771961.0,0.0053892360599157,000568
2017-04-28,47.0,47.28,44.1,46.5,19331541.0,876009645.0,1401771961.0,0.0137907887572592,000568
2017-05-02,45.2,46.02,44.23,45.29,9452868.0,428799964.0,1401771961.0,0.0067435133980397,000568
2017-05-03,45.41,46.85,45.4,45.93,7025883.0,323492692.0,1401771961.0,0.0050121440544351,000568
2017-05-04,45.93,46.25,45.0,45.63,6178801.0,283476060.0,1401771961.0,0.0044078503293732,000568
2017-05-05,45.5,46.16,45.01,45.41,4002028.0,182693058.0,1401771961.0,0.0028549779217619,000568
2017-05-08,45.48,45.49,43.56,43.7,8985527.0,401374507.0,1401771961.0,0.0064101203690719,000568
2017-05-09,43.48,44.58,42.28,44.58,9936154.0,433390951.0,1401771961.0,0.0070882813156797,000568
2017-05-10,44.59,45.91,44.33,44.69,6680118.0,302624287.0,1401771961.0,0.0047654812521963,000568
2017-05-11,44.57,46.09,44.41,46.0,7928592.0,362259981.0,1401771961.0,0.0056561211242546,000568
2017-05-12,46.25,46.65,45.52,46.33,4935471.0,228055850.0,1401771961.0,0.0035208800984142,000568
2017-05-15,46.0,47.6,45.92,46.99,7182535.0,337982221.0,1401771961.0,0.0051238968960943,000568
2017-05-16,46.86,49.07,46.52,48.75,11692271.0,565020820.0,1401771961.0,0.0083410649701246,000568
2017-05-17,48.77,48.77,47.09,47.15,10439869.0,497831444.0,1401771961.0,0.0074476229304461,000568
2017-05-18,47.21,47.85,46.46,46.82,6883275.0,324490191.0,1401771961.0,0.0049104099607539,000568
2017-05-19,46.61,47.47,46.61,47.22,5717541.0,270057580.0,1401771961.0,0.0040787953811839,000568
2017-05-22,46.78,47.6,46.5,47.38,6497362.0,305824969.0,1401771961.0,0.0046351062660469,000568
2017-05-23,47.05,49.12,47.05,48.7,13826534.0,671648321.0,1401771961.0,0.0098636114751049,000568
2017-05-24,48.43,48.8,47.08,48.18,8268080.0,396446268.0,1401771961.0,0.0058983060226869,000568
2017-05-25,48.0,48.67,47.68,48.35,4407059.0,213132487.0,1401771961.0,0.0031439200687507,000568
2017-05-26,48.6,48.74,47.5,48.53,4802450.0,231145938.0,1401771961.0,0.0034259852055922,000568
2017-05-31,48.1,48.41,46.94,48.22,10254238.0,488170542.0,1401771961.0,0.00731519696876,000568
2017-06-01,47.74,48.48,47.46,48.01,5477249.0,262652568.0,1401771961.0,0.0039073752025205,000568
2017-06-02,48.02,48.24,47.1,47.46,5737295.0,272723435.0,1401771961.0,0.0040928875449235,000568
2017-06-05,47.37,47.63,46.47,46.69,5255431.0,246154330.0,1401771961.0,0.0037491340576186,000568
2017-06-06,46.51,47.86,46.51,47.81,6451408.0,304908675.0,1401771961.0,0.0046023234730688,000568
2017-06-07,47.9,49.6,47.66,49.56,15023381.0,735098584.0,1401771961.0,0.010717421533587,000568
2017-06-08,49.5,50.98,49.01,50.0,9766772.0,488206204.0,1401771961.0,0.0069674471110354,000568
2017-06-09,49.76,51.1,49.49,49.85,7201030.0,361169586.0,1401771961.0,0.0051370909108946,000568
2017-06-12,49.99,52.6,49.9,51.02,10872397.0,556423190.0,1401771961.0,0.0077561809641589,000568
2017-06-13,51.05,51.3,49.75,50.88,6065040.0,305765467.0,1401771961.0,0.0043266951891899,000568
2017-06-14,50.3,51.25,49.65,50.23,6733453.0,338654978.0,1401771961.0,0.004803529523587,000568
2017-06-15,50.1,50.25,48.53,49.1,10725723.0,527471049.0,1401771961.0,0.0076515462560318,000568
2017-06-16,49.11,49.98,48.3,49.31,7089516.0,348319539.0,1401771961.0,0.0050575387418524,000568
2017-06-19,48.4,49.63,48.02,49.0,8715432.0,426612980.0,1401771961.0,0.0062174392429582,000568
2017-06-20,49.01,49.55,48.7,49.3,8450377.0,415793507.0,1401771961.0,0.0060283535661332,000568
2017-06-21,49.35,50.15,48.5,50.15,10521934.0,517356969.0,1401771961.0,0.0075061666895475,000568
2017-06-22,50.05,50.9,49.7,49.94,13074695.0,657078350.0,1401771961.0,0.0093272624676218,000568
2017-06-23,49.8,50.11,49.0,50.04,7713309.0,383244891.0,1401771961.0,0.0055025419359204,000568
2017-06-26,50.28,52.2,50.1,52.2,15833840.0,815589274.0,1401771961.0,0.0112955890405343,000568
2017-06-27,52.15,52.2,51.0,51.8,8530868.0,440131598.0,1401771961.0,0.0060857744607148,000568
2017-06-28,51.8,51.8,50.49,50.6,5936915.0,301810515.0,1401771961.0,0.0042352930185339,000568
2017-06-29,50.8,50.8,49.98,50.57,6872322.0,345353580.0,1401771961.0,0.0049025962789963,000568
2017-06-30,50.3,51.0,49.95,50.58,6442310.0,325661233.0,1401771961.0,0.0045958331163965,000568
2017-07-03,50.74,50.83,48.67,48.92,12040558.0,591671108.0,1401771961.0,0.0085895269237733,000568
2017-07-04,48.75,48.75,46.68,47.85,14533994.0,693085293.0,1401771961.0,0.0103683012675126,000568
2017-07-05,47.7,49.33,47.37,48.8,9761519.0,474448800.0,1401771961.0,0.0069636997112114,000568
2017-07-06,48.8,49.15,47.93,48.82,6968097.0,337850606.0,1401771961.0,0.0049709205162222,000568
2017-07-07,48.8,48.8,47.49,48.25,10088802.0,483174852.0,1401771961.0,0.0071971777726263,000568
2017-07-10,47.9,48.83,46.88,48.32,16207416.0,773895448.0,1401771961.0,0.011562091731695,000568
2017-07-11,48.0,49.99,48.0,49.58,12889034.0,634708592.0,1401771961.0,0.0091948151044519,000568
2017-07-12,49.56,49.58,48.5,48.64,6213023.0,305009281.0,1401771961.0,0.0044322637153961,000568
2017-07-13,48.99,49.45,48.5,48.82,5072099.0,248517500.0,1401771961.0,0.0036183481629791,000568
2017-07-14,48.51,49.26,48.14,49.16,4008660.0,195386523.0,1401771961.0,0.0028597090764608,000568
2017-07-17,49.15,49.52,46.5,47.97,6366067.0,307096797.0,1401771961.0,0.0045414426719297,000568
2017-07-18,47.85,48.68,47.5,48.51,7155740.0,343471132.0,1401771961.0,0.0051047818040925,000568
2017-07-19,48.55,50.23,48.55,49.92,9382072.0,466896828.0,1401771961.0,0.0066930087496592,000568
2017-07-20,50.51,51.56,50.05,51.35,9667930.0,493830531.0,1401771961.0,0.0068969349287761,000568
2017-07-21,51.35,52.17,50.73,51.38,6864323.0,354839057.0,1401771961.0,0.0048968899300162,000568
2017-07-24,51.38,53.95,51.38,52.59,10318694.0,548339524.0,1401771961.0,0.0073611787702179,000568
2017-07-25,52.71,53.86,52.4,53.15,7834560.0,416351628.0,1401771961.0,0.005589040313241,000568
2017-07-26,53.0,53.85,51.25,52.0,7825993.0,407877768.0,1401771961.0,0.0055829287628332,000568
2017-07-27,52.3,53.3,51.6,52.8,6327170.0,333076004.0,1401771961.0,0.0045136942213384,000568
2017-07-28,52.51,55.19,52.2,55.13,10470057.0,569926562.0,1401771961.0,0.0074691585302725,000568
2017-07-31,55.25,57.6,55.0,55.37,15404575.0,868333968.0,1401771961.0,0.0109893587748827,000568
2017-08-01,55.58,56.58,54.73,56.56,6281544.0,349053288.0,1401771961.0,0.0044811454179172,000568
2017-08-02,56.0,56.48,54.77,55.5,8195763.0,455384997.0,1401771961.0,0.0058467163190746,000568
2017-08-03,55.55,55.55,53.65,53.9,8559164.0,462856762.0,1401771961.0,0.0061059603402924,000568
2017-08-04,53.43,54.14,52.85,53.35,7067237.0,377084902.0,1401771961.0,0.0050416452865545,000568
2017-08-07,53.48,56.3,52.95,55.99,11198558.0,611253991.0,1401771961.0,0.0079888586100774,000568
2017-08-08,56.0,57.3,55.41,56.2,6965794.0,391711942.0,1401771961.0,0.0049692775956445,000568
2017-08-09,55.88,59.19,55.35,58.82,13432524.0,779209398.0,1401771961.0,0.0095825315199039,000568
2017-08-10,58.58,60.54,57.57,58.13,15227653.0,899243424.0,1401771961.0,0.0108631456639615,000568
2017-08-11,58.05,58.13,56.28,56.59,9543864.0,543844034.0,1401771961.0,0.0068084283788866,000568
2017-08-14,56.39,58.26,56.3,57.0,13716582.0,782968480.0,1401771961.0,0.0097851736099891,000568
2017-08-15,57.01,57.38,56.18,57.24,7550817.0,429380433.0,1401771961.0,0.0053866229387363,000568
2017-08-16,57.02,57.45,56.5,56.86,6702302.0,380932756.0,1401771961.0,0.0047813069361286,000568
2017-08-17,56.35,56.83,55.3,55.91,8205574.0,458007345.0,1401771961.0,0.0058537153176799,000568
2017-08-18,55.4,56.56,55.36,56.1,5213707.0,292774353.0,1401771961.0,0.0037193688738649,000568
2017-08-21,56.25,56.74,55.09,55.81,6086723.0,339138337.0,1401771961.0,0.0043421634683417,000568
2017-08-22,55.68,55.68,52.21,54.91,20410580.0,1098406037.0,1401771961.0,0.0145605566153851,000568
2017-08-23,54.38,55.43,53.9,55.24,9222082.0,504829655.0,1401771961.0,0.006578874636229,000568
2017-08-24,55.1,55.25,54.0,54.04,5532170.0,302493046.0,1401771961.0,0.0039465548990246,000568
2017-08-25,54.0,54.3,52.9,53.95,8841574.0,474461563.0,1401771961.0,0.006307426775531,000568
2017-08-28,54.5,55.85,54.48,54.74,12171196.0,672797580.0,1401771961.0,0.0086827218253939,000568
2017-08-29,53.9,54.89,53.3,53.76,15205107.0,818989328.0,1401771961.0,0.0108470617354572,000568
2017-08-30,54.0,55.06,53.55,55.0,9636691.0,524570691.0,1401771961.0,0.0068746495636318,000568
2017-08-31,55.08,55.86,54.28,55.28,8650461.0,476758912.0,1401771961.0,0.0061710900493607,000568
2017-09-01,54.9,55.28,54.3,55.25,10077558.0,553629497.0,1401771961.0,0.0071891564964752,000568
2017-09-04,55.0,55.0,53.7,54.08,7998248.0,433691638.0,1401771961.0,0.0057058125162484,000568
2017-09-05,53.9,54.2,53.6,53.73,6916185.0,372592531.0,1401771961.0,0.0049338873885493,000568
2017-09-06,53.77,54.15,53.13,53.24,6666294.0,356392544.0,1401771961.0,0.0047556194484332,000568
2017-09-07,53.31,53.86,52.4,53.4,7336326.0,389487363.0,1401771961.0,0.005233608749576,000568
2017-09-08,53.05,53.24,51.4,51.54,12693775.0,660555987.0,1401771961.0,0.009055520693212,000568
2017-09-11,51.02,52.47,50.05,52.0,16722541.0,859454627.0,1401771961.0,0.0119295730441565,000568
2017-09-12,51.61,52.55,51.5,52.4,12524467.0,651956604.0,1401771961.0,0.0089347392788947,000568
2017-09-13,52.7,55.45,52.7,54.67,25312280.0,1373097472.0,1401771961.0,0.0180573450634172,000568
2017-09-14,54.5,55.28,53.77,54.6,13200686.0,718900090.0,1401771961.0,0.0094171422793924,000568
2017-09-15,54.59,55.32,54.06,54.99,12222073.0,671544209.0,1401771961.0,0.0087190166018736,000568
2017-09-18,55.2,56.73,55.01,56.28,11970001.0,673037103.0,1401771961.0,0.0085391927738808,000568
2017-09-19,56.31,57.36,55.08,55.2,10238365.0,572405322.0,1401771961.0,0.0073038734436492,000568
2017-09-20,55.53,56.88,55.23,55.62,8367107.0,468119177.0,1401771961.0,0.0059689501807633,000568
2017-09-21,55.6,56.0,54.8,55.13,5341521.0,295277744.0,1401771961.0,0.0038105491824714,000568
2017-09-22,55.08,56.0,54.91,55.64,5025102.0,279724772.0,1401771961.0,0.0035848213117454,000568
2017-09-25,55.63,57.5,55.51,57.45,12234198.0,694700620.0,1401771961.0,0.0087276663682674,000568
2017-09-26,57.36,57.45,56.23,56.74,6845359.0,388499426.0,1401771961.0,0.0048833613386849,000568
2017-09-27,56.59,56.73,55.71,56.2,5812658.0,327075006.0,1401771961.0,0.0041466502125305,000568
2017-09-28,56.18,57.5,56.18,56.8,9710113.0,552095467.0,1401771961.0,0.006927027555233,000568
2017-09-29,56.7,57.65,56.06,56.1,8296774.0,471252853.0,1401771961.0,0.0059187758286171,000568
2017-10-09,56.7,57.36,55.55,56.38,9351748.0,529922220.0,1401771961.0,0.0066713761297726,000568
2017-10-10,56.49,57.79,56.07,57.7,10014351.0,569968445.0,1401771961.0,0.0071440657101287,000568
2017-10-11,57.5,59.98,57.21,59.2,14103698.0,831437607.0,1401771961.0,0.010061335504199,000568
2017-10-12,59.2,59.95,58.28,59.5,8480272.0,502318174.0,1401771961.0,0.0060496801448006,000568
2017-10-13,59.2,60.12,58.85,59.0,7853355.0,466964193.0,1401771961.0,0.0056024483428799,000568
2017-10-16,58.87,59.45,57.05,57.64,9140550.0,530035839.0,1401771961.0,0.0065207111101575,000568
2017-10-17,57.71,58.04,56.5,57.05,9065265.0,516408561.0,1401771961.0,0.0064670040864086,000568
2017-10-18,56.93,58.69,56.66,58.46,8849885.0,507172743.0,1401771961.0,0.0063133556999432,000568
2017-10-19,58.0,60.1,57.9,59.42,12219178.0,723781824.0,1401771961.0,0.008716951358681,000568
2017-10-20,58.85,58.99,57.26,58.01,9190374.0,531592251.0,1401771961.0,0.0065562546945537,000568
2017-10-23,57.89,58.24,57.01,57.88,8419640.0,484046908.0,1401771961.0,0.0060064263191522,000568
2017-10-24,57.7,58.89,57.32,58.81,10246128.0,596374636.0,1401771961.0,0.0073094114342896,000568
2017-10-25,58.55,58.8,57.5,57.78,8267843.0,478337459.0,1401771961.0,0.0058981369509644,000568
2017-10-26,59.74,60.62,58.55,58.85,18630290.0,1110737224.0,1401771961.0,0.0132905283586279,000568
2017-10-27,58.91,60.45,57.2,59.8,23039021.0,1353204943.0,1401771961.0,0.0164356412034125,000568
2017-10-30,59.11,60.4,57.88,59.85,15569419.0,919397754.0,1401771961.0,0.0111069556484016,000568
2017-10-31,59.25,62.0,58.76,60.88,15362526.0,928423081.0,1401771961.0,0.0109593617417205,000568
2017-11-01,61.0,62.99,60.94,62.26,17753122.0,1102492528.0,1401771961.0,0.0126647717987847,000568
2017-11-02,63.1,65.7,63.1,65.3,21444898.0,1390318034.0,1401771961.0,0.0152984212815196,000568
2017-11-03,65.23,66.66,64.31,64.91,14099938.0,919544533.0,1401771961.0,0.0100586531848884,000568
2017-11-06,65.0,66.87,64.3,66.44,14196073.0,931012137.0,1401771961.0,0.0101272342399207,000568
2017-11-07,66.0,69.08,65.8,66.6,12203771.0,823341957.0,1401771961.0,0.0087059602699529,000568
2017-11-08,67.67,68.48,64.79,65.01,18439521.0,1220680871.0,1401771961.0,0.0131544370361392,000568
2017-11-09,65.3,67.15,63.55,67.11,17722230.0,1162043954.0,1401771961.0,0.0126427339774703,000568
2017-11-10,66.68,69.1,66.5,68.49,15749625.0,1071909851.0,1401771961.0,0.0112355115084228,000568
2017-11-13,68.5,68.88,67.42,67.58,10529129.0,714767964.0,1401771961.0,0.0075112994787602,000568
2017-11-14,67.26,67.55,64.8,65.58,14915725.0,981065089.0,1401771961.0,0.0106406215953694,000568
2017-11-15,65.9,67.31,65.2,67.31,15823793.0,1046879028.0,1401771961.0,0.0112884216835893,000568
2017-11-16,66.8,70.8,66.78,70.63,22056713.0,1529951918.0,1401771961.0,0.0157348795764648,000568
2017-11-17,69.3,69.93,67.3,69.01,22154690.0,1521179685.0,1401771961.0,0.0158047746826061,000568
2017-11-20,67.98,68.99,64.8,68.49,13356066.0,902888900.0,1401771961.0,0.009527987698136,000568
2017-11-21,67.3,70.45,65.99,70.17,16579556.0,1135392850.0,1401771961.0,0.0118275700051614,000568
2017-11-22,69.78,70.69,66.46,67.67,14436973.0,988791690.0,1401771961.0,0.0102990881553237,000568
2017-11-23,66.55,66.6,63.45,63.51,18199047.0,1173149595.0,1401771961.0,0.0129828870218071,000568
2017-11-24,63.32,64.16,61.0,64.16,16950859.0,1058799895.0,1401771961.0,0.0120924511772282,000568
2017-11-27,62.9,64.26,61.13,62.92,13688222.0,856902153.0,1401771961.0,0.0097649420739126,000568
2017-11-28,61.85,64.28,61.85,62.99,10921733.0,688756062.0,1401771961.0,0.007791376417751,000568
2017-11-29,63.25,63.3,60.05,60.86,14458071.0,882446568.0,1401771961.0,0.0103141391055402,000568
2017-11-30,60.66,61.68,58.5,59.28,12456577.0,746465064.0,1401771961.0,0.0088863077209175,000568
2017-12-01,59.57,60.43,58.98,60.01,9491685.0,567391985.0,1401771961.0,0.0067712047780073,000568
2017-12-04,60.19,63.1,59.51,62.35,11848020.0,733527596.0,1401771961.0,0.0084521736271196,000568
2017-12-05,62.31,64.45,61.81,62.61,13791914.0,868337834.0,1401771961.0,0.0098389141627294,000568
2017-12-06,62.5,63.5,60.2,61.05,12786289.0,787385867.0,1401771961.0,0.0091215185891423,000568
2017-12-07,61.08,61.17,58.7,59.22,11738450.0,698483286.0,1401771961.0,0.0083740082742317,000568
2017-12-08,58.83,60.99,58.8,60.7,10972187.0,660666040.0,1401771961.0,0.0078273694333082,000568
2017-12-11,61.28,63.8,61.0,63.62,16716703.0,1053727441.0,1401771961.0,0.0119254083153971,000568
2017-12-12,64.0,64.5,62.75,62.91,7363462.0,466811989.0,1401771961.0,0.005252967105111,000568
2017-12-13,62.77,65.83,62.58,65.74,11467562.0,737591941.0,1401771961.0,0.0081807614355613,000568
2017-12-14,65.73,66.76,64.49,65.77,8588429.0,563956699.0,1401771961.0,0.0061268374877987,000568
2017-12-15,65.68,67.0,64.73,65.0,7964947.0,524694478.0,1401771961.0,0.0056820561557801,000568
2017-12-18,65.69,68.0,65.69,66.76,11489236.0,769061664.0,1401771961.0,0.008196223294268,000568
2017-12-19,66.9,68.25,66.19,66.99,9658311.0,650651660.0,1401771961.0,0.0068900728996675,000568
2017-12-20,66.84,69.0,65.84,68.2,13002046.0,883957629.0,1401771961.0,0.0092754359209215,000568
2017-12-21,68.0,68.98,67.43,68.26,9680847.0,658543585.0,1401771961.0,0.0069061496943439,000568
2017-12-22,68.3,68.49,65.93,66.12,13722485.0,914161204.0,1401771961.0,0.0097893847086302,000568
2017-12-25,66.64,67.7,65.4,66.38,10984621.0,729514935.0,1401771961.0,0.0078362396349858,000568
2017-12-26,66.58,66.8,64.75,65.34,8148809.0,532674370.0,1401771961.0,0.0058132201433011,000568
2017-12-27,65.28,66.0,63.45,63.7,8730990.0,564515783.0,1401771961.0,0.0062285380524885,000568
2017-12-28,65.53,67.0,64.7,66.35,18276198.0,1205672022.0,1401771961.0,0.0130379252178521,000568
2017-12-29,67.0,68.49,65.0,66.0,12281448.0,819296083.0,1401771961.0,0.0087613737053483,000568
2018-01-02,66.5,66.79,65.1,65.78,12305989.0,808575677.0,1401771961.0,0.0087788808325293,000568
2018-01-03,66.02,66.76,65.38,66.4,10830007.0,715993452.0,1401771961.0,0.0077259406674635,000568
2018-01-04,66.02,68.82,66.02,68.75,17043669.0,1155914380.0,1401771961.0,0.0121586602344659,000568
2018-01-05,68.76,68.94,67.54,68.05,10279909.0,700279714.0,1401771961.0,0.0073335102184997,000568
2018-01-08,67.9,70.02,67.05,68.45,10807965.0,740472952.0,1401771961.0,0.0077102162838881,000568
2018-01-09,68.4,71.06,68.2,70.3,13116152.0,921100618.0,1401771961.0,0.0093568371781692,000568
2018-01-10,70.29,71.02,69.0,70.93,12549450.0,878610048.0,1401771961.0,0.0089525617212712,000568
2018-01-11,70.9,71.21,69.7,70.14,7453183.0,525284113.0,1401771961.0,0.0053169725228938,000568
2018-01-12,70.2,71.6,69.9,71.02,8269037.0,584957182.0,1401771961.0,0.0058989887300221,000568
2018-01-15,71.6,74.4,71.6,72.78,17205121.0,1259865405.0,1401771961.0,0.0122738373135428,000568
2018-01-16,72.41,75.26,71.71,73.37,11918088.0,881478820.0,1401771961.0,0.0085021589328251,000568
2018-01-17,73.23,73.83,69.9,70.07,12999052.0,922970473.0,1401771961.0,0.0092733000528322,000568
2018-01-18,69.64,71.32,68.38,70.15,16757741.0,1171162447.0,1401771961.0,0.0119546841185532,000568
2018-01-19,70.2,70.26,67.6,67.89,17173326.0,1180361503.0,1401771961.0,0.0122511553075643,000568
2018-01-22,68.46,70.99,68.41,70.9,13908056.0,964597420.0,1401771961.0,0.0099217678673485,000568
2018-01-23,70.87,71.24,69.52,70.52,8761671.0,616077835.0,1401771961.0,0.006250425350033,000568
2018-01-24,70.7,70.76,68.3,68.75,11908873.0,820479195.0,1401771961.0,0.0084955851103658,000568
2018-01-25,68.72,69.18,66.69,68.61,11220336.0,761520614.0,1401771961.0,0.0080043946605948,000568
2018-01-26,68.0,69.18,67.71,68.99,8776957.0,602629980.0,1401771961.0,0.006261330119443,000568
2018-01-29,68.99,68.99,65.11,65.8,18409194.0,1226211543.0,1401771961.0,0.0131328022761043,000568
2018-01-30,64.9,66.25,63.7,65.09,14669159.0,950377436.0,1401771961.0,0.0104647256530479,000568
2018-01-31,64.37,66.48,64.37,65.31,11662786.0,766388097.0,1401771961.0,0.0083200308784033,000568
2018-02-01,64.76,64.76,61.52,63.01,19022232.0,1196336870.0,1401771961.0,0.0135701330382082,000568
2018-02-02,62.5,63.62,61.5,63.4,12231473.0,764578707.0,1401771961.0,0.00872572240015,000568
2018-02-05,60.32,61.48,57.06,59.48,22367059.0,1331786304.0,1401771961.0,0.0159562750734746,000568
2018-02-06,57.22,60.35,57.17,59.24,13875555.0,821402946.0,1401771961.0,0.0098985822131164,000568
2018-02-07,60.35,61.45,55.4,55.68,14626833.0,853042278.0,1401771961.0,0.0104345310128513,000568
2018-02-08,55.68,57.51,55.12,56.45,10867723.0,615985817.0,1401771961.0,0.0077528466129734,000568
2018-02-09,54.83,55.46,53.06,55.45,15085080.0,817978731.0,1401771961.0,0.0107614365386782,000568
2018-02-12,55.7,59.64,55.7,58.59,12718614.0,739068111.0,1401771961.0,0.0090732404084661,000568
2018-02-13,58.78,60.16,58.04,58.18,7885548.0,465771399.0,1401771961.0,0.005625414275211,000568
2018-02-14,59.1,59.66,57.99,59.3,5982264.0,351380186.0,1401771961.0,0.0042676442149209,000568
2018-02-22,60.0,62.4,60.0,62.4,7999639.0,489823215.0,1401771961.0,0.0057068048317168,000568
2018-02-23,62.41,62.88,61.4,61.86,5319398.0,330285248.0,1401771961.0,0.0037947670148896,000568
2018-02-26,61.88,62.6,60.08,61.55,6910114.0,423613699.0,1401771961.0,0.0049295564415987,000568
2018-02-27,61.88,62.3,60.05,60.09,6238354.0,379823537.0,1401771961.0,0.0044503344149854,000568
2018-02-28,58.86,60.78,57.5,58.41,9235862.0,541357271.0,1401771961.0,0.0065887050511491,000568
2018-03-01,58.58,60.1,57.92,59.46,6505154.0,386350683.0,1401771961.0,0.0046406649447884,000568
2018-03-02,59.4,59.98,58.8,59.69,5036496.0,299837270.0,1401771961.0,0.0035929495953158,000568
2018-03-05,59.25,60.05,57.49,57.7,6720221.0,392100611.0,1401771961.0,0.0047940900424387,000568
2018-03-06,58.15,58.65,56.01,57.88,8717672.0,498220839.0,1401771961.0,0.0062190372204199,000568
2018-03-07,57.84,58.87,57.25,58.0,5899840.0,344206263.0,1401771961.0,0.0042088443513958,000568
2018-03-08,58.02,59.45,57.57,59.34,5906458.0,347350387.0,1401771961.0,0.0042135655187356,000568
2018-03-09,59.94,60.79,59.39,59.82,8080023.0,486464023.0,1401771961.0,0.0057641493943393,000568
2018-03-12,60.45,60.5,58.0,59.06,7342424.0,431774606.0,1401771961.0,0.0052379589578621,000568
2018-03-13,58.8,59.0,58.0,58.04,6396993.0,373712855.0,1401771961.0,0.0045635047482591,000568
2018-03-14,58.0,60.64,57.62,60.25,9987051.0,595085276.0,1401771961.0,0.0071245903598153,000568
2018-03-15,60.14,62.79,60.0,61.8,9904239.0,613681521.0,1401771961.0,0.0070655137037656,000568
2018-03-16,61.72,62.53,60.7,60.78,5174285.0,318787876.0,1401771961.0,0.0036912458973061,000568
2018-03-19,60.8,61.7,60.36,60.96,3658258.0,222704180.0,1401771961.0,0.0026097383181999,000568
2018-03-20,60.5,60.56,59.59,59.92,3934845.0,235662236.0,1401771961.0,0.002807050725421,000568
2018-03-21,60.13,60.57,59.5,59.7,3643661.0,218653099.0,1401771961.0,0.002599325069536,000568
2018-03-22,59.57,59.98,57.08,57.26,8235235.0,476504873.0,1401771961.0,0.0058748749647732,000568
2018-03-23,55.31,56.95,54.5,56.95,11586649.0,651444435.0,1401771961.0,0.0082657160525127,000568
2018-03-26,56.2,57.56,55.79,56.63,7847208.0,444146300.0,1401771961.0,0.0055980631788368,000568
2018-03-27,57.3,57.75,55.17,55.75,10163181.0,566973400.0,1401771961.0,0.0072502384715626,000568
2018-03-28,55.49,55.6,52.31,52.81,14288693.0,768891387.0,1401771961.0,0.0101933077544272,000568
2018-03-29,53.85,57.57,52.92,56.69,16557202.0,913383109.0,1401771961.0,0.0118116230461539,000568
2018-03-30,56.81,57.6,56.21,56.75,9829949.0,560324796.0,1401771961.0,0.0070125164958981,000568
2018-04-02,56.55,58.65,56.04,57.97,10704448.0,619370828.0,1401771961.0,0.0076363690370605,000568
2018-04-03,57.35,60.47,57.01,59.63,14064531.0,839311798.0,1401771961.0,0.010033394440253,000568
2018-04-04,60.2,62.5,60.15,60.71,14363592.0,884471162.0,1401771961.0,0.0102467394124171,000568
2018-04-09,60.7,62.0,59.86,61.34,7881672.0,482276306.0,1401771961.0,0.0056226492034962,000568
2018-04-10,61.21,61.7,60.22,61.56,6257648.0,380275802.0,1401771961.0,0.0044640984226392,000568
2018-04-11,61.96,63.4,60.35,61.16,8349719.0,516704875.0,1401771961.0,0.0059565458807176,000568
2018-04-12,61.1,62.75,60.5,61.89,6412988.0,396795610.0,1401771961.0,0.0045749153060709,000568
2018-04-13,61.89,62.25,59.81,60.41,7738320.0,469382031.0,1401771961.0,0.0055203843530153,000568
2018-04-16,60.0,61.5,58.68,61.37,9083989.0,548505180.0,1401771961.0,0.0064803614658689,000568
2018-04-17,60.33,61.45,59.67,59.77,4495788.0,272572821.0,1401771961.0,0.0032072178108005,000568
2018-04-18,60.01,60.6,57.11,58.44,8391842.0,490519792.0,1401771961.0,0.0059865957042066,000568
2018-04-19,58.6,60.68,57.66,60.68,8363137.0,501569515.0,1401771961.0,0.0059661180510657,000568
2018-04-20,60.87,62.0,59.75,60.49,8840983.0,536261212.0,1401771961.0,0.0063070051662989,000568
2018-04-23,60.2,60.85,59.01,59.35,4869891.0,290263842.0,1401771961.0,0.0034740964546943,000568
2018-04-24,59.64,63.18,59.44,62.67,11656903.0,725175138.0,1401771961.0,0.0083158340474182,000568
2018-04-25,62.07,63.2,61.81,62.79,6445735.0,402076390.0,1401771961.0,0.0045982764524707,000568
2018-04-26,62.4,62.4,59.39,60.13,15774262.0,951410786.0,1401771961.0,0.0112530871203522,000568
2018-04-27,60.27,60.85,57.57,60.23,10196309.0,601373119.0,1401771961.0,0.0072738714168074,000568
2018-05-02,59.66,59.9,58.1,59.51,8776184.0,517967315.0,1401771961.0,0.0062607786745422,000568
2018-05-03,59.47,60.99,58.58,60.45,8548470.0,513984482.0,1401771961.0,0.0060983314246788,000568
2018-05-04,60.46,61.66,60.05,60.62,7388342.0,451994798.0,1401771961.0,0.0052707160690596,000568
2018-05-07,60.62,64.66,60.62,64.3,14295903.0,905478592.0,1401771961.0,0.0101984512443818,000568
2018-05-08,64.25,65.27,63.8,64.51,10297085.0,665602556.0,1401771961.0,0.0073457632813929,000568
2018-05-09,64.84,65.45,63.9,65.45,5325885.0,342983309.0,1401771961.0,0.0037993947290831,000568
2018-05-10,65.45,66.57,64.73,66.05,9500732.0,624303318.0,1401771961.0,0.006777658752157,000568
2018-05-11,65.9,66.99,64.68,64.9,7388339.0,486112474.0,1401771961.0,0.0052707139289112,000568
2018-05-14,64.8,66.98,64.79,66.98,8321539.0,550799785.0,1401771961.0,0.0059364427535442,000568
2018-05-15,66.66,66.89,65.26,66.5,8917631.0,589224969.0,1401771961.0,0.0063616845307979,000568
2018-05-16,66.22,67.66,65.8,66.9,8268264.0,554049051.0,1401771961.0,0.0058984372851212,000568
2018-05-17,66.9,66.95,64.4,64.94,6143588.0,401892662.0,1401771961.0,0.004382729981,000568
2018-05-18,64.7,65.99,64.4,65.95,5735432.0,374996582.0,1401771961.0,0.0040915585127758,000568
2018-05-21,66.38,67.1,65.5,65.87,4152824.0,274343893.0,1401771961.0,0.0029625531937715,000568
2018-05-22,65.87,67.25,65.41,66.86,6282024.0,419157889.0,1401771961.0,0.004481487841659,000568
2018-05-23,66.86,67.28,64.57,64.93,6229702.0,411265233.0,1401771961.0,0.00444416222704,000568
2018-05-24,64.94,65.93,64.22,64.65,5139593.0,333801831.0,1401771961.0,0.0036664972213693,000568
2018-05-25,64.65,66.45,64.25,66.05,6867273.0,452584772.0,1401771961.0,0.0048989944092625,000568
2018-05-28,66.1,69.3,65.7,68.45,10982118.0,743532542.0,1401771961.0,0.007834454037849,000568
2018-05-29,68.5,69.26,67.3,67.46,8722415.0,596416982.0,1401771961.0,0.0062224207950183,000568
2018-05-30,67.0,68.46,65.84,67.22,7892090.0,533458636.0,1401771961.0,0.0056300812254583,000568
2018-05-31,67.81,69.55,66.92,69.1,11431575.0,786037312.0,1401771961.0,0.0081550889289046,000568
2018-06-01,69.08,69.65,67.3,67.68,8053952.0,548415759.0,1401771961.0,0.0057455507914814,000568
2018-06-04,67.91,69.66,67.25,69.54,12740729.0,876481782.0,1401771961.0,0.0090890168689855,000568
2018-06-05,69.52,70.13,68.3,69.81,11012964.0,765222314.0,1401771961.0,0.0078564590435548,000568
2018-06-06,69.9,70.44,69.05,69.28,8775747.0,611334446.0,1401771961.0,0.0062604669262606,000568
2018-06-07,69.69,69.78,67.88,68.1,7420058.0,510272627.0,1401771961.0,0.0052933417177974,000568
2018-06-08,68.1,69.11,67.25,68.29,5686128.0,386849936.0,1401771961.0,0.0040563858874332,000568
2018-06-11,68.29,69.3,67.3,68.12,7597587.0,519984558.0,1401771961.0,0.0054199878520754,000568
2018-06-12,68.42,70.49,67.71,70.0,10766906.0,748370584.0,1401771961.0,0.0076809254996933,000568
2018-06-13,69.7,70.46,69.3,69.65,6158266.0,430808740.0,1401771961.0,0.0043932010136704,000568
2018-06-14,69.51,70.2,66.08,67.19,10693493.0,721341083.0,1401771961.0,0.0076285539285373,000568
2018-06-15,67.1,67.75,66.44,67.23,7375870.0,494777897.0,1401771961.0,0.0052618187588359,000568
2018-06-19,66.8,67.05,64.9,65.29,8877687.0,587038234.0,1401771961.0,0.0063331891684199,000568
2018-06-20,64.91,68.0,64.9,66.97,7855041.0,523171465.0,1401771961.0,0.0056036511062729,000568
2018-06-21,66.94,68.2,65.4,65.61,4418955.0,295594530.0,1401771961.0,0.0031524064704843,000568
2018-06-22,65.6,66.19,64.3,66.05,3254728.0,213215012.0,1401771961.0,0.002321866958787,000568
2018-06-25,66.26,68.09,66.26,66.5,5764994.0,387548987.0,1401771961.0,0.0041126475349723,000568
2018-06-26,67.65,67.65,63.87,64.69,12628519.0,818692334.0,1401771961.0,0.0090089681855178,000568
2018-06-27,64.4,64.58,61.4,62.65,12206877.0,766701640.0,1401771961.0,0.0087081760369153,000568
2018-06-28,61.38,61.38,59.0,59.28,13540464.0,813282698.0,1401771961.0,0.0096595340588354,000568
2018-06-29,59.23,61.7,59.0,60.86,6375046.0,384927143.0,1401771961.0,0.0045478481360492,000568
2018-07-02,60.78,62.1,59.1,59.61,8137919.0,494568925.0,1401771961.0,0.0058054514046596,000568
2018-07-03,59.2,59.77,55.29,57.47,20413994.0,1157655392.0,1401771961.0,0.0145629921042485,000568
2018-07-04,57.15,57.89,55.5,55.77,12252209.0,691504228.0,1401771961.0,0.0087405151057947,000568
2018-07-05,56.2,57.29,53.95,55.16,14378873.0,795551731.0,1401771961.0,0.0102576406149131,000568
2018-07-06,55.08,56.38,54.08,55.34,12259412.0,678315644.0,1401771961.0,0.0087456536020697,000568
2018-07-09,56.0,58.28,55.71,58.15,11018697.0,631547260.0,1401771961.0,0.0078605488671206,000568
2018-07-10,58.17,59.22,58.0,58.83,7401162.0,433056487.0,1401771961.0,0.0052798616364962,000568
2018-07-11,57.55,58.67,57.03,57.42,5831153.0,336357877.0,1401771961.0,0.0041598442273307,000568
2018-07-12,57.01,59.6,57.01,59.46,9092584.0,533660676.0,1401771961.0,0.0064864929909951,000568
2018-07-13,59.47,60.69,58.5,60.49,9421030.0,562931442.0,1401771961.0,0.006720800716601,000568
2018-07-16,59.4,59.81,58.23,58.72,7667284.0,450586449.0,1401771961.0,0.0054697084927638,000568
2018-07-17,58.8,58.91,56.4,57.47,7522761.0,430018726.0,1401771961.0,0.0053666082710296,000568
2018-07-18,57.45,57.95,56.03,56.18,8389875.0,478147216.0,1401771961.0,0.0059851924802482,000568
2018-07-19,56.45,56.96,55.88,56.19,6986136.0,393649917.0,1401771961.0,0.0049837892284678,000568
2018-07-20,56.41,56.58,54.62,56.37,7319618.0,407868182.0,1401771961.0,0.0052216895498311,000568
2018-07-23,56.37,56.37,54.57,55.23,10553568.0,582780479.0,1401771961.0,0.0075287338408961,000568
2018-07-24,55.45,57.59,55.01,57.46,12901588.0,732930042.0,1401771961.0,0.0092037709120649,000568
2018-07-25,57.69,57.78,56.52,57.03,7013872.0,399567733.0,1401771961.0,0.00500357561368,000568
2018-07-26,56.74,57.2,56.02,56.16,5597007.0,316552275.0,1401771961.0,0.0039928084993276,000568
2018-07-27,55.99,56.8,55.36,56.2,5479297.0,307924785.0,1401771961.0,0.0039088362104854,000568
2018-07-30,56.2,56.2,54.87,55.15,6296549.0,347718496.0,1401771961.0,0.0044918497267616,000568
2018-07-31,55.15,55.7,54.78,54.93,4384901.0,241327895.0,1401771961.0,0.003128112932771,000568
2018-08-01,55.09,55.39,52.96,53.41,7526505.0,406481634.0,1401771961.0,0.0053692791762154,000568
2018-08-02,53.2,53.2,49.62,50.9,16487934.0,842408237.0,1401771961.0,0.0117622084466847,000568
2018-08-03,50.7,50.9,48.68,48.68,12377542.0,616633135.0,1401771961.0,0.0088299255116859,000568
2018-08-06,48.8,49.38,46.8,48.34,10844742.0,523212354.0,1401771961.0,0.0077364523629532,000568
2018-08-07,48.32,49.62,47.88,49.24,9087853.0,443502518.0,1401771961.0,0.0064831179769902,000568
2018-08-08,49.01,49.1,46.85,46.95,11433236.0,544271905.0,1401771961.0,0.0081562738577277,000568
2018-08-09,46.92,49.25,46.69,48.79,11687648.0,565070942.0,1401771961.0,0.0083377670014616,000568
2018-08-10,48.65,50.3,48.06,49.07,12738184.0,625281609.0,1401771961.0,0.0090872013097713,000568
2018-08-13,48.4,48.4,46.93,47.9,10136363.0,482287064.0,1401771961.0,0.0072311069717565,000568
2018-08-14,48.39,48.93,47.98,48.62,8621319.0,417469168.0,1401771961.0,0.0061503006479382,000568
2018-08-15,48.62,48.67,46.2,46.62,12400275.0,582606334.0,1401771961.0,0.0088461428427729,000568
2018-08-16,45.99,46.7,44.38,44.45,13298358.0,603978541.0,1401771961.0,0.0094868198037811,000568
2018-08-17,45.18,45.47,43.82,44.11,9855170.0,439795322.0,1401771961.0,0.00703050872338,000568
2018-08-20,44.52,45.11,43.5,45.1,10275861.0,454475208.0,1401771961.0,0.0073306224449441,000568
2018-08-21,45.15,47.12,44.95,46.88,12888876.0,596476769.0,1401771961.0,0.0091947023899702,000568
2018-08-22,46.45,46.65,45.71,45.96,7679355.0,354653761.0,1401771961.0,0.0054783197364867,000568
2018-08-23,46.19,46.65,45.36,45.86,7528727.0,346720947.0,1401771961.0,0.0053708643127867,000568
2018-08-24,46.39,46.39,44.44,45.25,9322660.0,419080831.0,1401771961.0,0.0066506252510211,000568
2018-08-27,45.56,47.3,45.55,47.17,12264885.0,572564339.0,1401771961.0,0.0087495579461087,000568
2018-08-28,47.17,47.17,45.22,45.59,18484256.0,847652461.0,1401771961.0,0.0131863502154898,000568
2018-08-29,45.2,45.84,44.6,45.46,10574502.0,477596298.0,1401771961.0,0.0075436677963342,000568
2018-08-30,45.24,45.8,44.46,44.65,8992653.0,404641620.0,1401771961.0,0.0064152039348716,000568
2018-08-31,44.39,44.39,42.92,43.09,15514971.0,670560950.0,1401771961.0,0.0110681133819597,000568
2018-09-03,42.63,43.25,42.4,43.14,7677726.0,328282399.0,1401771961.0,0.005477157635913,000568
2018-09-04,43.42,43.6,42.36,43.3,9531197.0,409781759.0,1401771961.0,0.0067993919590177,000568
2018-09-05,43.3,43.3,42.0,42.08,8225662.0,350326101.0,1401771961.0,0.0058680457512732,000568
2018-09-06,41.6,42.31,40.06,40.8,16775915.0,690367286.0,1401771961.0,0.0119676491374762,000568
2018-09-07,40.96,41.61,40.53,41.06,10753153.0,441376491.0,1401771961.0,0.0076711143461086,000568
2018-09-10,41.06,41.59,40.25,41.13,8459902.0,347690918.0,1401771961.0,0.0060351485372591,000568
2018-09-11,41.02,41.82,40.7,40.92,8405194.0,346698680.0,1401771961.0,0.0059961207912903,000568
2018-09-12,41.0,41.29,40.06,40.83,8717204.0,354825982.0,1401771961.0,0.0062187033572716,000568
2018-09-13,41.35,41.58,39.61,40.31,10554078.0,425605364.0,1401771961.0,0.0075290976661217,000568
2018-09-14,40.28,41.62,39.58,41.38,14482226.0,590847418.0,1460105295.0,0.0099186175473735,000568
2018-09-17,41.0,41.58,40.17,40.43,11050307.0,449894044.0,1460105295.0,0.0075681576101674,000568
2018-09-18,40.17,42.57,40.12,42.41,14005715.0,580906680.0,1460105295.0,0.0095922636867089,000568
2018-09-19,42.35,45.45,42.34,44.35,24921828.0,1101757195.0,1460105295.0,0.0170685142265715,000568
2018-09-20,44.38,45.35,44.21,44.86,12924922.0,579731628.0,1460105295.0,0.0088520478928884,000568
2018-09-21,45.1,47.32,45.1,47.31,17271942.0,800014141.0,1460105295.0,0.0118292441368072,000568
2018-09-25,46.93,47.2,45.67,46.17,13589213.0,629927340.0,1460105295.0,0.0093070089167781,000568
2018-09-26,46.28,48.09,46.18,47.03,24160578.0,1139541211.0,1460105295.0,0.0165471477178637,000568
2018-09-27,46.83,47.86,46.2,47.56,14383751.0,677166047.0,1460105295.0,0.0098511737812717,000568
2018-09-28,47.52,47.95,47.19,47.51,8689351.0,412719505.0,1460105295.0,0.0059511810756086,000568
2018-10-08,46.2,46.65,44.48,44.51,12974847.0,590209039.0,1460105295.0,0.0088862406323922,000568
2018-10-09,44.78,45.38,44.41,44.51,11490182.0,516201509.0,1460105295.0,0.0078694201297311,000568
2018-10-10,44.8,44.99,41.6,41.7,18822536.0,809895189.0,1460105295.0,0.0128912182323124,000568
2018-10-11,40.23,42.47,39.68,40.98,20750362.0,853664759.0,1460105295.0,0.0142115517771613,000568
2018-10-12,41.15,43.78,41.15,43.65,17780159.0,754428590.0,1460105295.0,0.0121773128697543,000568
2018-10-15,43.65,44.08,41.88,42.05,13552034.0,579037536.0,1460105295.0,0.0092815456846898,000568
2018-10-16,42.11,43.1,41.81,42.29,9068047.0,385375607.0,1460105295.0,0.0062105431923661,000568
2018-10-17,42.99,43.13,40.82,41.98,9608330.0,402608269.0,1460105295.0,0.0065805733551565,000568
2018-10-18,41.28,42.0,40.08,41.46,11726257.0,484399634.0,1460105295.0,0.0080311036746154,000568
2018-10-19,40.5,43.37,40.48,43.25,11972739.0,505938447.0,1460105295.0,0.0081999147876523,000568
2018-10-22,44.0,46.83,43.75,46.26,16159233.0,735021786.0,1460105295.0,0.0110671696454603,000568
2018-10-23,46.3,46.34,41.8,42.6,18652672.0,813999934.0,1460105295.0,0.0127748814170282,000568
2018-10-24,41.65,42.27,39.88,40.95,19205935.0,788098098.0,1460105295.0,0.0131538013496485,000568
2018-10-25,39.79,39.79,38.67,39.45,18257281.0,717257342.0,1460105295.0,0.0125040851933901,000568
2018-10-26,39.85,39.95,37.59,38.36,18526670.0,713743535.0,1460105295.0,0.0126885849009951,000568
2018-10-29,37.33,37.33,35.05,35.6,22962484.0,821149783.0,1460105295.0,0.0157265945672774,000568
2018-10-30,36.0,37.25,35.6,36.65,13390233.0,487912199.0,1460105295.0,0.0091707310738846,000568
2018-10-31,36.98,38.25,36.66,38.06,12764218.0,482412566.0,1460105295.0,0.0087419845977614,000568
2018-11-01,38.35,39.76,38.21,38.28,16493090.0,643861935.0,1460105295.0,0.011295822333142,000568
2018-11-02,39.5,41.06,39.0,41.0,19506629.0,778707186.0,1460105295.0,0.0133597412918086,000568
2018-11-05,40.0,40.34,39.23,39.59,11160713.0,442206810.0,1460105295.0,0.0076437727047623,000568
2018-11-06,39.48,39.5,38.02,38.85,10050293.0,387670013.0,1460105295.0,0.0068832659085727,000568
2018-11-07,39.02,39.78,38.58,38.92,6919743.0,271238016.0,1460105295.0,0.0047392082089531,000568
2018-11-08,39.43,39.77,38.78,39.06,6942943.0,273018010.0,1460105295.0,0.0047550974739804,000568
2018-11-09,38.9,39.53,38.09,38.97,8745291.0,341168728.0,1460105295.0,0.0059894933810235,000568
2018-11-12,38.7,39.29,38.05,38.78,11522589.0,443049772.0,1460105295.0,0.007891615104375,000568
2018-11-13,38.3,40.98,38.1,40.55,16541568.0,657017549.0,1460105295.0,0.0113290240482279,000568
2018-11-14,40.28,40.4,39.51,39.95,8292427.0,331631786.0,1460105295.0,0.0056793349276909,000568
2018-11-15,40.13,40.64,39.99,40.4,7525944.0,303574605.0,1460105295.0,0.0051543844308844,000568
2018-11-16,40.6,40.84,40.02,40.29,5749330.0,232351614.0,1460105295.0,0.0039376132801436,000568
2018-11-19,40.21,41.78,40.21,41.44,8758465.0,361023139.0,1460105295.0,0.0059985160179834,000568
2018-11-20,40.9,41.22,40.3,40.32,5876188.0,238412602.0,1460105295.0,0.0040244960552656,000568
2018-11-21,40.0,41.65,39.76,41.19,8141789.0,334283563.0,1460105295.0,0.0055761656559159,000568
2018-11-22,41.18,41.51,40.78,41.3,5649533.0,232510000.0,1460105295.0,0.003869264099888,000568
2018-11-23,41.35,41.35,40.11,40.23,5738824.0,232341616.0,1460105295.0,0.0039304179086618,000568
2018-11-26,40.5,40.55,39.9,40.02,4001430.0,160962324.0,1460105295.0,0.0027405078344024,000568
2018-11-27,40.15,40.3,39.51,39.78,5005083.0,199204152.0,1460105295.0,0.0034278918220072,000568
2018-11-28,39.92,40.73,39.66,40.22,6532659.0,262654689.0,1460105295.0,0.0044741013010298,000568
2018-11-29,40.4,41.2,39.9,39.95,6807500.0,276487458.0,1460105295.0,0.0046623349859162,000568
2018-11-30,40.15,41.1,39.7,41.0,9302027.0,378692330.0,1460105295.0,0.0063707919092232,000568
2018-12-03,42.3,43.48,41.7,42.9,14575829.0,623174518.0,1460105295.0,0.0099827245678196,000568
2018-12-04,42.92,43.26,42.48,42.95,7755320.0,332668022.0,1460105295.0,0.0053114799504922,000568
2018-12-05,42.5,44.6,42.35,43.82,12501373.0,546888268.0,1460105295.0,0.0085619667587055,000568
2018-12-06,43.0,43.5,42.26,42.28,9389294.0,401717104.0,1460105295.0,0.0064305595165997,000568
2018-12-07,42.67,42.99,42.34,42.61,6946643.0,296429735.0,1460105295.0,0.0047576315377994,000568
2018-12-10,41.9,42.93,41.8,42.25,4897703.0,206859943.0,1460105295.0,0.0033543491806869,000568
2018-12-11,42.33,42.84,41.95,42.46,5040437.0,213368498.0,1460105295.0,0.0034521051442389,000568
2018-12-12,42.7,43.45,42.46,43.24,7336500.0,315134936.0,1460105295.0,0.0050246376238228,000568
2018-12-13,43.39,44.3,43.16,44.03,9996286.0,439185961.0,1460105295.0,0.0068462774802826,000568
2018-12-14,43.7,44.12,43.15,43.2,6389152.0,278915676.0,1460105295.0,0.0043758159236043,000568
2018-12-17,43.0,43.3,42.41,42.64,6587628.0,281340437.0,1460105295.0,0.0045117485859127,000568
2018-12-18,42.31,43.0,42.26,42.88,6081730.0,259910413.0,1460105295.0,0.0041652680945862,000568
2018-12-19,42.8,43.49,41.26,41.3,10448504.0,441119011.0,1460105295.0,0.0071559934997701,000568
2018-12-20,41.13,41.61,40.18,41.05,7784414.0,318450044.0,1460105295.0,0.0053314059106949,000568
2018-12-21,40.7,40.81,38.95,39.68,12171425.0,484466224.0,1460105295.0,0.0083359912752045,000568
2018-12-24,39.55,40.4,39.15,40.16,5518943.0,220907814.0,1460105295.0,0.0037798253447194,000568
2018-12-25,39.8,40.59,39.4,40.53,6195374.0,248159329.0,1460105295.0,0.0042431008374639,000568
2018-12-26,40.32,40.96,39.6,39.69,6338381.0,255183622.0,1460105295.0,0.0043410437738327,000568
2018-12-27,40.38,40.76,39.8,40.1,7791455.0,313721631.0,1460105295.0,0.0053362281656543,000568
2018-12-28,40.2,40.99,39.51,40.66,6874734.0,277760898.0,1460105295.0,0.0047083823499181,000568
2019-01-02,40.98,41.5,39.55,39.6,9150271.0,368147514.0,1460105295.0,0.0062668569392456,000568
2019-01-03,39.6,39.81,37.7,38.13,11186214.0,429878979.0,1460105295.0,0.0076612378835322,000568
2019-01-04,37.81,38.99,37.6,38.97,9950175.0,382548072.0,1460105295.0,0.0068146968811588,000568
2019-01-07,39.13,39.4,38.48,38.72,10889766.0,421519652.0,1460105295.0,0.0074582059508249,000568
2019-01-08,38.75,38.99,38.06,38.77,7180847.0,277935869.0,1460105295.0,0.0049180336682499,000568
2019-01-09,38.84,40.1,38.84,39.49,11696546.0,463026589.0,1460105295.0,0.0080107551421488,000568
2019-01-10,39.39,39.39,38.56,38.81,8317330.0,322823861.0,1460105295.0,0.005696390546957,000568
2019-01-11,38.93,39.35,38.56,39.3,8345117.0,324832921.0,1460105295.0,0.0057154213662378,000568
2019-01-14,39.18,39.18,38.4,38.47,5896410.0,227598623.0,1460105295.0,0.0040383457413597,000568
2019-01-15,38.57,42.32,38.38,41.83,21871802.0,882947471.0,1460105295.0,0.014979605974239,000568
2019-01-16,41.62,41.98,40.91,41.11,13422247.0,554003251.0,1460105295.0,0.009192656889858,000568
2019-01-17,41.2,41.68,40.6,41.08,9070388.0,374232461.0,1460105295.0,0.0062121465013932,000568
2019-01-18,41.24,42.69,41.23,42.2,16815970.0,711219703.0,1460105295.0,0.0115169570698666,000568
2019-01-21,42.42,43.76,42.35,42.63,15310417.0,658055271.0,1460105295.0,0.0104858307496241,000568
2019-01-22,42.61,42.68,41.83,42.05,5703452.0,240319302.0,1460105295.0,0.0039061922585521,000568
2019-01-23,41.98,42.57,41.8,42.26,5407365.0,228446355.0,1460105295.0,0.0037034075682877,000568
2019-01-24,42.32,42.62,41.85,42.41,7108146.0,300044921.0,1460105295.0,0.0048682420537348,000568
2019-01-25,42.5,43.39,42.01,42.72,10815196.0,464137618.0,1460105295.0,0.0074071342916402,000568
2019-01-28,42.99,44.23,42.95,43.12,12893694.0,562710347.0,1460105295.0,0.008830660394256,000568
2019-01-29,43.14,43.57,42.13,43.38,10515457.0,452442850.0,1460105295.0,0.0072018484118982,000568
2019-01-30,43.35,43.86,42.13,42.18,10390036.0,445943869.0,1460105295.0,0.0071159498123729,000568
2019-01-31,42.16,43.16,41.8,42.67,14634242.0,621067415.0,1460105295.0,0.0100227305867005,000568
2019-02-01,43.0,44.0,42.23,43.75,14292824.0,617471392.0,1460105295.0,0.0097888995053606,000568
2019-02-11,43.75,48.13,43.15,46.81,22428846.0,1030908718.0,1460105295.0,0.0153611154461295,000568
2019-02-12,46.8,48.98,46.53,47.48,16686666.0,794284242.0,1460105295.0,0.0114283990730956,000568
2019-02-13,47.48,48.14,47.01,47.71,13703358.0,650785815.0,1460105295.0,0.0093851847855945,000568
2019-02-14,47.44,49.69,47.21,48.86,16492973.0,800613213.0,1460105295.0,0.0112957422019348,000568
2019-02-15,48.5,48.69,47.58,47.7,12338820.0,593074526.0,1460105295.0,0.0084506371165512,000568
2019-02-18,48.19,50.0,48.08,49.88,14120089.0,693750585.0,1460105295.0,0.0096705963935292,000568
2019-02-19,49.9,51.45,49.43,50.02,13521712.0,680760614.0,1460105295.0,0.0092607786892519,000568
2019-02-20,50.14,51.19,49.5,50.26,10414220.0,523727994.0,1460105295.0,0.0071325130013996,000568
2019-02-21,50.25,50.49,49.5,49.8,9070642.0,453106062.0,1460105295.0,0.00621232046145,000568
2019-02-22,49.6,50.1,48.91,50.1,11320974.0,560490274.0,1460105295.0,0.0077535325971131,000568
2019-02-25,50.67,52.55,50.67,52.39,18511291.0,954467677.0,1460105295.0,0.0126780520989755,000568
2019-02-26,52.38,52.5,50.65,50.85,15397470.0,790117662.0,1460105295.0,0.0105454517922284,000568
2019-02-27,51.3,53.3,50.7,51.28,19280915.0,1003577293.0,1460105295.0,0.0132051538104996,000568
2019-02-28,51.19,52.28,49.68,51.24,15866651.0,809238374.0,1460105295.0,0.0108667854670029,000568
2019-03-01,51.86,53.68,51.4,53.49,17452088.0,914823498.0,1460105295.0,0.0119526229099799,000568
2019-03-04,53.9,55.95,53.0,54.4,21643816.0,1177824689.0,1460105295.0,0.0148234624407686,000568
2019-03-05,54.4,55.06,53.5,54.18,12306738.0,665951356.0,1460105295.0,0.0084286647285941,000568
2019-03-06,54.0,54.0,52.9,53.59,13650707.0,726284066.0,1460105295.0,0.00934912505745,000568
2019-03-07,53.01,53.03,50.45,51.58,23888304.0,1228358090.0,1460105295.0,0.016360672125362,000568
2019-03-08,50.5,51.18,49.5,49.88,21158857.0,1059755107.0,1460105295.0,0.0144913226960114,000568
2019-03-11,50.02,51.78,49.95,51.45,17709376.0,899391039.0,1460105295.0,0.0121288348591325,000568
2019-03-12,51.77,51.77,50.28,50.76,13821193.0,704775488.0,1460105295.0,0.0094658878694087,000568
2019-03-13,50.66,51.5,50.21,50.45,11834145.0,600526428.0,1460105295.0,0.0081049942360492,000568
2019-03-14,50.5,52.42,50.04,51.43,16706673.0,861139392.0,1460105295.0,0.0114421015095353,000568
2019-03-15,51.6,54.28,50.7,53.27,18805232.0,1000991092.0,1460105295.0,0.0128793670322248,000568
2019-03-18,54.4,58.6,54.4,58.6,30944578.0,1774445858.0,1460105295.0,0.0211933879741186,000568
2019-03-19,59.9,59.9,57.23,59.16,26666474.0,1567204931.0,1460105295.0,0.0182633910659162,000568
2019-03-20,58.62,63.28,58.3,60.91,26250078.0,1608094176.0,1460105295.0,0.0179782088934894,000568
2019-03-21,61.5,61.8,59.63,60.02,14527692.0,876417974.0,1460105295.0,0.0099497563975343,000568
2019-03-22,60.18,62.59,60.0,61.03,13839608.0,845712205.0,1460105295.0,0.0094784999735241,000568
2019-03-25,59.81,61.0,59.4,59.71,10998403.0,661229480.0,1460105295.0,0.0075326094889615,000568
2019-03-26,60.21,61.0,58.8,59.16,13740800.0,822711213.0,1460105295.0,0.0094108281416786,000568
2019-03-27,59.96,62.83,59.25,61.54,14789218.0,909238238.0,1460105295.0,0.0101288708770828,000568
2019-03-28,62.24,65.22,61.65,64.39,22279721.0,1419624727.0,1460105295.0,0.0152589824009918,000568
2019-03-29,64.76,68.39,64.76,66.58,23219919.0,1547154060.0,1460105295.0,0.0159029071941006,000568
2019-04-01,66.0,67.55,65.3,67.3,21103358.0,1401180349.0,1460105295.0,0.0144533124236084,000568
2019-04-02,66.55,67.16,65.21,66.51,11336516.0,749385760.0,1460105295.0,0.0077641770349171,000568
2019-04-03,65.7,66.79,64.7,65.7,12395443.0,811656251.0,1460105295.0,0.0084894171964495,000568
2019-04-04,65.3,68.51,64.6,67.9,18857550.0,1262599828.0,1460105295.0,0.0129151986946256,000568
2019-04-08,70.04,72.0,68.5,68.99,15024190.0,1046222223.0,1460105295.0,0.0102897989969963,000568
2019-04-09,68.5,69.09,67.56,69.09,15319807.0,1045248278.0,1460105295.0,0.0104922617926674,000568
2019-04-10,68.99,72.8,68.21,72.7,26919055.0,1917231797.0,1460105295.0,0.0184363792749618,000568
2019-04-11,72.03,72.09,68.89,70.5,21562226.0,1519668826.0,1460105295.0,0.014767582909149,000568
2019-04-12,69.51,70.36,67.25,69.6,14494837.0,998085978.0,1460105295.0,0.0099272545957036,000568
2019-04-15,70.24,71.68,67.11,67.55,16589133.0,1156538074.0,1460105295.0,0.0113616004659444,000568
2019-04-16,66.6,69.2,66.01,69.02,10365759.0,702858208.0,1460105295.0,0.0070993229293096,000568
2019-04-17,68.35,70.05,67.37,69.53,13273555.0,911890986.0,1460105295.0,0.0090908203986754,000568
2019-04-18,69.22,70.1,68.68,69.15,7918406.0,550000172.0,1460105295.0,0.0054231746348128,000568
2019-04-19,69.15,69.9,68.32,69.14,7642994.0,527827330.0,1460105295.0,0.0052345498822398,000568
2019-04-22,69.14,72.0,69.01,69.98,15221957.0,1078993685.0,1460105295.0,0.0104252460778864,000568
2019-04-23,69.25,73.17,69.25,72.45,16871137.0,1208071951.0,1460105295.0,0.011554739961408,000568
2019-04-24,72.6,73.5,70.8,71.74,13005187.0,932007696.0,1460105295.0,0.008907019955708,000568
2019-04-25,71.61,72.56,69.79,70.48,12330213.0,878992321.0,1460105295.0,0.0084447423362025,000568
2019-04-26,72.6,77.3,71.89,75.43,27186827.0,2024528483.0,1460105295.0,0.0186197715281896,000568
2019-04-29,75.65,79.98,74.01,76.37,18569379.0,1433994486.0,1460105295.0,0.0127178355311696,000568
2019-04-30,76.18,79.55,75.61,77.88,12079231.0,940017564.0,1460105295.0,0.008272849253656,000568
2019-05-06,75.9,75.9,70.09,70.5,24671868.0,1772250752.0,1460105295.0,0.0168973210935448,000568
2019-05-07,70.5,73.6,70.2,72.32,20121745.0,1454510146.0,1460105295.0,0.0137810232377795,000568
2019-05-08,70.0,73.06,69.07,71.22,12550771.0,898992206.0,1460105295.0,0.0085957985653356,000568
2019-05-09,70.07,70.95,65.8,67.7,20990047.0,1421358973.0,1460105295.0,0.0143757077464745,000568
2019-05-10,68.8,72.38,67.88,71.81,20522409.0,1442261992.0,1460105295.0,0.0140554308448008,000568
2019-05-13,70.5,73.26,68.18,71.7,15957037.0,1141213510.0,1460105295.0,0.0109286892216906,000568
2019-05-14,69.5,72.86,69.5,70.65,14394978.0,1028343990.0,1460105295.0,0.0098588629527571,000568
2019-05-15,71.8,77.72,71.8,77.72,20349809.0,1526038394.0,1460105295.0,0.0139372201920547,000568
2019-05-16,79.3,82.32,77.1,81.0,21567607.0,1727505917.0,1460105295.0,0.0147712682598004,000568
2019-05-17,80.01,81.19,76.5,77.35,22875722.0,1791288389.0,1460105295.0,0.015667172825368,000568
2019-05-20,77.0,77.1,71.3,74.1,24527486.0,1804593473.0,1460105295.0,0.0167984364442702,000568
2019-05-21,73.78,76.25,72.6,75.74,18118990.0,1351857288.0,1460105295.0,0.0124093721610673,000568
2019-05-22,75.34,75.34,72.5,73.65,14028260.0,1033290860.0,1460105295.0,0.009607704353952,000568
2019-05-23,72.68,73.2,69.98,70.55,17125972.0,1220225740.0,1460105295.0,0.0117292718947368,000568
2019-05-24,70.56,72.5,70.1,72.2,17665092.0,1262231387.0,1460105295.0,0.0120985055396295,000568
2019-05-27,72.07,73.3,69.88,72.31,13501230.0,965886126.0,1460105295.0,0.0092467509338085,000568
2019-05-28,72.0,73.99,71.45,73.99,14069252.0,1028122324.0,1460105295.0,0.0096357790415382,000568
2019-05-29,72.9,75.14,72.5,73.79,11293266.0,835276425.0,1460105295.0,0.0077345558835193,000568
2019-05-30,73.33,74.0,71.06,72.0,12656432.0,911548548.0,1460105295.0,0.0086681638943032,000568
2019-05-31,72.0,72.4,69.85,70.63,12955432.0,918276158.0,1460105295.0,0.0088729436461635,000568
2019-06-03,70.8,71.98,69.13,69.6,13361775.0,935694347.0,1460105295.0,0.0091512406987059,000568
2019-06-04,70.0,70.29,67.44,67.9,16442565.0,1121115566.0,1460105295.0,0.0112612186643703,000568
2019-06-05,68.99,69.6,67.58,68.16,11223206.0,767188633.0,1460105295.0,0.0076865730426653,000568
2019-06-06,68.35,68.48,66.57,66.8,11876507.0,798968513.0,1460105295.0,0.0081340072121305,000568
2019-06-10,66.82,68.78,65.67,67.91,13112067.0,883272264.0,1460105295.0,0.0089802201559716,000568
2019-06-11,68.56,72.57,68.56,72.05,25231335.0,1792719191.0,1460105295.0,0.0172804900347957,000568
2019-06-12,71.6,72.44,70.35,71.29,10718205.0,766992208.0,1460105295.0,0.0073407068905944,000568
2019-06-13,71.4,71.67,69.89,70.73,8817660.0,622357801.0,1460105295.0,0.006039057614677,000568
2019-06-14,70.73,72.1,69.8,70.24,9821547.0,695344310.0,1460105295.0,0.0067266018646963,000568
2019-06-17,70.1,70.89,69.07,69.82,7674802.0,536832620.0,1460105295.0,0.0052563346124979,000568
2019-06-18,69.88,70.43,68.5,69.7,7692758.0,533591415.0,1460105295.0,0.0052686323557233,000568
2019-06-19,71.8,72.15,70.85,71.0,11546970.0,825325894.0,1460105295.0,0.007908313215178,000568
2019-06-20,70.79,74.95,70.67,74.16,20759795.0,1524276747.0,1460105295.0,0.0142180122701356,000568
2019-06-21,74.57,76.25,73.76,75.8,18485131.0,1386870739.0,1460105295.0,0.012660135582893,000568
2019-06-24,75.92,78.88,75.0,76.9,16282940.0,1258011673.0,1460105295.0,0.0111518943570436,000568
2019-06-25,76.88,78.5,75.3,77.2,13421221.0,1028645604.0,1460105295.0,0.0091919542008098,000568
2019-06-26,76.95,77.17,75.9,76.24,7881403.0,602002489.0,1460105295.0,0.0053978319419764,000568
2019-06-27,76.63,81.66,76.63,80.93,18465996.0,1476931431.0,1460105295.0,0.012647030363656,000568
2019-06-28,80.93,82.2,79.54,80.83,10790322.0,874303404.0,1460105295.0,0.0073900985339553,000568
2019-07-01,83.0,84.8,82.9,83.65,17597588.0,1477894073.0,1460105295.0,0.012052273257457,000568
2019-07-02,83.61,85.44,82.83,84.18,12483316.0,1049188306.0,1460105295.0,0.0085495998423867,000568
2019-07-03,83.86,86.33,81.15,82.77,18861839.0,1577751161.0,1460105295.0,0.0129181361540093,000568
2019-07-04,82.7,83.88,80.3,81.43,13251513.0,1080610018.0,1460105295.0,0.0090757242271352,000568
2019-07-05,81.24,85.16,81.24,84.9,17369192.0,1457398367.0,1460105295.0,0.0118958489223203,000568
2019-07-08,84.4,85.0,82.6,83.7,12557675.0,1050453839.0,1460105295.0,0.0086005269914455,000568
2019-07-09,83.01,86.4,83.0,83.51,13699071.0,1156191116.0,1460105295.0,0.009382248695975,000568
2019-07-10,84.2,85.88,82.94,85.1,11980415.0,1013339258.0,1460105295.0,0.0082051719427536,000568
2019-07-11,85.19,87.6,84.5,86.0,16735033.0,1449164302.0,1460105295.0,0.0114615247662669,000568
2019-07-12,85.69,88.45,85.49,88.45,11125241.0,969377381.0,1460105295.0,0.0076194785664413,000568
2019-07-15,87.58,88.2,86.0,87.48,12560744.0,1092176883.0,1460105295.0,0.008602628894651,000568
2019-07-16,86.7,87.93,84.19,84.9,14593355.0,1245241000.0,1460105295.0,0.0099947278117363,000568
2019-07-17,84.37,85.56,83.5,84.41,11863137.0,1002773234.0,1460105295.0,0.0081248503382764,000568
2019-07-18,83.82,85.1,83.48,83.66,7624163.0,642366751.0,1460105295.0,0.0052216528671653,000568
2019-07-19,84.25,84.98,83.5,84.45,7780020.0,656981455.0,1460105295.0,0.0053283965386893,000568
2019-07-22,84.56,85.33,83.0,85.2,7371690.0,624535077.0,1460105295.0,0.0050487386253879,000568
2019-07-23,85.19,85.19,78.8,81.1,23628075.0,1919417174.0,1460105295.0,0.0161824459379143,000568
2019-07-24,81.4,81.78,80.56,81.22,14561672.0,1180658063.0,1460105295.0,0.0099730286917424,000568
2019-07-25,81.2,81.88,78.5,81.81,13188690.0,1058405702.0,1460105295.0,0.0090326978781348,000568
2019-07-26,81.14,83.43,80.9,82.21,9246780.0,763383282.0,1460105295.0,0.0063329542271127,000568
2019-07-29,82.66,83.45,82.0,82.93,8242555.0,683258416.0,1460105295.0,0.0056451784869391,000568
2019-07-30,82.93,83.4,81.7,82.19,7701635.0,634657535.0,1460105295.0,0.0052747120542426,000568
2019-07-31,81.94,82.48,80.01,80.64,8111328.0,656896764.0,1460105295.0,0.0055553034618643,000568
2019-08-01,80.23,81.46,79.1,79.87,9777111.0,784121713.0,1460105295.0,0.0066961684431121,000568
2019-08-02,78.54,79.81,78.06,79.81,9288327.0,735140251.0,1460105295.0,0.0063614090242717,000568
2019-08-05,79.36,79.7,77.04,77.31,10343641.0,807381797.0,1460105295.0,0.0070841747067289,000568
2019-08-06,76.3,79.36,75.6,78.9,11767603.0,917666438.0,1460105295.0,0.0080594208104697,000568
2019-08-07,78.89,79.53,77.88,77.99,6717191.0,527325645.0,1460105295.0,0.0046004839671511,000568
2019-08-08,78.74,80.03,78.46,79.3,6823044.0,541586068.0,1460105295.0,0.0046729807934844,000568
2019-08-09,80.0,80.5,77.02,77.38,9820286.0,770771987.0,1460105295.0,0.0067257382283515,000568
2019-08-12,78.96,79.97,77.62,79.63,12808963.0,1009711888.0,1460105295.0,0.0087726296479186,000568
2019-08-13,79.24,79.85,78.62,79.2,5596761.0,443570352.0,1460105295.0,0.0038331215010079,000568
2019-08-14,80.0,84.93,80.0,83.52,17594746.0,1456910576.0,1460105295.0,0.0120503268224912,000568
2019-08-15,82.3,84.38,81.9,84.28,12903141.0,1077207450.0,1460105295.0,0.0088371304755798,000568
2019-08-16,84.31,87.5,83.6,86.0,12817066.0,1097887763.0,1460105295.0,0.0087781792476822,000568
2019-08-19,86.0,86.88,84.68,86.2,11309835.0,968612883.0,1460105295.0,0.0077459036952537,000568
2019-08-20,86.23,86.6,85.43,86.3,9206399.0,793191956.0,1460105295.0,0.0063052980024978,000568
2019-08-21,86.35,87.46,86.0,86.6,9916609.0,859936752.0,1460105295.0,0.0067917081281456,000568
2019-08-22,85.59,88.15,84.56,87.66,13532672.0,1169585178.0,1460105295.0,0.0092682849972131,000568
2019-08-23,87.66,90.18,87.2,88.69,10311696.0,918068122.0,1460105295.0,0.0070622961476213,000568
2019-08-26,87.02,88.1,86.28,86.87,9102398.0,792263669.0,1460105295.0,0.0062340695778382,000568
2019-08-27,87.8,90.21,87.45,89.25,11121853.0,991088852.0,1460105295.0,0.0076171581858416,000568
2019-08-28,89.66,90.97,88.29,88.85,9502200.0,848994147.0,1460105295.0,0.0065078868164778,000568
2019-08-29,91.31,92.6,89.6,92.28,16999268.0,1552010374.0,1460105295.0,0.0116424945914602,000568
2019-08-30,92.35,98.48,92.3,96.88,17028947.0,1632071610.0,1460105295.0,0.0116628212076992,000568
2019-09-02,97.04,98.3,94.94,98.07,15696478.0,1515451086.0,1460105295.0,0.0107502370231456,000568
2019-09-03,97.8,97.97,94.87,96.16,13399415.0,1288866039.0,1460105295.0,0.0091770196614484,000568
2019-09-04,95.0,95.88,93.29,94.25,13850908.0,1303071673.0,1460105295.0,0.0094862391414038,000568
2019-09-05,94.89,95.9,94.0,94.5,11873497.0,1126155203.0,1460105295.0,0.0081319457169696,000568
2019-09-06,94.77,94.79,93.01,94.03,10455879.0,980492703.0,1460105295.0,0.0071610445053553,000568
2019-09-09,94.64,95.3,92.58,93.25,12147884.0,1134065638.0,1460105295.0,0.0083198684653766,000568
2019-09-10,92.87,93.49,91.55,92.7,9093169.0,840358526.0,1460105295.0,0.006227748800815,000568
2019-09-11,92.69,92.69,86.7,87.51,25129696.0,2216816987.0,1460105295.0,0.0172108793016876,000568
2019-09-12,86.99,89.68,86.77,88.89,15209468.0,1346716419.0,1460105295.0,0.0104166925851741,000568
2019-09-16,88.58,88.58,86.4,86.79,17189732.0,1494311647.0,1460105295.0,0.0117729399782773,000568
2019-09-17,86.8,88.77,86.5,87.82,13067413.0,1147703825.0,1460105295.0,0.0089496374300868,000568
2019-09-18,87.95,90.55,87.95,90.2,18794430.0,1690221464.0,1460105295.0,0.0128719689356376,000568
2019-09-19,90.15,90.15,87.61,88.7,14451379.0,1276102672.0,1460105295.0,0.0098974909888262,000568
2019-09-20,88.99,90.09,87.75,89.0,14508574.0,1286668805.0,1460105295.0,0.0099366628212933,000568
2019-09-23,88.92,88.95,87.01,87.65,8468078.0,741931239.0,1460105295.0,0.0057996351557645,000568
2019-09-24,87.2,89.44,87.2,88.5,13325888.0,1182070740.0,1460105295.0,0.0091266623343078,000568
2019-09-25,88.25,89.3,87.4,88.01,7793042.0,688425758.0,1460105295.0,0.005337315073568,000568
2019-09-26,89.02,89.69,87.02,87.74,8511863.0,752481692.0,1460105295.0,0.005829622719093,000568
2019-09-27,87.21,88.0,84.01,87.22,11095537.0,962565470.0,1460105295.0,0.0075991348281495,000568
2019-09-30,87.03,87.61,85.06,85.22,9361839.0,804966739.0,1460105295.0,0.0064117560781806,000568
2019-10-08,85.99,89.12,85.97,88.25,12314176.0,1086022747.0,1460105295.0,0.0084337588817524,000568
2019-10-09,88.0,88.3,86.7,87.48,7634969.0,666326707.0,1460105295.0,0.005229053703281,000568
2019-10-10,86.5,86.9,84.05,86.68,11378043.0,972300395.0,1460105295.0,0.0077926181344339,000568
2019-10-11,86.98,88.5,86.0,87.67,9382328.0,821460169.0,1460105295.0,0.0064257886277989,000568
2019-10-14,88.51,88.88,87.3,87.66,8170552.0,716701640.0,1460105295.0,0.0055958649201392,000568
2019-10-15,87.63,89.2,86.28,88.33,11141494.0,984451284.0,1460105295.0,0.0076306099554279,000568
2019-10-16,87.0,87.4,85.51,85.82,14439614.0,1242540432.0,1460105295.0,0.0098894333507639,000568
2019-10-17,86.18,86.4,85.38,86.12,5520278.0,473890022.0,1460105295.0,0.0037807396623405,000568
2019-10-18,85.49,85.79,84.23,84.5,8140854.0,691151217.0,1460105295.0,0.00557552529114,000568
2019-10-21,84.43,85.18,83.01,83.57,8905505.0,746288361.0,1460105295.0,0.006099221083915,000568
2019-10-22,83.99,85.16,83.28,85.1,7725368.0,650913243.0,1460105295.0,0.0052909663614362,000568
2019-10-23,85.11,86.12,83.68,84.0,5825132.0,493150488.0,1460105295.0,0.0039895287140918,000568
2019-10-24,84.11,84.4,81.35,81.75,10588443.0,869833369.0,1460105295.0,0.0072518352178155,000568
2019-10-25,81.75,83.15,81.23,83.0,7557821.0,623956707.0,1460105295.0,0.0051762164180084,000568
2019-10-28,82.99,85.44,82.91,84.88,9322278.0,788324929.0,1460105295.0,0.0063846614568985,000568
2019-10-29,85.6,86.46,84.62,85.83,11387681.0,978645464.0,1460105295.0,0.0077992190282413,000568
2019-10-30,86.01,86.18,84.9,85.8,6422760.0,548697426.0,1460105295.0,0.0043988334416662,000568
2019-10-31,88.99,89.31,86.77,87.2,14139530.0,1245594843.0,1460105295.0,0.0096839111866928,000568
2019-11-01,87.8,88.52,86.51,88.2,11879288.0,1042022295.0,1460105295.0,0.0081359118692874,000568
2019-11-04,88.52,89.1,87.1,87.4,13345418.0,1174229460.0,1460105295.0,0.0091400380819795,000568
2019-11-05,87.52,87.78,86.17,86.75,9744926.0,846782670.0,1460105295.0,0.0066741255122973,000568
2019-11-06,87.09,87.18,84.72,84.86,10563395.0,902308775.0,1460105295.0,0.007234680290643,000568
2019-11-07,84.86,85.47,84.29,84.91,6801144.0,576532078.0,1460105295.0,0.0046579818752044,000568
2019-11-08,85.5,86.72,85.03,85.62,9395269.0,807203838.0,1460105295.0,0.0064346516872264,000568
2019-11-11,85.0,85.6,84.13,85.0,6466338.0,549199517.0,1460105295.0,0.0044286792343972,000568
2019-11-12,85.0,85.39,84.15,85.23,5721977.0,485545903.0,1460105295.0,0.0039188796997,000568
2019-11-13,85.6,86.5,84.8,86.45,8466065.0,727799482.0,1460105295.0,0.0057982564880706,000568
2019-11-14,86.42,87.5,85.82,86.46,10032110.0,871974483.0,1460105295.0,0.0068708126971075,000568
2019-11-15,86.46,86.66,85.0,85.21,7307927.0,624852565.0,1460105295.0,0.0050050684872011,000568
2019-11-18,84.73,85.29,83.71,85.06,7139743.0,603069708.0,1460105295.0,0.0048898822738671,000568
2019-11-19,84.7,86.11,84.7,85.52,6352256.0,544139778.0,1460105295.0,0.004350546513154,000568
2019-11-20,85.27,88.56,85.16,87.0,13627385.0,1189174909.0,1460105295.0,0.0093331522368049,000568
2019-11-21,87.17,88.48,86.3,87.48,7719167.0,676139980.0,1460105295.0,0.005286719407452,000568
2019-11-22,87.9,87.95,83.5,84.2,14110738.0,1201937281.0,1460105295.0,0.0096641920608883,000568
2019-11-25,83.0,84.69,81.61,84.35,9749199.0,811240920.0,1460105295.0,0.0066770520135672,000568
2019-11-26,84.45,85.56,84.11,85.3,9281611.0,790480755.0,1460105295.0,0.0063568093559992,000568
2019-11-27,85.2,86.58,84.84,85.83,7502334.0,645480624.0,1460105295.0,0.0051382143641907,000568
2019-11-28,86.19,86.36,84.09,84.5,7444715.0,632173962.0,1460105295.0,0.0050987521417076,000568
2019-11-29,84.11,84.2,81.18,81.75,14570688.0,1196783443.0,1460105295.0,0.0099792035888754,000568
2019-12-02,81.65,82.59,81.08,81.74,7592210.0,620331821.0,1460105295.0,0.0051997688290007,000568
2019-12-03,81.58,81.58,80.0,80.36,10070890.0,808116312.0,1460105295.0,0.0068973724254592,000568
2019-12-04,81.61,82.11,80.57,81.72,8085665.0,658199036.0,1460105295.0,0.0055377273321921,000568
2019-12-05,81.7,81.99,80.96,81.49,6688569.0,544605364.0,1460105295.0,0.0045808812713058,000568
2019-12-06,81.4,82.87,81.1,82.59,9684467.0,797714975.0,1460105295.0,0.0066327182246126,000568
2019-12-09,83.0,83.28,82.18,82.36,6048461.0,499406480.0,1460105295.0,0.0041424827515607,000568
2019-12-10,82.02,82.4,81.26,81.93,7210623.0,589317718.0,1460105295.0,0.0049384267180539,000568
2019-12-11,81.93,81.95,80.72,80.89,5948895.0,481697807.0,1460105295.0,0.0040742917790733,000568
2019-12-12,81.21,81.4,80.19,80.49,5857017.0,471843492.0,1460105295.0,0.0040113661802726,000568
2019-12-13,80.89,82.49,80.89,82.0,9803622.0,802329554.0,1460105295.0,0.0067143253528164,000568
2019-12-16,82.4,82.6,81.04,81.6,7490391.0,610198247.0,1460105295.0,0.0051300348171122,000568
2019-12-17,81.72,83.5,81.5,83.04,10581777.0,873623976.0,1460105295.0,0.0072472697936486,000568
2019-12-18,83.01,83.5,82.28,82.5,7474573.0,619732347.0,1460105295.0,0.0051192013518449,000568
2019-12-19,82.59,82.6,81.3,82.0,5778722.0,472071012.0,1460105295.0,0.0039577433352161,000568
2019-12-20,81.72,82.5,81.72,82.15,5054107.0,414735792.0,1460105295.0,0.0034614674827269,000568
2019-12-23,80.5,82.45,80.5,81.61,6309531.0,516679145.0,1460105295.0,0.0043212849248656,000568
2019-12-24,81.66,82.39,81.66,82.05,3966581.0,325305763.0,1460105295.0,0.0027166403776379,000568
2019-12-25,82.28,82.29,80.4,80.86,8552575.0,691814852.0,1460105295.0,0.0058575056396874,000568
2019-12-26,80.9,81.23,80.17,80.73,6818454.0,549281134.0,1460105295.0,0.0046698371845846,000568
2019-12-27,81.04,82.47,81.04,81.71,11134773.0,913715037.0,1460105295.0,0.0076260068627447,000568
2019-12-30,81.88,86.5,81.76,85.73,24178132.0,2051980471.0,1460105295.0,0.0165591701384796,000568
2019-12-31,86.26,87.36,85.9,86.68,14603913.0,1266693009.0,1460105295.0,0.0100019587970879,000568
2020-01-02,86.0,86.6,83.68,85.45,16734111.0,1429489079.0,1460105295.0,0.0114608933049585,000568
2020-01-03,86.0,87.28,85.19,85.79,12465768.0,1074108106.0,1460105295.0,0.0085375815310634,000568
2020-01-06,85.01,86.5,84.59,85.62,8720029.0,746499549.0,1460105295.0,0.0059721918890787,000568
2020-01-07,84.93,86.45,84.7,86.0,9184292.0,787221009.0,1460105295.0,0.0062901573136203,000568
2020-01-08,85.31,85.88,84.56,84.85,7214211.0,613110043.0,1460105295.0,0.0049408840750762,000568
2020-01-09,85.4,88.58,84.6,87.5,17676365.0,1534393828.0,1460105295.0,0.0121062262156922,000568
2020-01-10,87.46,91.44,87.3,90.5,21465711.0,1930197066.0,1460105295.0,0.0147014815119891,000568
2020-01-13,90.5,94.58,90.4,93.03,18976029.0,1772030180.0,1460105295.0,0.0129963428425208,000568
2020-01-14,92.4,93.43,91.5,92.07,8973223.0,826979621.0,1460105295.0,0.0061455999308597,000568
2020-01-15,92.1,94.25,92.0,92.34,8907122.0,827445730.0,1460105295.0,0.0061003285382921,000568
2020-01-16,92.2,93.11,91.8,92.65,4994819.0,462384652.0,1460105295.0,0.0034208621919969,000568
2020-01-17,93.0,93.6,91.33,91.8,5357166.0,493419304.0,1460105295.0,0.0036690271710849,000568
2020-01-20,91.8,92.3,90.0,90.59,10856796.0,983616733.0,1460105295.0,0.0074356253875512,000568
2020-01-21,90.0,90.0,86.57,87.26,15672876.0,1373275614.0,1460105295.0,0.0107340724355088,000568
2020-01-22,85.89,88.07,85.61,87.51,8619480.0,749282295.0,1460105295.0,0.0059033276774741,000568
2020-01-23,87.37,87.37,81.58,82.65,18786248.0,1570885072.0,1460105295.0,0.012866365230187,000568
2020-02-03,74.39,74.39,74.39,74.39,4440800.0,330351112.0,1460105295.0,0.0030414244884989,000568
2020-02-04,71.0,76.28,69.88,72.12,43100487.0,3077752929.0,1460105295.0,0.0295187526184541,000568
2020-02-05,72.02,74.0,71.07,72.4,30688674.0,2230127432.0,1460105295.0,0.0210181239018107,000568
2020-02-06,72.37,74.32,71.81,73.89,18376932.0,1341103279.0,1460105295.0,0.012586032023122,000568
2020-02-07,73.51,74.89,72.25,74.76,17671559.0,1299849780.0,1460105295.0,0.0121029346722559,000568
2020-02-10,74.0,74.5,72.52,73.72,17208674.0,1265595980.0,1460105295.0,0.0117859130152664,000568
2020-02-11,73.99,78.0,73.75,77.4,21626058.0,1651211782.0,1460105295.0,0.0148113003042016,000568
2020-02-12,77.4,78.26,76.13,77.49,13689545.0,1057427614.0,1460105295.0,0.0093757245089642,000568
2020-02-13,77.08,79.8,76.9,77.5,12912409.0,1010605021.0,1460105295.0,0.0088434779630054,000568
2020-02-14,77.8,78.06,76.62,77.72,8064951.0,623526998.0,1460105295.0,0.0055235406840984,000568
2020-02-17,77.2,78.22,76.88,78.22,11316808.0,876266923.0,1460105295.0,0.0077506793782293,000568
2020-02-18,78.31,78.47,77.06,77.7,8625404.0,669853136.0,1460105295.0,0.0059073849191129,000568
2020-02-19,77.39,79.9,77.02,79.03,15259006.0,1203962408.0,1460105295.0,0.0104506202753,000568
2020-02-20,78.9,82.8,78.9,82.77,17795715.0,1458378225.0,1460105295.0,0.012187966895908,000568
2020-02-21,81.99,83.7,81.55,82.69,9530994.0,786572220.0,1460105295.0,0.0065276073120466,000568
2020-02-24,82.49,82.49,80.0,81.11,11973734.0,968352955.0,1460105295.0,0.008200596245355,000568
2020-02-25,79.28,80.36,77.8,79.55,14748412.0,1167207849.0,1460105295.0,0.0101009235775697,000568
2020-02-26,78.15,80.35,77.6,78.5,9747071.0,767928168.0,1460105295.0,0.0066755945844302,000568
2020-02-27,78.59,79.95,78.59,79.02,8134393.0,645001018.0,1460105295.0,0.0055711002678063,000568
2020-02-28,77.43,77.44,74.14,74.8,18180146.0,1375582293.0,1460105295.0,0.0124512568115849,000568
2020-03-02,74.7,78.18,74.6,77.82,12266848.0,940271453.0,1460105295.0,0.0084013447810967,000568
2020-03-03,78.3,79.7,78.3,79.0,11582835.0,917306973.0,1460105295.0,0.0079328765121696,000568
2020-03-04,78.53,79.75,78.19,78.88,8122225.0,640139054.0,1460105295.0,0.0055627666222524,000568
2020-03-05,79.48,84.66,79.19,83.4,23267771.0,1917881184.0,1460105295.0,0.0159356801729836,000568
2020-03-06,82.1,84.66,81.26,81.38,13730391.0,1133973492.0,1460105295.0,0.0094036992037618,000568
2020-03-09,79.99,80.0,77.7,77.8,11568965.0,911081063.0,1460105295.0,0.0079233771972589,000568
2020-03-10,77.79,81.42,77.4,81.22,11413086.0,910343409.0,1460105295.0,0.0078166184583283,000568
2020-03-11,82.0,83.6,81.18,81.51,15241879.0,1256478635.0,1460105295.0,0.0104388902993465,000568
2020-03-12,80.5,80.5,78.62,80.25,9107640.0,725465649.0,1460105295.0,0.0062376597298758,000568
2020-03-13,76.9,80.78,76.25,78.92,10726399.0,839818424.0,1460105295.0,0.0073463188146304,000568
2020-03-16,79.39,79.39,73.38,74.05,16372454.0,1244996637.0,1460105295.0,0.0112132008945286,000568
2020-03-17,73.52,75.88,69.6,71.65,17335056.0,1245893269.0,1460105295.0,0.0118724697865026,000568
2020-03-18,71.9,73.68,69.61,69.77,11627586.0,834043147.0,1460105295.0,0.0079635256716194,000568
2020-03-19,69.0,69.48,64.88,66.51,21292069.0,1420215229.0,1460105295.0,0.014582557212081,000568
2020-03-20,67.4,69.69,67.0,68.65,14614535.0,997565591.0,1460105295.0,0.0100092336148948,000568
2020-03-23,66.25,67.93,65.97,66.63,9490790.0,636917243.0,1460105295.0,0.0065000723115657,000568
2020-03-24,68.13,70.18,67.92,70.17,13797781.0,954421130.0,1460105295.0,0.0094498534093734,000568
2020-03-25,72.6,73.35,71.8,72.91,12701351.0,923055558.0,1460105295.0,0.0086989281139481,000568
2020-03-26,72.31,74.74,71.68,72.98,8624617.0,634785282.0,1460105295.0,0.0059068459168898,000568
2020-03-27,73.91,76.26,73.81,74.5,11730975.0,883326876.0,1460105295.0,0.0080343349484257,000568
2020-03-30,73.0,73.64,71.8,71.91,10235600.0,742051237.0,1460105295.0,0.0070101793583318,000568
2020-03-31,72.97,74.44,72.51,73.65,7910758.0,582476020.0,1460105295.0,0.0054179366564107,000568
2020-04-01,73.67,74.73,72.51,73.84,6979037.0,515435371.0,1460105295.0,0.0047798176089759,000568
2020-04-02,73.01,74.25,72.5,74.25,7791504.0,571797868.0,1460105295.0,0.0053362617248778,000568
2020-04-03,74.25,75.48,73.85,74.3,6515759.0,487033910.0,1460105295.0,0.0044625267933159,000568
2020-04-07,75.77,77.33,75.77,76.24,9742247.0,745392715.0,1460105295.0,0.006672290713116,000568
2020-04-08,75.5,76.51,75.2,76.12,6048346.0,459439096.0,1460105295.0,0.0041424039901177,000568
2020-04-09,77.0,77.4,75.75,76.35,5608460.0,428244616.0,1460105295.0,0.0038411339368507,000568
2020-04-10,75.99,78.37,75.56,76.85,8810659.0,680797869.0,1460105295.0,0.0060342627550022,000568
2020-04-13,76.46,78.47,76.0,78.13,8348621.0,648227874.0,1460105295.0,0.0057178211931626,000568
2020-04-14,78.81,79.09,77.85,78.39,8480988.0,665249767.0,1460105295.0,0.0058084769838465,000568
2020-04-15,78.75,79.97,78.36,78.63,7704333.0,610438478.0,1460105295.0,0.0052765598661841,000568
2020-04-16,78.08,78.5,76.43,77.18,8279059.0,639544834.0,1460105295.0,0.005670179423601,000568
2020-04-17,77.9,79.16,77.49,78.33,9211819.0,724039519.0,1460105295.0,0.0063090100635516,000568
2020-04-20,78.71,78.93,77.5,78.05,9030201.0,702719953.0,1460105295.0,0.0061846231439082,000568
2020-04-21,77.47,77.47,74.02,74.73,18723008.0,1401405482.0,1460105295.0,0.0128230532853454,000568
2020-04-22,74.29,77.72,73.81,77.28,14521815.0,1107057869.0,1460105295.0,0.0099457313453547,000568
2020-04-23,77.42,79.5,77.42,77.74,11053173.0,866873705.0,1460105295.0,0.0075701204823039,000568
2020-04-24,78.16,79.29,77.2,77.88,10494142.0,823115997.0,1460105295.0,0.0071872501496544,000568
2020-04-27,78.0,78.77,77.28,78.15,6184828.0,483897445.0,1460105295.0,0.0042358780706976,000568
2020-04-28,79.1,83.58,78.41,82.5,22674277.0,1842985873.0,1460105295.0,0.0155292067480653,000568
2020-04-29,81.0,82.38,78.7,79.09,19125475.0,1533385301.0,1460105295.0,0.0130986957348168,000568
2020-04-30,79.15,80.33,78.5,79.17,12166719.0,963624323.0,1460105295.0,0.0083327682199796,000568
2020-05-06,78.9,79.55,78.18,79.03,13513840.0,1064831935.0,1460105295.0,0.0092553872972565,000568
2020-05-07,79.4,81.06,78.58,80.3,13661283.0,1093461521.0,1460105295.0,0.0093563683706797,000568
2020-05-08,80.61,83.28,79.81,81.64,17433201.0,1424080536.0,1460105295.0,0.011939687541507,000568
2020-05-11,82.21,84.52,81.75,82.8,16281186.0,1358074520.0,1460105295.0,0.0111506930738169,000568
2020-05-12,82.47,84.28,82.3,84.12,11402709.0,956082503.0,1460105295.0,0.0078095114366392,000568
2020-05-13,84.1,89.45,84.0,88.66,21101970.0,1851767530.0,1460105295.0,0.0144523618072352,000568
2020-05-14,88.39,89.0,86.97,87.8,12572562.0,1104577661.0,1460105295.0,0.0086107228314653,000568
2020-05-15,87.37,88.85,85.98,87.56,12514531.0,1093160701.0,1460105295.0,0.0085709784375516,000568
2020-05-18,87.56,90.66,87.02,89.5,14443255.0,1290973952.0,1460105295.0,0.0098919270065382,000568
2020-05-19,90.6,90.65,88.4,89.1,12246629.0,1090639043.0,1460105295.0,0.008387497149649,000568
2020-05-20,89.12,89.39,87.5,87.83,8743251.0,771074221.0,1460105295.0,0.0059880962215125,000568
2020-05-21,88.25,89.1,87.1,87.63,10029224.0,882224583.0,1460105295.0,0.0068688361273287,000568
2020-05-22,87.58,87.58,83.88,84.08,15070420.0,1278682509.0,1460105295.0,0.0103214610970916,000568
2020-05-25,84.07,85.25,82.99,84.78,11850972.0,998913437.0,1460105295.0,0.0081165187473688,000568
2020-05-26,85.0,85.6,83.6,85.35,10181592.0,864403059.0,1460105295.0,0.0069731902451596,000568
2020-05-27,85.37,85.8,83.8,84.16,9360761.0,793573425.0,1460105295.0,0.0064110177752625,000568
2020-05-28,84.0,85.81,83.45,84.0,10356429.0,875050849.0,1460105295.0,0.0070929329791931,000568
2020-05-29,83.94,85.75,83.38,85.3,10280271.0,873471469.0,1460105295.0,0.0070407737272125,000568
2020-06-01,85.91,90.56,85.7,89.22,19428871.0,1732255695.0,1460105295.0,0.0133064862284469,000568
2020-06-02,89.9,90.48,87.7,88.11,14156520.0,1257946656.0,1460105295.0,0.0096955473337969,000568
2020-06-03,88.11,88.81,86.79,87.48,11673975.0,1020901634.0,1460105295.0,0.0079952966679707,000568
2020-06-04,87.95,90.3,87.94,89.08,11935685.0,1063820937.0,1460105295.0,0.0081745371658281,000568
2020-06-05,90.03,94.27,88.86,93.59,22100803.0,2040668091.0,1460105295.0,0.0151364446630542,000568
2020-06-08,94.5,97.1,94.01,95.03,16911016.0,1614017643.0,1460105295.0,0.0115820523752021,000568
2020-06-09,95.03,97.3,94.13,95.79,12271867.0,1175393450.0,1460105295.0,0.0084047822044231,000568
2020-06-10,95.81,96.05,94.61,95.95,8899663.0,849527240.0,1460105295.0,0.0060952200026094,000568
2020-06-11,95.95,96.62,93.67,94.9,13144567.0,1248677073.0,1460105295.0,0.0090024788246521,000568
2020-06-12,93.0,95.0,92.5,95.0,11237461.0,1057203331.0,1460105295.0,0.0076963360371897,000568
2020-06-15,93.51,93.89,89.79,90.36,21658456.0,1981368928.0,1460105295.0,0.0148334891149066,000568
2020-06-16,90.88,92.91,90.15,90.49,21207336.0,1930997720.0,1460105295.0,0.0145245250959794,000568
2020-06-17,90.5,91.19,88.5,89.6,14118116.0,1260156860.0,1460105295.0,0.0096692451211198,000568
2020-06-18,89.5,90.37,88.9,89.89,10198024.0,914980931.0,1460105295.0,0.0069844442280445,000568
2020-06-19,90.04,92.8,90.04,91.89,17514570.0,1608157572.0,1460105295.0,0.0119954157141797,000568
2020-06-22,92.14,92.3,89.6,90.41,17722751.0,1601264757.0,1460105295.0,0.0121379951573971,000568
2020-06-23,90.33,93.5,89.6,93.28,20411774.0,1883997774.0,1460105295.0,0.0139796589122019,000568
2020-06-24,93.26,94.2,91.5,92.46,16271170.0,1505023473.0,1460105295.0,0.0111438332945707,000568
2020-06-29,91.25,91.55,89.8,90.88,17522854.0,1580141213.0,1460105295.0,0.0120010892776058,000568
2020-06-30,91.2,91.87,90.88,91.12,14172903.0,1293655357.0,1460139889.0,0.009706537782285,000568
2020-07-01,91.58,100.23,91.5,100.23,44045748.0,4325700545.0,1460139889.0,0.0301654302658394,000568
2020-07-02,101.48,110.15,101.0,107.61,42630227.0,4531835303.0,1460139889.0,0.0291959882208245,000568
2020-07-03,109.01,111.28,105.55,110.1,32762607.0,3551127730.0,1460139889.0,0.0224379918984598,000568
2020-07-06,110.09,113.8,108.8,111.47,29037010.0,3219090179.0,1460139889.0,0.0198864576050219,000568
2020-07-07,110.8,118.02,108.87,114.85,25357226.0,2909119732.0,1460139889.0,0.0173662990724582,000568
2020-07-08,112.47,117.0,112.41,114.89,17645951.0,2016555481.0,1460139889.0,0.0120851098808656,000568
2020-07-09,114.89,119.5,114.44,119.5,15741084.0,1855568247.0,1460139889.0,0.0107805314535859,000568
2020-07-10,119.3,125.17,117.41,121.5,18574463.0,2266892209.0,1460139889.0,0.0127210160751933,000568
2020-07-13,120.0,127.0,119.38,124.91,26357105.0,3285481213.0,1460139889.0,0.0180510820905324,000568
2020-07-14,125.0,126.91,120.0,123.8,17993461.0,2224227305.0,1460139889.0,0.0123231076252037,000568
2020-07-15,123.5,131.2,123.29,127.88,20954235.0,2665744811.0,1460139889.0,0.0143508407364659,000568
2020-07-16,125.8,125.85,115.09,115.09,31038000.0,3701452157.0,1460139889.0,0.021256867395943,000568
2020-07-17,111.21,118.25,111.21,114.01,24605965.0,2826244378.0,1460139889.0,0.01685178604144,000568
2020-07-20,115.0,116.0,106.9,112.8,23736061.0,2627571586.0,1460139889.0,0.0162560184670086,000568
2020-07-21,112.69,117.08,111.8,115.03,17606188.0,2023786552.0,1460139889.0,0.0120578775586069,000568
2020-07-22,114.65,118.81,113.07,117.1,16171128.0,1895812195.0,1460139889.0,0.0110750539190289,000568
2020-07-23,116.0,120.4,115.58,120.0,17110866.0,2021801413.0,1460139889.0,0.0117186484178023,000568
2020-07-24,119.14,119.88,112.17,113.98,17377032.0,2004207836.0,1460139889.0,0.0119009364314407,000568
2020-07-27,113.97,116.4,113.0,115.05,10637324.0,1223095268.0,1460139889.0,0.007285140334934,000568
2020-07-28,114.01,119.19,114.0,116.9,15761948.0,1841111103.0,1460139889.0,0.0107948204954491,000568
2020-07-29,118.02,118.6,114.38,118.19,14406790.0,1675632715.0,1460139889.0,0.0098667190099619,000568
2020-07-30,117.01,120.0,117.0,118.19,12843554.0,1526305773.0,1460139889.0,0.0087961120004714,000568
2020-07-31,117.99,119.52,115.77,117.98,12196683.0,1437328638.0,1460139889.0,0.0083530921193811,000568
2020-08-03,118.1,119.4,116.3,117.51,11479257.0,1347943355.0,1460139889.0,0.0078617515256444,000568
2020-08-04,117.52,119.49,116.58,117.1,11355598.0,1337898155.0,1460139889.0,0.0077770616949428,000568
2020-08-05,116.0,118.99,114.51,118.86,13093258.0,1533987546.0,1460139889.0,0.0089671257518806,000568
2020-08-06,118.0,118.5,114.04,114.73,14812183.0,1708921400.0,1460139889.0,0.0101443588464283,000568
2020-08-07,114.5,115.52,109.1,111.0,18874577.0,2109676427.0,1460139889.0,0.0129265539159583,000568
2020-08-10,111.7,112.55,109.05,111.9,10129063.0,1126482088.0,1460139889.0,0.0069370497144195,000568
2020-08-11,113.0,115.32,112.0,112.86,10070798.0,1147950769.0,1460139889.0,0.0068971460035224,000568
2020-08-12,112.75,113.24,109.05,110.9,8996729.0,995644169.0,1460139889.0,0.006161552785303,000568
2020-08-13,112.0,112.98,110.1,111.18,7090476.0,792081678.0,1460139889.0,0.0048560251339041,000568
2020-08-14,112.0,118.0,110.9,117.59,18751742.0,2169435336.0,1460139889.0,0.0128424284147475,000568
2020-08-17,120.0,124.44,119.88,123.9,22855529.0,2806963521.0,1460139889.0,0.0156529721379319,000568
2020-08-18,123.39,128.0,122.39,125.66,14535415.0,1822961850.0,1460139889.0,0.0099548098846575,000568
2020-08-19,125.65,131.5,124.51,127.87,18994119.0,2454475493.0,1460139889.0,0.0130084241538038,000568
2020-08-20,127.6,127.6,122.92,125.36,11801929.0,1478639757.0,1460139889.0,0.0080827385710849,000568
2020-08-21,127.0,130.36,126.05,127.86,10011996.0,1282198830.0,1460139889.0,0.006856874519644,000568
2020-08-24,127.65,129.5,124.83,128.06,10491794.0,1341276822.0,1460139889.0,0.0071854718024212,000568
2020-08-25,129.0,139.36,128.95,138.37,18986466.0,2592306370.0,1460139889.0,0.0130031828751717,000568
2020-08-26,138.38,140.0,135.4,138.2,19277494.0,2653631533.0,1460139889.0,0.0132024980244889,000568
2020-08-27,137.71,142.5,136.58,142.48,13518207.0,1893430993.0,1460139889.0,0.0092581588256301,000568
2020-08-28,144.14,154.98,141.3,151.49,24987476.0,3709824523.0,1460139889.0,0.0171130699107967,000568
2020-08-31,152.6,155.88,149.02,149.5,17873829.0,2720569911.0,1460139889.0,0.0122411757494284,000568
2020-09-01,146.7,148.37,141.5,147.77,19234506.0,2791262161.0,1460139889.0,0.0131730570097451,000568
2020-09-02,148.04,149.55,145.1,147.1,11441885.0,1679346255.0,1460139889.0,0.0078361567177211,000568
2020-09-03,147.0,153.37,146.1,150.51,17035218.0,2566440371.0,1460139889.0,0.0116668396831942,000568
2020-09-04,146.7,152.5,143.07,152.38,14442850.0,2128322498.0,1460139889.0,0.0098914152738416,000568
2020-09-07,151.92,156.98,148.5,152.0,18044450.0,2766991726.0,1460139889.0,0.0123580282519081,000568
2020-09-08,151.99,152.9,139.01,141.64,22197845.0,3169807081.0,1460139889.0,0.0152025468020071,000568
2020-09-09,136.5,142.78,134.56,138.41,12780258.0,1778906206.0,1460139889.0,0.0087527627292976,000568
2020-09-10,141.5,144.95,141.0,141.58,11849841.0,1690981843.0,1460139889.0,0.0081155518654555,000568
2020-09-11,141.0,146.38,140.03,146.0,12400515.0,1780244803.0,1460139889.0,0.0084926897028288,000568
2020-09-14,147.0,148.5,143.5,146.44,11220412.0,1641405039.0,1460139889.0,0.0076844774151636,000568
2020-09-15,146.1,146.99,144.3,146.21,6554940.0,956306376.0,1460139889.0,0.0044892547963258,000568
2020-09-16,146.08,148.48,143.0,143.48,7970419.0,1154021483.0,1460139889.0,0.0054586680769735,000568
2020-09-17,141.6,142.8,136.11,140.0,14998785.0,2087169765.0,1464306555.0,0.010242926898596,000568
2020-09-18,139.23,142.3,138.04,142.17,9270294.0,1300664761.0,1464306555.0,0.0063308423829325,000568
2020-09-21,141.5,141.95,139.36,140.5,6170337.0,867316081.0,1464306555.0,0.0042138287088389,000568
2020-09-22,138.9,142.14,138.51,139.93,5795572.0,814183617.0,1464306555.0,0.0039578952782875,000568
2020-09-23,136.0,140.49,133.33,139.64,11551371.0,1590902707.0,1464306555.0,0.0078886288943779,000568
2020-09-24,139.9,141.23,137.6,137.72,5694904.0,791958033.0,1464306555.0,0.0038891473787058,000568
2020-09-25,138.5,141.33,138.11,138.88,5367121.0,749939738.0,1464306555.0,0.0036652987597941,000568
2020-09-28,141.0,146.5,140.0,144.36,12308484.0,1777367685.0,1464306555.0,0.0084056743159221,000568
2020-09-29,145.95,146.2,142.1,144.0,7580772.0,1091190572.0,1464306555.0,0.0051770389022126,000568
2020-09-30,146.99,146.99,142.5,143.55,7420918.0,1070197824.0,1464306555.0,0.0050678718705865,000568
2020-10-09,144.8,147.5,142.94,145.6,8824656.0,1283376129.0,1464306555.0,0.0060265085680778,000568
2020-10-12,145.62,153.03,145.61,151.79,14152982.0,2136058600.0,1464306555.0,0.0096653135586079,000568
2020-10-13,151.79,154.78,150.08,152.45,11584864.0,1774698773.0,1464306555.0,0.0079115018371272,000568
2020-10-14,152.0,154.46,149.69,150.7,9436544.0,1431349475.0,1464306555.0,0.0064443773523912,000568
2020-10-15,150.84,154.0,150.72,151.7,6277401.0,954764443.0,1464306555.0,0.0042869445462531,000568
2020-10-16,151.57,152.58,148.5,149.88,5946783.0,893831745.0,1464306555.0,0.004061159857336,000568
2020-10-19,150.21,152.8,149.02,150.0,5636005.0,850067862.0,1464306555.0,0.0038489242438718,000568
2020-10-20,149.4,157.58,149.13,157.09,14313592.0,2220129327.0,1464306555.0,0.0097749968755688,000568
2020-10-21,156.78,159.0,156.05,157.9,9714207.0,1531108806.0,1464306555.0,0.0066339981657734,000568
2020-10-22,158.3,163.9,154.87,162.0,14330700.0,2292322159.0,1464306555.0,0.0097866802214786,000568
2020-10-23,161.06,162.98,153.02,155.6,13304049.0,2098804524.0,1464306555.0,0.009085562688067,000568
2020-10-26,150.06,155.55,147.01,155.51,9480006.0,1445325629.0,1464306555.0,0.0064740582958054,000568
2020-10-27,155.22,158.3,154.26,155.9,7300993.0,1138359548.0,1464306555.0,0.0049859730362266,000568
2020-10-28,155.69,164.0,155.12,162.7,12498495.0,2012278373.0,1464306555.0,0.0085354360788202,000568
2020-10-29,170.1,178.97,169.06,178.97,22856709.0,4035633573.0,1464306555.0,0.0156092376435479,000568
2020-10-30,175.11,176.62,170.02,172.5,21286877.0,3684657368.0,1464306555.0,0.0145371725116671,000568
2020-11-02,173.89,179.45,172.6,177.9,16150046.0,2846013323.0,1464306555.0,0.0110291427330255,000568
2020-11-03,177.9,182.79,177.05,182.43,14248055.0,2558190305.0,1464306555.0,0.0097302405369618,000568
2020-11-04,181.8,184.6,180.29,183.54,7884856.0,1440218305.0,1464306555.0,0.0053847030685456,000568
2020-11-05,185.5,186.36,181.69,183.36,10777758.0,1981915631.0,1464306555.0,0.0073603153405264,000568
2020-11-06,182.4,183.2,179.1,182.8,10662872.0,1929476017.0,1464306555.0,0.0072818577254815,000568
2020-11-09,183.29,186.65,181.52,185.95,11041092.0,2037415250.0,1464306555.0,0.0075401506346463,000568
2020-11-10,185.98,192.48,184.01,189.45,10886005.0,2056055708.0,1464306555.0,0.0074342390688813,000568
2020-11-11,188.8,195.36,188.05,190.7,12771725.0,2455961335.0,1464306555.0,0.0087220295206559,000568
2020-11-12,190.0,194.5,188.09,192.11,9208832.0,1762895851.0,1464306555.0,0.0062888689315469,000568
2020-11-13,189.05,190.51,180.25,186.69,13479786.0,2511258468.0,1464306555.0,0.0092055764921437,000568
2020-11-16,187.2,197.97,187.0,197.97,15008609.0,2911358956.0,1464306555.0,0.01024963587628,000568
2020-11-17,197.5,200.79,192.01,197.0,15512782.0,3058210662.0,1464306555.0,0.0105939442441408,000568
2020-11-18,197.01,197.9,187.1,191.5,14741995.0,2828979825.0,1464306555.0,0.0100675606140409,000568
2020-11-19,188.05,193.0,186.05,191.66,9001349.0,1714647378.0,1464306555.0,0.0061471752409112,000568
2020-11-20,192.68,198.49,191.0,194.15,8339923.0,1626273710.0,1464306555.0,0.0056954761088261,000568
2020-11-23,196.13,200.5,195.1,197.86,9866144.0,1957944087.0,1464306555.0,0.0067377585426434,000568
2020-11-24,198.0,199.48,194.21,198.77,6868404.0,1353802886.0,1464306555.0,0.0046905506067341,000568
2020-11-25,199.18,199.31,192.0,192.25,9655653.0,1871224859.0,1464306555.0,0.0065940106373422,000568
2020-11-26,191.0,194.42,186.01,192.75,9932602.0,1898444633.0,1464306555.0,0.0067831438479082,000568
2020-11-27,192.75,193.99,190.0,192.9,7261442.0,1397210359.0,1464306555.0,0.0049589629816278,000568
2020-11-30,192.7,192.8,181.68,183.33,19313032.0,3573186901.0,1464306555.0,0.0131891999896155,000568
2020-12-01,184.0,185.7,182.0,184.27,12951579.0,2379129500.0,1464306555.0,0.0088448548944725,000568
2020-12-02,185.0,185.31,182.0,183.91,9017117.0,1652281413.0,1464306555.0,0.0061579434778942,000568
2020-12-03,185.29,187.28,183.55,186.38,8754054.0,1622940612.0,1464306555.0,0.005978293254311,000568
2020-12-04,186.0,192.97,185.58,190.8,12155824.0,2315888319.0,1464306555.0,0.008301420189982,000568
2020-12-07,190.83,196.31,190.1,190.78,12695853.0,2455493940.0,1464306555.0,0.008670215233722,000568
2020-12-08,192.0,193.63,189.6,191.85,9795369.0,1882026750.0,1464306555.0,0.0066894250842167,000568
2020-12-09,192.47,194.25,189.48,190.01,8648915.0,1651998644.0,1464306555.0,0.0059064920323326,000568
2020-12-10,189.0,192.89,188.21,190.7,8881802.0,1692812394.0,1464306555.0,0.0060655345492187,000568
2020-12-11,190.7,194.57,189.0,191.5,9339248.0,1788738302.0,1464306555.0,0.0063779322493028,000568
2020-12-14,192.02,198.0,190.85,197.95,12374432.0,2423301656.0,1464306555.0,0.0084507113334611,000568
2020-12-15,195.52,195.57,186.32,193.71,23250398.0,4437597104.0,1464306555.0,0.0158780945974799,000568
2020-12-16,194.01,199.6,194.0,198.22,18455859.0,3648541106.0,1464306555.0,0.0126038218820921,000568
2020-12-17,200.99,208.15,199.1,204.8,17917421.0,3652006430.0,1464306555.0,0.0122361133594734,000568
2020-12-18,204.8,212.0,202.52,204.63,19229990.0,3992411838.0,1464306555.0,0.0131324891870063,000568
2020-12-21,205.27,213.92,203.08,213.6,15023178.0,3159837917.0,1464306555.0,0.0102595852956486,000568
2020-12-22,212.66,219.48,212.36,215.1,12397839.0,2682152357.0,1464306555.0,0.0084666963742438,000568
2020-12-23,216.99,222.75,207.0,216.05,18645852.0,4020415536.0,1464306555.0,0.0127335713524822,000568
2020-12-24,212.51,218.5,206.78,214.0,12661076.0,2699651043.0,1464306555.0,0.008646465425404,000568
2020-12-25,213.0,215.0,209.5,212.9,8380171.0,1781089201.0,1464306555.0,0.0057229621566503,000568
2020-12-28,213.7,228.05,213.7,224.83,16079524.0,3578931826.0,1464306555.0,0.0109809820526276,000568
2020-12-29,225.58,226.7,217.6,221.1,14199008.0,3142682945.0,1464306555.0,0.0096967455014909,000568
2020-12-30,221.09,227.78,221.09,224.9,10445525.0,2345753459.0,1464306555.0,0.0071334277404774,000568
2020-12-31,224.08,228.5,222.52,226.16,12259622.0,2763455546.0,1464306555.0,0.0083723056201165,000568
2021-01-04,228.0,243.88,228.0,240.85,15433467.0,3669628522.0,1464306555.0,0.0105397786735988,000568
2021-01-05,240.85,258.47,239.3,258.3,15640878.0,3914144971.0,1464306555.0,0.0106814231942026,000568
2021-01-06,259.0,268.29,250.1,262.3,17394704.0,4518171110.0,1464306555.0,0.0118791409767335,000568
2021-01-07,261.81,265.08,253.08,265.0,14960633.0,3882804110.0,1464306555.0,0.0102168722450334,000568
2021-01-08,264.54,267.0,251.51,255.47,17889445.0,4607199522.0,1464306555.0,0.0122170080704173,000568
2021-01-11,254.75,255.25,238.0,246.9,19056773.0,4719071338.0,1464306555.0,0.0130141963340456,000568
2021-01-12,242.66,263.0,241.75,262.3,17049828.0,4373373070.0,1464306555.0,0.0116436192556687,000568
2021-01-13,263.2,269.43,258.99,266.2,16606668.0,4394991622.0,1464306555.0,0.0113409777094114,000568
2021-01-14,263.01,266.39,253.1,257.98,13578459.0,3523821262.0,1464306555.0,0.0092729619720919,000568
2021-01-15,252.0,252.0,233.44,243.5,30672796.0,7394308747.0,1464306555.0,0.0209469771853886,000568
2021-01-18,240.13,241.67,227.8,232.01,24130848.0,5628705058.0,1464306555.0,0.0164793689665617,000568
2021-01-19,236.0,241.95,226.6,229.87,18849555.0,4410572940.0,1464306555.0,0.0128726836164439,000568
2021-01-20,227.42,232.0,219.0,229.0,19820072.0,4494726611.0,1464306555.0,0.0135354662808294,000568
2021-01-21,227.8,240.84,227.5,238.79,18901986.0,4450523806.0,1464306555.0,0.0129084896434135,000568
2021-01-22,238.49,241.35,233.53,239.09,12712220.0,3025040296.0,1464306555.0,0.0086813925380536,000568
2021-01-25,239.09,263.0,239.0,263.0,23918262.0,6109499429.0,1464306555.0,0.0163341903499161,000568
2021-01-26,263.89,266.5,258.19,263.29,16187892.0,4263858129.0,1464306555.0,0.0110549884139527,000568
2021-01-27,258.21,260.94,242.33,254.0,18629495.0,4701857740.0,1464306555.0,0.0127224008773217,000568
2021-01-28,247.98,255.99,245.58,250.0,13278373.0,3328071267.0,1464306555.0,0.0090680281083628,000568
2021-01-29,254.0,266.93,254.0,257.7,16025788.0,4174569531.0,1464306555.0,0.0109442848188301,000568
2021-02-01,257.91,263.95,253.35,255.25,11786784.0,3050204597.0,1464306555.0,0.0080493964598826,000568
2021-02-02,255.74,280.0,255.73,279.18,22842030.0,6178093023.0,1464306555.0,0.0155992131032972,000568
2021-02-03,276.99,281.68,275.08,279.0,13975944.0,3896260793.0,1464306555.0,0.0095444112793717,000568
2021-02-04,277.0,291.88,275.58,279.06,17701582.0,5013852404.0,1464306555.0,0.0120887132134705,000568
2021-02-05,279.2,296.85,277.0,287.79,17166124.0,4948264063.0,1464306555.0,0.0117230397838381,000568
2021-02-08,291.0,298.58,280.0,290.5,13474409.0,3905771220.0,1464306555.0,0.0092019044468458,000568
2021-02-09,291.95,298.81,288.66,298.1,10425006.0,3082766676.0,1464306555.0,0.0071194149643071,000568
2021-02-10,297.66,318.5,297.11,313.99,17446413.0,5409428180.0,1464306555.0,0.0119144539375499,000568
2021-02-18,324.99,327.66,291.5,292.4,23651442.0,7192593163.0,1464306555.0,0.0161519744067525,000568
2021-02-19,291.0,302.0,278.0,298.01,18174712.0,5297220791.0,1464306555.0,0.0124118217855003,000568
2021-02-22,291.0,293.0,270.0,271.37,24874236.0,6932055100.0,1464306555.0,0.0169870413507778,000568
2021-02-23,265.0,276.93,262.5,274.46,15568563.0,4241905803.0,1464306555.0,0.0106320380434273,000568
2021-02-24,274.4,274.4,247.01,247.01,27269550.0,6890041305.0,1464306555.0,0.018622842264064,000568
2021-02-25,248.1,253.92,238.01,243.17,19751749.0,4822339804.0,1464306555.0,0.0134888073351553,000568
2021-02-26,235.2,243.0,221.97,235.21,24991604.0,5821867186.0,1464306555.0,0.0170671939660886,000568
2021-03-01,241.01,244.48,232.5,238.35,17618691.0,4208813072.0,1464306555.0,0.0120321055313448,000568
2021-03-02,241.18,242.2,224.0,226.99,22073558.0,5102249442.0,1464306555.0,0.0150744104263058,000568
2021-03-03,225.17,233.12,221.33,232.01,15146478.0,3464897260.0,1464306555.0,0.0103437889752532,000568
2021-03-04,226.0,226.1,212.12,214.5,22648399.0,4929040489.0,1464306555.0,0.0154669791804626,000568
2021-03-05,208.01,223.0,208.0,217.36,22537141.0,4856252956.0,1464306555.0,0.015390999188691,000568
2021-03-08,217.96,220.24,195.62,195.62,28309372.0,5796655571.0,1464306555.0,0.0193329544987251,000568
2021-03-09,192.0,197.2,182.12,187.21,28998554.0,5508978541.0,1464306555.0,0.0198036086781022,000568
2021-03-10,194.0,199.35,191.0,195.89,23736844.0,4637555842.0,1464306555.0,0.0162102968937402,000568
2021-03-11,195.85,213.0,193.46,207.02,23710809.0,4853324612.0,1464306555.0,0.0161925171467937,000568
2021-03-12,209.0,211.17,202.15,210.69,17584101.0,3665764560.0,1464306555.0,0.0120084834285263,000568
2021-03-15,208.0,212.04,190.01,196.0,19842859.0,3924974806.0,1464306555.0,0.0135510279130041,000568
2021-03-16,196.93,202.76,193.9,200.99,13448116.0,2673225469.0,1464306555.0,0.009183948507285,000568
2021-03-17,198.82,211.88,194.3,210.05,15180611.0,3138541077.0,1464306555.0,0.0103670989849526,000568
2021-03-18,209.5,224.0,209.37,219.0,15580525.0,3407893913.0,1464306555.0,0.0106402070978914,000568
2021-03-19,212.11,218.88,210.81,214.51,14799504.0,3169662272.0,1464306555.0,0.0101068344940926,000568
2021-03-22,213.58,218.43,208.0,216.19,10786818.0,2306817160.0,1464306555.0,0.0073665025695387,000568
2021-03-23,215.29,219.95,211.3,219.9,9572786.0,2076480009.0,1464306555.0,0.0065374193452272,000568
2021-03-24,217.2,227.98,212.91,214.89,15535259.0,3429067914.0,1464306555.0,0.0106092941720116,000568
2021-03-25,210.0,215.0,204.15,210.7,13224417.0,2763583679.0,1464306555.0,0.0090311806328013,000568
2021-03-26,213.03,226.0,213.03,224.91,14820108.0,3267704193.0,1464306555.0,0.0101209053182173,000568
2021-03-29,228.93,233.0,222.27,224.48,18706714.0,4267214436.0,1464306555.0,0.0127751350536022,000568
2021-03-30,228.08,235.46,225.88,228.9,14557225.0,3346332044.0,1464306555.0,0.0099413780197139,000568
2021-03-31,227.0,227.71,221.16,225.02,10627678.0,2381316437.0,1464306555.0,0.0072578231407288,000568
2021-04-01,227.0,232.8,225.5,232.64,8418673.0,1929489331.0,1464306555.0,0.0057492558312012,000568
2021-04-02,237.0,248.0,237.0,247.9,13788301.0,3347161185.0,1464306555.0,0.009416266664189,000568
2021-04-06,250.0,252.0,241.88,243.9,12925807.0,3185396649.0,1464306555.0,0.0088272547547258,000568
2021-04-07,241.0,242.05,227.5,229.0,18978534.0,4377400858.0,1464306555.0,0.0129607655823134,000568
2021-04-08,223.99,234.6,222.3,233.2,13081503.0,3006419130.0,1464306555.0,0.0089335822170105,000568
2021-04-09,229.0,232.0,222.01,223.87,11757416.0,2645355695.0,1464306555.0,0.0080293405502101,000568
2021-04-12,226.01,229.58,223.52,225.5,14415420.0,3273126323.0,1464306555.0,0.0098445369589976,000568
2021-04-13,224.21,237.27,224.21,233.9,13396772.0,3122781070.0,1464306555.0,0.0091488848112135,000568
2021-04-14,234.0,235.52,226.93,233.74,9242999.0,2151467768.0,1464306555.0,0.006312202160428,000568
2021-04-15,232.0,233.9,224.09,231.67,10296105.0,2354927202.0,1464306555.0,0.0070313862659721,000568
2021-04-16,235.68,243.0,234.11,236.71,12716129.0,3027724689.0,1464306555.0,0.0086840620610347,000568
2021-04-19,233.8,240.5,229.01,239.14,12843645.0,3043457239.0,1464306555.0,0.008771144919173,000568
2021-04-20,235.5,247.68,235.36,239.54,14389659.0,3487370829.0,1464306555.0,0.0098269443313391,000568
2021-04-21,235.3,247.54,235.3,244.6,13328051.0,3238403014.0,1464306555.0,0.0091019540645298,000568
2021-04-22,247.01,247.49,237.11,240.38,11481844.0,2768176943.0,1464306555.0,0.0078411477165039,000568
2021-04-23,240.11,249.8,240.11,249.61,14945017.0,3682469765.0,1464306555.0,0.010206207811451,000568
2021-04-26,250.0,257.57,246.36,247.45,13470436.0,3394292597.0,1464306555.0,0.0091991912171696,000568
2021-04-27,249.01,251.0,243.1,251.0,8435415.0,2089277687.0,1464306555.0,0.0057606892294489,000568
2021-04-28,247.4,261.16,243.58,261.0,14031376.0,3575539599.0,1464306555.0,0.0095822667405869,000568
2021-04-29,260.0,263.99,255.0,262.98,11522005.0,2995080756.0,1464306555.0,0.0078685743505395,000568
2021-04-30,259.0,261.8,253.5,255.58,13574238.0,3495598038.0,1464306555.0,0.0092700793789726,000568
2021-05-06,250.51,253.0,237.88,239.88,16247668.0,3962110290.0,1464306555.0,0.0110958104670917,000568
2021-05-07,240.01,245.0,236.52,237.4,10420747.0,2505159901.0,1464306555.0,0.0071165064203376,000568
2021-05-10,234.82,237.96,224.0,226.03,16688080.0,3822935515.0,1464306555.0,0.0113965753571321,000568
2021-05-11,224.92,237.77,224.16,236.87,14003624.0,3254747656.0,1464306555.0,0.0095633144249634,000568
2021-05-12,236.18,244.99,234.6,243.3,9682283.0,2341943148.0,1464306555.0,0.0066121967199689,000568
2021-05-13,240.0,244.58,236.0,243.11,7442029.0,1791812090.0,1464306555.0,0.0050822889336857,000568
2021-05-14,246.11,252.55,241.5,247.8,10165224.0,2528236290.0,1464306555.0,0.0069420053917603,000568
2021-05-17,248.06,261.44,248.06,257.81,14757035.0,3788481680.0,1464306555.0,0.0100778316873682,000568
2021-05-18,257.82,261.44,253.13,257.9,7557045.0,1935662090.0,1464306555.0,0.0051608353279549,000568
2021-05-19,255.98,263.01,254.05,258.03,7898046.0,2051079647.0,1464306555.0,0.0053937107452202,000568
2021-05-20,256.7,263.88,256.7,259.5,10051757.0,2621554720.0,1464306555.0,0.0068645168360937,000568
2021-05-21,259.7,265.0,255.0,257.5,10547624.0,2738400457.0,1464306555.0,0.0072031528944429,000568
2021-05-24,261.13,265.28,253.5,264.77,12616998.0,3289981563.0,1464306555.0,0.0086163638050503,000568
2021-05-25,266.01,284.27,266.01,284.05,20285346.0,5680389908.0,1464306555.0,0.0138532098560468,000568
2021-05-26,284.06,285.8,273.5,275.89,17310154.0,4809844160.0,1464306555.0,0.0118214003351231,000568
2021-05-27,276.0,284.0,268.5,275.8,12410602.0,3426533307.0,1464306555.0,0.0084754124453127,000568
2021-05-28,274.9,276.99,271.68,274.49,8206796.0,2247678575.0,1464306555.0,0.0056045614027863,000568
2021-05-31,271.0,274.99,267.05,274.95,11167013.0,3025006717.0,1464306555.0,0.0076261442399948,000568
2021-06-01,274.95,278.46,270.98,277.71,11861677.0,3270365350.0,1464306555.0,0.0081005421709663,000568
2021-06-02,277.0,279.9,273.01,274.8,9059630.0,2500673009.0,1464306555.0,0.0061869763329714,000568
2021-06-03,275.07,284.11,272.01,276.99,13233210.0,3688072740.0,1464306555.0,0.0090371855229453,000568
2021-06-04,273.0,283.3,272.23,279.6,10380608.0,2891265104.0,1464306555.0,0.0070890948104783,000568
2021-06-07,278.22,285.0,276.15,283.22,12672016.0,3567826170.0,1464306555.0,0.0086539365385822,000568
2021-06-08,282.0,282.17,256.0,262.02,23291852.0,6217301406.0,1464306555.0,0.0159064042433382,000568
2021-06-09,260.0,264.98,256.75,262.2,12035105.0,3148550729.0,1464306555.0,0.0082189791194371,000568
2021-06-10,261.28,268.99,260.21,266.71,8615467.0,2296731804.0,1464306555.0,0.0058836498208532,000568
2021-06-11,267.02,268.0,255.6,258.25,16697134.0,4319519736.0,1464306555.0,0.0114027584886417,000568
2021-06-15,257.99,257.99,243.5,249.86,21565069.0,5359971198.0,1464306555.0,0.0147271545882002,000568
2021-06-16,250.0,251.98,240.0,242.58,15016349.0,3656585035.0,1464306555.0,0.0102549216547077,000568
2021-06-17,242.0,246.2,241.0,242.45,14129267.0,3433652522.0,1464306555.0,0.0096491181793555,000568
2021-06-18,242.45,242.8,228.52,232.8,23360700.0,5450532523.0,1464306555.0,0.0159534217204948,000568
2021-06-21,233.11,240.0,231.8,236.5,18270417.0,4303519343.0,1464306555.0,0.0124771803674675,000568
2021-06-22,238.89,239.5,227.62,232.02,24971471.0,5748178596.0,1464306555.0,0.0170534447959225,000568
2021-06-23,231.01,232.8,225.0,225.98,17964254.0,4081289116.0,1464306555.0,0.0122680964164638,000568
2021-06-24,228.2,233.95,225.01,231.0,16629430.0,3813008295.0,1464306555.0,0.0113565222686584,000568
2021-06-25,229.0,237.15,223.8,234.93,23727273.0,5494646816.0,1464306555.0,0.0162037606940849,000568
2021-06-28,234.5,238.3,233.2,235.5,13190220.0,3102280854.0,1464306555.0,0.0090078269164068,000568
2021-06-29,235.98,237.0,227.5,228.15,16425529.0,3781616490.0,1464306555.0,0.011217274787109,000568
2021-06-30,230.0,240.3,229.0,235.94,17633056.0,4166882772.0,1464240554.9999998,0.0120424584196822,000568
2021-07-01,235.94,236.0,230.5,236.0,11952296.0,2788051846.0,1464240554.9999998,0.0081627953543466,000568
2021-07-02,233.0,233.0,226.29,226.6,13584164.0,3095966081.0,1464240554.9999998,0.0092772761645029,000568
2021-07-05,224.7,229.0,221.58,223.0,12879413.0,2889101282.0,1464240554.9999998,0.0087959679548692,000568
2021-07-06,222.0,225.99,216.8,225.51,15545235.0,3438588456.0,1464240554.9999998,0.0106165854694551,000568
2021-07-07,226.7,230.68,224.11,227.65,10532156.0,2403680695.0,1464240554.9999998,0.0071929137354073,000568
2021-07-08,228.5,228.7,219.41,220.7,13091117.0,2920498837.0,1464240554.9999998,0.0089405507553367,000568
2021-07-09,220.65,220.7,211.97,216.51,11469328.0,2478389803.0,1464240554.9999998,0.0078329533769811,000568
2021-07-12,217.01,223.99,210.13,223.8,16135948.0,3533011640.0,1464240554.9999998,0.0110200116674134,000568
2021-07-13,225.0,230.5,223.18,224.36,11521877.0,2609689181.0,1464240554.9999998,0.0078688416057428,000568
2021-07-14,223.5,227.6,219.51,225.62,10569402.0,2375855079.0,1464240554.9999998,0.0072183508125821,000568
2021-07-15,224.87,230.0,221.61,228.11,12105227.0,2745328641.0,1464240554.9999998,0.0082672392583744,000568
2021-07-16,228.0,229.99,221.99,222.2,9728497.0,2185357729.0,1464240554.9999998,0.0066440565157,000568
2021-07-19,219.29,229.58,217.3,228.48,12705570.0,2847462962.0,1464240554.9999998,0.0086772422445299,000568
2021-07-20,231.0,233.09,225.1,226.04,11806031.0,2685304288.0,1464240554.9999998,0.008062903980965,000568
2021-07-21,224.98,228.5,222.0,222.72,12514553.0,2808791763.0,1464240554.9999998,0.0085467875870983,000568
2021-07-22,221.55,224.72,215.25,216.55,15672673.0,3423397229.0,1464240554.9999998,0.0107036189828794,000568
2021-07-23,215.0,218.43,212.06,216.5,13207324.0,2836461623.0,1464240554.9999998,0.0090199140809892,000568
2021-07-26,213.33,213.39,196.0,199.68,21413531.0,4359446898.0,1464240554.9999998,0.0146243258506113,000568
2021-07-27,199.6,201.59,188.0,190.0,21229594.0,4144275924.0,1464240554.9999998,0.014498706464253,000568
2021-07-28,186.0,194.8,180.0,191.29,20309348.0,3806113725.0,1464240554.9999998,0.0138702263986944,000568
2021-07-29,195.5,198.0,183.5,185.35,19947422.0,3762130572.0,1464240554.9999998,0.0136230498000378,000568
2021-07-30,181.0,181.0,170.0,171.1,28613862.0,4981863763.0,1464240554.9999998,0.0195417767267073,000568
2021-08-02,170.01,183.0,166.66,180.89,33813636.0,5907235464.0,1464240554.9999998,0.0230929514173987,000568
2021-08-03,179.01,189.0,176.23,187.85,23372527.0,4305394941.0,1464240554.9999998,0.0159622180386883,000568
2021-08-04,186.1,189.6,180.1,180.73,18509642.0,3379870020.0,1464240554.9999998,0.0126411209802886,000568
2021-08-05,176.96,182.8,173.14,176.62,19423084.0,3446369917.0,1464240554.9999998,0.013264954268392,000568
2021-08-06,178.0,179.49,173.2,178.54,14589395.0,2580363855.0,1464240554.9999998,0.0099637965566388,000568
2021-08-09,177.58,182.98,177.58,179.7,17650899.0,3180942793.0,1464240554.9999998,0.0120546442589141,000568
2021-08-10,181.0,196.01,179.6,194.69,31529091.0,5936893640.0,1464240554.9999998,0.021532726226122,000568
2021-08-11,190.0,197.49,189.18,190.2,20197122.0,3878509770.0,1464240554.9999998,0.0137935818885989,000568
2021-08-12,191.2,192.55,185.31,186.53,14661109.0,2760808871.0,1464240554.9999998,0.0100127734817452,000568
2021-08-13,187.0,192.4,185.18,188.9,13436058.0,2531664647.0,1464240554.9999998,0.0091761274840526,000568
2021-08-16,190.1,193.0,187.2,188.48,13150792.0,2500488999.0,1464240554.9999998,0.0089813056707748,000568
2021-08-17,188.0,189.6,178.19,179.38,16185836.0,2962176361.0,1464240554.9999998,0.0110540825718353,000568
2021-08-18,181.23,182.41,174.7,179.55,14487803.0,2589833944.0,1464240554.9999998,0.0098944145144238,000568
2021-08-19,182.36,182.88,176.0,176.82,14501646.0,2588473263.0,1464240554.9999998,0.0099038685620888,000568
2021-08-20,167.0,171.31,160.79,161.38,25572964.0,4209818501.0,1464240554.9999998,0.0174650018486887,000568
2021-08-23,162.18,170.0,160.53,167.67,20568791.0,3424646180.0,1464240554.9999998,0.0140474124485645,000568
2021-08-24,169.35,177.66,167.95,174.1,16897793.0,2937771946.0,1464240554.9999998,0.0115403121039766,000568
2021-08-25,176.0,180.0,175.0,176.15,14456888.0,2559604777.0,1464240554.9999998,0.0098733011803514,000568
2021-08-26,175.9,175.9,169.39,170.03,10206352.0,1749028235.0,1464240554.9999998,0.0069704065804952,000568
2021-08-27,170.74,175.15,167.33,169.38,15087095.0,2575914054.0,1464240554.9999998,0.0103036997223451,000568
2021-08-30,175.0,180.8,169.2,177.15,23014073.0,4019309885.0,1464240554.9999998,0.0157174126351117,000568
2021-08-31,176.0,179.45,167.1,170.0,17435412.0,2976155018.0,1464240554.9999998,0.0119074778665722,000568
2021-09-01,169.06,185.15,165.1,182.18,29330914.0,5216352925.0,1464240554.9999998,0.0200314858783569,000568
2021-09-02,182.18,184.0,177.06,179.11,21329967.0,3832689679.0,1464240554.9999998,0.0145672559929881,000568
2021-09-03,176.5,185.53,172.49,184.3,23660590.0,4271739494.0,1464240554.9999998,0.0161589500572192,000568
2021-09-06,181.11,195.0,180.08,187.0,29222544.0,5530538132.0,1464240554.9999998,0.0199574748153318,000568
2021-09-07,186.95,189.3,185.0,186.96,15942444.0,2976099864.0,1464240554.9999998,0.0108878585185751,000568
2021-09-08,186.9,186.9,180.2,181.91,15003058.0,2744686697.0,1464240554.9999998,0.0102463068303691,000568
2021-09-09,181.01,183.47,178.5,181.41,10247966.0,1851247355.0,1464240554.9999998,0.006998826774061,000568
2021-09-10,180.31,188.03,179.0,187.39,18238704.0,3372838314.0,1464240554.9999998,0.0124560844444033,000568
2021-09-13,186.0,189.38,183.0,184.93,10595785.0,1967024754.0,1464240554.9999998,0.0072363690268092,000568
2021-09-14,184.95,186.81,181.21,181.52,11085572.0,2036174638.0,1464240554.9999998,0.0075708680258483,000568
2021-09-15,180.0,180.79,171.0,172.87,18220562.0,3198477189.0,1464240554.9999998,0.0124436944037518,000568
2021-09-16,170.97,176.68,168.06,174.2,15293633.0,2642349649.0,1464240554.9999998,0.010444754414004,000568
2021-09-17,172.05,184.5,170.9,181.99,16423524.0,2933551583.0,1464240554.9999998,0.0112164110903211,000568
2021-09-22,177.2,180.74,173.16,174.42,11005505.0,1931294450.0,1464240554.9999998,0.0075161864370024,000568
2021-09-23,174.83,180.53,173.01,177.12,9975986.0,1772753298.0,1464240554.9999998,0.0068130786064725,000568
2021-09-24,176.11,189.44,176.08,186.4,23048021.0,4273299278.0,1464240554.9999998,0.0157405973501396,000568
2021-09-27,200.0,205.04,200.0,205.04,14133314.0,2885827874.0,1464240554.9999998,0.0096523169992378,000568
2021-09-28,205.0,218.9,201.0,213.03,45991379.0,9737615873.0,1464240554.9999998,0.0314097153250887,000568
2021-09-29,214.87,218.55,207.0,211.5,28186736.0,5981219610.0,1464240554.9999998,0.0192500719255109,000568
2021-09-30,209.0,226.0,208.51,221.58,28411679.0,6256662874.0,1464240554.9999998,0.0194036962731168,000568
2021-10-08,222.0,232.66,219.58,225.33,22617622.0,5167261789.0,1464240554.9999998,0.0154466572604936,000568
2021-10-11,226.0,231.0,222.0,224.5,15531629.0,3504445000.0,1464240554.9999998,0.0106072932804405,000568
2021-10-12,224.31,228.01,218.92,225.15,11490605.0,2578356677.0,1464240554.9999998,0.0078474844592731,000568
2021-10-13,225.0,246.0,223.5,238.28,21931916.0,5143609813.0,1464240554.9999998,0.0149783557934577,000568
2021-10-14,238.68,244.6,230.69,238.89,14915230.0,3540118949.0,1464240554.9999998,0.0101863248829356,000568
2021-10-15,234.0,239.33,228.02,234.69,13510583.0,3158303642.0,1464240554.9999998,0.0092270241756826,000568
2021-10-18,230.01,230.7,215.3,224.92,24444266.0,5446849381.0,1464240554.9999998,0.0166941599292064,000568
2021-10-19,222.0,233.3,222.0,231.37,14676861.0,3368282748.0,1464240554.9999998,0.0100235312769355,000568
2021-10-20,235.0,237.9,229.6,232.13,10430217.0,2430024408.0,1464240554.9999998,0.0071232947102738,000568
2021-10-21,232.0,233.95,226.5,231.9,9048912.0,2085988178.0,1464240554.9999998,0.0061799353727093,000568
2021-10-22,234.0,236.44,228.51,231.91,10014047.0,2329154625.0,1464240554.9999998,0.006839072286179,000568
2021-10-25,230.66,233.28,227.37,230.6,8516350.0,1957281086.0,1464240554.9999998,0.005816223277602,000568
2021-10-26,230.0,238.54,227.5,232.9,9966985.0,2320919879.0,1464240554.9999998,0.0068069313924992,000568
2021-10-27,232.0,232.0,222.05,225.13,11160944.0,2518039158.0,1464240554.9999998,0.0076223431743426,000568
2021-10-28,225.12,232.86,224.55,227.29,8356695.0,1904842425.0,1464240554.9999998,0.0057071872319504,000568
2021-10-29,231.8,239.88,227.8,228.95,17029287.0,3967048135.0,1464240554.9999998,0.0116301156540497,000568
2021-11-01,224.01,234.67,216.3,231.2,14142845.0,3221780002.0,1464240554.9999998,0.0096588261755938,000568
2021-11-02,227.83,230.76,220.0,224.0,13742496.0,3084690001.0,1464240554.9999998,0.0093854086700938,000568
2021-11-03,223.99,226.03,220.05,223.01,7529719.0,1685176415.0,1464240554.9999998,0.005142405716252,000568
2021-11-04,225.01,237.0,223.7,234.77,14249145.0,3308513324.0,1464240554.9999998,0.009731423536483,000568
2021-11-05,234.76,236.77,229.51,229.7,10397633.0,2419406942.0,1464240554.9999998,0.0071010415361702,000568
2021-11-08,229.49,234.8,227.5,231.5,8366436.0,1940822828.0,1464240554.9999998,0.0057138398273636,000568
2021-11-09,231.0,235.33,226.57,226.97,8655226.0,1986235330.0,1464240554.9999998,0.0059110683490118,000568
2021-11-10,229.05,229.05,216.1,219.05,11748430.0,2593735092.0,1464240554.9999998,0.0080235654994544,000568
2021-11-11,218.93,220.2,213.0,218.8,8993040.0,1951204070.0,1464240554.9999998,0.0061417777081034,000568
2021-11-12,219.77,222.77,206.7,210.0,18999671.0,4013527753.0,1464240554.9999998,0.0129757852527175,000568
2021-11-15,212.0,214.88,208.8,211.46,9037375.0,1914795251.0,1464240554.9999998,0.0061720562028825,000568
2021-11-16,214.0,224.0,212.97,221.8,14156038.0,3118274993.0,1464240554.9999998,0.0096678363071291,000568
2021-11-17,220.51,225.5,219.23,222.63,7759073.0,1728554792.0,1464240554.9999998,0.0052990425470082,000568
2021-11-18,221.7,225.55,219.45,223.15,5239234.0,1166569404.0,1464240554.9999998,0.0035781238144985,000568
2021-11-19,221.05,234.88,221.05,230.53,12851030.0,2966579816.0,1464240554.9999998,0.0087765838448587,000568
2021-11-22,230.52,238.61,226.58,227.48,15424897.0,3564570597.0,1464240554.9999998,0.010534400886062,000568
2021-11-23,226.0,231.36,224.23,226.05,8742354.0,1992945885.0,1464240554.9999998,0.0059705722329211,000568
2021-11-24,228.0,240.0,227.41,234.95,21943330.0,5173554038.0,1464240554.9999998,0.0149861509606937,000568
2021-11-25,236.0,243.7,234.2,234.94,15389988.0,3656938631.0,1464240554.9999998,0.0105105598581102,000568
2021-11-26,234.95,236.0,231.01,233.68,7622769.0,1776291695.0,1464240554.9999998,0.005205954017576,000568
2021-11-29,231.3,236.0,229.5,235.5,9762013.0,2279079295.0,1464240554.9999998,0.0066669461972387,000568
2021-11-30,234.8,236.6,229.46,230.05,10256231.0,2382385704.0,1464240554.9999998,0.007004471338386,000568
2021-12-01,233.29,234.89,229.0,232.11,6761525.0,1567198891.0,1464240554.9999998,0.0046177692435243,000568
2021-12-02,232.11,238.11,231.0,237.18,9530593.0,2241999928.0,1464240554.9999998,0.0065088983961381,000568
2021-12-03,238.2,254.0,238.2,252.3,23446929.0,5856889385.0,1464240554.9999998,0.0160130307277276,000568
2021-12-06,254.5,254.9,244.1,244.38,17014192.0,4224829850.0,1464240554.9999998,0.0116198065556243,000568
2021-12-07,247.13,252.52,245.0,246.47,14770630.0,3666434568.0,1464240554.9999998,0.0100875706177937,000568
2021-12-08,245.03,258.59,243.51,252.87,18248567.0,4609795289.0,1464240554.9999998,0.0124628203594593,000568
2021-12-09,254.97,260.0,252.0,253.3,19497098.0,4996530603.0,1464240554.9999998,0.0133155019736494,000568
2021-12-10,250.79,255.43,247.33,252.17,12707982.0,3193365563.0,1464240554.9999998,0.0086788895148447,000568
2021-12-13,257.0,261.63,254.3,254.43,15543017.0,4006423455.0,1464240554.9999998,0.0106150706910313,000568
2021-12-14,253.16,262.5,252.2,260.4,12625438.0,3277151935.0,1464240554.9999998,0.0086225162640711,000568
2021-12-15,260.38,262.02,255.8,261.22,8040745.0,2085645181.0,1464240554.9999998,0.0054914098455632,000568
2021-12-16,261.08,261.08,249.0,257.88,13181047.0,3366538010.0,1464240554.9999998,0.0090019682592386,000568
2021-12-17,256.81,257.88,247.6,248.51,12104503.0,3028576182.0,1464240554.9999998,0.0082667448041008,000568
2021-12-20,246.97,254.5,246.21,247.65,8253173.0,2060307776.0,1464240554.9999998,0.0056364871003043,000568
2021-12-21,246.76,250.99,242.9,248.0,7722227.0,1909425104.0,1464240554.9999998,0.0052738786489901,000568
2021-12-22,248.7,254.55,247.01,252.28,7621115.0,1923149696.0,1464240554.9999998,0.0052048244217631,000568
2021-12-23,252.75,264.15,251.51,263.0,13577381.0,3497651729.0,1464240554.9999998,0.0092726437289534,000568
2021-12-24,262.99,272.33,259.11,261.2,13701815.0,3637742915.0,1464240554.9999998,0.0093576256669109,000568
2021-12-27,259.39,264.0,257.11,261.19,7498507.0,1953107420.0,1464240554.9999998,0.0051210895466558,000568
2021-12-28,260.74,266.88,259.29,260.8,7759484.0,2034387951.0,1464240554.9999998,0.0052993232385917,000568
2021-12-29,262.07,263.39,241.93,243.0,17935972.0,4448622106.0,1464240554.9999998,0.0122493342632488,000568
2021-12-30,245.33,256.56,245.11,254.0,11570897.0,2912695830.0,1464240554.9999998,0.0079023197113946,000568
2021-12-31,254.0,257.0,248.3,253.87,9975719.0,2516428018.0,1464504555.0,0.0068116681275873,000568
2022-01-04,253.0,253.8,243.06,250.64,8944097.0,2219385580.0,1464504555.0,0.0061072510628005,000568
2022-01-05,248.0,253.88,244.22,247.87,7056065.0,1754157610.0,1464504555.0,0.0048180560285112,000568
2022-01-06,247.46,249.26,235.6,241.75,10785593.0,2597882164.0,1464504555.0,0.007364670163146,000568
2022-01-07,239.98,242.66,232.33,236.68,8978967.0,2121261908.0,1464504555.0,0.0061310611628654,000568
2022-01-10,233.0,238.65,227.75,237.2,7801688.0,1828744478.0,1464504555.0,0.0053271858891555,000568
2022-01-11,236.33,237.8,230.02,231.0,5928627.0,1383213751.0,1464504555.0,0.0040482134246417,000568
2022-01-12,233.0,233.81,228.29,230.16,8963264.0,2065516128.0,1464504555.0,0.0061203387653512,000568
2022-01-13,230.6,232.67,223.58,224.0,12080667.0,2744953537.0,1464504555.0,0.0082489787817696,000568
2022-01-14,224.0,230.72,224.0,227.15,7966141.0,1818364673.0,1464504555.0,0.005439478472636,000568
2022-01-17,226.9,230.28,222.26,229.68,6549307.0,1491417553.0,1464504555.0,0.0044720291088476,000568
2022-01-18,229.97,238.0,227.6,235.72,8727508.0,2053400218.0,1464504555.0,0.0059593587266104,000568
2022-01-19,236.1,237.2,226.66,229.89,8177996.0,1888235423.0,1464504555.0,0.0055841383163195,000568
2022-01-20,229.55,238.19,228.0,236.2,9610122.0,2267297525.0,1464504555.0,0.0065620294366377,000568
2022-01-21,234.86,241.39,233.5,236.85,6364017.0,1514268856.0,1464504555.0,0.0043455085054344,000568
2022-01-24,234.0,239.0,230.86,232.9,6604416.0,1542806545.0,1464504555.0,0.0045096588996269,000568
2022-01-25,232.41,234.28,226.99,226.99,6135018.0,1415285888.0,1464504555.0,0.0041891423137294,000568
2022-01-26,226.99,230.6,222.22,228.03,6639053.0,1505263971.0,1464504555.0,0.0045333099015181,000568
2022-01-27,229.6,234.34,224.08,224.5,8189463.0,1879742297.0,1464504555.0,0.0055919682680672,000568
2022-01-28,225.24,226.95,214.21,216.31,10476593.0,2306683986.0,1464504555.0,0.0071536773062477,000568
2022-02-07,221.5,225.29,212.0,214.45,9061610.0,1971650706.0,1464504555.0,0.0061874918511264,000568
2022-02-08,214.01,215.2,200.0,208.36,11504823.0,2374228148.0,1464504555.0,0.0078557782293821,000568
2022-02-09,208.1,214.98,205.18,214.18,10076333.0,2129352182.0,1464504555.0,0.0068803698599626,000568
2022-02-10,213.0,215.2,207.41,213.4,7536154.0,1592037308.0,1464504555.0,0.0051458726941276,000568
2022-02-11,212.52,224.0,209.28,216.18,11794451.0,2577664900.0,1464504555.0,0.0080535434046499,000568
2022-02-14,214.0,221.38,213.0,219.4,6986391.0,1529978457.0,1464504555.0,0.004770480894817,000568
2022-02-15,221.76,224.5,219.12,224.01,7260463.0,1618131987.0,1464504555.0,0.0049576240478132,000568
2022-02-16,225.49,230.97,223.17,228.96,6552377.0,1492471074.0,1464504555.0,0.004474125380921,000568
2022-02-17,229.95,230.35,226.09,227.54,4430757.0,1010760832.0,1464504555.0,0.0030254306720131,000568
2022-02-18,227.68,229.8,224.0,228.1,3637130.0,827010989.0,1464504555.0,0.0024835224906487,000568
2022-02-21,228.2,231.7,226.35,227.69,4172002.0,953068518.0,1464504555.0,0.0028487463461661,000568
2022-02-22,227.0,227.59,220.0,221.32,5446140.0,1207409500.0,1464504555.0,0.0037187593452039,000568
2022-02-23,221.34,222.96,219.12,222.45,3826630.0,846927233.0,1464504555.0,0.002612917786384,000568
2022-02-24,220.0,220.0,207.16,211.75,12178663.0,2590931113.0,1464504555.0,0.0083158928788719,000568
2022-02-25,214.0,217.0,213.0,215.3,5950910.0,1281063982.0,1464504555.0,0.0040634288092057,000568
2022-02-28,215.32,216.77,213.07,216.6,4376998.0,942205875.0,1464504555.0,0.0029887226946863,000568
2022-03-01,217.0,221.8,217.0,220.79,6100024.0,1341709195.0,1464504555.0,0.0041652475433919,000568
2022-03-02,218.7,220.4,214.2,216.01,4716747.0,1023154019.0,1464504555.0,0.0032207117307327,000568
2022-03-03,216.21,217.69,205.76,206.08,9536769.0,1983852813.0,1464504555.0,0.0065119421905792,000568
2022-03-04,201.87,207.78,201.2,203.26,6079039.0,1237753156.0,1464504555.0,0.0041509184653918,000568
2022-03-07,199.93,199.99,189.2,190.85,12806647.0,2474574330.0,1464504555.0,0.008744695915268,000568
2022-03-08,198.0,203.0,194.08,195.8,11699644.0,2322587022.0,1464504555.0,0.0079888068357697,000568
2022-03-09,196.8,202.82,192.05,200.33,12212479.0,2432417498.0,1464504555.0,0.008338983281619,000568
2022-03-10,208.95,213.53,207.0,212.32,10896493.0,2294381449.0,1464504555.0,0.0074403954312043,000568
2022-03-11,208.32,210.0,201.0,205.6,9146913.0,1873997685.0,1464504555.0,0.0062457388533011,000568
2022-03-14,203.0,203.0,194.4,194.98,11194588.0,2203223926.0,1464504555.0,0.007643942083881,000568
2022-03-15,190.0,196.3,186.1,186.98,11141287.0,2114182985.0,1464504555.0,0.0076075468403032,000568
2022-03-16,190.88,195.24,181.18,193.99,11940351.0,2261624453.0,1464504555.0,0.0081531675399944,000568
2022-03-17,197.09,207.55,197.0,203.9,14131344.0,2857111323.0,1464504555.0,0.0096492318523379,000568
2022-03-18,201.65,206.5,200.0,203.88,6885561.0,1401913754.0,1464504555.0,0.0047016316722893,000568
2022-03-21,209.6,210.0,200.41,205.4,5392388.0,1105451785.0,1464504555.0,0.0036820561476505,000568
2022-03-22,207.08,207.4,201.73,202.36,4296034.0,875574691.0,1464504555.0,0.0029334384692302,000568
2022-03-23,203.95,208.84,200.78,204.8,6836931.0,1403989552.0,1464504555.0,0.004668425903257,000568
2022-03-24,202.0,202.5,197.7,199.9,5958453.0,1188444396.0,1464504555.0,0.0040685793565182,000568
2022-03-25,200.88,200.88,189.18,190.22,9116773.0,1757345697.0,1464504555.0,0.0062251585144438,000568
2022-03-28,183.0,184.99,176.0,181.9,14412835.0,2599746148.0,1464504555.0,0.009841440882374,000568
2022-03-29,181.01,183.5,178.5,178.77,6582466.0,1186824097.0,1464504555.0,0.0044946708957146,000568
2022-03-30,182.33,188.02,180.4,188.02,8776075.0,1618545539.0,1464504555.0,0.0059925214776815,000568
2022-03-31,185.99,187.64,183.0,185.88,5512286.0,1020655432.0,1464504555.0,0.0037639254730757,000568
2022-04-01,183.7,193.5,182.82,190.7,6904755.0,1315484548.0,1464504555.0,0.004714737811109,000568
2022-04-06,188.8,191.23,185.99,187.5,5438454.0,1020557679.0,1464504555.0,0.0037135111539478,000568
2022-04-07,186.5,191.98,186.2,187.77,3764167.0,710451590.0,1464504555.0,0.0025702665021755,000568
2022-04-08,190.0,193.2,188.0,188.67,5524879.0,1053211210.0,1464504555.0,0.0037725242855253,000568
2022-04-11,187.0,187.99,177.0,180.1,8995011.0,1624080190.0,1464504555.0,0.0061420164036294,000568
2022-04-12,181.89,194.0,179.12,193.0,9922519.0,1859224806.0,1464504555.0,0.0067753418493123,000568
2022-04-13,190.95,198.7,189.43,192.7,10771393.0,2099972692.0,1464504555.0,0.0073549740512756,000568
2022-04-14,195.04,211.97,195.0,209.53,15326222.0,3147206514.0,1464504555.0,0.0104651241593441,000568
2022-04-15,207.5,210.24,204.47,208.5,7523181.0,1560747117.0,1464504555.0,0.0051370144082617,000568
2022-04-18,205.06,207.5,199.9,206.1,6633250.0,1352710010.0,1464504555.0,0.0045293474693221,000568
2022-04-19,205.02,210.55,202.34,202.95,4956798.0,1014846904.0,1464504555.0,0.0033846245019019,000568
2022-04-20,201.0,207.19,198.12,202.91,7123813.0,1443518972.0,1464504555.0,0.00486431604168,000568
2022-04-21,199.99,205.92,198.5,199.39,6138024.0,1234526892.0,1464504555.0,0.0041911948850169,000568
2022-04-22,199.41,204.99,195.51,201.4,6542157.0,1312480722.0,1464504555.0,0.0044671469116734,000568
2022-04-25,195.01,203.56,192.5,192.7,7797024.0,1538773399.0,1464504555.0,0.0053240011943834,000568
2022-04-26,194.0,205.6,194.0,200.86,10931682.0,2202759980.0,1464504555.0,0.0074644233523739,000568
2022-04-27,201.33,206.3,200.4,201.73,9566794.0,1935971211.0,1464504555.0,0.0065324440045869,000568
2022-04-28,201.3,214.0,200.0,214.0,12163514.0,2536129813.0,1464504555.0,0.0083055487662856,000568
2022-04-29,219.0,221.54,205.0,210.73,15975239.0,3368644828.0,1464504555.0,0.0109082890493297,000568
2022-05-05,208.6,215.5,208.01,209.99,9593662.0,2028141791.0,1464504555.0,0.0065507901407653,000568
2022-05-06,204.3,205.18,198.79,199.93,8899837.0,1796167992.0,1464504555.0,0.0060770292380551,000568
2022-05-09,194.0,197.7,189.0,194.08,8177869.0,1581245849.0,1464504555.0,0.0055840515975725,000568
2022-05-10,190.0,199.85,189.37,197.66,7064814.0,1382065554.0,1464504555.0,0.004824030062508,000568
2022-05-11,197.0,204.0,196.51,201.5,7036959.0,1418899785.0,1464504555.0,0.0048050099782721,000568
2022-05-12,202.0,207.5,199.8,205.42,6312428.0,1291859023.0,1464504555.0,0.0043102822578793,000568
2022-05-13,207.0,208.6,202.88,204.55,3742588.0,767503523.0,1464504555.0,0.0025555318262564,000568
2022-05-16,207.2,209.3,201.0,201.95,5544917.0,1131789095.0,1464504555.0,0.003786206728459,000568
2022-05-17,203.5,204.55,200.6,202.88,4704082.0,949609727.0,1464504555.0,0.003212063754899,000568
2022-05-18,201.39,202.88,195.0,198.78,6465533.0,1276932474.0,1464504555.0,0.0044148261457609,000568
2022-05-19,194.62,197.49,194.5,196.17,4902314.0,958970059.0,1464504555.0,0.0033474214766098,000568
2022-05-20,198.0,210.0,197.0,209.02,12406364.0,2546193316.0,1464504555.0,0.008471372764013,000568
2022-05-23,208.0,209.84,203.7,205.98,6405412.0,1319119298.0,1464504555.0,0.0043737740371862,000568
2022-05-24,204.76,205.98,201.0,201.75,5998490.0,1212758420.0,1464504555.0,0.0040959176122193,000568
2022-05-25,201.0,202.5,193.79,197.5,11886832.0,2335282702.0,1464504555.0,0.0081166234406147,000568
2022-05-26,197.5,200.0,193.0,196.81,8126620.0,1594623988.0,1464504555.0,0.0055490575104424,000568
2022-05-27,199.0,203.0,196.78,197.4,6770484.0,1352745870.0,1464504555.0,0.0046230542451266,000568
2022-05-30,199.5,208.2,199.41,206.0,12523459.0,2565073320.0,1464504555.0,0.0085513281315809,000568
2022-05-31,207.07,216.57,205.2,214.8,12652779.0,2699538951.0,1464504555.0,0.0086396310320796,000568
2022-06-01,214.59,215.83,210.0,214.44,6607138.0,1412858637.0,1464504555.0,0.004511517548677,000568
2022-06-02,213.5,214.8,209.1,210.33,5536273.0,1169574225.0,1464504555.0,0.0037803043910641,000568
2022-06-06,209.84,215.35,205.01,214.8,8934675.0,1892740048.0,1464504555.0,0.0061008174877271,000568
2022-06-07,214.01,219.52,213.08,217.11,6865503.0,1492451244.0,1464504555.0,0.0046879355728599,000568
2022-06-08,218.7,224.8,216.06,221.22,9121593.0,2009840844.0,1464504555.0,0.0062284497298815,000568
2022-06-09,221.22,223.1,215.0,215.4,6892594.0,1498096246.0,1464504555.0,0.0047064339789643,000568
2022-06-10,214.02,220.87,213.52,219.1,5736569.0,1246210259.0,1464504555.0,0.0039170714631201,000568
2022-06-13,217.0,217.5,210.6,213.35,7266988.0,1552821167.0,1464504555.0,0.0049620794795001,000568
2022-06-14,210.9,215.59,210.25,213.7,6224169.0,1319903147.0,1464504555.0,0.0042500168256561,000568
2022-06-15,213.71,221.88,212.0,218.3,8780603.0,1912663554.0,1464504555.0,0.0059956133082836,000568
2022-06-16,219.0,221.79,216.49,218.15,4750097.0,1041612659.0,1464504555.0,0.0032434839371325,000568
2022-06-17,216.0,224.27,215.5,223.0,6778473.0,1502668985.0,1464504555.0,0.0046285093322908,000568
2022-06-20,225.0,230.3,221.13,227.12,8202866.0,1858148590.0,1464504555.0,0.0056011201685883,000568
2022-06-21,226.0,232.85,225.8,228.0,8111426.0,1863801118.0,1464504555.0,0.0055386826707411,000568
2022-06-22,229.0,230.88,224.0,225.06,5702278.0,1294378995.0,1464504555.0,0.0038936567186026,000568
2022-06-23,227.0,227.98,222.0,226.39,6595605.0,1482137574.0,1464504555.0,0.0045036425304938,000568
2022-06-24,227.39,231.85,226.0,230.0,7854485.0,1802875949.0,1464504555.0,0.0053632369890443,000568
2022-06-27,230.88,242.0,230.66,238.71,9789441.0,2332247293.0,1464504555.0,0.0066844728932918,000568
2022-06-28,238.7,239.92,235.82,237.0,6205014.0,1474830528.0,1464504555.0,0.0042369373170027,000568
2022-06-29,236.97,239.96,234.01,235.9,5779214.0,1369565467.0,1464504555.0,0.0039461905258464,000568
2022-06-30,238.0,251.51,237.0,246.54,11434521.0,2828288825.0,1464504555.0,0.0078077742817262,000568
2022-07-01,247.99,249.86,240.88,245.55,6533619.0,1593223910.0,1464504555.0,0.0044613169537052,000568
2022-07-04,245.56,245.99,239.3,242.55,6815355.0,1647513923.0,1464504555.0,0.0046536932758123,000568
2022-07-05,244.0,246.44,239.16,244.0,6864742.0,1663421010.0,1464504555.0,0.0046874159432027,000568
2022-07-06,241.22,243.5,233.49,235.34,9192650.0,2179497284.0,1464504555.0,0.0062769692102459,000568
2022-07-07,234.0,237.88,230.0,235.05,6418922.0,1500980608.0,1464504555.0,0.0043829989999587,000568
2022-07-08,237.2,243.83,236.35,240.97,7698660.0,1854758875.0,1464504555.0,0.0052568358177622,000568
2022-07-11,237.0,238.0,230.66,234.2,5313461.0,1241939327.0,1464504555.0,0.0036281628362705,000568
2022-07-12,233.0,237.8,230.6,234.53,4847996.0,1134004150.0,1464504555.0,0.0033103318002312,000568
2022-07-13,234.88,239.48,232.14,237.0,5013059.0,1188294949.0,1464504555.0,0.0034230409068273,000568
2022-07-14,235.01,238.5,233.22,234.28,5289828.0,1245669780.0,1464504555.0,0.0036120256382541,000568
2022-07-15,234.28,246.39,233.08,237.6,8166375.0,1963522094.0,1464504555.0,0.0055762032095557,000568
2022-07-18,238.02,238.02,226.21,234.53,8584718.0,1989287627.0,1464504555.0,0.0058618581763304,000568
2022-07-19,232.25,235.8,231.0,234.8,4848441.0,1131240249.0,1464504555.0,0.0033106356572581,000568
2022-07-20,237.01,238.78,235.11,235.7,4120470.0,975370993.0,1464504555.0,0.0028135590196235,000568
2022-07-21,234.01,239.11,233.2,233.89,3407506.0,804040423.0,1464504555.0,0.0023267295334564,000568
2022-07-22,235.0,236.36,231.42,232.5,3469081.0,808395674.0,1464504555.0,0.0023687744692606,000568
2022-07-25,232.53,234.98,228.51,233.8,3006880.0,699371073.0,1464504555.0,0.0020531721733019,000568
2022-07-26,235.95,242.0,235.0,237.38,5201977.0,1242781654.0,1464504555.0,0.0035520387985409,000568
2022-07-27,236.01,236.29,230.6,231.5,5132388.0,1192969933.0,1464504555.0,0.0035045217049529,000568
2022-07-28,232.02,233.56,228.8,229.04,3673200.0,847228435.0,1464504555.0,0.0025081519804491,000568
2022-07-29,227.28,228.0,218.4,222.2,8609777.0,1914333864.0,1464504555.0,0.0058789690824826,000568
2022-08-01,220.38,227.4,220.38,224.0,7227824.0,1625286645.0,1464504555.0,0.0049353373298316,000568
2022-08-02,221.19,224.78,218.9,219.22,7774085.0,1714758375.0,1464504555.0,0.005308337876764,000568
2022-08-03,221.0,224.83,219.77,220.6,5110680.0,1133401947.0,1464504555.0,0.0034896989446372,000568
2022-08-04,222.01,225.99,219.78,225.8,5505400.0,1232429169.0,1464504555.0,0.0037592235416434,000568
2022-08-05,225.57,228.57,222.2,225.48,4185962.0,939629874.0,1464504555.0,0.0028582785800894,000568
2022-08-08,222.5,225.3,220.15,221.95,5403294.0,1201508434.0,1464504555.0,0.0036895030346969,000568
2022-08-09,220.1,221.59,218.6,220.19,4484871.0,986186160.0,1464504555.0,0.0030623810521367,000568
2022-08-10,220.0,221.2,212.66,215.32,8389679.0,1805397114.0,1464504555.0,0.0057286807141408,000568
2022-08-11,216.61,220.9,216.2,220.84,6245917.0,1371059326.0,1464504555.0,0.0042648668989629,000568
2022-08-12,221.01,224.99,219.01,224.68,4848619.0,1080015932.0,1464504555.0,0.0033107572000689,000568
2022-08-15,222.0,223.7,218.1,220.0,6650481.0,1463178568.0,1464504555.0,0.0045411132230995,000568
2022-08-16,219.52,221.35,217.13,218.39,4299348.0,939329659.0,1464504555.0,0.0029357013505499,000568
2022-08-17,218.2,223.96,216.58,221.98,5174887.0,1140953510.0,1464504555.0,0.0035335410752614,000568
2022-08-18,219.5,220.8,214.49,215.8,9014653.0,1948514987.0,1464504555.0,0.0061554284479504,000568
2022-08-19,214.0,219.9,213.38,216.3,5658320.0,1227481843.0,1464504555.0,0.0038636411069407,000568
2022-08-22,214.85,219.79,214.05,218.99,4255592.0,928717019.0,1464504555.0,0.0029058236694934,000568
2022-08-23,218.0,219.88,212.8,215.0,5969429.0,1283553105.0,1464504555.0,0.0040760740412992,000568
2022-08-24,214.5,216.75,213.2,214.2,4623355.0,994036059.0,1464504555.0,0.0031569413589157,000568
2022-08-25,215.0,220.45,214.12,219.9,8239918.0,1804006865.0,1464504555.0,0.0056264201923223,000568
2022-08-26,220.0,228.0,220.0,223.27,10823725.0,2432752406.0,1464504555.0,0.007390707637642,000568
2022-08-29,231.09,236.98,223.31,224.7,16422041.0,3771790834.0,1464504555.0,0.0112133765265072,000568
2022-08-30,227.3,228.95,222.35,226.15,8148188.0,1836098804.0,1464504555.0,0.005563784675289,000568
2022-08-31,225.1,235.4,225.01,234.2,12256701.0,2859345354.0,1464504555.0,0.0083691791590228,000568
2022-09-01,232.34,235.38,229.0,230.68,7376501.0,1708701423.0,1464504555.0,0.0050368576695891,000568
2022-09-02,230.5,231.5,223.03,225.5,7476734.0,1684150644.0,1464504555.0,0.0051052992457234,000568
2022-09-05,222.5,222.99,217.0,221.8,7996733.0,1759172241.0,1464504555.0,0.0054603674482938,000568
2022-09-06,222.01,224.49,218.16,221.1,7649824.0,1682744881.0,1464504555.0,0.0052234893868254,000568
2022-09-07,220.0,221.0,216.14,219.31,6330297.0,1386729288.0,1464504555.0,0.0043224836538661,000568
2022-09-08,220.95,225.0,220.69,220.78,4385848.0,975262822.0,1464504555.0,0.0029947656939858,000568
2022-09-09,221.0,226.22,219.08,224.7,6319102.0,1419268167.0,1464504555.0,0.0043148394304584,000568
2022-09-13,225.66,227.37,222.8,224.48,6860738.0,1545612686.0,1464504555.0,0.0046846819127851,000568
2022-09-14,220.0,224.28,219.1,221.3,3796369.0,841912593.0,1464504555.0,0.0025922548257284,000568
2022-09-15,222.5,227.44,221.2,224.59,7017713.0,1579814516.0,1464504555.0,0.0047918683325638,000568
2022-09-16,223.1,225.04,217.0,218.0,6040226.0,1326449415.0,1464504555.0,0.004124415987221,000568
2022-09-19,218.05,225.0,217.08,220.78,5986268.0,1323655396.0,1464504555.0,0.004087572127763,000568
2022-09-20,222.0,227.0,218.68,225.7,6178677.0,1384243387.0,1464504555.0,0.0042189537607822,000568
2022-09-21,224.5,226.58,220.55,222.3,5196594.0,1157515330.0,1464504555.0,0.0035483631527523,000568
2022-09-22,220.5,222.1,218.15,219.12,4686661.0,1029381029.0,1464504555.0,0.0032001682644134,000568
2022-09-23,218.57,223.15,218.05,220.87,4584707.0,1011457027.0,1464504555.0,0.0031305515468335,000568
2022-09-26,218.55,230.5,218.5,227.12,8530322.0,1934764915.0,1464504555.0,0.005824715239619,000568
2022-09-27,228.14,233.5,224.23,232.25,8605361.0,1980144846.0,1464504555.0,0.0058759537282559,000568
2022-09-28,231.3,236.78,230.96,231.26,7910136.0,1848249966.0,1464504555.0,0.0054012368708542,000568
2022-09-29,234.0,234.65,229.31,231.0,4568522.0,1057517590.0,1464504555.0,0.0031195000277756,000568
2022-09-30,233.31,235.3,229.83,230.66,5293590.0,1229039465.0,1464504555.0,0.003614594425075,000568
2022-10-10,229.05,230.0,209.98,210.31,14153833.0,3085206414.0,1464504555.0,0.0096645878988065,000568
2022-10-11,210.17,217.66,207.2,216.35,7967818.0,1704316837.0,1464504555.0,0.0054406235697914,000568
2022-10-12,215.53,215.53,207.38,213.1,6915158.0,1457878421.0,1464504555.0,0.0047218412372913,000568
2022-10-13,212.29,214.5,208.56,209.91,6005697.0,1267488735.0,1464504555.0,0.0041008387304059,000568
2022-10-14,211.57,214.0,208.64,212.22,7881137.0,1670868798.0,1464504555.0,0.0053814356350704,000568
2022-10-17,212.1,212.9,205.3,207.87,8928716.0,1853813731.0,1464504555.0,0.0060967485348654,000568
2022-10-18,208.1,212.02,206.5,207.9,5627007.0,1173561576.0,1464504555.0,0.0038422598146169,000568
2022-10-19,205.99,206.8,194.5,196.62,15914429.0,3153167292.0,1464504555.0,0.0108667664744818,000568
2022-10-20,193.1,199.28,190.02,197.02,9282699.0,1819487857.0,1464504555.0,0.0063384568988247,000568
2022-10-21,195.1,196.89,190.21,191.97,8503696.0,1638070495.0,1464504555.0,0.0058065343470372,000568
2022-10-24,187.55,187.88,176.66,178.0,19402927.0,3494812214.0,1464504555.0,0.0132487993524881,000568
2022-10-25,174.01,179.83,173.57,175.98,16058430.0,2833821990.0,1464504555.0,0.0109650939255699,000568
2022-10-26,177.02,178.25,173.0,173.95,13275624.0,2328419647.0,1464504555.0,0.0090649250319334,000568
2022-10-27,174.63,175.96,158.0,159.3,29744138.0,4888396070.0,1464504555.0,0.0203100344744233,000568
2022-10-28,159.32,164.48,158.0,160.34,20415335.0,3291542149.0,1464504555.0,0.0139400966219596,000568
2022-10-31,158.51,160.85,155.18,156.35,12732302.0,2002278772.0,1464504555.0,0.0086939313070282,000568
2022-11-01,156.77,170.9,156.6,170.0,24578413.0,4059430598.0,1464504555.0,0.0167827494397926,000568
2022-11-02,169.67,179.5,168.0,174.93,21822499.0,3805151749.0,1464504555.0,0.0149009430701292,000568
2022-11-03,171.05,173.83,170.05,172.7,8844119.0,1520665757.0,1464504555.0,0.006038983606985,000568
2022-11-04,172.3,187.49,172.0,183.76,17743900.0,3245553350.0,1464504555.0,0.0121159746068526,000568
2022-11-07,182.0,184.5,179.57,182.88,11519734.0,2096080111.0,1464504555.0,0.0078659598296708,000568
2022-11-08,182.3,184.63,176.6,178.99,12711606.0,2277452318.0,1464504555.0,0.0086797995653895,000568
2022-11-09,178.97,182.3,174.65,175.5,8399367.0,1482165497.0,1464504555.0,0.0057352959206057,000568
2022-11-10,174.09,177.88,173.53,177.32,8039611.0,1416015062.0,1464504555.0,0.0054896456091937,000568
2022-11-11,185.34,187.1,179.8,186.29,18773459.0,3455169027.0,1464504555.0,0.012818983004119,000568
2022-11-14,187.0,191.0,182.23,183.16,13472827.0,2509130617.0,1464504555.0,0.009199580126946,000568
2022-11-15,182.25,190.5,180.5,186.0,12081205.0,2247367543.0,1464504555.0,0.008249346141501,000568
2022-11-16,184.0,190.59,183.28,186.17,7906554.0,1480263797.0,1464504555.0,0.0053987909924937,000568
2022-11-17,185.0,187.48,180.43,182.93,10396297.0,1900053450.0,1464504555.0,0.0070988492077445,000568
2022-11-18,183.5,187.88,182.05,185.23,8880433.0,1644173476.0,1464504555.0,0.0060637797060317,000568
2022-11-21,182.71,182.85,175.72,177.7,10855660.0,1926926844.0,1464504555.0,0.0074125136469787,000568
2022-11-22,176.8,181.45,176.53,177.9,7165483.0,1276502995.0,1464504555.0,0.0048927693502462,000568
2022-11-23,176.55,178.82,174.1,177.0,5278560.0,932814165.0,1464504555.0,0.0036043315686375,000568
2022-11-24,178.0,179.19,172.0,173.65,9027775.0,1570638772.0,1464504555.0,0.0061643884747084,000568
2022-11-25,173.65,174.5,170.8,173.37,5703511.0,985026623.0,1464504555.0,0.0038944986415559,000568
2022-11-28,168.26,173.5,165.57,173.36,10889320.0,1842210824.0,1464504555.0,0.0074354975290602,000568
2022-11-29,178.0,186.12,175.45,185.94,21142673.0,3848338173.0,1464504555.0,0.0144367410315087,000568
2022-11-30,183.83,188.59,183.05,186.01,9208731.0,1711602834.0,1464504555.0,0.0062879497155268,000568
2022-12-01,195.31,204.57,194.01,195.39,20541553.0,4071156354.0,1464504555.0,0.0140262813999919,000568
2022-12-02,194.07,197.93,192.2,192.76,8575406.0,1667831145.0,1464504555.0,0.0058554997119828,000568
2022-12-05,197.2,200.72,194.18,196.63,11163997.0,2204463452.0,1464504555.0,0.0076230537910481,000568
2022-12-06,195.01,211.31,194.8,203.51,17026007.0,3496877975.0,1464504555.0,0.0116257794773468,000568
2022-12-07,202.88,209.4,199.68,204.72,11295772.0,2306556008.0,1464504555.0,0.0077130330263807,000568
2022-12-08,203.8,206.18,200.65,204.4,6466400.0,1317845556.0,1464504555.0,0.0044154181548448,000568
2022-12-09,204.4,213.5,202.4,212.88,13666013.0,2857257840.0,1464504555.0,0.009331492314819,000568
2022-12-12,212.59,216.67,208.39,208.52,9971887.0,2105720947.0,1464504555.0,0.0068090515430319,000568
2022-12-13,208.64,214.64,206.16,211.87,8829530.0,1866110784.0,1464504555.0,0.0060290218762754,000568
2022-12-14,211.55,223.42,209.24,220.7,13744792.0,3013073571.0,1464504555.0,0.0093852845681316,000568
2022-12-15,223.88,226.4,218.12,219.35,11510335.0,2547041644.0,1464504555.0,0.0078595419595673,000568
2022-12-16,218.5,223.94,218.01,222.99,8130338.0,1803400301.0,1464504555.0,0.005551596252973,000568
2022-12-19,222.12,226.5,220.0,220.08,7629741.0,1692006909.0,1464504555.0,0.0052097762167766,000568
2022-12-20,219.66,219.89,207.0,209.0,16799972.0,3553372366.0,1464504555.0,0.0114714371782885,000568
2022-12-21,212.1,214.89,210.81,212.38,8033937.0,1707951211.0,1464504555.0,0.0054857712613942,000568
2022-12-22,215.0,221.98,213.5,217.31,9390996.0,2049858824.0,1464504555.0,0.0064124047739817,000568
2022-12-23,216.0,225.5,215.02,221.18,10267271.0,2276356262.0,1464504555.0,0.007010747057731,000568
2022-12-26,221.28,223.0,217.0,217.5,7602209.0,1663398174.0,1464504555.0,0.0051909766849444,000568
2022-12-27,219.9,225.0,217.61,222.49,7251370.0,1614709239.0,1464504555.0,0.0049514151220922,000568
2022-12-28,221.51,225.25,219.6,224.3,8901144.0,1986366331.0,1464504555.0,0.0060779216900421,000568
2022-12-29,222.06,222.3,217.18,219.17,8077456.0,1771625586.0,1464504555.0,0.0055154871129779,000568
2022-12-30,220.0,226.0,220.0,224.28,9934351.0,2222210148.0,1464504555.0,0.0067834210321046,000568
2023-01-03,224.0,225.28,217.79,219.86,9238152.0,2030869788.0,1464504555.0,0.0063080391033676,000568
2023-01-04,220.0,224.19,218.2,221.0,6892060.0,1525301301.0,1464504555.0,0.0047060693505319,000568
2023-01-05,223.77,236.89,223.25,234.59,13553908.0,3156912260.0,1464504555.0,0.0092549442429013,000568
2023-01-06,234.59,236.21,230.63,234.57,10003539.0,2333063640.0,1464504555.0,0.0068306643129559,000568
2023-01-09,234.57,241.9,232.4,238.46,10608196.0,2523163703.0,1464504555.0,0.0072435390957182,000568
2023-01-10,238.45,241.97,236.41,239.0,6772071.0,1620936729.0,1464504555.0,0.0046241378880518,000568
2023-01-11,238.0,239.57,235.58,237.0,7299567.0,1733483566.0,1464504555.0,0.0049843252279949,000568
2023-01-12,238.34,241.78,235.6,236.66,5897121.0,1400864763.0,1464504555.0,0.0040267003471354,000568
2023-01-13,236.67,245.0,236.3,244.3,12072178.0,2927826942.0,1464504555.0,0.0082431822822155,000568
2023-01-16,246.73,257.99,246.0,252.0,12592279.0,3183135635.0,1464504555.0,0.0085983201329134,000568
2023-01-17,252.01,255.12,246.49,249.01,9806406.0,2448756430.0,1464504555.0,0.0066960570156779,000568
2023-01-18,250.0,253.6,245.25,246.5,7766295.0,1930105776.0,1464504555.0,0.0053030186717309,000568
2023-01-19,246.6,250.3,242.5,247.38,7325245.0,1806513613.0,1464504555.0,0.0050018588026856,000568
2023-01-20,248.65,253.4,246.65,247.8,8019829.0,2003590392.0,1464504555.0,0.0054761379694035,000568
2023-01-30,253.51,254.58,240.0,249.23,9945203.0,2459782212.0,1464504555.0,0.0067908310466128,000568
2023-01-31,249.0,249.0,235.08,237.0,11300743.0,2710907685.0,1464504555.0,0.0077164273483601,000568
2023-02-01,236.5,239.92,233.82,238.48,10290565.0,2436424033.0,1464504555.0,0.0070266527781472,000568
2023-02-02,240.03,241.99,235.17,239.02,7121257.0,1699521194.0,1464504555.0,0.0048625707415433,000568
2023-02-03,236.0,236.6,228.5,235.3,10920147.0,2541131073.0,1464504555.0,0.0074565469685411,000568
2023-02-06,230.0,234.87,224.24,234.03,11208688.0,2588482868.0,1464504555.0,0.0076535699132735,000568
2023-02-07,236.01,238.3,231.81,232.9,6683255.0,1559169992.0,1464504555.0,0.0045634921224263,000568
2023-02-08,233.87,234.68,230.12,232.17,4824898.0,1120885002.0,1464504555.0,0.0032945599134718,000568
2023-02-09,231.49,242.5,230.3,241.57,11714427.0,2811496460.0,1464504555.0,0.0079989010344867,000568
2023-02-10,241.71,248.03,240.21,247.0,8919606.0,2190384394.0,1464504555.0,0.0060905280011232,000568
2023-02-13,252.0,265.98,249.12,260.6,15441549.0,4007305305.0,1464504555.0,0.0105438722927017,000568
2023-02-14,259.6,261.0,251.4,252.03,11272200.0,2874762379.0,1464504555.0,0.0076969374806758,000568
2023-02-15,253.0,257.85,249.4,250.6,8850987.0,2238116154.0,1464504555.0,0.0060436732475714,000568
2023-02-16,251.0,254.8,247.21,250.0,10505653.0,2641993488.0,1464504555.0,0.0071735201943431,000568
2023-02-17,249.0,257.58,248.99,251.4,14522887.0,3693803516.0,1464519180.0,0.0099164880858712,000568
2023-02-20,251.77,258.25,248.88,257.74,10052139.0,2559387029.0,1464519180.0,0.0068637810533829,000568
2023-02-21,257.5,259.0,251.3,254.43,6822068.0,1728700105.0,1464519180.0,0.0046582305600121,000568
2023-02-22,252.92,256.5,252.0,252.38,5193205.0,1316412378.0,1464519180.0,0.0035460136479742,000568
2023-02-23,251.34,255.18,249.49,251.48,6020176.0,1516235275.0,1464519180.0,0.0041106842998123,000568
2023-02-24,249.1,250.89,243.34,248.6,8506948.0,2099915030.0,1464519180.0,0.0058086968857587,000568
2023-02-27,246.62,255.0,246.0,251.2,7131391.0,1795850100.0,1464519180.0,0.0048694418600922,000568
2023-02-28,252.2,253.8,247.7,250.0,4568297.0,1140249859.0,1464519180.0,0.0031193152417437,000568
2023-03-01,250.7,255.89,247.33,255.28,7141967.0,1807044153.0,1464519180.0,0.0048766633428453,000568
2023-03-02,255.27,256.49,253.4,254.96,3895274.0,991738228.0,1464519180.0,0.0026597630493306,000568
2023-03-03,256.66,259.52,253.05,254.5,4813749.0,1231260903.0,1464519180.0,0.0032869142758512,000568
2023-03-06,253.02,258.0,250.03,252.37,6508410.0,1643576962.0,1464519180.0,0.0044440592440721,000568
2023-03-07,252.0,252.18,246.7,247.4,5866549.0,1462033403.0,1464519180.0,0.0040057850249526,000568
2023-03-08,246.0,248.52,242.01,243.8,4749946.0,1161086962.0,1464519180.0,0.0032433484415,000568
2023-03-09,243.74,245.2,239.0,242.98,4756441.0,1153802942.0,1464519180.0,0.0032477833441553,000568
2023-03-10,241.16,244.5,237.1,237.98,4577525.0,1097570367.0,1464519180.0,0.0031256162858857,000568
2023-03-13,238.25,248.45,238.0,244.73,5592884.0,1367779410.0,1464519180.0,0.0038189216477178,000568
2023-03-14,244.65,244.67,236.33,240.5,4661381.0,1121860026.0,1464519180.0,0.0031828746688042,000568
2023-03-15,245.6,245.66,236.68,236.88,4445057.0,1064635611.0,1464519180.0,0.003035164756258,000568
2023-03-16,236.0,243.0,232.94,236.98,5452615.0,1298977406.0,1464519180.0,0.0037231434551782,000568
2023-03-17,243.5,244.04,233.49,235.72,6587781.0,1565759172.0,1464519180.0,0.0044982551884366,000568
2023-03-20,235.0,235.0,227.4,231.0,6603761.0,1523405792.0,1464519180.0,0.0045091666194498,000568
2023-03-21,232.0,242.2,230.9,240.55,9535382.0,2265934258.0,1464519180.0,0.006510930092428,000568
2023-03-22,240.05,246.9,240.05,241.89,6578756.0,1604520656.0,1464519180.0,0.0044920927563406,000568
2023-03-23,241.88,249.5,240.55,244.04,6741219.0,1654821121.0,1464519180.0,0.0046030254107016,000568
2023-03-24,243.0,249.49,242.0,245.65,5420078.0,1333681214.0,1464519180.0,0.0037009266071885,000568
2023-03-27,246.45,246.45,236.61,242.19,5661713.0,1369239672.0,1464519180.0,0.0038659193251398,000568
2023-03-28,242.0,250.55,242.0,248.73,6380894.0,1581812226.0,1464519180.0,0.0043569890289862,000568
2023-03-29,252.0,255.15,249.8,253.58,6944860.0,1758892346.0,1464519180.0,0.0047420751430513,000568
2023-03-30,253.58,259.97,251.3,256.54,6569127.0,1679910931.0,1464519180.0,0.0044855179021964,000568
2023-03-31,256.54,260.8,253.5,254.79,5445078.0,1397409705.0,1464519180.0,0.0037179970562078,000568
2023-04-03,255.2,258.83,253.59,254.29,5583392.0,1428301319.0,1464519180.0,0.0038124403396342,000568
2023-04-04,253.55,259.66,251.61,259.23,6833299.0,1751925321.0,1464519180.0,0.0046658992885296,000568
2023-04-06,258.0,259.0,248.1,250.04,6392120.0,1611933679.0,1464519180.0,0.0043646543434139,000568
2023-04-07,248.0,253.72,245.8,249.0,5103385.0,1275060486.0,1464519180.0,0.0034846829387376,000568
2023-04-10,246.02,248.32,229.31,247.5,12535893.0,3001171751.0,1464519180.0,0.0085597328947238,000568
2023-04-11,245.0,245.49,237.8,238.99,9188248.0,2202877434.0,1464519180.0,0.0062739007624331,000568
2023-04-12,239.0,239.36,232.26,233.19,8177404.0,1916586688.0,1464519180.0,0.0055836783236939,000568
2023-04-13,232.8,235.77,230.08,234.3,6488606.0,1513113607.0,1464519180.0,0.004430536717177,000568
2023-04-14,234.28,235.77,228.88,229.55,6264920.0,1448325219.0,1464519180.0,0.0042777998988036,000568
2023-04-17,231.02,239.49,231.0,233.42,8689856.0,2038268593.0,1464519180.0,0.0059335897533277,000568
2023-04-18,233.29,237.58,232.3,234.08,7195574.0,1689396114.0,1464519180.0,0.0049132671652685,000568
2023-04-19,233.9,234.5,229.66,232.09,4393229.0,1017954885.0,1464519180.0,0.0029997756669871,000568
2023-04-20,232.16,233.49,226.2,229.5,4693860.0,1078579017.0,1464519180.0,0.0032050519133522,000568
2023-04-21,229.5,232.65,228.12,229.12,3953400.0,911175196.0,1464519180.0,0.0026994525261185,000568
2023-04-24,228.0,228.5,220.01,221.75,8091053.0,1803951235.0,1464519180.0,0.0055247163099632,000568
2023-04-25,221.75,225.88,218.94,225.52,7862192.0,1753666181.0,1464519180.0,0.0053684459086428,000568
2023-04-26,224.31,227.72,221.5,225.61,5696182.0,1279909713.0,1464519180.0,0.0038894553774297,000568
2023-04-27,225.0,228.88,221.1,225.54,6706405.0,1508154045.0,1464519180.0,0.0045792537862153,000568
2023-04-28,226.79,228.99,224.05,226.24,7625590.0,1728325423.0,1464519180.0,0.0052068898134881,000568
2023-05-04,232.57,234.0,219.26,221.18,9033291.0,2032709259.0,1464519180.0,0.0061680933396857,000568
2023-05-05,220.62,224.5,218.53,223.79,6651739.0,1477643559.0,1464519180.0,0.0045419268595717,000568
2023-05-08,223.55,226.88,221.18,222.3,4683978.0,1043377302.0,1464519180.0,0.0031983043062638,000568
2023-05-09,220.58,225.2,215.3,221.25,6180177.0,1365145672.0,1464519180.0,0.0042199358563538,000568
2023-05-10,220.89,220.89,215.83,217.76,4744833.0,1032698792.0,1464519180.0,0.0032398571932666,000568
2023-05-11,218.5,219.76,215.5,215.99,3716403.0,807294144.0,1464519180.0,0.0025376267178692,000568
2023-05-12,215.9,218.1,213.48,213.82,4874049.0,1047753190.0,1464519180.0,0.0033280881988858,000568
2023-05-15,213.1,216.48,212.2,215.88,4468608.0,958510327.0,1464519180.0,0.0030512458020522,000568
2023-05-16,217.0,217.0,211.88,213.0,4887294.0,1041005581.0,1464519180.0,0.0033371321227762,000568
2023-05-17,213.0,213.95,209.0,210.0,4974390.0,1048624716.0,1464519180.0,0.0033966028358877,000568
2023-05-18,209.19,210.9,206.5,207.37,5516631.0,1148456818.0,1464519180.0,0.003766854729755,000568
2023-05-19,206.82,214.24,204.29,213.15,7190120.0,1513798333.0,1464519180.0,0.0049095430761104,000568
2023-05-22,212.6,228.0,212.17,224.0,12186341.0,2709666223.0,1464519180.0,0.0083210525108998,000568
2023-05-23,222.0,226.3,219.5,220.7,5546543.0,1230920605.0,1464519180.0,0.0037872791805976,000568
2023-05-24,220.13,222.99,217.7,217.72,4707597.0,1035666177.0,1464519180.0,0.0032144317836793,000568
2023-05-25,215.8,218.88,213.35,216.6,4919075.0,1062789231.0,1464519180.0,0.0033588327603876,000568
2023-05-26,217.5,221.0,212.3,214.13,5402206.0,1162884918.0,1464519180.0,0.0036887232845936,000568
2023-05-29,214.11,216.19,212.36,213.96,5530168.0,1184015235.0,1464519180.0,0.00377609803649,000568
2023-05-30,214.0,215.88,208.0,209.76,6234920.0,1313240329.0,1464519180.0,0.0042573153599804,000568
2023-05-31,207.36,208.99,201.92,204.03,9628029.0,1964195353.0,1464519180.0,0.0065741911280397,000568
2023-06-01,204.98,214.19,204.45,207.53,8547942.0,1783304205.0,1464519180.0,0.0058366883252426,000568
2023-06-02,208.56,213.38,205.55,212.22,6080678.0,1281837041.0,1464519180.0,0.0041519961520749,000568
2023-06-05,211.0,211.96,205.0,206.76,6901918.0,1429169413.0,1464519180.0,0.0047127535741798,000568
2023-06-06,207.35,213.87,204.85,208.99,7787865.0,1636679659.0,1464519180.0,0.0053176940980725,000568
2023-06-07,210.0,211.98,205.01,205.28,5446652.0,1129517879.0,1464519180.0,0.0037190718116781,000568
2023-06-08,204.99,207.88,202.59,206.3,5363111.0,1101042684.0,1464519180.0,0.0036620285164172,000568
2023-06-09,207.27,209.58,204.98,205.94,6444914.0,1332448864.0,1464519180.0,0.0044007030348349,000568
2023-06-12,205.25,220.0,205.12,217.2,10927202.0,2338615836.0,1464519180.0,0.0074612897865905,000568
2023-06-13,216.5,223.46,216.0,220.9,6972364.0,1535348388.0,1464519180.0,0.0047608553682444,000568
2023-06-14,222.0,231.19,222.0,228.2,10802384.0,2465965284.0,1464519180.0,0.0073760618143628,000568
2023-06-15,228.5,232.97,227.0,230.5,8681782.0,1997583817.0,1464519180.0,0.0059280766811125,000568
2023-06-16,232.0,236.0,229.97,232.6,6320829.0,1469191164.0,1464519180.0,0.0043159755681724,000568
2023-06-19,232.0,234.5,222.78,226.06,9877368.0,2237649596.0,1464519180.0,0.0067444442755608,000568
2023-06-20,225.97,226.75,219.57,221.39,6988746.0,1553856826.0,1464519180.0,0.0047720412920778,000568
2023-06-21,220.82,224.36,219.66,219.9,5598168.0,1240592286.0,1464519180.0,0.0038225296578225,000568
2023-06-26,217.32,217.32,210.03,212.46,7254056.0,1540994490.0,1464519180.0,0.0049531997252504,000568
2023-06-27,212.46,218.8,209.1,218.22,7528472.0,1618289784.0,1464519180.0,0.0051405758987738,000568
2023-06-28,216.53,221.2,214.53,217.86,5829190.0,1269910922.0,1464519180.0,0.0039802756287561,000568
2023-06-29,218.0,219.85,211.55,212.27,5481918.0,1174707796.0,1464519180.0,0.0037431520698827,000568
2023-06-30,211.31,212.98,208.11,209.57,7141578.0,1502107540.0,1464519180.0,0.0048763977266586,000568
2023-07-03,209.0,219.24,206.13,218.0,8836252.0,1903074474.0,1464519180.0,0.006033551571513,000568
2023-07-04,218.0,221.5,215.68,220.85,5978460.0,1309876856.0,1464519180.0,0.0040821998657607,000568
2023-07-05,220.0,220.85,213.16,214.72,5401112.0,1161297045.0,1464519180.0,0.0036879762817445,000568
2023-07-06,213.99,217.69,212.17,212.68,3535368.0,756527249.0,1464519180.0,0.0024140127683408,000568
2023-07-07,212.02,213.68,210.15,211.35,3618420.0,766973161.0,1464519180.0,0.0024707221656188,000568
2023-07-10,214.35,216.58,212.1,213.0,3977822.0,852086963.0,1464519180.0,0.0027161283063564,000568
2023-07-11,214.24,214.49,210.3,212.43,3355463.0,711732025.0,1464519180.0,0.002291170403108,000568
2023-07-12,212.43,215.61,211.81,213.85,3829705.0,821018520.0,1464519180.0,0.0026149913584607,000568
2023-07-13,215.99,227.87,215.8,227.25,10443162.0,2338475731.0,1464519180.0,0.0071307785808581,000568
2023-07-14,228.36,229.99,225.32,228.99,5025760.0,1142234848.0,1464519180.0,0.0034316791945326,000568
2023-07-17,227.13,227.21,220.22,222.99,4873006.0,1085353276.0,1464519180.0,0.0033273760197527,000568
2023-07-18,223.99,224.0,220.88,222.3,2988277.0,664492621.0,1464519180.0,0.0020404492073637,000568
2023-07-19,221.0,222.97,218.7,221.15,4043415.0,891879587.0,1464519180.0,0.0027609163848574,000568
2023-07-20,222.78,227.36,221.69,222.24,5904047.0,1325949956.0,1464519180.0,0.0040313893328457,000568
2023-07-21,222.31,230.3,220.49,226.95,7107610.0,1611673986.0,1464519180.0,0.0048532037661671,000568
2023-07-24,226.02,227.49,221.03,223.07,5227138.0,1168852338.0,1464519180.0,0.0035691837098371,000568
2023-07-25,234.22,240.72,234.22,238.76,13488695.0,3215186972.0,1464519180.0,0.0092103232133839,000568
2023-07-26,238.11,241.77,235.0,237.7,7372092.0,1752337391.0,1464519180.0,0.0050337968260681,000568
2023-07-27,237.73,244.3,235.9,239.77,7609299.0,1832446992.0,1464519180.0,0.0051957660260891,000568
2023-07-28,238.51,246.21,238.0,244.97,9510828.0,2313427340.0,1464519180.0,0.0064941641802192,000568
2023-07-31,247.0,254.8,240.99,241.11,10613901.0,2610152205.0,1464519180.0,0.0072473622366625,000568
2023-08-01,240.41,243.47,236.8,237.59,7081244.0,1692895189.0,1464519180.0,0.0048352005878134,000568
2023-08-02,236.4,240.5,235.67,237.42,4147739.0,984230268.0,1464519180.0,0.002832150685797,000568
2023-08-03,237.35,239.52,234.5,237.88,4575146.0,1084149966.0,1464519180.0,0.003123991861957,000568
2023-08-04,242.0,243.44,238.8,239.9,5382400.0,1298302063.0,1464519180.0,0.0036751993920625,000568
2023-08-07,237.5,238.48,233.89,235.21,5693102.0,1340377518.0,1464519180.0,0.0038873522981105,000568
2023-08-08,234.99,237.91,233.04,235.9,3884026.0,915342777.0,1464519180.0,0.0026520827129078,000568
2023-08-09,235.01,237.77,234.5,237.3,4036682.0,953723001.0,1464519180.0,0.0027563189715275,000568
2023-08-10,236.5,238.42,234.53,237.0,4115066.0,974117236.0,1464519180.0,0.0028098409745647,000568
2023-08-11,238.9,239.31,232.68,232.68,4147354.0,973863951.0,1464519180.0,0.0028318878008821,000568
2023-08-14,230.0,230.31,225.6,229.9,4943138.0,1128152541.0,1464519180.0,0.0033752634089776,000568
2023-08-15,232.09,232.09,227.16,229.33,3135484.0,717508538.0,1464519180.0,0.0021409647909152,000568
2023-08-16,228.01,231.59,227.32,229.68,2932687.0,674118040.0,1464519180.0,0.0020024913569243,000568
2023-08-17,228.28,235.12,227.12,235.07,4336506.0,1008108875.0,1464519180.0,0.0029610441837982,000568
2023-08-18,235.0,235.29,229.58,229.7,4139405.0,959168072.0,1464519180.0,0.002826460080912,000568
2023-08-21,228.02,232.68,226.08,228.9,3765777.0,865096216.0,1464519180.0,0.0025713401718644,000568
2023-08-22,230.24,230.87,225.8,228.83,4746465.0,1083230811.0,1464519180.0,0.0032409715521786,000568
2023-08-23,228.83,229.41,224.48,224.48,4059179.0,921093823.0,1464519180.0,0.002771680327191,000568
2023-08-24,225.87,235.1,224.11,233.3,7067245.0,1631358664.0,1464519180.0,0.0048256418191805,000568
2023-08-25,233.3,233.83,229.6,231.6,4925393.0,1139143465.0,1464519180.0,0.0033631468042637,000568
2023-08-28,240.5,241.47,226.19,228.29,9000703.0,2075561311.0,1464519180.0,0.00614584166798,000568
2023-08-29,229.0,235.48,228.49,233.85,6640487.0,1547753789.0,1464519180.0,0.0045342437918771,000568
2023-08-30,235.52,235.8,233.02,233.26,5196311.0,1217004961.0,1464519180.0,0.0035481344805603,000568
2023-08-31,234.23,235.0,232.02,232.3,3831586.0,893542260.0,1464519180.0,0.0026162757390449,000568
2023-09-01,236.47,241.2,236.0,237.8,6076764.0,1449373598.0,1464519180.0,0.0041493236025765,000568
2023-09-04,240.54,245.0,239.23,241.18,7420132.0,1798867077.0,1464519180.0,0.0050665994009037,000568
2023-09-05,239.89,242.47,237.6,238.08,4766435.0,1141658439.0,1464519180.0,0.0032546074268552,000568
2023-09-06,237.51,238.98,236.5,238.09,2682478.0,637295933.0,1464519180.0,0.0018316441577774,000568
2023-09-07,237.91,238.09,232.5,233.57,4760734.0,1116080606.0,1464519180.0,0.0032507146816609,000568
2023-09-08,232.99,234.88,231.5,233.3,2747014.0,640619745.0,1464519180.0,0.0018757104976938,000568
2023-09-11,232.67,237.5,232.0,235.39,4269187.0,1003697121.0,1464519180.0,0.002915077561497,000568
2023-09-12,235.02,235.66,232.01,233.09,3279212.0,766080822.0,1464519180.0,0.0022391048507811,000568
2023-09-13,234.98,236.2,231.01,232.23,3640881.0,848373503.0,1464519180.0,0.0024860589398358,000568
2023-09-14,232.29,233.69,231.1,232.24,2786985.0,647388597.0,1464519180.0,0.0019030034144039,000568
2023-09-15,232.99,234.12,225.71,226.6,6947380.0,1587897202.0,1464519180.0,0.0047437958443125,000568
2023-09-18,225.0,228.8,224.18,227.33,5673193.0,1288494681.0,1464519180.0,0.0038737580753295,000568
2023-09-19,226.5,227.65,223.8,227.39,3820160.0,863619270.0,1464519180.0,0.0026084738610251,000568
2023-09-20,227.0,227.96,226.05,227.15,2582861.0,586857548.0,1464519180.0,0.0017636238809791,000568
2023-09-21,226.55,227.24,220.62,220.68,5715886.0,1274276673.0,1464519180.0,0.0039029096225288,000568
2023-09-22,221.9,227.99,220.21,227.0,5836218.0,1313776558.0,1464519180.0,0.0039850744733845,000568
2023-09-25,227.95,228.0,224.08,225.3,3590723.0,810130643.0,1464519180.0,0.0024518101565593,000568
2023-09-26,224.26,226.18,221.81,222.44,3409454.0,761742299.0,1464519180.0,0.002328036427628,000568
2023-09-27,222.99,225.1,220.4,222.11,4023652.0,894344102.0,1464519180.0,0.0027474218534987,000568
2023-09-28,222.98,223.88,216.0,216.65,7090457.0,1544838085.0,1464519180.0,0.0048414913896859,000568
2023-10-09,216.2,216.6,210.34,214.95,6499790.0,1388825897.0,1464519180.0,0.0044381733532503,000568
2023-10-10,218.59,218.8,210.41,211.29,7675118.0,1631832868.0,1464519180.0,0.0052407084214492,000568
2023-10-11,212.9,213.86,209.25,210.13,4977156.0,1049244364.0,1464519180.0,0.0033984915103672,000568
2023-10-12,213.0,213.48,209.2,209.98,4574850.0,961940361.0,1464519180.0,0.0031237897478406,000568
2023-10-13,208.67,208.67,203.41,205.15,8832665.0,1810385284.0,1464519180.0,0.0060311023034877,000568
2023-10-16,203.1,206.33,202.05,203.44,5175580.0,1056380884.0,1464519180.0,0.0035339789814155,000568
2023-10-17,203.9,205.38,201.0,203.84,5192192.0,1057597273.0,1464519180.0,0.0035453219533799,000568
2023-10-18,203.0,208.39,202.5,204.21,5099166.0,1045896437.0,1464519180.0,0.0034818021297611,000568
2023-10-19,202.01,203.0,197.0,197.81,8627754.0,1717078751.0,1464519180.0,0.0058911853923278,000568
2023-10-20,196.92,200.5,196.22,197.0,4915478.0,974356751.0,1464519180.0,0.0033563766641827,000568
2023-10-23,197.0,201.3,195.41,197.59,5097095.0,1006217952.0,1464519180.0,0.0034803880137643,000568
2023-10-24,197.7,200.77,195.22,198.8,5649912.0,1119484536.0,1464519180.0,0.0038578613903847,000568
2023-10-25,208.0,208.44,204.05,206.05,9021455.0,1863232031.0,1464519180.0,0.006160011506302,000568
2023-10-26,205.57,207.25,203.5,206.06,5373854.0,1103055292.0,1464519180.0,0.0036693640297698,000568
2023-10-27,206.0,209.88,205.2,208.96,5851674.0,1219325754.0,1464519180.0,0.0039956281077862,000568
2023-10-30,209.6,212.0,208.91,211.16,6211247.0,1308985576.0,1464519180.0,0.004241151010395,000568
2023-10-31,214.5,218.1,211.7,214.61,7293514.0,1560934292.0,1464519180.0,0.0049801423563466,000568
2023-11-01,228.6,229.3,220.02,221.93,13943438.0,3126311596.0,1464519180.0,0.0095208299013195,000568
2023-11-02,222.0,224.8,218.44,218.44,5770867.0,1272176688.0,1464519180.0,0.00394045163683,000568
2023-11-03,218.02,222.0,217.03,221.28,4608450.0,1015519605.0,1464519180.0,0.0031467324313226,000568
2023-11-06,222.0,224.8,218.56,220.6,5606272.0,1234491458.0,1464519180.0,0.0038280632145766,000568
2023-11-07,220.0,220.59,217.0,219.75,3904918.0,854089095.0,1464519180.0,0.0026663481457443,000568
2023-11-08,219.0,219.84,215.2,216.9,6574031.0,1425337073.0,1464519180.0,0.004488866441476,000568
2023-11-09,216.0,217.63,214.5,215.73,3710249.0,800388231.0,1464519180.0,0.0025334246561386,000568
2023-11-10,213.53,214.68,210.73,212.07,4952663.0,1049829269.0,1464519180.0,0.003381767250054,000568
2023-11-13,212.87,212.99,207.37,209.21,5559436.0,1162975445.0,1464519180.0,0.0037960827525659,000568
2023-11-14,208.82,210.5,208.32,209.58,3756805.0,787111660.0,1464519180.0,0.0025652139291204,000568
2023-11-15,213.0,214.0,210.88,211.9,5432677.0,1153558159.0,1464519180.0,0.0037095294306763,000568
2023-11-16,211.92,213.18,209.8,210.64,3151283.0,665256379.0,1464519180.0,0.0021517526318774,000568
2023-11-17,209.53,210.58,206.75,208.3,4627906.0,961691181.0,1464519180.0,0.0031600173375674,000568
2023-11-20,208.19,210.44,205.71,208.87,4185619.0,870587356.0,1464519180.0,0.0028580158301511,000568
2023-11-21,210.8,215.08,207.1,213.07,7252392.0,1543562409.0,1464519180.0,0.0049520635161637,000568
2023-11-22,211.49,213.43,210.1,210.75,3030051.0,640752237.0,1464519180.0,0.002068973244857,000568
2023-11-23,210.01,210.99,207.99,209.7,3528803.0,737628527.0,1464519180.0,0.0024095300684283,000568
2023-11-24,209.6,210.93,208.33,210.36,3427614.0,720189859.0,1464519180.0,0.0023404364017957,000568
2023-11-27,209.8,210.36,205.0,206.5,5174405.0,1068058869.0,1464519180.0,0.0035331766703116,000568
2023-11-28,206.15,207.95,204.87,206.3,4487087.0,924359432.0,1464519180.0,0.0030638635951493,000568
2023-11-29,206.25,206.49,201.9,205.35,4763099.0,973664082.0,1464519180.0,0.0032523295461381,000568
2023-11-30,206.0,208.0,204.78,207.5,3965417.0,820926404.0,1464519180.0,0.0027076579495531,000568
2023-12-01,207.01,207.2,201.28,202.0,7351532.0,1492204514.0,1464519180.0,0.0050197580887947,000568
2023-12-04,202.06,202.2,197.12,198.43,6222750.0,1240686652.0,1464519180.0,0.0042490054653978,000568
2023-12-05,197.99,197.99,192.0,192.61,7684263.0,1500961556.0,1464519180.0,0.0052469527917005,000568
2023-12-06,191.84,194.4,191.11,191.47,6104318.0,1175702070.0,1464519180.0,0.0041681379686676,000568
2023-12-07,191.11,192.8,187.07,189.0,8064110.0,1522027054.0,1464519180.0,0.0055063191456461,000568
2023-12-08,188.36,192.23,188.1,190.0,7039503.0,1340264681.0,1464519180.0,0.0048066990833127,000568
2023-12-11,183.0,184.0,174.03,181.55,19106023.0,3446298040.0,1464519180.0,0.0130459356633349,000568
2023-12-12,180.97,185.35,180.41,184.46,10652080.0,1951893207.0,1464519180.0,0.0072734315435868,000568
2023-12-13,184.27,184.87,174.06,174.3,17463383.0,3083055575.0,1464519180.0,0.0119243115682513,000568
2023-12-14,176.0,177.0,169.06,169.52,15917700.0,2733669728.0,1464519180.0,0.0108688914541904,000568
2023-12-15,170.5,176.6,170.1,172.05,12677677.0,2190649203.0,1464519180.0,0.008656545556474,000568
2023-12-18,171.0,174.8,169.6,172.76,7740113.0,1337740859.0,1464519180.0,0.0052850881748097,000568
2023-12-19,172.5,173.3,169.02,172.06,6964525.0,1192958707.0,1464519180.0,0.0047555027582499,000568
2023-12-20,172.06,173.82,169.2,169.32,6675279.0,1141967918.0,1464519180.0,0.0045580003943683,000568
2023-12-21,168.01,172.2,168.0,170.76,8313829.0,1416500538.0,1464519180.0,0.0056768317639923,000568
2023-12-22,170.5,172.8,169.15,170.48,7263875.0,1240278321.0,1464519180.0,0.0049599043148072,000568
2023-12-25,169.86,173.12,169.86,173.09,6259911.0,1076971893.0,1464519180.0,0.0042743796636381,000568
2023-12-26,173.0,173.66,169.65,171.14,5284133.0,903699860.0,1464519180.0,0.0036081009195113,000568
2023-12-27,171.23,172.0,169.61,170.27,5289989.0,902206159.0,1464519180.0,0.0036120995014896,000568
2023-12-28,171.0,181.37,169.74,179.49,14550131.0,2574498500.0,1464519180.0,0.0099350907783945,000568
2023-12-29,179.46,181.88,178.5,179.42,7837028.0,1409387165.0,1464519180.0,0.0053512634774779,000568
2024-01-02,179.35,179.35,172.22,172.87,11708435.0,2033049619.0,1464519180.0,0.0079947297105388,000568
2024-01-03,172.41,173.96,169.09,170.6,8530447.0,1455270131.0,1464519180.0,0.0058247424250189,000568
2024-01-04,170.11,170.56,163.8,165.0,12494978.0,2071658718.0,1464519180.0,0.0085317953978588,000568
2024-01-05,164.0,166.8,162.98,163.1,8059837.0,1329231479.0,1464519180.0,0.0055034014644997,000568
2024-01-08,162.72,165.27,160.02,160.16,8093736.0,1305199030.0,1464519180.0,0.005526548310552,000568
2024-01-09,160.6,161.7,157.81,159.8,7767000.0,1241327530.0,1464519180.0,0.0053034471013209,000568
2024-01-10,159.0,163.88,157.8,160.51,7106873.0,1143986584.0,1464519180.0,0.00485270052933,000568
2024-01-11,160.3,163.0,158.33,161.76,7432187.0,1198260185.0,1464519180.0,0.0050748307714208,000568
2024-01-12,161.0,161.85,158.75,159.48,7058674.0,1130296530.0,1464519180.0,0.0048197893864387,000568
2024-01-15,158.73,160.28,157.31,158.25,8316494.0,1318959844.0,1464519180.0,0.0056786514738577,000568
2024-01-16,158.0,160.5,157.15,158.7,7218562.0,1145707382.0,1464519180.0,0.0049289637845507,000568
2024-01-17,158.27,158.41,153.8,153.8,10084599.0,1569095092.0,1464519180.0,0.0068859453243896,000568
2024-01-18,153.0,156.88,152.01,156.63,8876219.0,1366280019.0,1464519180.0,0.0060608417569512,000568
2024-01-19,156.63,158.5,155.08,157.8,7425837.0,1168824263.0,1464519180.0,0.0050704948773699,000568
2024-01-22,157.89,157.96,153.5,154.21,7862988.0,1224811063.0,1464519180.0,0.0053689894317396,000568
2024-01-23,153.23,155.99,152.26,153.58,7641537.0,1173200795.0,1464519180.0,0.0052177787115085,000568
2024-01-24,153.99,154.33,148.05,151.74,12776821.0,1923356900.0,1464519180.0,0.0087242428603768,000568
2024-01-25,151.0,156.3,150.2,155.8,12170797.0,1866089716.0,1464519180.0,0.0083104387885176,000568
2024-01-26,155.08,157.5,153.75,155.18,8520034.0,1323957257.0,1464519180.0,0.0058176322415934,000568
2024-01-29,155.3,160.94,155.23,156.85,10911918.0,1728877763.0,1464519180.0,0.0074508535968781,000568
2024-01-30,156.01,156.14,149.15,150.0,10044721.0,1517908080.0,1464519180.0,0.0068587159097499,000568
2024-01-31,149.5,150.69,146.69,146.8,8983556.0,1328799102.0,1464519180.0,0.0061341333884066,000568
2024-02-01,146.81,148.8,146.37,146.93,8038203.0,1186615478.0,1464519180.0,0.0054886293807364,000568
2024-02-02,147.46,148.95,140.01,144.21,10827629.0,1572115106.0,1464519180.0,0.0073932995537825,000568
2024-02-05,142.52,147.01,141.14,144.73,12918892.0,1866271828.0,1464519180.0,0.0088212514908818,000568
2024-02-06,143.98,153.66,143.19,153.45,14421104.0,2169139800.0,1464519180.0,0.0098469888253699,000568
2024-02-07,155.69,156.85,152.83,155.8,13747038.0,2130722517.0,1464519180.0,0.0093867244538238,000568
2024-02-08,156.54,157.47,152.2,153.66,11505068.0,1775033374.0,1464519180.0,0.0078558670703104,000568
2024-02-19,160.0,160.5,153.58,155.15,11972115.0,1873501586.0,1464519180.0,0.0081747751504353,000568
2024-02-20,154.95,156.32,151.01,153.37,9012011.0,1379051518.0,1464530500.0,0.0061535154098873,000568
2024-02-21,152.45,165.87,151.53,163.06,16941646.0,2713988994.0,1464530500.0,0.0115679707592296,000568
2024-02-22,161.01,165.8,160.6,165.4,10783604.0,1759632659.0,1467140830.0000002,0.0073500810416406,000568
2024-02-23,164.97,171.8,162.95,169.0,12765675.0,2152436230.0,1467140830.0000002,0.008701056325997,000568
2024-02-26,168.58,173.89,167.51,169.34,10554916.0,1797880492.0,1467140830.0000002,0.0071942077980339,000568
2024-02-27,168.51,170.29,167.14,169.92,6900187.0,1163239527.0,1467140830.0000002,0.0047031524574229,000568
2024-02-28,171.0,173.6,169.01,169.3,8642338.0,1479845803.0,1467140830.0000002,0.005890598791392,000568
2024-02-29,168.58,175.89,168.01,175.75,9594209.0,1662050403.0,1467140830.0000002,0.0065393919955182,000568
2024-03-01,175.76,177.5,173.45,175.82,6044708.0,1060963071.0,1467140830.0000002,0.0041200598309297,000568
2024-03-04,174.59,175.75,169.77,170.6,9553057.0,1639239455.0,1467140830.0000002,0.0065113428817872,000568
2024-03-05,170.26,172.91,169.33,172.5,7689984.0,1317117055.0,1467140830.0000002,0.005241476375516,000568
2024-03-06,172.48,172.96,168.49,168.73,7504580.0,1271872600.0,1467140830.0000002,0.005115105412205,000568
2024-03-07,169.15,169.97,166.72,167.26,5243799.0,881856193.0,1467140830.0000002,0.0035741619977953,000568
2024-03-08,167.44,168.48,163.52,165.83,6994242.0,1155777256.0,1467140830.0000002,0.0047672601409368,000568
2024-03-11,166.71,173.0,166.1,172.9,10423939.0,1778472006.0,1467140830.0000002,0.0071049341595925,000568
2024-03-12,174.42,187.35,173.5,185.97,18061801.0,3290011204.0,1467140830.0000002,0.0123108842932276,000568
2024-03-13,185.0,188.48,183.63,185.56,10430650.0,1944935186.0,1467140830.0000002,0.0071095083626021,000568
2024-03-14,184.98,190.4,183.02,187.02,12137680.0,2263392825.0,1467140830.0000002,0.0082730162993282,000568
2024-03-15,186.87,191.79,185.71,187.6,7671098.0,1444274087.0,1467140830.0000002,0.0052286037189763,000568
2024-03-18,189.78,189.85,184.3,186.2,8414044.0,1568290585.0,1467140830.0000002,0.0057349940973287,000568
2024-03-19,185.31,191.73,184.03,190.74,11043440.0,2090281353.0,1467140830.0000002,0.0075271846943282,000568
2024-03-20,189.01,191.37,188.55,189.2,6526747.0,1236440881.0,1467140830.0000002,0.0044486165653231,000568
2024-03-21,190.21,194.3,188.59,190.3,6164273.0,1174836545.0,1467140830.0000002,0.0042015550749821,000568
2024-03-22,189.33,189.99,181.81,183.14,9547988.0,1758141806.0,1467140830.0000002,0.0065078878624078,000568
2024-03-25,182.5,185.02,179.73,183.2,7152988.0,1303116160.0,1467140830.0000002,0.0048754610694053,000568
2024-03-26,183.0,188.48,182.5,187.31,6833244.0,1273401498.0,1467140830.0000002,0.0046575242541644,000568
2024-03-27,188.18,188.2,184.01,184.45,4560896.0,848527175.0,1467140830.0000002,0.0031086967977027,000568
2024-03-28,184.01,187.66,183.23,185.06,4942679.0,917431823.0,1467140830.0000002,0.0033689192604639,000568
2024-03-29,185.05,186.88,183.18,184.59,3202824.0,591057161.0,1467140830.0000002,0.0021830378751029,000568
2024-04-01,185.99,195.0,185.98,191.35,9172029.0,1762557751.0,1467140830.0000002,0.0062516350253847,000568
2024-04-02,192.9,193.5,190.18,190.97,5921008.0,1135811346.0,1467140830.0000002,0.0040357461798674,000568
2024-04-03,193.0,195.99,190.5,192.57,5712241.0,1104634828.0,1467140830.0000002,0.0038934510465501,000568
2024-04-08,190.5,190.5,180.18,180.3,13822713.0,2526801079.0,1467140830.0000002,0.0094215311286783,000568
2024-04-09,180.0,182.76,177.77,178.19,6885682.0,1234023229.0,1467140830.0000002,0.0046932658809584,000568
2024-04-10,178.01,178.88,173.73,175.7,7959042.0,1397639112.0,1467140830.0000002,0.0054248657233539,000568
2024-04-11,175.01,179.5,173.34,178.24,7182692.0,1266944532.0,1467140830.0000002,0.0048957072512255,000568
2024-04-12,177.97,179.88,170.5,170.86,8887567.0,1540563424.0,1467140830.0000002,0.0060577463446368,000568
2024-04-15,171.0,181.58,171.0,180.94,10051216.0,1799067809.0,1467140830.0000002,0.0068508869731339,000568
2024-04-16,180.6,180.68,176.0,176.3,5798073.0,1031422900.0,1467140830.0000002,0.0039519539511418,000568
2024-04-17,176.01,177.8,174.61,176.9,4694972.0,828134716.0,1467140830.0000002,0.0032000827078065,000568
2024-04-18,176.6,181.78,174.06,178.19,5822460.0,1039986513.0,1467140830.0000002,0.0039685760773217,000568
2024-04-19,176.05,177.47,174.02,175.68,5599170.0,981325098.0,1467140830.0000002,0.0038163820987791,000568
2024-04-22,177.0,181.49,176.0,178.21,7078999.0,1268357475.0,1467140830.0000002,0.0048250303278656,000568
2024-04-23,178.1,181.47,176.35,181.0,7443226.0,1337291907.0,1467140830.0000002,0.0050732866591954,000568
2024-04-24,181.93,182.98,180.05,182.09,6762313.0,1229583671.0,1467140830.0000002,0.0046091778387763,000568
2024-04-25,181.06,182.3,178.24,179.97,5464423.0,984211152.0,1467140830.0000002,0.0037245388365341,000568
2024-04-26,180.0,187.8,179.98,186.42,8698726.0,1605714487.0,1467140830.0000002,0.0059290327295982,000568
2024-04-29,189.95,194.68,184.22,189.0,15696298.0,2983160453.0,1467140830.0000002,0.0106985625912953,000568
2024-04-30,189.0,192.03,186.09,186.1,8067781.0,1524012095.0,1467140830.0000002,0.0054989819893431,000568
2024-05-06,188.66,197.71,188.66,193.55,15205669.0,2958518425.0,1467140830.0000002,0.0103641509315775,000568
2024-05-07,193.56,194.27,190.88,193.62,7435621.0,1433480841.0,1467140830.0000002,0.0050681031077296,000568
2024-05-08,193.63,194.2,189.6,190.97,5503315.0,1052275041.0,1467140830.0000002,0.0037510475391786,000568
2024-05-09,190.32,192.2,189.28,190.56,5463323.0,1039564033.0,1467140830.0000002,0.0037237890789257,000568
2024-05-10,191.0,191.8,185.64,186.94,8328942.0,1561088278.0,1467140830.0000002,0.0056769887591499,000568
2024-05-13,185.0,185.1,179.17,180.78,14152557.0,2558830155.0,1467140830.0000002,0.0096463520819606,000568
2024-05-14,180.32,183.2,178.9,181.93,7703616.0,1395084255.0,1467140830.0000002,0.0052507679170785,000568
2024-05-15,181.78,182.77,180.0,180.82,4642722.0,839447889.0,1467140830.0000002,0.0031644692214039,000568
2024-05-16,180.82,186.8,179.4,185.38,9257543.0,1702407346.0,1467140830.0000002,0.0063099211818677,000568
2024-05-17,184.58,190.12,184.38,189.85,8131801.0,1523526471.0,1467140830.0000002,0.0055426178821565,000568
2024-05-20,190.48,197.45,190.3,192.74,11069872.0,2149452051.0,1467140830.0000002,0.007545200688062,000568
2024-05-21,191.66,192.87,189.9,191.67,4400953.0,842187003.0,1467140830.0000002,0.0029996799966367,000568
2024-05-22,191.15,191.88,185.81,187.01,6859331.0,1286111964.0,1467140830.0000002,0.0046753050966484,000568
2024-05-23,186.51,188.64,183.33,183.65,4797446.0,886462763.0,1467140830.0000002,0.0032699287634166,000568
2024-05-24,183.51,183.63,180.1,181.3,5902297.0,1071190384.0,1467140830.0000002,0.0040229928029472,000568
2024-05-27,181.3,182.0,179.08,180.72,7197809.0,1297706586.0,1467140830.0000002,0.0049060109655594,000568
2024-05-28,180.8,183.43,179.3,180.35,5500677.0,995107440.0,1467140830.0000002,0.0037492494841139,000568
2024-05-29,180.0,181.4,178.26,179.01,5091552.0,914775406.0,1467140830.0000002,0.0034703907735973,000568
2024-05-30,178.51,178.96,173.5,174.1,10324391.0,1805756354.0,1467140830.0000002,0.007037082459221,000568
2024-05-31,174.75,176.77,174.35,174.85,4974678.0,873110646.0,1467140830.0000002,0.0033907297092945,000568
2024-06-03,175.5,176.6,173.01,174.23,6278177.0,1095347565.0,1467140830.0000002,0.0042791917937421,000568
2024-06-04,174.23,175.88,172.86,175.52,5376882.0,939068022.0,1467140830.0000002,0.003664871081258,000568
2024-06-05,174.97,176.53,171.89,171.98,7852435.0,1362188176.0,1467140830.0000002,0.0053522026239294,000568
2024-06-06,171.98,172.47,167.38,168.98,10991394.0,1859322332.0,1467140830.0000002,0.007491710253882,000568
2024-06-07,169.67,170.51,165.53,166.18,8792197.0,1468307293.0,1467140830.0000002,0.0059927423599818,000568
2024-06-11,165.0,165.62,157.88,159.41,16667945.0,2664672325.0,1467140830.0000002,0.0113608350740262,000568
2024-06-12,158.37,161.23,157.58,158.3,9619315.0,1534490956.0,1467140830.0000002,0.006556504190535,000568
2024-06-13,158.53,159.43,155.39,155.89,10873633.0,1702512104.0,1467140830.0000002,0.0074114446123075,000568
2024-06-14,155.41,156.8,151.49,156.0,15498858.0,2388801977.0,1467140830.0000002,0.0105639879165519,000568
2024-06-17,154.11,157.8,152.33,157.24,10623903.0,1649943749.0,1467140830.0000002,0.0072412291872485,000568
2024-06-18,156.9,158.94,153.8,154.18,8669240.0,1351009057.0,1467140830.0000002,0.0059089351361041,000568
2024-06-19,154.07,155.91,152.8,153.33,7712267.0,1188349645.0,1467140830.0000002,0.0052566644198703,000568
2024-06-20,153.0,154.28,150.7,151.56,7486098.0,1136924282.0,1467140830.0000002,0.0051025081211869,000568
2024-06-21,151.34,152.21,147.83,150.09,10141964.0,1517417108.0,1467140830.0000002,0.0069127406126377,000568
2024-06-24,146.01,151.87,145.7,149.5,11597570.0,1724063195.0,1467140830.0000002,0.0079048784975877,000568
2024-06-25,149.35,151.41,148.35,150.39,8095547.0,1215581583.0,1467140830.0000002,0.0055179072345767,000568
2024-06-26,149.31,151.9,148.02,149.32,7907701.0,1182813391.0,1467140830.0000002,0.0053898718093749,000568
2024-06-27,148.8,148.95,146.9,148.18,5600374.0,828964293.0,1467140830.0000002,0.0038172027425615,000568
2024-06-28,146.05,148.5,142.65,143.49,13164234.0,1904233400.0,1467140830.0000002,0.0089727132738852,000568
2024-07-01,142.61,143.96,139.23,143.0,12037281.0,1702014331.0,1467140830.0000002,0.0082045845592069,000568
2024-07-02,142.28,146.55,141.51,143.99,11080352.0,1599850815.0,1467140830.0000002,0.0075523438332774,000568
2024-07-03,144.1,145.66,141.58,142.61,7411027.0,1063472577.0,1467140830.0000002,0.0050513398907997,000568
2024-07-04,142.5,143.39,139.51,139.51,8081792.0,1138483178.0,1467140830.0000002,0.0055085318564816,000568
2024-07-05,139.11,140.39,135.92,137.37,8391987.0,1154001399.0,1467140830.0000002,0.0057199600940831,000568
2024-07-08,137.0,137.37,133.69,134.31,8128816.0,1098469329.0,1467140830.0000002,0.0055405833126462,000568
2024-07-09,134.3,136.9,132.51,135.95,10382736.0,1395010629.0,1467140830.0000002,0.0070768502843724,000568
2024-07-10,135.02,137.27,133.0,133.5,9332737.0,1261295701.0,1467140830.0000002,0.0063611732487875,000568
2024-07-11,135.0,139.2,134.28,136.85,12913766.0,1771407195.0,1467140830.0000002,0.0088019948296306,000568
2024-07-12,136.9,137.93,134.8,136.88,10943936.0,1491746945.0,1467140830.0000002,0.007459362984261,000568
2024-07-15,135.8,138.98,135.45,138.3,8059207.0,1111495990.0,1467140830.0000002,0.005493137969584,000568
2024-07-16,138.0,138.77,136.5,137.57,8052871.0,1107256866.0,1467140830.0000002,0.0054888193657591,000568
2024-07-17,137.4,142.0,136.75,141.52,11459169.0,1605696455.0,1467140830.0000002,0.0078105446768869,000568
2024-07-18,141.5,144.31,140.51,142.9,10992666.0,1569427783.0,1467140830.0000002,0.0074925772463165,000568
2024-07-19,142.22,147.11,141.4,146.98,10743292.0,1561896666.0,1467140830.0000002,0.0073226044700834,000568
2024-07-22,147.0,147.74,142.28,142.3,10666854.0,1540332610.0,1467140830.0000002,0.0072705044954682,000568
2024-07-23,141.9,143.0,135.44,135.44,12454860.0,1722736124.0,1467140830.0000002,0.0084892054977435,000568
2024-07-24,134.95,136.88,133.23,133.98,9110998.0,1228183495.0,1467140830.0000002,0.0062100364284729,000568
2024-07-25,133.12,134.89,130.3,131.56,11499191.0,1516184640.0,1467140830.0000002,0.0078378235850746,000568
2024-07-26,131.53,133.46,129.0,129.83,11522174.0,1503397188.0,1467140830.0000002,0.007853488747907,000568
2024-07-29,129.89,130.44,126.0,126.23,10746206.0,1371108754.0,1467140830.0000002,0.0073245906461481,000568
2024-07-30,125.0,125.67,123.21,125.33,10665891.0,1327700252.0,1467140830.0000002,0.0072698481167619,000568
2024-07-31,125.29,131.3,123.45,130.66,14191851.0,1823517252.0,1467140830.0000002,0.0096731347869311,000568
2024-08-01,130.94,130.94,124.79,124.79,13410805.0,1701948704.0,1467140830.0000002,0.0091407755314123,000568
2024-08-02,123.23,125.78,123.23,123.35,8130939.0,1010650366.0,1467140830.0000002,0.0055420303448306,000568
2024-08-05,123.25,130.19,123.0,126.8,16565741.0,2116471884.0,1467140830.0000002,0.0112911730498291,000568
2024-08-06,127.91,129.42,125.87,126.89,8952838.0,1139087373.0,1467140830.0000002,0.0061022349163304,000568
2024-08-07,126.0,128.29,125.3,127.26,7862813.0,996473856.0,1467140830.0000002,0.0053592762461664,000568
2024-08-08,126.5,132.0,126.2,129.57,12577204.0,1627636373.0,1467140830.0000002,0.008572594902154,000568
2024-08-09,131.16,132.98,129.15,129.15,8282825.0,1081258796.0,1467140830.0000002,0.0056455555122135,000568
2024-08-12,128.41,130.56,128.05,129.06,6332656.0,818247623.0,1467140830.0000002,0.0043163245616986,000568
2024-08-13,128.88,129.0,126.31,127.1,6644347.0,844900212.0,1467140830.0000002,0.0045287724696476,000568
2024-08-14,127.1,127.38,124.77,125.2,5213142.0,654518130.0,1467140830.0000002,0.0035532662532471,000568
2024-08-15,124.93,127.69,124.6,126.54,7180085.0,905745210.0,1467140830.0000002,0.0048939303256934,000568
2024-08-16,126.35,126.36,124.94,125.25,6150454.0,771073943.0,1467140830.0000002,0.0041921360746261,000568
2024-08-19,125.8,129.25,124.78,124.78,8893606.0,1123069199.0,1467140830.0000002,0.0060618625139074,000568
2024-08-20,124.91,125.5,123.6,123.85,5778169.0,717775339.0,1467140830.0000002,0.0039383874280153,000568
2024-08-21,123.98,124.37,122.84,123.14,5812649.0,717818477.0,1467140830.0000002,0.0039618889210519,000568
2024-08-22,123.1,123.48,120.34,122.5,12333557.0,1496892597.0,1467140830.0000002,0.0084065256366697,000568
2024-08-23,117.1,119.49,117.1,118.21,8012162.0,947492927.0,1467140830.0000002,0.005461072199865,000568
2024-08-26,118.4,119.99,117.51,118.53,5882754.0,697151826.0,1467140830.0000002,0.0040096723366358,000568
2024-08-27,118.0,119.4,116.47,118.75,5223446.0,616641009.0,1467140830.0000002,0.003560289437245,000568
2024-08-28,117.44,117.83,111.25,112.94,16501518.0,1867574088.0,1467140830.0000002,0.0112473987926571,000568
2024-08-29,112.71,116.5,112.0,115.28,11544537.0,1326663564.0,1467140830.0000002,0.0078687313200873,000568
2024-08-30,114.35,121.36,113.08,119.28,16309388.0,1928777281.0,1467140830.0000002,0.0111164434023692,000568
2024-09-02,116.0,116.0,112.5,112.5,16404147.0,1866603856.0,1467140830.0000002,0.0111810309307525,000568
2024-09-03,113.9,115.23,112.57,114.23,9071580.0,1035826498.0,1467140830.0000002,0.006183169205372,000568
2024-09-04,114.39,115.94,112.63,112.69,6733833.0,764944963.0,1467140830.0000002,0.004589765932695,000568
2024-09-05,112.5,113.63,112.22,113.4,5006785.0,565821127.0,1467140830.0000002,0.0034126137706903,000568
2024-09-06,113.46,113.57,110.55,110.6,6750540.0,755045041.0,1467140830.0000002,0.0046011533875722,000568
2024-09-09,109.26,109.52,107.2,107.9,9309617.0,1006077442.0,1467140830.0000002,0.006345414707053,000568
2024-09-10,107.9,109.12,106.6,107.19,7824236.0,840537509.0,1467140830.0000002,0.0053329822468372,000568
2024-09-11,106.5,107.63,105.8,105.93,8205586.0,872407832.0,1467140830.0000002,0.0055929095777397,000568
2024-09-12,105.93,106.3,102.53,102.6,13941480.0,1452114597.0,1467140830.0000002,0.0095024824576656,000568
2024-09-13,102.5,103.1,100.8,100.82,13941584.0,1419254165.0,1467140830.0000002,0.0095025533438395,000568
2024-09-18,100.3,101.13,98.95,100.02,11815724.0,1179452905.0,1467140830.0000002,0.0080535717896965,000568
2024-09-19,100.48,104.47,98.92,101.5,17948051.0,1831435547.0,1467140830.0000002,0.0122333525405328,000568
2024-09-20,101.0,101.8,99.98,101.37,9624766.0,970342361.0,1467140830.0000002,0.0065602195802839,000568
2024-09-23,101.37,104.8,101.37,102.35,11036004.0,1139868739.0,1467140830.0000002,0.0075221163328949,000568
2024-09-24,104.39,111.0,102.28,110.62,25513672.0,2726384794.0,1467140830.0000002,0.0173900633656279,000568
2024-09-25,113.3,117.43,112.46,112.47,25286986.0,2899963791.0,1467140830.0000002,0.0172355546808686,000568
2024-09-26,113.77,123.72,113.0,123.72,33127300.0,3963935767.0,1467140830.0000002,0.0225794956575504,000568
2024-09-27,131.97,136.09,130.0,136.09,38203545.0,5141654808.0,1467155505.0000002,0.0260391927575529,000568
2024-09-30,149.7,149.7,145.0,149.7,31658417.0,4721294736.0,1467155505.0000002,0.0215780923645172,000568
2024-10-08,164.67,164.67,149.8,159.0,63281173.0,10149858249.0,1467155505.0000002,0.0431318785120872,000568
2024-10-09,152.0,153.0,143.1,143.1,45385953.0,6666379302.0,1467290039.0,0.0309318211080692,000568
2024-10-10,142.2,153.8,142.2,147.29,34967724.0,5193936581.0,1467290039.0,0.0238315009783829,000568
2024-10-11,144.01,147.65,139.26,141.38,18996266.0,2715729761.0,1467290039.0,0.0129464969399959,000568
2024-10-14,141.38,142.75,136.7,141.2,22751059.0,3184141638.0,1467290039.0,0.0155054954339535,000568
2024-10-15,141.2,141.21,134.2,134.39,23013472.0,3168348683.0,1467290039.0,0.015684337375918,000568
2024-10-16,132.0,138.21,131.81,134.99,17861507.0,2409565559.0,1467290039.0,0.0121731263248901,000568
2024-10-17,136.33,136.75,131.08,131.19,13119687.0,1750798396.0,1467290039.0,0.0089414407862684,000568
2024-10-18,130.06,138.29,128.23,135.24,27618586.0,3664082243.0,1467290039.0,0.0188228538774943,000568
2024-10-21,134.77,135.95,131.88,134.21,20400856.0,2727021756.0,1467290039.0,0.0139037650755836,000568
2024-10-22,134.29,138.0,133.82,137.23,18535953.0,2532693925.0,1467290039.0,0.0126327805050954,000568
2024-10-23,137.98,142.38,135.77,140.12,21210019.0,2965343725.0,1467290039.0,0.0144552327326199,000568
2024-10-24,139.0,139.0,135.5,135.64,11259632.0,1541394024.0,1467290039.0,0.0076737602660165,000568
2024-10-25,135.0,139.34,135.0,136.62,11189527.0,1531413858.0,1467290039.0,0.0076259817095371,000568
2024-10-28,139.0,144.0,136.36,142.64,26045310.0,3673449133.0,1467290039.0,0.0177506214229809,000568
2024-10-29,141.28,148.2,139.8,140.0,23408902.0,3351119012.0,1467290039.0,0.0159538341962396,000568
2024-10-30,137.29,140.8,136.0,136.81,12523301.0,1727001290.0,1467290039.0,0.0085349867218719,000568
2024-10-31,136.01,138.2,133.47,135.51,17676653.0,2394547551.0,1467290039.0,0.0120471430529489,000568
2024-11-01,134.99,139.5,134.2,136.53,16284065.0,2235368159.0,1467290039.0,0.0110980546225871,000568
2024-11-04,137.48,137.76,134.94,137.3,13245896.0,1808250251.0,1467290039.0,0.0090274558185016,000568
2024-11-05,137.0,141.12,136.0,141.12,18439714.0,2567349050.0,1467290039.0,0.0125671908824292,000568
2024-11-06,141.0,142.0,138.41,139.9,15475954.0,2169595166.0,1467290039.0,0.0105473039335476,000568
2024-11-07,139.01,153.89,138.87,153.89,37394855.0,5515027483.0,1467290039.0,0.0254856599622837,000568
2024-11-08,155.0,156.0,149.73,151.0,30631107.0,4676432985.0,1467290039.0,0.0208759728382508,000568
2024-11-11,148.0,149.0,143.6,148.1,23607510.0,3451768026.0,1467290039.0,0.0160891912113634,000568
2024-11-12,148.15,151.38,145.68,146.7,20081318.0,2984647599.0,1467290039.0,0.0136859908172524,000568
2024-11-13,145.41,147.68,144.7,145.89,13546499.0,1978045194.0,1467290039.0,0.0092323253344187,000568
2024-11-14,145.0,147.0,143.99,144.61,15178644.0,2203876590.0,1467290039.0,0.0103446786910273,000568
2024-11-15,144.61,148.0,142.7,144.1,16915818.0,2463502208.0,1467290039.0,0.0115286123059409,000568
2024-11-18,144.09,145.58,140.74,142.67,15618163.0,2235039282.0,1467290039.0,0.010644223422006,000568
2024-11-19,143.49,143.82,138.0,141.68,13723759.0,1930522354.0,1467290039.0,0.009353133078824,000568
2024-11-20,141.09,143.03,140.19,142.47,9416792.0,1333457075.0,1467290039.0,0.0064178122591344,000568
2024-11-21,141.92,143.18,140.73,141.68,7631638.0,1079161640.0,1467290039.0,0.0052011789061153,000568
2024-11-22,141.64,142.0,136.18,136.29,11876596.0,1648594920.0,1467290039.0,0.0080942388241756,000568
2024-11-25,136.26,138.25,135.19,136.88,9881632.0,1347686514.0,1467290039.0,0.006734613973618,000568
2024-11-26,136.01,138.88,135.0,136.87,8314489.0,1142022251.0,1467290039.0,0.0056665613334815,000568
2024-11-27,136.13,139.82,135.0,138.87,9932129.0,1366303238.0,1467290039.0,0.0067690291189934,000568
2024-11-28,138.8,138.8,135.99,136.14,7948857.0,1089023947.0,1467290039.0,0.0054173726998224,000568
2024-11-29,136.49,141.51,136.4,138.73,13763029.0,1910116240.0,1467290039.0,0.0093798967035719,000568
2024-12-02,138.55,140.5,136.86,139.02,11169728.0,1548482539.0,1467290039.0,0.0076124881264869,000568
2024-12-03,138.9,138.9,136.8,138.18,8408421.0,1157804272.0,1467290039.0,0.0057305786698658,000568
2024-12-04,138.0,138.68,136.28,137.1,8357038.0,1147832065.0,1467290039.0,0.0056955596902269,000568
2024-12-05,136.5,137.08,135.7,136.3,7008900.0,955376051.0,1467290039.0,0.0047767652023159,000568
2024-12-06,136.1,139.1,136.0,138.21,10118492.0,1394428821.0,1467290039.0,0.0068960408174624,000568
2024-12-09,138.2,140.25,136.81,137.88,9184620.0,1269885313.0,1467290039.0,0.006259580420964,000568
2024-12-10,147.88,150.0,141.0,141.69,33915376.0,4934615475.0,1467290039.0,0.0231142958096507,000568
2024-12-11,140.5,144.1,140.46,141.3,15351492.0,2177743339.0,1467290039.0,0.0104624795316285,000568
2024-12-12,141.0,145.7,140.26,144.91,18159864.0,2597459564.0,1467290039.0,0.0123764651277646,000568
2024-12-13,143.0,143.11,137.73,137.79,21362888.0,2994615724.0,1467290039.0,0.0145594173150384,000568
2024-12-16,137.82,137.84,131.91,132.6,21151916.0,2830112247.0,1467290039.0,0.0144156338813665,000568
2024-12-17,132.85,133.93,131.68,132.0,11912011.0,1581527626.0,1467285764.0,0.0081183988097358,000568
2024-12-18,132.3,132.96,131.0,131.5,9289535.0,1224250357.0,1467285764.0,0.0063311014309002,000568
2024-12-19,130.2,130.63,128.94,129.97,11995399.0,1558287187.0,1467285764.0,0.0081752302750481,000568
2024-12-20,130.0,130.66,128.62,130.32,9595491.0,1244293717.0,1467285764.0,0.0065396197764786,000568
2024-12-23,130.0,131.09,129.11,129.76,9470600.0,1231964284.0,1467285764.0,0.0064545027508356,000568
2024-12-24,129.86,130.19,128.7,130.12,9024317.0,1168449388.0,1467285764.0,0.0061503472748202,000568
2024-12-25,130.55,130.56,129.4,129.55,7222381.0,938141337.0,1467285764.0,0.0049222729322411,000568
2024-12-26,129.75,129.99,129.01,129.29,6460173.0,836105892.0,1467285764.0,0.0044028049330955,000568
2024-12-27,129.45,130.5,128.58,129.55,8157152.0,1054962468.0,1467285764.0,0.0055593478790134,000568
2024-12-30,129.24,130.08,126.32,126.86,14711655.0,1879349693.0,1467285764.0,0.0100264415841493,000568
2024-12-31,127.0,128.85,125.15,125.2,11721767.0,1489825853.0,1467301544.0,0.0079886558069348,000568
2025-01-02,125.2,125.59,120.5,121.05,14946398.0,1833283731.0,1467301544.0,0.010186316548986,000568
2025-01-03,120.98,122.35,118.86,119.74,11343916.0,1370844801.0,1467301544.0,0.0077311415955274,000568
2025-01-06,118.05,118.5,114.98,115.3,17729562.0,2062769652.0,1467301544.0,0.0120831073016304,000568
2025-01-07,115.61,116.12,114.39,116.05,9819438.0,1132561017.0,1467301544.0,0.0066921745159698,000568
2025-01-08,115.73,117.44,114.25,115.61,11938513.0,1382757500.0,1467301544.0,0.0081363732279968,000568
2025-01-09,115.83,118.14,114.61,115.93,9558611.0,1112558153.0,1467301544.0,0.0065144148720394,000568
2025-01-10,115.62,115.78,113.34,113.34,7729478.0,884809306.0,1467301544.0,0.005267818351045,000568
2025-01-13,112.0,116.4,111.97,116.29,12574333.0,1446736381.0,1467301544.0,0.008569699290114,000568
2025-01-14,116.3,121.0,116.3,120.48,14716279.0,1760218169.0,1467301544.0,0.0100294851185681,000568
2025-01-15,119.99,120.4,118.86,119.21,7092818.0,847765763.0,1467301544.0,0.0048339198094648,000568
2025-01-16,119.74,120.48,116.88,117.99,7837196.0,929252944.0,1467301544.0,0.0053412306638995,000568
2025-01-17,117.5,120.27,117.22,118.7,7545791.0,898629087.0,1467301544.0,0.0051426314044688,000568
2025-01-20,119.29,121.1,118.81,119.18,8825968.0,1057759550.0,1467301544.0,0.0060151016920077,000568
2025-01-21,120.06,120.06,117.7,118.3,6653920.0,787458148.0,1467301544.0,0.0045348006530823,000568
2025-01-22,117.77,117.77,115.7,116.49,8029318.0,934256117.0,1467301544.0,0.005472166258417,000568
2025-01-23,117.5,118.31,116.13,116.54,8459461.0,990863848.0,1467301544.0,0.0057653186794438,000568
2025-01-24,115.18,116.26,114.51,114.87,8500157.0,979055089.0,1467301544.0,0.0057930539463809,000568
2025-01-27,114.88,116.15,114.55,115.55,7507490.0,866950004.0,1467301544.0,0.0051165283855245,000568
2025-02-05,115.6,115.92,112.66,113.81,7704719.0,876819603.0,1467301544.0,0.0052509445188725,000568
2025-02-06,113.49,115.0,113.2,114.25,7702120.0,878104669.0,1467301544.0,0.005249173240153,000568
2025-02-07,114.0,116.65,113.33,115.5,11616319.0,1337774917.0,1467301544.0,0.0079167905516768,000568
2025-02-10,115.91,116.27,114.93,115.71,7677833.0,886619960.0,1467301544.0,0.0052326210869168,000568
2025-02-11,115.95,116.45,113.68,114.28,8184639.0,935901932.0,1467301544.0,0.0055780211187455,000568
2025-02-12,114.2,115.99,113.83,115.98,7775887.0,891844034.0,1467301544.0,0.0052994471598538,000568
2025-02-13,116.0,121.87,115.6,120.45,23373329.0,2795205835.0,1467301544.0,0.0159294652797012,000568
2025-02-14,119.9,120.5,119.01,119.86,9459653.0,1132513846.0,1467301544.0,0.0064469727021564,000568
2025-02-17,119.89,122.13,119.8,120.49,9604671.0,1161204034.0,1467322833.0,0.0065457108578913,000568
2025-02-18,120.22,121.5,118.51,118.78,8846745.0,1060957428.0,1467322833.0,0.0060291742219484,000568
2025-02-19,118.78,119.5,117.66,119.0,7401627.0,877773395.0,1467322833.0,0.0050443071105675,000568
2025-02-20,118.4,119.57,117.9,118.0,6342073.0,750706333.0,1467322833.0,0.004322206986334,000568
2025-02-21,118.45,120.45,118.02,119.08,11507032.0,1371130446.0,1467322833.0,0.0078421951469762,000568
2025-02-24,119.08,123.72,118.8,121.85,17295187.0,2109821070.0,1469345363.0,0.0117706751833265,000568
2025-02-25,121.1,121.36,119.5,119.9,8056661.0,970224591.0,1469345363.0,0.0054831635930374,000568
2025-02-26,119.61,121.81,118.12,121.58,10932675.0,1309093803.0,1469345363.0,0.0074405073683143,000568
2025-02-27,121.2,127.99,120.8,127.78,28453938.0,3592804209.0,1469345363.0,0.0193650442683569,000568
2025-02-28,127.0,130.1,126.19,126.46,17523547.0,2251541088.0,1469345363.0,0.0119260913337771,000568
2025-03-03,126.46,130.2,124.35,125.0,11404355.0,1446117499.0,1469345363.0,0.0077615210740621,000568
2025-03-04,124.1,124.99,122.2,123.48,8346613.0,1028264086.0,1469345363.0,0.0056804977306073,000568
2025-03-05,123.55,124.26,122.29,123.73,7712116.0,950391045.0,1469345363.0,0.0052486748141049,000568
2025-03-06,124.0,126.5,122.56,126.18,9968818.0,1246071771.0,1469345363.0,0.0067845302071436,000568
2025-03-07,125.52,132.5,125.01,131.41,21551039.0,2798463034.0,1469345363.0,0.0146671024679988,000568
2025-03-10,131.41,132.78,129.83,132.12,11591899.0,1521876556.0,1469345363.0,0.0078891588675466,000568
2025-03-11,131.0,137.0,130.15,136.83,20269463.0,2718521350.0,1469345363.0,0.0137948936379499,000568
2025-03-12,136.82,138.13,134.62,135.78,12472777.0,1697058688.0,1469345363.0,0.0084886625800036,000568
2025-03-13,135.54,138.12,135.0,135.26,9057499.0,1235748577.0,1469345363.0,0.0061643091053195,000568
2025-03-14,137.0,145.5,136.86,143.61,28768424.0,4094529607.0,1469345363.0,0.019579075637645,000568
2025-03-17,144.8,146.72,141.4,142.94,19066501.0,2733127728.0,1469345363.0,0.0129761875459091,000568
2025-03-18,143.24,143.6,140.56,143.37,11045871.0,1572953967.0,1469345363.0,0.0075175457575524,000568
2025-03-19,142.5,143.27,137.8,139.02,17924444.0,2503920519.0,1469345363.0,0.0121989318858319,000568
2025-03-20,138.0,138.79,134.9,135.16,13324453.0,1813958893.0,1469345363.0,0.0090682921357543,000568
2025-03-21,134.43,137.44,130.68,130.68,14683607.0,1957010656.0,1469345363.0,0.0099932986279142,000568
2025-03-24,131.45,133.49,129.92,132.75,12375106.0,1631357989.0,1469345363.0,0.0084221901205945,000568
2025-03-25,132.76,133.0,130.51,131.58,8309676.0,1091703473.0,1469345363.0,0.0056553593248042,000568
2025-03-26,131.5,133.2,131.21,132.11,6419199.0,849794823.0,1469345363.0,0.0043687475808231,000568
2025-03-27,131.83,134.53,130.88,134.12,7732756.0,1028234856.0,1469345363.0,0.0052627218860321,000568
2025-03-28,134.16,134.6,131.63,132.3,6700212.0,889360403.0,1469345363.0,0.0045599980567672,000568
2025-03-31,132.3,132.3,129.13,129.72,9044328.0,1177225906.0,1469345363.0,0.0061553452494884,000568
2025-04-01,129.72,131.7,129.27,130.89,5435270.0,710790599.0,1469345363.0,0.0036991099144333,000568
2025-04-02,130.52,131.95,129.41,129.71,5768268.0,751703363.0,1469345363.0,0.0039257400916437,000568
2025-04-03,128.17,132.98,128.08,132.58,8646909.0,1139812266.0,1469345363.0,0.0058848717379455,000568
2025-04-07,127.3,129.67,120.8,125.56,19007423.0,2399791433.0,1469345363.0,0.0129359805248182,000568
2025-04-08,125.5,129.2,125.3,129.0,14687467.0,1872162359.0,1469345363.0,0.0099959256481486,000568
2025-04-09,127.55,132.5,127.17,131.67,12679511.0,1650133238.0,1469345363.0,0.0086293606113894,000568
2025-04-10,132.68,133.5,129.73,132.8,9945993.0,1314689315.0,1469345363.0,0.0067689960784257,000568
2025-04-11,131.91,132.68,128.4,130.17,11423449.0,1485622114.0,1469345363.0,0.0077745159767452,000568
2025-04-14,130.01,131.87,128.98,129.47,8376681.0,1089875358.0,1469345363.0,0.0057009612654285,000568
2025-04-15,129.0,130.76,128.61,130.21,6460269.0,838970577.0,1469345363.0,0.0043966988038876,000568
2025-04-16,129.95,131.38,129.1,131.0,6607019.0,859491802.0,1469345363.0,0.0044965732130601,000568
2025-04-17,130.43,133.3,129.9,132.33,8068659.0,1065566460.0,1469345363.0,0.0054913291341703,000568
2025-04-18,132.2,133.12,131.0,131.8,5344236.0,705930207.0,1469345363.0,0.003637154432562,000568
2025-04-21,131.58,131.65,129.13,129.6,8084330.0,1049070246.0,1469345363.0,0.0055019944279771,000568
2025-04-22,129.31,130.33,127.91,129.14,8077469.0,1043397052.0,1469345363.0,0.0054973250015966,000568
2025-04-23,129.29,129.75,128.0,128.65,6976609.0,896879538.0,1469345363.0,0.004748106997633,000568
2025-04-24,128.6,128.8,126.51,126.55,8419231.0,1073144321.0,1469345363.0,0.0057299197397746,000568
2025-04-25,126.0,127.54,125.01,125.36,7813031.0,983745072.0,1469345363.0,0.0053173550594313,000568
2025-04-28,125.36,127.91,125.31,125.6,7899515.0,997646979.0,1469345363.0,0.0053762139241868,000568
2025-04-29,124.88,125.29,123.2,123.6,8002169.0,992239046.0,1469345363.0,0.0054460776897691,000568
2025-04-30,123.64,125.18,123.46,123.74,5804209.0,719742515.0,1469345363.0,0.0039502006445573,000568
2025-05-06,123.87,125.66,123.5,125.47,6655137.0,830876551.0,1469345363.0,0.0045293211300657,000568
2025-05-07,126.53,127.89,125.51,125.87,6533192.0,826388322.0,1469345363.0,0.0044463283884879,000568
2025-05-08,125.18,128.33,124.32,127.18,6790272.0,860485477.0,1469345363.0,0.0046212906584032,000568
2025-05-09,126.69,126.88,126.0,126.36,4089982.0,516838213.0,1469345363.0,0.0027835402778618,000568
2025-05-12,126.68,127.2,125.8,126.59,5825960.0,736420642.0,1469345363.0,0.003965003835521,000568
2025-05-13,127.16,127.16,125.9,126.0,4992654.0,629994847.0,1469345363.0,0.0033978764460156,000568
2025-05-14,126.0,131.7,125.36,130.14,14811002.0,1911369040.0,1469345363.0,0.0100800005042789,000568
2025-05-15,129.4,131.44,128.23,128.29,6572902.0,850790656.0,1469345363.0,0.0044733540292936,000568
2025-05-16,128.01,128.49,125.79,126.29,6655706.0,842457931.0,1469345363.0,0.0045297083773489,000568
2025-05-19,123.28,124.39,122.51,122.98,13275845.0,1632175092.0,1469345363.0,0.0090352107369055,000568
2025-05-20,122.78,123.18,121.59,122.67,7618359.0,932662240.0,1469345363.0,0.0051848661259905,000568
2025-05-21,122.69,123.39,122.54,122.69,5774194.0,709632020.0,1469345363.0,0.0039297731802213,000568
2025-05-22,122.7,122.88,121.9,122.1,6158770.0,752066475.0,1469345363.0,0.0041915060645956,000568
2025-05-23,121.91,123.15,121.62,121.84,5725861.0,701368837.0,1469345363.0,0.0038968789395498,000568
2025-05-26,121.5,121.89,119.3,119.51,9716283.0,1167391987.0,1469345363.0,0.0066126611514681,000568
2025-05-27,119.41,120.38,118.8,119.18,6096410.0,727587934.0,1469345363.0,0.0041490653957302,000568
2025-05-28,119.2,119.49,118.41,119.0,5902907.0,701675421.0,1469345363.0,0.0040173720546869,000568
2025-05-29,119.01,119.51,118.2,119.09,6133079.0,729378079.0,1469345363.0,0.0041740214073823,000568
2025-05-30,118.66,118.89,116.6,116.92,11247530.0,1317539135.0,1469345363.0,0.0076547898698476,000568
2025-06-03,116.01,116.07,114.9,115.4,11254024.0,1297351625.0,1469345363.0,0.0076592095251332,000568
2025-06-04,115.36,116.0,114.58,114.99,8955388.0,1031072038.0,1469345363.0,0.0060948148920656,000568
2025-06-05,115.0,116.4,115.0,116.25,8063374.0,933659983.0,1469345363.0,0.0054877322942897,000568
2025-06-06,116.25,116.95,115.8,116.14,6849326.0,795434429.0,1469345363.0,0.0046614813456895,000568
2025-06-09,115.81,116.89,115.4,116.25,7539407.0,876567222.0,1469345363.0,0.0051311333535681,000568
2025-06-10,116.24,116.24,114.53,115.28,11626036.0,1340067174.0,1469345363.0,0.0079123916628169,000568
2025-06-11,115.1,116.38,115.1,115.18,8678323.0,1002261976.0,1469345363.0,0.0059062513269727,000568
2025-06-12,115.0,115.0,113.13,113.17,16566381.0,1881159613.0,1469345363.0,0.0112746679012046,000568
2025-06-13,112.05,112.44,108.48,109.08,21226937.0,2328324173.0,1469345363.0,0.0144465266876811,000568
2025-06-16,107.61,109.2,106.75,108.8,15101436.0,1629581339.0,1469345363.0,0.0102776626790906,000568
2025-06-17,108.66,110.48,108.1,109.98,10087128.0,1105573927.0,1469345363.0,0.0068650490579048,000568
2025-06-18,111.7,112.0,109.93,110.32,11154869.0,1235651927.0,1469345363.0,0.0075917270921417,000568
2025-06-19,109.99,111.98,109.98,111.01,11736260.0,1306311432.0,1469345363.0,0.0079874073825896,000568
2025-06-20,111.01,114.68,111.01,114.1,17573822.0,1998163931.0,1469345363.0,0.0119603072514681,000568
2025-06-23,112.8,114.4,111.68,113.76,8797145.0,998393452.0,1469345363.0,0.0059871186322313,000568
2025-06-24,113.81,114.76,113.46,114.23,7392221.0,843096904.0,1469345363.0,0.0050309622136126,000568
2025-06-25,114.23,115.28,112.72,113.7,9476505.0,1075018948.0,1469345363.0,0.0064494741934949,000568
2025-06-26,113.73,114.4,113.15,113.89,6536483.0,744513203.0,1469345363.0,0.0044485681614391,000568
2025-06-27,113.22,113.73,112.8,112.82,7530734.0,852899209.0,1469345363.0,0.0051252307249429,000568
2025-06-30,112.95,113.7,111.88,113.4,9250534.0,1043486207.0,1469164883.0,0.0062964573323523,000568
2025-07-01,113.01,113.19,112.2,112.5,6346328.0,714049664.0,1469164883.0,0.0043196839738239,000568
2025-07-02,112.5,114.25,112.5,112.8,9388593.0,1064564219.0,1469164883.0,0.0063904284050328,000568
2025-07-03,112.81,113.92,112.42,112.9,6967431.0,788405295.0,1469164883.0,0.0047424431938317,000568
2025-07-04,112.6,114.37,112.5,113.93,8534074.0,969681216.0,1469164883.0,0.0058087925315595,000568
2025-07-07,113.93,114.27,113.05,113.23,6312691.0,717085195.0,1469164883.0,0.0042967886539117,000568
2025-07-08,113.05,114.06,112.8,114.0,7544394.0,856436371.0,1469164883.0,0.0051351581345958,000568
2025-07-09,113.9,115.67,113.66,114.36,10173927.0,1169276359.0,1469164883.0,0.0069249728997231,000568
2025-07-10,114.1,116.89,113.8,116.66,12748565.0,1471198005.0,1469164883.0,0.0086774229002586,000568
2025-07-11,115.89,119.58,115.88,119.1,18551460.0,2198987075.0,1469164883.0,0.0126272144227395,000568
2025-07-14,118.5,120.55,117.96,119.97,10903174.0,1301588787.0,1469164883.0,0.007421341284537,000568
2025-07-15,118.82,119.78,118.36,118.95,9361363.0,1113626931.0,1469164883.0,0.0063718940660249,000568
2025-07-16,118.7,121.54,118.59,120.69,8893021.0,1072314282.0,1469164883.0,0.0060531129643125,000568
2025-07-17,120.11,121.5,119.48,120.65,8205666.0,987642178.0,1469164883.0,0.0055852587377695,000568
2025-07-18,120.66,125.88,120.14,124.8,17373392.0,2160435042.0,1469164883.0,0.0118253520765647,000568
2025-07-21,124.5,125.01,123.35,123.75,8426000.0,1044954659.0,1469164883.0,0.0057352310128692,000568
2025-07-22,123.73,129.66,123.73,129.38,16783030.0,2140625274.0,1469164883.0,0.0114235169885965,000568
2025-07-23,129.38,130.75,128.0,128.38,11075931.0,1431571792.0,1469164883.0,0.007538929856112,000568
2025-07-24,128.39,128.58,127.0,128.19,8364228.0,1069421963.0,1469164883.0,0.005693185357739,000568
2025-07-25,128.2,128.39,124.0,124.83,12016007.0,1513338201.0,1469164883.0,0.008178800854172,000568
2025-07-28,124.6,124.99,122.39,124.04,11167554.0,1378012875.0,1469164883.0,0.0076012938569536,000568
2025-07-29,123.88,124.61,122.69,124.3,7359086.0,909548527.0,1469164883.0,0.0050090266144756,000568
2025-07-30,124.3,128.13,124.3,127.09,13282781.0,1684252981.0,1469164883.0,0.0090410417194813,000568
2025-07-31,126.63,126.63,122.7,122.9,11087839.0,1374424288.0,1469164883.0,0.0075470351410516,000568
2025-08-01,122.7,123.28,121.77,123.06,6948094.0,851642310.0,1469164883.0,0.0047292812946986,000568
2025-08-04,123.3,124.3,122.62,124.05,5902249.0,729247236.0,1469164883.0,0.0040174176964723,000568
2025-08-05,124.09,127.49,124.08,127.01,9419227.0,1189113092.0,1469164883.0,0.0064112797065814,000568
2025-08-06,126.86,127.99,126.28,127.58,5604391.0,712686021.0,1469164883.0,0.0038146780288921,000568
2025-08-07,127.18,129.49,127.18,128.4,9411529.0,1206534783.0,1469164883.0,0.0064060399951718,000568
2025-08-08,123.86,123.86,120.88,122.15,8089915.0,990279509.0,1469164883.0,0.0055064718015043,000568
2025-08-11,122.22,126.2,122.22,126.08,11393331.0,1423819176.0,1469164883.0,0.0077549709578785,000568
2025-08-12,126.08,130.69,125.02,125.43,17352522.0,2217883734.0,1469164883.0,0.0118111467274977,000568
2025-08-13,125.4,126.61,124.01,125.76,9070610.0,1135600355.0,1469164883.0,0.0061739904791884,000568
2025-08-14,125.76,127.63,124.53,124.68,8695593.0,1095877193.0,1469164883.0,0.005918731859588,000568
2025-08-15,123.9,125.19,123.16,124.7,8648937.0,1073216766.0,1469164883.0,0.0058869750428141,000568
2025-08-18,124.66,126.11,124.2,124.83,10087155.0,1261033542.0,1469164883.0,0.0068659107746996,000568
2025-08-19,124.8,128.57,124.25,126.4,15026308.0,1912980891.0,1469164883.0,0.0102277887076341,000568
2025-08-20,125.7,132.5,125.68,130.31,22875087.0,2988813923.0,1469164883.0,0.0155701291697699,000568
2025-08-21,130.45,131.92,129.28,129.65,10027039.0,1306740057.0,1469164883.0,0.0068249922905351,000568
2025-08-22,129.64,130.8,128.77,130.69,8999500.0,1167787755.0,1469164883.0,0.0061255888322236,000568
2025-08-25,132.5,139.0,131.6,138.99,21462428.0,2920003065.0,1469164883.0,0.0146085903960447,000568
2025-08-26,138.0,143.0,136.82,140.83,17817766.0,2488956834.0,1469164883.0,0.0121278191482609,000568
2025-08-27,139.8,139.82,133.22,133.82,20028507.0,2723404830.0,1469164883.0,0.0136325794550045,000568
2025-08-28,132.8,134.66,130.5,133.72,12374958.0,1642858625.0,1469164883.0,0.0084231240095601,000568
2025-08-29,133.94,138.58,133.9,137.19,14416288.0,1978510531.0,1469164883.0,0.0098125732290594,000568
2025-09-01,136.0,137.14,134.2,135.85,11846641.0,1606474174.0,1469164883.0,0.0080635203965734,000568
2025-09-02,135.75,141.08,135.28,137.05,16285276.0,2255018925.0,1469164883.0,0.0110847163503839,000568
2025-09-03,137.47,140.8,134.01,135.59,10301298.0,1407659852.0,1469164883.0,0.0070116690911948,000568
2025-09-04,135.0,135.63,132.2,134.09,9682423.0,1295665979.0,1469164883.0,0.0065904263789839,000568
2025-09-05,134.08,136.23,132.51,135.9,8191939.0,1101641244.0,1469164883.0,0.0055759153344805,000568
2025-09-08,136.0,140.0,135.43,139.88,14216539.0,1972858208.0,1469164883.0,0.0096766123152699,000568
2025-09-09,139.41,140.56,137.6,140.31,9628793.0,1340138176.0,1469164883.0,0.0065539226477685,000568
2025-09-10,140.3,142.37,137.72,139.58,12466650.0,1748527537.0,1469164883.0,0.0084855349758588,000568
2025-09-11,139.0,140.89,138.3,140.46,9278869.0,1294055418.0,1469164883.0,0.0063157437993295,000568
2025-09-12,140.46,144.28,138.9,139.0,10655893.0,1500553695.0,1469164883.0,0.0072530272968687,000568
2025-09-15,138.39,139.8,137.7,139.1,7059268.0,980269897.0,1469164883.0,0.0048049528556557,000568
2025-09-16,139.18,139.46,136.9,138.45,6103958.0,843149567.0,1469164883.0,0.0041547127015014,000568
2025-09-17,138.0,139.1,136.37,137.0,6988721.0,957885688.0,1469345363.0,0.0047563501243376,000568
2025-09-18,137.05,137.58,132.52,133.7,11694985.0,1575238206.0,1469345363.0,0.007959316641611,000568
2025-09-19,133.0,135.28,131.95,134.85,8542139.0,1139332072.0,1469345363.0,0.0058135678752606,000568
2025-09-22,134.5,135.08,131.88,133.58,8094116.0,1079352964.0,1469345363.0,0.0055086545367891,000568
2025-09-23,133.57,134.47,132.0,132.61,6126806.0,813636225.0,1469345363.0,0.0041697521592137,000568
2025-09-24,132.21,133.0,131.32,131.91,6262095.0,825797269.0,1469345363.0,0.0042618264961305,000568
2025-09-25,131.85,132.18,129.44,129.46,9712219.0,1266819071.0,1469345363.0,0.0066098952938949,000568
2025-09-26,128.83,129.3,126.81,127.58,12710627.0,1624513513.0,1469345363.0,0.00865053738901,000568
2025-09-29,128.82,133.77,128.0,133.06,16023345.0,2104263963.0,1469446263.0,0.0109043422705958,000568
2025-09-30,132.15,133.7,130.05,131.92,10255238.0,1356191180.0,1469446263.0,0.0069789813062391,000568
2025-10-09,130.02,130.73,127.06,129.86,12487311.0,1608055496.0,1469446263.0,0.0084979705038727,000568
2025-10-10,129.35,130.65,128.6,128.87,7950076.0,1030053388.0,1469446263.0,0.0054102529641126,000568
2025-10-13,127.0,128.0,126.7,127.3,7787267.0,991675250.0,1469446263.0,0.0052994568063357,000568
2025-10-14,128.0,133.66,126.95,132.65,18560169.0,2441054495.0,1469446263.0,0.0126307231964426,000568
2025-10-15,131.7,135.74,131.46,134.62,11413077.0,1528800066.0,1469446263.0,0.0077669236959364,000568
2025-10-16,133.8,137.3,133.8,137.05,10630292.0,1445763834.0,1469446263.0,0.0072342162266603,000568
2025-10-17,136.55,137.64,134.85,135.0,7875320.0,1071871669.0,1469446263.0,0.0053593793786796,000568
2025-10-20,135.0,135.08,132.5,133.15,8147329.0,1089540915.0,1469446263.0,0.0055444892441092,000568
2025-10-21,133.0,136.29,132.58,134.21,7826160.0,1054380429.0,1469446263.0,0.0053259245996666,000568
2025-10-22,133.95,136.29,133.51,134.67,5622342.0,757470906.0,1469446263.0,0.003826163733624,000568
2025-10-23,133.98,136.8,133.28,136.58,7774581.0,1051123961.0,1469446263.0,0.005290823622313,000568
2025-10-24,136.0,136.31,129.9,130.24,15693033.0,2075275159.0,1469446263.0,0.0106795555544585,000568
2025-10-27,129.0,131.3,128.6,129.4,9415683.0,1221951917.0,1469446263.0,0.006407640236382,000568
2025-10-28,129.39,132.73,129.35,130.49,7159421.0,939450038.0,1469446263.0,0.0048721897358692,000568
2025-10-29,130.4,130.89,128.89,129.87,5785212.0,748797672.0,1469446263.0,0.0039370014036369,000568
2025-10-30,129.5,132.18,129.0,129.88,7914413.0,1034416876.0,1469446263.0,0.0053859832777022,000568
2025-10-31,130.33,136.9,130.33,134.54,19063560.0,2571305225.0,1469446263.0,0.0129732950976241,000568
2025-11-03,133.98,136.55,132.32,135.04,9952938.0,1337358921.0,1469446263.0,0.0067732575532774,000568
2025-11-04,135.03,135.1,132.19,133.1,6796659.0,907981683.0,1469446263.0,0.0046253198712581,000568
2025-11-05,132.0,134.68,131.46,132.17,6164267.0,819277229.0,1469446263.0,0.0041949591184199,000568
2025-11-06,133.4,134.5,131.66,131.9,6784954.0,899097694.0,1469446263.0,0.0046173542856531,000568
2025-11-07,131.45,133.22,131.4,131.65,5388745.0,712206522.0,1469446263.0,0.0036671943273368,000568
2025-11-10,131.65,143.57,131.1,142.49,28469814.0,3966471965.0,1469446263.0,0.0193745186311722,000568
2025-11-11,141.0,142.42,138.45,141.64,16129169.0,2264962244.0,1469446263.0,0.0109763585141731,000568
2025-11-12,141.49,143.8,141.0,141.87,10080933.0,1435569882.0,1469446263.0,0.0068603617933049,000568
2025-11-13,141.66,144.98,140.24,143.32,11411556.0,1629260880.0,1469446263.0,0.0077658886121513,000568
2025-11-14,142.9,145.88,139.61,139.62,9474533.0,1344771101.0,1469446263.0,0.0064476893361564,000568
2025-11-17,139.1,141.17,138.47,140.0,7802610.0,1091539462.0,1469446263.0,0.0053098981544723,000568
2025-11-18,139.94,142.53,138.9,139.75,7871781.0,1106104630.0,1469446263.0,0.0053569709884654,000568
2025-11-19,139.02,139.96,136.73,137.14,7977921.0,1099157151.0,1469446263.0,0.0054292022790356,000568
2025-11-20,137.43,139.21,136.56,136.85,5630106.0,774675240.0,1469265783.0,0.0038319179995495,000568
2025-11-21,136.0,138.89,133.89,134.2,10177131.0,1385066930.0,1469265783.0,0.0069266780168391,000568
2025-11-24,134.7,136.0,132.41,132.92,8916136.0,1193405285.0,1469265783.0,0.0060684296218991,000568
2025-11-25,132.92,133.94,132.01,133.59,7183720.0,956681331.0,1469265783.0,0.0048893264126331,000568
2025-11-26,133.59,135.3,133.5,134.93,6171939.0,830061482.0,1469265783.0,0.0042006960697049,000568
2025-11-27,135.14,136.1,133.86,135.01,6153900.0,829966657.0,1469265783.0,0.0041884185088927,000568
2025-11-28,135.02,136.48,134.21,135.88,5609216.0,761666394.0,1469265783.0,0.0038177000137762,000568
2025-12-01,136.0,138.36,134.55,135.76,6305216.0,860191369.0,1469265783.0,0.0042914060022045,000568
2025-12-02,135.0,136.17,133.69,133.69,4661914.0,627146691.0,1469265783.0,0.0031729548553707,000568
2025-12-03,134.0,134.08,132.0,132.7,4813797.0,639480775.0,1469265783.0,0.0032763282557162,000568
2025-12-04,132.42,132.79,126.96,127.71,14035050.0,1801422858.0,1469265783.0,0.0095524241851891,000568
2025-12-05,127.68,128.66,127.0,128.35,5555184.0,710454515.0,1469265783.0,0.0037809251833641,000568
2025-12-08,127.6,128.29,125.0,125.38,11742648.0,1481859251.0,1469265783.0,0.0079921877551816,000568
2025-12-09,125.0,125.06,121.1,122.12,12711894.0,1560058594.0,1469265783.0,0.0086518682644636,000568
2025-12-10,121.61,123.29,120.01,122.62,8299471.0,1012523217.0,1469265783.0,0.0056487199906431,000568
2025-12-11,122.6,123.5,121.36,121.4,5169935.0,631421065.0,1469265783.0,0.0035187200708124,000568
2025-12-12,122.15,124.46,121.21,122.98,12879574.0,1578162847.0,1469265783.0,0.0087659932933999,000568
2025-12-15,124.47,125.68,122.75,122.81,9519384.0,1183099685.0,1469265783.0,0.0064790074812488,000568
2025-12-16,122.02,123.22,121.66,122.86,5232686.0,641448192.0,1469265783.0,0.0035614291577087,000568
2025-12-17,122.58,123.21,120.75,122.11,7840578.0,957540701.0,1469265783.0,0.0053363918841088,000568
2025-12-18,121.9,122.85,121.5,121.97,5105821.0,623907149.0,1469265783.0,0.0034750833096887,000568
2025-12-19,121.97,122.52,121.35,122.09,6712305.0,817729627.0,1469265783.0,0.0045684756819794,000568
2025-12-22,121.69,123.1,121.14,121.33,8054542.0,982406281.0,1469265783.0,0.0054820183612756,000568
2025-12-23,121.19,121.32,119.51,120.4,7193371.0,866285818.0,1469265783.0,0.0048958949995502,000568
2025-12-24,120.12,120.38,119.31,119.94,5259257.0,630133981.0,1469265783.0,0.0035795137005514,000568
2025-12-25,119.49,122.12,119.49,120.72,8192097.0,989236042.0,1469265783.0,0.0055756399521351,000568
2025-12-26,120.01,120.75,119.15,119.39,7343791.0,879376087.0,1469265783.0,0.0049982726644631,000568
2025-12-29,119.25,119.25,117.0,117.21,9890591.0,1165557615.0,1469265783.0,0.0067316554393617,000568
2025-12-30,117.17,118.1,116.7,117.85,5283200.0,621021305.0,1469265783.0,0.0035958095949206,000568
2025-12-31,117.53,117.84,116.1,116.22,5839418.0,681749500.0,1469265783.0,0.0039743782694488,000568
2026-01-05,116.22,118.38,116.22,118.0,8781463.0,1032433205.0,1469265783.0,0.0059767695549743,000568
2026-01-06,118.0,118.66,116.69,118.62,10974756.0,1294015287.0,1469265783.0,0.0074695512050864,000568
2026-01-07,118.65,118.8,116.84,117.12,9367641.0,1101593073.0,1469265783.0,0.0063757293665907,000568
2026-01-08,117.08,117.38,115.52,116.59,7233119.0,842213070.0,1469265783.0,0.0049229479674066,000568
2026-01-09,117.58,118.57,116.3,116.86,8651180.0,1014017208.0,1469265783.0,0.0058880973749594,000568
2026-01-12,116.87,120.11,116.8,119.29,12964117.0,1541177178.0,1469265783.0,0.0088235342781408,000568
2026-01-13,119.29,120.48,117.64,118.0,12514426.0,1489341913.0,1469265783.0,0.0085174691637122,000568
2026-01-14,117.22,119.44,115.85,116.86,13697485.0,1610174502.0,1469265783.0,0.009322673377741,000568
2026-01-15,115.1,117.16,115.01,115.36,8774097.0,1015170617.0,1469265783.0,0.0059717561665968,000568
2026-01-16,115.55,115.99,113.73,114.28,9085101.0,1040329460.0,1469265783.0,0.0061834292373226,000568
2026-01-19,114.07,114.6,113.3,113.59,7283334.0,829378743.0,1469265783.0,0.0049571249016148,000568
2026-01-20,113.4,116.85,112.95,116.26,15007920.0,1730220799.0,1469265783.0,0.0102145712325487,000568
2026-01-21,115.61,115.98,113.11,113.18,10695898.0,1218866555.0,1469265783.0,0.0072797570893951,000568
2026-01-22,113.33,114.14,112.22,112.35,8235413.0,930191567.0,1469265783.0,0.0056051213437943,000568
2026-01-23,112.35,113.58,111.91,112.04,8429404.0,948823404.0,1469265783.0,0.0057371539564397,000568
2026-01-26,112.06,113.09,109.4,112.43,16092518.0,1791130339.0,1469265783.0,0.0109527617032921,000568
2026-01-27,112.6,113.47,110.36,112.36,12121972.0,1355367046.0,1469265783.0,0.0082503602413233,000568
2026-01-28,112.0,114.5,111.55,112.94,13800938.0,1559535100.0,1469265783.0,0.0093930847363917,000568
2026-01-29,113.58,124.23,113.1,124.23,38936289.0,4658942931.0,1469265783.0,0.0265005075667783,000568
2026-01-30,123.17,124.79,120.62,120.9,31515526.0,3857853385.0,1469265783.0,0.0214498468314224,000568
2026-02-02,119.18,126.36,118.96,122.0,26849892.0,3306811884.0,1469265783.0,0.0182743600992169,000568
2026-02-03,120.94,124.27,120.35,122.3,14273630.0,1743384439.0,1469265783.0,0.0097148046086362,000568
2026-02-04,121.52,127.37,121.0,126.3,22480045.0,2809728295.0,1469265783.0,0.0153001895641368,000568
2026-02-05,125.4,127.91,125.05,125.46,15871076.0,2005188174.0,1469265783.0,0.0108020456091979,000568
2026-02-06,125.49,126.78,122.41,122.83,12251527.0,1510280327.0,1469265783.0,0.0083385369357641,000568
2026-02-09,122.88,123.42,120.21,121.29,14698272.0,1786272442.0,1469265783.0,0.0100038210717658,000568
2026-02-10,121.0,121.0,117.6,118.19,12866212.0,1522683319.0,1469265783.0,0.0087568989551565,000568
2026-02-11,118.18,118.74,117.0,117.94,8572875.0,1008430171.0,1469265783.0,0.0058348020482009,000568
2026-02-12,117.55,117.94,115.57,115.62,9332215.0,1083981222.0,1469265783.0,0.0063516180040245,000568
2026-02-13,116.01,117.52,115.11,116.25,9280111.0,1080706361.0,1469265783.0,0.0063161553936494,000568
2026-02-24,116.85,117.52,112.48,112.5,12607302.0,1429254116.0,1471256397.0,0.0085690720024784,000568
2026-02-25,112.78,113.77,112.6,112.92,8764349.0,990316967.0,1471256397.0,0.0059570507342371,000568
2026-02-26,112.55,112.92,110.44,111.0,10440141.0,1160864140.0,1471256397.0,0.0070960717800705,000568
2026-02-27,111.04,111.49,110.35,110.5,6481263.0,717623932.0,1471256397.0,0.0044052573115167,000568
2026-03-02,108.98,110.18,107.6,108.17,10817375.0,1173149902.0,1471256397.0,0.0073524744035488,000568
2026-03-03,107.89,110.4,106.81,107.5,12431724.0,1343782991.0,1471256397.0,0.0084497331840658,000568
2026-03-04,106.81,106.81,103.0,103.64,15604436.0,1626140054.0,1471256397.0,0.0106061975545653,000568
2026-03-05,104.3,104.89,103.43,103.93,6285320.0,654178830.0,1471256397.0,0.0042720765821757,000568
2026-03-06,103.44,106.2,103.21,105.98,8045189.0,843683989.0,1471256397.0,0.0054682440235466,000568
2026-03-09,104.4,105.81,104.03,105.01,6622794.0,695896034.0,1471256397.0,0.0045014546842442,000568
2026-03-10,105.52,105.95,104.85,105.07,6033692.0,635181567.0,1471256397.0,0.0041010472493463,000568
2026-03-11,105.08,105.18,104.06,104.8,7111309.0,743948162.0,1471256397.0,0.0048334940221843,000568
2026-03-12,104.75,105.76,103.89,105.18,7422666.0,776228865.0,1471256397.0,0.0050451206296437,000568
2026-03-13,104.7,108.79,104.62,107.86,13109496.0,1403484995.0,1471256397.0,0.0089104088361017,000568
2026-03-16,107.5,110.33,107.2,108.62,11696323.0,1275790059.0,1471256397.0,0.0079498876088829,000568
2026-03-17,108.08,110.18,107.7,108.13,8206227.0,893272377.0,1471256397.0,0.005577700132168,000568
2026-03-18,108.0,108.41,106.16,106.85,5697700.0,609444873.0,1471256397.0,0.00387267644961,000568
2026-03-19,106.0,106.8,105.13,105.4,4917486.0,520557068.0,1471256397.0,0.0033423718734729,000568
2026-03-20,105.55,106.78,104.85,105.2,5104025.0,539004714.0,1471256397.0,0.0034691607869352,000568
2026-03-23,104.0,104.15,102.04,102.44,8641529.0,890354463.0,1471256397.0,0.0058735710632223,000568
2026-03-24,103.64,103.8,101.88,103.39,5401255.0,555075560.0,1471256397.0,0.0036711853970616,000568
2026-03-25,103.65,103.88,103.0,103.84,5071209.0,524534834.0,1471256397.0,0.0034468560410956,000568
2026-03-26,103.5,104.38,101.78,101.9,7355226.0,755135531.0,1471256397.0,0.0049992822563068,000568
2026-03-27,101.4,104.44,101.2,103.78,7647566.0,789880653.0,1471256397.0,0.0051979831765516,000568
2026-03-30,103.0,106.23,102.56,105.3,8062033.0,844382679.0,1471256397.0,0.0054796927418219,000568
2026-03-31,107.35,108.5,104.6,104.68,8996592.0,957603447.0,1471256397.0,0.006114904253497,000568
2026-04-01,105.81,107.3,104.0,106.26,6659368.0,706393522.0,1471256397.0,0.0045263137095471,000568
2026-04-02,105.49,106.89,105.22,105.96,4483582.0,474937782.0,1471256397.0,0.0030474511506915,000568
2026-04-03,105.9,106.5,104.1,104.27,4346404.0,454943139.0,1471256397.0,0.0029542124736807,000568
2026-04-07,104.27,104.9,102.78,103.49,4472673.0,462899721.0,1471256397.0,0.0030400363995834,000568
2026-04-08,104.58,105.03,104.01,105.03,5664161.0,592784862.0,1471256397.0,0.0038498802870455,000568
2026-04-09,104.3,104.78,102.56,102.8,7059079.0,728108837.0,1471256397.0,0.0047979937517308,000568
2026-04-10,103.49,103.49,102.2,102.51,8540755.0,876233499.0,1471256397.0,0.0058050758640133,000568
2026-04-13,102.0,102.54,101.38,102.43,5596485.0,569689430.0,1471256397.0,0.0038038815065896,000568
2026-04-14,102.47,103.31,101.6,103.21,7605750.0,779656867.0,1471256397.0,0.0051695612100709,000568
2026-04-15,103.21,103.81,102.2,103.09,7303144.0,751875387.0,1471256397.0,0.0049638825801482,000568
2026-04-16,102.77,103.56,102.45,103.05,5950877.0,612408774.0,1471256397.0,0.0040447586240809,000568
2026-04-17,101.0,101.5,100.56,101.2,9256034.0,935095082.0,1471256397.0,0.0062912446932252,000568
2026-04-20,101.0,101.33,100.2,100.65,7721370.0,777317193.0,1471256397.0,0.0052481471045729,000568
2026-04-21,100.5,101.12,100.4,100.61,4455793.0,448686699.0,1471256397.0,0.0030285632124255,000568
2026-04-22,100.63,100.63,99.72,100.24,8120880.0,812481713.0,1471256397.0,0.005519690528829,000568
2026-04-23,100.5,103.16,100.48,101.85,11547755.0,1176539496.0,1471256397.0,0.0078489072493052,000568
2026-04-24,100.9,103.55,100.25,102.63,10851242.0,1111842858.0,1471256397.0,0.0073754935048211,000568
2026-04-27,101.5,101.87,100.2,100.35,7379413.0,744773831.0,1471256397.0,0.005015721946934,000568
2026-04-28,100.37,101.37,99.8,100.2,6718251.0,673886656.0,1471256397.0,0.0045663359654367,000568
2026-04-29,100.5,103.0,100.38,101.73,12244425.0,1242514761.0,1471256397.0,0.0083224277053049,000568
2026-04-30,101.34,102.1,100.03,100.1,8984439.0,904951945.0,1471256397.0,0.006106643966558,000568
2026-05-06,97.0,98.4,95.5,98.33,19221474.0,1858175908.0,1471256397.0,0.0130646663893485,000568
2026-05-07,98.28,100.35,98.0,99.05,11076146.0,1100361985.0,1471256397.0,0.0075283587704937,000568
2026-05-08,98.99,99.02,97.5,97.53,6855470.0,672134636.0,1471256397.0,0.004659602509786,000568
2026-05-11,97.45,98.33,96.3,96.91,9919793.0,961663036.0,1471256397.0,0.006742395832723,000568
2026-05-12,96.81,96.9,94.3,94.78,13876336.0,1319939374.0,1471256397.0,0.0094316232223661,000568
2026-05-13,94.79,95.18,92.22,92.7,11837384.0,1100847346.0,1471256397.0,0.0080457655267547,000568
2026-05-14,92.63,96.19,92.32,94.35,15180601.0,1425525597.0,1471256397.0,0.0103181206422988,000568
2026-05-15,92.8,93.2,90.75,91.0,13697805.0,1252907211.0,1471256397.0,0.0093102772758921,000568
2026-05-18,91.0,91.49,89.89,89.97,8217133.0,742840231.0,1471256397.0,0.0055851128442026,000568
2026-05-19,90.12,92.4,90.12,90.33,9012175.0,822327359.0,1471256397.0,0.0061254958811914,000568
2026-05-20,90.15,93.3,90.03,92.2,12216917.0,1126264668.0,1471256397.0,0.0083037307602612,000568
2026-05-21,92.0,93.88,91.21,91.42,9684505.0,894767421.0,1471256397.0,0.006582472653813,000568
2026-05-22,91.41,91.97,89.69,90.02,7819870.0,704539788.0,1471256397.0,0.0053150966860333,000568
