date,open,high,low,close,volume,amount,outstanding_share,turnover,ticker
2006-07-31,19.89,21.0,18.58,20.21,93617254.0,1846673451.0,120000000.0,0.7801437833333333,600048
2006-08-01,19.81,21.44,19.21,20.52,25865877.0,528773490.0,120000000.0,0.215548975,600048
2006-08-02,20.3,21.9,20.2,21.37,21449920.0,456345122.0,120000000.0,0.1787493333333333,600048
2006-08-03,21.4,21.58,20.6,21.22,11632691.0,245761785.0,120000000.0,0.0969390916666666,600048
2006-08-04,21.1,22.12,20.76,21.63,14576344.0,314332907.0,120000000.0,0.1214695333333333,600048
2006-08-07,21.77,23.15,21.45,22.73,14323413.0,321071292.0,120000000.0,0.119361775,600048
2006-08-08,22.78,23.4,22.33,22.95,9679870.0,220951074.0,120000000.0,0.0806655833333333,600048
2006-08-09,22.8,22.88,21.71,22.0,9328782.0,207184810.0,120000000.0,0.07773985,600048
2006-08-10,21.88,22.3,21.58,22.28,8555872.0,187582267.0,120000000.0,0.0712989333333333,600048
2006-08-11,22.25,23.98,22.05,23.86,12181275.0,282284394.0,120000000.0,0.101510625,600048
2006-08-14,24.08,24.47,23.34,23.79,11282717.0,269495630.0,120000000.0,0.0940226416666666,600048
2006-08-15,23.38,24.58,22.98,24.48,11575453.0,273770349.0,120000000.0,0.0964621083333333,600048
2006-08-16,24.5,24.68,23.9,24.1,7642225.0,185399650.0,120000000.0,0.0636852083333333,600048
2006-08-17,23.9,24.6,23.71,23.8,6462346.0,155574377.0,120000000.0,0.0538528833333333,600048
2006-08-18,23.8,24.09,23.5,23.61,4765777.0,113198276.0,120000000.0,0.0397148083333333,600048
2006-08-21,22.66,23.8,22.66,23.48,5687730.0,132309559.0,120000000.0,0.04739775,600048
2006-08-22,23.45,24.05,23.31,23.54,3776118.0,89607216.0,120000000.0,0.03146765,600048
2006-08-23,23.45,23.8,23.0,23.31,4716143.0,110003223.0,120000000.0,0.0393011916666666,600048
2006-08-24,23.31,24.31,23.22,24.25,6377857.0,153027192.0,120000000.0,0.0531488083333333,600048
2006-08-25,24.27,24.42,23.92,24.0,3786390.0,91328541.0,120000000.0,0.03155325,600048
2006-08-28,24.1,26.4,23.91,26.4,9611396.0,245851927.0,120000000.0,0.0800949666666666,600048
2006-08-29,27.17,27.68,26.31,26.73,10993224.0,296459734.0,120000000.0,0.0916102,600048
2006-08-30,26.5,29.4,26.31,28.92,10122071.0,284170112.0,120000000.0,0.0843505916666666,600048
2006-08-31,28.7,29.29,28.48,29.02,6868496.0,197908862.0,120000000.0,0.0572374666666666,600048
2006-09-01,28.95,30.99,28.83,29.03,8725988.0,260194248.0,120000000.0,0.0727165666666666,600048
2006-09-04,29.06,29.78,28.52,29.48,6911356.0,200658949.0,120000000.0,0.0575946333333333,600048
2006-09-05,29.3,30.38,28.6,28.73,6801913.0,198559690.0,120000000.0,0.0566826083333333,600048
2006-09-06,28.8,28.92,27.5,28.32,6910210.0,193934511.0,120000000.0,0.0575850833333333,600048
2006-09-07,28.28,28.78,28.0,28.59,3986985.0,113504041.0,120000000.0,0.033224875,600048
2006-09-08,28.68,29.79,28.5,28.68,5120598.0,149630110.0,120000000.0,0.04267165,600048
2006-09-11,28.9,29.19,27.7,28.72,4630661.0,131300049.0,120000000.0,0.0385888416666666,600048
2006-09-12,28.76,29.15,28.35,28.89,3626083.0,104334953.0,120000000.0,0.0302173583333333,600048
2006-09-13,28.98,29.13,27.92,28.01,3325057.0,94641762.0,120000000.0,0.0277088083333333,600048
2006-09-14,27.69,28.36,27.38,28.31,4887994.0,135815705.0,120000000.0,0.0407332833333333,600048
2006-09-15,28.18,28.69,27.83,28.41,3365652.0,95266407.0,120000000.0,0.0280471,600048
2006-09-18,28.4,29.17,28.37,28.68,3189348.0,91568044.0,120000000.0,0.0265779,600048
2006-09-19,28.66,28.67,28.05,28.09,3813322.0,107725480.0,120000000.0,0.0317776833333333,600048
2006-09-20,28.07,30.3,28.07,29.55,8643435.0,253955779.0,120000000.0,0.072028625,600048
2006-09-22,29.82,30.1,29.04,29.54,4030055.0,118963691.0,120000000.0,0.0335837916666666,600048
2006-09-25,29.4,29.91,28.4,28.64,4053557.0,118034794.0,120000000.0,0.0337796416666666,600048
2006-09-26,28.5,28.65,26.98,27.44,6257932.0,172464203.0,120000000.0,0.0521494333333333,600048
2006-09-27,27.5,27.68,26.96,27.42,2123147.0,57882882.0,120000000.0,0.0176928916666666,600048
2006-09-28,27.38,28.45,27.13,27.81,4136554.0,115213419.0,120000000.0,0.0344712833333333,600048
2006-09-29,27.81,28.52,27.61,27.8,3136216.0,87822953.0,120000000.0,0.0261351333333333,600048
2006-10-09,27.92,28.18,27.25,27.86,5969175.0,164735903.0,120000000.0,0.049743125,600048
2006-10-10,27.7,27.83,25.91,26.28,11108025.0,295139109.0,120000000.0,0.092566875,600048
2006-10-11,26.01,26.37,25.7,26.2,5406733.0,140700975.0,120000000.0,0.0450561083333333,600048
2006-10-12,26.1,26.1,25.2,25.33,5404765.0,137874867.0,120000000.0,0.0450397083333333,600048
2006-10-13,25.2,25.88,25.1,25.66,2605932.0,66650290.0,120000000.0,0.0217161,600048
2006-10-16,25.45,25.7,24.9,25.47,2825476.0,71311373.0,120000000.0,0.0235456333333333,600048
2006-10-17,25.36,26.45,25.26,25.87,3671618.0,95723135.0,120000000.0,0.0305968166666666,600048
2006-10-18,25.96,27.0,25.58,26.91,4796635.0,127023358.0,120000000.0,0.0399719583333333,600048
2006-10-19,26.9,26.99,26.35,26.45,3411349.0,90670827.0,120000000.0,0.0284279083333333,600048
2006-10-20,26.35,27.05,26.25,26.97,2962724.0,79394905.0,120000000.0,0.0246893666666666,600048
2006-10-23,26.96,26.98,26.25,26.34,2535240.0,67270580.0,120000000.0,0.021127,600048
2006-10-24,26.33,27.88,26.33,27.71,4734908.0,129492253.0,120000000.0,0.0394575666666666,600048
2006-10-25,27.66,28.12,27.35,27.5,2770996.0,76838090.0,120000000.0,0.0230916333333333,600048
2006-10-26,27.4,28.65,27.0,28.21,5889991.0,165433380.0,120000000.0,0.0490832583333333,600048
2006-10-27,28.23,29.01,27.9,28.2,3669167.0,104911647.0,120000000.0,0.0305763916666666,600048
2006-10-30,28.0,28.39,27.0,27.52,3252113.0,89935695.0,120000000.0,0.0271009416666666,600048
2006-10-31,26.98,28.1,26.9,27.18,6248897.0,171219064.0,150000000.0,0.0416593133333333,600048
2006-11-01,27.22,27.78,26.6,27.1,4555103.0,123238061.0,150000000.0,0.0303673533333333,600048
2006-11-02,26.98,27.12,26.53,26.96,3367056.0,89990582.0,150000000.0,0.02244704,600048
2006-11-03,26.9,28.3,26.75,27.65,3646580.0,101442201.0,150000000.0,0.0243105333333333,600048
2006-11-06,27.22,27.98,27.22,27.7,2418366.0,66613456.0,150000000.0,0.01612244,600048
2006-11-07,27.55,30.47,27.42,30.47,9339077.0,274434739.0,150000000.0,0.0622605133333333,600048
2006-11-08,30.38,30.86,29.51,30.58,5894600.0,177661672.0,150000000.0,0.0392973333333333,600048
2006-11-09,30.38,32.4,30.02,31.83,6219607.0,196788946.0,150000000.0,0.0414640466666666,600048
2006-11-10,31.6,32.0,30.6,30.9,4569295.0,143331910.0,150000000.0,0.0304619666666666,600048
2006-11-13,30.25,32.25,29.91,30.26,4694494.0,144962593.0,150000000.0,0.0312966266666666,600048
2006-11-14,30.26,31.37,29.85,31.12,3129544.0,96038615.0,150000000.0,0.0208636266666666,600048
2006-11-15,31.1,34.18,30.8,33.7,5374315.0,176971047.0,150000000.0,0.0358287666666666,600048
2006-11-16,33.68,35.0,33.15,33.33,5803524.0,198433464.0,150000000.0,0.03869016,600048
2006-11-17,33.18,35.1,32.88,34.8,3426093.0,117206087.0,150000000.0,0.02284062,600048
2006-11-20,34.75,36.28,34.18,35.0,4388144.0,154003908.0,150000000.0,0.0292542933333333,600048
2006-11-21,34.88,34.88,33.78,34.11,3989681.0,136555594.0,150000000.0,0.0265978733333333,600048
2006-11-22,34.11,34.97,33.41,34.61,3465019.0,118939069.0,150000000.0,0.0231001266666666,600048
2006-11-23,35.0,36.01,33.7,34.05,3566133.0,123669637.0,150000000.0,0.02377422,600048
2006-11-24,34.05,34.61,33.25,33.63,3063819.0,103353224.0,150000000.0,0.02042546,600048
2006-11-27,33.31,34.1,32.65,33.84,2643286.0,88086225.0,150000000.0,0.0176219066666666,600048
2006-11-28,33.62,34.93,33.6,34.4,2895851.0,99214875.0,150000000.0,0.0193056733333333,600048
2006-11-29,34.07,35.15,33.66,34.37,2941293.0,101520776.0,150000000.0,0.01960862,600048
2006-11-30,34.3,37.44,34.3,36.45,5635157.0,202521470.0,150000000.0,0.0375677133333333,600048
2006-12-01,36.45,37.7,36.19,36.97,6065547.0,223748212.0,150000000.0,0.04043698,600048
2006-12-04,36.48,37.28,36.13,36.68,5513909.0,202351896.0,150000000.0,0.0367593933333333,600048
2006-12-05,36.68,38.77,36.3,37.32,4884409.0,182976583.0,150000000.0,0.0325627266666666,600048
2006-12-06,37.2,37.45,35.51,36.22,4577499.0,165861043.0,150000000.0,0.03051666,600048
2006-12-07,35.98,36.5,35.5,35.5,4599677.0,165113789.0,150000000.0,0.0306645133333333,600048
2006-12-08,35.0,36.59,34.22,35.82,4929620.0,174670275.0,150000000.0,0.0328641333333333,600048
2006-12-11,35.76,38.0,35.6,37.6,3404032.0,124453384.0,150000000.0,0.0226935466666666,600048
2006-12-12,37.48,38.98,37.2,38.36,2980141.0,113152503.0,150000000.0,0.0198676066666666,600048
2006-12-13,38.5,39.39,37.68,39.16,2783811.0,108336170.0,150000000.0,0.01855874,600048
2006-12-14,39.1,39.86,38.51,38.58,1801976.0,70369292.0,150000000.0,0.0120131733333333,600048
2006-12-15,38.55,42.1,38.55,41.51,3261674.0,134506168.0,150000000.0,0.0217444933333333,600048
2006-12-18,41.8,43.65,41.0,42.6,2830277.0,119727197.0,150000000.0,0.0188685133333333,600048
2006-12-19,42.69,43.5,41.59,42.47,2959162.0,124710444.0,150000000.0,0.0197277466666666,600048
2006-12-20,42.0,45.09,41.21,44.78,2264468.0,98582249.0,150000000.0,0.0150964533333333,600048
2006-12-21,44.68,45.8,43.2,43.41,2366488.0,105671147.0,150000000.0,0.0157765866666666,600048
2006-12-22,43.0,43.9,41.8,42.1,2026632.0,86320434.0,150000000.0,0.01351088,600048
2006-12-25,42.0,45.3,42.0,44.32,2762474.0,121872527.0,150000000.0,0.0184164933333333,600048
2006-12-26,44.33,44.9,42.35,43.3,1752868.0,76325273.0,150000000.0,0.0116857866666666,600048
2006-12-27,43.0,44.4,42.5,43.81,1345198.0,58416564.0,150000000.0,0.0089679866666666,600048
2006-12-28,43.95,45.49,41.89,42.16,4206136.0,180842772.0,150000000.0,0.0280409066666666,600048
2006-12-29,42.16,43.98,42.16,43.32,4278346.0,183810741.0,150000000.0,0.0285223066666666,600048
2007-01-04,43.76,47.65,43.3,45.05,6278948.0,287067798.0,150000000.0,0.0418596533333333,600048
2007-01-05,44.55,47.0,44.05,45.66,2379289.0,108631054.0,150000000.0,0.0158619266666666,600048
2007-01-08,45.66,50.0,45.66,47.5,3809844.0,181868561.0,150000000.0,0.02539896,600048
2007-01-09,47.68,49.28,46.89,49.19,1790229.0,86375687.0,150000000.0,0.01193486,600048
2007-01-10,49.68,50.99,48.48,50.23,1981398.0,98846353.0,150000000.0,0.01320932,600048
2007-01-11,49.6,52.8,49.3,51.26,2274943.0,116519742.0,150000000.0,0.0151662866666666,600048
2007-01-15,50.38,53.8,50.02,52.55,3272894.0,170513294.0,150000000.0,0.0218192933333333,600048
2007-01-16,53.4,57.81,53.4,57.81,2290553.0,127182895.0,150000000.0,0.0152703533333333,600048
2007-01-17,59.5,59.5,52.03,52.03,6121299.0,330277863.0,150000000.0,0.04080866,600048
2007-01-18,47.75,49.8,46.83,48.43,8639459.0,409564241.0,150000000.0,0.0575963933333333,600048
2007-01-19,48.21,49.5,44.66,47.14,7396174.0,348912289.0,150000000.0,0.0493078266666666,600048
2007-01-22,46.5,48.6,45.61,47.98,4992753.0,236672754.0,150000000.0,0.03328502,600048
2007-01-23,48.28,48.28,43.18,43.35,9112424.0,405500062.0,150000000.0,0.0607494933333333,600048
2007-01-24,43.3,47.69,43.3,46.97,8442499.0,388645106.0,150000000.0,0.0562833266666666,600048
2007-01-25,46.6,47.95,44.65,46.19,4420821.0,206372036.0,150000000.0,0.02947214,600048
2007-01-26,45.0,47.7,44.5,47.18,3107897.0,144187835.0,150000000.0,0.0207193133333333,600048
2007-01-29,47.77,47.99,44.89,45.82,5535502.0,254844120.0,150000000.0,0.0369033466666666,600048
2007-01-30,45.0,45.82,41.5,42.0,5084649.0,217657990.0,150000000.0,0.03389766,600048
2007-01-31,41.7,42.9,40.71,41.33,3829260.0,159452891.0,150000000.0,0.0255284,600048
2007-02-01,41.33,42.5,40.65,42.22,3059172.0,127466128.0,150000000.0,0.02039448,600048
2007-02-02,42.1,42.28,38.3,38.64,5320555.0,209580477.0,150000000.0,0.0354703666666666,600048
2007-02-05,38.59,39.45,38.02,38.86,2568071.0,99362652.0,150000000.0,0.0171204733333333,600048
2007-02-06,38.78,39.39,36.95,39.0,3719419.0,140687605.0,150000000.0,0.0247961266666666,600048
2007-02-07,39.27,40.76,39.0,39.99,2989524.0,119780032.0,150000000.0,0.01993016,600048
2007-02-08,40.07,40.59,38.57,39.1,3207154.0,125460660.0,150000000.0,0.0213810266666666,600048
2007-02-09,39.13,41.51,37.88,40.99,3888599.0,154286553.0,150000000.0,0.0259239933333333,600048
2007-02-12,41.12,45.09,41.12,45.07,6266541.0,273152613.0,150000000.0,0.04177694,600048
2007-02-13,49.18,49.58,45.51,48.48,5458957.0,259184033.0,150000000.0,0.0363930466666666,600048
2007-02-14,48.5,49.33,47.06,48.8,4084401.0,197324912.0,150000000.0,0.02722934,600048
2007-02-15,49.0,53.6,49.0,52.02,4590749.0,238702478.0,150000000.0,0.0306049933333333,600048
2007-02-16,52.28,53.48,50.5,50.94,3547502.0,182207569.0,150000000.0,0.0236500133333333,600048
2007-02-26,51.0,51.0,46.53,47.98,4458039.0,214790290.0,150000000.0,0.02972026,600048
2007-02-27,48.48,48.68,43.2,43.22,5418849.0,252141303.0,150000000.0,0.03612566,600048
2007-02-28,43.5,46.98,43.5,46.16,4106846.0,185438132.0,150000000.0,0.0273789733333333,600048
2007-03-01,45.78,46.17,44.0,45.02,2328373.0,104763179.0,150000000.0,0.0155224866666666,600048
2007-03-02,45.0,49.28,44.95,47.9,3776588.0,180286275.0,150000000.0,0.0251772533333333,600048
2007-03-05,48.12,51.04,48.12,50.98,4915531.0,245147073.0,150000000.0,0.0327702066666666,600048
2007-03-06,50.59,51.12,49.0,50.82,3181925.0,159893633.0,150000000.0,0.0212128333333333,600048
2007-03-07,51.0,53.95,50.98,53.38,3341344.0,177696046.0,150000000.0,0.0222756266666666,600048
2007-03-09,55.48,55.51,51.35,51.95,3554127.0,188025797.0,150000000.0,0.02369418,600048
2007-03-12,51.4,52.8,49.51,51.79,3231485.0,164491844.0,150000000.0,0.0215432333333333,600048
2007-03-13,51.74,52.99,49.9,51.25,3126895.0,158608113.0,150000000.0,0.0208459666666666,600048
2007-03-14,50.1,51.19,48.63,49.9,2312112.0,115592206.0,150000000.0,0.01541408,600048
2007-03-15,50.49,54.89,50.0,54.89,5590519.0,298400312.0,150000000.0,0.0372701266666666,600048
2007-03-16,55.6,55.9,52.0,54.1,3885994.0,208231018.0,150000000.0,0.0259066266666666,600048
2007-03-19,51.38,55.8,51.38,55.21,3902132.0,212072496.0,150000000.0,0.0260142133333333,600048
2007-03-20,54.88,55.2,53.8,55.08,2919962.0,159012114.0,150000000.0,0.0194664133333333,600048
2007-03-21,54.75,54.88,53.21,53.5,2322991.0,125367681.0,150000000.0,0.0154866066666666,600048
2007-03-22,53.78,54.6,52.3,54.07,3966612.0,212519040.0,150000000.0,0.02644408,600048
2007-03-23,53.69,53.69,51.6,52.33,2843515.0,148767946.0,150000000.0,0.0189567666666666,600048
2007-03-26,52.0,52.74,51.0,51.82,3229559.0,166948784.0,150000000.0,0.0215303933333333,600048
2007-03-27,53.75,56.6,52.8,55.53,6871271.0,372620057.0,150000000.0,0.0458084733333333,600048
2007-03-28,55.12,56.4,52.2,54.64,5447862.0,296415855.0,150000000.0,0.03631908,600048
2007-03-29,54.69,59.0,53.66,56.84,7361492.0,417084975.0,150000000.0,0.0490766133333333,600048
2007-03-30,56.8,57.8,55.3,55.69,5500923.0,308390753.0,150000000.0,0.03667282,600048
2007-04-02,28.4,29.97,27.7,29.42,9375076.0,272602729.0,150000000.0,0.0625005066666666,600048
2007-04-03,28.6,29.25,28.31,28.94,11420512.0,328870374.0,300000000.0,0.0380683733333333,600048
2007-04-04,28.98,29.06,28.12,28.4,11172540.0,317752767.0,300000000.0,0.0372418,600048
2007-04-05,28.41,29.37,28.2,29.03,10094783.0,292444662.0,300000000.0,0.0336492766666666,600048
2007-04-06,28.77,31.93,28.28,31.6,21170781.0,643531821.0,300000000.0,0.07056927,600048
2007-04-09,31.8,33.3,31.2,32.67,13951995.0,449400803.0,300000000.0,0.04650665,600048
2007-04-10,32.69,32.8,31.5,32.3,9916744.0,320174744.0,300000000.0,0.0330558133333333,600048
2007-04-11,32.2,35.19,31.81,34.72,14280723.0,480369134.0,300000000.0,0.04760241,600048
2007-04-12,34.9,37.0,34.38,35.99,14092281.0,508085860.0,300000000.0,0.04697427,600048
2007-04-13,36.0,36.68,35.1,35.33,10636986.0,380482593.0,300000000.0,0.03545662,600048
2007-04-16,35.11,36.02,34.85,35.55,8149271.0,289132852.0,300000000.0,0.0271642366666666,600048
2007-04-17,35.58,36.96,34.98,36.03,10956529.0,393016818.0,300000000.0,0.0365217633333333,600048
2007-04-18,36.0,36.0,34.8,34.99,8410308.0,295613596.0,300000000.0,0.02803436,600048
2007-04-19,34.4,34.4,31.49,31.49,17890529.0,578434535.0,300000000.0,0.0596350966666666,600048
2007-04-20,31.88,32.9,31.78,32.51,10255202.0,331731802.0,300000000.0,0.0341840066666666,600048
2007-04-23,32.6,33.6,31.9,33.0,9656300.0,316127248.0,300000000.0,0.0321876666666666,600048
2007-04-24,32.69,32.69,31.13,31.75,13088586.0,417088693.0,300000000.0,0.04362862,600048
2007-04-25,31.3,32.8,30.8,32.58,11908825.0,379606028.0,300000000.0,0.0396960833333333,600048
2007-04-26,32.6,32.6,31.6,32.07,8160593.0,261121117.0,300000000.0,0.0272019766666666,600048
2007-04-27,31.5,31.6,29.9,30.76,14991192.0,456788631.0,300000000.0,0.04997064,600048
2007-04-30,29.84,30.4,29.09,29.94,9983577.0,297109791.0,300000000.0,0.03327859,600048
2007-05-08,30.06,32.93,30.06,32.93,12804456.0,413524980.0,300000000.0,0.04268152,600048
2007-05-09,33.5,34.7,31.07,33.45,17316125.0,575596922.0,300000000.0,0.0577204166666666,600048
2007-05-10,33.1,33.39,32.08,32.48,8928827.0,289799466.0,300000000.0,0.0297627566666666,600048
2007-05-11,32.15,32.15,31.0,31.47,8525285.0,267958138.0,300000000.0,0.0284176166666666,600048
2007-05-15,32.8,33.5,30.64,30.72,11611345.0,372965922.0,300000000.0,0.0387044833333333,600048
2007-05-16,30.32,31.48,29.38,31.18,8845780.0,268815691.0,300000000.0,0.0294859333333333,600048
2007-05-17,31.99,32.5,31.05,32.23,10798958.0,345904719.0,300000000.0,0.0359965266666666,600048
2007-05-18,32.3,34.97,32.3,34.35,23765043.0,806669729.0,300000000.0,0.07921681,600048
2007-05-21,33.86,36.79,33.67,35.99,18893290.0,676370629.0,300000000.0,0.0629776333333333,600048
2007-05-22,36.03,36.7,35.2,35.89,11225530.0,401526771.0,300000000.0,0.0374184333333333,600048
2007-05-23,35.5,39.39,35.5,38.72,14477584.0,553782752.0,300000000.0,0.0482586133333333,600048
2007-05-24,38.72,40.5,37.51,39.35,15016430.0,588428048.0,300000000.0,0.0500547666666666,600048
2007-05-25,38.8,39.68,38.01,39.07,8630115.0,335687680.0,300000000.0,0.02876705,600048
2007-05-28,39.27,40.0,38.58,39.13,8529698.0,333596521.0,300000000.0,0.0284323266666666,600048
2007-05-29,39.22,42.8,39.22,42.03,10129704.0,419571365.0,300000000.0,0.03376568,600048
2007-05-30,39.0,42.95,37.83,39.67,16009411.0,651045774.0,300000000.0,0.0533647033333333,600048
2007-05-31,39.38,42.9,38.11,41.87,11930820.0,486752217.0,300000000.0,0.0397694,600048
2007-06-01,41.7,44.88,37.68,39.45,20267703.0,832152827.0,300000000.0,0.06755901,600048
2007-06-04,38.99,38.99,35.51,35.51,8520966.0,315374255.0,300000000.0,0.02840322,600048
2007-06-05,34.17,37.69,34.0,37.67,10158805.0,364956309.0,300000000.0,0.0338626833333333,600048
2007-06-06,38.02,39.2,37.0,38.75,8270940.0,317911721.0,300000000.0,0.0275698,600048
2007-06-07,39.0,40.85,38.1,39.77,7689250.0,305022525.0,300000000.0,0.0256308333333333,600048
2007-06-08,39.7,39.7,38.41,39.51,6842232.0,267469214.0,300000000.0,0.02280744,600048
2007-06-11,39.6,40.2,38.88,39.92,8203764.0,324967643.0,300000000.0,0.02734588,600048
2007-06-12,40.27,40.28,38.5,40.1,7663640.0,303376513.0,300000000.0,0.0255454666666666,600048
2007-06-13,40.61,44.11,40.61,44.11,13514212.0,585739308.0,300000000.0,0.0450473733333333,600048
2007-06-14,43.4,44.13,42.18,42.44,7641477.0,329467271.0,300000000.0,0.02547159,600048
2007-06-15,42.0,44.43,41.6,43.52,8464223.0,366764800.0,300000000.0,0.0282140766666666,600048
2007-06-18,44.1,45.46,43.0,44.94,6812249.0,302656066.0,300000000.0,0.0227074966666666,600048
2007-06-19,44.11,47.59,44.11,46.92,7996715.0,369541677.0,300000000.0,0.0266557166666666,600048
2007-06-20,46.51,48.99,44.7,45.09,8942748.0,419731751.0,300000000.0,0.02980916,600048
2007-06-21,44.9,47.4,44.9,45.99,5182097.0,236938668.0,300000000.0,0.0172736566666666,600048
2007-06-22,46.0,47.1,43.3,45.34,5915500.0,265630856.0,300000000.0,0.0197183333333333,600048
2007-06-25,45.2,47.4,44.8,46.83,7788544.0,360305314.0,300000000.0,0.0259618133333333,600048
2007-06-26,45.75,46.66,44.6,46.1,4384725.0,200222291.0,300000000.0,0.01461575,600048
2007-06-27,46.62,49.25,46.62,48.72,5839671.0,281657818.0,300000000.0,0.01946557,600048
2007-06-28,49.0,49.68,47.0,47.05,5248221.0,253449839.0,300000000.0,0.01749407,600048
2007-06-29,46.3,46.98,44.11,45.93,3945478.0,180644100.0,300000000.0,0.0131515933333333,600048
2007-07-02,44.62,45.92,43.11,44.24,2658007.0,117878959.0,300000000.0,0.0088600233333333,600048
2007-07-03,44.6,45.86,44.3,45.59,1870645.0,84732662.0,300000000.0,0.0062354833333333,600048
2007-07-04,45.88,47.88,45.5,46.34,4683944.0,220703951.0,300000000.0,0.0156131466666666,600048
2007-07-05,46.0,47.87,45.02,45.32,4031770.0,187539335.0,300000000.0,0.0134392333333333,600048
2007-07-06,45.01,47.5,45.01,47.11,4119159.0,192397837.0,300000000.0,0.01373053,600048
2007-07-09,47.25,50.5,47.25,49.87,4327367.0,212166689.0,300000000.0,0.0144245566666666,600048
2007-07-10,50.5,50.5,48.01,48.12,5671942.0,277328571.0,300000000.0,0.0189064733333333,600048
2007-07-11,48.0,50.3,47.74,49.64,3616999.0,179149268.0,300000000.0,0.0120566633333333,600048
2007-07-12,50.08,51.38,49.28,50.41,2690093.0,136093795.0,300000000.0,0.0089669766666666,600048
2007-07-13,50.42,51.68,49.9,50.4,2240098.0,113840356.0,300000000.0,0.0074669933333333,600048
2007-07-16,50.45,50.5,48.72,48.87,2331045.0,114629292.0,300000000.0,0.00777015,600048
2007-07-17,48.68,53.76,48.6,53.68,5462450.0,285243284.0,300000000.0,0.0182081666666666,600048
2007-07-18,53.7,55.55,53.0,53.18,7233246.0,392248386.0,300000000.0,0.02411082,600048
2007-07-19,52.98,55.0,52.8,54.34,4394803.0,236674846.0,300000000.0,0.0146493433333333,600048
2007-07-20,54.39,59.1,54.34,58.9,7092877.0,404011201.0,300000000.0,0.0236429233333333,600048
2007-07-23,59.48,61.86,58.0,59.19,7813937.0,467648452.0,300000000.0,0.0260464566666666,600048
2007-07-24,59.33,63.8,58.33,61.7,7187231.0,441963333.0,300000000.0,0.0239574366666666,600048
2007-07-25,61.7,63.2,59.67,62.7,5287472.0,327684927.0,300000000.0,0.0176249066666666,600048
2007-07-26,63.0,63.3,60.7,62.37,4956328.0,307179976.0,300000000.0,0.0165210933333333,600048
2007-07-27,68.61,68.61,62.39,67.95,6400145.0,426897308.0,300000000.0,0.0213338166666666,600048
2007-07-30,68.51,71.0,66.9,69.16,8625052.0,595607723.0,300000000.0,0.0287501733333333,600048
2007-07-31,69.35,72.99,68.2,68.94,6074205.0,423317968.0,399770478.0,0.0151942310257337,600048
2007-08-07,75.83,75.83,72.5,75.81,21968277.0,1652072861.0,399770478.0,0.0549522243610995,600048
2007-08-08,75.44,75.44,70.01,71.99,10094789.0,728786997.0,399770478.0,0.0252514619151041,600048
2007-08-09,71.0,78.0,70.5,77.01,9758899.0,724318032.0,435399927.0,0.0224136440886449,600048
2007-08-10,75.9,75.9,71.86,75.27,10184767.0,751664205.0,435399927.0,0.0233917517400043,600048
2007-08-13,73.48,74.2,70.8,72.5,7274689.0,527421733.0,435399927.0,0.0167080620571624,600048
2007-08-14,71.8,73.2,70.7,72.25,8568652.0,613608149.0,435399927.0,0.0196799573648068,600048
2007-08-15,73.5,77.18,73.5,73.79,7331576.0,554351155.0,435399927.0,0.0168387166495781,600048
2007-08-16,72.8,75.5,70.9,71.92,5400530.0,390840677.0,435399927.0,0.0124036079592636,600048
2007-08-17,71.01,73.0,68.5,69.51,5136632.0,362659783.0,435399927.0,0.0117975031263613,600048
2007-08-20,71.2,73.65,71.2,73.45,4471170.0,325275972.0,435399927.0,0.0102691105871499,600048
2007-08-21,72.5,77.18,71.8,76.2,10029698.0,756044629.0,435399927.0,0.0230355987174981,600048
2007-08-22,74.55,78.16,74.02,77.27,6267848.0,482831514.0,435399927.0,0.014395611049333,600048
2007-08-23,77.0,85.0,76.5,83.2,13854089.0,1149558110.0,435399927.0,0.0318192267404766,600048
2007-08-24,83.0,85.44,82.01,84.34,5875682.0,496066752.0,435399927.0,0.0134949080962983,600048
2007-08-27,85.0,87.99,83.8,84.82,4232633.0,363980190.0,435399927.0,0.0097212533524379,600048
2007-08-28,84.4,86.2,78.2,85.7,6635790.0,552749136.0,435399927.0,0.0152406777964388,600048
2007-08-29,84.67,86.88,81.88,82.7,4055178.0,339542175.0,435399927.0,0.0093136855303147,600048
2007-08-30,82.9,85.48,80.88,81.0,4554736.0,374940544.0,435399927.0,0.0104610398797793,600048
2007-08-31,81.33,84.88,80.5,83.97,4849226.0,398251588.0,435399927.0,0.0111374065526657,600048
2007-09-03,83.8,87.96,82.38,85.29,3574922.0,306045414.0,435399927.0,0.0082106628373412,600048
2007-09-04,85.3,86.99,83.7,83.99,6524761.0,556311671.0,435399927.0,0.014985673160207,600048
2007-09-05,84.05,85.0,80.5,81.03,3739893.0,305595988.0,435399927.0,0.008589558169586,600048
2007-09-06,81.18,82.75,79.0,80.48,4198923.0,338237876.0,435399927.0,0.0096438302802012,600048
2007-09-07,80.4,80.43,78.3,78.62,3231954.0,254852132.0,435399927.0,0.0074229548504265,600048
2007-09-10,77.0,80.2,74.0,79.0,9523169.0,733980549.0,525942071.0,0.0181068781622529,600048
2007-09-11,79.6,80.6,76.01,76.72,7247422.0,575163232.0,525942071.0,0.0137798864164262,600048
2007-09-12,76.52,78.83,74.4,75.65,6786725.0,515754885.0,525942071.0,0.0129039401375441,600048
2007-09-13,76.5,82.0,76.5,78.66,7407082.0,587601278.0,525942071.0,0.014083455970572,600048
2007-09-14,78.44,79.77,73.0,75.98,8327381.0,629318611.0,525942071.0,0.0158332665499961,600048
2007-09-17,74.6,77.48,74.5,75.9,3758232.0,286626370.0,525942071.0,0.0071457147226391,600048
2007-09-18,76.99,76.99,72.7,73.0,4748912.0,349904237.0,525942071.0,0.009029344222208,600048
2007-09-19,73.1,75.65,72.8,73.96,4546069.0,337065870.0,525942071.0,0.0086436686674567,600048
2007-09-20,74.27,75.48,71.94,72.21,7344610.0,537666710.0,525942071.0,0.0139646748282283,600048
2007-09-21,72.25,73.4,69.68,71.19,5419516.0,383970551.0,525942071.0,0.0103043971928231,600048
2007-09-24,70.96,75.5,69.5,75.14,7617379.0,553458197.0,525942071.0,0.0144833041888371,600048
2007-09-25,74.78,80.3,74.2,78.0,6823250.0,533473374.0,525942071.0,0.0129733869493014,600048
2007-09-26,77.5,78.5,73.5,73.78,5646113.0,425840305.0,525942071.0,0.0107352374174303,600048
2007-09-27,74.2,74.2,70.5,72.72,3739583.0,270211987.0,525942071.0,0.0071102564449536,600048
2007-09-28,72.26,76.0,72.26,74.58,5724039.0,427783471.0,525942071.0,0.0108834020239464,600048
2007-10-08,75.2,82.04,73.01,82.04,11535751.0,925244761.0,525942071.0,0.0219335011136616,600048
2007-10-09,81.47,85.32,80.29,81.12,8648582.0,722216191.0,525942071.0,0.0164439820977926,600048
2007-10-10,80.8,84.15,80.4,81.03,3372984.0,276769535.0,525942071.0,0.0064132234061191,600048
2007-10-11,81.08,83.0,79.81,81.02,2823302.0,228534987.0,525942071.0,0.0053680854901603,600048
2007-10-12,80.1,81.25,72.92,76.0,6635828.0,507340740.0,525942071.0,0.0126170321141698,600048
2007-10-15,74.2,75.8,70.41,71.82,7465209.0,537085192.0,525942071.0,0.014193975746808,600048
2007-10-16,71.91,76.18,71.91,73.87,5361936.0,396921285.0,525942071.0,0.0101949174550822,600048
2007-10-17,73.0,75.0,71.01,73.0,2934822.0,214168750.0,525942071.0,0.0055801240513425,600048
2007-10-18,72.08,74.55,70.0,70.79,3184630.0,226244334.0,525942071.0,0.0060550965127108,600048
2007-10-19,74.57,77.0,73.0,75.07,3578605.0,267956651.0,525942071.0,0.0068041809113992,600048
2007-10-22,74.0,78.5,72.0,76.48,5683645.0,432305883.0,525942071.0,0.0108065988887205,600048
2007-10-23,77.0,79.57,75.32,78.97,5498387.0,431145773.0,525942071.0,0.0104543585751671,600048
2007-10-24,79.0,86.87,79.0,81.72,7333970.0,616687101.0,525942071.0,0.0139444444633523,600048
2007-10-25,80.97,84.1,79.82,81.55,4031627.0,331131091.0,525942071.0,0.0076655343283994,600048
2007-10-26,81.61,88.0,81.61,86.18,6535846.0,558315789.0,525942071.0,0.0124269313302376,600048
2007-10-30,86.3,90.18,86.3,87.84,4329608.0,382676405.0,525942071.0,0.0082321005272841,600048
2007-10-31,88.0,93.1,85.11,92.38,5002339.0,448497970.0,525942071.0,0.0095111976695243,600048
2007-11-01,90.71,98.5,90.0,96.23,5016889.0,475085767.0,525942071.0,0.0095388623132223,600048
2007-11-02,93.85,97.1,90.4,92.6,3129821.0,293161459.0,525942071.0,0.005950885416048,600048
2007-11-05,89.1,91.5,86.0,88.16,2817247.0,248113301.0,525942071.0,0.0053565728154118,600048
2007-11-06,86.7,89.5,86.0,87.97,1520302.0,134129957.0,525942071.0,0.0028906263328761,600048
2007-11-07,88.8,88.8,85.0,88.8,1502657.0,131410152.0,525942071.0,0.0028570770106732,600048
2007-11-08,88.01,89.8,86.9,86.9,1641745.0,144910108.0,525942071.0,0.0031215319909252,600048
2007-11-09,86.8,88.78,84.0,84.51,2518987.0,217807767.0,525942071.0,0.0047894761398541,600048
2007-11-12,82.68,88.0,82.0,86.86,2157653.0,184470966.0,525942071.0,0.0041024537092032,600048
2007-11-13,87.2,88.98,82.92,83.0,2557127.0,216922358.0,525942071.0,0.0048619936319945,600048
2007-11-14,83.0,87.5,82.0,86.81,2499227.0,209655310.0,525942071.0,0.0047519054622272,600048
2007-11-15,86.5,86.5,83.34,83.72,1419331.0,119807985.0,525942071.0,0.0026986451137125,600048
2007-11-16,82.8,83.72,78.5,80.0,5519007.0,443507187.0,525942071.0,0.0104935644138648,600048
2007-11-19,79.01,79.33,72.9,73.26,5585225.0,420832665.0,525942071.0,0.010619468013617,600048
2007-11-20,73.1,75.5,69.99,74.97,6946440.0,501711246.0,525942071.0,0.0132076142659445,600048
2007-11-21,74.69,76.2,73.5,75.59,3519657.0,265189085.0,525942071.0,0.0066921001267457,600048
2007-11-22,74.3,76.0,70.55,71.44,3293524.0,242942930.0,525942071.0,0.0062621421285767,600048
2007-11-23,70.01,74.0,70.01,72.8,1721352.0,124341113.0,525942071.0,0.0032728927669298,600048
2007-11-26,74.5,74.88,71.0,71.27,944308.0,68714360.0,525942071.0,0.0017954600935508,600048
2007-11-27,71.28,72.5,65.0,65.91,3560253.0,245251026.0,525942071.0,0.0067692873346882,600048
2007-11-28,64.54,68.0,62.72,64.5,4074673.0,266234383.0,525942071.0,0.0077473798440436,600048
2007-11-29,65.51,67.5,65.3,67.26,3726464.0,246529216.0,525942071.0,0.0070853126332234,600048
2007-11-30,67.3,70.4,66.7,68.38,2725553.0,187759242.0,525942071.0,0.005182230420962,600048
2007-12-03,67.8,73.2,67.5,71.24,4176126.0,298542243.0,525942071.0,0.0079402775139469,600048
2007-12-04,70.85,73.68,70.75,73.07,3198296.0,233864336.0,525942071.0,0.006081080362936,600048
2007-12-05,73.2,74.5,72.0,73.41,1982490.0,145366877.0,525942071.0,0.0037694075247309,600048
2007-12-06,73.0,73.95,70.5,71.44,1675354.0,120641368.0,525942071.0,0.0031854344658425,600048
2007-12-07,72.6,72.6,68.96,71.58,1498359.0,105966768.0,525942071.0,0.0028489050080194,600048
2007-12-10,69.03,71.5,68.8,70.4,6372595.0,445291740.0,525942071.0,0.0121165340279462,600048
2007-12-11,71.3,71.38,67.0,68.73,4530099.0,312202818.0,525942071.0,0.0086133041066418,600048
2007-12-12,67.8,67.8,64.45,65.54,7608535.0,497381640.0,525942071.0,0.0144664886487089,600048
2007-12-13,64.95,64.95,59.0,59.79,11646965.0,720400924.0,525942071.0,0.0221449578617185,600048
2007-12-14,58.85,62.0,58.01,61.01,5006072.0,303119433.0,525942071.0,0.0095182954093816,600048
2007-12-17,60.8,60.8,55.55,56.85,14017887.0,793265874.0,525942071.0,0.0266529106016316,600048
2007-12-18,56.0,58.29,55.49,56.79,4742725.0,269666255.0,525942071.0,0.0090175805692486,600048
2007-12-19,57.48,58.7,57.3,58.31,2167495.0,125657200.0,525942071.0,0.0041211667967136,600048
2007-12-20,58.0,61.59,56.6,61.5,3575615.0,212383063.0,525942071.0,0.006798495874653,600048
2007-12-21,60.08,62.2,60.0,60.52,3476562.0,211712358.0,525942071.0,0.0066101614449474,600048
2007-12-24,62.48,62.5,57.7,60.03,9427950.0,558748864.0,525942071.0,0.0179258335087629,600048
2007-12-25,60.0,60.05,58.58,58.94,5692151.0,337367769.0,525942071.0,0.0108227717725209,600048
2007-12-26,59.3,60.0,57.3,59.0,5840547.0,341141287.0,525942071.0,0.0111049245193393,600048
2007-12-27,59.05,62.99,57.31,62.98,10472214.0,637096496.0,525942071.0,0.0199113449511438,600048
2007-12-28,62.75,65.3,61.8,64.82,9415402.0,605991239.0,525942071.0,0.0179019753679298,600048
2008-01-02,64.6,66.2,61.88,65.39,5575311.0,361486535.0,525942071.0,0.0106006180289007,600048
2008-01-03,64.0,64.99,62.72,64.48,3016450.0,192256604.0,525942071.0,0.0057353274558634,600048
2008-01-04,64.22,68.88,63.17,68.36,6086655.0,407697703.0,525942071.0,0.0115728619854029,600048
2008-01-07,68.38,70.88,67.53,68.69,4968615.0,347309344.0,525942071.0,0.0094470765393476,600048
2008-01-08,68.0,69.2,66.11,67.07,8253941.0,553840633.0,525942071.0,0.0156936313999493,600048
2008-01-09,67.07,69.54,66.18,69.5,5532147.0,380750183.0,525942071.0,0.0105185481539467,600048
2008-01-10,69.46,75.14,69.4,74.95,5857236.0,428709520.0,525942071.0,0.0111366561508634,600048
2008-01-11,75.1,76.19,74.1,76.0,3303925.0,248708867.0,525942071.0,0.0062819180707831,600048
2008-01-14,76.0,80.5,75.5,80.0,5175536.0,400742429.0,525942071.0,0.0098405057997347,600048
2008-01-15,80.1,80.5,74.6,75.03,5913987.0,455225726.0,525942071.0,0.011244559669386,600048
2008-01-16,74.5,74.5,68.0,69.45,7117703.0,500206291.0,525942071.0,0.0135332451850956,600048
2008-01-17,68.59,70.78,65.5,69.37,5786533.0,396492525.0,525942071.0,0.011002224995992,600048
2008-01-18,69.6,72.07,67.82,69.5,4114269.0,288367948.0,525942071.0,0.0078226657019038,600048
2008-01-21,69.11,69.89,62.55,65.44,4111661.0,270474458.0,525942071.0,0.0078177069808891,600048
2008-01-22,62.81,64.87,58.9,59.16,5090883.0,317106757.0,525942071.0,0.0096795508112147,600048
2008-01-23,60.0,62.95,59.01,61.99,3896675.0,239866467.0,525942071.0,0.0074089433320879,600048
2008-01-24,62.6,63.45,57.0,63.17,8205691.0,495912003.0,525942071.0,0.0156018912584766,600048
2008-01-25,62.3,69.49,61.0,67.83,7062649.0,470829141.0,525942071.0,0.0134285682576627,600048
2008-01-28,67.0,67.0,63.5,63.69,5388287.0,352443048.0,525942071.0,0.0102450199311018,600048
2008-01-29,63.5,68.78,63.5,65.84,3455042.0,231501022.0,525942071.0,0.0065692443911755,600048
2008-01-30,67.6,70.28,66.67,69.04,6673943.0,460734256.0,525942071.0,0.0126895020725581,600048
2008-01-31,70.7,71.49,67.51,69.0,3696299.0,255728597.0,525942071.0,0.0070279584079897,600048
2008-02-01,68.7,71.0,67.7,69.92,3844172.0,267225191.0,525942071.0,0.007309116748715,600048
2008-02-04,72.0,76.8,72.0,76.54,7296940.0,544898444.0,525942071.0,0.0138740374698034,600048
2008-02-05,76.58,78.8,72.0,74.54,4311993.0,321985518.0,525942071.0,0.0081986082455837,600048
2008-02-13,73.0,76.75,70.5,74.94,4444387.0,329942887.0,525942071.0,0.0084503355883846,600048
2008-02-14,74.99,76.1,71.8,73.58,2584552.0,190652662.0,525942071.0,0.0049141381580025,600048
2008-02-15,72.51,72.95,69.81,71.33,2515244.0,178723066.0,525942071.0,0.004782359386496,600048
2008-02-18,73.0,74.5,72.0,73.84,3278735.0,240172370.0,525942071.0,0.006234023062209,600048
2008-02-19,73.49,75.38,72.2,75.22,2562449.0,189983688.0,525942071.0,0.0048721126171326,600048
2008-02-20,75.5,75.8,69.8,69.98,3891995.0,281893436.0,525942071.0,0.0074000450137026,600048
2008-02-21,69.65,69.65,66.36,67.26,5769557.0,386960269.0,525942071.0,0.0109699476769942,600048
2008-02-22,66.97,66.97,62.48,63.5,3722559.0,238503068.0,525942071.0,0.0070778878611519,600048
2008-02-25,63.2,65.49,60.35,61.99,4817421.0,306612676.0,525942071.0,0.0091596038149988,600048
2008-02-26,64.0,65.3,59.5,62.0,4411947.0,270356004.0,525942071.0,0.0083886557917136,600048
2008-02-27,62.39,64.58,62.0,63.7,4163261.0,265257628.0,525942071.0,0.0079158166451377,600048
2008-02-28,64.26,64.26,61.85,63.59,3066948.0,191994243.0,525942071.0,0.0058313418323213,600048
2008-03-03,63.59,66.0,61.9,64.92,3403273.0,219135501.0,525942071.0,0.006470813398763,600048
2008-03-04,64.93,65.5,61.52,61.8,3946599.0,248682899.0,525942071.0,0.0075038663335985,600048
2008-03-05,61.8,63.5,58.2,61.99,6505107.0,394164140.0,525942071.0,0.0123684857300567,600048
2008-03-06,62.25,63.65,60.6,61.96,4614372.0,287542797.0,525942071.0,0.0087735365821305,600048
2008-03-07,60.68,63.5,60.3,63.26,3558751.0,222691911.0,525942071.0,0.0067664315068645,600048
2008-03-10,63.26,64.45,60.8,61.11,3597690.0,225102341.0,525942071.0,0.0068404681777206,600048
2008-03-11,30.0,31.0,28.5,29.01,6268312.0,183520140.0,525942071.0,0.0119182555373099,600048
2008-03-12,29.9,30.2,26.11,26.11,18457512.0,498014797.0,1051884142.0,0.017547095980462,600048
2008-03-13,25.05,25.3,23.5,24.28,28778402.0,697702520.0,1051884142.0,0.0273589085061042,600048
2008-03-14,24.0,25.2,23.21,24.45,7787581.0,187962203.0,1051884142.0,0.0074034588877754,600048
2008-03-17,24.38,25.98,24.0,24.96,11291950.0,283122962.0,1051884142.0,0.0107349750311189,600048
2008-03-18,24.8,26.0,23.8,24.37,10678454.0,265145206.0,1051884142.0,0.0101517396960624,600048
2008-03-19,25.0,26.81,24.22,26.46,18663682.0,489765381.0,1051884142.0,0.0177430966536997,600048
2008-03-20,25.88,28.31,25.02,27.55,24386830.0,662034408.0,1051884142.0,0.0231839506142112,600048
2008-03-21,27.8,29.6,27.23,28.79,23315022.0,670609997.0,1051884142.0,0.0221650094996868,600048
2008-03-24,29.25,30.27,26.5,26.61,15363657.0,436714676.0,1051884142.0,0.0146058452509687,600048
2008-03-25,25.83,29.27,25.51,29.27,28249214.0,808008838.0,1051884142.0,0.0268558226824185,600048
2008-03-26,29.49,30.5,28.01,29.01,21154760.0,622654587.0,1051884142.0,0.0201113023339028,600048
2008-03-27,28.5,30.67,27.95,29.28,21597719.0,639570238.0,1051884142.0,0.0205324123994636,600048
2008-03-28,28.9,30.59,28.0,30.41,32269277.0,963701669.0,1051884142.0,0.0306775962404422,600048
2008-03-31,29.5,31.04,29.05,29.75,19227807.0,580724107.0,1051884142.0,0.0182793962112987,600048
2008-04-01,29.8,30.11,26.78,26.8,27052122.0,754599452.0,1051884142.0,0.0257177771960364,600048
2008-04-02,27.21,27.9,25.68,26.21,25904422.0,696838911.0,1051884142.0,0.0246266874512877,600048
2008-04-03,25.9,26.28,24.18,25.99,23137778.0,581742119.0,1051884142.0,0.02199650805269,600048
2008-04-07,25.2,27.88,24.95,27.59,12905228.0,347409649.0,1051884142.0,0.0122686781601846,600048
2008-04-08,27.57,29.18,27.09,28.98,19028578.0,542611445.0,1051884142.0,0.0180899941735218,600048
2008-04-09,28.65,29.94,26.85,26.93,16497156.0,471993787.0,1051884142.0,0.0156834344594577,600048
2008-04-10,26.5,27.67,25.85,27.37,10022825.0,269877339.0,1051884142.0,0.0095284495694964,600048
2008-04-11,27.38,28.15,26.69,27.0,8113181.0,221842856.0,1051884142.0,0.0077129986811798,600048
2008-04-14,26.39,26.39,24.3,24.3,30962622.0,764163034.0,1051884142.0,0.0294353919445246,600048
2008-04-15,23.78,23.78,21.87,23.29,31618684.0,708570415.0,1051884142.0,0.0300590937133835,600048
2008-04-16,22.7,23.2,22.0,22.04,10233198.0,230540062.0,1051884142.0,0.009728445929932,600048
2008-04-17,22.08,22.95,20.7,21.11,12066535.0,263829056.0,1051884142.0,0.0114713536578822,600048
2008-04-18,20.8,21.11,19.0,19.53,14628824.0,290916654.0,1051884142.0,0.0139072578584419,600048
2008-04-21,21.09,21.25,17.59,17.94,28633709.0,546330505.0,1051884142.0,0.0272213524823725,600048
2008-04-22,16.98,19.19,16.58,18.8,18821313.0,340269984.0,1051884142.0,0.0178929525111141,600048
2008-04-23,18.5,20.45,18.18,20.3,22305082.0,438350749.0,1051884142.0,0.0212048847486095,600048
2008-04-24,22.33,22.33,21.49,22.31,36974409.0,820038387.0,1051884142.0,0.0351506477982439,600048
2008-04-25,22.2,24.14,21.75,23.01,30746059.0,709131845.0,1051884142.0,0.0292295109055841,600048
2008-04-28,22.5,23.1,21.5,21.55,14625064.0,323470395.0,1051884142.0,0.0139036833202871,600048
2008-04-29,21.01,22.06,20.86,21.7,10491578.0,227581844.0,1051884142.0,0.0099740813470691,600048
2008-04-30,21.71,23.4,21.71,22.96,18695344.0,425152383.0,1051884142.0,0.0177731969268531,600048
2008-05-05,23.12,23.88,22.4,23.3,16498531.0,381608199.0,1051884142.0,0.0156847416376394,600048
2008-05-06,23.0,23.45,22.25,23.29,20054641.0,462451468.0,1051884142.0,0.0190654466582879,600048
2008-05-07,23.4,23.94,21.3,21.55,24485711.0,560589822.0,1051884142.0,0.023277954312957,600048
2008-05-08,20.8,21.95,20.39,21.49,21902429.0,463128410.0,1051884142.0,0.020822092591258,600048
2008-05-09,21.9,22.0,20.08,20.51,29088766.0,601849286.0,1051884142.0,0.0276539638145813,600048
2008-05-12,19.85,20.3,18.5,19.8,24519441.0,475635573.0,1051884142.0,0.0233100205820956,600048
2008-05-13,18.84,20.58,18.4,19.88,19913033.0,395468231.0,1051884142.0,0.0189308234670582,600048
2008-05-14,19.8,20.66,19.56,20.65,20544351.0,416652964.0,1051884142.0,0.0195310017326984,600048
2008-05-15,20.98,22.0,20.38,20.4,24472052.0,519598242.0,1051884142.0,0.0232649690425697,600048
2008-05-16,20.29,20.65,19.51,19.8,15931203.0,318649425.0,1051884142.0,0.0151453970678835,600048
2008-05-19,19.8,19.95,18.75,19.11,13666761.0,261251514.0,1051884142.0,0.0129926485763106,600048
2008-05-20,19.11,19.63,17.83,17.9,18292652.0,344490252.0,1051884142.0,0.017390367693175,600048
2008-05-21,17.8,18.42,17.2,18.32,16863209.0,298263277.0,1051884142.0,0.0160314319103025,600048
2008-05-22,17.9,18.0,17.4,17.57,14099550.0,248987970.0,1051884142.0,0.0134040902767027,600048
2008-05-23,17.32,17.9,16.9,17.43,10957668.0,190291203.0,1051884142.0,0.0104171814770071,600048
2008-05-26,17.12,18.0,16.76,17.74,18387777.0,319099473.0,1051884142.0,0.0174808006564662,600048
2008-05-27,17.6,18.24,17.31,17.8,18371380.0,329407223.0,1051884142.0,0.0174652124378161,600048
2008-05-28,17.86,18.51,17.85,18.29,26044188.0,475325834.0,1051884142.0,0.0247595594990916,600048
2008-05-29,18.28,18.28,17.2,17.27,18806611.0,332337437.0,1051884142.0,0.0178789756866588,600048
2008-05-30,17.05,17.59,16.98,17.3,16732233.0,288086508.0,1051884142.0,0.0159069162961104,600048
2008-06-02,17.1,17.19,16.7,16.92,12053337.0,204086893.0,1051884142.0,0.0114588066486888,600048
2008-06-03,16.88,17.25,16.74,17.03,11077190.0,187767481.0,1051884142.0,0.0105308080592776,600048
2008-06-04,17.08,18.05,17.0,18.0,30481620.0,537449636.0,1051884142.0,0.0289781153483726,600048
2008-06-05,17.7,18.19,17.52,17.84,19409042.0,348215409.0,1051884142.0,0.0184516918023848,600048
2008-06-06,17.82,18.09,17.48,17.71,9986702.0,177095902.0,1051884142.0,0.0094941083349842,600048
2008-06-10,17.0,17.0,15.94,15.94,12692812.0,205314871.0,1051884142.0,0.0120667395706399,600048
2008-06-11,15.4,15.68,14.5,14.81,13293355.0,199864204.0,1051884142.0,0.0126376608118881,600048
2008-06-12,14.79,15.35,14.1,15.07,15878675.0,232949638.0,1051884142.0,0.015095460009321,600048
2008-06-13,14.85,15.0,13.95,13.96,10153450.0,146565991.0,1051884142.0,0.009652631496749,600048
2008-06-16,13.91,14.7,13.35,14.15,18998023.0,269900386.0,1051884142.0,0.0180609462976389,600048
2008-06-17,14.16,14.4,13.36,13.41,14761499.0,205941718.0,1051884142.0,0.0140333886695289,600048
2008-06-18,13.4,14.11,12.8,13.86,16475747.0,224410561.0,1051884142.0,0.0156630814575014,600048
2008-06-19,13.75,13.75,12.47,12.47,11095258.0,144471927.0,1051884142.0,0.0105479848559215,600048
2008-06-20,12.46,13.51,12.06,12.78,15077274.0,194581729.0,1051884142.0,0.0143335880806538,600048
2008-06-23,12.4,13.24,12.3,12.62,10079702.0,128662860.0,1051884142.0,0.0095825211138129,600048
2008-06-24,12.68,13.88,12.3,13.88,29332581.0,399115413.0,1051884142.0,0.0278857526497438,600048
2008-06-25,14.0,14.87,13.88,14.67,26640768.0,383881723.0,1051884142.0,0.0253267132151517,600048
2008-06-26,14.5,15.1,14.21,14.69,22241325.0,326346718.0,1051884142.0,0.0211442725600097,600048
2008-06-27,14.0,14.08,13.22,13.29,21243789.0,287703119.0,1051884142.0,0.020195939982143,600048
2008-06-30,13.0,13.63,12.9,13.49,9410064.0,125593545.0,1051884142.0,0.0089459129805951,600048
2008-07-01,13.48,13.49,12.75,12.81,7471615.0,97866367.0,1051884142.0,0.0071030778977177,600048
2008-07-02,12.65,13.4,12.6,13.18,9848181.0,128128426.0,1051884142.0,0.0093624198776066,600048
2008-07-03,12.8,14.03,12.6,13.54,12615744.0,168642131.0,1051884142.0,0.0119934729465671,600048
2008-07-04,13.49,14.74,13.34,14.12,22978052.0,326464151.0,1051884142.0,0.0218446605310644,600048
2008-07-07,13.93,15.53,13.92,15.53,28465952.0,431028644.0,1051884142.0,0.0270618700894912,600048
2008-07-08,15.5,16.16,15.25,15.71,26854980.0,424405044.0,1051884142.0,0.0255303592170705,600048
2008-07-09,16.25,17.28,16.25,17.28,35716396.0,608093560.0,1051884142.0,0.0339546862376788,600048
2008-07-10,17.28,18.8,16.72,17.74,54364813.0,956140716.0,1051884142.0,0.0516832708368751,600048
2008-07-11,17.31,17.71,16.5,16.91,35296434.0,598266371.0,1051884142.0,0.0335554388460397,600048
2008-07-14,16.7,17.38,16.35,16.8,24363762.0,408315257.0,1051884142.0,0.0231620204423616,600048
2008-07-15,16.82,17.06,15.12,15.12,39943935.0,626067250.0,1051884142.0,0.0379737020505438,600048
2008-07-16,14.75,14.75,13.85,14.35,33025264.0,470823520.0,1051884142.0,0.0313962942127898,600048
2008-07-17,14.6,14.9,13.7,13.94,25036150.0,358496337.0,1051884142.0,0.0238012429319425,600048
2008-07-18,14.25,14.58,13.33,14.4,24686866.0,343073111.0,1051884142.0,0.0234691873508632,600048
2008-07-21,14.0,15.66,13.91,15.36,29020439.0,436163583.0,1051884142.0,0.0275890070410435,600048
2008-07-22,15.25,15.94,15.21,15.61,23470277.0,366834594.0,1051884142.0,0.0223126065532034,600048
2008-07-23,15.81,15.96,15.08,15.37,17800098.0,274958569.0,1051884142.0,0.0169221088989475,600048
2008-07-24,15.49,16.91,15.4,16.9,45698794.0,753890357.0,1051884142.0,0.0434447028672859,600048
2008-07-28,17.25,17.75,16.7,16.85,44079121.0,761995680.0,1051884142.0,0.0419049201713319,600048
2008-07-29,16.35,17.36,16.04,17.17,30256508.0,506457907.0,1051884142.0,0.0287641069885052,600048
2008-07-30,17.41,17.8,16.66,16.85,16850967.0,287523223.0,1051884142.0,0.0160197937464485,600048
2008-07-31,16.83,16.9,15.3,15.6,20785066.0,330634377.0,1051884142.0,0.0197598434752332,600048
2008-08-01,15.5,16.58,15.2,16.13,24476880.0,388987573.0,1051884142.0,0.0232695589016684,600048
2008-08-04,15.8,16.12,15.5,15.62,9298411.0,147011093.0,1051884142.0,0.0088397672602236,600048
2008-08-05,15.63,15.65,14.3,14.51,21408810.0,317719333.0,1051884142.0,0.0203528213281116,600048
2008-08-06,14.65,14.75,13.99,14.48,15993196.0,229526598.0,1051884142.0,0.0152043322657106,600048
2008-08-07,14.26,14.99,14.26,14.57,12196595.0,178062836.0,1051884142.0,0.0115949984537365,600048
2008-08-08,14.51,14.75,13.41,13.49,14273814.0,197847606.0,1051884142.0,0.0135697587120768,600048
2008-08-11,13.32,13.8,12.8,13.27,14293719.0,188473436.0,1051884142.0,0.0135886818987713,600048
2008-08-12,13.2,13.97,13.14,13.53,11806115.0,159135728.0,1051884142.0,0.0112237788636612,600048
2008-08-13,13.3,14.56,13.1,14.45,14422572.0,199852635.0,1051884142.0,0.0137111792298509,600048
2008-08-14,14.34,14.77,14.13,14.43,10982415.0,159384627.0,1051884142.0,0.0104407078322509,600048
2008-08-15,14.2,14.84,13.89,13.92,9888247.0,141593182.0,1051884142.0,0.009400509623806,600048
2008-08-18,13.82,13.98,13.2,13.31,8385449.0,113272988.0,1051884142.0,0.0079718370732886,600048
2008-08-19,13.05,13.75,12.88,13.7,5690899.0,76646581.0,1051884142.0,0.0054101956411089,600048
2008-08-20,13.5,15.07,13.27,15.07,28537932.0,424092729.0,1051884142.0,0.0271302996789545,600048
2008-08-21,14.8,15.17,14.21,14.31,19942382.0,292013241.0,1051884142.0,0.0189587248288414,600048
2008-08-22,14.18,14.33,13.54,13.75,13522314.0,186982461.0,1051884142.0,0.0128553264186389,600048
2008-08-25,13.75,14.1,13.3,13.68,6962961.0,95742262.0,1051884142.0,0.0066195132353273,600048
2008-08-26,13.35,14.0,13.21,13.77,9046038.0,122969378.0,1051884142.0,0.0085998425480588,600048
2008-08-27,13.59,14.2,13.43,14.0,12115154.0,168469434.0,1051884142.0,0.0115175745277087,600048
2008-08-28,13.74,14.2,13.69,13.98,9442759.0,132326135.0,1051884142.0,0.0089769953010661,600048
2008-08-29,14.05,15.0,13.9,14.52,16646218.0,240277273.0,1051884142.0,0.0158251439824444,600048
2008-09-01,14.35,14.41,14.1,14.27,10390926.0,147985365.0,1051884142.0,0.0098783940028254,600048
2008-09-02,14.05,14.67,14.02,14.54,10237024.0,147589626.0,1051884142.0,0.0097320832126395,600048
2008-09-03,14.38,14.72,13.9,14.21,9277714.0,133506771.0,1051884142.0,0.0088200911388965,600048
2008-09-04,14.08,14.57,13.98,14.3,5178585.0,73598603.0,1051884142.0,0.0049231515080678,600048
2008-09-05,13.85,14.03,13.28,13.35,12847329.0,174658285.0,1051884142.0,0.012213635025976,600048
2008-09-08,13.3,13.43,12.02,12.03,20054685.0,252217017.0,1051884142.0,0.0190654884879897,600048
2008-09-09,12.15,12.4,11.98,12.12,7360123.0,89488126.0,1051884142.0,0.0069970852360278,600048
2008-09-10,12.03,12.66,11.71,12.0,7742903.0,93877100.0,1051884142.0,0.0073609846282861,600048
2008-09-11,11.85,11.97,11.17,11.17,7430167.0,85493155.0,1051884142.0,0.0070636743186114,600048
2008-09-12,11.17,11.6,11.0,11.26,10978473.0,124732630.0,1051884142.0,0.0104369602712386,600048
2008-09-16,11.6,12.12,11.58,11.8,26484244.0,312864521.0,1051884142.0,0.0251779097550079,600048
2008-09-17,11.7,12.0,11.25,11.7,13049603.0,151694549.0,1051884142.0,0.0124059318692533,600048
2008-09-18,11.4,12.01,10.88,11.94,12501571.0,142658332.0,1051884142.0,0.0118849315250918,600048
2008-09-19,13.12,13.13,12.82,13.13,13995463.0,183492223.0,1051884142.0,0.0133051373636926,600048
2008-09-22,14.1,14.44,13.38,14.02,39735241.0,556167066.0,1051884142.0,0.0377753018735023,600048
2008-09-23,13.32,13.6,12.96,13.28,19741087.0,261348029.0,1051884142.0,0.0187673586964295,600048
2008-09-24,12.75,12.93,11.95,12.72,14003274.0,173265256.0,1051884142.0,0.0133125630864392,600048
2008-09-25,12.7,13.92,12.45,13.51,27721578.0,368402259.0,1051884142.0,0.0263542123063967,600048
2008-09-26,13.51,14.86,13.2,14.85,33113413.0,469020326.0,1051884142.0,0.0314800952669937,600048
2008-10-06,14.29,15.35,13.75,14.41,23243655.0,341599297.0,1051884142.0,0.0220971626740238,600048
2008-10-07,13.71,15.85,13.6,15.3,26002340.0,393435353.0,1051884142.0,0.0247197756499688,600048
2008-10-08,14.9,15.76,14.63,15.08,21387295.0,324417918.0,1051884142.0,0.0203323675546008,600048
2008-10-09,15.48,15.63,13.69,13.89,28785350.0,417870422.0,1051884142.0,0.0273655137962903,600048
2008-10-10,13.2,13.81,13.18,13.47,10016390.0,135467900.0,1051884142.0,0.0095223319756064,600048
2008-10-13,13.38,14.71,12.42,14.32,25681857.0,348329176.0,1051884142.0,0.0244151004607501,600048
2008-10-14,14.8,15.42,13.88,13.92,32288586.0,475977802.0,1051884142.0,0.0306959528248121,600048
2008-10-15,13.92,14.4,13.48,13.98,19596777.0,273733300.0,1051884142.0,0.0186301667812385,600048
2008-10-16,13.25,14.97,13.12,14.38,33511745.0,480551938.0,1051884142.0,0.0318587795574923,600048
2008-10-17,14.75,14.89,13.88,14.62,19481943.0,280949472.0,1051884142.0,0.018520996963561,600048
2008-10-20,14.66,15.57,14.41,15.53,27566597.0,415440658.0,1051884142.0,0.0262068757378414,600048
2008-10-21,15.6,15.61,14.8,15.03,26018725.0,397687874.0,1051884142.0,0.0247353524605184,600048
2008-10-22,14.75,15.04,14.2,14.22,21205836.0,309015509.0,1051884142.0,0.0201598590123055,600048
2008-10-23,14.6,15.3,14.13,15.13,40938600.0,600839616.0,1051884142.0,0.0389193052403674,600048
2008-10-24,15.08,15.15,14.09,14.31,16755313.0,246706320.0,1051884142.0,0.0159288578760606,600048
2008-10-27,13.98,14.09,13.21,13.24,16925252.0,231538496.0,1051884142.0,0.0160904146418817,600048
2008-10-28,12.8,14.05,12.39,13.97,17500828.0,231177872.0,1051884142.0,0.0166376003793771,600048
2008-10-29,14.0,14.3,13.52,13.8,15316960.0,213647376.0,1051884142.0,0.0145614515785712,600048
2008-10-30,13.89,14.55,13.89,14.19,13554557.0,193021504.0,1051884142.0,0.0128859790339913,600048
2008-10-31,14.1,14.35,13.9,14.14,5325766.0,75250880.0,1051884142.0,0.005063072811302,600048
2008-11-03,13.79,14.43,13.6,13.99,5639055.0,79299400.0,1051884142.0,0.0053609088442746,600048
2008-11-04,13.98,14.09,12.88,12.94,14706728.0,195624704.0,1051884142.0,0.0139813192468491,600048
2008-11-05,13.02,13.67,12.95,13.2,13912603.0,185460240.0,1051884142.0,0.0132263644297814,600048
2008-11-06,12.9,12.91,12.45,12.52,10769990.0,135639184.0,1051884142.0,0.0102387606866308,600048
2008-11-07,12.12,13.0,12.1,12.84,8162292.0,103754480.0,1051884142.0,0.0077596872831266,600048
2008-11-10,13.2,14.12,13.1,14.11,16474076.0,224195968.0,1051884142.0,0.0156614928795076,600048
2008-11-11,14.28,15.15,14.02,14.54,23087920.0,337342912.0,1051884142.0,0.0219491092964875,600048
2008-11-12,14.38,14.91,14.21,14.67,15148761.0,220309776.0,1051884142.0,0.0144015489873218,600048
2008-11-13,14.4,15.88,14.18,15.39,36512228.0,551185216.0,1051884142.0,0.0347112638570417,600048
2008-11-14,15.64,16.26,15.45,16.02,30766824.0,488957856.0,1051884142.0,0.0292492516728139,600048
2008-11-17,15.7,15.92,15.03,15.89,29564372.0,459241248.0,1051884142.0,0.0281061105682112,600048
2008-11-18,15.5,15.97,14.52,14.81,30556160.0,465985056.0,1051884142.0,0.0290489786659413,600048
2008-11-19,14.92,16.29,14.65,16.28,29815328.0,465041088.0,1051884142.0,0.0283446881738426,600048
2008-11-20,15.88,17.44,15.8,16.88,43515792.0,730516800.0,1051884142.0,0.0413693773510657,600048
2008-11-21,16.25,18.43,16.16,17.97,43123628.0,757344064.0,1051884142.0,0.040996556824221,600048
2008-11-24,17.75,17.75,16.7,16.76,22466584.0,384232896.0,1051884142.0,0.0213584206691082,600048
2008-11-25,17.02,17.56,16.3,16.94,21344934.0,363589472.0,1051884142.0,0.0202920960091819,600048
2008-11-26,16.8,18.24,16.65,17.38,26549856.0,467218432.0,1051884142.0,0.0252402854458091,600048
2008-11-27,19.12,19.12,17.46,17.56,55886156.0,1039505344.0,1051884142.0,0.053129573656031,600048
2008-11-28,17.29,17.72,16.8,17.02,22567244.0,391852544.0,1051884142.0,0.0214541156187522,600048
2008-12-01,16.88,17.38,16.38,17.02,20436088.0,346525280.0,1051884142.0,0.0194280788007164,600048
2008-12-02,16.6,17.32,16.41,17.02,13212401.0,223399424.0,1051884142.0,0.0125606998646054,600048
2008-12-03,17.11,17.92,17.03,17.79,18124874.0,316757344.0,1051884142.0,0.0172308653361179,600048
2008-12-04,17.9,18.86,17.75,17.8,25099768.0,461437984.0,1051884142.0,0.0238617229767116,600048
2008-12-05,17.9,18.86,17.75,18.67,20046140.0,369118592.0,1051884142.0,0.0190573649697629,600048
2008-12-08,18.95,19.4,18.26,18.8,38120204.0,719755456.0,1051884142.0,0.0362399265070392,600048
2008-12-09,18.77,18.77,18.0,18.06,15913814.0,293152704.0,1051884142.0,0.0151288657795926,600048
2008-12-10,17.88,18.42,17.5,18.29,18272948.0,328865216.0,1051884142.0,0.0173716355921639,600048
2008-12-11,18.2,19.08,18.0,18.35,17831968.0,332284160.0,1051884142.0,0.0169524069125095,600048
2008-12-12,18.13,18.41,16.79,17.16,15488746.0,270959424.0,1051884142.0,0.0147247642411934,600048
2008-12-15,17.5,17.54,16.7,17.1,8471988.0,144987872.0,1051884142.0,0.0080541075406762,600048
2008-12-16,17.0,18.38,16.9,18.34,15857022.0,279939968.0,1051884142.0,0.0150748750426546,600048
2008-12-17,18.5,18.66,18.01,18.32,20738792.0,381111712.0,1051884142.0,0.0197158519383782,600048
2008-12-18,18.64,18.68,17.8,18.34,26607362.0,485030528.0,1051884142.0,0.0252949549647265,600048
2008-12-19,18.1,18.3,17.65,18.15,15912370.0,285646112.0,1051884142.0,0.0151274930048332,600048
2008-12-22,17.8,18.07,16.93,17.13,21642980.0,373734752.0,1051884142.0,0.0205754409025019,600048
2008-12-23,17.3,17.35,15.86,16.03,28466124.0,463500032.0,1051884142.0,0.0270620336055983,600048
2008-12-24,15.79,16.0,15.28,15.48,15804829.0,247128288.0,1051884142.0,0.0150252564602309,600048
2008-12-25,15.48,15.7,14.78,15.26,19277010.0,293315456.0,1051884142.0,0.0183261722753493,600048
2008-12-26,15.25,15.29,14.78,14.79,13889846.0,208398896.0,1051884142.0,0.0132047299178696,600048
2008-12-29,14.58,14.92,14.0,14.89,18195594.0,262864016.0,1051884142.0,0.0172980970750293,600048
2008-12-30,14.68,15.06,14.31,14.41,14944467.0,219357296.0,1051884142.0,0.0142073317804614,600048
2008-12-31,14.36,14.79,14.29,14.4,12731927.0,185007296.0,1051884142.0,0.0121039252248751,600048
2009-01-05,14.6,15.44,14.52,15.4,15807219.0,236897168.0,1051884142.0,0.0150275285735793,600048
2009-01-06,15.38,16.14,15.21,15.89,21501140.0,340880736.0,1051884142.0,0.0204405971546626,600048
2009-01-07,16.0,16.26,15.75,15.77,13298539.0,212575488.0,1051884142.0,0.0126425891113015,600048
2009-01-08,15.42,16.22,15.3,16.2,16105288.0,255801952.0,1051884142.0,0.0153108953324253,600048
2009-01-09,16.15,16.48,15.91,16.3,11090647.0,179417056.0,1051884142.0,0.0105436012933066,600048
2009-01-12,16.09,16.5,15.88,16.0,12047565.0,194973552.0,1051884142.0,0.0114533193523512,600048
2009-01-13,15.8,15.89,15.0,15.09,13568857.0,210324224.0,1051884142.0,0.01289957368708,600048
2009-01-14,15.04,15.8,15.0,15.69,12858463.0,198294528.0,1051884142.0,0.0122242198418844,600048
2009-01-15,15.5,16.23,15.4,16.05,16814568.0,265303152.0,1051884142.0,0.015985190125625,600048
2009-01-16,16.05,16.9,15.92,16.73,22787648.0,377502112.0,1051884142.0,0.0216636482005258,600048
2009-01-19,16.72,17.42,16.72,17.05,31439472.0,541921600.0,1051884142.0,0.0298887213379056,600048
2009-01-20,16.9,17.05,16.19,16.5,14531054.0,240346464.0,1051884142.0,0.0138143103596669,600048
2009-01-21,16.25,16.88,16.15,16.53,23487538.0,389344928.0,1051884142.0,0.022329016155089,600048
2009-01-22,16.62,16.86,15.85,16.44,28055978.0,455412128.0,1051884142.0,0.0266721180401634,600048
2009-01-23,16.29,16.88,16.24,16.51,13478570.0,223832384.0,1051884142.0,0.0128137400896381,600048
2009-02-02,16.7,16.8,16.31,16.51,7664314.0,126806232.0,1251425098.0,0.0061244688253807,600048
2009-02-03,16.43,16.6,15.76,16.49,28286052.0,454832928.0,1251425098.0,0.022603072325468,600048
2009-02-04,16.49,17.1,16.33,17.09,27891604.0,467811712.0,1251425098.0,0.0222878732770948,600048
2009-02-05,17.1,17.7,16.6,16.69,31124350.0,536509664.0,1251425098.0,0.0248711249676406,600048
2009-02-06,16.92,18.3,16.9,18.04,43576336.0,765398976.0,1251425098.0,0.0348213697085368,600048
2009-02-09,18.03,18.83,18.03,18.44,32902176.0,606403712.0,1251425098.0,0.0262917661253426,600048
2009-02-10,18.44,19.25,18.12,18.61,24232600.0,451224192.0,1251425098.0,0.0193640035178517,600048
2009-02-11,18.26,18.87,17.69,17.99,28435128.0,519499328.0,1251425098.0,0.0227221973136421,600048
2009-02-12,18.02,18.7,17.31,18.54,27686300.0,497808640.0,1251425098.0,0.0221238171139828,600048
2009-02-13,18.6,19.58,18.49,19.39,41917564.0,803220352.0,1251425098.0,0.0334958632897739,600048
2009-02-16,19.51,20.3,18.99,19.15,48161116.0,949618624.0,1251425098.0,0.0384850168635502,600048
2009-02-17,19.3,19.6,18.28,18.3,37981120.0,719050688.0,1251425098.0,0.0303502942850519,600048
2009-02-18,18.38,18.4,17.45,17.77,47583220.0,852181376.0,1251425098.0,0.0380232265407226,600048
2009-02-19,18.01,19.3,17.88,18.85,35317788.0,651399744.0,1251425098.0,0.0282220550446399,600048
2009-02-20,18.85,19.21,18.48,18.88,26405146.0,498341504.0,1251425098.0,0.0211000610761284,600048
2009-02-23,19.48,20.21,19.45,20.01,54409388.0,1081170304.0,1251425098.0,0.0434779421372928,600048
2009-02-24,19.79,21.1,19.65,19.88,52924360.0,1075577856.0,1251425098.0,0.0422912726335619,600048
2009-02-25,19.75,20.26,18.5,19.03,32881412.0,642206976.0,1251425098.0,0.0262751738418466,600048
2009-02-26,18.9,19.65,17.92,18.37,21565424.0,408901920.0,1251425098.0,0.0172326925794163,600048
2009-02-27,18.08,18.2,16.8,17.43,30421068.0,532606016.0,1251425098.0,0.0243091400744785,600048
2009-03-02,17.52,18.58,17.4,18.42,15755135.0,286959904.0,1251425098.0,0.0125897546926136,600048
2009-03-03,17.98,18.86,17.8,18.28,21133732.0,385549248.0,1251425098.0,0.0168877322612239,600048
2009-03-04,18.7,19.92,18.7,19.91,25512608.0,495176096.0,1251425098.0,0.0203868437997397,600048
2009-03-05,20.1,20.9,19.85,20.38,37705920.0,770641536.0,1251425098.0,0.030130384998879,600048
2009-03-06,20.0,21.2,19.8,20.39,24456656.0,505402048.0,1251425098.0,0.0195430441974402,600048
2009-03-09,21.03,21.92,19.8,20.47,31221060.0,651890752.0,1251425098.0,0.0249484048625018,600048
2009-03-11,21.25,21.32,19.7,19.74,21196078.0,435495712.0,1251425098.0,0.0169375522625166,600048
2009-03-12,19.58,20.6,18.8,20.31,27146460.0,530742016.0,1251425098.0,0.0216924369212227,600048
2009-03-13,20.27,20.86,19.92,20.1,20447084.0,416282240.0,1251425098.0,0.0163390394140872,600048
2009-03-16,19.95,21.03,19.65,20.84,21038184.0,434467008.0,1251425098.0,0.0168113809077528,600048
2009-03-17,20.92,22.65,20.84,22.58,36994112.0,805249152.0,1251425098.0,0.0295615870731082,600048
2009-03-18,22.65,23.17,22.28,22.39,29513382.0,667835968.0,1251425098.0,0.0235838181982826,600048
2009-03-19,22.4,22.77,22.0,22.59,22682556.0,507051264.0,1251425098.0,0.0181253804452625,600048
2009-03-20,22.45,22.45,20.85,21.59,45483772.0,978958464.0,1251425098.0,0.0363455807884076,600048
2009-03-23,21.41,22.78,21.25,22.74,36106504.0,808727936.0,1251425098.0,0.0288523093053708,600048
2009-03-24,22.9,23.68,22.76,22.98,31110678.0,721046272.0,1251425098.0,0.0248601998231619,600048
2009-03-25,22.6,23.32,22.07,22.09,19598090.0,445411360.0,1251425098.0,0.0156606176680659,600048
2009-03-26,22.12,22.59,21.28,22.47,18927372.0,415887488.0,1251425098.0,0.0151246543083156,600048
2009-03-27,22.47,22.7,21.98,22.28,16245932.0,362139168.0,1251425098.0,0.0129819451647277,600048
2009-03-30,22.05,22.15,21.46,21.58,19269172.0,418262336.0,1251425098.0,0.0153977829202846,600048
2009-03-31,21.1,22.1,20.8,22.01,20422952.0,436811808.0,1251425098.0,0.0163197557989203,600048
2009-04-01,22.05,22.9,21.85,22.48,24052666.0,535220480.0,1251425098.0,0.0192202202420587,600048
2009-04-02,22.52,23.29,22.36,22.94,29796276.0,682793088.0,1251425098.0,0.0238098756750362,600048
2009-04-03,23.08,23.8,23.0,23.1,28301310.0,662936896.0,1251425098.0,0.0226152648250626,600048
2009-04-07,23.1,23.32,22.3,22.54,17082428.0,387198720.0,1251425098.0,0.0136503798967279,600048
2009-04-08,22.75,22.78,21.5,21.51,17416352.0,384982080.0,1251425098.0,0.0139172148839226,600048
2009-04-09,21.7,22.06,21.45,22.03,14924565.0,323960512.0,1251425098.0,0.0119260553618847,600048
2009-04-10,22.07,22.94,22.07,22.75,16509555.0,372359008.0,1251425098.0,0.0131926033978263,600048
2009-04-13,22.96,23.8,22.66,22.84,27330408.0,634570240.0,1251425098.0,0.021839427740165,600048
2009-04-14,22.94,24.0,22.66,23.5,26632564.0,622263488.0,1251425098.0,0.0212817882928539,600048
2009-04-15,23.31,23.43,22.71,23.15,24464572.0,562452864.0,1251425098.0,0.0195493697857736,600048
2009-04-16,23.17,23.26,22.48,22.87,18560996.0,423872384.0,1251425098.0,0.0148318872856743,600048
2009-04-17,22.92,25.15,22.82,24.59,38898104.0,913617152.0,1251425098.0,0.0310830460905459,600048
2009-04-20,23.98,24.5,23.62,24.33,17070608.0,411388224.0,1251425098.0,0.0136409346650325,600048
2009-04-21,23.98,24.6,23.36,23.88,16816148.0,403685504.0,1251425098.0,0.0134375984842202,600048
2009-04-22,23.88,24.08,22.5,22.91,20655952.0,482249504.0,1251425098.0,0.0165059435303094,600048
2009-04-23,22.71,23.15,22.18,22.96,13263037.0,300143712.0,1251425098.0,0.0105983466539041,600048
2009-04-24,23.3,23.42,22.5,22.8,13946003.0,319212992.0,1251425098.0,0.0111440972554315,600048
2009-04-27,22.71,22.85,21.83,22.0,18045116.0,400775808.0,1251425098.0,0.0144196532647773,600048
2009-04-28,22.0,22.45,21.89,22.15,10075219.0,222876592.0,1251425098.0,0.0080509964328684,600048
2009-04-29,22.17,23.63,22.05,23.45,22811796.0,525038528.0,1251425098.0,0.0182286547045103,600048
2009-04-30,18.4,19.51,18.4,19.42,38863096.0,738763904.0,1251425098.0,0.0310550715836769,600048
2009-05-04,19.2,20.39,18.8,19.99,37108272.0,736651008.0,1626852627.0,0.0228098546752999,600048
2009-05-05,20.25,21.0,20.15,20.29,33116228.0,683155456.0,1626852627.0,0.0203560097887096,600048
2009-05-06,20.3,21.1,20.12,20.76,25752954.0,532396512.0,1626852627.0,0.015829924341389,600048
2009-05-07,20.94,21.01,20.11,20.74,23775350.0,487775328.0,1626852627.0,0.0146143231448339,600048
2009-05-08,20.66,22.12,20.4,21.73,40634472.0,863502464.0,1626852627.0,0.0249773527888214,600048
2009-05-11,21.9,22.88,20.9,20.92,39735940.0,874858688.0,1626852627.0,0.0244250396996777,600048
2009-05-12,20.78,22.22,20.52,22.19,20786192.0,447679488.0,1626852627.0,0.0127769360635516,600048
2009-05-13,22.02,22.82,22.0,22.57,24025316.0,540533632.0,1626852627.0,0.014767973202529,600048
2009-05-14,22.2,23.01,21.68,22.72,23269620.0,519286208.0,1626852627.0,0.0143034590926102,600048
2009-05-15,22.75,22.91,21.96,22.51,18184536.0,407324832.0,1626852627.0,0.0111777401949021,600048
2009-05-18,22.1,22.18,21.6,21.96,24654304.0,539329664.0,1626852627.0,0.0151546019539973,600048
2009-05-19,22.35,23.33,22.25,22.87,36270892.0,829481856.0,1626852627.0,0.0222951307315926,600048
2009-05-20,22.7,23.15,22.58,22.76,18007544.0,411371776.0,1626852627.0,0.0110689460748554,600048
2009-05-21,22.59,22.59,21.4,21.89,34957560.0,763743040.0,1626852627.0,0.0214878467906853,600048
2009-05-22,21.3,21.77,20.98,21.36,34383536.0,732649792.0,1626852627.0,0.0211350035211271,600048
2009-05-25,21.0,21.95,20.77,21.69,36489604.0,782827904.0,1626852627.0,0.0224295694609343,600048
2009-05-26,21.7,21.7,20.85,21.14,25611316.0,543114752.0,1626852627.0,0.0157428617533897,600048
2009-05-27,21.28,21.51,20.8,21.38,24229064.0,516176768.0,1626852627.0,0.0148932138030717,600048
2009-06-01,22.03,22.8,22.03,22.6,34708040.0,778067904.0,1626852627.0,0.0213344708819774,600048
2009-06-02,22.68,23.91,22.68,23.25,43161004.0,1014999168.0,1626852627.0,0.0265303711495927,600048
2009-06-03,23.33,25.4,23.33,25.34,43650224.0,1080523392.0,1626852627.0,0.0268310867718198,600048
2009-06-04,25.35,25.35,24.41,24.83,28949640.0,719930688.0,1626852627.0,0.017794875528083,600048
2009-06-05,24.86,25.25,24.28,24.55,29260680.0,722404928.0,1626852627.0,0.0179860667858761,600048
2009-06-08,24.3,26.06,24.15,25.29,29176504.0,738144128.0,1626852627.0,0.0179343251599888,600048
2009-06-09,25.3,25.71,24.9,25.6,24272440.0,614330112.0,1626852627.0,0.0149198763287856,600048
2009-06-10,25.65,26.26,24.28,24.31,38208848.0,953474944.0,1626852627.0,0.0234863609437439,600048
2009-06-11,24.66,24.66,22.96,23.41,67095440.0,1576075648.0,1626852627.0,0.041242481885853,600048
2009-06-12,23.12,24.1,22.98,23.57,36711792.0,860634304.0,1626852627.0,0.0225661448312613,600048
2009-06-15,23.6,24.05,23.12,23.88,29228160.0,692261312.0,1626852627.0,0.0179660772677966,600048
2009-06-16,23.68,24.03,23.3,23.58,20054876.0,473905856.0,1626852627.0,0.0123274079453541,600048
2009-06-17,23.35,25.94,23.31,25.52,46258864.0,1144927616.0,1626852627.0,0.0284345755923225,600048
2009-06-18,25.4,26.03,25.01,25.82,39278724.0,1004930304.0,1626852627.0,0.0241439964186749,600048
2009-06-19,25.7,26.5,25.5,26.22,33400192.0,869878656.0,1626852627.0,0.0205305578671816,600048
2009-06-22,26.54,26.65,25.48,25.85,29582586.0,767221824.0,1626852627.0,0.0181839371981417,600048
2009-06-23,25.1,26.05,24.88,25.29,26393268.0,668377216.0,1626852627.0,0.0162235150018908,600048
2009-06-24,25.28,25.85,24.65,25.58,27670750.0,700524544.0,1626852627.0,0.0170087625275722,600048
2009-06-25,25.54,27.11,25.3,26.26,34084232.0,901464000.0,1626852627.0,0.020951026192737,600048
2009-06-26,26.28,26.98,25.79,26.63,25252686.0,667650816.0,1626852627.0,0.0155224176922326,600048
2009-06-29,26.62,28.25,26.5,27.71,36328832.0,1006259520.0,1626852627.0,0.0223307455125743,600048
2009-06-30,27.96,28.31,27.4,27.89,21082624.0,590480768.0,1626852627.0,0.0129591480199884,600048
2009-07-01,27.6,29.38,27.56,28.96,31513600.0,907144384.0,1626852627.0,0.0193709002751605,600048
2009-07-02,29.0,29.18,28.65,29.0,31782148.0,916924864.0,1626852627.0,0.0195359723877435,600048
2009-07-03,28.7,30.58,28.6,30.51,45898316.0,1362046592.0,1626852627.0,0.0282129525675837,600048
2009-07-06,30.5,30.9,29.5,29.65,61314284.0,1842385408.0,1626852627.0,0.0376888987867737,600048
2009-07-07,29.5,29.5,28.2,28.7,56244332.0,1615838464.0,1626852627.0,0.0345724812847476,600048
2009-07-08,28.68,30.25,28.2,29.88,70057128.0,2027415808.0,1626852627.0,0.0430629836023862,600048
2009-07-09,30.0,30.5,29.1,29.72,37590560.0,1120559872.0,1626852627.0,0.0231063093092328,600048
2009-07-10,29.7,30.8,29.05,30.32,50899216.0,1530092544.0,1626852627.0,0.0312869249219339,600048
2009-07-13,30.0,30.26,29.0,29.2,33306878.0,985727680.0,1626852627.0,0.0204731992604761,600048
2009-07-14,29.4,30.1,29.3,29.71,31572926.0,936022336.0,1626852627.0,0.0194073670079275,600048
2009-07-15,29.92,29.98,28.8,29.24,60821732.0,1771725696.0,1626852627.0,0.0373861350380325,600048
2009-07-16,29.5,30.3,28.91,29.58,61859732.0,1833684608.0,1626852627.0,0.0380241768512692,600048
2009-07-17,29.48,29.89,28.9,29.21,33666836.0,984288000.0,1626852627.0,0.0206944596217565,600048
2009-07-20,28.98,28.98,27.95,28.62,76653280.0,2175564544.0,1626852627.0,0.0471175315623718,600048
2009-07-21,28.55,29.37,27.78,28.64,75402848.0,2152052992.0,1626852627.0,0.0463489112342319,600048
2009-07-22,28.2,29.2,28.0,29.05,53616048.0,1534285952.0,1626852627.0,0.0329569176151319,600048
2009-07-23,29.05,30.55,29.05,30.29,79574648.0,2395564288.0,1626852627.0,0.0489132492269688,600048
2009-07-24,30.38,30.8,28.76,29.68,55047916.0,1633679360.0,1626852627.0,0.0338370637182491,600048
2009-07-27,29.5,29.68,28.63,29.4,57585392.0,1676308224.0,1626852627.0,0.0353968091788316,600048
2009-07-28,29.28,29.98,28.47,29.09,56314916.0,1636135168.0,1626852627.0,0.0346158681280477,600048
2009-07-29,29.0,29.02,26.18,26.56,78209243.0,2157404844.0,1626852627.0,0.0480739568550974,600048
2009-07-30,26.56,27.18,25.22,26.69,73719784.0,1926615296.0,1626852627.0,0.0453143590123114,600048
2009-07-31,27.0,27.5,26.2,27.32,58580704.0,1579821184.0,3188046142.0,0.0183751117112909,600048
2009-08-03,27.3,27.3,26.3,26.78,51739992.0,1380836992.0,3188046142.0,0.0162293736337019,600048
2009-08-04,27.0,27.98,26.9,27.16,56900628.0,1561952640.0,3188046142.0,0.0178481193387946,600048
2009-08-05,27.17,27.18,26.1,26.44,37239884.0,988959936.0,3188046142.0,0.011681099438742,600048
2009-08-06,26.27,27.96,25.5,27.17,73542776.0,1970233728.0,3188046142.0,0.0230682909607648,600048
2009-08-07,26.83,27.24,26.31,26.42,32593654.0,872132736.0,3188046142.0,0.0102237083618722,600048
2009-08-10,26.6,26.95,25.34,25.76,38920812.0,1010972864.0,3188046142.0,0.0122083590595659,600048
2009-08-11,25.89,26.31,25.73,25.99,27961052.0,728085120.0,3188046142.0,0.0087705920035582,600048
2009-08-12,25.88,26.77,25.58,26.57,59852784.0,1577154048.0,3188046142.0,0.0187741272660664,600048
2009-08-13,26.52,27.84,25.9,27.59,63287240.0,1717702912.0,3188046142.0,0.0198514190764808,600048
2009-08-14,27.47,27.95,26.76,26.93,39882744.0,1095035904.0,3188046142.0,0.0125100899496328,600048
2009-08-17,26.59,27.25,24.3,24.93,43831600.0,1144935808.0,3188046142.0,0.0137487345062397,600048
2009-08-18,24.87,25.8,24.65,25.16,22606108.0,567398912.0,3188046142.0,0.0070908973688248,600048
2009-08-19,25.2,25.5,22.99,23.76,34571160.0,836627904.0,3188046142.0,0.0108439961218102,600048
2009-08-20,23.8,25.0,23.52,24.6,32486692.0,792301568.0,3188046142.0,0.0101901574045661,600048
2009-08-21,24.6,25.52,24.38,24.92,23344004.0,580904704.0,3188046142.0,0.007322354495583,600048
2009-08-24,25.15,25.54,24.8,25.23,18032228.0,454126848.0,3188046142.0,0.0056562004427851,600048
2009-08-25,25.1,25.1,23.3,24.15,26100390.0,632783360.0,3188046142.0,0.0081869549051213,600048
2009-08-26,24.13,24.99,23.62,24.69,20608838.0,508245824.0,3188046142.0,0.006464410200497,600048
2009-08-27,24.45,24.88,24.0,24.18,21685900.0,525732160.0,3188046142.0,0.0068022541186921,600048
2009-08-28,24.18,24.5,22.98,23.04,25761176.0,602364480.0,3188046142.0,0.0080805530574406,600048
2009-08-31,22.75,22.75,20.74,20.74,47068912.0,992313984.0,3188046142.0,0.0147641878139416,600048
2009-09-01,20.2,22.11,20.2,21.23,38143576.0,806292992.0,3188046142.0,0.0119645620863162,600048
2009-09-02,21.08,22.16,20.81,22.01,41126360.0,897299328.0,3188046142.0,0.0129001771518274,600048
2009-09-03,22.0,24.0,21.91,23.82,43586420.0,1012133248.0,3188046142.0,0.0136718284675316,600048
2009-09-04,23.98,24.36,23.34,23.89,34071344.0,815858240.0,3188046142.0,0.0106872179643628,600048
2009-09-07,24.05,24.49,23.4,23.59,26332428.0,630642112.0,3188046142.0,0.0082597386697422,600048
2009-09-08,23.3,24.59,22.99,24.58,39035716.0,937745600.0,3188046142.0,0.0122444011978795,600048
2009-09-09,24.66,25.25,24.61,24.98,28770992.0,717341056.0,3188046142.0,0.0090246472975923,600048
2009-09-10,24.65,25.85,24.64,24.92,20676936.0,524509856.0,3188046142.0,0.0064857706190627,600048
2009-09-11,24.9,26.11,24.9,25.85,25331448.0,650446400.0,3188046142.0,0.0079457595253337,600048
2009-09-14,26.14,26.46,26.14,26.31,24755682.0,650390272.0,3188046142.0,0.0077651579987702,600048
2009-09-15,26.34,26.45,25.75,26.0,25513710.0,664501440.0,3188046142.0,0.0080029299651209,600048
2009-09-16,26.0,26.32,24.98,25.64,22462060.0,574364736.0,3188046142.0,0.007045713581143,600048
2009-09-17,25.64,25.88,25.4,25.74,32171838.0,824800000.0,3188046142.0,0.0100913966006204,600048
2009-09-18,25.74,25.74,24.17,24.49,31022044.0,769380736.0,3188046142.0,0.0097307387089882,600048
2009-09-21,24.0,24.46,23.03,24.05,21706590.0,513738848.0,3188046142.0,0.0068087439871188,600048
2009-09-22,24.04,24.6,23.1,23.26,35640864.0,847497856.0,3188046142.0,0.0111795320432975,600048
2009-09-23,23.3,23.53,22.45,22.47,25315648.0,577860992.0,3188046142.0,0.0079408035117454,600048
2009-09-24,22.33,23.61,22.1,23.05,26551514.0,608615552.0,3188046142.0,0.0083284597579077,600048
2009-09-25,23.05,23.7,22.8,23.3,17767224.0,413952672.0,3188046142.0,0.0055730761753824,600048
2009-09-28,23.5,23.78,22.48,22.53,15109671.0,351258656.0,3188046142.0,0.0047394768855262,600048
2009-09-29,22.63,23.5,22.47,23.37,19860370.0,458439424.0,3188046142.0,0.006229636936039,600048
2009-09-30,23.45,24.3,23.45,24.14,26807510.0,645704576.0,3188046142.0,0.0084087584702216,600048
2009-10-09,24.8,25.2,24.3,25.15,25633454.0,635794432.0,3188046142.0,0.0080404902746856,600048
2009-10-12,24.98,25.69,24.78,25.24,26210452.0,665083520.0,3188046142.0,0.0082214782448402,600048
2009-10-13,25.15,25.51,24.8,25.49,25388932.0,636854592.0,3188046142.0,0.0079637906319864,600048
2009-10-14,25.4,26.7,25.4,26.16,43112388.0,1134835840.0,3188046142.0,0.0135231380223856,600048
2009-10-15,26.56,27.0,25.96,26.57,28605208.0,759625920.0,3188046142.0,0.0089726455408373,600048
2009-10-16,26.55,27.0,26.21,26.7,21414868.0,570485120.0,3188046142.0,0.0067172390380038,600048
2009-10-19,26.79,28.04,26.7,28.02,40215156.0,1113517440.0,3188046142.0,0.0126143582020965,600048
2009-10-20,28.11,28.36,27.51,27.87,31154534.0,870445184.0,3188046142.0,0.0097722970786286,600048
2009-10-21,27.87,28.75,27.62,27.69,24443980.0,689619904.0,3188046142.0,0.0076673858881682,600048
2009-10-22,27.58,28.0,27.28,27.33,22734036.0,625048064.0,3188046142.0,0.0071310247679595,600048
2009-10-23,27.46,28.13,27.45,27.69,24401100.0,679482880.0,3188046142.0,0.0076539356436955,600048
2009-10-26,27.81,28.08,27.3,27.49,16630294.0,461043520.0,3188046142.0,0.0052164533570919,600048
2009-10-27,27.25,27.37,26.53,26.58,21035270.0,566699392.0,3188046142.0,0.0065981698705288,600048
2009-10-28,26.69,26.88,25.76,26.41,21545216.0,566918144.0,3188046142.0,0.0067581255227641,600048
2009-10-29,25.9,26.11,25.15,25.41,28707108.0,733484224.0,3188046142.0,0.0090046086917646,600048
2009-10-30,25.98,26.31,25.5,25.81,21786478.0,564712768.0,3188046142.0,0.006833802595571,600048
2009-11-02,25.3,26.89,24.9,26.78,29611730.0,768247296.0,3188046142.0,0.0092883630540627,600048
2009-11-03,26.78,26.98,26.34,26.87,33471788.0,890047232.0,3188046142.0,0.0104991541869596,600048
2009-11-04,26.8,26.8,26.0,26.21,28595568.0,751322176.0,3188046142.0,0.0089696217452049,600048
2009-11-05,26.23,26.74,25.93,26.14,24999480.0,655836736.0,3188046142.0,0.0078416305431253,600048
2009-11-06,26.52,26.76,26.1,26.5,36410920.0,962447040.0,3188046142.0,0.0114210768534102,600048
2009-11-09,26.5,26.6,26.0,26.26,19516920.0,512342784.0,3188046142.0,0.0061219063748419,600048
2009-11-10,26.45,27.2,26.13,27.01,41225176.0,1099821184.0,3188046142.0,0.0129311729390897,600048
2009-11-11,26.99,27.07,26.51,26.63,20707496.0,553360576.0,3188046142.0,0.0064953564276235,600048
2009-11-12,26.78,26.82,26.21,26.27,23638512.0,626296512.0,3188046142.0,0.0074147333341827,600048
2009-11-13,26.13,26.33,25.58,26.13,29306216.0,758631040.0,3188046142.0,0.0091925319442255,600048
2009-11-16,26.2,26.96,26.17,26.91,39306944.0,1046308544.0,3188046142.0,0.01232947775823,600048
2009-11-17,27.01,27.52,27.0,27.04,35342736.0,963525120.0,3188046142.0,0.011086017712977,600048
2009-11-18,26.98,27.15,26.55,26.7,25005248.0,669912704.0,3188046142.0,0.0078434398017567,600048
2009-11-19,26.71,27.1,26.3,26.8,35480976.0,945748864.0,3188046142.0,0.0111293796951575,600048
2009-11-20,26.75,27.17,26.26,26.87,38726468.0,1032201344.0,3188046142.0,0.0121473988377424,600048
2009-11-23,26.8,26.85,26.35,26.6,31433652.0,833976768.0,3188046142.0,0.0098598485090558,600048
2009-11-24,26.63,27.19,26.23,26.27,57559540.0,1539467648.0,3188046142.0,0.0180548014163591,600048
2009-11-25,26.09,26.42,25.49,26.37,46778048.0,1213775872.0,3188046142.0,0.0146729519951847,600048
2009-11-26,26.27,27.29,25.66,25.78,56113816.0,1493256320.0,3188046142.0,0.0176013186449043,600048
2009-11-27,25.37,25.37,24.28,24.37,33890504.0,841232384.0,3188046142.0,0.0106304935657985,600048
2009-11-30,24.42,24.92,24.42,24.9,21622524.0,534576960.0,3188046142.0,0.0067823748581114,600048
2009-12-01,24.92,25.1,24.17,24.9,42893208.0,1054146432.0,3188046142.0,0.013454387449076,600048
2009-12-02,24.92,25.96,24.83,25.6,51577740.0,1306237440.0,3188046142.0,0.0161784797655541,600048
2009-12-03,25.7,25.7,24.72,25.04,34460592.0,865036224.0,3188046142.0,0.0108093140641877,600048
2009-12-04,25.1,25.59,24.55,25.52,50075596.0,1252134016.0,3188046142.0,0.0157072996341845,600048
2009-12-07,25.56,26.3,25.12,26.08,48444376.0,1241352064.0,3188046142.0,0.0151956320085156,600048
2009-12-08,26.3,26.75,25.8,25.98,49215672.0,1294467840.0,3188046142.0,0.0154375657715935,600048
2009-12-09,25.68,25.8,25.02,25.19,28817474.0,731881856.0,3188046142.0,0.0090392273876944,600048
2009-12-10,25.38,25.65,24.8,24.98,33915820.0,851871936.0,3188046142.0,0.0106384344797227,600048
2009-12-11,24.96,25.15,24.62,24.72,28840844.0,715816320.0,3188046142.0,0.0090465578964007,600048
2009-12-14,24.6,24.8,23.82,24.58,33193370.0,807171264.0,3188046142.0,0.0104118223267547,600048
2009-12-15,24.2,24.2,23.51,23.75,60183084.0,1432720384.0,3188046142.0,0.0188777330438023,600048
2009-12-16,23.6,23.83,23.45,23.72,33057236.0,781582208.0,3188046142.0,0.0103691209372715,600048
2009-12-17,23.79,24.14,23.52,23.65,35789160.0,853965376.0,3188046142.0,0.0112260483085567,600048
2009-12-18,23.3,23.3,21.78,21.88,59543648.0,1336284672.0,3188046142.0,0.0186771600371648,600048
2009-12-21,21.7,22.3,21.4,22.14,54194272.0,1180859264.0,3188046142.0,0.0169992119267137,600048
2009-12-22,22.09,22.1,21.18,21.52,49627984.0,1068857408.0,3188046142.0,0.0155668963965704,600048
2009-12-23,21.54,21.89,21.4,21.64,26306108.0,569743040.0,3188046142.0,0.0082514828293849,600048
2009-12-24,21.6,22.29,21.36,22.08,31048336.0,679809600.0,3188046142.0,0.0097389857665366,600048
2009-12-25,22.0,22.25,21.75,22.06,20893190.0,460103584.0,3188046142.0,0.0065536033888432,600048
2009-12-28,22.05,22.39,21.89,22.18,21882460.0,485990304.0,3188046142.0,0.006863909437105,600048
2009-12-29,22.18,22.18,21.4,21.73,31065342.0,674255744.0,3188046142.0,0.0097443200682507,600048
2009-12-30,21.61,22.32,21.25,22.28,48485260.0,1060487296.0,3188046142.0,0.015208456164183,600048
2009-12-31,22.1,22.55,21.95,22.4,31422960.0,700081088.0,3188046142.0,0.0098564947307465,600048
2010-01-04,22.42,22.58,21.88,21.9,27748848.0,615896192.0,3188046142.0,0.0087040296043494,600048
2010-01-05,21.89,21.9,20.8,21.22,62956936.0,1330525056.0,3188046142.0,0.0197478120440579,600048
2010-01-06,21.16,21.65,20.8,21.2,46797471.0,991802417.0,3188046142.0,0.0146790444415092,600048
2010-01-07,21.26,21.5,20.85,21.21,42234592.0,893639168.0,3188046142.0,0.0132477982183483,600048
2010-01-08,21.08,21.56,20.98,21.49,31917628.0,681425920.0,3188046142.0,0.010011658106045,600048
2010-01-11,21.69,21.77,20.83,21.0,43924552.0,927187776.0,3188046142.0,0.013777890922383,600048
2010-01-12,21.01,21.42,20.3,21.31,57117023.0,1193604326.0,3188046142.0,0.0179159963362914,600048
2010-01-13,20.65,20.85,20.34,20.43,44426336.0,913591872.0,3188046142.0,0.0139352863858267,600048
2010-01-14,20.45,20.78,20.28,20.59,23577448.0,484027104.0,3188046142.0,0.007395579282679,600048
2010-01-15,20.66,21.36,20.66,20.98,41200156.0,867996672.0,3188046142.0,0.0129233248720024,600048
2010-01-18,20.88,21.45,20.88,21.35,31707904.0,675913792.0,3188046142.0,0.0099458736127665,600048
2010-01-19,21.48,21.49,21.19,21.28,23678574.0,504505728.0,3188046142.0,0.0074272996516748,600048
2010-01-20,21.32,21.42,20.31,20.51,32653476.0,679790144.0,3188046142.0,0.0102424728330672,600048
2010-01-21,20.48,20.73,20.14,20.58,28984294.0,590212352.0,3188046142.0,0.0090915541083783,600048
2010-01-22,20.05,20.32,19.81,19.99,28556298.0,572569024.0,3188046142.0,0.0089573038557357,600048
2010-01-25,19.97,20.2,19.85,19.93,20301804.0,406550144.0,3188046142.0,0.0063681023096057,600048
2010-01-26,19.96,20.04,18.86,18.97,32220846.0,618465792.0,3188046142.0,0.0101067690255532,600048
2010-01-27,19.03,19.48,18.62,18.97,24823886.0,473008256.0,3188046142.0,0.007786551666541,600048
2010-01-28,18.83,19.34,18.65,19.19,19595076.0,372301600.0,3188046142.0,0.0061464217038299,600048
2010-01-29,18.98,19.55,18.8,19.06,19191044.0,370160480.0,3188046142.0,0.0060196882809107,600048
2010-02-01,18.89,19.57,18.38,19.48,31184404.0,593168576.0,3188046142.0,0.0097816664536845,600048
2010-02-02,19.57,19.91,19.35,19.37,25762076.0,505928448.0,3188046142.0,0.0080808353620121,600048
2010-02-03,19.36,19.94,18.79,19.89,38158472.0,743348416.0,3188046142.0,0.0119692345406461,600048
2010-02-04,19.8,20.27,19.6,19.86,34086800.0,681446528.0,3188046142.0,0.0106920660748705,600048
2010-02-05,19.4,19.54,18.81,19.07,33359178.0,637528320.0,3188046142.0,0.0104638316116316,600048
2010-02-08,19.1,19.12,18.5,18.64,26759824.0,500330592.0,3188046142.0,0.0083938007193372,600048
2010-02-09,18.56,18.8,18.52,18.64,15512531.0,289499904.0,3188046142.0,0.0048658426851589,600048
2010-02-10,18.76,19.08,18.68,19.05,18497798.0,348679136.0,3188046142.0,0.0058022365976157,600048
2010-02-11,19.0,19.53,18.9,19.35,20763192.0,401698048.0,3188046142.0,0.0065128266891941,600048
2010-02-12,19.4,19.52,19.36,19.47,11934176.0,232090256.0,3188046142.0,0.0037434138241528,600048
2010-02-22,19.21,19.46,19.12,19.14,12049591.0,232209168.0,3188046142.0,0.0037796162487286,600048
2010-02-23,19.14,19.16,18.5,18.99,23206674.0,435355360.0,3188046142.0,0.0072792779546915,600048
2010-02-24,18.7,19.38,18.67,19.36,16446468.0,313955328.0,3188046142.0,0.0051587923346938,600048
2010-02-25,19.55,20.04,19.41,19.96,37909064.0,751400000.0,3188046142.0,0.0118910022977954,600048
2010-02-26,20.0,20.1,19.8,19.91,16246219.0,324118880.0,3188046142.0,0.0050959798812096,600048
2010-03-01,19.85,20.06,19.55,19.83,22070728.0,437151392.0,3188046142.0,0.0069229637893992,600048
2010-03-03,20.02,20.1,19.48,19.66,22505266.0,444652768.0,3188046142.0,0.0070592660826048,600048
2010-03-04,19.74,20.12,19.11,19.18,25253556.0,497356896.0,3188046142.0,0.0079213270056867,600048
2010-03-05,19.31,19.45,18.95,19.12,14436362.0,276478816.0,3188046142.0,0.0045282788758331,600048
2010-03-08,19.18,19.52,19.03,19.43,14809975.0,286206880.0,3188046142.0,0.0046454707179078,600048
2010-03-09,19.57,20.6,19.33,20.28,57644688.0,1162363904.0,3188046142.0,0.0180815099381958,600048
2010-03-10,20.2,20.34,19.87,19.91,23629088.0,474643232.0,3188046142.0,0.0074117772916474,600048
2010-03-11,19.91,20.17,19.6,19.77,16488089.0,327330848.0,3188046142.0,0.0051718476664381,600048
2010-03-12,19.71,19.9,19.41,19.45,14962712.0,293147136.0,3188046142.0,0.0046933799993914,600048
2010-03-15,19.46,19.8,19.26,19.62,15014170.0,293456224.0,3188046142.0,0.0047095209201021,600048
2010-03-16,19.66,20.01,19.6,19.88,14322936.0,283479456.0,3188046142.0,0.0044927003443603,600048
2010-03-17,19.97,20.56,19.82,20.4,35299588.0,716786240.0,3188046142.0,0.0110724834044763,600048
2010-03-18,20.51,21.17,20.51,20.68,41033820.0,856886912.0,3188046142.0,0.0128711499684435,600048
2010-03-19,20.8,21.2,20.71,20.87,24405810.0,510992480.0,3188046142.0,0.0076554130376197,600048
2010-03-22,20.95,20.95,20.43,20.6,27539740.0,568732992.0,3188046142.0,0.0086384383328665,600048
2010-03-23,20.55,20.59,20.08,20.2,24283132.0,492780384.0,3188046142.0,0.0076169324151519,600048
2010-03-24,20.26,20.58,20.05,20.19,20567268.0,416551104.0,3188046142.0,0.0064513708660117,600048
2010-03-25,20.19,20.19,19.74,19.81,18464138.0,366621760.0,3188046142.0,0.005791678406642,600048
2010-03-26,19.71,20.22,19.71,20.2,15050310.0,301887552.0,3188046142.0,0.0047208570170061,600048
2010-03-29,20.2,20.97,20.1,20.83,40382512.0,837331200.0,3188046142.0,0.0126668530508364,600048
2010-03-30,20.9,21.15,20.78,20.82,28275056.0,592604032.0,3188046142.0,0.0088690861865198,600048
2010-03-31,20.83,21.07,20.56,20.69,17506658.0,364104928.0,3188046142.0,0.0054913439831888,600048
2010-04-01,20.79,21.37,20.72,21.33,35867276.0,757218112.0,3188046142.0,0.0112505510906748,600048
2010-04-02,21.41,21.67,21.3,21.44,29969612.0,643444992.0,3188046142.0,0.0094006205258995,600048
2010-04-06,21.51,21.55,20.3,20.67,50320632.0,1044370432.0,3188046142.0,0.0157841605041612,600048
2010-04-07,20.55,20.55,19.98,20.15,54201152.0,1093498624.0,3188046142.0,0.0170013699883268,600048
2010-04-08,20.1,20.14,19.31,19.53,57486884.0,1130171264.0,3188046142.0,0.0180320112819747,600048
2010-04-09,19.5,19.63,19.36,19.6,38041936.0,741591808.0,3188046142.0,0.0119326804900429,600048
2010-04-12,19.73,19.78,18.5,18.76,84381312.0,1592189184.0,3188046142.0,0.0264680334730236,600048
2010-04-13,18.78,18.97,18.6,18.95,36556604.0,688179392.0,3188046142.0,0.0114667738080686,600048
2010-04-14,18.9,18.91,18.52,18.79,25130202.0,470171072.0,3188046142.0,0.0078826343411186,600048
2010-04-15,18.45,18.69,18.4,18.54,36752664.0,679436800.0,3188046142.0,0.0115282722906085,600048
2010-04-16,18.47,18.9,18.21,18.65,31456700.0,582916672.0,3188046142.0,0.0098670780154599,600048
2010-04-19,18.25,18.25,16.9,16.92,60578924.0,1065467648.0,3188046142.0,0.0190018968677775,600048
2010-04-21,16.5,17.15,16.45,16.99,43649596.0,734066240.0,3188046142.0,0.013691644993763,600048
2010-04-22,16.9,16.99,16.55,16.76,31978608.0,535068896.0,3188046142.0,0.010030785809122,600048
2010-04-23,16.72,17.03,16.57,16.86,28093624.0,472405952.0,3188046142.0,0.0088121760942818,600048
2010-04-26,16.92,17.0,16.66,16.79,20589068.0,346395360.0,3188046142.0,0.0064582089100766,600048
2010-04-27,12.86,13.03,12.46,12.69,22652932.0,290124704.0,3188046142.0,0.0071055847346641,600048
2010-04-28,12.47,12.69,11.99,12.45,19577596.0,243211056.0,4144459985.0,0.0047237990162426,600048
2010-04-29,12.5,12.74,12.32,12.39,20716132.0,259010544.0,4144459985.0,0.0049985117663043,600048
2010-04-30,12.47,12.47,12.06,12.35,21268196.0,260779216.0,4144459985.0,0.0051317170577049,600048
2010-05-04,11.96,12.14,11.3,11.42,42568028.0,498508864.0,4144459985.0,0.0102710674379933,600048
2010-05-05,11.23,11.53,10.91,11.43,40544248.0,456215424.0,4144459985.0,0.0097827577408736,600048
2010-05-06,11.25,11.33,10.64,10.66,36814032.0,404185024.0,4144459985.0,0.0088827089978527,600048
2010-05-07,10.44,10.89,10.31,10.61,41434704.0,442794336.0,4144459985.0,0.0099976122703474,600048
2010-05-10,10.7,11.01,10.51,10.95,38283500.0,414605248.0,4144459985.0,0.009237270992737,600048
2010-05-11,11.15,11.18,10.6,10.66,34104332.0,373476480.0,4144459985.0,0.0082288964360697,600048
2010-05-12,10.6,11.12,10.49,11.04,41998008.0,458803744.0,4144459985.0,0.0101335296159217,600048
2010-05-13,11.05,11.15,10.82,11.09,33320420.0,366427712.0,4144459985.0,0.0080397494777597,600048
2010-05-14,10.91,11.03,10.79,10.9,21907600.0,238644624.0,4144459985.0,0.005285996264722,600048
2010-05-17,10.66,10.7,10.04,10.1,30387876.0,314495712.0,4144459985.0,0.0073321677878378,600048
2010-05-18,10.15,11.0,9.98,10.9,47023404.0,497046464.0,4144459985.0,0.0113460871066897,600048
2010-05-19,10.62,10.96,10.48,10.71,36741600.0,395222080.0,4144459985.0,0.0088652321733056,600048
2010-05-20,10.6,10.9,10.45,10.53,27997196.0,299971744.0,4144459985.0,0.0067553302725397,600048
2010-05-21,10.25,11.18,10.18,11.16,65302292.0,713608000.0,4144459985.0,0.0157565261183237,600048
2010-05-24,11.26,12.21,11.26,12.15,94010816.0,1117684992.0,4144459985.0,0.0226834898491606,600048
2010-05-25,11.82,11.82,11.53,11.66,55205848.0,643301696.0,4144459985.0,0.0133203959502096,600048
2010-05-26,11.58,11.84,11.3,11.7,35817292.0,416055392.0,4144459985.0,0.0086422096315643,600048
2010-05-27,11.51,11.95,11.3,11.73,35976980.0,420216352.0,4144459985.0,0.0086807401037073,600048
2010-05-28,11.72,11.88,11.33,11.44,34106000.0,393829312.0,4144459985.0,0.0082292989010485,600048
2010-05-31,11.29,11.47,11.0,11.05,26199708.0,292792032.0,4144459985.0,0.0063216216575438,600048
2010-06-01,10.89,10.94,10.54,10.72,27994936.0,300122112.0,4144459985.0,0.0067547849662734,600048
2010-06-02,10.59,11.08,10.53,11.04,25224408.0,274036992.0,4144459985.0,0.006086295462206,600048
2010-06-03,11.08,11.1,10.71,10.72,22267552.0,243098768.0,4144459985.0,0.0053728476280607,600048
2010-06-04,10.61,11.06,10.48,10.91,24046996.0,259217152.0,4144459985.0,0.0058022024792211,600048
2010-06-07,10.59,10.78,10.53,10.63,19441120.0,207198368.0,4144459985.0,0.0046908692737686,600048
2010-06-08,10.63,10.77,10.56,10.65,15742407.0,167572192.0,4144459985.0,0.0037984217622986,600048
2010-06-09,10.7,11.35,10.66,11.3,45624536.0,503797888.0,4144459985.0,0.0110085599004763,600048
2010-06-10,11.15,11.2,10.97,11.05,24525928.0,271725472.0,4144459985.0,0.0059177620459037,600048
2010-06-11,11.08,11.25,10.98,11.18,23920140.0,266484416.0,4144459985.0,0.005771593907668,600048
2010-06-17,11.18,11.39,11.16,11.29,27046610.0,305095200.0,4144459985.0,0.0065259672183805,600048
2010-06-18,11.24,11.75,11.16,11.22,31290440.0,358063552.0,4144459985.0,0.0075499438076973,600048
2010-06-21,11.38,11.89,11.2,11.8,48024460.0,560562240.0,4144459985.0,0.011587627863175,600048
2010-06-22,11.75,11.97,11.61,11.83,30446160.0,359879488.0,4144459985.0,0.0073462308986438,600048
2010-06-23,11.75,11.92,11.54,11.65,18070922.0,211250992.0,4144459985.0,0.0043602597359858,600048
2010-06-24,11.65,11.76,11.47,11.59,11463105.0,132916656.0,4144459985.0,0.0027658862774615,600048
2010-06-25,11.5,11.55,11.3,11.44,10570333.0,120634288.0,4144459985.0,0.0025504729297078,600048
2010-06-28,11.4,11.64,11.39,11.44,14322824.0,164902400.0,4144459985.0,0.0034558963174547,600048
2010-06-29,11.44,11.53,10.58,10.63,29234858.0,317704960.0,4144459985.0,0.0070539607345249,600048
2010-06-30,10.58,10.59,10.2,10.23,21508088.0,222737072.0,4144459985.0,0.0051895996288645,600048
2010-07-01,10.25,10.43,10.08,10.12,18104834.0,184838912.0,4144459985.0,0.0043684422254109,600048
2010-07-02,10.24,10.69,10.06,10.51,24415116.0,252207568.0,4144459985.0,0.005891024666269,600048
2010-07-05,10.3,10.97,10.23,10.79,26043098.0,277496224.0,4144459985.0,0.0062838338635811,600048
2010-07-06,10.56,11.1,10.56,10.95,21787700.0,238819232.0,4144459985.0,0.0052570660782963,600048
2010-07-07,10.93,11.05,10.82,10.91,14270405.0,155599168.0,4144459985.0,0.0034432483487954,600048
2010-07-08,10.91,11.22,10.91,11.0,19486664.0,215567696.0,4144459985.0,0.0047018584014631,600048
2010-07-09,10.99,11.58,10.9,11.42,32929826.0,372639648.0,4144459985.0,0.0079455046300802,600048
2010-07-12,11.5,12.07,11.48,11.84,48846672.0,579932160.0,4144459985.0,0.011786016073696,600048
2010-07-13,11.57,11.66,11.31,11.33,30185186.0,347122560.0,4144459985.0,0.0072832615369068,600048
2010-07-14,11.27,11.69,11.18,11.31,29473968.0,336777024.0,4494791665.0,0.0065573602063712,600048
2010-07-15,11.34,11.72,11.18,11.23,35142588.0,404203232.0,4494791665.0,0.0078185132079975,600048
2010-07-16,11.23,11.41,10.8,11.26,36145600.0,399012480.0,4494791665.0,0.008041663038903,600048
2010-07-19,11.1,11.65,10.98,11.59,51153012.0,586543680.0,4494791665.0,0.011380507888345,600048
2010-07-20,11.68,12.03,11.62,11.93,87786024.0,1044569792.0,4494791665.0,0.0195306102134991,600048
2010-07-21,11.98,12.11,11.75,11.82,45981688.0,546424832.0,4494791665.0,0.0102299931625418,600048
2010-07-22,11.76,12.41,11.7,12.35,79423600.0,972663680.0,4494791665.0,0.0176701404468765,600048
2010-07-23,12.45,12.55,12.21,12.38,50813840.0,629305856.0,4494791665.0,0.0113050489960806,600048
2010-07-26,12.38,12.52,12.1,12.48,43630476.0,538235776.0,4494791665.0,0.0097068961704591,600048
2010-07-27,12.4,12.66,12.3,12.47,35728920.0,448274496.0,4494791665.0,0.0079489601883472,600048
2010-07-28,12.44,13.13,12.41,13.0,53124580.0,683281280.0,4494791665.0,0.0118191417888553,600048
2010-07-29,13.05,13.28,12.95,13.13,48755052.0,638647232.0,4494791665.0,0.010847010414219,600048
2010-07-30,13.08,13.23,12.93,13.15,26348756.0,344260512.0,4494791665.0,0.0058620639094737,600048
2010-08-02,13.16,13.49,13.15,13.48,36607188.0,488611072.0,4494791665.0,0.0081443570088136,600048
2010-08-03,13.47,13.82,13.25,13.3,39549480.0,534642752.0,4494791665.0,0.008798957314966,600048
2010-08-04,13.25,13.38,12.72,13.09,48881800.0,634808960.0,4494791665.0,0.0108752092740209,600048
2010-08-05,13.0,13.0,12.4,12.5,70395200.0,889759104.0,4494791665.0,0.0156615045249266,600048
2010-08-06,12.45,12.81,12.05,12.66,65259176.0,809275200.0,4494791665.0,0.0145188433333094,600048
2010-08-09,12.55,12.8,12.32,12.61,42556888.0,533931200.0,4494791665.0,0.0094680446106949,600048
2010-08-10,12.65,12.83,12.1,12.27,46360112.0,579017792.0,4494791665.0,0.0103141848288534,600048
2010-08-11,12.2,12.69,12.12,12.58,45741768.0,569473856.0,4494791665.0,0.0101766158276437,600048
2010-08-12,12.33,12.98,12.31,12.56,58232128.0,740966336.0,4494791665.0,0.0129554676479093,600048
2010-08-13,12.44,12.9,12.25,12.86,41794472.0,527748480.0,4494791665.0,0.0092984225109797,600048
2010-08-16,12.72,13.18,12.61,12.97,39739092.0,513072224.0,4494791665.0,0.0088411421400106,600048
2010-08-17,12.99,13.55,12.88,13.29,57623848.0,765978752.0,4494791665.0,0.0128201376826216,600048
2010-08-18,13.3,13.58,13.03,13.16,37831032.0,501760000.0,4494791665.0,0.008416637481684,600048
2010-08-19,13.17,13.23,12.68,12.87,48997248.0,631016448.0,4494791665.0,0.0109008941129644,600048
2010-08-20,12.72,12.78,12.4,12.5,46430908.0,585113216.0,4494791665.0,0.0103299355032509,600048
2010-08-23,12.4,12.55,12.23,12.31,31071706.0,385451872.0,4494791665.0,0.0069128245124126,600048
2010-08-24,12.34,12.71,12.11,12.59,46071104.0,576610240.0,4494791665.0,0.0102498864093626,600048
2010-08-25,12.44,12.6,12.07,12.14,34562248.0,424431360.0,4494791665.0,0.007689399326142,600048
2010-08-26,12.17,12.28,12.04,12.14,30032038.0,364164064.0,4494791665.0,0.0066815194648181,600048
2010-08-27,12.1,12.2,11.96,12.07,17526224.0,211448912.0,4494791665.0,0.003899229442929,600048
2010-08-30,12.16,12.23,11.9,12.11,38035684.0,459127872.0,4494791665.0,0.0084621684017472,600048
2010-08-31,12.1,12.11,11.78,12.0,37410924.0,446364320.0,4494791665.0,0.0083231719706412,600048
2010-09-01,12.01,12.21,11.79,11.85,41952288.0,502098720.0,4494791665.0,0.0093335333707841,600048
2010-09-02,11.97,12.0,11.73,11.83,32949964.0,390002592.0,4494791665.0,0.0073306988300646,600048
2010-09-03,11.87,11.92,11.63,11.77,33829444.0,397457824.0,4494791665.0,0.0075263652959541,600048
2010-09-06,11.78,12.02,11.71,12.0,39233796.0,466709088.0,4494791665.0,0.0087287240264115,600048
2010-09-07,12.1,12.35,12.02,12.14,50961968.0,620813632.0,4494791665.0,0.0113380044723385,600048
2010-09-08,12.14,12.15,11.69,11.8,41106608.0,485628192.0,4494791665.0,0.0091453867194977,600048
2010-09-09,11.79,11.8,11.27,11.32,50237340.0,576266880.0,4494791665.0,0.0111767894363575,600048
2010-09-10,11.32,11.4,11.01,11.12,33009750.0,367860448.0,4494791665.0,0.0073440000027231,600048
2010-09-13,11.17,11.59,11.03,11.42,37718120.0,426689440.0,4494791665.0,0.0083915168513155,600048
2010-09-14,11.38,11.44,11.13,11.39,28584112.0,321444192.0,4494791665.0,0.0063593852908864,600048
2010-09-15,11.31,11.41,11.1,11.15,23749602.0,266967568.0,4494791665.0,0.0052838048501631,600048
2010-09-16,11.16,11.3,10.83,10.94,23943778.0,264775072.0,4494791665.0,0.0053270050726589,600048
2010-09-17,10.99,11.2,10.97,11.01,19855250.0,219641408.0,4494791665.0,0.0044173904998998,600048
2010-09-20,11.01,11.09,10.76,10.8,22804116.0,248459136.0,4494791665.0,0.0050734533877445,600048
2010-09-21,10.86,10.93,10.76,10.78,11137663.0,120500408.0,4494791665.0,0.0024779041677785,600048
2010-09-27,10.8,11.32,10.5,11.26,48189344.0,526347648.0,4494791665.0,0.0107211518556555,600048
2010-09-28,11.1,11.58,11.06,11.19,47414828.0,539281024.0,4494791665.0,0.0105488377513043,600048
2010-09-29,11.13,11.57,11.11,11.35,39311088.0,449488864.0,4494791665.0,0.008745919929083,600048
2010-09-30,11.2,12.49,11.2,12.36,126877712.0,1540101376.0,4494791665.0,0.0282277180915792,600048
2010-10-08,12.19,12.99,11.98,12.72,132115920.0,1669772160.0,4494791665.0,0.0293931131511075,600048
2010-10-11,12.62,13.53,12.5,13.42,95811440.0,1260877056.0,4494791665.0,0.0213161025339758,600048
2010-10-12,13.28,14.08,13.15,13.64,76658640.0,1051705088.0,4494791665.0,0.0170549929147828,600048
2010-10-13,13.64,15.0,13.46,15.0,128072432.0,1881572480.0,4494791665.0,0.0284935190650265,600048
2010-10-14,14.99,15.6,14.71,14.98,103909472.0,1570100224.0,4494791665.0,0.023117750441944,600048
2010-10-15,14.78,15.7,14.58,15.53,95758488.0,1460235264.0,4494791665.0,0.0213043217877374,600048
2010-10-18,15.27,16.15,15.15,15.61,110788784.0,1738000896.0,4494791665.0,0.0246482578631372,600048
2010-10-19,15.5,15.5,14.71,15.16,61982984.0,933761856.0,4494791665.0,0.013789957047987,600048
2010-10-20,14.49,14.69,13.64,13.98,148395728.0,2088457600.0,4494791665.0,0.0330150403088815,600048
2010-10-21,13.8,14.3,13.55,13.88,84878920.0,1183348992.0,4494791665.0,0.0188838385238039,600048
2010-10-22,13.91,14.26,13.64,14.04,57288376.0,798083456.0,4494791665.0,0.0127455019653285,600048
2010-10-25,13.95,14.24,13.55,14.16,82093312.0,1143129216.0,4494791665.0,0.0182640972304107,600048
2010-10-26,14.24,14.98,14.04,14.63,93474168.0,1366829184.0,4494791665.0,0.0207961069092175,600048
2010-10-27,14.49,15.6,14.33,14.79,80658392.0,1223112064.0,4494791665.0,0.0179448566277431,600048
2010-10-28,14.8,15.4,14.76,15.0,61625348.0,928435136.0,4494791665.0,0.0137103902901359,600048
2010-10-29,14.9,14.9,14.18,14.26,44196288.0,638773632.0,4494791665.0,0.0098327778669136,600048
2010-11-01,14.1,14.46,14.0,14.19,59257740.0,839674304.0,4494791665.0,0.0131836455205315,600048
2010-11-02,14.2,14.78,13.82,14.44,78470816.0,1120609792.0,4494791665.0,0.0174581653274468,600048
2010-11-03,14.35,14.82,14.06,14.58,71278432.0,1040541952.0,4494791665.0,0.0158580057347329,600048
2010-11-04,14.4,14.77,14.16,14.52,43468324.0,629957568.0,4494791665.0,0.0096708206385801,600048
2010-11-05,14.69,14.88,14.51,14.77,43357160.0,636987136.0,4494791665.0,0.0096460889027656,600048
2010-11-08,14.9,15.49,14.8,15.09,53292948.0,807048832.0,4494791665.0,0.0118566002546861,600048
2010-11-09,14.93,15.0,14.24,14.47,60920052.0,884880768.0,4494791665.0,0.0135534762321403,600048
2010-11-10,14.26,14.27,13.7,13.8,92080336.0,1273176192.0,4494791665.0,0.0204860075533667,600048
2010-11-11,13.88,14.07,13.49,13.94,69734512.0,966625152.0,4494791665.0,0.0155145148423692,600048
2010-11-12,13.79,13.89,12.88,12.92,49479712.0,662691840.0,4494791665.0,0.0110082325695511,600048
2010-11-15,12.93,13.09,12.61,12.95,29253596.0,376210592.0,4494791665.0,0.0065083319050784,600048
2010-11-16,12.93,12.93,12.11,12.24,40800992.0,507258848.0,4494791665.0,0.0090773933567842,600048
2010-11-17,12.1,12.47,12.02,12.31,27200954.0,334813728.0,4494791665.0,0.0060516606835881,600048
2010-11-18,12.42,12.67,12.3,12.38,33713748.0,418885152.0,4494791665.0,0.0075006252820396,600048
2010-11-19,12.45,12.48,11.96,12.4,32401164.0,396845952.0,4494791665.0,0.0072086019586405,600048
2010-11-22,12.23,12.53,12.05,12.25,36523288.0,447749760.0,4494791665.0,0.0081256909601393,600048
2010-11-23,12.17,12.17,11.78,11.93,29592680.0,353177824.0,4494791665.0,0.0065837712191272,600048
2010-11-24,11.84,12.25,11.83,12.16,24677914.0,299055520.0,4494791665.0,0.0054903354458365,600048
2010-11-25,12.2,12.98,12.0,12.87,58752352.0,744607360.0,4494791665.0,0.0130712069387981,600048
2010-11-26,12.7,12.84,12.38,12.47,34898032.0,438817888.0,4494791665.0,0.0077641044571083,600048
2010-11-29,12.44,12.45,12.17,12.28,23363360.0,287012672.0,4494791665.0,0.005197873837385,600048
2010-11-30,12.27,12.59,11.87,12.12,34147280.0,415379968.0,4494791665.0,0.0075970773608702,600048
2010-12-01,12.13,12.27,12.02,12.23,18949820.0,230321328.0,4494791665.0,0.0042159506852249,600048
2010-12-02,12.48,12.61,12.21,12.23,21698508.0,268802112.0,4494791665.0,0.0048274780272824,600048
2010-12-03,12.3,12.65,12.24,12.44,30334048.0,378424608.0,4494791665.0,0.0067487105656542,600048
2010-12-06,12.5,12.71,12.39,12.58,27846420.0,350063840.0,4494791665.0,0.0061952637798174,600048
2010-12-07,12.5,12.88,12.31,12.76,36449056.0,459787008.0,4494791665.0,0.008109175845417,600048
2010-12-08,12.69,13.09,12.55,12.7,46795452.0,599178752.0,4494791665.0,0.0104110391510214,600048
2010-12-09,12.64,12.64,12.0,12.13,41207896.0,504948000.0,4494791665.0,0.0091679212455779,600048
2010-12-10,12.01,12.29,11.97,12.05,31273496.0,378897312.0,4494791665.0,0.0069577186955115,600048
2010-12-13,12.23,12.6,12.05,12.59,43552132.0,535892864.0,4494791665.0,0.00968946621912,600048
2010-12-14,12.58,12.74,12.47,12.63,28176024.0,355383840.0,4494791665.0,0.0062685939861019,600048
2010-12-15,12.66,12.69,12.25,12.38,31768888.0,393991872.0,4494791665.0,0.007067933369944,600048
2010-12-16,12.3,12.7,12.28,12.53,42974264.0,539964352.0,4494791665.0,0.0095609023071372,600048
2010-12-17,12.56,12.6,12.2,12.46,20068844.0,249731312.0,4494791665.0,0.004464910833637,600048
2010-12-20,12.45,12.64,12.13,12.28,28255468.0,349649728.0,4494791665.0,0.0062862686651351,600048
2010-12-21,12.3,13.51,12.28,13.51,131818984.0,1720509568.0,4494791665.0,0.0293270509123808,600048
2010-12-22,13.8,14.25,13.6,13.78,147412160.0,2046374144.0,4494791665.0,0.0327962163736903,600048
2010-12-23,13.63,14.1,13.45,13.89,87508872.0,1203820800.0,4494791665.0,0.0194689495135921,600048
2010-12-24,13.65,14.28,13.6,13.89,69409248.0,976290304.0,4494791665.0,0.0154421501980782,600048
2010-12-27,13.9,14.41,13.55,13.76,88805624.0,1244168320.0,4494791665.0,0.0197574505380328,600048
2010-12-28,13.6,13.95,12.79,12.91,62026352.0,833465472.0,4494791665.0,0.0137996055485699,600048
2010-12-29,12.91,13.15,12.61,12.87,49626280.0,639189120.0,4494791665.0,0.0110408409774427,600048
2010-12-30,12.75,12.77,12.35,12.51,61169312.0,766439040.0,4494791665.0,0.0136089315276417,600048
2010-12-31,12.53,12.8,12.46,12.7,27449668.0,347308608.0,4494791665.0,0.0061069945051613,600048
2011-01-04,12.71,13.97,12.71,13.96,102531152.0,1400978432.0,4494791665.0,0.0228111021915406,600048
2011-01-05,13.67,14.36,13.59,14.01,96387288.0,1355871104.0,4494791665.0,0.0214442170369202,600048
2011-01-06,14.07,14.39,13.68,14.38,72613776.0,1027882688.0,4494791665.0,0.0161550926966044,600048
2011-01-07,14.37,15.18,14.28,14.39,83654464.0,1232658304.0,4494791665.0,0.0186114218933437,600048
2011-01-10,14.62,14.75,13.85,13.96,55898136.0,798969216.0,4494791665.0,0.0124362017566391,600048
2011-01-11,13.9,14.89,13.8,14.74,55106520.0,795401472.0,4494791665.0,0.0122600832490419,600048
2011-01-12,14.8,15.33,14.65,15.11,65898424.0,990630528.0,4494791665.0,0.0146610630506275,600048
2011-01-13,15.13,15.35,14.76,14.87,41442076.0,623183424.0,4494791665.0,0.0092200215468718,600048
2011-01-14,14.75,15.1,14.6,14.89,31929004.0,474617952.0,4494791665.0,0.007103555933109,600048
2011-01-17,14.66,14.85,13.4,13.6,57290736.0,794743104.0,4494791665.0,0.0127460270174724,600048
2011-01-18,13.5,13.91,13.4,13.6,35728352.0,489159200.0,4494791665.0,0.0079488338198651,600048
2011-01-19,13.5,14.01,13.05,13.91,55952904.0,753852800.0,4494791665.0,0.0124483865260527,600048
2011-01-20,13.59,13.85,12.95,13.03,49767380.0,664487296.0,4494791665.0,0.0110722328662145,600048
2011-01-21,13.04,14.3,13.01,13.48,54531128.0,741451648.0,4494791665.0,0.0121320701968508,600048
2011-01-24,13.5,14.0,13.21,13.6,46889800.0,637301952.0,4494791665.0,0.0104320296678311,600048
2011-01-25,13.5,13.95,13.4,13.7,28943140.0,395022944.0,4494791665.0,0.0064392617405105,600048
2011-01-26,13.61,13.91,13.54,13.84,22988160.0,315659552.0,4494791665.0,0.0051143994456971,600048
2011-01-27,13.4,13.4,12.5,13.24,89569072.0,1169674752.0,4494791665.0,0.0199273022368212,600048
2011-01-28,13.3,13.75,12.84,13.08,75705248.0,1000651648.0,4494791665.0,0.0168428825276821,600048
2011-01-31,12.95,13.07,12.74,12.95,46328616.0,595590976.0,4494791665.0,0.0103071776075298,600048
2011-02-01,13.0,13.12,12.63,12.9,46281104.0,592775232.0,4494791665.0,0.010296607150979,600048
2011-02-09,12.56,12.75,12.49,12.51,56881824.0,717038976.0,4494791665.0,0.012655052389397,600048
2011-02-10,12.51,12.78,12.32,12.76,57120220.0,719149440.0,4494791665.0,0.0127080906651988,600048
2011-02-11,12.7,13.18,12.62,13.06,77333976.0,999771584.0,4494791665.0,0.0172052414803078,600048
2011-02-14,13.0,13.57,12.95,13.41,73192768.0,974880896.0,4494791665.0,0.0162839066757947,600048
2011-02-15,13.41,13.55,13.23,13.47,50929884.0,682059648.0,4494791665.0,0.0113308664329384,600048
2011-02-16,13.38,13.4,13.04,13.31,73643728.0,968622400.0,4494791665.0,0.0163842361312201,600048
2011-02-17,13.24,13.29,12.81,12.97,50639560.0,658752064.0,4494791665.0,0.0112662752301334,600048
2011-02-18,12.89,13.21,12.84,12.98,38937928.0,507919168.0,4494791665.0,0.0086628993960279,600048
2011-02-21,12.8,13.05,12.71,13.03,40293172.0,518525696.0,4494791665.0,0.0089644137043668,600048
2011-02-22,12.96,12.98,12.17,12.29,111104864.0,1382536832.0,4494791665.0,0.0247185792536615,600048
2011-02-23,12.24,12.4,12.2,12.33,31168550.0,383603040.0,4494791665.0,0.0069343703386083,600048
2011-02-24,12.28,12.54,12.2,12.42,26613754.0,330002944.0,4494791665.0,0.0059210205908397,600048
2011-02-25,12.44,12.47,12.26,12.33,31271542.0,385379616.0,4494791665.0,0.0069572839701347,600048
2011-02-28,12.36,12.4,12.08,12.37,44780120.0,547000576.0,4494791665.0,0.0099626686479583,600048
2011-03-01,12.45,13.08,12.44,12.8,91736648.0,1168880256.0,4494791665.0,0.0204095439426779,600048
2011-03-02,12.67,12.79,12.5,12.66,43111780.0,544635520.0,4494791665.0,0.0095914968285854,600048
2011-03-03,12.66,13.0,12.62,12.78,48109692.0,617011392.0,4494791665.0,0.0107034309008402,600048
2011-03-04,12.78,13.1,12.63,13.09,59274932.0,766866496.0,4494791665.0,0.0131874703919119,600048
2011-03-07,13.2,13.36,12.96,13.19,77764352.0,1025260736.0,4494791665.0,0.0173009914131359,600048
2011-03-08,13.23,13.5,13.15,13.32,59887000.0,799488512.0,4494791665.0,0.0133236431103865,600048
2011-03-09,13.35,13.45,13.1,13.19,44831280.0,593604480.0,4494791665.0,0.0099740507105349,600048
2011-03-10,13.15,13.36,12.96,13.12,55306912.0,726589312.0,4494791665.0,0.0123046664054895,600048
2011-03-11,13.04,13.19,12.88,12.9,36500416.0,475414528.0,4494791665.0,0.0081206024039381,600048
2011-03-14,12.82,12.93,12.8,12.87,23671074.0,304560960.0,4494791665.0,0.0052663339625553,600048
2011-03-15,12.8,13.0,12.39,12.6,34464620.0,435278528.0,4494791665.0,0.0076676790758443,600048
2011-03-16,12.64,12.75,12.58,12.66,28058890.0,355077088.0,4494791665.0,0.0062425340463471,600048
2011-03-17,12.55,12.6,12.3,12.41,45278580.0,562840448.0,4494791665.0,0.0100735658901779,600048
2011-03-18,12.51,12.8,12.42,12.66,30569912.0,385444352.0,4494791665.0,0.0068011855227999,600048
2011-03-21,12.62,13.01,12.6,12.79,39254104.0,503829472.0,4494791665.0,0.0087332421446056,600048
2011-03-23,12.79,13.56,12.71,13.29,90002432.0,1192349568.0,4494791665.0,0.0200237160491397,600048
2011-03-24,13.32,13.55,13.16,13.21,45282356.0,604444288.0,4494791665.0,0.0100744059736081,600048
2011-03-25,13.2,14.2,13.2,13.8,86836296.0,1184433024.0,4494791665.0,0.0193193149920998,600048
2011-03-28,13.9,14.34,13.85,13.89,61817784.0,870760576.0,4494791665.0,0.0137532033979154,600048
2011-03-29,13.87,14.34,13.8,13.99,66999580.0,947002816.0,4494791665.0,0.0149060479313672,600048
2011-03-30,14.05,14.09,13.43,13.6,51186028.0,701665600.0,4494791665.0,0.011387853278846,600048
2011-03-31,13.6,13.75,13.29,13.43,30398572.0,410892096.0,4494791665.0,0.0067630658472354,600048
2011-04-01,13.42,14.14,13.41,14.11,46999232.0,648301696.0,4494791665.0,0.0104563760687671,600048
2011-04-06,14.04,14.68,13.92,14.41,91886232.0,1322009728.0,4494791665.0,0.020442823349411,600048
2011-04-07,14.41,14.78,14.34,14.35,49667944.0,723958272.0,4494791665.0,0.0110501103725794,600048
2011-04-08,14.38,14.66,14.34,14.39,30660990.0,443944064.0,4494791665.0,0.0068214485309187,600048
2011-04-11,14.4,14.55,14.0,14.07,38763552.0,547748800.0,4494791665.0,0.0086241042720274,600048
2011-04-12,14.02,14.23,13.78,13.84,35937288.0,500495904.0,4494791665.0,0.0079953178430573,600048
2011-04-13,13.86,14.21,13.55,14.15,34116048.0,471211072.0,4494791665.0,0.0075901288741933,600048
2011-04-14,14.08,14.1,13.75,13.83,30449272.0,422227744.0,4494791665.0,0.0067743455691399,600048
2011-04-15,13.77,14.21,13.71,14.15,27427300.0,383224928.0,4494791665.0,0.00610201807874,600048
2011-04-18,14.08,14.5,13.92,14.34,45077576.0,644383872.0,4494791665.0,0.0100288465761404,600048
2011-04-20,14.04,14.15,13.68,13.76,40703032.0,564598336.0,4494791665.0,0.0090555992432187,600048
2011-04-21,13.8,13.89,13.65,13.8,20560244.0,282889632.0,4494791665.0,0.0045742373690194,600048
2011-04-22,13.8,13.8,13.58,13.71,19096694.0,260609680.0,4494791665.0,0.0042486271719114,600048
2011-04-25,13.55,13.64,13.35,13.44,18397596.0,248219776.0,4494791665.0,0.0040930920432326,600048
2011-04-26,13.44,13.57,13.3,13.55,18323840.0,246294784.0,4494791665.0,0.004076682828858,600048
2011-04-27,13.52,13.6,13.15,13.28,20698034.0,276686176.0,4494791665.0,0.0046048928499114,600048
2011-04-28,13.3,13.34,12.88,12.91,34072380.0,446247072.0,4494791665.0,0.0075804136296937,600048
2011-04-29,12.89,13.24,12.85,13.14,21267256.0,278485952.0,4494791665.0,0.0047315332022179,600048
2011-05-03,13.06,13.18,13.0,13.09,13193756.0,172729264.0,4494791665.0,0.0029353431667894,600048
2011-05-04,13.01,13.2,12.76,12.79,17166256.0,223234752.0,4494791665.0,0.0038191438623663,600048
2011-05-05,12.65,13.1,12.61,12.99,13293660.0,171717216.0,4494791665.0,0.0029575697809344,600048
2011-05-06,12.8,13.2,12.78,13.03,12728518.0,165882128.0,4494791665.0,0.0028318371458936,600048
2011-05-09,13.0,13.13,12.9,13.0,9701282.0,126013464.0,4494791665.0,0.0021583385222371,600048
2011-05-10,13.05,13.19,12.9,13.17,12145480.0,158403744.0,4494791665.0,0.0027021230137481,600048
2011-05-11,13.19,13.54,13.1,13.31,21138520.0,281654112.0,4494791665.0,0.0047028920527287,600048
2011-05-12,13.25,13.51,13.17,13.2,14670254.0,196143120.0,4494791665.0,0.0032638340313376,600048
2011-05-13,13.24,13.48,13.18,13.45,13674907.0,182246704.0,4494791665.0,0.0030423895075012,600048
2011-05-16,13.38,13.68,13.35,13.39,15692467.0,212457088.0,4494791665.0,0.0034912556953849,600048
2011-05-17,10.11,10.36,10.08,10.18,21575696.0,220493616.0,4494791665.0,0.0048001548476663,600048
2011-05-18,10.16,10.36,10.12,10.33,17843264.0,182885152.0,5843229164.0,0.003053664934097,600048
2011-05-19,10.35,10.37,10.09,10.11,17934114.0,182271808.0,5843229164.0,0.0030692128439,600048
2011-05-20,10.11,10.23,10.07,10.08,12706654.0,129103792.0,5843229164.0,0.0021745944996108,600048
2011-05-23,10.02,10.12,9.78,9.92,21152552.0,209839328.0,5843229164.0,0.003620010683531,600048
2011-05-24,9.86,10.02,9.78,9.92,11258398.0,111859736.0,5843229164.0,0.0019267425055588,600048
2011-05-25,9.9,9.98,9.81,9.84,11614339.0,114750672.0,5843229164.0,0.0019876576245812,600048
2011-05-26,9.98,10.02,9.73,9.74,11975613.0,118038728.0,5843229164.0,0.0020494854238785,600048
2011-05-27,9.78,9.96,9.75,9.83,14617109.0,144250544.0,5843229164.0,0.0025015464206086,600048
2011-05-30,9.86,9.87,9.5,9.51,19388258.0,187294688.0,5843229164.0,0.0033180724999544,600048
2011-05-31,9.52,9.61,9.1,9.39,39126816.0,364198400.0,5843229164.0,0.0066960947280759,600048
2011-06-01,9.35,9.41,9.27,9.32,29625856.0,277155680.0,5843229164.0,0.0050701170822674,600048
2011-06-02,9.2,9.29,8.93,9.05,35150136.0,318843200.0,5843229164.0,0.0060155326812371,600048
2011-06-03,9.07,9.32,9.01,9.19,21510432.0,197630368.0,5843229164.0,0.0036812576396156,600048
2011-06-07,9.17,9.31,9.14,9.21,14077947.0,130123784.0,5843229164.0,0.0024092751807055,600048
2011-06-08,9.24,9.58,9.15,9.54,29863270.0,280408064.0,5843229164.0,0.0051107476982054,600048
2011-06-09,9.47,9.49,9.28,9.3,15576726.0,146081840.0,5843229164.0,0.0026657735924457,600048
2011-06-10,9.39,9.74,9.39,9.62,34060280.0,326529056.0,5843229164.0,0.0058290166351586,600048
2011-06-13,9.55,9.7,9.47,9.53,25498508.0,244530688.0,5843229164.0,0.0043637699779251,600048
2011-06-14,9.6,10.48,9.6,10.18,68817752.0,698507328.0,5843229164.0,0.0117773494875033,600048
2011-06-15,10.03,10.5,10.03,10.22,48774288.0,502251648.0,5843229164.0,0.0083471461808305,600048
2011-06-16,10.13,10.16,9.81,9.96,38142576.0,381972736.0,5843229164.0,0.0065276536191658,600048
2011-06-17,9.97,10.45,9.97,10.14,45109568.0,461551424.0,5843229164.0,0.0077199724217422,600048
2011-06-20,10.2,10.57,10.2,10.43,62604704.0,653553664.0,5843229164.0,0.0107140593399461,600048
2011-06-21,10.42,10.73,10.41,10.54,60855380.0,643952384.0,5843229164.0,0.0104146830959375,600048
2011-06-22,10.45,10.64,10.31,10.49,28481848.0,297442816.0,5843229164.0,0.0048743335577998,600048
2011-06-23,10.5,10.66,10.4,10.59,25525032.0,269680160.0,5843229164.0,0.004368309248807,600048
2011-06-24,10.58,10.84,10.4,10.7,57516740.0,613911488.0,5843229164.0,0.0098433140966572,600048
2011-06-27,10.72,10.84,10.32,10.57,32322234.0,342533824.0,5843229164.0,0.0055315704883074,600048
2011-06-28,10.57,10.82,10.42,10.72,36058440.0,384379872.0,5843229164.0,0.0061709782361703,600048
2011-06-29,10.7,10.86,10.58,10.59,25054236.0,268963200.0,5843229164.0,0.0042877380463457,600048
2011-06-30,10.58,11.07,10.58,10.99,59307516.0,647834752.0,5843229164.0,0.0101497843633092,600048
2011-07-01,10.99,11.37,10.95,11.23,46456364.0,521683424.0,5843229164.0,0.0079504607291832,600048
2011-07-04,11.29,11.7,11.11,11.29,48490648.0,551815104.0,5843229164.0,0.0082986045282546,600048
2011-07-05,11.29,11.56,11.25,11.33,40256852.0,459267840.0,5843229164.0,0.0068894871089468,600048
2011-07-06,11.29,11.29,10.88,11.16,57572288.0,635637248.0,5843229164.0,0.0098528204840401,600048
2011-07-07,11.2,11.4,10.98,11.22,84684008.0,944187712.0,5843229164.0,0.0144926727368038,600048
2011-07-08,11.2,11.48,11.16,11.33,48981832.0,554613760.0,5843229164.0,0.0083826648973098,600048
2011-07-11,11.27,11.33,11.03,11.26,33723336.0,376564832.0,5843229164.0,0.0057713526294276,600048
2011-07-12,11.11,11.11,10.8,10.83,46440992.0,506657792.0,5843229164.0,0.0079478299920396,600048
2011-07-13,10.84,11.07,10.79,10.97,36343256.0,397047616.0,5843229164.0,0.0062197211473255,600048
2011-07-14,10.93,11.0,10.75,10.9,27554046.0,299338560.0,5843229164.0,0.004715551149313,600048
2011-07-15,10.6,10.63,10.4,10.6,73068592.0,769131328.0,5843229164.0,0.0125048307963298,600048
2011-07-18,10.57,10.73,10.36,10.68,58882520.0,619929792.0,5843229164.0,0.0100770512925924,600048
2011-07-19,10.57,11.07,10.52,10.99,66864144.0,727308992.0,5843229164.0,0.0114430124377028,600048
2011-07-20,11.0,11.15,10.81,11.09,37015708.0,406468640.0,5843229164.0,0.0063348034042636,600048
2011-07-21,11.06,11.12,10.82,10.84,23378952.0,256195840.0,5843229164.0,0.0040010328781963,600048
2011-07-22,10.9,10.95,10.66,10.72,23333428.0,251315568.0,5843229164.0,0.0039932419806083,600048
2011-07-25,10.6,10.63,10.12,10.23,41198380.0,427847968.0,5843229164.0,0.0070506185610214,600048
2011-07-27,10.1,10.4,10.03,10.28,23740720.0,243847712.0,5843229164.0,0.004062945219788,600048
2011-07-28,10.19,10.37,10.06,10.31,19633354.0,200448752.0,5843229164.0,0.0033600177999111,600048
2011-07-29,10.28,10.55,10.2,10.47,22001970.0,229576160.0,5843229164.0,0.0037653785916105,600048
2011-08-01,10.53,10.71,10.39,10.69,22427184.0,238117376.0,5843229164.0,0.0038381489704654,600048
2011-08-02,10.53,10.74,10.42,10.6,15317684.0,161869600.0,5843229164.0,0.0026214415984866,600048
2011-08-03,10.49,10.75,10.46,10.72,15124732.0,160901584.0,5843229164.0,0.0025884201313176,600048
2011-08-04,10.7,10.83,10.55,10.6,10764211.0,115094120.0,5843229164.0,0.0018421682083458,600048
2011-08-05,10.3,10.7,10.2,10.49,16143611.0,169366256.0,5843229164.0,0.0027627892979896,600048
2011-08-08,10.35,10.75,10.18,10.43,32513524.0,340180000.0,5843229164.0,0.0055643075237088,600048
2011-08-09,10.2,11.12,10.11,10.84,92667152.0,1006302528.0,5843229164.0,0.0158588940120507,600048
2011-08-10,11.05,11.21,10.89,11.0,80104672.0,887152896.0,5843229164.0,0.0137089731981629,600048
2011-08-11,10.91,11.38,10.85,11.2,45202072.0,505932384.0,5843229164.0,0.0077358033942069,600048
2011-08-12,11.21,11.25,10.9,10.98,53240192.0,589342464.0,5843229164.0,0.009111433165759,600048
2011-08-15,11.01,11.33,11.01,11.3,33775764.0,379150432.0,5843229164.0,0.0057803250654777,600048
2011-08-16,11.26,11.47,11.05,11.09,30599266.0,343558624.0,5843229164.0,0.005236704763955,600048
2011-08-17,11.02,11.2,10.9,11.05,25324996.0,278731232.0,5843229164.0,0.0043340754382913,600048
2011-08-18,11.0,11.0,10.5,10.56,32522974.0,351537472.0,5843229164.0,0.0055659247801495,600048
2011-08-19,10.49,10.82,10.45,10.75,29497214.0,314734624.0,5843229164.0,0.0050481015158076,600048
2011-08-22,10.75,10.89,10.54,10.6,16918042.0,180416592.0,5843229164.0,0.0028953240622893,600048
2011-08-23,10.6,10.97,10.6,10.86,18792536.0,203538400.0,5843229164.0,0.0032161216807617,600048
2011-08-24,10.9,11.05,10.67,10.7,15786242.0,171334528.0,5843229164.0,0.0027016297935495,600048
2011-08-25,10.75,11.3,10.7,11.28,37730084.0,419284352.0,5843229164.0,0.0064570604610981,600048
2011-08-26,11.2,11.37,11.16,11.31,22167732.0,250057984.0,5843229164.0,0.0037937468098247,600048
2011-08-29,11.18,11.29,10.84,10.92,28954756.0,319164416.0,5843229164.0,0.0049552662042402,600048
2011-08-30,11.03,11.25,10.8,10.91,27170552.0,300105472.0,5843229164.0,0.004649920658152,600048
2011-08-31,10.93,11.06,10.81,10.98,13104274.0,143593088.0,5843229164.0,0.0022426424896588,600048
2011-09-01,11.02,11.22,10.99,11.04,19969466.0,221607440.0,5843229164.0,0.00341753941862,600048
2011-09-02,11.03,11.03,10.59,10.66,32174640.0,344528448.0,5843229164.0,0.0055063115097773,600048
2011-09-05,10.51,10.61,10.26,10.31,27698316.0,288637440.0,5843229164.0,0.0047402412643078,600048
2011-09-06,10.26,10.35,10.18,10.29,15242296.0,156599984.0,5843229164.0,0.0026085398282695,600048
2011-09-07,10.37,10.71,10.36,10.63,20519978.0,216405280.0,5843229164.0,0.0035117530776343,600048
2011-09-08,10.63,10.68,10.44,10.49,10029178.0,105690912.0,5843229164.0,0.0017163759487287,600048
2011-09-09,10.67,10.81,10.52,10.58,19264064.0,205221696.0,5843229164.0,0.0032968181564203,600048
2011-09-13,10.36,10.78,10.36,10.72,16338549.0,174064368.0,5843229164.0,0.0027961506457185,600048
2011-09-14,10.71,10.9,10.56,10.88,14985520.0,161493392.0,5843229164.0,0.0025645956335797,600048
2011-09-15,10.88,11.05,10.83,10.97,16289686.0,178835808.0,5843229164.0,0.0027877883175214,600048
2011-09-16,11.01,11.1,10.6,10.84,19414816.0,209517088.0,5843229164.0,0.0033226175895366,600048
2011-09-19,10.65,10.69,10.25,10.27,53723204.0,561232832.0,5843229164.0,0.009194094993054,600048
2011-09-20,10.24,10.31,9.91,10.18,26649824.0,269396896.0,5843229164.0,0.0045608041807069,600048
2011-09-21,10.18,10.44,10.11,10.37,21805704.0,225435232.0,5843229164.0,0.0037317899722886,600048
2011-09-22,10.32,10.33,9.63,9.65,47409780.0,469596896.0,5843229164.0,0.0081136266727463,600048
2011-09-23,9.5,9.9,9.33,9.51,39813140.0,380758080.0,5843229164.0,0.0068135510147861,600048
2011-09-26,9.47,9.6,9.08,9.1,40655576.0,377737184.0,5843229164.0,0.0069577240356202,600048
2011-09-27,9.22,9.28,9.02,9.16,32962716.0,300782048.0,5843229164.0,0.0056411814554668,600048
2011-09-28,9.19,9.24,8.98,9.0,26767842.0,243239792.0,5843229164.0,0.0045810015744232,600048
2011-09-29,9.0,9.28,8.96,9.22,39769280.0,364576064.0,5843229164.0,0.0068060448912422,600048
2011-09-30,9.23,9.46,9.14,9.25,28061742.0,260417072.0,5843229164.0,0.0048024373531142,600048
2011-10-10,9.3,9.34,8.87,8.93,27123646.0,244504992.0,5843229164.0,0.0046418932475057,600048
2011-10-11,9.13,9.16,8.6,8.79,27681510.0,244426880.0,5843229164.0,0.0047373651149171,600048
2011-10-12,8.7,9.27,8.58,9.21,44574488.0,404621024.0,5843229164.0,0.0076283997681662,600048
2011-10-13,9.15,9.46,9.15,9.32,30950646.0,289739328.0,5843229164.0,0.0052968393214297,600048
2011-10-14,9.29,9.39,9.15,9.3,11949840.0,110634592.0,5843229164.0,0.0020450746778207,600048
2011-10-17,9.33,9.43,9.18,9.3,19126264.0,178492480.0,5843229164.0,0.0032732353058881,600048
2011-10-18,9.18,9.32,8.88,8.93,22761792.0,206624656.0,5843229164.0,0.0038954131972497,600048
2011-10-19,8.99,9.07,8.66,8.71,24330728.0,214671472.0,5843229164.0,0.0041639181550333,600048
2011-10-20,8.62,8.76,8.5,8.54,19123824.0,164285808.0,5843229164.0,0.0032728177285637,600048
2011-10-21,8.58,8.69,8.42,8.52,26303330.0,225705136.0,5843229164.0,0.0045015058047105,600048
2011-10-24,8.52,8.93,8.42,8.87,19171142.0,167191840.0,5843229164.0,0.0032809156481681,600048
2011-10-25,8.75,9.45,8.73,9.28,35383744.0,324219456.0,5843229164.0,0.0060555119450043,600048
2011-10-26,9.28,9.87,9.25,9.79,61442668.0,595564736.0,5843229164.0,0.0105151905351491,600048
2011-10-27,9.85,9.85,9.65,9.74,17327120.0,168578432.0,5843229164.0,0.0029653329543794,600048
2011-10-28,9.84,10.71,9.84,10.17,70141456.0,723871488.0,5843229164.0,0.0120038858705285,600048
2011-10-31,10.09,10.38,9.82,10.31,43712988.0,442553728.0,5843229164.0,0.0074809641677781,600048
2011-11-01,10.16,10.45,9.79,9.95,55552680.0,557807360.0,5843229164.0,0.0095071883098918,600048
2011-11-02,9.71,10.16,9.71,10.15,36441132.0,364201312.0,5843229164.0,0.0062364714744567,600048
2011-11-03,10.25,10.35,9.92,9.97,37054000.0,371907520.0,5843229164.0,0.0063413566300443,600048
2011-11-07,10.09,10.16,9.8,10.05,37023296.0,369132384.0,5843229164.0,0.0063361020012871,600048
2011-11-08,10.0,10.0,9.6,9.85,30539942.0,298643296.0,5843229164.0,0.0052265521585488,600048
2011-11-09,9.8,9.9,9.61,9.83,23400618.0,227684912.0,5843229164.0,0.0040047407594709,600048
2011-11-10,9.69,9.82,9.57,9.58,22968224.0,222137568.0,5843229164.0,0.0039307416079976,600048
2011-11-11,9.6,9.7,9.57,9.65,15832545.0,152522384.0,5843229164.0,0.0027095540078325,600048
2011-11-14,9.67,10.01,9.67,9.95,32789352.0,323335840.0,5843229164.0,0.0056115122442936,600048
2011-11-15,9.92,9.98,9.77,9.87,15324165.0,151349312.0,5843229164.0,0.0026225507454699,600048
2011-11-16,9.86,9.88,9.31,9.4,35183252.0,334159264.0,5843229164.0,0.0060212000954477,600048
2011-11-17,9.44,9.47,9.25,9.36,15982447.0,149681120.0,5843229164.0,0.0027352079734382,600048
2011-11-18,9.3,9.31,8.93,9.08,37945824.0,342554112.0,5843229164.0,0.0064939818266556,600048
2011-11-21,9.07,9.17,8.96,9.14,17457992.0,157763424.0,5843229164.0,0.0029877301591315,600048
2011-11-22,9.05,9.16,8.97,9.07,25846364.0,233790336.0,5843229164.0,0.0044233014442149,600048
2011-11-23,9.1,9.1,8.86,8.91,12669051.0,113534608.0,5843229164.0,0.0021681591880828,600048
2011-11-24,8.84,9.34,8.75,9.17,34290580.0,311521312.0,5843229164.0,0.0058684297736024,600048
2011-11-25,9.1,9.2,8.91,9.03,16218987.0,147062576.0,5843229164.0,0.0027756890145477,600048
2011-11-28,9.07,9.2,8.95,9.07,22225960.0,200635504.0,5843229164.0,0.0038037118477114,600048
2011-11-29,9.18,9.45,9.02,9.31,38036096.0,352495296.0,5843229164.0,0.0065094308185514,600048
2011-11-30,9.28,9.35,9.05,9.21,24932016.0,229165152.0,5843229164.0,0.0042668215297126,600048
2011-12-01,9.85,10.13,9.56,9.73,121101528.0,1193946752.0,5843229164.0,0.0207251032949561,600048
2011-12-02,9.6,9.8,9.56,9.69,22534908.0,218243968.0,5843229164.0,0.0038565846670599,600048
2011-12-05,9.66,9.83,9.4,9.77,28146664.0,272710816.0,5843229164.0,0.0048169707553848,600048
2011-12-06,9.74,10.06,9.72,9.88,31187366.0,309861632.0,5843229164.0,0.0053373511674237,600048
2011-12-07,9.89,10.0,9.76,9.93,18129142.0,179764384.0,5843229164.0,0.0031025895940712,600048
2011-12-08,9.9,10.07,9.8,9.95,21335652.0,212334784.0,5843229164.0,0.0036513460966837,600048
2011-12-09,9.88,10.4,9.87,10.12,33453616.0,341452000.0,5843229164.0,0.0057251932212597,600048
2011-12-12,10.03,10.03,9.68,9.77,37352624.0,365588928.0,5843229164.0,0.0063924626181236,600048
2011-12-13,9.69,9.86,9.55,9.58,18062592.0,175876848.0,5843229164.0,0.0030912003436872,600048
2011-12-14,9.57,9.58,9.3,9.38,16550168.0,156110816.0,5843229164.0,0.0028323667505572,600048
2011-12-15,9.35,9.66,9.3,9.48,32072544.0,306805152.0,5843229164.0,0.0054888389792408,600048
2011-12-16,9.45,10.11,9.42,9.98,29828536.0,291667264.0,5843229164.0,0.00510480338231,600048
2011-12-19,9.9,10.11,9.83,10.07,36633528.0,365833664.0,5843229164.0,0.00626939778876,600048
2011-12-20,10.03,10.4,10.0,10.08,41100652.0,422132896.0,5843229164.0,0.0070338935623507,600048
2011-12-21,10.17,10.19,9.89,9.91,19531694.0,195586304.0,5843229164.0,0.0033426198856506,600048
2011-12-22,9.89,10.27,9.81,10.07,23382636.0,234343904.0,5843229164.0,0.0040016633515008,600048
2011-12-23,10.07,10.39,10.05,10.19,31709252.0,324368224.0,5843229164.0,0.0054266658229596,600048
2011-12-26,10.13,10.37,10.06,10.08,18851556.0,192017680.0,5843229164.0,0.0032262222601406,600048
2011-12-27,10.1,10.12,9.76,9.76,15664311.0,156190336.0,5843229164.0,0.0026807627358699,600048
2011-12-28,9.75,9.92,9.4,9.67,34121312.0,328101760.0,5843229164.0,0.0058394615446918,600048
2011-12-29,9.64,9.9,9.61,9.74,17120112.0,166913184.0,5843229164.0,0.0029299059680008,600048
2011-12-30,9.78,10.15,9.77,10.0,25612312.0,256526848.0,5843229164.0,0.0043832461950657,600048
2012-01-04,10.01,10.3,9.91,10.05,34155592.0,344814624.0,5843229164.0,0.0058453281638228,600048
2012-01-05,10.03,10.11,9.65,9.8,34255600.0,341209760.0,5843229164.0,0.0058624433576981,600048
2012-01-06,9.81,9.85,9.48,9.71,23819276.0,230547296.0,5843229164.0,0.0040763891559738,600048
2012-01-09,9.66,10.21,9.56,10.17,46934100.0,460632544.0,5843229164.0,0.0080322196310834,600048
2012-01-10,10.13,10.47,9.94,10.35,102089928.0,1043911680.0,5843229164.0,0.0174714913851015,600048
2012-01-11,10.25,10.38,10.14,10.31,38881280.0,399253248.0,5843229164.0,0.0066540741272902,600048
2012-01-12,10.24,10.68,10.24,10.39,44584484.0,467719136.0,5843229164.0,0.0076301104660902,600048
2012-01-13,10.39,10.45,10.16,10.28,23582348.0,241942816.0,5843229164.0,0.0040358417132243,600048
2012-01-16,10.23,10.33,9.86,9.93,34642060.0,347893248.0,5843229164.0,0.0059285814449018,600048
2012-01-17,9.9,10.88,9.6,10.35,57936092.0,583400256.0,5843229164.0,0.0099150812631041,600048
2012-01-18,10.27,10.6,10.06,10.12,50133908.0,518985024.0,5843229164.0,0.0085798291651598,600048
2012-01-19,10.17,10.68,10.04,10.67,42669404.0,446149408.0,5843229164.0,0.0073023670306968,600048
2012-01-20,10.62,11.0,10.62,10.94,43737584.0,475821152.0,5843229164.0,0.0074851734841183,600048
2012-01-30,10.9,10.91,10.38,10.43,46838432.0,498384192.0,5843229164.0,0.008015847177203,600048
2012-01-31,10.45,10.57,10.42,10.5,18137408.0,190161040.0,5843229164.0,0.0031040042228266,600048
2012-02-01,10.45,10.67,10.25,10.31,25711436.0,268937632.0,5843229164.0,0.0044002101027301,600048
2012-02-02,10.36,10.63,10.2,10.56,31408216.0,325438208.0,5843229164.0,0.0053751470494269,600048
2012-02-03,10.52,10.74,10.43,10.68,32858608.0,348221760.0,5843229164.0,0.0056233645947759,600048
2012-02-06,10.64,10.7,10.33,10.45,27602576.0,289978208.0,5843229164.0,0.0047238564884736,600048
2012-02-07,10.41,10.41,10.0,10.13,45696776.0,461656800.0,5843229164.0,0.007820466169894,600048
2012-02-08,10.12,10.56,10.03,10.42,38918908.0,401482784.0,5843229164.0,0.0066605137172744,600048
2012-02-09,10.4,10.71,10.33,10.56,53272752.0,562051776.0,5843229164.0,0.0091170054271039,600048
2012-02-10,10.58,11.06,10.58,10.91,87079160.0,953932352.0,5843229164.0,0.014902574853044,600048
2012-02-13,10.28,10.76,10.21,10.57,65606192.0,688781952.0,5843229164.0,0.0112277287367399,600048
2012-02-14,10.51,10.64,10.35,10.62,33213748.0,348872320.0,5843229164.0,0.0056841426320619,600048
2012-02-15,10.54,10.83,10.47,10.62,33253724.0,354240416.0,5843229164.0,0.0056909840546517,600048
2012-02-16,10.65,10.66,10.51,10.59,27491896.0,291145504.0,5843229164.0,0.0047049149072189,600048
2012-02-17,10.6,10.75,10.53,10.71,23536232.0,250537600.0,5843229164.0,0.0040279495017936,600048
2012-02-20,10.9,10.96,10.73,10.77,41182520.0,445888544.0,5843229164.0,0.0070479043084129,600048
2012-02-21,10.78,10.99,10.69,10.98,30068218.0,326524832.0,5843229164.0,0.0051458221397937,600048
2012-02-22,11.2,11.35,10.99,11.28,61168544.0,686939072.0,5843229164.0,0.0104682774341383,600048
2012-02-23,11.28,11.37,11.16,11.3,43167072.0,487326240.0,5843229164.0,0.0073875370601501,600048
2012-02-24,11.28,11.88,11.19,11.7,66375528.0,768453632.0,5843229164.0,0.0113593915516677,600048
2012-02-27,11.7,12.0,11.41,11.55,56987724.0,667355520.0,5843229164.0,0.0097527792254152,600048
2012-02-28,11.62,11.64,11.38,11.48,34562312.0,397560512.0,5843229164.0,0.0059149335119248,600048
2012-02-29,11.27,11.3,10.97,11.1,71952056.0,802438528.0,5843229164.0,0.0123137487818028,600048
2012-03-01,11.03,11.26,11.03,11.14,40531616.0,452625376.0,5843229164.0,0.0069365097384361,600048
2012-03-02,11.13,11.68,11.1,11.63,73371128.0,840009920.0,5843229164.0,0.0125566062772341,600048
2012-03-05,11.73,11.95,11.45,11.5,47760988.0,555053696.0,5843229164.0,0.0081737317944424,600048
2012-03-06,11.44,11.49,11.2,11.48,35455328.0,403202080.0,5843229164.0,0.0060677627053272,600048
2012-03-07,11.33,11.5,11.25,11.28,28882632.0,328655584.0,5843229164.0,0.0049429230292635,600048
2012-03-08,11.34,11.83,11.34,11.69,40515080.0,471271584.0,5843229164.0,0.0069336797963722,600048
2012-03-09,11.71,11.78,11.55,11.68,23574580.0,274859008.0,5843229164.0,0.0040345123113162,600048
2012-03-12,11.68,11.71,11.11,11.23,76951408.0,866404736.0,5843229164.0,0.0131693291226871,600048
2012-03-13,11.25,11.38,11.15,11.34,37751836.0,425519296.0,5843229164.0,0.0064607830602619,600048
2012-03-14,11.4,11.55,10.91,11.0,59828488.0,673315584.0,5843229164.0,0.0102389425984867,600048
2012-03-15,10.97,11.0,10.57,10.72,52521712.0,564459584.0,5843229164.0,0.008988473757556,600048
2012-03-16,10.72,10.92,10.68,10.82,32364968.0,348270432.0,5843229164.0,0.0055388839101844,600048
2012-03-19,10.82,10.83,10.56,10.73,38195844.0,407499360.0,5843229164.0,0.0065367698113439,600048
2012-03-20,10.68,10.92,10.64,10.72,26891252.0,289671808.0,5843229164.0,0.0046021217455711,600048
2012-03-21,10.8,10.85,10.55,10.64,30376258.0,324569088.0,5843229164.0,0.0051985395656133,600048
2012-03-22,10.6,10.89,10.6,10.75,23192528.0,250257008.0,5843229164.0,0.0039691286015083,600048
2012-03-23,10.7,10.72,10.52,10.6,24980546.0,264605152.0,5843229164.0,0.0042751268688732,600048
2012-03-26,10.61,10.65,10.44,10.52,14765146.0,155748288.0,5843229164.0,0.0025268812133824,600048
2012-03-27,10.57,10.68,10.53,10.55,18857672.0,199965920.0,5843229164.0,0.0032272689416635,600048
2012-03-28,10.52,10.75,10.45,10.55,28716508.0,304642688.0,5843229164.0,0.0049144928590036,600048
2012-03-29,10.53,10.96,10.46,10.8,50135088.0,540819072.0,5843229164.0,0.0085800311082921,600048
2012-03-30,10.8,11.31,10.76,11.29,49255780.0,544564096.0,5843229164.0,0.008429547877989,600048
2012-04-05,11.18,11.5,11.06,11.41,37335420.0,422678208.0,5843229164.0,0.0063895183557103,600048
2012-04-06,11.4,11.58,11.29,11.36,27617466.0,316671648.0,5843229164.0,0.0047264047369818,600048
2012-04-09,11.36,11.44,11.18,11.29,16539839.0,187098560.0,5843229164.0,0.0028305990635968,600048
2012-04-10,11.32,11.73,11.26,11.66,28396102.0,326162112.0,5843229164.0,0.0048596591376131,600048
2012-04-11,11.55,12.25,11.53,11.78,50091796.0,596683008.0,5843229164.0,0.008572622191273,600048
2012-04-12,11.78,12.05,11.73,11.97,35392992.0,421917664.0,5843229164.0,0.006057094631519,600048
2012-04-13,11.95,12.17,11.85,11.85,34473528.0,414872192.0,5843229164.0,0.0058997391737415,600048
2012-04-16,11.78,12.1,11.6,11.99,25882296.0,308062592.0,5843229164.0,0.004429450783731,600048
2012-04-17,11.95,11.99,11.52,11.64,17597064.0,206352464.0,5843229164.0,0.0030115306975148,600048
2012-04-18,11.73,12.2,11.62,12.19,39384952.0,473655904.0,5843229164.0,0.0067402716707826,600048
2012-04-19,12.13,12.29,12.0,12.21,26168808.0,317895616.0,5843229164.0,0.0044784839453542,600048
2012-04-20,12.11,12.26,11.76,12.2,50385552.0,607394752.0,5843229164.0,0.0086228950783625,600048
2012-04-23,12.13,12.14,11.75,12.0,26424590.0,314180064.0,5843229164.0,0.0045222580286258,600048
2012-04-24,11.98,12.23,11.75,12.01,29415988.0,352668064.0,5843229164.0,0.0050342006405005,600048
2012-04-25,11.94,12.42,11.85,12.31,42212432.0,515339552.0,5843229164.0,0.0072241616433717,600048
2012-04-27,12.3,12.66,12.2,12.51,42610528.0,532396800.0,5843229164.0,0.0072922910952256,600048
2012-05-02,12.61,13.1,12.52,13.0,38224476.0,491465440.0,5843229164.0,0.0065416698416519,600048
2012-05-03,13.17,13.17,12.65,12.95,28884386.0,370607744.0,5843229164.0,0.00494322320575,600048
2012-05-04,12.9,13.05,12.68,13.02,22504724.0,290477696.0,5843229164.0,0.0038514190301915,600048
2012-05-07,12.9,13.05,12.71,12.99,27704332.0,356588352.0,5843229164.0,0.0047412708320059,600048
2012-05-08,13.15,13.15,12.59,12.99,36832920.0,472055456.0,5843229164.0,0.0063035213862442,600048
2012-05-09,12.8,12.9,12.67,12.75,16556984.0,211380624.0,5843229164.0,0.0028335332288535,600048
2012-05-10,12.73,12.9,12.66,12.79,11068866.0,141338784.0,5843229164.0,0.0018943063311969,600048
2012-05-11,12.7,12.79,12.51,12.63,15765576.0,198689696.0,5843229164.0,0.0026980930505227,600048
2012-05-14,12.79,13.15,12.6,12.77,42250728.0,544210944.0,5843229164.0,0.0072307155537054,600048
2012-05-15,12.65,12.99,12.61,12.97,18422744.0,237353712.0,5843229164.0,0.0031528361258706,600048
2012-05-16,12.91,12.96,12.65,12.66,16336560.0,208566672.0,5843229164.0,0.0027958102517438,600048
2012-05-17,12.65,12.97,12.53,12.89,15263442.0,195224848.0,5843229164.0,0.0026121587176552,600048
2012-05-18,12.8,12.92,12.65,12.73,9513800.0,121735072.0,5843229164.0,0.0016281750609088,600048
2012-05-21,12.72,12.92,12.63,12.72,11601583.0,148012688.0,5843229164.0,0.0019854745850936,600048
2012-05-22,12.75,13.45,12.72,13.41,48885712.0,643824192.0,5843229164.0,0.0083662150889415,600048
2012-05-23,13.34,13.65,13.27,13.61,37408868.0,506211744.0,5843229164.0,0.0064020881177269,600048
2012-05-24,13.59,13.81,13.35,13.45,21907344.0,297677152.0,5843229164.0,0.0037491844637842,600048
2012-05-25,13.5,13.73,13.4,13.52,17272092.0,234415056.0,5843229164.0,0.0029559155588853,600048
2012-05-28,13.49,13.97,13.41,13.96,20969902.0,287272320.0,5843229164.0,0.0035887522825897,600048
2012-05-29,13.9,14.1,13.85,13.96,24915448.0,348407840.0,5843229164.0,0.0042639861112248,600048
2012-05-30,13.89,14.27,13.8,13.82,31532846.0,443526944.0,5843229164.0,0.005396476009237,600048
2012-05-31,13.7,13.85,13.55,13.64,31967148.0,437546240.0,5843229164.0,0.0054708016924868,600048
2012-06-01,13.64,13.85,13.55,13.67,25447360.0,348306048.0,5843229164.0,0.0043550165988321,600048
2012-06-04,13.48,13.9,13.23,13.25,29227912.0,397484032.0,5843229164.0,0.0050020136434272,600048
2012-06-05,13.33,13.58,13.23,13.52,17121440.0,229935200.0,5843229164.0,0.0029301332395937,600048
2012-06-06,13.49,13.55,13.18,13.52,18116952.0,242369504.0,5843229164.0,0.0031005034188318,600048
2012-06-07,13.6,14.13,13.58,13.64,32584248.0,451607616.0,5843229164.0,0.0055764111051387,600048
2012-06-08,14.0,14.26,13.56,13.63,35001936.0,485632320.0,5843229164.0,0.0059901699929289,600048
2012-06-11,13.75,14.35,13.7,14.07,36146544.0,506682784.0,5843229164.0,0.0061860562003451,600048
2012-06-12,14.05,14.65,13.96,14.63,44441380.0,640421888.0,5843229164.0,0.0076056198982922,600048
2012-06-13,14.61,14.7,14.5,14.59,40838060.0,595805760.0,5843229164.0,0.0069889540276123,600048
2012-06-14,14.6,14.9,14.58,14.71,27639656.0,405990688.0,5843229164.0,0.0047302022946981,600048
2012-06-15,14.8,14.8,13.9,14.37,55618160.0,794625600.0,5843229164.0,0.0095183944423508,600048
2012-06-18,11.91,12.02,11.75,11.99,23302782.0,276526752.0,5843229164.0,0.0039879972778695,600048
2012-06-19,11.91,11.94,11.71,11.73,34207904.0,404193120.0,7011874997.0,0.0048785672897243,600048
2012-06-20,11.76,11.83,11.36,11.54,36424736.0,420596416.0,7011874997.0,0.0051947212429748,600048
2012-06-21,11.52,11.68,11.3,11.5,43644380.0,502842080.0,7011874997.0,0.0062243522622227,600048
2012-06-25,11.46,11.59,10.92,10.94,50054436.0,556740608.0,7011874997.0,0.0071385237217456,600048
2012-06-26,10.9,11.27,10.88,11.24,51872676.0,576633152.0,7011874997.0,0.0073978323946438,600048
2012-06-27,11.12,11.65,11.07,11.42,36074512.0,412940640.0,7011874997.0,0.005144773974926,600048
2012-06-28,11.46,11.62,11.27,11.3,19205822.0,219089472.0,7011874997.0,0.0027390422687536,600048
2012-06-29,11.28,11.46,11.11,11.34,32661284.0,367339424.0,7011874997.0,0.0046579957591905,600048
2012-07-02,11.5,11.69,11.27,11.6,29689784.0,342694624.0,7011874997.0,0.0042342146733509,600048
2012-07-03,11.59,12.07,11.51,11.97,53044964.0,632654272.0,7011874997.0,0.0075650184897327,600048
2012-07-04,12.02,12.1,11.8,11.99,20129398.0,240531424.0,7011874997.0,0.0028707582506265,600048
2012-07-05,11.88,12.25,11.84,12.21,44046360.0,534873952.0,7011874997.0,0.0062816807228943,600048
2012-07-06,12.42,12.88,12.4,12.82,78951464.0,997247552.0,7011874997.0,0.0112596793345259,600048
2012-07-09,12.6,13.18,12.5,13.0,62614312.0,814923968.0,7011874997.0,0.0089297530299369,600048
2012-07-10,12.78,12.88,12.41,12.53,54116944.0,680537216.0,7011874997.0,0.0077178991386973,600048
2012-07-11,12.5,12.75,12.13,12.43,37844344.0,469899168.0,7011874997.0,0.0053971789309124,600048
2012-07-12,12.4,12.93,12.1,12.86,56133820.0,701228736.0,7011874997.0,0.0080055363257355,600048
2012-07-13,12.76,13.01,12.64,12.8,22559946.0,289453088.0,7011874997.0,0.0032173913553296,600048
2012-07-16,12.8,12.9,12.18,12.27,29505338.0,366366016.0,7137994391.0,0.004133561387664,600048
2012-07-17,12.2,12.57,12.18,12.38,20351496.0,252180304.0,7137994391.0,0.002851150461208,600048
2012-07-18,12.38,12.49,11.27,11.78,80993000.0,953198976.0,7137994391.0,0.0113467446965383,600048
2012-07-19,11.68,11.85,11.2,11.56,52728892.0,610432704.0,7137994391.0,0.0073870738910195,600048
2012-07-20,11.45,11.63,11.19,11.35,52607236.0,597661952.0,7137994391.0,0.0073700304480948,600048
2012-07-23,11.27,11.34,10.98,11.2,31384432.0,350009344.0,7137994391.0,0.0043968137660028,600048
2012-07-24,11.2,11.65,11.18,11.44,27067272.0,310641632.0,7137994391.0,0.0037919996174454,600048
2012-07-25,11.35,11.4,11.07,11.15,33580836.0,375350336.0,7137994391.0,0.0047045198077404,600048
2012-07-26,11.11,11.2,10.67,10.72,68032184.0,738451072.0,7137994391.0,0.0095309943204465,600048
2012-07-27,10.76,10.95,10.65,10.9,34153324.0,370200352.0,7137994391.0,0.0047847227287068,600048
2012-07-30,10.9,11.14,10.85,11.0,22825980.0,251412256.0,7137994391.0,0.0031978142247884,600048
2012-07-31,10.96,11.47,10.91,11.4,37974260.0,428691168.0,7137994391.0,0.0053200181899666,600048
2012-08-01,11.38,11.71,11.26,11.34,49988924.0,575791360.0,7137994391.0,0.0070032170469381,600048
2012-08-02,11.3,11.3,10.23,10.3,86784976.0,923110848.0,7137994391.0,0.0121581737454744,600048
2012-08-03,10.47,10.55,10.24,10.48,58738732.0,611442816.0,7137994391.0,0.0082290246787054,600048
2012-08-06,10.41,10.65,10.28,10.63,53019568.0,553697920.0,7137994391.0,0.0074277962542041,600048
2012-08-07,10.6,10.65,10.4,10.58,42341764.0,444702080.0,7137994391.0,0.0059318853000763,600048
2012-08-08,10.52,10.8,10.52,10.75,43281504.0,463432896.0,7137994391.0,0.006063538527653,600048
2012-08-09,10.82,11.1,10.82,10.92,39566632.0,433367648.0,7137994391.0,0.0055431021422331,600048
2012-08-10,10.88,10.92,10.56,10.63,31023456.0,331873536.0,7137994391.0,0.0043462426979651,600048
2012-08-13,10.46,10.52,10.01,10.19,67463424.0,691132352.0,7137994391.0,0.0094513136750376,600048
2012-08-14,10.23,10.5,10.01,10.49,34883032.0,357323648.0,7137994391.0,0.0048869514445097,600048
2012-08-15,10.36,10.52,10.3,10.46,15231369.0,159090288.0,7137994391.0,0.0021338443497804,600048
2012-08-16,10.35,10.64,10.35,10.47,16444248.0,172968448.0,7137994391.0,0.0023037630879528,600048
2012-08-17,10.46,10.5,10.1,10.33,23919440.0,245031792.0,7137994391.0,0.0033510029133896,600048
2012-08-20,10.11,10.11,9.85,10.02,44984336.0,447678912.0,7137994391.0,0.0063020974150272,600048
2012-08-21,10.03,10.29,9.78,9.83,53313496.0,529789760.0,7137994391.0,0.0074689742075478,600048
2012-08-22,9.85,9.88,9.37,9.49,69922424.0,669816512.0,7137994391.0,0.0097958082018335,600048
2012-08-23,9.49,9.58,9.3,9.41,63571332.0,598075648.0,7137994391.0,0.0089060495872838,600048
2012-08-24,9.34,9.51,9.27,9.42,29292596.0,275566944.0,7137994391.0,0.0041037572174242,600048
2012-08-27,9.37,9.49,9.29,9.42,30988956.0,291607232.0,7137994391.0,0.0043414094075322,600048
2012-08-28,9.38,9.43,9.07,9.24,42432192.0,392143168.0,7137994391.0,0.0059445538446347,600048
2012-08-29,9.2,9.36,9.05,9.1,26803880.0,246743536.0,7137994391.0,0.0037550996164687,600048
2012-08-30,9.01,9.25,9.01,9.13,31493316.0,287388416.0,7137994391.0,0.0044120679107997,600048
2012-08-31,9.12,9.43,9.1,9.41,35236864.0,328363808.0,7137994391.0,0.0049365216711894,600048
2012-09-03,9.4,10.15,9.4,10.13,80789128.0,800570304.0,7137994391.0,0.0113181831722736,600048
2012-09-04,10.01,10.26,9.92,9.95,34412132.0,347061152.0,7137994391.0,0.0048209805324852,600048
2012-09-05,9.91,10.3,9.91,10.24,31226452.0,317243616.0,7137994391.0,0.0043746814986814,600048
2012-09-06,10.24,10.42,10.05,10.2,36367128.0,373711040.0,7137994391.0,0.0050948664299671,600048
2012-09-07,10.28,10.91,10.28,10.65,74467048.0,786452032.0,7137994391.0,0.0104324890047395,600048
2012-09-10,10.7,10.91,10.4,10.65,54637908.0,580923968.0,7137994391.0,0.0076545182031651,600048
2012-09-11,10.52,10.55,10.34,10.49,36579364.0,380746368.0,7137994391.0,0.0051245997119472,600048
2012-09-12,10.56,10.76,10.28,10.46,35657100.0,370635296.0,7137994391.0,0.0049953947911416,600048
2012-09-13,10.37,10.65,10.37,10.43,26947486.0,283201856.0,7137994391.0,0.0037752181528717,600048
2012-09-14,10.5,10.63,10.08,10.41,45410048.0,468145728.0,7137994391.0,0.0063617376972522,600048
2012-09-17,10.3,10.32,9.6,9.71,78509496.0,771744320.0,7137994391.0,0.0109988172726766,600048
2012-09-18,9.62,9.93,9.61,9.82,41879976.0,410968768.0,7137994391.0,0.0058671909371075,600048
2012-09-19,9.77,9.85,9.61,9.8,32469294.0,316327904.0,7137994391.0,0.0045487979145709,600048
2012-09-20,9.71,9.74,9.5,9.56,37505928.0,360458784.0,7137994391.0,0.0052544070428648,600048
2012-09-21,9.45,10.4,9.45,9.85,63495004.0,613009216.0,7137994391.0,0.008895356387511,600048
2012-09-24,9.72,10.2,9.67,10.12,41113016.0,410550400.0,7137994391.0,0.0057597433884002,600048
2012-09-25,10.12,10.23,10.05,10.17,21162664.0,215061664.0,7137994391.0,0.0029647913462475,600048
2012-09-26,10.16,10.21,9.95,10.03,18244776.0,182922736.0,7137994391.0,0.0025560087330699,600048
2012-09-27,10.06,10.42,9.88,10.34,46740640.0,475858976.0,7137994391.0,0.0065481474822862,600048
2012-09-28,10.24,10.77,10.2,10.76,60574136.0,640637760.0,7137994391.0,0.0084861562901163,600048
2012-10-08,10.72,10.76,10.36,10.44,32414500.0,338930880.0,7137994391.0,0.0045411215286005,600048
2012-10-09,10.51,10.86,10.46,10.79,41884008.0,450491584.0,7137994391.0,0.005867755801659,600048
2012-10-10,10.77,10.91,10.64,10.86,30773752.0,332231744.0,7137994391.0,0.0043112603224795,600048
2012-10-11,10.82,10.89,10.61,10.69,26023212.0,279090208.0,7137994391.0,0.0036457316403626,600048
2012-10-12,10.79,10.9,10.44,10.59,29479596.0,313084384.0,7137994391.0,0.0041299550525242,600048
2012-10-15,10.64,10.74,10.47,10.64,17077256.0,181290224.0,7137994391.0,0.0023924445810061,600048
2012-10-16,10.68,10.77,10.51,10.63,21169596.0,225426240.0,7137994391.0,0.002965762487386,600048
2012-10-17,10.66,10.75,10.35,10.6,25417702.0,268324944.0,7137994391.0,0.0035609024899274,600048
2012-10-18,10.61,11.3,10.6,11.28,81340840.0,894777280.0,7137994391.0,0.0113954754717318,600048
2012-10-19,11.2,11.37,11.06,11.22,39832632.0,447544320.0,7137994391.0,0.0055803675119475,600048
2012-10-22,11.1,11.45,10.97,11.36,41302756.0,462903776.0,7137994391.0,0.0057863250848273,600048
2012-10-23,11.35,11.48,11.13,11.19,32398752.0,366001472.0,7137994391.0,0.0045389153066371,600048
2012-10-24,11.15,11.36,11.11,11.22,23781060.0,267241840.0,7137994391.0,0.0033316165154156,600048
2012-10-25,11.22,11.27,10.88,10.95,27143592.0,299658752.0,7137994391.0,0.0038026916964552,600048
2012-10-26,10.97,11.06,10.46,10.72,33129096.0,354236000.0,7137994391.0,0.0046412331230984,600048
2012-10-29,10.61,10.72,10.41,10.71,16583654.0,175650480.0,7137994391.0,0.0023232932237814,600048
2012-10-30,10.77,11.12,10.65,10.98,35149172.0,385145920.0,7137994391.0,0.0049242364275766,600048
2012-10-31,11.06,11.18,10.94,11.11,24577854.0,272046752.0,7137994391.0,0.0034432436695368,600048
2012-11-01,11.11,11.84,11.1,11.6,68980840.0,798798528.0,7137994391.0,0.0096638966383855,600048
2012-11-02,11.6,11.85,11.57,11.79,53988492.0,631803776.0,7137994391.0,0.007563538025201,600048
2012-11-05,11.71,11.82,11.45,11.75,41481536.0,484150176.0,7137994391.0,0.0058113713359458,600048
2012-11-06,11.66,11.67,11.4,11.6,34784172.0,401227200.0,7137994391.0,0.0048731016157504,600048
2012-11-07,11.55,11.66,11.27,11.4,27611938.0,314291168.0,7137994391.0,0.0038683048048923,600048
2012-11-08,11.3,11.54,11.09,11.2,41577640.0,472017472.0,7137994391.0,0.005824835061852,600048
2012-11-09,11.15,11.4,11.15,11.26,22993702.0,258991840.0,7137994391.0,0.0032213113012517,600048
2012-11-12,11.29,11.62,11.29,11.62,42366500.0,487652576.0,7137994391.0,0.0059353506992689,600048
2012-11-13,11.56,11.58,11.35,11.46,29560056.0,338863904.0,7137994391.0,0.0041412271263859,600048
2012-11-14,11.45,11.56,10.98,11.23,37162272.0,416481696.0,7137994391.0,0.0052062624267198,600048
2012-11-15,11.06,11.3,11.03,11.13,30192648.0,338251616.0,7137994391.0,0.0042298503397633,600048
2012-11-16,11.04,11.23,11.01,11.16,29759112.0,330128128.0,7137994391.0,0.0041691139513253,600048
2012-11-19,11.13,11.13,10.7,10.99,28962922.0,316031808.0,7137994391.0,0.0040575714148106,600048
2012-11-20,10.99,11.29,10.9,11.2,26503006.0,295456608.0,7137994391.0,0.0037129485606512,600048
2012-11-21,11.18,11.5,11.01,11.45,35563044.0,401529600.0,7137994391.0,0.0049822179805632,600048
2012-11-22,11.35,11.64,11.27,11.46,27146988.0,312344672.0,7137994391.0,0.0038031674603483,600048
2012-11-23,11.46,11.66,11.37,11.49,33063966.0,380815072.0,7137994391.0,0.0046321087113333,600048
2012-11-26,11.49,11.54,11.25,11.43,18191020.0,206818448.0,7137994391.0,0.0025484777660985,600048
2012-11-27,11.32,11.57,11.27,11.41,19055048.0,217206368.0,7137994391.0,0.0026695240926534,600048
2012-11-28,11.3,11.35,10.95,11.01,30909988.0,345022944.0,7137994391.0,0.0043303463559698,600048
2012-11-29,11.01,11.22,11.0,11.1,21947372.0,244598432.0,7137994391.0,0.003074725307668,600048
2012-11-30,11.08,11.78,11.08,11.47,59667872.0,688669632.0,7137994391.0,0.0083591928953086,600048
2012-12-03,11.48,11.96,11.48,11.75,62164824.0,734775424.0,7137994391.0,0.0087090043217715,600048
2012-12-04,11.76,11.9,11.55,11.85,36400416.0,427212896.0,7137994391.0,0.0050995299248057,600048
2012-12-05,11.78,12.49,11.75,12.08,56334256.0,684393728.0,7137994391.0,0.0078921687121286,600048
2012-12-06,12.16,12.36,12.05,12.27,35469740.0,433964352.0,7137994391.0,0.0049691465217067,600048
2012-12-07,12.23,12.46,11.94,12.16,62286472.0,756057600.0,7137994391.0,0.0087260466439332,600048
2012-12-10,12.19,12.43,11.85,12.4,71984152.0,877745728.0,7137994391.0,0.0100846467588657,600048
2012-12-11,12.3,12.36,12.09,12.14,38005328.0,465339808.0,7137994391.0,0.005324370673073,600048
2012-12-12,12.18,12.39,12.06,12.29,41341172.0,505999232.0,7137994391.0,0.0057917069887481,600048
2012-12-13,12.32,12.51,12.18,12.44,47698176.0,591299008.0,7137994391.0,0.0066822938471541,600048
2012-12-14,12.48,12.95,12.31,12.91,101992904.0,1294901248.0,7137994391.0,0.0142887341195726,600048
2012-12-17,12.8,13.06,12.41,12.59,91585432.0,1165569280.0,7137994391.0,0.0128306954283231,600048
2012-12-18,12.5,12.62,12.06,12.14,115844448.0,1424109056.0,7137994391.0,0.0162292713687283,600048
2012-12-19,12.06,12.2,11.78,12.13,132264640.0,1582554880.0,7137994391.0,0.0185296643223434,600048
2012-12-20,12.03,12.42,11.89,12.31,72586488.0,884600960.0,7137994391.0,0.0101690312465811,600048
2012-12-21,12.33,12.61,12.08,12.12,66618408.0,822840768.0,7137994391.0,0.0093329308417496,600048
2012-12-24,12.09,12.32,12.0,12.26,42945172.0,523851136.0,7137994391.0,0.0060164199700335,600048
2012-12-25,12.21,13.06,12.18,12.84,115202640.0,1473463040.0,7137994391.0,0.0161393570363762,600048
2012-12-26,12.83,13.2,12.82,13.09,109594440.0,1426870912.0,7137994391.0,0.0153536741550516,600048
2012-12-27,13.11,13.3,12.85,12.89,65074148.0,849482816.0,7137994391.0,0.0091165871581587,600048
2012-12-28,12.82,13.21,12.71,13.16,63261988.0,821652928.0,7137994391.0,0.0088627119236412,600048
2012-12-31,13.2,13.62,13.11,13.6,73129480.0,980039488.0,7137994391.0,0.0102451019143705,600048
2013-01-04,13.8,14.25,13.63,14.19,112483696.0,1571652864.0,7137994391.0,0.015758445557456,600048
2013-01-07,14.14,14.14,13.71,13.94,61086312.0,849291904.0,7137994391.0,0.0085579097788338,600048
2013-01-08,13.91,13.98,13.48,13.78,57514392.0,787976640.0,7137994391.0,0.0080575003074417,600048
2013-01-09,13.8,14.02,13.57,13.99,65961780.0,907771072.0,7137994391.0,0.009240940295942,600048
2013-01-10,14.0,14.29,13.86,14.17,54202180.0,765453824.0,7137994391.0,0.0075934747256654,600048
2013-01-11,14.18,14.19,13.5,13.53,63437292.0,871603712.0,7137994391.0,0.0088872712032367,600048
2013-01-14,13.53,14.2,13.51,14.1,77534720.0,1079559936.0,7137994391.0,0.010862255663546,600048
2013-01-15,14.15,14.18,13.85,14.04,54609264.0,764429824.0,7137994391.0,0.0076505053112474,600048
2013-01-16,14.0,14.01,13.43,13.56,96402512.0,1314552192.0,7137994391.0,0.0135055460566836,600048
2013-01-17,13.56,13.82,13.43,13.55,44775580.0,611229632.0,7137994391.0,0.0062728516649516,600048
2013-01-18,13.67,14.35,13.55,14.29,81385832.0,1138879232.0,7137994391.0,0.0114017786428378,600048
2013-01-21,14.48,14.64,13.81,13.97,89498040.0,1264122112.0,7137994391.0,0.0125382614635904,600048
2013-01-22,13.97,13.97,13.5,13.68,81502192.0,1117456384.0,7137994391.0,0.0114180801406572,600048
2013-01-23,13.63,13.93,13.42,13.65,51454144.0,702634560.0,7137994391.0,0.0072084875920995,600048
2013-01-24,13.52,14.05,13.32,13.48,84537376.0,1155861888.0,7137994391.0,0.0118432953809251,600048
2013-01-25,13.47,13.55,12.96,13.0,81481488.0,1069826112.0,7137994391.0,0.011415179606016,600048
2013-01-28,13.03,13.56,12.99,13.55,77626808.0,1031644672.0,7137994391.0,0.0108751567664267,600048
2013-01-29,13.54,14.1,13.5,13.68,100125504.0,1384593024.0,7137994391.0,0.0140271200165475,600048
2013-01-30,13.69,14.14,13.63,14.09,102593144.0,1429616256.0,7137994391.0,0.0143728249673823,600048
2013-01-31,14.01,14.01,13.14,13.22,132631416.0,1783099008.0,7137994391.0,0.0185810479435553,600048
2013-02-01,13.26,13.32,12.84,13.27,123855720.0,1617684480.0,7137994391.0,0.0173516135227234,600048
2013-02-04,13.25,13.29,12.6,13.13,139337104.0,1805259136.0,7137994391.0,0.0195204838176511,600048
2013-02-05,12.93,13.58,12.88,13.42,101958112.0,1357782144.0,7137994391.0,0.0142838599212903,600048
2013-02-06,13.38,13.4,13.02,13.14,67839952.0,892474560.0,7137994391.0,0.0095040635063452,600048
2013-02-07,13.16,13.18,12.8,13.02,77019584.0,998873280.0,7137994391.0,0.010790087492519,600048
2013-02-08,12.94,13.15,12.91,13.03,78835088.0,1026062976.0,7137994391.0,0.0110444312059701,600048
2013-02-18,13.09,13.15,12.73,12.87,65912456.0,847954112.0,7137994391.0,0.0092340302316721,600048
2013-02-19,12.8,12.8,12.14,12.22,96395568.0,1193112064.0,7137994391.0,0.0135045732344005,600048
2013-02-20,12.2,12.46,12.14,12.39,63512784.0,780830016.0,7137994391.0,0.0088978472832761,600048
2013-02-21,12.3,12.69,12.09,12.3,86685152.0,1068799424.0,7137994391.0,0.0121441888647737,600048
2013-02-22,12.29,12.6,12.24,12.4,54772456.0,682466496.0,7137994391.0,0.0076733677556626,600048
2013-02-25,12.41,12.47,11.94,12.14,63153240.0,766255040.0,7137994391.0,0.0088474768318152,600048
2013-02-26,12.0,12.35,11.91,11.92,49635176.0,602911232.0,7137994391.0,0.0069536585882699,600048
2013-02-27,12.0,12.4,11.92,12.38,71625216.0,876175936.0,7137994391.0,0.0100343614853927,600048
2013-02-28,12.45,12.92,12.45,12.82,114137400.0,1456014848.0,7137994391.0,0.0159901218392537,600048
2013-03-01,12.87,12.89,12.5,12.63,55045992.0,696159040.0,7137994391.0,0.007711688884122,600048
2013-03-04,11.55,11.65,11.37,11.37,164441632.0,1876391680.0,7137994391.0,0.0230375120786502,600048
2013-03-05,11.02,11.3,10.85,11.25,170838512.0,1891589376.0,7137994391.0,0.0239336853802243,600048
2013-03-06,11.23,11.47,11.2,11.35,100533880.0,1140614656.0,7137994391.0,0.0140843316053538,600048
2013-03-07,11.28,11.55,11.12,11.37,69038544.0,785265792.0,7137994391.0,0.0096719807018968,600048
2013-03-08,11.48,11.52,11.31,11.38,51644704.0,588765120.0,7137994391.0,0.007235184166734,600048
2013-03-11,11.37,11.59,11.31,11.57,54671804.0,630101376.0,7137994391.0,0.0076592668759915,600048
2013-03-12,11.51,11.81,11.43,11.58,58556996.0,679579392.0,7137994391.0,0.0082035643056587,600048
2013-03-13,11.55,11.56,11.1,11.14,50699688.0,569881280.0,7137994391.0,0.0071027917959595,600048
2013-03-14,11.13,11.24,10.98,11.1,43439176.0,483078112.0,7137994391.0,0.0060856276455989,600048
2013-03-15,11.1,11.21,10.52,10.65,114874856.0,1241421440.0,7137994391.0,0.0160934360140211,600048
2013-03-18,10.68,10.89,10.5,10.76,60583928.0,647613376.0,7137994391.0,0.008487528104027,600048
2013-03-19,10.75,11.25,10.67,11.19,71745296.0,790091008.0,7137994391.0,0.0100511841380067,600048
2013-03-20,11.2,11.83,11.2,11.66,114861936.0,1334759424.0,7137994391.0,0.0160916259817778,600048
2013-03-21,11.67,11.72,11.42,11.59,43479352.0,504097408.0,7137994391.0,0.0060912561173795,600048
2013-03-22,11.59,11.81,11.43,11.75,38107116.0,442395392.0,7137994391.0,0.0053386307010898,600048
2013-03-25,11.81,12.03,11.68,11.92,44606840.0,530216800.0,7137994391.0,0.0062492119713967,600048
2013-03-26,11.82,12.4,11.82,11.92,83427304.0,1009168384.0,7137994391.0,0.0116877794279566,600048
2013-03-27,11.85,12.24,11.83,12.06,51652188.0,622271424.0,7137994391.0,0.0072362326405195,600048
2013-03-28,11.88,11.95,11.4,11.77,84089904.0,982566400.0,7137994391.0,0.011780606623343,600048
2013-03-29,11.77,11.79,11.38,11.48,53342856.0,615999104.0,7137994391.0,0.0074730874077538,600048
2013-04-01,11.53,12.09,11.53,11.82,55563764.0,658349248.0,7137994391.0,0.0077842263465572,600048
2013-04-02,11.88,12.32,11.86,11.99,63747300.0,772606208.0,7137994391.0,0.0089307018902083,600048
2013-04-03,12.06,12.17,11.74,11.84,34024320.0,405289056.0,7137994391.0,0.0047666498649676,600048
2013-04-08,11.3,11.7,11.17,11.59,54213996.0,621382144.0,7137994391.0,0.0075951300926148,600048
2013-04-09,11.6,11.99,11.6,11.78,40840424.0,481071200.0,7137994391.0,0.0057215545099746,600048
2013-04-10,11.92,12.08,11.71,11.81,38764252.0,460941856.0,7137994391.0,0.0054306924153479,600048
2013-04-11,11.98,12.01,11.59,11.61,36887648.0,433699136.0,7137994391.0,0.0051677888744925,600048
2013-04-12,11.6,11.75,11.45,11.5,29453054.0,341215296.0,7137994391.0,0.0041262366410845,600048
2013-04-15,11.52,11.9,11.47,11.76,48366616.0,567706624.0,7137994391.0,0.0067759391995296,600048
2013-04-16,11.72,12.47,11.7,12.46,93060808.0,1129770624.0,7137994391.0,0.0130373887821117,600048
2013-04-17,12.47,12.73,12.25,12.52,71988760.0,899785792.0,7137994391.0,0.0100852923183531,600048
2013-04-18,12.4,12.74,12.36,12.52,50162532.0,630902464.0,7137994391.0,0.0070275387247779,600048
2013-04-19,12.56,12.76,12.32,12.66,66243964.0,834523776.0,7137994391.0,0.0092804729692032,600048
2013-04-22,12.6,12.72,12.15,12.33,61486216.0,759690048.0,7137994391.0,0.0086139344796243,600048
2013-04-23,12.28,12.28,11.68,11.75,67297552.0,801041088.0,7137994391.0,0.0094280757750177,600048
2013-04-24,11.8,12.03,11.6,11.97,49972740.0,590310400.0,7137994391.0,0.0070009497433913,600048
2013-04-25,11.86,11.86,11.41,11.58,61929364.0,716832064.0,7137994391.0,0.0086760174648055,600048
2013-04-26,11.65,11.8,11.55,11.63,28203452.0,329692064.0,7137994391.0,0.0039511731804609,600048
2013-05-02,11.55,11.89,11.45,11.87,36734160.0,432691456.0,7137994391.0,0.005146285915595,600048
2013-05-03,11.9,12.32,11.85,12.04,62524136.0,759467648.0,7137994391.0,0.0087593422711054,600048
2013-05-06,12.05,12.26,11.92,12.09,38972272.0,471861344.0,7137994391.0,0.0054598350552276,600048
2013-05-07,12.01,12.33,12.0,12.23,46861008.0,573650368.0,7137994391.0,0.0065650104823681,600048
2013-05-08,12.35,12.55,12.19,12.23,41590976.0,513547840.0,7137994391.0,0.0058267033737712,600048
2013-05-09,12.15,12.33,11.94,11.98,42987140.0,520501472.0,7137994391.0,0.0060222994927259,600048
2013-05-10,11.98,12.15,11.88,12.11,39765672.0,478887200.0,7137994391.0,0.0055709867256464,600048
2013-05-13,12.16,12.18,11.78,11.95,32039460.0,383093984.0,7137994391.0,0.0044885801592107,600048
2013-05-14,11.86,11.91,11.49,11.59,57270264.0,665759616.0,7137994391.0,0.0080232991037664,600048
2013-05-15,11.62,11.66,11.45,11.57,33745584.0,389090208.0,7137994391.0,0.0047276002405589,600048
2013-05-16,11.55,12.08,11.5,12.07,62449192.0,741316928.0,7137994391.0,0.0087488429633314,600048
2013-05-17,12.13,12.49,12.12,12.38,85123808.0,1050088896.0,7137994391.0,0.0119254517917986,600048
2013-05-20,12.42,12.68,12.24,12.25,85481736.0,1067036608.0,7137994391.0,0.0119755958491338,600048
2013-05-21,12.24,12.36,12.1,12.32,58028112.0,710038976.0,7137994391.0,0.008129470103418,600048
2013-05-22,12.27,12.64,12.25,12.4,62393184.0,777494144.0,7137994391.0,0.0087409965015759,600048
2013-05-23,12.42,12.68,12.24,12.25,60918936.0,760108864.0,7137994391.0,0.0085344611753702,600048
2013-05-24,12.37,12.45,12.05,12.26,40552476.0,493995488.0,7137994391.0,0.0056812143269727,600048
2013-05-27,12.14,12.31,12.03,12.24,35545592.0,431564672.0,7137994391.0,0.0049797730360811,600048
2013-05-28,12.22,12.65,12.12,12.64,59272488.0,736113216.0,7137994391.0,0.0083038014256125,600048
2013-05-29,12.67,13.03,12.67,12.8,82981216.0,1068184256.0,7137994391.0,0.0116252845623733,600048
2013-05-30,12.75,12.95,12.64,12.83,35769048.0,458809856.0,7137994391.0,0.0050110781881672,600048
2013-05-31,12.82,12.93,12.32,12.47,41776912.0,525024416.0,7137994391.0,0.0058527521473923,600048
2013-06-03,12.29,12.52,12.26,12.35,31402256.0,388494624.0,7137994391.0,0.0043993108259644,600048
2013-06-04,12.35,12.46,12.12,12.18,55361160.0,680552064.0,7137994391.0,0.0077558424632278,600048
2013-06-05,12.18,12.22,11.97,12.15,31231240.0,376931104.0,7137994391.0,0.0043753522753363,600048
2013-06-06,12.13,12.13,11.69,11.76,61738816.0,730941632.0,7137994391.0,0.0086493225713155,600048
2013-06-07,11.78,11.91,11.36,11.52,58642420.0,680995904.0,7137994391.0,0.0082155318129613,600048
2013-06-13,11.33,11.33,10.88,11.0,65614820.0,726961280.0,7137994391.0,0.0091923328046784,600048
2013-06-14,11.06,11.15,10.96,11.07,52911524.0,584157056.0,7137994391.0,0.0074126597895221,600048
2013-06-17,11.08,11.11,10.64,10.97,59442424.0,647825600.0,7137994391.0,0.0083276086732357,600048
2013-06-18,11.01,11.15,10.87,11.12,40244472.0,444240192.0,7137994391.0,0.0056380643911324,600048
2013-06-19,11.05,11.05,10.68,10.94,47104584.0,510365440.0,7137994391.0,0.0065991343533965,600048
2013-06-20,10.85,11.02,10.59,10.61,51696104.0,558164672.0,7137994391.0,0.0072423850690022,600048
2013-06-21,10.5,10.74,10.38,10.59,61674172.0,654297088.0,7137994391.0,0.0086402662459026,600048
2013-06-24,10.58,10.58,9.53,9.53,145760928.0,1443082112.0,7137994391.0,0.0204204318490056,600048
2013-06-25,9.33,9.59,8.59,9.3,147402528.0,1353638144.0,7137994391.0,0.0206504124163859,600048
2013-06-26,9.35,9.5,9.1,9.31,75636240.0,702294656.0,7137994391.0,0.0105962873962701,600048
2013-06-27,9.37,9.58,9.24,9.33,86275200.0,813486016.0,7137994391.0,0.0120867564856566,600048
2013-06-28,9.47,10.26,9.47,9.91,156149456.0,1554871040.0,7137994391.0,0.0218758165734736,600048
2013-07-01,9.74,10.2,9.68,9.99,43514848.0,433271488.0,7137994391.0,0.0060962289428058,600048
2013-07-02,9.99,10.06,9.65,9.87,52918976.0,519151328.0,7137994391.0,0.0074137037802556,600048
2013-07-03,9.86,9.86,9.3,9.66,69126992.0,658726016.0,7137994391.0,0.009684371857613,600048
2013-07-04,9.55,10.1,9.52,9.94,73867584.0,730855360.0,7137994391.0,0.0103485068709407,600048
2013-07-05,10.35,10.93,10.35,10.41,105270448.0,1117313408.0,7137994391.0,0.0147479028748931,600048
2013-07-08,10.27,10.66,10.16,10.41,63495880.0,663881408.0,7137994391.0,0.0088954791110594,600048
2013-07-09,10.41,10.49,10.05,10.12,27799108.0,282749312.0,7137994391.0,0.003894526456206,600048
2013-07-10,10.22,10.69,10.14,10.67,48713428.0,506494368.0,7137994391.0,0.0068245259566777,600048
2013-07-11,10.78,11.58,10.78,11.32,160057952.0,1786395776.0,7137994391.0,0.0224233787857567,600048
2013-07-12,11.34,11.53,10.85,10.91,76068712.0,848011456.0,7137994391.0,0.0106568747232292,600048
2013-07-15,10.93,11.22,10.82,10.93,50547128.0,555072192.0,7137994391.0,0.0070814188455699,600048
2013-07-16,10.86,11.07,10.53,11.01,61797888.0,666200640.0,7137994391.0,0.0086575982852996,600048
2013-07-17,10.87,11.4,10.7,11.01,64937408.0,716519168.0,7137994391.0,0.0090974305165995,600048
2013-07-18,10.98,11.1,10.77,10.78,36374296.0,395792672.0,7137994391.0,0.0050958706336142,600048
2013-07-19,10.75,10.84,10.09,10.18,89574832.0,926035200.0,7137994391.0,0.0125490196676171,600048
2013-07-22,10.16,10.16,9.75,9.98,76894344.0,762182208.0,7137994391.0,0.0107725419477707,600048
2013-07-23,10.0,10.45,9.9,10.34,75509936.0,772708992.0,7137994391.0,0.010578592790043,600048
2013-07-24,10.19,10.28,9.91,10.02,61698324.0,620871360.0,7137994391.0,0.0086436498293964,600048
2013-07-25,10.05,10.25,9.91,10.08,45593860.0,460178624.0,7137994391.0,0.0063874889082971,600048
2013-07-26,10.01,10.23,9.93,10.09,36279260.0,367073856.0,7137994391.0,0.0050825565295684,600048
2013-07-29,9.99,10.0,9.54,9.69,48323216.0,467485760.0,7137994391.0,0.0067698590602605,600048
2013-07-30,9.78,10.18,9.64,9.87,51832480.0,513558304.0,7137994391.0,0.0072614907158449,600048
2013-07-31,10.6,10.75,10.16,10.19,105219368.0,1098833280.0,7137994391.0,0.0147407468031449,600048
2013-08-01,10.17,10.58,10.17,10.54,64496404.0,674246400.0,7137994391.0,0.009035647895902,600048
2013-08-02,10.87,11.25,10.86,10.93,96581448.0,1064203328.0,7137994391.0,0.0135306141626807,600048
2013-08-05,10.89,10.99,10.6,10.98,46604832.0,503245760.0,7137994391.0,0.0065291214096164,600048
2013-08-06,10.85,10.93,10.62,10.82,53099216.0,571972480.0,7137994391.0,0.0074389545706214,600048
2013-08-07,11.04,11.4,11.03,11.07,107351416.0,1205183232.0,7137994391.0,0.0150394368669377,600048
2013-08-08,11.2,11.23,10.92,10.96,34008056.0,375035552.0,7137994391.0,0.0047643713537908,600048
2013-08-09,11.02,11.12,10.69,10.88,28485096.0,309956800.0,7137994391.0,0.0039906302022197,600048
2013-08-12,10.85,11.44,10.84,11.42,67566024.0,760464064.0,7137994391.0,0.0094656874604988,600048
2013-08-13,11.42,11.57,11.28,11.42,53930472.0,617538304.0,7137994391.0,0.0075554096915512,600048
2013-08-14,11.52,11.72,11.34,11.4,37943108.0,437981184.0,7137994391.0,0.0053156539388488,600048
2013-08-15,11.4,11.48,11.11,11.13,26656548.0,299776128.0,7137994391.0,0.0037344590846989,600048
2013-08-16,11.05,12.24,10.84,11.03,96093328.0,1082139776.0,7137994391.0,0.013462230808301,600048
2013-08-19,10.9,11.18,10.85,11.08,38107432.0,419890656.0,7137994391.0,0.0053386749712283,600048
2013-08-20,11.01,11.3,10.75,10.85,61984744.0,678543360.0,7137994391.0,0.0086837759466656,600048
2013-08-21,10.94,10.94,10.49,10.56,60379596.0,641273088.0,7137994391.0,0.0084589021358898,600048
2013-08-22,10.58,10.74,10.39,10.45,42663608.0,449149184.0,7137994391.0,0.0059769741559047,600048
2013-08-23,10.5,10.58,10.21,10.57,41917328.0,436244800.0,7137994391.0,0.0058724237795495,600048
2013-08-26,10.57,10.8,10.45,10.78,53246620.0,567451072.0,7137994391.0,0.0074596051892582,600048
2013-08-27,10.85,10.86,10.59,10.7,38901848.0,415884480.0,7137994391.0,0.005449968978548,600048
2013-08-28,10.58,10.58,10.37,10.44,47439856.0,495936512.0,7137994391.0,0.0066461044099186,600048
2013-08-29,10.45,10.65,10.37,10.58,40958196.0,429515840.0,7137994391.0,0.0057380538224634,600048
2013-08-30,10.6,10.62,10.4,10.44,43281092.0,453591264.0,7137994391.0,0.0060634808083586,600048
2013-09-02,10.48,10.48,10.07,10.2,65229856.0,666922048.0,7137994391.0,0.0091384011287884,600048
2013-09-03,10.21,10.68,10.09,10.67,115787400.0,1203053568.0,7137994391.0,0.016221279207783,600048
2013-09-04,10.58,10.71,10.48,10.57,44126848.0,467169312.0,7137994391.0,0.0061819673122239,600048
2013-09-05,10.63,10.81,10.5,10.58,73977088.0,790699712.0,7137994391.0,0.01036384787487,600048
2013-09-06,10.5,10.69,10.27,10.36,82868344.0,857246848.0,7137994391.0,0.0116094717172214,600048
2013-09-09,10.42,10.98,10.31,10.79,121003184.0,1293402624.0,7137994391.0,0.0169519864224841,600048
2013-09-10,10.93,11.08,10.8,10.98,83702192.0,913081600.0,7137994391.0,0.0117262899653629,600048
2013-09-11,11.09,11.35,11.02,11.34,122398256.0,1372252416.0,7137994391.0,0.0171474295572894,600048
2013-09-12,11.4,11.4,11.02,11.25,86230488.0,966592768.0,7137994391.0,0.0120804925412556,600048
2013-09-13,11.17,11.37,11.05,11.23,62030484.0,694752960.0,7137994391.0,0.008690183909112,600048
2013-09-16,11.34,11.37,10.87,11.0,85834760.0,944026816.0,7137994391.0,0.0120250528787505,600048
2013-09-17,11.0,11.0,10.57,10.59,65564304.0,703849536.0,7137994391.0,0.0091852557467216,600048
2013-09-18,10.6,10.73,10.49,10.66,40840896.0,433307104.0,7137994391.0,0.0057216206349916,600048
2013-09-23,10.71,10.78,10.55,10.75,39147888.0,417466688.0,7137994391.0,0.0054844380445801,600048
2013-09-24,10.65,10.67,10.3,10.42,90297168.0,939778880.0,7137994391.0,0.0126502156003165,600048
2013-09-25,10.5,10.51,10.12,10.26,88387696.0,905640512.0,7137994391.0,0.01238270740468,600048
2013-09-26,10.3,10.34,10.0,10.15,87156992.0,883290432.0,7137994391.0,0.0122102914664506,600048
2013-09-27,10.16,10.19,9.9,9.95,65029232.0,650621440.0,7137994391.0,0.0091102946343012,600048
2013-09-30,10.0,10.03,9.81,9.88,60030556.0,593038272.0,7137994391.0,0.0084100032462465,600048
2013-10-08,9.87,10.4,9.76,10.38,96297752.0,976093184.0,7137994391.0,0.0134908696652126,600048
2013-10-09,10.3,10.3,10.11,10.21,56888016.0,579433728.0,7137994391.0,0.0079697479269145,600048
2013-10-10,10.2,10.23,10.08,10.14,40725208.0,413683296.0,7137994391.0,0.005705413281264,600048
2013-10-11,10.22,10.24,10.1,10.17,42092188.0,428280960.0,7137994391.0,0.0058969208567986,600048
2013-10-14,10.18,10.18,9.83,9.9,77260256.0,765905088.0,7137994391.0,0.0108238045265788,600048
2013-10-15,9.91,9.94,9.76,9.84,53610032.0,527590976.0,7137994391.0,0.0075105175296291,600048
2013-10-16,9.8,9.87,9.54,9.61,58646296.0,565886336.0,7137994391.0,0.0082160748226343,600048
2013-10-17,9.68,9.74,9.59,9.64,34062680.0,329402496.0,7137994391.0,0.0047720239235475,600048
2013-10-18,9.67,9.78,9.62,9.71,27861168.0,270407776.0,7137994391.0,0.0039032207751702,600048
2013-10-21,9.73,9.81,9.58,9.76,37123772.0,360478208.0,7137994391.0,0.0052008687547874,600048
2013-10-22,9.73,9.76,9.55,9.59,44190612.0,426020896.0,7137994391.0,0.0061909003537069,600048
2013-10-23,9.62,9.81,9.56,9.59,46541320.0,449401024.0,7137994391.0,0.0065202236721679,600048
2013-10-24,9.5,9.61,9.3,9.42,42011148.0,397848736.0,7137994391.0,0.0058855675276195,600048
2013-10-25,9.39,9.56,9.34,9.42,41451876.0,391169376.0,7137994391.0,0.0058072161071273,600048
2013-10-28,9.42,9.46,9.18,9.19,48083624.0,446947968.0,7137994391.0,0.0067362933292055,600048
2013-10-29,9.19,9.4,9.0,9.14,65396700.0,599342848.0,7137994391.0,0.0091617752015126,600048
2013-10-30,9.18,9.38,9.03,9.34,48574532.0,448795552.0,7137994391.0,0.0068050672694903,600048
2013-10-31,9.62,9.9,9.49,9.51,142788704.0,1389660416.0,7137994391.0,0.0200040370135393,600048
2013-11-01,9.41,9.77,9.4,9.7,55336576.0,534796736.0,7137994391.0,0.0077523983585321,600048
2013-11-04,9.7,9.79,9.55,9.58,33308748.0,321616512.0,7137994391.0,0.0046664015373838,600048
2013-11-05,9.55,9.55,9.34,9.51,30453916.0,287260288.0,7137994391.0,0.0042664527781638,600048
2013-11-06,9.43,9.49,9.3,9.31,31423732.0,294011392.0,7137994391.0,0.0044023195142351,600048
2013-11-07,9.26,9.35,9.16,9.24,24575220.0,227244512.0,7137994391.0,0.0034428746583194,600048
2013-11-08,9.25,9.34,9.03,9.14,40129928.0,368045472.0,7137994391.0,0.0056220173065137,600048
2013-11-11,9.13,9.13,8.8,8.95,38961336.0,347569088.0,7137994391.0,0.005458302972208,600048
2013-11-12,8.91,9.07,8.9,9.05,33810456.0,303919488.0,7137994391.0,0.0047366885077172,600048
2013-11-13,9.07,9.14,9.0,9.05,29253956.0,265089184.0,7137994391.0,0.0040983439321394,600048
2013-11-14,9.08,9.12,8.81,8.91,36219584.0,322747104.0,7137994391.0,0.0050741961979779,600048
2013-11-15,8.92,9.21,8.85,9.14,52332760.0,475616832.0,7137994391.0,0.007331577629983,600048
2013-11-18,9.17,9.37,9.01,9.36,75299064.0,695368192.0,7137994391.0,0.0105490505981542,600048
2013-11-19,9.3,9.36,9.18,9.28,54923732.0,508553408.0,7137994391.0,0.0076945608235908,600048
2013-11-20,9.35,9.38,9.18,9.24,31571182.0,291990656.0,7137994391.0,0.0044229765772591,600048
2013-11-21,9.16,9.16,8.88,8.96,62731292.0,561839808.0,7137994391.0,0.0087883638685812,600048
2013-11-22,8.98,8.99,8.82,8.84,47305728.0,420112992.0,7137994391.0,0.0066273136974786,600048
2013-11-25,8.78,8.92,8.67,8.85,48014668.0,423543872.0,7137994391.0,0.0067266329125362,600048
2013-11-26,8.84,8.87,8.69,8.74,37439860.0,328508064.0,7137994391.0,0.0052451512216381,600048
2013-11-27,8.72,8.81,8.6,8.77,48840784.0,425862688.0,7137994391.0,0.0068423679432392,600048
2013-11-28,8.76,9.04,8.75,8.94,63036584.0,562981248.0,7137994391.0,0.0088311338657648,600048
2013-11-29,8.92,9.02,8.88,8.9,33580576.0,300079424.0,7137994391.0,0.004704483382943,600048
2013-12-02,8.81,8.9,8.72,8.8,46551032.0,409684224.0,7137994391.0,0.0065215842784486,600048
2013-12-03,8.79,8.9,8.73,8.9,33719280.0,297492480.0,7137994391.0,0.0047239151718184,600048
2013-12-04,8.87,9.12,8.83,9.0,60895036.0,549212224.0,7137994391.0,0.0085311128959109,600048
2013-12-05,9.02,9.16,8.96,9.05,39402992.0,357738016.0,7137994391.0,0.00552017693509,600048
2013-12-06,9.0,9.11,8.98,9.0,25094762.0,226549968.0,7137994391.0,0.0035156600895681,600048
2013-12-09,9.05,9.1,8.86,8.88,32961684.0,294228640.0,7137994391.0,0.0046177794762013,600048
2013-12-10,8.92,8.97,8.84,8.95,34822216.0,310536224.0,7137994391.0,0.0048784314041918,600048
2013-12-11,8.86,8.97,8.73,8.79,43700876.0,386260032.0,7137994391.0,0.0061222906052014,600048
2013-12-12,8.76,8.81,8.68,8.7,28790124.0,251766528.0,7137994391.0,0.0040333632142244,600048
2013-12-13,8.62,8.81,8.62,8.76,26273948.0,229468112.0,7137994391.0,0.0036808585942751,600048
2013-12-16,8.81,8.83,8.69,8.71,34008268.0,297176768.0,7137994391.0,0.0047644010540102,600048
2013-12-17,8.71,8.74,8.56,8.59,44056272.0,381874656.0,7137994391.0,0.0061720799410474,600048
2013-12-18,8.6,8.62,8.52,8.59,36480772.0,312706272.0,7137994391.0,0.0051107874287484,600048
2013-12-19,8.61,8.63,8.39,8.4,49339456.0,418556384.0,7137994391.0,0.0069122295840145,600048
2013-12-20,8.4,8.42,8.05,8.08,81962960.0,672278592.0,7137994391.0,0.0114826316063436,600048
2013-12-23,8.08,8.09,7.93,7.99,40154744.0,321523136.0,7137994391.0,0.0056254939133364,600048
2013-12-24,8.0,8.2,7.94,8.0,50403408.0,406357248.0,7137994391.0,0.0070612843382941,600048
2013-12-25,8.01,8.12,7.92,8.12,36546768.0,292895328.0,7137994391.0,0.0051200331631081,600048
2013-12-26,8.11,8.12,7.95,7.97,49211776.0,395213344.0,7137994391.0,0.0068943422065516,600048
2013-12-27,7.97,8.25,7.96,8.16,49110008.0,398993856.0,7137994391.0,0.0068800849804422,600048
2013-12-30,8.2,8.21,7.98,8.03,51507296.0,415618624.0,7137994391.0,0.0072159339414644,600048
2013-12-31,7.96,8.28,7.89,8.25,54940896.0,447570592.0,7137994391.0,0.007696965420605,600048
2014-01-02,8.19,8.26,8.13,8.18,32159156.0,263137008.0,7137994391.0,0.0045053490152007,600048
2014-01-03,8.13,8.2,8.05,8.11,25517580.0,206922496.0,7137994391.0,0.0035748949357783,600048
2014-01-06,8.08,8.08,7.62,7.65,76409224.0,590489216.0,7137994391.0,0.0107045788795156,600048
2014-01-07,7.63,7.7,7.55,7.58,40229836.0,306523168.0,7137994391.0,0.0056360139552258,600048
2014-01-08,7.6,7.7,7.45,7.51,50442084.0,380203264.0,7137994391.0,0.0070667026670125,600048
2014-01-09,7.6,7.78,7.57,7.66,56261464.0,431666560.0,7137994391.0,0.0078819708896013,600048
2014-01-10,7.63,7.72,7.6,7.66,32736464.0,250937856.0,7137994391.0,0.0045862271958739,600048
2014-01-13,7.66,7.69,7.38,7.52,44587308.0,334166720.0,7137994391.0,0.0062464756285348,600048
2014-01-14,7.48,7.59,7.41,7.58,71864488.0,538664832.0,7137994391.0,0.0100678823859277,600048
2014-01-15,7.53,7.57,7.4,7.5,41128216.0,306878368.0,7137994391.0,0.0057618728380981,600048
2014-01-16,7.49,7.63,7.4,7.53,32384726.0,243526576.0,7137994391.0,0.0045369503289092,600048
2014-01-17,7.51,7.52,7.38,7.45,30345388.0,225853920.0,7137994391.0,0.0042512485073203,600048
2014-01-20,7.42,7.48,7.35,7.44,23196874.0,172486560.0,7137994391.0,0.003249774758754,600048
2014-01-21,7.47,7.65,7.46,7.54,29716952.0,224615488.0,7137994391.0,0.0041632075303209,600048
2014-01-22,7.6,8.18,7.57,8.09,112607384.0,893397760.0,7137994391.0,0.0157757736741824,600048
2014-01-23,8.06,8.14,7.88,7.94,61624652.0,492006176.0,7137994391.0,0.0086333287229393,600048
2014-01-24,7.9,8.42,7.87,8.18,90084256.0,739933760.0,7137994391.0,0.012620387613863,600048
2014-01-27,8.1,8.15,7.95,8.04,50544304.0,407022208.0,7137994391.0,0.0070810232162313,600048
2014-01-28,8.09,8.16,7.97,8.04,29001864.0,233365024.0,7137994391.0,0.0040630270088986,600048
2014-01-29,8.07,8.09,7.9,7.94,34675552.0,275898880.0,7137994391.0,0.0048578844561325,600048
2014-01-30,7.91,7.93,7.71,7.77,27399608.0,213454272.0,7137994391.0,0.003838558353947,600048
2014-02-07,7.72,7.85,7.6,7.84,30517540.0,235193856.0,7137994391.0,0.0042753662062943,600048
2014-02-10,7.89,8.02,7.87,7.99,45045780.0,358109056.0,7137994391.0,0.0063107054352405,600048
2014-02-11,7.97,8.13,7.88,8.04,55080156.0,441523008.0,7137994391.0,0.0077164751025089,600048
2014-02-12,8.04,8.09,7.97,8.01,39480644.0,316562336.0,7137994391.0,0.0055310556211391,600048
2014-02-13,7.97,7.97,7.79,7.85,74596248.0,586100288.0,7137994391.0,0.0104505893271722,600048
2014-02-14,7.85,7.85,7.71,7.79,51216668.0,397600224.0,7137994391.0,0.0071752183028578,600048
2014-02-17,7.8,7.84,7.62,7.69,100034144.0,767868800.0,7137994391.0,0.0140143209030997,600048
2014-02-18,7.69,7.69,7.52,7.53,80145200.0,607718592.0,7137994391.0,0.0112279718377268,600048
2014-02-19,7.51,7.66,7.48,7.62,97278912.0,736371712.0,7137994391.0,0.0136283256432163,600048
2014-02-20,7.61,7.72,7.53,7.55,64824296.0,492770496.0,7137994391.0,0.0090815840485577,600048
2014-02-21,7.52,7.58,7.38,7.4,54461516.0,406763584.0,7137994391.0,0.0076298064998017,600048
2014-02-24,7.25,7.25,6.75,6.77,151517872.0,1039221632.0,7137994391.0,0.0212269530767693,600048
2014-02-25,6.76,6.83,6.64,6.67,77240736.0,519783552.0,7137994391.0,0.0108210698648614,600048
2014-02-26,6.7,6.77,6.65,6.75,61665904.0,413493312.0,7137994391.0,0.0086391079373432,600048
2014-02-27,6.8,6.84,6.65,6.68,50856768.0,341836224.0,7137994391.0,0.0071247979774435,600048
2014-02-28,6.69,6.77,6.63,6.75,55486608.0,371974560.0,7137994391.0,0.007773417147814,600048
2014-03-03,6.7,6.71,6.53,6.65,88079032.0,581119552.0,7137994391.0,0.0123394650058922,600048
2014-03-04,6.75,6.86,6.66,6.78,86541632.0,582977408.0,7137994391.0,0.0121240823765729,600048
2014-03-05,6.76,6.76,6.64,6.65,42483452.0,283673952.0,7137994391.0,0.0059517351335503,600048
2014-03-06,6.63,7.18,6.57,7.01,158523120.0,1094124544.0,7137994391.0,0.02220835592136,600048
2014-03-07,6.94,7.07,6.84,6.91,87941880.0,610810432.0,7137994391.0,0.0123202506450386,600048
2014-03-10,6.83,6.83,6.55,6.58,63491040.0,423946176.0,7137994391.0,0.008894801049445,600048
2014-03-11,6.56,6.97,6.53,6.87,120398056.0,817968896.0,7137994391.0,0.0168672107884821,600048
2014-03-12,6.8,7.24,6.76,7.06,138145584.0,978415680.0,7137994391.0,0.0193535573765905,600048
2014-03-13,7.05,7.22,6.98,7.11,85986896.0,610889664.0,7137994391.0,0.0120463664287012,600048
2014-03-14,7.04,7.19,6.95,6.99,48531736.0,341818848.0,7137994391.0,0.0067990717478276,600048
2014-03-17,7.02,7.24,6.95,7.08,62722372.0,445907264.0,7137994391.0,0.0087871142178374,600048
2014-03-18,7.08,7.08,6.85,6.88,73330224.0,507103488.0,7137994391.0,0.0102732252203026,600048
2014-03-19,6.81,6.82,6.68,6.77,58638336.0,394559776.0,7137994391.0,0.0082149596634503,600048
2014-03-20,6.81,7.04,6.73,6.74,87103752.0,599714176.0,7137994391.0,0.0122028327886927,600048
2014-03-21,6.75,7.24,6.69,7.2,218048384.0,1534710528.0,7137994391.0,0.0305475700954498,600048
2014-03-24,7.34,7.55,7.21,7.45,183361808.0,1353678976.0,7137994391.0,0.0256881412279047,600048
2014-03-25,7.43,7.68,7.38,7.49,162210288.0,1226517248.0,7137994391.0,0.0227249111045147,600048
2014-03-26,7.55,7.57,7.28,7.42,71255944.0,526361600.0,7137994391.0,0.0099826281861251,600048
2014-03-27,7.36,7.65,7.3,7.41,99138576.0,741790784.0,7137994391.0,0.0138888559684215,600048
2014-03-28,7.39,7.76,7.38,7.71,172536144.0,1321778816.0,7137994391.0,0.0241715157716491,600048
2014-03-31,7.75,7.81,7.45,7.61,89155440.0,675658496.0,7137994391.0,0.0124902647881612,600048
2014-04-01,7.76,7.79,7.63,7.7,97722848.0,754069504.0,7137994391.0,0.0136905190235529,600048
2014-04-02,7.77,8.3,7.77,8.24,237405104.0,1933298176.0,7137994391.0,0.0332593570400299,600048
2014-04-03,8.26,8.33,8.05,8.11,116069168.0,950972928.0,7137994391.0,0.0162607536013683,600048
2014-04-04,8.14,8.17,8.06,8.16,56997860.0,462800864.0,7137994391.0,0.0079851365632713,600048
2014-04-08,8.16,8.4,8.11,8.37,100992488.0,835137984.0,7137994391.0,0.0141485804650305,600048
2014-04-09,8.32,8.35,8.2,8.23,66642392.0,550402240.0,7137994391.0,0.0093362908892204,600048
2014-04-10,8.15,8.2,7.9,8.11,143790704.0,1155088640.0,7137994391.0,0.0201444125791552,600048
2014-04-11,8.03,8.04,7.94,8.01,57374308.0,458502880.0,7137994391.0,0.0080378751869489,600048
2014-04-14,7.99,8.09,7.97,8.07,42461488.0,340895200.0,7137994391.0,0.0059486580787367,600048
2014-04-15,8.01,8.02,7.75,7.79,93165928.0,729478784.0,7137994391.0,0.0130521156079176,600048
2014-04-16,7.76,7.9,7.75,7.85,53278232.0,417426720.0,7137994391.0,0.0074640338842485,600048
2014-04-17,7.88,7.9,7.69,7.73,60397392.0,467744800.0,7137994391.0,0.008461395273181,600048
2014-04-18,7.7,7.78,7.63,7.72,40395040.0,311119040.0,7137994391.0,0.0056591582715352,600048
2014-04-21,7.64,7.73,7.55,7.56,42983532.0,328227680.0,7137994391.0,0.0060217940286134,600048
2014-04-22,7.55,7.69,7.47,7.67,58201464.0,440922784.0,7137994391.0,0.0081537559168418,600048
2014-04-23,7.61,7.75,7.6,7.68,47033792.0,361389632.0,7137994391.0,0.006589216721619,600048
2014-04-24,7.69,8.0,7.66,7.89,99167080.0,783134272.0,7137994391.0,0.0138928492469867,600048
2014-04-25,7.98,7.99,7.75,7.78,62216740.0,487894784.0,7137994391.0,0.008716277513253,600048
2014-04-28,7.77,7.86,7.52,7.55,64146940.0,493682208.0,7137994391.0,0.0089866896058198,600048
2014-04-29,7.55,7.6,7.42,7.52,34466284.0,258031968.0,7137994391.0,0.004828566977225,600048
2014-04-30,7.47,7.65,7.47,7.64,28594160.0,217012320.0,7137994391.0,0.0040059095641841,600048
2014-05-05,7.55,7.57,7.32,7.38,58802232.0,434505184.0,7137994391.0,0.0082379207350094,600048
2014-05-06,7.35,7.46,7.24,7.28,50241932.0,369758560.0,7137994391.0,0.0070386622975422,600048
2014-05-07,7.26,7.31,7.18,7.19,49277712.0,356268000.0,7137994391.0,0.0069035795351887,600048
2014-05-08,7.2,7.34,7.15,7.19,47580120.0,344760672.0,7137994391.0,0.0066657547475789,600048
2014-05-09,7.18,7.19,7.03,7.1,36686424.0,260224000.0,7137994391.0,0.0051395983227804,600048
2014-05-12,7.13,7.27,7.03,7.19,49969284.0,358200192.0,7137994391.0,0.0070004655737757,600048
2014-05-13,7.19,7.41,7.18,7.4,78653504.0,578435584.0,7137994391.0,0.0110189921274204,600048
2014-05-14,7.55,7.72,7.5,7.52,85599688.0,651328384.0,7137994391.0,0.01199212037879,600048
2014-05-15,7.42,7.5,7.35,7.37,29231502.0,216857792.0,7137994391.0,0.0040951982305921,600048
2014-05-16,7.4,7.62,7.4,7.49,50415584.0,378861696.0,7137994391.0,0.0070629901395785,600048
2014-05-19,7.5,7.5,7.31,7.42,25874810.0,191296784.0,7137994391.0,0.0036249412065417,600048
2014-05-20,7.46,7.49,7.39,7.45,22818684.0,169602336.0,7137994391.0,0.0031967920889334,600048
2014-05-21,7.43,7.59,7.36,7.54,36304192.0,272543968.0,7137994391.0,0.0050860493874546,600048
2014-05-22,4.83,5.07,4.83,4.86,51662624.0,255355056.0,7137994391.0,0.0072376946758517,600048
2014-05-23,4.86,5.09,4.85,5.07,144688240.0,725177472.0,10706991587.0,0.0135134354803897,600048
2014-05-26,5.1,5.11,5.01,5.03,60746592.0,306592192.0,10706991587.0,0.0056735443851245,600048
2014-05-27,5.02,5.14,4.99,5.08,85273120.0,434183456.0,10706991587.0,0.0079642464745685,600048
2014-05-28,5.07,5.19,5.04,5.17,112626760.0,579244032.0,10706991587.0,0.0105189921076193,600048
2014-05-29,5.2,5.25,5.1,5.1,80618416.0,416765280.0,10706991587.0,0.007529511473408,600048
2014-05-30,5.09,5.14,4.95,5.02,87536456.0,440636320.0,10706991587.0,0.0081756350781374,600048
2014-06-03,5.0,5.06,4.96,5.0,51552468.0,258169440.0,10706991587.0,0.0048148415529337,600048
2014-06-04,5.0,5.0,4.83,4.86,64883136.0,316364000.0,10706991587.0,0.0060598848399935,600048
2014-06-05,4.85,4.95,4.84,4.93,35002344.0,171148016.0,10706991587.0,0.0032691110024312,600048
2014-06-06,4.97,4.99,4.87,4.94,33843960.0,166786816.0,10706991587.0,0.0031609215086235,600048
2014-06-09,4.9,5.25,4.89,5.14,146422448.0,750567680.0,10706991587.0,0.0136754051602861,600048
2014-06-10,5.11,5.34,5.11,5.27,196348144.0,1032807040.0,10706991587.0,0.0183383112244524,600048
2014-06-11,5.24,5.32,5.22,5.27,72601848.0,382725120.0,10706991587.0,0.0067807887407094,600048
2014-06-12,5.27,5.27,5.1,5.15,83650968.0,431410816.0,10706991587.0,0.0078127424795556,600048
2014-06-13,5.14,5.22,5.09,5.15,67320160.0,346862848.0,10706991587.0,0.0062874953672082,600048
2014-06-16,5.15,5.19,5.04,5.13,101819296.0,521149728.0,10706991587.0,0.0095096082940445,600048
2014-06-17,5.1,5.12,4.95,4.96,94088304.0,473391072.0,10706991587.0,0.0087875574791931,600048
2014-06-18,4.97,5.01,4.93,4.95,52167952.0,259164864.0,10706991587.0,0.0048723258607338,600048
2014-06-19,4.96,4.97,4.89,4.91,40226148.0,198298048.0,10706991587.0,0.0037569981888134,600048
2014-06-20,4.92,4.96,4.88,4.92,47132688.0,231709968.0,10706991587.0,0.0044020477290022,600048
2014-06-23,4.93,5.01,4.9,4.92,54893228.0,271706656.0,10706991587.0,0.0051268582359445,600048
2014-06-24,4.93,4.96,4.92,4.96,25049280.0,123832160.0,10706991587.0,0.0023395255143764,600048
2014-06-25,4.95,4.95,4.84,4.89,58750228.0,286889760.0,10706991587.0,0.005487090143167,600048
2014-06-26,4.9,4.95,4.87,4.91,40363120.0,198569600.0,10706991587.0,0.0037697909512703,600048
2014-06-27,4.91,4.95,4.89,4.92,32222116.0,158454608.0,10706991587.0,0.0030094462798609,600048
2014-06-30,4.91,5.01,4.9,4.96,49169640.0,244608912.0,10706991587.0,0.0045922927650097,600048
2014-07-01,4.98,4.99,4.91,4.95,33476172.0,165513440.0,10706991587.0,0.0031265712434709,600048
2014-07-02,4.95,4.97,4.91,4.95,31054756.0,153469888.0,10706991587.0,0.0029004184553302,600048
2014-07-03,4.94,4.99,4.91,4.94,48770292.0,241539040.0,10706991587.0,0.00455499489317,600048
2014-07-04,4.94,5.06,4.92,5.03,92126392.0,461272416.0,10706991587.0,0.0086043209478053,600048
2014-07-07,5.04,5.24,5.03,5.15,118462680.0,611132288.0,10706991587.0,0.0110640490409866,600048
2014-07-08,5.18,5.2,5.12,5.15,63543796.0,327506464.0,10706991587.0,0.0059347946137505,600048
2014-07-09,5.14,5.15,5.04,5.05,53253568.0,271101600.0,10706991587.0,0.0049737190477162,600048
2014-07-10,5.04,5.13,5.04,5.1,50627336.0,258155136.0,10706991587.0,0.0047284370767106,600048
2014-07-11,5.11,5.32,5.1,5.23,171674352.0,902179840.0,10706991587.0,0.0160338551314862,600048
2014-07-14,5.23,5.31,5.21,5.27,77837168.0,411082144.0,10706991587.0,0.0072697514859829,600048
2014-07-15,5.24,5.33,5.11,5.21,130093744.0,678296832.0,10706991587.0,0.0121503545550511,600048
2014-07-16,5.18,5.44,5.16,5.35,166367168.0,887001536.0,10706991587.0,0.0155381805102001,600048
2014-07-17,5.33,5.4,5.28,5.34,64237424.0,342467584.0,10706991587.0,0.0059995773301993,600048
2014-07-18,5.34,5.77,5.31,5.56,265628336.0,1491012096.0,10706991587.0,0.0248088675368452,600048
2014-07-21,5.56,5.77,5.53,5.71,160577536.0,915620096.0,10706991587.0,0.0149974467333071,600048
2014-07-22,5.71,5.9,5.66,5.79,177022128.0,1030511680.0,10706991587.0,0.0165333209204099,600048
2014-07-23,5.76,5.93,5.76,5.79,176360176.0,1030868288.0,10706991587.0,0.0164714966446905,600048
2014-07-24,5.85,6.25,5.85,6.23,380941632.0,2297214976.0,10706991587.0,0.0355787738231273,600048
2014-07-25,6.23,6.24,6.06,6.2,138650432.0,852247232.0,10706991587.0,0.0129495228303292,600048
2014-07-28,6.16,6.4,6.06,6.27,187217040.0,1164591232.0,10706991587.0,0.017485494265944,600048
2014-07-29,6.25,6.32,6.08,6.23,186450128.0,1149647744.0,10706991587.0,0.0174138670498611,600048
2014-07-30,6.19,6.2,5.85,5.89,307436768.0,1831670272.0,10706991587.0,0.0287136461724017,600048
2014-07-31,5.87,6.02,5.79,6.01,191300208.0,1129443328.0,10706991587.0,0.017866849566994,600048
2014-08-01,5.95,6.02,5.82,5.89,161201232.0,954372992.0,10706991587.0,0.0150556980165861,600048
2014-08-04,5.94,6.09,5.81,6.06,204293744.0,1217625472.0,10706991587.0,0.0190804057647757,600048
2014-08-05,6.05,6.05,5.88,5.96,120148352.0,716586624.0,10706991587.0,0.0112214856081403,600048
2014-08-06,5.93,5.93,5.79,5.9,134034384.0,782610560.0,10706991587.0,0.0125183981803758,600048
2014-08-07,5.87,6.01,5.83,5.88,132467496.0,783155520.0,10706991587.0,0.0123720556725604,600048
2014-08-08,5.86,5.9,5.68,5.74,211946240.0,1217697024.0,10706991587.0,0.0197951252952637,600048
2014-08-11,5.74,5.83,5.71,5.8,119445256.0,692018880.0,10706991587.0,0.0111558186096854,600048
2014-08-12,5.8,5.85,5.75,5.81,110830576.0,643225408.0,10706991587.0,0.0103512340604214,600048
2014-08-13,5.81,5.83,5.72,5.78,95811808.0,552663744.0,10706991587.0,0.0089485274384945,600048
2014-08-14,5.77,5.8,5.69,5.7,84413192.0,484860416.0,10706991587.0,0.0078839318508936,600048
2014-08-15,5.71,5.83,5.69,5.8,100823928.0,581651904.0,10706991587.0,0.0094166439919889,600048
2014-08-18,5.78,5.82,5.72,5.76,92246824.0,531205856.0,10706991587.0,0.0086155689252621,600048
2014-08-19,5.73,5.75,5.57,5.67,160794592.0,910155520.0,10706991587.0,0.0150177190944308,600048
2014-08-20,5.65,5.65,5.56,5.61,129110400.0,722579840.0,10706991587.0,0.0120585132575205,600048
2014-08-21,5.61,5.67,5.54,5.66,109431464.0,612949888.0,10706991587.0,0.0102205613136809,600048
2014-08-22,5.62,5.68,5.61,5.66,72496920.0,409917216.0,10706991587.0,0.0067709887890472,600048
2014-08-25,5.66,5.67,5.56,5.63,65228584.0,366048768.0,10706991587.0,0.0060921486180299,600048
2014-08-26,5.63,5.74,5.6,5.7,96074048.0,546611712.0,10706991587.0,0.0089730198458967,600048
2014-08-27,5.69,5.72,5.63,5.69,52331496.0,297368352.0,10706991587.0,0.0048876003660578,600048
2014-08-28,5.7,5.71,5.58,5.64,57172024.0,321775776.0,10706991587.0,0.0053396907558436,600048
2014-08-29,5.65,5.71,5.62,5.67,43399432.0,245939248.0,10706991587.0,0.0040533731298242,600048
2014-09-01,5.67,5.71,5.63,5.69,56776456.0,322049120.0,10706991587.0,0.0053027459243486,600048
2014-09-02,5.71,5.75,5.64,5.75,107710128.0,613711040.0,10706991587.0,0.0100597938388947,600048
2014-09-03,5.75,5.88,5.74,5.85,153292288.0,894437888.0,10706991587.0,0.0143170270336367,600048
2014-09-04,5.95,5.99,5.88,5.91,128678736.0,763369344.0,10706991587.0,0.0120181971709248,600048
2014-09-05,5.94,5.97,5.88,5.92,78722040.0,465658688.0,10706991587.0,0.0073523958023448,600048
2014-09-09,5.93,5.99,5.77,5.8,125908872.0,736342336.0,10706991587.0,0.011759500413998,600048
2014-09-10,5.77,5.77,5.65,5.71,168298976.0,955440832.0,10706991587.0,0.0157186054208113,600048
2014-09-11,5.69,5.75,5.66,5.67,108219008.0,616188160.0,10706991587.0,0.0101073216618004,600048
2014-09-12,5.66,5.7,5.63,5.7,69362176.0,392808128.0,10706991587.0,0.0064782133652011,600048
2014-09-15,5.66,5.68,5.58,5.63,143688608.0,807882368.0,10706991587.0,0.0134200729338819,600048
2014-09-16,5.64,5.68,5.56,5.58,136205984.0,767252544.0,10706991587.0,0.0127212189244059,600048
2014-09-17,5.6,5.65,5.55,5.63,98457024.0,551331392.0,10706991587.0,0.0091955824565644,600048
2014-09-18,5.61,5.62,5.54,5.57,99637264.0,555196800.0,10706991587.0,0.0093058132333806,600048
2014-09-19,5.57,5.6,5.53,5.59,72240408.0,402508544.0,10706991587.0,0.0067470313591832,600048
2014-09-22,5.57,5.6,5.48,5.52,119583504.0,661443456.0,10726624907.0,0.0111482880250582,600048
2014-09-23,5.57,5.65,5.55,5.59,121830248.0,681717888.0,10726624907.0,0.0113577429113323,600048
2014-09-24,5.57,5.66,5.53,5.65,145714912.0,816836608.0,10726624907.0,0.0135844138546234,600048
2014-09-25,5.66,5.69,5.6,5.63,104807584.0,590633472.0,10726624907.0,0.0097707885666445,600048
2014-09-26,5.6,5.6,5.52,5.56,125777208.0,698127104.0,10726624907.0,0.0117257020815485,600048
2014-09-29,5.57,5.59,5.53,5.56,77528728.0,430726176.0,10726624907.0,0.007227690785515,600048
2014-09-30,5.55,5.57,5.51,5.55,61844440.0,342716960.0,10726624907.0,0.0057655078401819,600048
2014-10-08,5.75,5.77,5.64,5.71,240552992.0,1371155712.0,10726624907.0,0.0224257857513987,600048
2014-10-09,5.73,5.78,5.68,5.7,147857744.0,845269504.0,10726624907.0,0.013784181444017,600048
2014-10-10,5.69,5.88,5.67,5.84,276688320.0,1607853568.0,10726624907.0,0.0257945367157789,600048
2014-10-13,5.85,5.98,5.82,5.9,183267536.0,1081900928.0,10726624907.0,0.017085293611824,600048
2014-10-14,5.9,5.91,5.8,5.82,112815728.0,658964672.0,10726624907.0,0.0105173555501487,600048
2014-10-15,5.82,5.83,5.7,5.81,108469184.0,624237952.0,10726624907.0,0.0101121447743749,600048
2014-10-16,5.73,5.8,5.68,5.69,85102856.0,487767072.0,10726624907.0,0.0079337962069004,600048
2014-10-17,5.69,5.73,5.6,5.66,86057424.0,486586304.0,10726624907.0,0.0080227867335829,600048
2014-10-20,5.66,5.68,5.59,5.65,82107496.0,462092576.0,10726624907.0,0.007654550868691,600048
2014-10-21,5.63,5.64,5.57,5.59,80989792.0,453312704.0,10726624907.0,0.0075503518303457,600048
2014-10-22,5.6,5.63,5.57,5.58,43055216.0,241106928.0,10726624907.0,0.0040138642278712,600048
2014-10-23,5.58,5.6,5.5,5.51,61351060.0,340030080.0,10726624907.0,0.0057195120116452,600048
2014-10-24,5.51,5.55,5.49,5.52,38398008.0,212025808.0,10726624907.0,0.0035796914996945,600048
2014-10-27,5.5,5.5,5.3,5.36,106506664.0,571272832.0,10726624907.0,0.0099291869458859,600048
2014-10-28,5.4,5.56,5.39,5.55,92208752.0,505951680.0,10726624907.0,0.0085962502464149,600048
2014-10-29,5.56,5.72,5.51,5.66,119357312.0,671591104.0,10726624907.0,0.0111272010567004,600048
2014-10-30,5.67,5.67,5.54,5.62,92546816.0,518771168.0,10726624907.0,0.0086277665903657,600048
2014-10-31,5.62,5.78,5.62,5.77,194614560.0,1113109376.0,10726624907.0,0.0181431309183747,600048
2014-11-03,5.8,5.9,5.74,5.76,172452672.0,1003314112.0,10726624907.0,0.0160770674368841,600048
2014-11-04,5.75,5.88,5.7,5.85,174440352.0,1015201344.0,10726624907.0,0.0162623708307506,600048
2014-11-05,5.85,5.88,5.74,5.77,92434424.0,536117248.0,10726624907.0,0.0086172887372689,600048
2014-11-06,5.79,5.93,5.78,5.82,128843968.0,753771456.0,10726624907.0,0.0120116037539374,600048
2014-11-07,5.81,5.97,5.72,5.82,171504912.0,1003070912.0,10726624907.0,0.0159887115925978,600048
2014-11-10,5.91,6.05,5.82,6.01,239673440.0,1428805888.0,10726624907.0,0.0223437886639993,600048
2014-11-11,6.06,6.23,6.0,6.13,307680064.0,1881064832.0,10726624907.0,0.0286837720781318,600048
2014-11-12,6.1,6.32,6.07,6.2,227508736.0,1408548992.0,10726624907.0,0.0212097223471972,600048
2014-11-13,6.22,6.3,6.1,6.11,156187280.0,964728640.0,10726624907.0,0.0145607105081184,600048
2014-11-14,6.08,6.15,5.99,6.12,146113248.0,887256832.0,10726624907.0,0.0136215491141718,600048
2014-11-17,6.2,6.25,5.93,5.94,157268672.0,952640832.0,10726624907.0,0.0146615243250809,600048
2014-11-18,5.91,5.93,5.75,5.78,181952608.0,1055929472.0,10726624907.0,0.0169627081749881,600048
2014-11-19,5.79,5.82,5.72,5.77,109170752.0,629226176.0,10726624907.0,0.0101775491309253,600048
2014-11-20,5.74,5.8,5.71,5.77,91689616.0,528092256.0,10726624907.0,0.0085478532898232,600048
2014-11-21,5.76,5.89,5.69,5.88,157383872.0,910568000.0,10726624907.0,0.0146722639566984,600048
2014-11-24,6.25,6.47,6.18,6.47,656975360.0,4178396672.0,10726624907.0,0.0612471644805319,600048
2014-11-25,6.59,6.67,6.47,6.56,449801216.0,2953473024.0,10726624907.0,0.0419331541747551,600048
2014-11-26,6.56,6.75,6.43,6.68,343860448.0,2285246720.0,10726624907.0,0.0320567234317667,600048
2014-11-27,6.67,6.8,6.56,6.78,338374688.0,2265923328.0,10726624907.0,0.0315453081406046,600048
2014-11-28,6.76,7.3,6.66,7.2,484274624.0,3384073216.0,10726624907.0,0.0451469710368982,600048
2014-12-01,7.25,7.32,6.94,7.0,389523552.0,2779549440.0,10726624907.0,0.036313710545225,600048
2014-12-02,6.96,7.39,6.86,7.2,393577472.0,2792928256.0,10726624907.0,0.036691641165075,600048
2014-12-03,7.35,7.92,7.35,7.57,512709216.0,3932742912.0,10729745027.0,0.0477839142225499,600048
2014-12-04,7.51,8.01,7.35,7.95,378366528.0,2937367808.0,10729745027.0,0.0352633289092974,600048
2014-12-05,8.01,8.25,7.5,7.72,413221344.0,3251672064.0,10729745027.0,0.0385117580110415,600048
2014-12-08,7.65,8.49,7.5,8.49,500007904.0,4059288064.0,10729745027.0,0.0466001664290992,600048
2014-12-09,8.4,9.3,7.86,8.2,605061504.0,5242632704.0,10729745027.0,0.056391042142888,600048
2014-12-10,8.21,8.78,8.02,8.7,384628416.0,3239040000.0,10729745027.0,0.0358469297296564,600048
2014-12-11,8.5,9.02,8.43,8.68,331469440.0,2911025152.0,10729745027.0,0.0308925737905141,600048
2014-12-12,8.64,8.73,8.25,8.34,248515264.0,2102231808.0,10729745027.0,0.0231613391906931,600048
2014-12-15,8.2,8.22,7.71,7.97,269588832.0,2133772928.0,10729745027.0,0.0251253716953771,600048
2014-12-16,7.9,8.25,7.73,8.24,282023808.0,2256719872.0,10729745027.0,0.0262842972773653,600048
2014-12-17,8.2,8.61,8.07,8.49,409299168.0,3420193536.0,10729745027.0,0.0381462156808062,600048
2014-12-18,8.67,8.93,8.36,8.4,297141152.0,2552208128.0,10729745027.0,0.0276932164979021,600048
2014-12-19,8.41,8.54,8.0,8.36,212975440.0,1758061440.0,10729745027.0,0.0198490681245523,600048
2014-12-22,8.36,8.88,8.2,8.54,300327008.0,2586011136.0,10729745027.0,0.0279901346438583,600048
2014-12-23,8.48,8.94,8.0,8.49,312366784.0,2706519296.0,10729745027.0,0.0291122280365441,600048
2014-12-24,8.42,8.49,7.95,8.07,216699568.0,1764522880.0,10729745027.0,0.0201961526070474,600048
2014-12-25,8.13,8.31,8.0,8.27,162445232.0,1326968192.0,10729745027.0,0.0151397103650858,600048
2014-12-26,8.28,8.77,8.25,8.67,268953216.0,2299678976.0,10729745027.0,0.0250661330090523,600048
2014-12-29,9.0,9.54,8.86,9.54,617361472.0,5774751232.0,10729745027.0,0.0575373851332432,600048
2014-12-30,9.65,10.3,9.43,9.84,588949888.0,5795336704.0,10729745027.0,0.0548894579058481,600048
2014-12-31,9.68,10.82,9.66,10.82,388404704.0,3973585664.0,10729745027.0,0.0361988754646667,600048
2015-01-05,11.65,11.9,11.3,11.9,575853952.0,6729454592.0,10729745027.0,0.0536689316056382,600048
2015-01-06,11.7,11.85,11.03,11.41,384752544.0,4414567936.0,10729745027.0,0.0358584983176972,600048
2015-01-07,11.28,11.68,11.15,11.41,294224416.0,3349153280.0,10729745027.0,0.0274213800290335,600048
2015-01-08,11.41,11.41,10.69,10.87,326304992.0,3567899392.0,10729745027.0,0.0304112531266023,600048
2015-01-09,10.8,11.4,10.48,10.68,432643424.0,4713174528.0,10729745027.0,0.0403218737175309,600048
2015-01-12,10.51,10.6,10.08,10.36,273050080.0,2820571648.0,10729745027.0,0.0254479560616683,600048
2015-01-13,10.21,10.55,10.13,10.27,225553840.0,2330119168.0,10729745027.0,0.0210213606597755,600048
2015-01-14,10.3,10.52,10.19,10.42,177863664.0,1842219264.0,10729745027.0,0.016576690643853,600048
2015-01-15,10.42,11.28,10.4,11.25,350287072.0,3787179520.0,10729745027.0,0.0326463556327339,600048
2015-01-16,11.19,11.36,10.75,11.07,299567808.0,3327371776.0,10729745027.0,0.0279193780696723,600048
2015-01-19,10.0,10.8,9.96,9.96,354511328.0,3621466368.0,10729745027.0,0.0330400514744682,600048
2015-01-20,10.21,10.47,9.98,10.3,350672608.0,3598677760.0,10729745027.0,0.0326822871482573,600048
2015-01-21,10.23,11.28,10.04,11.0,382447232.0,4111878400.0,10729745027.0,0.0356436458683427,600048
2015-01-22,11.0,11.58,10.93,11.25,288700736.0,3252331008.0,10729745027.0,0.0269065793524004,600048
2015-01-23,11.2,11.75,10.91,11.43,381815904.0,4307453440.0,10729745027.0,0.0355848068187277,600048
2015-01-26,11.4,11.4,11.05,11.26,176688928.0,1982891392.0,10729745027.0,0.0164672065883565,600048
2015-01-27,11.29,11.34,10.28,10.74,312207040.0,3355184384.0,10729745027.0,0.0290973400779209,600048
2015-01-28,10.65,10.65,10.25,10.32,225041040.0,2336749312.0,10729745027.0,0.0209735682845877,600048
2015-01-29,10.15,10.5,10.05,10.29,150437392.0,1549414656.0,10729745027.0,0.0140205933711792,600048
2015-01-30,10.31,10.85,10.19,10.48,265125648.0,2788273664.0,10729745027.0,0.0247094080365233,600048
2015-02-02,10.01,10.69,9.9,10.19,228771840.0,2362475520.0,10729745027.0,0.0213212745898738,600048
2015-02-03,10.38,10.47,9.61,10.15,329844928.0,3278339840.0,10729745027.0,0.0307411711247553,600048
2015-02-04,10.23,10.35,9.93,10.04,188549776.0,1915438080.0,10729745027.0,0.017572624095497,600048
2015-02-05,10.67,10.67,9.99,10.02,377919136.0,3916687872.0,10729745027.0,0.0352216324851164,600048
2015-02-06,9.8,9.92,9.4,9.49,249353968.0,2395542528.0,10729745027.0,0.0232395054470104,600048
2015-02-09,9.25,9.55,9.11,9.43,176677664.0,1646591744.0,10729745027.0,0.0164661567964023,600048
2015-02-10,9.4,9.81,9.31,9.74,148964544.0,1441470592.0,10729745027.0,0.0138833256172583,600048
2015-02-11,9.85,9.96,9.72,9.83,111070928.0,1093034752.0,10729745027.0,0.0103516838210511,600048
2015-02-12,9.75,9.88,9.61,9.75,92229784.0,897984320.0,10733775317.0,0.0085924831921838,600048
2015-02-13,9.78,10.35,9.71,10.11,208661984.0,2092652160.0,10733775317.0,0.0194397570135014,600048
2015-02-16,9.98,10.05,9.8,9.96,147514192.0,1464530688.0,10733775317.0,0.0137429923436508,600048
2015-02-17,9.99,10.24,9.98,10.09,112595280.0,1136699904.0,10733775317.0,0.010489811522482,600048
2015-02-25,10.05,10.06,9.7,9.74,132383272.0,1296525696.0,10733775317.0,0.0123333373477953,600048
2015-02-26,9.72,10.25,9.66,10.23,198365712.0,1989244416.0,10733775317.0,0.0184805165136847,600048
2015-02-27,10.15,10.39,10.08,10.19,137195808.0,1402342144.0,10733775317.0,0.01278169180444,600048
2015-03-02,10.48,10.62,10.05,10.21,369333888.0,3810129664.0,10733775317.0,0.0344085726682814,600048
2015-03-03,10.08,10.09,9.54,9.64,386484128.0,3775213312.0,10733775317.0,0.0360063553210296,600048
2015-03-04,9.6,9.81,9.43,9.58,236640240.0,2264374016.0,10733775317.0,0.0220463194925659,600048
2015-03-05,9.49,9.5,9.2,9.3,220433536.0,2053221376.0,10733775317.0,0.0205364403008213,600048
2015-03-06,9.33,9.46,9.2,9.24,159680496.0,1488641408.0,10733775317.0,0.0148764522532067,600048
2015-03-09,9.2,9.6,8.92,9.51,290350656.0,2686782208.0,10733775317.0,0.0270501894650381,600048
2015-03-10,9.4,9.4,9.19,9.24,167933312.0,1554183040.0,10733775317.0,0.015645316493073,600048
2015-03-11,9.23,9.38,9.12,9.18,143112304.0,1323025920.0,10733775317.0,0.0133328954420483,600048
2015-03-12,9.28,9.56,9.19,9.47,240308320.0,2258929920.0,10733775317.0,0.0223880520043495,600048
2015-03-13,9.5,9.62,9.4,9.49,178012304.0,1691089280.0,10733775317.0,0.0165843143481927,600048
2015-03-16,9.6,9.78,9.55,9.72,209326752.0,2022623104.0,10733775317.0,0.0195016893700459,600048
2015-03-17,9.91,10.09,9.77,9.91,333758176.0,3315151616.0,10733775317.0,0.0310942018202485,600048
2015-03-18,9.99,10.42,9.98,10.41,401994496.0,4117433344.0,10733775317.0,0.0374513611593235,600048
2015-03-19,10.44,10.44,10.15,10.26,254378400.0,2608747008.0,10733775317.0,0.0236988750451222,600048
2015-03-20,10.35,10.8,10.2,10.56,453353632.0,4751722496.0,10733775317.0,0.0422361767981098,600048
2015-03-23,10.8,11.05,10.7,10.77,401712704.0,4360416768.0,10733775317.0,0.037425108327335,600048
2015-03-24,10.77,10.77,10.21,10.43,387884480.0,4048040704.0,10733775317.0,0.0361368175264181,600048
2015-03-25,10.36,10.36,10.05,10.14,311230656.0,3168945920.0,10733775317.0,0.0289954509767944,600048
2015-03-26,10.05,10.39,9.94,10.37,262345920.0,2680984064.0,10733775317.0,0.0244411600068151,600048
2015-03-27,10.71,10.86,10.41,10.77,475582688.0,5076944384.0,10733775317.0,0.0443071215816096,600048
2015-03-30,10.91,11.85,10.71,11.85,795793280.0,8994374656.0,10733775317.0,0.0741391781081567,600048
2015-03-31,12.3,12.69,11.42,11.49,943346240.0,11462517760.0,10733775317.0,0.0878857822285456,600048
2015-04-01,11.49,11.61,11.19,11.4,466790944.0,5291112448.0,10733775317.0,0.0434880487260342,600048
2015-04-02,11.41,11.51,11.0,11.21,412268960.0,4634501632.0,10733775317.0,0.0384085699415614,600048
2015-04-03,11.03,11.24,10.99,11.2,298567264.0,3314822912.0,10733775317.0,0.0278156804276621,600048
2015-04-07,11.33,11.52,11.13,11.5,460348672.0,5201367040.0,10733775317.0,0.0428878617638759,600048
2015-04-08,11.54,11.85,11.16,11.84,641171840.0,7392005632.0,10733775317.0,0.0597340470677191,600048
2015-04-09,11.8,13.02,11.6,13.02,890513728.0,10920682496.0,10733775317.0,0.0829637011862561,600048
2015-04-10,12.52,12.97,12.38,12.73,558440128.0,7078158336.0,10733775317.0,0.0520264409779055,600048
2015-04-13,12.76,13.25,12.56,13.0,537055424.0,6937492480.0,10733775317.0,0.0500341592905731,600048
2015-04-14,12.95,13.16,12.61,12.84,392186272.0,5044529664.0,10733775317.0,0.036537589097739,600048
2015-04-15,12.7,12.94,12.36,12.5,363148416.0,4589890560.0,10733775317.0,0.0338323101867849,600048
2015-04-16,12.44,13.5,12.34,13.47,476641408.0,6161746432.0,10733775317.0,0.0444057560292977,600048
2015-04-17,13.6,14.09,13.2,13.84,626930816.0,8533764608.0,10733775317.0,0.0584072982231215,600048
2015-04-20,13.99,14.69,13.3,13.58,594052992.0,8312244224.0,10733775317.0,0.0553442730498697,600048
2015-04-21,13.38,13.89,13.14,13.85,373926432.0,5040193536.0,10733775317.0,0.0348364318198258,600048
2015-04-22,13.83,14.31,13.71,14.06,433222112.0,6057587200.0,10733775317.0,0.0403606465764071,600048
2015-04-23,14.05,14.14,13.5,13.83,417904896.0,5762340864.0,10733775317.0,0.0389336355250634,600048
2015-04-24,13.47,13.59,13.05,13.27,369718560.0,4924210688.0,10733775317.0,0.0344444101987531,600048
2015-04-27,13.53,14.1,13.42,14.04,541613632.0,7484131840.0,10733775317.0,0.0504588195676315,600048
2015-04-28,14.04,14.04,13.41,13.69,388358720.0,5326473216.0,10733775317.0,0.0361809995579955,600048
2015-04-29,13.45,14.16,13.34,14.0,393179648.0,5427304960.0,10733775317.0,0.0366301358457995,600048
2015-04-30,14.19,15.36,13.91,14.97,620491712.0,9084719104.0,10733775317.0,0.0578074064040891,600048
2015-05-04,14.76,14.8,14.23,14.48,483980864.0,7036384256.0,10733775317.0,0.0450895281209657,600048
2015-05-05,14.57,14.57,13.25,13.47,400373024.0,5549749760.0,10733775317.0,0.0373002985599945,600048
2015-05-06,13.55,13.93,13.35,13.65,370521632.0,5047413248.0,10733775317.0,0.0345192274905524,600048
2015-05-07,13.5,13.99,13.18,13.87,337282656.0,4650317312.0,10733775317.0,0.0314225560009455,600048
2015-05-08,13.96,14.27,13.45,13.93,320076160.0,4427761152.0,10733775317.0,0.0298195323217794,600048
2015-05-11,14.28,14.3,13.98,14.19,613398656.0,8674616320.0,10733775317.0,0.0571465898888816,600048
2015-05-12,14.1,14.1,13.71,13.94,457395584.0,6338675200.0,10733775317.0,0.0426127406706178,600048
2015-05-13,13.85,14.59,13.39,14.28,578129280.0,7993892864.0,10733775317.0,0.0538607584867522,600048
2015-05-14,13.95,14.22,13.62,13.67,373055552.0,5162129920.0,10733775317.0,0.0347552972726343,600048
2015-05-15,13.61,13.63,12.81,12.84,421784992.0,5514570240.0,10733775317.0,0.0392951202669561,600048
2015-05-18,12.75,12.75,12.4,12.41,296713536.0,3708557824.0,10733775317.0,0.0276429799615862,600048
2015-05-19,12.47,12.96,12.42,12.88,278354368.0,3556152832.0,10733775317.0,0.02593256890324,600048
2015-05-20,13.02,13.15,12.72,12.82,294363488.0,3806189312.0,10733775317.0,0.0274240404057826,600048
2015-05-21,12.8,13.05,12.48,12.92,292383040.0,3731282432.0,10733775317.0,0.0272395342146698,600048
2015-05-22,13.0,13.31,12.87,13.27,397627904.0,5231261184.0,10733775317.0,0.0370445525695178,600048
2015-05-25,13.29,13.73,13.21,13.68,436927040.0,5910728704.0,10733775317.0,0.040705811990307,600048
2015-05-26,13.75,13.98,13.4,13.86,532274848.0,7301980672.0,10733775317.0,0.0495887823510699,600048
2015-05-27,13.82,13.82,13.47,13.48,367777760.0,4993269248.0,10733775317.0,0.0342635977685799,600048
2015-05-28,13.52,13.77,12.3,12.34,427950656.0,5640536064.0,10733775317.0,0.0398695373586046,600048
2015-05-29,12.34,12.55,11.61,12.08,308418560.0,3732047872.0,10733775317.0,0.0287334652432617,600048
2015-06-01,12.15,12.66,11.86,12.65,314239520.0,3885490688.0,10733775317.0,0.029275768377815,600048
2015-06-02,12.68,12.78,12.48,12.72,294351936.0,3720538624.0,10733775317.0,0.0274229641768082,600048
2015-06-03,12.73,12.83,12.37,12.75,307194592.0,3878680576.0,10733775317.0,0.0286194356531265,600048
2015-06-04,12.75,12.95,11.92,12.76,336994880.0,4246832640.0,10733775317.0,0.0313957456763858,600048
2015-06-05,12.95,13.49,12.8,13.41,567481152.0,7439793152.0,10733775317.0,0.0528687377218741,600048
2015-06-08,13.48,13.88,13.3,13.78,610434816.0,8297662976.0,10733775317.0,0.0568704670977416,600048
2015-06-09,13.89,13.96,13.37,13.48,388425920.0,5284556800.0,10733775317.0,0.0361872601697574,600048
2015-06-10,13.48,13.78,13.14,13.54,361490816.0,4913794048.0,10733775317.0,0.0336778817633229,600048
2015-06-11,13.35,13.43,13.06,13.21,258305584.0,3407997440.0,10733775317.0,0.0240647466871138,600048
2015-06-12,13.26,13.39,13.18,13.27,326249504.0,4331696128.0,10733775317.0,0.030394664911915,600048
2015-06-15,13.29,13.39,12.72,12.77,354283776.0,4609034752.0,10733775317.0,0.0330064460580696,600048
2015-06-16,12.65,12.94,12.28,12.42,284613632.0,3604380416.0,10733775317.0,0.0265157061326999,600048
2015-06-17,12.44,12.71,12.01,12.58,259964080.0,3216461568.0,10733775317.0,0.0242192585853993,600048
2015-06-18,12.52,12.84,12.23,12.24,255615600.0,3218779648.0,10733775317.0,0.0238141373795256,600048
2015-06-19,12.09,12.4,11.48,11.52,220625632.0,2663729152.0,10733775317.0,0.0205543367067294,600048
2015-06-23,11.56,11.85,10.85,11.78,254136608.0,2925467136.0,10752686853.0,0.0236347074432931,600048
2015-06-24,11.91,11.97,11.61,11.95,270243840.0,3189187328.0,10752686853.0,0.025132680203051,600048
2015-06-25,11.95,12.36,11.61,11.75,284533824.0,3422329344.0,10752686853.0,0.0264616488780769,600048
2015-06-26,11.39,11.6,10.58,10.58,290298816.0,3199622144.0,10752686853.0,0.0269977931998462,600048
2015-06-29,11.0,11.25,9.52,10.59,548888448.0,5848218112.0,10752686853.0,0.0510466319259413,600048
2015-06-30,10.57,11.44,10.1,11.42,418507616.0,4553908736.0,10752686853.0,0.0389212130625041,600048
2015-07-01,11.2,11.53,10.56,10.66,313761664.0,3514885120.0,10752686853.0,0.0291798383315199,600048
2015-07-02,10.78,10.91,9.76,10.22,334445184.0,3461308672.0,10752686853.0,0.0311034059274859,600048
2015-07-03,10.11,10.36,9.26,9.4,284549312.0,2780766464.0,10752686853.0,0.0264630892622536,600048
2015-07-06,10.34,10.34,9.85,10.22,517166016.0,5199752704.0,10752686853.0,0.048096445388039,600048
2015-07-07,10.07,10.57,9.81,10.33,491244448.0,5065645568.0,10752686853.0,0.0456857392683153,600048
2015-07-08,9.5,10.33,9.3,9.38,507265632.0,4926265856.0,10752686853.0,0.0471757095630914,600048
2015-07-09,9.38,10.32,8.98,10.32,411074496.0,4062423040.0,10752686853.0,0.038229932817704,600048
2015-07-10,10.42,11.35,10.23,11.32,721365376.0,8007223808.0,10752686853.0,0.0670869881976279,600048
2015-07-13,11.0,11.74,10.8,11.36,562133952.0,6326274048.0,10752686853.0,0.0522784639490514,600048
2015-07-14,10.92,11.15,10.5,10.6,360356736.0,3916218368.0,10752686853.0,0.0335131805590953,600048
2015-07-15,10.5,10.87,9.91,10.51,275529504.0,2862445056.0,10752686853.0,0.025624247015352,600048
2015-07-16,10.51,10.68,10.2,10.35,175850176.0,1834793088.0,10752686853.0,0.0163540683741699,600048
2015-07-17,10.49,10.89,10.35,10.72,216716720.0,2296729088.0,10752686853.0,0.0201546574323919,600048
2015-07-20,10.7,10.76,10.4,10.53,226183984.0,2393670400.0,10752686853.0,0.0210351130923983,600048
2015-07-21,10.4,10.47,10.24,10.33,173877536.0,1802888192.0,10752686853.0,0.0161706128316652,600048
2015-07-22,10.29,10.33,10.0,10.13,194889728.0,1973880832.0,10752686853.0,0.0181247469273808,600048
2015-07-23,10.16,10.4,10.12,10.39,213958336.0,2204689920.0,10752686853.0,0.0198981276889232,600048
2015-07-24,10.4,10.82,10.2,10.5,374875968.0,3956888064.0,10752686853.0,0.0348634693007366,600048
2015-07-27,10.23,10.44,9.45,9.45,263052576.0,2643928832.0,10752686853.0,0.0244638925690101,600048
2015-07-28,9.18,9.5,8.75,9.26,257803936.0,2367696896.0,10752686853.0,0.0239757689891315,600048
2015-07-29,9.45,9.56,9.19,9.54,152316352.0,1420905088.0,10752686853.0,0.0141654224736865,600048
2015-07-30,9.4,9.53,9.02,9.08,150572896.0,1411633024.0,10752686853.0,0.0140032810457964,600048
2015-07-31,8.96,9.27,8.91,9.2,147032656.0,1342431616.0,10752686853.0,0.0136740386854079,600048
2015-08-03,9.01,9.35,8.99,9.34,172760048.0,1585174528.0,10752686853.0,0.0160666864349164,600048
2015-08-04,9.31,9.59,9.25,9.58,146069024.0,1377243008.0,10752686853.0,0.0135844208984144,600048
2015-08-05,9.5,9.58,9.25,9.29,106867672.0,1007588032.0,10752686853.0,0.0099386947151896,600048
2015-08-06,9.06,9.23,9.01,9.09,92147216.0,841151808.0,10752686853.0,0.0085696921392527,600048
2015-08-07,9.13,9.38,9.13,9.35,121142480.0,1124793216.0,10752686853.0,0.0112662520220424,600048
2015-08-10,9.47,9.9,9.4,9.82,226168288.0,2181972224.0,10752686853.0,0.0210336533642192,600048
2015-08-11,9.69,10.12,9.68,9.9,220228784.0,2178890752.0,10752686853.0,0.020481279424459,600048
2015-08-12,9.72,9.82,9.52,9.55,156295616.0,1511721600.0,10752686853.0,0.0145354940710835,600048
2015-08-13,9.55,9.63,9.25,9.59,173364576.0,1644073088.0,10752686853.0,0.0161229075458131,600048
2015-08-14,9.66,9.91,9.66,9.78,189640416.0,1855814912.0,10752686853.0,0.0176365608514945,600048
2015-08-17,9.7,9.94,9.66,9.92,155977552.0,1535685888.0,10752686853.0,0.0145059141154549,600048
2015-08-18,9.93,9.99,9.07,9.1,196486672.0,1878224128.0,10752686853.0,0.0182732627375994,600048
2015-08-19,9.01,9.44,8.9,9.38,158085984.0,1448778880.0,10752686853.0,0.0147019983155088,600048
2015-08-20,9.21,9.28,8.98,8.99,124690384.0,1136992128.0,10752686853.0,0.0115962071345183,600048
2015-08-21,8.86,9.0,8.54,8.58,125809000.0,1101551744.0,10752686853.0,0.0117002384352799,600048
2015-08-24,8.13,8.3,7.72,7.72,238842480.0,1866206720.0,10752686853.0,0.0222123533648115,600048
2015-08-25,7.21,7.52,6.95,6.95,269603648.0,1923306368.0,10752686853.0,0.0250731423397474,600048
2015-08-26,7.15,7.62,7.01,7.15,278267392.0,2028855168.0,10752686853.0,0.0258788706305869,600048
2015-08-27,7.38,7.77,7.18,7.75,231957888.0,1718988800.0,10752686853.0,0.0215720862302693,600048
2015-08-28,8.03,8.18,7.89,8.13,194642944.0,1564884480.0,10752686853.0,0.0181017960125654,600048
2015-08-31,8.09,8.44,7.74,8.4,188090736.0,1504135296.0,10752686853.0,0.0174924405938151,600048
2015-09-01,8.33,8.65,7.95,8.6,246311808.0,2064346368.0,10752686853.0,0.0229070009540247,600048
2015-09-02,8.22,8.64,8.16,8.51,236409936.0,1999675008.0,10752686853.0,0.0219861267450601,600048
2015-09-07,8.41,8.64,7.68,7.76,221327104.0,1802295936.0,10752686853.0,0.0205834231969891,600048
2015-09-08,7.66,8.01,7.58,7.96,100437944.0,783184128.0,10752686853.0,0.0093407299378366,600048
2015-09-09,7.99,8.29,7.96,8.19,114299792.0,933033728.0,10752686853.0,0.0106298819599782,600048
2015-09-10,8.08,8.31,8.01,8.26,92590352.0,760072320.0,10752686853.0,0.0086109037923081,600048
2015-09-11,8.22,8.28,8.1,8.19,47873784.0,392098880.0,10752686853.0,0.0044522624581634,600048
2015-09-14,8.21,8.32,7.8,8.29,165804112.0,1347185664.0,10752686853.0,0.0154197843075603,600048
2015-09-15,8.13,8.13,7.85,7.99,89251696.0,714405184.0,10752686853.0,0.0083004087462194,600048
2015-09-16,7.97,8.58,7.82,8.38,91973992.0,755481920.0,10752686853.0,0.0085535823052764,600048
2015-09-17,8.3,8.4,8.1,8.11,79797376.0,662200064.0,10752686853.0,0.0074211568783607,600048
2015-09-18,8.16,8.26,8.08,8.15,38141712.0,311593984.0,10752686853.0,0.003547179651136,600048
2015-09-21,8.05,8.24,8.03,8.22,41169524.0,336307168.0,10752686853.0,0.0038287662016785,600048
2015-09-22,8.23,8.37,8.2,8.28,53274696.0,441961248.0,10755245943.0,0.004953368456876,600048
2015-09-23,8.18,8.19,8.01,8.05,50846668.0,412108384.0,10755245943.0,0.0047276155533284,600048
2015-09-24,8.07,8.17,8.05,8.13,40233552.0,326744128.0,10755245943.0,0.0037408304945537,600048
2015-09-25,8.11,8.13,7.87,8.02,62200264.0,496900160.0,10755245943.0,0.0057832488749811,600048
2015-09-28,7.95,8.01,7.88,7.98,25274236.0,201227584.0,10755245943.0,0.0023499449602498,600048
2015-09-29,7.91,7.93,7.71,7.72,41657120.0,325561024.0,10755245943.0,0.0038731908336426,600048
2015-09-30,7.81,8.15,7.72,7.99,76782520.0,610043264.0,10755245943.0,0.0071390761686833,600048
2015-10-08,8.34,8.42,8.16,8.25,100351056.0,834127488.0,10755245943.0,0.0093304287537295,600048
2015-10-09,8.28,8.36,8.18,8.32,69129832.0,571230080.0,10755245943.0,0.0064275454384186,600048
2015-10-12,8.37,8.69,8.29,8.57,128921176.0,1097159168.0,10755245943.0,0.0119868180312424,600048
2015-10-13,8.51,8.61,8.48,8.53,66418256.0,567126592.0,10755245943.0,0.0061754288420738,600048
2015-10-14,8.47,8.53,8.32,8.33,70911728.0,596470784.0,10755245943.0,0.0065932223564029,600048
2015-10-15,8.34,8.52,8.3,8.51,81122784.0,684748864.0,10755245943.0,0.0075426247274985,600048
2015-10-16,8.55,8.66,8.49,8.63,112682728.0,966221696.0,10755245943.0,0.010477001511373,600048
2015-10-19,8.65,8.68,8.46,8.53,105457000.0,902369792.0,10755245943.0,0.0098051686180766,600048
2015-10-20,8.52,8.65,8.43,8.62,87939192.0,749780672.0,10755245943.0,0.0081763999136844,600048
2015-10-21,8.6,8.88,8.35,8.65,180744672.0,1565047680.0,10755245943.0,0.0168052569841637,600048
2015-10-22,8.49,8.61,8.41,8.59,84214640.0,717571328.0,10755245943.0,0.0078300989532285,600048
2015-10-23,8.56,9.13,8.56,9.09,196393760.0,1748473984.0,10755245943.0,0.0182602760588493,600048
2015-10-26,9.12,9.2,8.89,8.97,183694224.0,1659372288.0,10755245943.0,0.0170795000852171,600048
2015-10-27,8.92,8.92,8.62,8.82,93772400.0,820878976.0,10755245943.0,0.0087187592452064,600048
2015-10-28,8.76,8.82,8.58,8.61,74631240.0,651059904.0,10755245943.0,0.006939054708328,600048
2015-10-29,8.67,8.75,8.61,8.66,44022476.0,381996352.0,10755245943.0,0.0040931166273005,600048
2015-10-30,8.7,8.85,8.64,8.72,67346528.0,589319680.0,10755245943.0,0.0062617376075748,600048
2015-11-02,8.6,8.7,8.5,8.52,51984532.0,447884512.0,10755245943.0,0.0048334117393041,600048
2015-11-03,8.52,8.58,8.41,8.43,47929732.0,406710432.0,10755245943.0,0.0044564050189103,600048
2015-11-04,8.46,8.9,8.46,8.84,117148200.0,1019893056.0,10755245943.0,0.0108921916449753,600048
2015-11-05,8.85,9.46,8.81,9.02,293726144.0,2687512576.0,10755245943.0,0.0273100350802456,600048
2015-11-06,9.08,9.28,9.04,9.21,167801824.0,1538791296.0,10755245943.0,0.0156018583758387,600048
2015-11-09,9.17,9.68,9.15,9.39,203940560.0,1927485184.0,10755245943.0,0.0189619615470284,600048
2015-11-10,9.31,9.33,9.14,9.21,122738376.0,1132205952.0,10755245943.0,0.0114119543756118,600048
2015-11-11,9.28,9.43,9.23,9.33,121024688.0,1130919040.0,10755245943.0,0.0112526192930779,600048
2015-11-12,9.45,9.45,9.08,9.18,101440784.0,933768896.0,10755245943.0,0.0094317493563243,600048
2015-11-13,9.09,9.14,8.88,8.95,83782528.0,755438400.0,10755245943.0,0.0077899220942064,600048
2015-11-16,8.88,9.05,8.81,9.05,73654304.0,658303168.0,10755245943.0,0.0068482212671238,600048
2015-11-17,9.15,9.42,9.05,9.1,136868992.0,1267388928.0,10755245943.0,0.0127257891381907,600048
2015-11-18,9.08,10.01,9.04,9.67,402085568.0,3901165056.0,10755245943.0,0.0373850649377009,600048
2015-11-19,9.67,9.67,9.36,9.58,206370848.0,1959219840.0,10755245943.0,0.0191879245805918,600048
2015-11-20,9.57,9.89,9.52,9.71,170365104.0,1652972288.0,10755245943.0,0.0158401867240312,600048
2015-11-23,9.63,9.86,9.51,9.61,108563656.0,1049925568.0,10755245943.0,0.0100940189164765,600048
2015-11-24,9.54,9.54,9.31,9.49,97816104.0,920589376.0,10755245943.0,0.0090947342830094,600048
2015-11-25,9.44,9.72,9.4,9.55,103936480.0,997445632.0,10755245943.0,0.0096637938872654,600048
2015-11-26,9.55,9.85,9.55,9.62,110271440.0,1071440960.0,10755245943.0,0.0102528050575886,600048
2015-11-27,9.55,9.66,9.1,9.2,119102408.0,1125504512.0,10755245943.0,0.0110738897679524,600048
2015-11-30,9.23,9.75,9.23,9.6,157916480.0,1503930752.0,10755245943.0,0.0146827400170034,600048
2015-12-01,9.54,10.56,9.46,10.56,545031780.0,5615506312.0,10755245943.0,0.0506759011266247,600048
2015-12-02,10.4,11.62,10.26,11.62,715361984.0,7943662080.0,10755245943.0,0.0665128429225358,600048
2015-12-03,11.6,11.74,11.12,11.35,373582308.0,4266442799.0,10755245943.0,0.034734892161452,600048
2015-12-04,11.1,11.3,10.92,11.0,261017792.0,2888749568.0,10755245943.0,0.024268881751596,600048
2015-12-07,10.91,11.1,10.6,10.83,238426331.0,2575548720.0,10755245943.0,0.0221683755316798,600048
2015-12-08,10.84,10.97,10.5,10.72,143917040.0,1543499136.0,10755245943.0,0.0133811017212179,600048
2015-12-09,10.77,11.38,10.64,11.19,276475694.0,3054745788.0,10755245943.0,0.0257061247567232,600048
2015-12-10,11.0,11.27,10.37,10.45,192351104.0,2081021440.0,10755245943.0,0.0178843984618678,600048
2015-12-11,10.38,10.44,10.08,10.35,105971936.0,1086451072.0,10755245943.0,0.0098530462772886,600048
2015-12-14,10.24,10.68,10.19,10.57,112682176.0,1171882240.0,10755245943.0,0.0104769501875815,600048
2015-12-15,10.66,11.17,10.57,10.71,146598288.0,1589036544.0,10755245943.0,0.013630398484324,600048
2015-12-16,10.63,10.75,10.4,10.47,88598336.0,932997376.0,10755245943.0,0.0082376857274624,600048
2015-12-17,10.67,11.52,10.6,11.52,192020352.0,2163062272.0,10755245943.0,0.0178536458410767,600048
2015-12-18,12.0,12.32,11.27,11.35,402881088.0,4789948416.0,10755245943.0,0.0374590307032646,600048
2015-12-21,11.18,12.3,11.18,11.99,260356864.0,3080219904.0,10755245943.0,0.0242074300652745,600048
2015-12-22,12.11,12.11,11.62,11.85,155831050.0,1842675281.0,10755245943.0,0.0144888411502502,600048
2015-12-23,11.75,12.15,11.69,11.84,161225968.0,1925772928.0,10755245943.0,0.0149904492053882,600048
2015-12-24,11.75,11.79,11.05,11.28,150483312.0,1701813504.0,10755245943.0,0.0139916197916367,600048
2015-12-25,11.25,11.65,11.23,11.4,80123295.0,916984240.0,10755245943.0,0.0074496943560967,600048
2015-12-28,11.42,11.45,10.75,10.83,112746210.0,1248498028.0,10755245943.0,0.010482903933348,600048
2015-12-29,10.8,10.97,10.58,10.95,70219460.0,758066134.0,10755245943.0,0.0065288567432251,600048
2015-12-30,10.9,10.95,10.65,10.85,81330916.0,873669784.0,10755245943.0,0.0075619764002638,600048
2015-12-31,10.85,11.05,10.61,10.64,69362075.0,753946667.0,10755245943.0,0.0064491389009234,600048
2016-01-04,10.63,10.65,9.58,9.63,99735936.0,1000740296.0,10755245943.0,0.009273236198277,600048
2016-01-05,9.35,10.03,9.25,9.86,147534424.0,1431785859.0,10755245943.0,0.0137174384278977,600048
2016-01-06,9.82,10.06,9.67,10.01,83487385.0,820709155.0,10755245943.0,0.0077624803228546,600048
2016-01-07,9.87,9.87,9.03,9.07,19701600.0,187206445.0,10755245943.0,0.0018318130616829,600048
2016-01-08,9.33,9.73,9.03,9.49,136545917.0,1285183215.0,10756715193.0,0.0126940162075554,600048
2016-01-11,9.32,9.51,8.71,8.84,110956770.0,1008022867.0,10756715193.0,0.0103151164653132,600048
2016-01-12,8.89,9.27,8.73,8.99,90844287.0,820532425.0,10756715193.0,0.0084453557958955,600048
2016-01-13,9.02,9.35,8.8,8.87,83419942.0,761040258.0,10756715193.0,0.0077551502018279,600048
2016-01-14,8.68,9.18,8.47,9.14,87181957.0,771598493.0,10756715193.0,0.0081048866160121,600048
2016-01-15,9.02,9.09,8.48,8.59,93279888.0,818431753.0,10756715193.0,0.0086717818893915,600048
2016-01-18,8.45,8.77,8.4,8.61,47675070.0,410781277.0,10756715193.0,0.0044321216230606,600048
2016-01-19,8.62,9.47,8.55,9.36,145833275.0,1334801698.0,10756715193.0,0.0135574171467235,600048
2016-01-20,9.21,9.35,8.87,8.95,97544495.0,888171353.0,10756715193.0,0.0090682418609983,600048
2016-01-21,8.85,9.21,8.73,8.81,64906316.0,580670802.0,10756715193.0,0.0060340275665417,600048
2016-01-22,8.9,9.08,8.8,9.01,57034359.0,509418435.0,10756715193.0,0.0053022096408311,600048
2016-01-25,9.02,9.22,8.97,9.11,53643000.0,488651420.0,10756715193.0,0.0049869313296412,600048
2016-01-26,9.01,9.3,8.41,8.52,86763632.0,776388116.0,10756715193.0,0.0080659969556934,600048
2016-01-27,8.62,8.92,8.42,8.75,93553163.0,810441144.0,10756715193.0,0.0086971869498674,600048
2016-01-28,8.66,8.87,8.34,8.37,61719693.0,533174811.0,10756715193.0,0.005737782575127,600048
2016-01-29,8.4,8.82,8.39,8.71,56922714.0,492760754.0,10756715193.0,0.0052918305429377,600048
2016-02-01,8.73,8.79,8.37,8.6,46426242.0,397580517.0,10756715193.0,0.0043160240990866,600048
2016-02-02,8.6,9.24,8.55,9.04,92531100.0,825746356.0,10756715193.0,0.0086021706756924,600048
2016-02-03,9.07,9.38,8.88,9.14,129008942.0,1178932533.0,10756715193.0,0.0119933399448888,600048
2016-02-04,9.06,9.2,8.96,9.08,96540291.0,876789688.0,10756715193.0,0.0089748858520326,600048
2016-02-05,9.13,9.17,8.99,9.0,55437330.0,503474078.0,10756715193.0,0.0051537415470548,600048
2016-02-15,8.7,8.87,8.64,8.81,76679179.0,669939811.0,10756715193.0,0.0071284939337149,600048
2016-02-16,8.86,9.11,8.8,9.05,74047642.0,666604309.0,10756715193.0,0.006883852614057,600048
2016-02-17,9.03,9.08,8.9,9.08,97584262.0,878078870.0,10756715193.0,0.009071938807444,600048
2016-02-18,9.15,9.48,9.07,9.2,109762904.0,1017377261.0,10756715193.0,0.0102041284937458,600048
2016-02-19,9.14,9.21,8.94,9.05,71390667.0,646647878.0,10756715193.0,0.0066368464460654,600048
2016-02-22,9.28,9.5,9.25,9.35,123634962.0,1162750826.0,10756715193.0,0.01149374690895,600048
2016-02-23,9.34,9.49,9.19,9.35,71584005.0,669119617.0,10756715193.0,0.006654820148681,600048
2016-02-24,9.34,9.4,9.18,9.38,51371768.0,477918865.0,10756715193.0,0.0047757858303648,600048
2016-02-25,9.36,9.36,8.57,8.7,80954940.0,726783586.0,10756715193.0,0.0075259908389767,600048
2016-02-26,8.76,8.84,8.58,8.8,51594194.0,450756205.0,10756715193.0,0.0047964637042333,600048
2016-02-29,9.05,9.26,8.73,9.08,147364469.0,1326985136.0,10756715193.0,0.013699764877655,600048
2016-03-01,9.18,9.97,9.07,9.48,198426174.0,1882179117.0,10756715193.0,0.0184467256443795,600048
2016-03-02,9.45,10.43,9.42,10.43,268054514.0,2705907748.0,10756715193.0,0.0249197370377936,600048
2016-03-03,10.99,11.1,10.3,10.35,454378147.0,4857192006.0,10756715193.0,0.0422413477392884,600048
2016-03-04,10.26,10.61,10.03,10.27,279279496.0,2893432641.0,10756715193.0,0.0259632695473561,600048
2016-03-07,10.38,10.57,10.05,10.18,164949813.0,1692134263.0,10756715193.0,0.0153345896066247,600048
2016-03-08,10.26,10.27,9.58,10.06,153914184.0,1512486946.0,10756715193.0,0.0143086603334222,600048
2016-03-09,9.79,9.94,9.58,9.88,127532546.0,1243876887.0,10756715193.0,0.0118560865200737,600048
2016-03-10,9.76,9.83,9.45,9.46,93705279.0,902415855.0,10756715193.0,0.0087113284416955,600048
2016-03-11,9.37,9.38,9.11,9.35,87478953.0,809872686.0,10756715193.0,0.0081324969036019,600048
2016-03-14,9.42,9.79,9.42,9.59,107321939.0,1034795777.0,10756715193.0,0.0099772037350064,600048
2016-03-15,9.57,9.79,9.17,9.72,192690363.0,1818303070.0,10756715193.0,0.0179134949231894,600048
2016-03-16,9.51,9.79,9.4,9.65,176099077.0,1694188289.0,10756715193.0,0.0163710829784354,600048
2016-03-17,9.65,9.77,9.42,9.69,115597134.0,1112721275.0,10756715193.0,0.0107465087553145,600048
2016-03-18,9.67,10.07,9.66,9.8,182180164.0,1796777519.0,10756715193.0,0.0169364123462667,600048
2016-03-21,9.87,10.07,9.8,10.01,156260721.0,1553819659.0,10756715193.0,0.0145268065758297,600048
2016-03-22,9.9,9.99,9.8,9.82,106796885.0,1054858057.0,10756715193.0,0.0099283919936356,600048
2016-03-23,9.77,9.83,9.6,9.72,98183669.0,951566654.0,10756715193.0,0.0091276627890913,600048
2016-03-24,9.61,9.77,9.51,9.55,88423179.0,850426105.0,10756715193.0,0.0082202770468016,600048
2016-03-25,9.57,9.72,9.54,9.61,55772749.0,536180605.0,10756715193.0,0.0051849238358838,600048
2016-03-28,9.58,9.65,9.32,9.37,98540171.0,933744449.0,10756715193.0,0.0091608050628806,600048
2016-03-29,9.33,9.35,9.08,9.13,82456439.0,758160923.0,10756715193.0,0.0076655779687891,600048
2016-03-30,9.18,9.45,9.16,9.39,78528844.0,730377056.0,10756715193.0,0.0073004483795483,600048
2016-03-31,9.45,9.46,9.25,9.28,72070087.0,672241575.0,10756715193.0,0.0067000088509269,600048
2016-04-01,9.31,9.37,9.12,9.32,65178852.0,603296920.0,10756715193.0,0.0060593639257471,600048
2016-04-05,9.29,9.55,9.27,9.46,81799101.0,771827453.0,10756715193.0,0.007604468421106,600048
2016-04-06,9.46,9.48,9.36,9.45,59942587.0,563866975.0,10756715193.0,0.0055725735900312,600048
2016-04-07,9.56,9.58,9.36,9.37,65351197.0,617720501.0,10756715193.0,0.0060753860102689,600048
2016-04-08,9.31,9.35,9.16,9.22,59382327.0,549059583.0,10756715193.0,0.0055204889164159,600048
2016-04-11,9.26,9.44,9.26,9.36,53262652.0,498609838.0,10756715193.0,0.0049515722080901,600048
2016-04-12,9.35,9.36,9.2,9.24,45837468.0,424220291.0,10756715193.0,0.0042612886162337,600048
2016-04-13,9.29,9.54,9.28,9.4,94767338.0,894873773.0,10756715193.0,0.0088100629513432,600048
2016-04-14,9.48,9.54,9.35,9.49,53882999.0,508966116.0,10756715193.0,0.0050092428806765,600048
2016-04-15,9.49,9.58,9.42,9.49,62961212.0,597582239.0,10756715193.0,0.0058532006165759,600048
2016-04-18,9.44,9.44,9.25,9.29,56196447.0,523342564.0,10756715193.0,0.0052243129981325,600048
2016-04-19,9.32,9.38,9.23,9.29,43079735.0,400295400.0,10756715193.0,0.0040049154622997,600048
2016-04-20,9.32,9.33,8.86,9.15,102200908.0,928965119.0,10756715193.0,0.009501126149227,600048
2016-04-21,9.1,9.14,9.01,9.03,33275449.0,302173278.0,10756715193.0,0.0030934582168406,600048
2016-04-22,9.0,9.23,8.98,9.15,41486247.0,377876305.0,10756715193.0,0.0038567765582375,600048
2016-04-25,9.1,9.12,9.0,9.05,25316007.0,228950921.0,10756715193.0,0.002353507232066,600048
2016-04-26,9.05,9.12,9.04,9.1,22777532.0,206743117.0,10756715193.0,0.0021175174382996,600048
2016-04-27,9.11,9.19,9.09,9.11,27531273.0,251601603.0,10756715193.0,0.0025594498418918,600048
2016-04-28,9.1,9.11,8.95,9.0,40016657.0,360144984.0,10756715193.0,0.0037201558544602,600048
2016-04-29,8.96,9.02,8.92,8.95,23789197.0,213390771.0,10756715193.0,0.0022115670604982,600048
2016-05-03,8.95,9.13,8.93,9.09,37994139.0,344589699.0,10756715193.0,0.0035321320977917,600048
2016-05-04,9.06,9.15,9.05,9.12,30611258.0,278916479.0,10756715193.0,0.002845781212086,600048
2016-05-05,9.12,9.25,9.1,9.22,42470035.0,390327014.0,10756715193.0,0.0039482345900203,600048
2016-05-06,9.25,9.35,9.05,9.05,55797287.0,512762260.0,10756715193.0,0.0051872050155525,600048
2016-05-09,9.01,9.02,8.8,8.85,42786400.0,379844865.0,10756715193.0,0.0039776455202461,600048
2016-05-10,8.86,8.91,8.81,8.84,23353718.0,206953261.0,10756715193.0,0.0021710826754247,600048
2016-05-11,8.91,8.92,8.8,8.86,37524606.0,332429980.0,10756715193.0,0.0034884818763649,600048
2016-05-12,8.85,8.92,8.7,8.9,36323847.0,320167404.0,10756715193.0,0.0033768530957887,600048
2016-05-13,8.85,8.95,8.85,8.9,23784776.0,211669182.0,10756715193.0,0.0022111560614227,600048
2016-05-16,8.91,8.98,8.8,8.96,27175351.0,241590171.0,10756715193.0,0.0025263614879089,600048
2016-05-17,8.63,8.63,8.53,8.55,24624897.0,211223193.0,10756715193.0,0.0022892580642113,600048
2016-05-18,8.52,8.52,8.26,8.45,45489848.0,381988977.0,10756715193.0,0.0042289720592028,600048
2016-05-19,8.41,8.48,8.34,8.34,24628599.0,207318838.0,10756715193.0,0.00228960222132,600048
2016-05-20,8.32,8.44,8.27,8.42,23595246.0,197111713.0,10756715193.0,0.0021935363702252,600048
2016-05-23,8.43,8.49,8.35,8.41,21331307.0,179499665.0,10756715193.0,0.0019830688660309,600048
2016-05-25,8.45,8.45,8.25,8.3,28991604.0,241755014.0,10756715193.0,0.0026952097810367,600048
2016-05-26,8.3,8.33,8.12,8.22,26616234.0,218191388.0,10756715193.0,0.0024743830734981,600048
2016-05-27,8.22,8.3,8.18,8.23,21628773.0,178318169.0,10756715193.0,0.0020107228472568,600048
2016-05-30,8.23,8.28,8.15,8.19,13932721.0,114302651.0,10756715193.0,0.0012952579621208,600048
2016-05-31,8.21,8.5,8.18,8.49,55540883.0,468667700.0,10756715193.0,0.0051633683706847,600048
2016-06-01,8.49,8.51,8.42,8.44,30600285.0,258506866.0,10756715193.0,0.0028447611051293,600048
2016-06-02,8.44,8.54,8.42,8.46,26640804.0,225572189.0,10756715193.0,0.0024766672280527,600048
2016-06-03,8.48,8.54,8.42,8.51,36749463.0,311502375.0,10756715193.0,0.003416420565259,600048
2016-06-06,8.51,8.58,8.45,8.49,28810176.0,245266524.0,10756715193.0,0.0026783432937546,600048
2016-06-07,8.54,8.56,8.47,8.5,22941269.0,195123196.0,10756715193.0,0.0021327392785233,600048
2016-06-08,8.51,8.55,8.42,8.47,23368788.0,198160602.0,10756715193.0,0.0021724836607375,600048
2016-06-13,8.41,8.41,8.13,8.16,37070522.0,306606323.0,10756715193.0,0.0034462678740554,600048
2016-06-14,8.14,8.17,8.1,8.15,26016179.0,211695161.0,10756715193.0,0.002418598850412,600048
2016-06-15,8.09,8.28,8.07,8.23,22734975.0,186536390.0,10756715193.0,0.0021135611189924,600048
2016-06-16,8.2,8.23,8.13,8.15,21520544.0,175837221.0,10756715193.0,0.0020006613184296,600048
2016-06-17,8.18,8.41,8.17,8.29,42283511.0,351327621.0,10756715193.0,0.0039308943521639,600048
2016-06-20,8.3,8.6,8.3,8.54,60092046.0,509886691.0,10756715193.0,0.0055864680733673,600048
2016-06-21,8.56,8.57,8.43,8.48,29912497.0,253943458.0,10756715193.0,0.0027808207676136,600048
2016-06-22,8.46,8.63,8.43,8.59,33909171.0,290088009.0,10756715193.0,0.003152372298754,600048
2016-06-23,8.56,8.58,8.43,8.46,22391810.0,190080629.0,10756715193.0,0.0020816587218532,600048
2016-06-24,8.5,8.72,8.36,8.46,68030150.0,582096445.0,10756715193.0,0.0063244353670599,600048
2016-06-27,8.49,8.59,8.49,8.57,35797660.0,305859925.0,10756715193.0,0.0033279360248652,600048
2016-06-28,8.53,8.55,8.47,8.54,23847327.0,202800471.0,10756715193.0,0.0022169711266055,600048
2016-06-29,8.55,8.57,8.48,8.54,31001572.0,264551834.0,10756715193.0,0.0028820668246542,600048
2016-06-30,8.54,8.64,8.52,8.63,27426791.0,235479677.0,10756715193.0,0.0025497366536066,600048
2016-07-01,8.65,8.69,8.57,8.57,24857680.0,214369668.0,10756715193.0,0.0023108987784836,600048
2016-07-04,8.56,8.96,8.54,8.91,86049511.0,762460267.0,10756715193.0,0.0079996085660051,600048
2016-07-05,8.9,9.13,8.87,9.11,83378899.0,751463734.0,10756715193.0,0.0077513346318083,600048
2016-07-06,9.15,9.28,8.98,9.1,101943542.0,931253082.0,10756715193.0,0.0094772000718528,600048
2016-07-14,9.28,9.59,9.2,9.22,111634157.0,1045731320.0,10756715193.0,0.010378089871957,600048
2016-07-15,9.26,9.45,9.25,9.28,55955468.0,524128482.0,10756715193.0,0.0052019103412176,600048
2016-07-18,9.26,9.48,9.17,9.36,60441213.0,564664956.0,10756715193.0,0.0056189284475368,600048
2016-07-19,9.35,9.39,9.04,9.13,49649063.0,455335834.0,10756715193.0,0.0046156342442076,600048
2016-07-20,9.12,9.21,9.0,9.01,39426755.0,358278411.0,10756715193.0,0.0036653155068805,600048
2016-07-21,9.05,9.14,9.0,9.05,25321659.0,229358667.0,10756715193.0,0.0023540326712822,600048
2016-07-22,9.06,9.11,8.9,8.91,28164536.0,253360438.0,10756715193.0,0.0026183212527861,600048
2016-07-25,8.94,9.11,8.93,9.06,39996473.0,361485563.0,10756715193.0,0.0037182794451997,600048
2016-07-26,9.06,9.12,9.0,9.12,28409685.0,257717544.0,10756715193.0,0.0026411115745155,600048
2016-07-27,9.12,9.19,8.83,9.07,62153104.0,560872939.0,10756715193.0,0.0057780747082014,600048
2016-07-28,9.0,9.17,8.88,9.1,57600621.0,519361028.0,10756715193.0,0.0053548522914768,600048
2016-07-29,9.05,9.06,8.99,8.99,22828867.0,206000950.0,10758910906.0,0.0021218566822845,600048
2016-08-01,8.95,8.98,8.8,8.84,28588508.0,253785989.0,10758910906.0,0.002657193488242,600048
2016-08-02,8.87,9.06,8.83,9.0,34306139.0,306864321.0,10758910906.0,0.003188625623888,600048
2016-08-03,8.98,9.08,8.97,9.05,26318872.0,237908799.0,10758910906.0,0.0024462394223677,600048
2016-08-04,9.02,9.34,8.91,9.27,79996159.0,733811337.0,10758910906.0,0.0074353398498158,600048
2016-08-05,9.39,9.63,9.21,9.41,122445793.0,1153403394.0,10758910906.0,0.0113808724758297,600048
2016-08-08,9.31,9.73,9.28,9.48,110461032.0,1054612902.0,10758910906.0,0.0102669343547029,600048
2016-08-09,9.5,9.64,9.36,9.48,78344277.0,745414970.0,10758910906.0,0.0072818036773879,600048
2016-08-10,9.43,9.49,9.28,9.3,51397966.0,481030987.0,10758910906.0,0.004777246177523,600048
2016-08-11,9.28,9.32,9.21,9.22,37014476.0,342985027.0,10758910906.0,0.0034403552853437,600048
2016-08-12,9.23,10.1,9.18,9.93,203183943.0,1964602162.0,10758910906.0,0.018885177577471,600048
2016-08-15,9.91,10.62,9.85,10.47,300835167.0,3118977378.0,10758910906.0,0.0279614888187456,600048
2016-08-16,10.51,10.81,10.0,10.07,323427789.0,3314121189.0,10758910906.0,0.0300613874234827,600048
2016-08-17,10.0,10.1,9.78,9.89,141359337.0,1402264600.0,10758910906.0,0.0131388147215873,600048
2016-08-18,9.84,10.66,9.82,10.14,277472978.0,2847631505.0,10758910906.0,0.0257900618774768,600048
2016-08-19,10.03,10.1,9.89,9.95,102089838.0,1016896200.0,10758910906.0,0.0094888635933463,600048
2016-08-22,9.95,10.22,9.88,9.92,82278118.0,826268609.0,10758910906.0,0.0076474392918446,600048
2016-08-23,9.88,9.88,9.66,9.75,90253094.0,882277006.0,10758910906.0,0.0083886830914891,600048
2016-08-24,9.8,9.83,9.63,9.67,58784876.0,570310546.0,10758910906.0,0.0054638314708245,600048
2016-08-25,9.62,9.62,9.39,9.47,82898492.0,784962954.0,10758910906.0,0.007705100704363,600048
2016-08-26,9.48,9.54,9.44,9.45,35920666.0,341100867.0,10758910906.0,0.0033386897906151,600048
2016-08-29,9.46,9.62,9.46,9.53,49222848.0,469439330.0,10758910906.0,0.0045750772015919,600048
2016-08-30,9.55,9.66,9.53,9.56,46613911.0,447630745.0,10758910906.0,0.00433258639348,600048
2016-08-31,9.56,9.91,9.52,9.8,89804854.0,877807194.0,10758910906.0,0.0083470208820037,600048
2016-09-01,9.74,9.74,9.38,9.4,97794339.0,929927651.0,10758910906.0,0.0090896132382193,600048
2016-09-02,9.41,9.53,9.39,9.5,52542774.0,496799433.0,10758910906.0,0.0048836517431051,600048
2016-09-05,9.5,9.5,9.35,9.39,42749304.0,402383717.0,10758910906.0,0.0039733858169751,600048
2016-09-06,9.39,9.44,9.28,9.42,46281805.0,433029611.0,10758910906.0,0.0043017183992284,600048
2016-09-07,9.46,9.63,9.43,9.48,58174766.0,553901686.0,10758910906.0,0.0054071240582127,600048
2016-09-08,9.45,9.57,9.41,9.45,39969015.0,378673819.0,10758910906.0,0.0037149684897669,600048
2016-09-09,9.46,9.47,9.28,9.33,39749708.0,372437694.0,10758910906.0,0.0036945847351363,600048
2016-09-12,9.2,9.46,9.13,9.44,78035694.0,723164176.0,10758910906.0,0.0072531220568506,600048
2016-09-13,9.38,9.57,9.33,9.56,64485435.0,610742409.0,10758910906.0,0.0059936768287613,600048
2016-09-14,9.5,9.81,9.48,9.74,124527801.0,1211272928.0,10758910906.0,0.0115743872300823,600048
2016-09-19,9.75,9.76,9.59,9.66,55168536.0,532103711.0,10758910906.0,0.0051277063712121,600048
2016-09-20,9.66,9.74,9.61,9.64,31063828.0,300633800.0,10758910906.0,0.0028872651025185,600048
2016-09-21,9.66,9.79,9.62,9.77,53704891.0,523097348.0,10758910906.0,0.0049916661146482,600048
2016-09-22,9.79,10.13,9.79,9.99,112313485.0,1125774475.0,10758910906.0,0.0104391128415577,600048
2016-09-23,9.99,9.99,9.71,9.73,56563724.0,553835310.0,10758910906.0,0.0052573838090299,600048
2016-09-26,9.74,9.75,9.43,9.46,67301712.0,643016737.0,10758910906.0,0.0062554391042003,600048
2016-09-27,9.46,9.71,9.43,9.66,61822066.0,593522450.0,10758910906.0,0.0057461267725084,600048
2016-09-28,9.65,9.7,9.52,9.53,36037163.0,345931238.0,10758910906.0,0.0033495177453233,600048
2016-09-29,9.53,9.69,9.49,9.56,28392603.0,272452448.0,10758910906.0,0.0026389848608343,600048
2016-09-30,9.55,9.68,9.54,9.6,26942652.0,258959990.0,10758910906.0,0.0025042174096798,600048
2016-10-10,9.38,9.38,9.06,9.26,101991962.0,936290006.0,10758910906.0,0.0094797663900275,600048
2016-10-11,9.19,9.38,9.18,9.25,53655557.0,497446319.0,10758910906.0,0.0049870807062894,600048
2016-10-12,9.25,9.29,9.15,9.2,47948003.0,440849268.0,10758910906.0,0.0044565851896087,600048
2016-10-13,9.19,9.22,9.12,9.18,39593210.0,363236861.0,10758910906.0,0.0036800388390538,600048
2016-10-14,9.18,9.21,9.14,9.2,31884477.0,292561613.0,10758910906.0,0.0029635413173854,600048
2016-10-17,9.18,9.2,9.09,9.1,43675123.0,399245520.0,10758910906.0,0.0040594371848216,600048
2016-10-18,9.08,9.16,9.05,9.16,51901078.0,472453700.0,10758910906.0,0.0048240085314821,600048
2016-10-19,9.16,9.24,9.12,9.15,34330364.0,314899093.0,10758910906.0,0.0031908772458423,600048
2016-10-20,9.14,9.2,9.12,9.17,29240818.0,267783391.0,10758910906.0,0.0027178232309455,600048
2016-10-21,9.18,9.19,9.11,9.15,31632803.0,289236437.0,10758910906.0,0.002940149172753,600048
2016-10-24,9.15,9.24,9.12,9.23,50115299.0,460600616.0,10758910906.0,0.0046580271402797,600048
2016-10-25,9.22,9.26,9.2,9.22,34645446.0,319614396.0,10758910906.0,0.0032201629238029,600048
2016-10-26,9.22,9.23,9.15,9.18,25791850.0,236911995.0,10758910906.0,0.0023972547245108,600048
2016-10-27,9.16,9.18,9.12,9.14,29639075.0,271178724.0,10758910906.0,0.0027548397099813,600048
2016-10-28,9.13,9.2,9.13,9.17,26234325.0,240593877.0,10758910906.0,0.0024383810990915,600048
2016-10-31,9.15,9.18,9.02,9.15,39895663.0,362992046.0,10758910906.0,0.0037081506993194,600048
2016-11-01,9.15,9.2,9.12,9.18,30849164.0,282723560.0,10758910906.0,0.0028673128971442,600048
2016-11-02,9.16,9.19,9.09,9.11,29897220.0,272935587.0,10758910906.0,0.0027788333095431,600048
2016-11-03,9.1,9.17,9.08,9.12,33544225.0,306105080.0,10758910906.0,0.0031178086047067,600048
2016-11-04,9.13,9.17,9.06,9.08,30331889.0,276408283.0,10758910906.0,0.002819234146003,600048
2016-11-07,9.11,9.11,9.05,9.08,21715790.0,197133541.0,10758910906.0,0.0020184003929142,600048
2016-11-08,9.1,9.12,9.06,9.08,28614725.0,259987875.0,10758910906.0,0.002659630259048,600048
2016-11-09,9.09,9.18,9.0,9.1,64664603.0,589425957.0,10758910906.0,0.0060103298154405,600048
2016-11-10,9.16,9.24,9.11,9.18,51410938.0,472545834.0,10758910906.0,0.0047784518757683,600048
2016-11-11,9.17,9.27,9.15,9.25,64035747.0,589502849.0,10758910906.0,0.0059518800331629,600048
2016-11-14,9.22,9.28,9.2,9.26,49357724.0,456059847.0,10758910906.0,0.0045876134147067,600048
2016-11-15,9.26,9.45,9.24,9.34,66728608.0,624388287.0,10758910906.0,0.0062021712590618,600048
2016-11-16,9.34,9.35,9.26,9.3,35377590.0,329005018.0,10758910906.0,0.0032882129342915,600048
2016-11-17,9.29,9.31,9.24,9.28,33219430.0,307925285.0,10758910906.0,0.0030876201402015,600048
2016-11-18,9.31,9.55,9.31,9.37,82041765.0,775557601.0,10758910906.0,0.0076254711761064,600048
2016-11-21,9.38,9.56,9.37,9.49,65699974.0,622998489.0,10758910906.0,0.0061065636265619,600048
2016-11-22,9.5,9.6,9.44,9.55,48579447.0,462457427.0,10758910906.0,0.0045152755166796,600048
2016-11-23,9.58,10.08,9.58,9.83,176987274.0,1748885345.0,10758910906.0,0.0164502964608897,600048
2016-11-24,9.8,10.05,9.7,9.89,105656891.0,1044209401.0,10758910906.0,0.0098204076530717,600048
2016-11-25,9.9,10.32,9.89,10.06,113472636.0,1148849180.0,10758910906.0,0.0105468515346398,600048
2016-11-28,10.1,10.27,9.9,10.0,98163369.0,987131892.0,10758910906.0,0.0091239131783549,600048
2016-11-30,10.16,10.27,9.72,9.88,125193084.0,1246114293.0,10758910906.0,0.0116362227639772,600048
2016-12-01,9.9,10.87,9.82,10.66,470178943.0,4976056375.0,10758910906.0,0.0437013511040222,600048
2016-12-02,10.72,11.1,10.56,10.61,369013790.0,3994588560.0,10758910906.0,0.0342984334775194,600048
2016-12-05,10.15,10.2,9.77,10.02,237997839.0,2377398883.0,10758910906.0,0.0221209972904668,600048
2016-12-06,9.96,10.03,9.74,9.78,110333247.0,1084942423.0,10758910906.0,0.0102550572231683,600048
2016-12-07,9.76,9.96,9.69,9.89,85216611.0,837319226.0,10758910906.0,0.0079205610813708,600048
2016-12-08,9.88,9.92,9.78,9.84,55453902.0,545997762.0,10758910906.0,0.0051542300595755,600048
2016-12-09,9.84,10.04,9.8,9.94,89199627.0,887227646.0,10758910906.0,0.0082907673257388,600048
2016-12-12,9.88,9.89,9.53,9.66,115601426.0,1118773979.0,10758910906.0,0.0107447144985215,600048
2016-12-13,9.62,9.65,9.45,9.5,55657039.0,530955524.0,10758910906.0,0.005173110873979,600048
2016-12-14,9.57,9.7,9.52,9.53,59821260.0,575013505.0,10758910906.0,0.0055601594364573,600048
2016-12-15,9.5,9.56,9.29,9.36,64539004.0,606365886.0,10758910906.0,0.0059986558643224,600048
2016-12-16,9.35,9.44,9.29,9.36,34768693.0,325568957.0,10758910906.0,0.0032316182654333,600048
2016-12-19,9.36,9.4,9.27,9.32,37333223.0,349001746.0,10758910906.0,0.0034699816111666,600048
2016-12-20,9.31,9.31,9.08,9.19,61347819.0,562365003.0,10758910906.0,0.0057020473109213,600048
2016-12-21,9.19,9.28,9.16,9.24,34864676.0,321615416.0,10758910906.0,0.0032405395215752,600048
2016-12-22,9.21,9.23,9.13,9.19,35637144.0,326688805.0,10758910906.0,0.0033123374950642,600048
2016-12-23,9.17,9.19,9.1,9.13,27558315.0,251526377.0,10758910906.0,0.0025614409525997,600048
2016-12-26,9.1,9.18,9.04,9.18,23897431.0,217576481.0,10758910906.0,0.0022211756569777,600048
2016-12-27,9.18,9.35,9.15,9.23,37527060.0,347177278.0,10758910906.0,0.0034879980258105,600048
2016-12-28,9.22,9.23,9.07,9.11,33792713.0,308687695.0,10758910906.0,0.0031409046227118,600048
2016-12-29,9.1,9.12,9.07,9.09,36938803.0,335703968.0,10758910906.0,0.0034333217667412,600048
2016-12-30,9.1,9.18,9.05,9.13,58587686.0,532967850.0,10758910906.0,0.005445503407536,600048
2017-01-03,9.12,9.21,9.08,9.19,34928055.0,319791662.0,10758910906.0,0.0032464303594633,600048
2017-01-04,9.17,9.24,9.12,9.21,38420678.0,352661536.0,10758910906.0,0.0035710564327262,600048
2017-01-05,9.22,9.28,9.18,9.19,35343982.0,325709727.0,10758910906.0,0.0032850891980422,600048
2017-01-06,9.19,9.24,9.13,9.16,29980126.0,275013380.0,10758910906.0,0.0027865391080876,600048
2017-01-09,9.15,9.21,9.14,9.18,19815392.0,181701056.0,10758910906.0,0.0018417655999873,600048
2017-01-10,9.17,9.21,9.15,9.2,29668708.0,272209028.0,10758910906.0,0.002757593985043,600048
2017-01-11,9.2,9.2,9.13,9.13,23284915.0,213228114.0,10758910906.0,0.002164244615783,600048
2017-01-12,9.1,9.14,9.04,9.05,32031956.0,291204201.0,10758910906.0,0.0029772489315936,600048
2017-01-13,9.1,9.2,9.05,9.1,41303916.0,376448355.0,10758910906.0,0.0038390424793801,600048
2017-01-16,9.08,9.29,8.93,9.21,120606257.0,1101138536.0,10758910906.0,0.0112098945751786,600048
2017-01-17,9.18,9.19,9.09,9.14,25788142.0,235522178.0,10758910906.0,0.0023969100799615,600048
2017-01-18,9.15,9.23,9.12,9.17,23022237.0,211575346.0,10758910906.0,0.002139829691048,600048
2017-01-19,9.16,9.27,9.13,9.19,25836970.0,238008055.0,10758910906.0,0.0024014484575377,600048
2017-01-20,9.18,9.29,9.16,9.27,34461015.0,318782297.0,10758910906.0,0.0032030207612168,600048
2017-01-23,9.29,9.32,9.24,9.28,32685553.0,303231049.0,10758910906.0,0.0030379982960702,600048
2017-01-24,9.28,9.29,9.17,9.21,44689701.0,411795667.0,10758910906.0,0.0041537383653839,600048
2017-01-25,9.15,9.23,9.14,9.21,21285607.0,195719301.0,10758910906.0,0.0019784165131555,600048
2017-01-26,9.22,9.25,9.19,9.22,22763922.0,209899612.0,10758910906.0,0.0021158202906304,600048
2017-02-03,9.23,9.26,9.15,9.18,18700147.0,171762034.0,10758910906.0,0.0017381078032323,600048
2017-02-06,9.18,9.18,9.11,9.16,26964559.0,246710502.0,10758910906.0,0.0025062535823177,600048
2017-02-07,9.16,9.19,9.15,9.16,21541839.0,197535600.0,10759539889.0,0.0020021152597819,600048
2017-02-08,9.17,9.3,9.12,9.29,44698337.0,411633159.0,10759539889.0,0.0041542981819972,600048
2017-02-09,9.3,9.65,9.29,9.49,88005615.0,837225945.0,10759539889.0,0.0081793102593515,600048
2017-02-10,9.49,9.56,9.4,9.47,37734307.0,357568239.0,10759539889.0,0.003507055821093,600048
2017-02-13,9.47,9.55,9.4,9.51,33492358.0,317961997.0,10759539889.0,0.0031128057840317,600048
2017-02-14,9.5,9.54,9.46,9.52,21441391.0,203671700.0,10759539889.0,0.00199277954459,600048
2017-02-15,9.52,9.53,9.36,9.37,45366298.0,428687177.0,10759539889.0,0.0042163789965015,600048
2017-02-16,9.37,9.47,9.34,9.45,29946882.0,281664094.0,10759539889.0,0.0027832864889153,600048
2017-02-17,9.45,9.51,9.3,9.31,43958851.0,412890742.0,10759539889.0,0.0040855697784011,600048
2017-02-20,9.32,9.6,9.31,9.58,67061414.0,635703989.0,10759539889.0,0.0062327399397961,600048
2017-02-21,9.57,9.76,9.57,9.71,98132643.0,952680915.0,10759539889.0,0.009120524112776,600048
2017-02-22,9.67,9.73,9.63,9.69,45395383.0,439347792.0,10759539889.0,0.0042190821790074,600048
2017-02-23,9.71,9.75,9.56,9.63,37740435.0,363865992.0,10759539889.0,0.0035076253621759,600048
2017-02-24,9.59,9.63,9.46,9.58,37744905.0,359066794.0,10759539889.0,0.0035080408074501,600048
2017-02-27,9.54,9.54,9.41,9.44,30566922.0,289401694.0,10759539889.0,0.0028409134884336,600048
2017-02-28,9.44,9.51,9.43,9.47,19549605.0,185269245.0,10759539889.0,0.0018169554833833,600048
2017-03-01,9.53,9.58,9.48,9.53,34051134.0,324163272.0,10759539889.0,0.0031647388597733,600048
2017-03-02,9.54,9.57,9.42,9.43,24311151.0,230330552.0,10759539889.0,0.0022594972694747,600048
2017-03-03,9.41,9.47,9.28,9.43,37696731.0,352574830.0,10759539889.0,0.0035035634784475,600048
2017-03-06,9.41,9.51,9.39,9.47,28751364.0,272450709.0,10759539889.0,0.0026721741167941,600048
2017-03-07,9.49,9.51,9.4,9.47,23966757.0,226409994.0,10759539889.0,0.0022274890234388,600048
2017-03-08,9.49,9.66,9.46,9.58,56929055.0,544649686.0,10759539889.0,0.0052910306190882,600048
2017-03-09,9.55,9.67,9.51,9.66,60775254.0,582651137.0,10759539889.0,0.0056484993435577,600048
2017-03-10,9.63,9.78,9.61,9.63,43216527.0,418847705.0,10759539889.0,0.0040165776088792,600048
2017-03-13,9.62,10.23,9.54,10.09,191109099.0,1906569984.0,10759539889.0,0.0177618281981909,600048
2017-03-14,10.07,10.25,9.97,10.11,110357885.0,1114819513.0,10759539889.0,0.0102567476061708,600048
2017-03-15,10.09,10.18,9.99,10.09,56566553.0,571277671.0,10759539889.0,0.0052573394014581,600048
2017-03-16,10.11,10.21,9.94,10.0,87903583.0,882543573.0,10759539889.0,0.0081698273259684,600048
2017-03-17,10.04,10.08,9.71,9.74,116622190.0,1149393362.0,10759539889.0,0.0108389569817226,600048
2017-03-20,9.68,9.73,9.51,9.62,80549823.0,771947193.0,10759539889.0,0.0074863631559514,600048
2017-03-21,9.63,9.78,9.57,9.74,63565052.0,615007329.0,10759539889.0,0.0059077853380129,600048
2017-03-22,9.63,9.73,9.52,9.56,51063614.0,491962232.0,10759539889.0,0.0047458919737083,600048
2017-03-23,9.57,9.77,9.55,9.65,51686119.0,498749915.0,10759539889.0,0.0048037480722424,600048
2017-03-24,9.68,9.72,9.54,9.68,50666311.0,488661209.0,10759539889.0,0.0047089663240896,600048
2017-03-27,9.67,9.74,9.6,9.66,34392889.0,332687525.0,10759539889.0,0.0031965018350981,600048
2017-03-28,9.7,9.7,9.55,9.57,34019363.0,326438359.0,10759539889.0,0.0031617860383397,600048
2017-03-29,9.57,9.61,9.47,9.49,45161352.0,430404903.0,10759539889.0,0.0041973311559698,600048
2017-03-30,9.48,9.52,9.34,9.49,44109663.0,416085953.0,10759539889.0,0.0040995863628978,600048
2017-03-31,9.45,9.58,9.39,9.53,32098876.0,303948484.0,10759539889.0,0.0029832944838855,600048
2017-04-05,9.67,9.74,9.59,9.64,44662816.0,431169292.0,10759539889.0,0.004150996832649,600048
2017-04-06,9.64,9.7,9.58,9.68,40115743.0,386883865.0,10759539889.0,0.003728388333874,600048
2017-04-07,9.7,9.74,9.59,9.68,42052103.0,406567773.0,10759539889.0,0.0039083551372853,600048
2017-04-10,9.68,9.9,9.61,9.8,66223844.0,646883149.0,10759539889.0,0.0061548955330054,600048
2017-04-11,9.78,9.95,9.57,9.88,87150432.0,851933108.0,10759539889.0,0.0080998288866513,600048
2017-04-12,10.0,10.17,9.88,9.99,108044999.0,1080815381.0,10759539889.0,0.0100417861836694,600048
2017-04-13,9.94,9.95,9.74,9.91,58317455.0,573209194.0,10759539889.0,0.0054200695942045,600048
2017-04-14,9.84,9.9,9.75,9.89,45569147.0,447507060.0,10759539889.0,0.0042352319402233,600048
2017-04-17,9.83,9.88,9.72,9.85,37651891.0,368996990.0,10759539889.0,0.0034993960139962,600048
2017-04-18,9.81,9.82,9.59,9.6,57851549.0,559377936.0,10759539889.0,0.005376767928445,600048
2017-04-19,9.57,9.67,9.52,9.63,32168009.0,308739684.0,10759539889.0,0.0029897197586382,600048
2017-04-20,9.6,9.67,9.54,9.66,30560832.0,293714164.0,10759539889.0,0.0028403474791002,600048
2017-04-21,9.66,9.77,9.63,9.72,36231376.0,351605689.0,10759539889.0,0.0033673722458189,600048
2017-04-24,9.72,9.8,9.55,9.79,68700977.0,665580721.0,10759539889.0,0.0063851221993457,600048
2017-04-25,9.76,9.82,9.71,9.75,33684073.0,328673936.0,10759539889.0,0.0031306239251398,600048
2017-04-26,9.76,9.81,9.67,9.69,25615736.0,249376053.0,10759539889.0,0.0023807464133469,600048
2017-04-27,9.66,9.67,9.32,9.55,54140387.0,515078313.0,10759539889.0,0.0050318496477112,600048
2017-04-28,9.5,9.52,9.35,9.42,65500627.0,614990491.0,10759539889.0,0.0060876791829141,600048
2017-05-02,9.39,9.4,9.31,9.36,23064595.0,215815130.0,10759539889.0,0.0021436413859648,600048
2017-05-03,9.36,9.39,9.28,9.36,25031547.0,233714715.0,10759539889.0,0.0023264514336334,600048
2017-05-04,9.33,9.37,9.31,9.35,21496037.0,200840204.0,10759539889.0,0.0019978583863029,600048
2017-05-05,9.35,9.38,9.18,9.36,76976224.0,713382934.0,10759539889.0,0.0071542300873568,600048
2017-05-08,9.29,9.47,9.11,9.33,111512396.0,1037704914.0,10759539889.0,0.0103640487558398,600048
2017-05-09,9.29,9.33,9.25,9.32,27461308.0,255168276.0,10759539889.0,0.0025522753094744,600048
2017-05-10,9.29,9.35,9.14,9.17,28474667.0,262910183.0,10759539889.0,0.0026464576825549,600048
2017-05-11,9.15,9.25,9.08,9.18,32902315.0,301002609.0,10759539889.0,0.0030579667290083,600048
2017-05-12,9.15,9.24,9.11,9.19,32190848.0,295245382.0,10759539889.0,0.0029918424330496,600048
2017-05-15,9.18,9.29,9.15,9.26,35243686.0,324889256.0,10759539889.0,0.0032755755695493,600048
2017-05-16,9.23,9.31,9.15,9.28,45758983.0,421760325.0,10759539889.0,0.0042528754456109,600048
2017-05-17,9.25,9.29,9.19,9.21,25679342.0,236954094.0,10759539889.0,0.0023866580044238,600048
2017-05-18,9.16,9.28,9.14,9.22,22185158.0,204599209.0,10759539889.0,0.0020619058276535,600048
2017-05-19,9.23,9.34,9.2,9.32,30085373.0,279756660.0,10759539889.0,0.0027961579500957,600048
2017-05-22,9.32,9.4,9.23,9.31,33506782.0,312454567.0,10759539889.0,0.0031141463618026,600048
2017-05-23,9.32,9.41,9.25,9.34,33959947.0,316610416.0,10759539889.0,0.0031562638691194,600048
2017-05-24,9.32,9.41,9.26,9.38,28813259.0,269159007.0,10759539889.0,0.0026779266862012,600048
2017-05-25,9.41,9.75,9.41,9.71,110804476.0,1067636956.0,10759539889.0,0.010298254120818,600048
2017-05-26,9.7,9.79,9.54,9.57,54792075.0,530055637.0,10759539889.0,0.0050924180369475,600048
2017-05-31,9.9,9.99,9.67,9.69,74422301.0,731129409.0,10759539889.0,0.0069168664987324,600048
2017-06-01,9.69,9.95,9.68,9.76,57214497.0,560800175.0,10759539889.0,0.0053175598204243,600048
2017-06-02,9.72,9.89,9.66,9.73,44641458.0,436868946.0,10759539889.0,0.0041490118035288,600048
2017-06-05,9.73,9.76,9.59,9.69,36116772.0,348698771.0,10759539889.0,0.0033567208609843,600048
2017-06-06,9.68,9.9,9.65,9.83,49850715.0,488626379.0,10759539889.0,0.0046331641979379,600048
2017-06-07,9.8,9.92,9.75,9.86,85299530.0,840192417.0,10759539889.0,0.0079278046161812,600048
2017-06-08,9.87,10.07,9.82,10.05,99237246.0,988938541.0,10759539889.0,0.0092231867741347,600048
2017-06-09,9.77,9.86,9.61,9.68,78853173.0,767551614.0,10759539889.0,0.0073286751862517,600048
2017-06-12,9.68,9.93,9.62,9.68,91056575.0,891718028.0,10759539889.0,0.0084628688530716,600048
2017-06-13,9.62,9.75,9.59,9.68,43968038.0,425407005.0,10759539889.0,0.0040864236253216,600048
2017-06-14,9.63,9.66,9.4,9.43,75087061.0,711578928.0,10759539889.0,0.0069786498098087,600048
2017-06-15,9.43,9.45,9.31,9.42,42459088.0,397814261.0,10759539889.0,0.0039461806395093,600048
2017-06-16,9.4,9.43,9.35,9.39,31389510.0,294639231.0,10759539889.0,0.0029173654564997,600048
2017-06-19,9.38,9.49,9.36,9.45,31605977.0,298662745.0,10759539889.0,0.002937484067726,600048
2017-06-20,9.44,9.52,9.34,9.38,32829097.0,309242299.0,11736340939.0,0.0027972173925953,600048
2017-06-21,9.43,9.63,9.34,9.6,73075263.0,694883535.0,11736340939.0,0.0062264093536316,600048
2017-06-22,9.56,9.86,9.5,9.61,122547454.0,1189856555.0,11736340939.0,0.0104417087605876,600048
2017-06-23,9.58,10.05,9.55,9.99,159021970.0,1569930953.0,11736340939.0,0.013549535653959,600048
2017-06-26,10.04,10.45,9.98,10.24,260355578.0,2665077483.0,11736340939.0,0.022183709501386,600048
2017-06-27,10.24,10.24,10.06,10.17,78826073.0,800909091.0,11736340939.0,0.0067164096041262,600048
2017-06-28,10.14,10.21,10.01,10.02,65858046.0,665818580.0,11736340939.0,0.0056114632611901,600048
2017-06-29,10.06,10.15,9.94,10.07,60001519.0,601107293.0,11736340939.0,0.005112455348039,600048
2017-06-30,10.03,10.04,9.94,9.97,48046506.0,479871222.0,11736340939.0,0.0040938233006115,600048
2017-07-03,10.01,10.22,9.97,10.18,71071022.0,718017305.0,11736340939.0,0.0060556371333615,600048
2017-07-04,10.18,10.19,9.85,9.89,69320875.0,692171408.0,11736340939.0,0.0059065151021342,600048
2017-07-05,9.9,10.07,9.78,10.05,59513921.0,589929616.0,11736340939.0,0.0050709093497986,600048
2017-07-06,10.0,10.02,9.84,9.85,52668592.0,522316961.0,11736340939.0,0.0044876501350588,600048
2017-07-07,9.85,10.25,9.83,10.23,108004216.0,1090181954.0,11736340939.0,0.0092025458838794,600048
2017-07-10,10.19,10.72,10.15,10.35,138266634.0,1451022469.0,11736340939.0,0.0117810682834322,600048
2017-07-11,10.32,10.63,10.3,10.39,96147594.0,1009003946.0,11736340939.0,0.0081922972841135,600048
2017-07-12,10.37,10.6,10.28,10.37,92146263.0,961961664.0,11736340939.0,0.0078513621476176,600048
2017-07-13,10.3,10.52,10.27,10.48,65165747.0,678402955.0,11736340939.0,0.0055524756258105,600048
2017-07-14,10.51,10.89,10.4,10.88,115625980.0,1235465169.0,11736340939.0,0.0098519615782269,600048
2017-07-17,10.92,11.04,10.61,10.66,126661177.0,1372613408.0,11736340939.0,0.0107922203059987,600048
2017-07-18,10.61,10.95,10.6,10.89,99915400.0,1081124897.0,11736340939.0,0.0085133348220977,600048
2017-07-19,10.76,10.93,10.65,10.83,106823117.0,1155194733.0,11736340939.0,0.0091019098333302,600048
2017-07-20,10.77,11.27,10.77,11.18,129227638.0,1431200684.0,11736340939.0,0.0110108967242571,600048
2017-07-21,11.15,11.22,10.83,10.97,104190336.0,1143020285.0,11736340939.0,0.0088775825908204,600048
2017-07-24,10.91,10.99,10.68,10.74,86502140.0,936994669.0,11736340939.0,0.0073704522090485,600048
2017-07-25,10.68,10.72,10.47,10.55,72139559.0,763331482.0,11736340939.0,0.0061466822900721,600048
2017-07-26,10.58,10.64,10.3,10.37,89319749.0,932946011.0,11736340939.0,0.007610527801147,600048
2017-07-27,10.36,10.54,10.29,10.48,74856332.0,779481807.0,11736340939.0,0.0063781661072278,600048
2017-07-28,10.45,10.69,10.42,10.62,62172124.0,659009329.0,11736340939.0,0.0052974026848011,600048
2017-07-31,10.62,10.69,10.39,10.51,64461088.0,674672544.0,11736340939.0,0.0054924348512912,600048
2017-08-01,10.52,10.65,10.48,10.58,47503970.0,501379765.0,11736340939.0,0.0040475962863471,600048
2017-08-02,10.57,10.64,10.18,10.2,87277632.0,906657206.0,11736340939.0,0.0074365283399339,600048
2017-08-03,10.2,10.27,10.03,10.13,68668227.0,695374655.0,11736340939.0,0.0058509059473395,600048
2017-08-04,10.12,10.24,10.05,10.09,69698407.0,705539760.0,11736340939.0,0.0059386828792942,600048
2017-08-07,10.1,10.13,9.98,10.08,49910515.0,501901199.0,11736340939.0,0.0042526469927391,600048
2017-08-08,10.09,10.14,9.98,10.07,59687624.0,600072149.0,11736340939.0,0.0050857097889562,600048
2017-08-09,10.09,10.22,10.06,10.19,58276607.0,590300919.0,11736340939.0,0.0049654834758886,600048
2017-08-10,10.17,10.21,10.0,10.19,50988693.0,515135812.0,11736340939.0,0.0043445136150198,600048
2017-08-11,10.1,10.17,9.8,9.84,68484219.0,682779605.0,11736340939.0,0.005835227466205,600048
2017-08-14,9.86,9.93,9.8,9.89,58403769.0,575078115.0,11736340939.0,0.0049763183690347,600048
2017-08-15,9.88,9.98,9.83,9.89,35924227.0,356227825.0,11736340939.0,0.0030609392813924,600048
2017-08-16,9.9,9.94,9.81,9.89,27577891.0,271870741.0,11736340939.0,0.0023497861167579,600048
2017-08-17,9.88,10.0,9.85,9.98,36938120.0,367291084.0,11736340939.0,0.0031473284724759,600048
2017-08-18,9.94,10.14,9.91,10.11,54611865.0,549149187.0,11736340939.0,0.0046532275505497,600048
2017-08-21,10.06,10.17,10.05,10.12,36074355.0,365167878.0,11736340939.0,0.0030737310024902,600048
2017-08-22,10.34,10.53,10.21,10.26,90642506.0,939639146.0,11736340939.0,0.0077232338827848,600048
2017-08-23,10.23,10.33,10.15,10.18,43931087.0,449209574.0,11736340939.0,0.0037431672467878,600048
2017-08-24,10.17,10.2,10.05,10.11,31590612.0,319679716.0,11736340939.0,0.0026916917431244,600048
2017-08-25,10.08,10.28,10.08,10.26,42456722.0,433882788.0,11736340939.0,0.0036175433400128,600048
2017-08-28,10.29,10.48,10.22,10.38,74355507.0,772291986.0,11736340939.0,0.0063354930967381,600048
2017-08-29,10.39,10.43,10.26,10.28,32191959.0,332112668.0,11736340939.0,0.0027429297740512,600048
2017-08-30,10.35,10.48,10.33,10.41,62752049.0,654284193.0,11736340939.0,0.0053468154449632,600048
2017-08-31,10.38,10.46,10.27,10.31,37115066.0,383820489.0,11736340939.0,0.0031624052328495,600048
2017-09-01,10.3,10.34,10.1,10.21,67882961.0,694051597.0,11736340939.0,0.0057839970185617,600048
2017-09-04,10.19,10.32,10.15,10.28,35227340.0,361873253.0,11736340939.0,0.0030015607234908,600048
2017-09-05,10.24,10.55,10.24,10.52,79020761.0,825933578.0,11736340939.0,0.0067329980792746,600048
2017-09-06,10.46,10.56,10.4,10.49,46181814.0,483406525.0,11736340939.0,0.0039349414131739,600048
2017-09-07,10.56,11.12,10.55,10.9,188973276.0,2061528492.0,11736340939.0,0.0161015496211463,600048
2017-09-08,10.9,11.21,10.74,11.06,119873432.0,1320229514.0,11736340939.0,0.0102138675608561,600048
2017-09-11,11.15,11.23,10.78,10.9,102665707.0,1124812047.0,11736340939.0,0.0087476759182106,600048
2017-09-12,10.88,10.96,10.63,10.71,79499289.0,855188815.0,11736340939.0,0.0067737712642466,600048
2017-09-13,10.71,10.87,10.67,10.73,69198444.0,745895748.0,11736340939.0,0.005896083315887,600048
2017-09-14,10.73,11.33,10.72,11.32,199089271.0,2208562192.0,11736340939.0,0.0169634873453977,600048
2017-09-15,11.3,12.0,11.25,11.65,233659499.0,2726381473.0,11736340939.0,0.0199090585570453,600048
2017-09-18,11.71,12.05,11.38,11.45,182134315.0,2130677502.0,11736340939.0,0.0155188329945976,600048
2017-09-19,11.51,12.01,11.46,11.59,182444480.0,2149170482.0,11736340939.0,0.015545260737419,600048
2017-09-20,11.58,11.63,11.26,11.29,123308991.0,1411170071.0,11736340939.0,0.0105065958496691,600048
2017-09-21,11.33,11.49,11.25,11.33,90467842.0,1027555094.0,11736340939.0,0.0077083515612071,600048
2017-09-22,11.32,11.53,11.21,11.31,66040624.0,750864264.0,11736340939.0,0.0056270198985568,600048
2017-09-25,11.01,11.03,10.53,10.57,158683185.0,1710973098.0,11736340939.0,0.0135206693316733,600048
2017-09-26,10.59,10.79,10.54,10.65,53843945.0,573766706.0,11736340939.0,0.0045877965951956,600048
2017-09-27,10.71,10.78,10.58,10.77,47741802.0,510624141.0,11736340939.0,0.0040678608646544,600048
2017-09-28,10.77,10.79,10.41,10.44,83540018.0,879283138.0,11736340939.0,0.0071180633243531,600048
2017-09-29,10.48,10.53,10.33,10.4,50157216.0,523320710.0,11736340939.0,0.004273667258023,600048
2017-10-09,10.7,10.82,10.52,10.54,110998938.0,1186479962.0,11736340939.0,0.0094577124656586,600048
2017-10-10,10.59,10.63,10.4,10.46,77929968.0,815128578.0,11736340939.0,0.0066400565904691,600048
2017-10-11,10.49,10.59,10.37,10.44,74703272.0,780678172.0,11736340939.0,0.0063651245638033,600048
2017-10-12,10.45,10.45,10.23,10.32,78408213.0,808528147.0,11736340939.0,0.0066808056623038,600048
2017-10-13,10.32,10.38,10.24,10.27,65698222.0,676428464.0,11736340939.0,0.0055978453882235,600048
2017-10-16,10.31,10.34,10.17,10.18,57536434.0,589156454.0,11736340939.0,0.0049024167156567,600048
2017-10-17,10.17,10.25,10.14,10.22,40065559.0,408734871.0,11736340939.0,0.0034138032635761,600048
2017-10-18,10.22,10.27,10.18,10.25,41237205.0,421645127.0,11736340939.0,0.0035136338671764,600048
2017-10-19,10.26,10.36,10.2,10.26,57295003.0,590027147.0,11736340939.0,0.0048818454829995,600048
2017-10-20,10.27,10.37,10.22,10.37,41327832.0,426616204.0,11736340939.0,0.0035213557798638,600048
2017-10-23,10.37,10.54,10.31,10.49,67798278.0,706902274.0,11736340939.0,0.0057767815669622,600048
2017-10-24,10.65,10.89,10.53,10.8,127323683.0,1370138069.0,11736340939.0,0.0108486694159422,600048
2017-10-25,10.83,11.15,10.8,10.86,97638654.0,1072989578.0,11736340939.0,0.0083193436955759,600048
2017-10-26,10.81,10.95,10.56,10.64,117330732.0,1260055173.0,11736340939.0,0.0099972157088678,600048
2017-10-27,10.7,10.92,10.51,10.64,129417031.0,1381406349.0,11736340939.0,0.011027034036643,600048
2017-10-30,10.62,10.78,10.53,10.77,126882250.0,1351294561.0,11736340939.0,0.0108110569264709,600048
2017-10-31,10.79,10.92,10.67,10.89,97024465.0,1047169716.0,11736340939.0,0.0082670114564912,600048
2017-11-01,10.91,11.21,10.71,10.77,173845087.0,1905835570.0,11736340939.0,0.0148125457417746,600048
2017-11-02,10.7,10.89,10.65,10.83,83585668.0,900968032.0,11736340939.0,0.0071219529523246,600048
2017-11-03,10.8,10.83,10.43,10.66,99839221.0,1060995076.0,11736340939.0,0.0085068439574921,600048
2017-11-06,10.58,10.64,10.28,10.38,82297945.0,856949865.0,11736340939.0,0.0070122319577921,600048
2017-11-07,10.41,10.53,10.33,10.44,83264274.0,866677342.0,11736340939.0,0.0070945684377071,600048
2017-11-08,10.38,10.6,10.38,10.48,71641514.0,751950574.0,11736340939.0,0.0061042461506835,600048
2017-11-09,10.48,10.66,10.45,10.63,50874064.0,536823548.0,11736340939.0,0.0043347466015532,600048
2017-11-10,10.67,10.7,10.38,10.44,83633608.0,881818583.0,11736340939.0,0.0071260377007355,600048
2017-11-13,10.43,10.53,10.28,10.32,84422657.0,877197986.0,11736340939.0,0.0071932689616627,600048
2017-11-14,10.3,10.52,10.19,10.46,84182089.0,873880549.0,11736340939.0,0.0071727712612933,600048
2017-11-15,10.39,10.73,10.35,10.71,100870373.0,1070284938.0,11736340939.0,0.0085947037091268,600048
2017-11-16,10.72,11.44,10.69,11.43,255354786.0,2843133228.0,11736340939.0,0.0217576148586015,600048
2017-11-17,11.43,11.75,11.33,11.73,258259895.0,2990202732.0,11736340939.0,0.0220051459260014,600048
2017-11-20,11.63,11.75,11.35,11.74,126232853.0,1459636744.0,11736340939.0,0.0107557247745357,600048
2017-11-21,11.69,12.41,11.67,12.02,243130942.0,2934933081.0,11736340939.0,0.0207160769496796,600048
2017-11-22,12.2,12.38,11.95,12.05,214544531.0,2615151080.0,11736340939.0,0.0182803594506245,600048
2017-11-23,12.04,12.37,11.65,11.86,155091831.0,1867169543.0,11736340939.0,0.0132146664625793,600048
2017-11-24,11.8,12.09,11.7,11.94,100370315.0,1196358685.0,11736340939.0,0.0085520960512035,600048
2017-11-27,11.94,12.33,11.66,11.96,130655569.0,1559436648.0,11736340939.0,0.0111325642020018,600048
2017-11-28,11.95,11.95,11.42,11.68,92654119.0,1078737879.0,11736340939.0,0.0078946342374998,600048
2017-11-29,11.8,12.85,11.68,12.85,247745291.0,3055593929.0,11736340939.0,0.0211092445496994,600048
2017-11-30,13.0,13.09,12.27,12.6,235714059.0,3000986237.0,11736340939.0,0.0200841182294491,600048
2017-12-01,12.6,13.25,12.5,12.75,200143236.0,2570247272.0,11736340939.0,0.0170532908885529,600048
2017-12-04,12.7,12.85,12.33,12.82,123880745.0,1560873024.0,11736340939.0,0.0105553123962463,600048
2017-12-05,12.7,13.17,12.54,12.8,228522650.0,2960015283.0,11736340939.0,0.019471371118797,600048
2017-12-06,12.68,13.05,12.51,12.7,123000395.0,1565042366.0,11736340939.0,0.0104803017941706,600048
2017-12-07,12.73,13.35,12.72,12.84,156682944.0,2033108299.0,11736340939.0,0.0133502379331313,600048
2017-12-08,12.7,12.75,12.29,12.74,144830397.0,1814506128.0,11736340939.0,0.0123403365455008,600048
2017-12-11,12.65,12.92,12.44,12.91,106158237.0,1342485909.0,11736340939.0,0.0090452584456911,600048
2017-12-12,12.83,13.04,12.53,12.56,95430182.0,1222488212.0,11736340939.0,0.0081311698847197,600048
2017-12-13,12.59,12.64,12.35,12.59,77135045.0,964630187.0,11736340939.0,0.0065723248328343,600048
2017-12-14,12.56,12.98,12.46,12.67,101192021.0,1287149746.0,11736340939.0,0.008622109865924,600048
2017-12-15,12.51,12.65,12.06,12.15,116453125.0,1433303595.0,11736340939.0,0.0099224388252922,600048
2017-12-18,12.16,12.36,11.88,12.13,84246789.0,1016803296.0,11736340939.0,0.0071782840527448,600048
2017-12-19,12.18,12.4,12.06,12.38,69737327.0,854921748.0,11736340939.0,0.0059419990747083,600048
2017-12-20,12.24,12.31,11.89,12.09,106499142.0,1287971652.0,11736340939.0,0.0090743054034926,600048
2017-12-21,12.13,13.24,12.12,13.03,196797513.0,2501603297.0,11736340939.0,0.0167682171149305,600048
2017-12-22,13.0,13.16,12.94,13.08,99055895.0,1290868163.0,11736340939.0,0.0084401003272524,600048
2017-12-25,13.33,13.94,13.33,13.55,186833932.0,2549486943.0,11736340939.0,0.0159192658913945,600048
2017-12-26,13.63,13.87,13.45,13.85,115205732.0,1576582499.0,11736340939.0,0.0098161541658328,600048
2017-12-27,13.7,13.95,13.46,13.65,107345356.0,1471431202.0,11736340939.0,0.009146407432941,600048
2017-12-28,13.6,13.83,13.32,13.71,92536121.0,1256870198.0,11736340939.0,0.0078845801669327,600048
2017-12-29,13.67,14.32,13.61,14.15,126685808.0,1780418538.0,11736340939.0,0.0107943190009947,600048
2018-01-02,14.3,15.08,14.3,14.62,183889092.0,2717476302.0,11736340939.0,0.0156683495269751,600048
2018-01-03,14.72,15.15,14.34,14.44,190744086.0,2811032294.0,11736340939.0,0.0162524322522154,600048
2018-01-04,14.57,14.84,14.39,14.51,146757420.0,2143773354.0,11736340939.0,0.0125045293727215,600048
2018-01-05,14.55,15.95,14.45,15.29,261799617.0,3990231022.0,11736340939.0,0.0223067494682296,600048
2018-01-08,15.72,16.3,15.46,15.62,278218613.0,4403516937.0,11736340939.0,0.0237057371156862,600048
2018-01-09,15.45,15.96,15.44,15.7,146255668.0,2293763685.0,11736340939.0,0.0124617773767964,600048
2018-01-10,15.7,16.26,15.6,15.86,143295209.0,2284422127.0,11736340939.0,0.0122095301887344,600048
2018-01-11,15.74,15.95,15.34,15.78,118174577.0,1846425624.0,11736340939.0,0.0100691158866478,600048
2018-01-12,15.68,16.34,15.57,15.7,139410530.0,2227229845.0,11736340939.0,0.0118785344362941,600048
2018-01-15,16.18,16.87,16.0,16.6,257430550.0,4226685217.0,11736340939.0,0.0219344812269857,600048
2018-01-16,16.45,17.99,16.34,17.68,322471991.0,5503315516.0,11736340939.0,0.027476365306364,600048
2018-01-17,17.4,18.21,17.04,17.93,275189261.0,4846253495.0,11736340939.0,0.0234476198697962,600048
2018-01-18,17.9,18.09,17.32,17.57,188233864.0,3330767708.0,11736340939.0,0.0160385477022482,600048
2018-01-19,17.7,18.0,17.1,17.29,195930693.0,3442182832.0,11736340939.0,0.01669435934235,600048
2018-01-22,17.27,17.72,17.16,17.53,146284361.0,2552999049.0,11736340939.0,0.0124642221762572,600048
2018-01-23,17.65,18.35,17.65,17.75,258624832.0,4642713516.0,11736340939.0,0.0220362405407452,600048
2018-01-24,17.78,18.4,17.7,17.84,192938121.0,3463923473.0,11736340939.0,0.0164393759522496,600048
2018-01-25,17.77,17.81,16.7,17.1,245924200.0,4216194328.0,11736340939.0,0.0209540777043031,600048
2018-01-26,17.1,17.56,16.91,17.19,162439087.0,2802849393.0,11736340939.0,0.0138406925841948,600048
2018-01-29,17.33,17.48,16.68,16.98,171133085.0,2920008653.0,11736340939.0,0.0145814684397351,600048
2018-01-30,16.96,17.13,16.36,16.52,162162669.0,2701415204.0,11736340939.0,0.0138171402690877,600048
2018-01-31,16.61,17.29,16.49,17.23,199998705.0,3389120805.0,11736340939.0,0.0170409760622582,600048
2018-02-01,17.35,17.85,17.18,17.58,224772635.0,3937634439.0,11736340939.0,0.0191518494706538,600048
2018-02-02,17.3,18.48,17.0,18.42,212407255.0,3791198121.0,11736340939.0,0.018098251925706,600048
2018-02-05,18.2,18.74,17.95,18.69,189981999.0,3481582504.0,11736340939.0,0.0161874983001463,600048
2018-02-06,18.2,18.27,17.4,18.03,230049737.0,4111399647.0,11736340939.0,0.0196014872263587,600048
2018-02-07,18.35,18.46,16.23,16.34,310223696.0,5241530443.0,11736340939.0,0.0264327440394239,600048
2018-02-08,16.03,16.32,15.2,15.67,234483074.0,3688868444.0,11736340939.0,0.0199792316207183,600048
2018-02-09,15.06,15.37,14.1,14.19,326039097.0,4715270356.0,11736340939.0,0.0277803021141425,600048
2018-02-12,14.2,14.56,13.89,14.5,199513961.0,2844179084.0,11736340939.0,0.0169996732403208,600048
2018-02-13,14.76,15.65,14.66,15.11,187797865.0,2833560962.0,11736340939.0,0.0160013982190944,600048
2018-02-14,15.1,15.35,14.74,15.2,80986138.0,1219895144.0,11736340939.0,0.0069004588756349,600048
2018-02-22,15.5,15.79,15.27,15.43,104835838.0,1626813488.0,11736340939.0,0.0089325828675979,600048
2018-02-23,15.48,15.91,15.32,15.64,106256746.0,1663751606.0,11736340939.0,0.0090536519475936,600048
2018-02-26,15.67,15.79,14.4,15.09,202375514.0,3019017776.0,11736340939.0,0.0172434930999238,600048
2018-02-27,14.98,15.0,14.32,14.51,186818358.0,2718958825.0,11736340939.0,0.0159179389019963,600048
2018-02-28,14.26,14.85,14.05,14.63,144939571.0,2101602117.0,11736340939.0,0.0123496387633358,600048
2018-03-01,14.42,15.06,14.38,14.7,135507585.0,2007251143.0,11736340939.0,0.0115459823214326,600048
2018-03-02,14.48,14.99,14.3,14.8,116683131.0,1715326751.0,11736340939.0,0.0099420365858885,600048
2018-03-05,14.92,15.38,14.77,14.86,121588902.0,1829904856.0,11736340939.0,0.0103600349233174,600048
2018-03-06,15.0,15.59,14.6,15.55,174218323.0,2636842099.0,11736340939.0,0.0148443474763987,600048
2018-03-07,15.47,15.86,15.26,15.41,113134790.0,1759589674.0,11736340939.0,0.0096396986580418,600048
2018-03-08,15.42,15.65,15.27,15.54,75850193.0,1172861195.0,11736340939.0,0.0064628484630971,600048
2018-03-09,15.61,15.7,14.99,15.25,110353089.0,1684591690.0,11736340939.0,0.0094026826225962,600048
2018-03-12,15.1,15.1,14.37,14.57,200962744.0,2937778534.0,11736340939.0,0.0171231174217339,600048
2018-03-13,14.48,14.72,14.43,14.53,97397890.0,1416974719.0,11736340939.0,0.0082988292949419,600048
2018-03-14,14.43,14.7,14.3,14.57,84977876.0,1235367288.0,11736340939.0,0.0072405766364214,600048
2018-03-15,14.57,14.68,14.41,14.59,76064766.0,1107323461.0,11736340939.0,0.0064811312482611,600048
2018-03-16,14.53,14.86,14.51,14.61,95596264.0,1406306273.0,11736340939.0,0.0081453209732798,600048
2018-03-19,14.56,14.56,14.0,14.07,119186905.0,1685857255.0,11736340939.0,0.0101553717312301,600048
2018-03-20,13.86,14.03,13.71,13.93,90616692.0,1255738840.0,11736340939.0,0.0077210343897627,600048
2018-03-21,13.99,14.34,13.88,14.01,99500363.0,1408493904.0,11736340939.0,0.0084779714152099,600048
2018-03-22,13.95,14.06,13.53,13.62,109728371.0,1505140366.0,11736340939.0,0.0093494532555177,600048
2018-03-23,13.1,13.33,12.72,13.31,210975953.0,2750426304.0,11736340939.0,0.01797629722045,600048
2018-03-26,13.15,13.29,12.8,13.04,107120870.0,1392342326.0,11736340939.0,0.0091272800063294,600048
2018-03-27,13.35,13.46,12.94,13.1,110188437.0,1450370269.0,11736340939.0,0.0093886533778038,600048
2018-03-28,12.92,13.45,12.86,13.08,109135043.0,1433178772.0,11736340939.0,0.0092988984869503,600048
2018-03-29,13.15,14.08,12.48,13.76,280695694.0,3753174268.0,11736340939.0,0.0239167978724309,600048
2018-03-30,13.6,13.76,13.43,13.47,117881935.0,1598923641.0,11736340939.0,0.0100441811986116,600048
2018-04-02,13.56,14.05,13.46,13.64,150956503.0,2081074841.0,11736340939.0,0.0128623140538095,600048
2018-04-03,13.36,13.68,13.21,13.53,83338649.0,1120162587.0,11736340939.0,0.0071009055917134,600048
2018-04-04,13.4,13.94,13.35,13.69,96282366.0,1323214007.0,11736340939.0,0.0082037805905972,600048
2018-04-09,13.66,13.79,13.34,13.46,67381793.0,910837663.0,11736340939.0,0.0057412947826089,600048
2018-04-10,13.5,14.31,13.46,14.29,149804664.0,2094607318.0,11736340939.0,0.0127641711142011,600048
2018-04-11,14.31,14.76,14.1,14.54,152303421.0,2202690794.0,11736340939.0,0.0129770787838902,600048
2018-04-12,14.4,14.66,14.23,14.39,79022325.0,1139604275.0,11736340939.0,0.0067331313405703,600048
2018-04-13,14.49,14.62,13.91,14.02,73899731.0,1051457417.0,11736340939.0,0.0062966585057554,600048
2018-04-16,13.93,13.94,13.04,13.24,164611101.0,2190622890.0,11736340939.0,0.0140257599754106,600048
2018-04-17,13.26,13.41,13.06,13.15,90137001.0,1192294232.0,11736340939.0,0.0076801621108733,600048
2018-04-18,13.52,13.76,13.31,13.46,146281997.0,1976742558.0,11736340939.0,0.0124640207506159,600048
2018-04-19,13.46,13.68,13.31,13.44,79533109.0,1074390860.0,11736340939.0,0.0067766529119574,600048
2018-04-20,13.46,13.58,13.08,13.4,77827910.0,1039547069.0,11736340939.0,0.0066313606944884,600048
2018-04-23,13.25,13.63,13.15,13.54,65006623.0,872327762.0,11736340939.0,0.0055389173966463,600048
2018-04-24,13.77,14.43,13.76,14.09,149631754.0,2124568051.0,11736340939.0,0.0127494382429511,600048
2018-04-25,13.93,14.09,13.73,13.85,72227553.0,1000256389.0,11736340939.0,0.006154179856857,600048
2018-04-26,14.01,14.08,13.36,13.59,78722246.0,1072104518.0,11736340939.0,0.0067075629797363,600048
2018-04-27,13.36,13.4,12.52,13.13,176921615.0,2280147351.0,11736340939.0,0.0150746826391254,600048
2018-05-02,12.99,13.26,12.87,13.17,64610706.0,847974767.0,11736340939.0,0.0055051831176187,600048
2018-05-03,13.15,13.15,12.8,13.04,84743476.0,1099281807.0,11736340939.0,0.0072206044831567,600048
2018-05-04,13.04,13.31,12.99,13.03,71978718.0,947919449.0,11736340939.0,0.0061329777631811,600048
2018-05-07,13.13,13.66,13.0,13.51,97935417.0,1309955590.0,11736340939.0,0.0083446295151974,600048
2018-05-08,13.54,14.17,13.46,13.81,114581262.0,1586921467.0,11736340939.0,0.0097629459297015,600048
2018-05-09,13.88,14.07,13.75,13.89,64848659.0,902076606.0,11736340939.0,0.0055254580057833,600048
2018-05-10,13.99,14.14,13.68,13.9,52639898.0,729431992.0,11736340939.0,0.0044852052503925,600048
2018-05-11,13.98,14.0,13.61,13.7,47402581.0,651953982.0,11736340939.0,0.0040389573928003,600048
2018-05-14,13.83,14.0,13.51,13.72,48878101.0,673618154.0,11736340939.0,0.0041646797118493,600048
2018-05-15,13.77,13.97,13.61,13.96,47295610.0,653021142.0,11736340939.0,0.0040298428825321,600048
2018-05-16,13.85,13.93,13.6,13.65,48917193.0,673551243.0,11736340939.0,0.0041680105625977,600048
2018-05-17,13.65,13.92,13.58,13.6,41785785.0,573129990.0,11736340939.0,0.003560375863072,600048
2018-05-18,13.63,13.89,13.52,13.88,43313232.0,596533779.0,11736340939.0,0.0036905226445893,600048
2018-05-21,13.92,13.98,13.69,13.75,65908477.0,910947949.0,11736340939.0,0.0056157602563321,600048
2018-05-22,13.76,13.76,13.05,13.2,142012624.0,1881719913.0,11736340939.0,0.0121002469797115,600048
2018-05-23,13.12,13.15,12.85,12.86,94560102.0,1227988757.0,11736340939.0,0.0080570343424308,600048
2018-05-24,12.88,12.95,12.59,12.7,63403402.0,808936455.0,11736340939.0,0.0054023142587234,600048
2018-05-25,12.71,12.84,12.53,12.74,56558838.0,716620422.0,11736340939.0,0.0048191202261391,600048
2018-05-28,12.7,12.77,12.53,12.6,52713893.0,665863460.0,11736340939.0,0.0044915100263346,600048
2018-05-29,12.54,12.56,11.92,12.43,147944713.0,1808703076.0,11736340939.0,0.0126056931857166,600048
2018-05-30,12.22,12.32,12.02,12.04,61180238.0,744381779.0,11736340939.0,0.00521288860966,600048
2018-05-31,12.16,12.44,12.02,12.34,71840385.0,878805009.0,11736340939.0,0.006121191040154,600048
2018-06-01,12.32,12.85,12.28,12.59,117078556.0,1482440277.0,11736340939.0,0.0099757289438436,600048
2018-06-04,12.7,13.38,12.7,13.28,150032981.0,1962471601.0,11736340939.0,0.0127836249628228,600048
2018-06-05,13.25,13.54,13.13,13.39,103682027.0,1383422380.0,11736340939.0,0.0088342719028776,600048
2018-06-06,13.39,13.57,13.2,13.28,59920645.0,799934957.0,11736340939.0,0.0051055644439301,600048
2018-06-07,13.3,13.88,13.21,13.8,106883159.0,1462024605.0,11736340939.0,0.0091070257378793,600048
2018-06-08,13.38,13.4,12.9,13.06,74523273.0,976349191.0,11736340939.0,0.0063497876712458,600048
2018-06-11,12.97,13.7,12.89,13.61,89905696.0,1212928952.0,11736340939.0,0.0076604536684208,600048
2018-06-12,13.61,13.87,13.44,13.63,72590371.0,992923188.0,11736340939.0,0.0061850939212903,600048
2018-06-13,13.54,14.0,13.54,13.69,76868480.0,1063833951.0,11736340939.0,0.0065496120468488,600048
2018-06-14,13.63,13.86,13.32,13.65,60357763.0,819233648.0,11736340939.0,0.0051428092719623,600048
2018-06-15,13.68,14.29,13.68,13.99,97063079.0,1366247010.0,11736340939.0,0.0082703015790431,600048
2018-06-19,13.75,14.08,13.35,13.49,137700511.0,1897910257.0,11736340939.0,0.0117328315286427,600048
2018-06-20,13.46,14.16,13.36,14.15,96637594.0,1337872880.0,11736340939.0,0.0082340479458015,600048
2018-06-21,14.08,14.68,13.94,14.18,109089583.0,1565547547.0,11736340939.0,0.0092950250480108,600048
2018-06-22,14.21,14.39,13.74,14.07,74643731.0,1046545540.0,11736340939.0,0.0063600513471756,600048
2018-06-25,14.2,14.27,13.02,13.08,125471465.0,1701430217.0,11736340939.0,0.0106908503810635,600048
2018-06-26,12.6,12.81,12.2,12.48,146817783.0,1835653974.0,11736340939.0,0.0125096726282143,600048
2018-06-27,12.48,12.51,11.64,11.92,155374784.0,1861735435.0,11736340939.0,0.0132387755951846,600048
2018-06-28,11.7,12.14,11.65,11.73,89803059.0,1066485486.0,11736340939.0,0.0076517084384949,600048
2018-06-29,11.81,12.22,11.76,12.2,81570327.0,981203800.0,11736340939.0,0.0069502349517591,600048
2018-07-02,12.1,12.12,10.98,11.01,188721764.0,2160586361.0,11736340939.0,0.016080119432529,600048
2018-07-03,11.07,11.25,10.78,11.15,119297665.0,1316603246.0,11736340939.0,0.0101648090848803,600048
2018-07-04,11.07,11.33,10.74,10.83,88907476.0,979460924.0,11736340939.0,0.0075753999020733,600048
2018-07-05,10.84,11.03,10.63,10.71,91044200.0,981985624.0,11736340939.0,0.0077574603935932,600048
2018-07-06,10.76,10.8,10.23,10.58,118812267.0,1248048327.0,11736340939.0,0.0101234505385903,600048
2018-07-09,10.65,11.18,10.59,11.15,105498149.0,1156354032.0,11736340939.0,0.0089890153624822,600048
2018-07-10,11.31,11.44,11.06,11.29,114653519.0,1288138441.0,11736340939.0,0.0097691026186027,600048
2018-07-11,11.0,11.08,10.69,11.01,78956716.0,861302252.0,11736340939.0,0.0067275410973812,600048
2018-07-12,11.05,11.36,11.04,11.21,89668140.0,1007286655.0,11736340939.0,0.0076402126068127,600048
2018-07-13,11.55,11.63,11.13,11.17,97353232.0,1101754713.0,11736340939.0,0.0082950241907589,600048
2018-07-16,11.21,11.25,10.7,10.9,92074211.0,1000940182.0,11736340939.0,0.00784522292583,600048
2018-07-17,10.82,11.05,10.65,10.93,70828518.0,768785210.0,11736340939.0,0.0060349744752758,600048
2018-07-18,10.95,10.99,10.55,10.57,89160089.0,956375642.0,11736340939.0,0.0075969239018713,600048
2018-07-19,10.69,10.87,10.61,10.66,76787384.0,822510744.0,11736340939.0,0.006542702227134,600048
2018-07-20,10.68,11.18,10.3,10.98,153935561.0,1662629777.0,11736340939.0,0.0131161459777016,600048
2018-07-23,10.84,11.69,10.76,11.59,184325757.0,2087555713.0,11736340939.0,0.0157055557569466,600048
2018-07-24,11.73,12.38,11.7,11.97,194992123.0,2361031834.0,11736340939.0,0.0166143880800223,600048
2018-07-25,12.09,12.2,11.82,12.04,66726017.0,802568518.0,11736340939.0,0.0056854191052228,600048
2018-07-26,12.15,12.35,11.78,11.83,83556785.0,1001729896.0,11736340939.0,0.0071194919638317,600048
2018-07-27,11.74,12.05,11.49,11.82,64090514.0,753940976.0,11736340939.0,0.0054608599335271,600048
2018-07-30,11.78,12.12,11.65,11.96,61326014.0,728883561.0,11736340939.0,0.0052253095167176,600048
2018-07-31,12.04,12.19,11.92,12.13,77926533.0,941333394.0,11736340939.0,0.0066397639098101,600048
2018-08-01,11.83,11.83,11.32,11.33,143323013.0,1654786358.0,11736340939.0,0.0122118992405661,600048
2018-08-02,11.2,11.22,10.7,10.86,98057153.0,1073880066.0,11736340939.0,0.0083550020836694,600048
2018-08-03,10.88,11.02,10.62,10.68,64928905.0,699349576.0,11736340939.0,0.0055322954008809,600048
2018-08-06,10.74,10.77,10.4,10.51,73488294.0,776051683.0,11736340939.0,0.0062616018384228,600048
2018-08-07,10.59,11.09,10.54,11.01,88251583.0,957382918.0,11736340939.0,0.0075195142556517,600048
2018-08-08,11.0,11.27,10.69,10.71,76080473.0,836268237.0,11736340939.0,0.0064824695699818,600048
2018-08-09,10.73,11.55,10.64,11.53,113462442.0,1273067906.0,11736340939.0,0.0096676163882529,600048
2018-08-10,11.7,12.09,11.57,11.7,121651748.0,1442252221.0,11736340939.0,0.0103653897438979,600048
2018-08-13,11.4,11.54,11.22,11.47,78262616.0,889271997.0,11736340939.0,0.0066684000070185,600048
2018-08-14,11.45,11.45,10.91,11.06,103088541.0,1143994449.0,11736340939.0,0.0087837036718518,600048
2018-08-15,11.08,11.18,10.86,10.88,70132740.0,770830152.0,11736340939.0,0.0059756904101982,600048
2018-08-16,10.61,11.11,10.56,11.01,89669540.0,976198431.0,11736340939.0,0.0076403318944175,600048
2018-08-17,11.12,11.32,10.9,10.95,84251964.0,935817523.0,11736340939.0,0.0071787249908555,600048
2018-08-20,11.05,11.25,10.93,11.25,80462913.0,895957364.0,11736340939.0,0.0068558772634681,600048
2018-08-21,11.25,11.54,11.13,11.44,86952808.0,986317328.0,11736340939.0,0.0074088515706845,600048
2018-08-22,11.38,11.47,11.22,11.34,44635428.0,506439960.0,11736340939.0,0.0038031809259797,600048
2018-08-23,11.36,11.57,11.08,11.3,57738650.0,654885374.0,11736340939.0,0.0049196466172973,600048
2018-08-24,11.26,11.45,11.09,11.32,35635826.0,401719950.0,11736340939.0,0.0030363659495935,600048
2018-08-27,11.47,12.05,11.41,12.0,104516695.0,1229332508.0,11736340939.0,0.0089053901504079,600048
2018-08-28,11.9,12.22,11.87,11.98,63108548.0,760423534.0,11736340939.0,0.0053771910962717,600048
2018-08-29,11.93,12.35,11.93,12.11,59851125.0,728230609.0,11736340939.0,0.0050996409622963,600048
2018-08-30,12.04,12.21,11.84,11.87,46171860.0,555576369.0,11736340939.0,0.0039340932783036,600048
2018-08-31,11.8,12.44,11.69,12.28,94389792.0,1148505266.0,11736340939.0,0.0080425230053041,600048
2018-09-03,12.18,12.44,11.94,12.17,69274099.0,841536927.0,11736340939.0,0.0059025295328462,600048
2018-09-04,12.14,12.4,11.89,12.36,57667506.0,703480528.0,11736340939.0,0.0049135847620419,600048
2018-09-05,12.17,12.28,11.8,11.84,67381916.0,807696185.0,11736340939.0,0.005741305262877,600048
2018-09-06,11.79,11.89,11.34,11.43,96659868.0,1116473943.0,11736340939.0,0.0082359458115943,600048
2018-09-07,11.44,11.78,11.34,11.52,72656451.0,838514072.0,11736340939.0,0.006190724296238,600048
2018-09-10,11.55,12.04,11.55,11.8,112794203.0,1333934193.0,11736340939.0,0.0096106787955676,600048
2018-09-11,11.8,11.88,11.42,11.65,62121407.0,722061414.0,11736340939.0,0.0052930813209055,600048
2018-09-12,11.75,11.81,11.46,11.67,43206324.0,502016990.0,11736340939.0,0.0036814135022632,600048
2018-09-13,11.89,11.95,11.56,11.86,57226968.0,672928180.0,11736340939.0,0.0048760485314323,600048
2018-09-14,11.86,12.05,11.66,12.02,55276065.0,658336468.0,11736340939.0,0.0047098209984951,600048
2018-09-17,11.9,12.01,11.64,11.97,59319806.0,703606051.0,11770164302.999998,0.0050398451944192,600048
2018-09-18,11.88,12.19,11.78,12.14,59822737.0,718929660.0,11770164302.999998,0.0050825745044826,600048
2018-09-19,12.09,12.99,12.06,12.71,139028721.0,1762351499.0,11770164302.999998,0.0118119609396246,600048
2018-09-20,12.66,12.77,12.45,12.56,78334399.0,984485180.0,11770164302.999998,0.0066553360669769,600048
2018-09-21,12.6,13.33,12.48,13.15,104111586.0,1346273335.0,11770164302.999998,0.0088453808561927,600048
2018-09-25,12.67,12.68,12.23,12.36,132593464.0,1652368398.0,11770164302.999998,0.0112652177647345,600048
2018-09-26,12.42,12.65,12.16,12.4,104809279.0,1304445586.0,11770164302.999998,0.0089046572589718,600048
2018-09-27,12.39,12.39,12.16,12.26,69964673.0,856929007.0,11770164302.999998,0.0059442392815338,600048
2018-09-28,12.29,12.51,12.0,12.17,110168444.0,1352427720.0,11770164302.999998,0.0093599750321174,600048
2018-10-08,11.64,11.8,11.27,11.35,100016017.0,1155440147.0,11770164302.999998,0.0084974189336089,600048
2018-10-09,11.32,11.39,11.05,11.22,60628988.0,679943317.0,11770164302.999998,0.0051510740580356,600048
2018-10-10,11.25,11.44,11.09,11.35,47717405.0,538070177.0,11770164302.999998,0.0040540984621461,600048
2018-10-11,11.08,11.25,10.9,10.98,78560741.0,868696958.0,11770164302.999998,0.0066745662148468,600048
2018-10-12,11.03,11.44,10.99,11.37,67984678.0,762134048.0,11770164302.999998,0.0057760177555611,600048
2018-10-15,11.38,11.38,11.0,11.05,48443271.0,538737546.0,11770164302.999998,0.0041157684593793,600048
2018-10-16,11.09,11.27,10.56,10.7,74729096.0,818094697.0,11770164302.999998,0.0063490274286955,600048
2018-10-17,10.83,10.96,10.72,10.88,46557905.0,503935813.0,11770164302.999998,0.003955586668245,600048
2018-10-18,10.8,10.92,10.56,10.66,47451288.0,508646729.0,11770164302.999998,0.004031489007159,600048
2018-10-19,10.65,11.23,10.57,11.17,83353405.0,917864023.0,11770164302.999998,0.0070817537337821,600048
2018-10-22,11.35,11.81,11.35,11.67,100649734.0,1169609861.0,11770164302.999998,0.0085512598982451,600048
2018-10-23,11.65,11.75,11.26,11.32,58757375.0,674835667.0,11770164302.999998,0.0049920607297745,600048
2018-10-24,11.36,11.79,11.31,11.51,58871892.0,681005889.0,11770164302.999998,0.0050017901606517,600048
2018-10-25,11.3,12.15,11.16,12.15,125185062.0,1486403053.0,11770164302.999998,0.0106357956250527,600048
2018-10-26,12.13,12.8,12.08,12.4,133584360.0,1656407019.0,11770164302.999998,0.0113494048648031,600048
2018-10-29,12.48,12.58,11.75,12.08,97684316.0,1185186459.0,11770164302.999998,0.0082993162614647,600048
2018-10-30,12.3,12.57,11.92,12.31,98396747.0,1207182059.0,11770164302.999998,0.0083598448132895,600048
2018-10-31,12.34,12.8,12.06,12.6,74321330.0,926979678.0,11770164302.999998,0.006314383392342,600048
2018-11-01,12.94,13.25,12.7,12.84,101978863.0,1322388646.0,11770164302.999998,0.0086641834705746,600048
2018-11-02,13.19,13.26,12.4,12.69,135392001.0,1714463809.0,11770164302.999998,0.0115029830947636,600048
2018-11-05,12.45,12.51,12.1,12.28,87101254.0,1066967134.0,11770164302.999998,0.0074001731630712,600048
2018-11-06,12.25,12.51,12.12,12.5,66901931.0,827509202.0,11770164302.999998,0.0056840269411488,600048
2018-11-07,12.48,12.6,12.28,12.39,44243623.0,549844250.0,11770164302.999998,0.0037589639244647,600048
2018-11-08,12.48,12.65,12.31,12.38,41508050.0,518211816.0,11770164302.999998,0.0035265480524702,600048
2018-11-09,12.26,12.5,12.16,12.18,43277241.0,532443190.0,11770164302.999998,0.0036768595480837,600048
2018-11-12,12.16,12.42,12.1,12.35,51283012.0,629213394.0,11770164302.999998,0.0043570345051962,600048
2018-11-13,12.14,12.5,12.12,12.47,36053038.0,444961271.0,11770164302.999998,0.0030630870624984,600048
2018-11-14,12.6,12.91,12.55,12.61,70583300.0,896207537.0,11770164302.999998,0.0059967981909997,600048
2018-11-15,12.6,12.78,12.51,12.77,29894209.0,378873321.0,11770164302.999998,0.0025398293711482,600048
2018-11-16,12.7,13.15,12.59,13.0,60604325.0,781154442.0,11770164302.999998,0.0051489786752214,600048
2018-11-19,13.0,13.58,13.0,13.52,86988585.0,1168329687.0,11770164302.999998,0.007390600739348,600048
2018-11-20,13.39,13.68,13.11,13.29,62512671.0,837325234.0,11770164302.999998,0.0053111128605117,600048
2018-11-21,13.17,13.67,13.12,13.42,53021495.0,715311177.0,11770164302.999998,0.0045047370312822,600048
2018-11-22,13.42,13.46,13.03,13.22,39241189.0,517070014.0,11770164302.999998,0.0033339542244111,600048
2018-11-23,13.18,13.24,12.76,13.0,37793854.0,490109541.0,11770164302.999998,0.0032109878016203,600048
2018-11-26,13.09,13.45,12.81,13.05,48361542.0,635003071.0,11770164302.999998,0.0041088247160384,600048
2018-11-27,13.04,13.09,12.75,12.79,33139363.0,426978573.0,11770164302.999998,0.002815539541071,600048
2018-11-28,12.81,13.36,12.8,13.36,46293298.0,609406426.0,11770164302.999998,0.0039331055037354,600048
2018-11-29,13.45,13.58,12.88,12.91,56648188.0,742349063.0,11770164302.999998,0.0048128629763954,600048
2018-11-30,12.91,13.12,12.74,13.1,34080181.0,441437102.0,11770164302.999998,0.0028954719851543,600048
2018-12-03,13.36,13.45,12.67,13.1,118389313.0,1535267977.0,11770164302.999998,0.0100584248403248,600048
2018-12-04,12.99,12.99,12.46,12.68,110553233.0,1398336511.0,11770164302.999998,0.0093926669291967,600048
2018-12-05,12.51,12.87,12.46,12.73,61213010.0,780005354.0,11770164302.999998,0.005200692906589,600048
2018-12-06,12.53,12.78,12.53,12.68,42810219.0,541810949.0,11770164302.999998,0.0036371810875306,600048
2018-12-07,12.63,12.91,12.61,12.68,43437257.0,555229439.0,11770164302.999998,0.003690454600445,600048
2018-12-10,12.63,12.79,12.33,12.44,45170873.0,566725890.0,11770164302.999998,0.0038377436233822,600048
2018-12-11,12.49,12.84,12.46,12.8,58344355.0,742678726.0,11770164302.999998,0.0049569703105273,600048
2018-12-12,12.98,13.22,12.83,12.89,71541726.0,933727599.0,11770164302.999998,0.0060782266209967,600048
2018-12-13,13.1,13.46,13.05,13.33,79902349.0,1060495227.0,11770164302.999998,0.0067885500102691,600048
2018-12-14,13.3,13.35,12.98,13.0,46271532.0,606280270.0,11770164302.999998,0.003931256251725,600048
2018-12-17,12.95,13.06,12.81,13.0,43234950.0,558666587.0,11770164302.999998,0.0036732664801442,600048
2018-12-18,12.83,12.95,12.49,12.53,60321410.0,762275001.0,11770164302.999998,0.0051249420523913,600048
2018-12-19,12.68,12.83,12.44,12.46,44080037.0,555359245.0,11770164302.999998,0.0037450655628286,600048
2018-12-20,12.53,12.66,12.21,12.37,59302062.0,736034149.0,11770164302.999998,0.0050383376538664,600048
2018-12-21,12.27,12.34,11.53,11.95,97176797.0,1146484537.0,11770164302.999998,0.0082561971522548,600048
2018-12-24,11.75,12.0,11.61,11.97,66742638.0,787494268.0,11772928976.0,0.0056691616959602,600048
2018-12-25,11.75,12.0,11.67,11.93,53547184.0,634855107.0,11772928976.0,0.0045483315247344,600048
2018-12-26,11.87,11.96,11.62,11.81,42974156.0,506431872.0,11772928976.0,0.0036502518691487,600048
2018-12-27,11.97,12.14,11.75,11.75,43913777.0,524866098.0,11772928976.0,0.0037300638685174,600048
2018-12-28,11.82,11.95,11.7,11.79,47249288.0,557747156.0,11772928976.0,0.0040133842730488,600048
2019-01-02,11.74,11.83,11.52,11.71,37972902.0,442113168.0,11772928976.0,0.0032254422053688,600048
2019-01-03,11.67,12.0,11.61,11.9,55001421.0,652972496.0,11772928976.0,0.004671855331169,600048
2019-01-04,11.8,12.28,11.75,12.23,56734219.0,687405135.0,11772928976.0,0.0048190402843385,600048
2019-01-07,12.4,12.47,12.06,12.16,53357622.0,653129471.0,11772928976.0,0.0045322300090974,600048
2019-01-08,12.18,12.19,11.72,11.99,43213590.0,515249474.0,11772928976.0,0.0036705895438674,600048
2019-01-09,12.04,12.34,11.92,12.14,64084406.0,780799352.0,11772928976.0,0.0054433697961349,600048
2019-01-10,12.07,12.1,11.94,12.0,38889983.0,467133199.0,11772928976.0,0.0033033396429452,600048
2019-01-11,12.05,12.12,11.9,11.99,45969451.0,551480527.0,11772928976.0,0.0039046741124245,600048
2019-01-14,11.9,11.94,11.65,11.77,48589412.0,571306662.0,11772928976.0,0.0041272152494127,600048
2019-01-15,11.78,11.78,11.23,11.68,110127236.0,1268997446.0,11772928976.0,0.0093542767670222,600048
2019-01-16,11.64,11.9,11.5,11.86,59280058.0,694962947.0,11772928976.0,0.005035285451976,600048
2019-01-17,11.88,11.95,11.72,11.77,44602176.0,528197656.0,11772928976.0,0.0037885369130252,600048
2019-01-18,11.84,12.1,11.75,12.07,59946414.0,717710492.0,11772928976.0,0.0050918861501844,600048
2019-01-21,12.06,12.23,11.85,12.04,57815849.0,696217046.0,11772928976.0,0.0049109146175825,600048
2019-01-22,12.0,12.28,11.95,12.05,59699095.0,723564955.0,11772928976.0,0.005070878718601,600048
2019-01-23,12.03,12.09,11.87,11.91,35431270.0,423580738.0,11772928976.0,0.0030095543829602,600048
2019-01-24,11.94,12.0,11.73,11.94,34761760.0,413124398.0,11772928976.0,0.0029526857820058,600048
2019-01-25,12.04,12.51,11.93,12.3,86935312.0,1064300875.0,11772928976.0,0.0073843401397582,600048
2019-01-28,12.36,12.54,12.15,12.24,45527754.0,560901141.0,11772928976.0,0.0038671560911317,600048
2019-01-29,12.24,12.64,12.14,12.59,73293164.0,910050931.0,11772928976.0,0.0062255674989132,600048
2019-01-30,12.5,13.08,12.48,12.7,89720665.0,1145865796.0,11772928976.0,0.0076209297773648,600048
2019-01-31,12.83,12.94,12.64,12.88,63221340.0,810139708.0,11772928976.0,0.0053700604266687,600048
2019-02-01,12.96,13.0,12.56,12.87,68743570.0,874516371.0,11772928976.0,0.0058391221199192,600048
2019-02-11,12.7,12.94,12.47,12.86,64534377.0,821683055.0,11772928976.0,0.0054815906161973,600048
2019-02-12,12.79,12.87,12.59,12.87,58077991.0,740896798.0,11772928976.0,0.0049331811241192,600048
2019-02-13,12.84,13.28,12.77,13.28,84046155.0,1094870230.0,11772928976.0,0.0071389333250318,600048
2019-02-14,13.15,13.43,13.12,13.38,71702051.0,952450442.0,11772928976.0,0.0060904173588552,600048
2019-02-15,13.28,13.28,12.64,12.67,110555144.0,1423034139.0,11772928976.0,0.0093906235419728,600048
2019-02-18,12.83,12.97,12.7,12.95,99174824.0,1273962867.0,11772928976.0,0.008423971995599,600048
2019-02-19,13.02,13.1,12.7,12.79,118405906.0,1519823103.0,11772928976.0,0.0100574722094543,600048
2019-02-20,12.83,13.28,12.72,13.14,140971546.0,1844018552.0,11772928976.0,0.011974211879421,600048
2019-02-21,13.07,13.08,12.78,12.86,92037324.0,1188542722.0,11772928976.0,0.0078177082515001,600048
2019-02-22,12.81,12.93,12.61,12.89,86489095.0,1103474308.0,11772928976.0,0.0073464381868194,600048
2019-02-25,12.97,13.69,12.9,13.62,216806249.0,2863403809.0,11772928976.0,0.0184156593012644,600048
2019-02-26,13.5,13.68,13.18,13.23,196937840.0,2641693494.0,11772928976.0,0.0167280241307386,600048
2019-02-27,13.26,13.63,13.11,13.3,147928660.0,1968538296.0,11772928976.0,0.0125651535231006,600048
2019-02-28,13.25,13.54,13.09,13.21,122031953.0,1623769148.0,11772928976.0,0.0103654709247606,600048
2019-03-01,13.31,13.36,13.0,13.35,122436785.0,1612231033.0,11772928976.0,0.0103998576097415,600048
2019-03-04,13.4,14.33,13.39,13.9,289119308.0,3999716711.0,11772928976.0,0.0245579760643584,600048
2019-03-05,13.9,14.42,13.8,14.16,180256624.0,2545096448.0,11772928976.0,0.0153111111404363,600048
2019-03-06,14.18,14.27,13.72,13.99,123890660.0,1725958260.0,11772928976.0,0.0105233506676682,600048
2019-03-07,13.95,13.95,13.32,13.53,166214035.0,2256309808.0,11772928976.0,0.0141183247889153,600048
2019-03-08,13.22,13.53,12.98,13.04,154561041.0,2042362303.0,11772928976.0,0.0131285121412933,600048
2019-03-11,12.84,13.12,12.59,13.03,157693738.0,2021084627.0,11772928976.0,0.0133946053969637,600048
2019-03-12,13.2,13.25,12.9,13.03,127228055.0,1667395612.0,11772928976.0,0.0108068311003458,600048
2019-03-13,13.0,13.49,12.75,13.25,174530812.0,2296227668.0,11772928976.0,0.0148247570639213,600048
2019-03-14,13.16,13.62,13.13,13.25,122983793.0,1640526162.0,11772928976.0,0.0104463208136829,600048
2019-03-15,13.26,13.78,13.15,13.78,183941926.0,2493944318.0,11772928976.0,0.0156241430127523,600048
2019-03-18,13.86,14.57,13.67,14.4,212330599.0,3003864429.0,11772928976.0,0.0180354947721889,600048
2019-03-19,14.4,14.76,14.1,14.24,136365305.0,1961203260.0,11772928976.0,0.0115829548685795,600048
2019-03-20,14.24,14.48,13.98,14.37,128574784.0,1826548982.0,11772928976.0,0.0109212231095685,600048
2019-03-21,14.36,14.6,14.03,14.14,123285506.0,1759045739.0,11772928976.0,0.0104719485058753,600048
2019-03-22,14.08,14.13,13.76,13.94,89304104.0,1241623730.0,11772928976.0,0.0075855468237388,600048
2019-03-25,13.71,13.75,13.44,13.46,106469912.0,1447478139.0,11772928976.0,0.0090436213636425,600048
2019-03-26,13.5,13.7,13.28,13.33,100749405.0,1357330869.0,11772928976.0,0.0085577178971677,600048
2019-03-27,13.5,13.7,13.36,13.69,104542328.0,1416069671.0,11772928976.0,0.0088798911649868,600048
2019-03-28,13.59,13.74,13.38,13.38,99538991.0,1342842607.0,11772928976.0,0.0084549045698753,600048
2019-03-29,13.46,14.25,13.36,14.24,185868508.0,2581967721.0,11772928976.0,0.0157877881008971,600048
2019-04-01,14.45,15.08,14.33,14.67,211533155.0,3113784508.0,11772928976.0,0.0179677593767214,600048
2019-04-02,14.68,14.68,14.36,14.44,129784359.0,1879809723.0,11772928976.0,0.0110239651716726,600048
2019-04-03,14.38,14.66,14.27,14.61,106417276.0,1541041048.0,11772928976.0,0.0090391504286604,600048
2019-04-04,14.63,14.87,14.39,14.55,122366547.0,1788480918.0,11772928976.0,0.0103938915497964,600048
2019-04-08,14.6,14.88,14.29,14.46,120475017.0,1758585465.0,11772928976.0,0.0102332238006019,600048
2019-04-09,14.75,14.94,14.46,14.92,167896782.0,2479627060.0,11772928976.0,0.0142612583786303,600048
2019-04-10,14.76,14.81,14.43,14.65,112801326.0,1648923876.0,11772928976.0,0.0095814156553525,600048
2019-04-11,14.6,14.82,14.14,14.2,105521375.0,1518603291.0,11772928976.0,0.0089630520336199,600048
2019-04-12,14.23,14.27,13.8,13.9,121859739.0,1702005985.0,11772928976.0,0.0103508429591667,600048
2019-04-15,14.21,14.36,13.83,13.84,131361204.0,1857762472.0,11772928976.0,0.0111579033788269,600048
2019-04-16,13.87,14.53,13.6,14.48,144519549.0,2029727567.0,11772928976.0,0.0122755814882272,600048
2019-04-17,14.4,14.47,14.1,14.19,92546988.0,1318532728.0,11772928976.0,0.007860999432568,600048
2019-04-18,14.17,14.19,13.85,14.0,102873450.0,1436700837.0,11772928976.0,0.0087381356168643,600048
2019-04-19,14.0,14.23,13.91,14.2,72193470.0,1016782312.0,11772928976.0,0.0061321587981352,600048
2019-04-22,13.97,13.97,13.38,13.4,191237582.0,2601127885.0,11772928976.0,0.0162438406270735,600048
2019-04-23,13.43,13.55,13.36,13.4,100408706.0,1351191762.0,11772928976.0,0.0085287787095879,600048
2019-04-24,13.45,13.51,13.2,13.36,90331250.0,1205023346.0,11772928976.0,0.0076727932517173,600048
2019-04-25,13.37,13.5,13.29,13.3,82730105.0,1108081594.0,11772928976.0,0.0070271472093861,600048
2019-04-26,13.28,13.42,13.16,13.24,69230631.0,920828524.0,11772928976.0,0.0058804933879353,600048
2019-04-29,13.33,13.6,13.3,13.46,101660100.0,1368712738.0,11772928976.0,0.0086350729038832,600048
2019-04-30,13.38,13.51,13.21,13.49,64324323.0,861313401.0,11772928976.0,0.0054637484971777,600048
2019-05-06,13.08,13.28,12.68,12.83,105870827.0,1369624742.0,11772928976.0,0.008992734706531,600048
2019-05-07,12.98,13.07,12.83,12.94,68326155.0,884282556.0,11772928976.0,0.0058036666269955,600048
2019-05-08,12.8,12.98,12.75,12.84,47978493.0,616849741.0,11772928976.0,0.0040753234048899,600048
2019-05-09,12.8,12.9,12.43,12.51,73458701.0,924687395.0,11772928976.0,0.006239628315923,600048
2019-05-10,12.63,13.01,12.52,12.97,81590594.0,1044398764.0,11772928976.0,0.0069303564275575,600048
2019-05-13,12.69,12.9,12.6,12.81,46348468.0,592168268.0,11772928976.0,0.0039368680550511,600048
2019-05-14,12.7,13.05,12.63,12.84,61099170.0,786388937.0,11772928976.0,0.0051898019706527,600048
2019-05-15,12.93,13.12,12.9,12.95,67191290.0,875114851.0,11772928976.0,0.0057072704793322,600048
2019-05-16,12.92,13.01,12.86,12.98,58013407.0,750082767.0,11772928976.0,0.0049276953184942,600048
2019-05-17,12.98,13.0,12.58,12.62,50102525.0,639051460.0,11772928976.0,0.0042557400203583,600048
2019-05-20,12.69,12.78,12.45,12.57,48374896.0,608849055.0,11772928976.0,0.0041089941253035,600048
2019-05-21,12.59,12.79,12.56,12.7,42007961.0,533905508.0,11772928976.0,0.0035681826574879,600048
2019-05-22,12.7,12.88,12.67,12.74,49088234.0,627153606.0,11772928976.0,0.004169585504174,600048
2019-05-23,12.69,12.72,12.4,12.57,46032194.0,578527966.0,11772928976.0,0.0039100035423504,600048
2019-05-24,12.64,12.76,12.54,12.57,35641756.0,449888786.0,11772928976.0,0.0030274331963318,600048
2019-05-27,12.56,12.69,12.32,12.68,62090422.0,776928087.0,11772928976.0,0.0052739995396707,600048
2019-05-28,12.25,12.38,12.11,12.38,66481908.0,817200108.0,11772928976.0,0.0056470151255926,600048
2019-05-29,12.24,12.35,12.21,12.23,32952734.0,404118817.0,11772928976.0,0.0027990259745197,600048
2019-05-30,12.27,12.27,12.04,12.17,34317736.0,416298839.0,11772928976.0,0.0029149701038678,600048
2019-05-31,12.15,12.29,12.1,12.16,33134088.0,404713710.0,11772928976.0,0.0028144302974685,600048
2019-06-03,12.22,12.34,12.1,12.18,38566371.0,470712380.0,11772928976.0,0.0032758518359042,600048
2019-06-04,12.21,12.25,12.06,12.15,30661548.0,371483604.0,11772928976.0,0.0026044111930434,600048
2019-06-05,12.29,12.77,12.21,12.56,97320497.0,1218246278.0,11772928976.0,0.0082664642926492,600048
2019-06-06,12.57,12.74,12.53,12.54,53516941.0,675549554.0,11772928976.0,0.004545762665272,600048
2019-06-10,12.68,12.96,12.56,12.79,60131081.0,771689580.0,11772928976.0,0.0051075718814393,600048
2019-06-11,12.79,13.0,12.78,12.93,61321037.0,791877394.0,11772928976.0,0.0052086474933304,600048
2019-06-12,12.88,12.9,12.69,12.84,42433431.0,542440818.0,11772928976.0,0.0036043223471834,600048
2019-06-13,12.8,12.84,12.65,12.73,40162356.0,510968230.0,11772928976.0,0.0034114158067099,600048
2019-06-14,12.8,12.98,12.78,12.88,64286787.0,828772287.0,11772928976.0,0.0054605601657033,600048
2019-06-17,12.79,12.91,12.68,12.84,31424172.0,403423450.0,11772928976.0,0.0026691889557866,600048
2019-06-18,12.85,12.88,12.61,12.8,33701475.0,429285521.0,11772928976.0,0.0028626245065015,600048
2019-06-19,13.02,13.09,12.79,12.84,50201204.0,648069160.0,11772928976.0,0.0042641218767512,600048
2019-06-20,12.85,13.21,12.78,13.2,85345068.0,1116597108.0,11895029098.0,0.0071748515532719,600048
2019-06-21,13.13,13.24,12.98,13.01,70459584.0,921390648.0,11895029098.0,0.0059234478049193,600048
2019-06-24,13.0,13.08,12.88,13.06,46078940.0,597753457.0,11895029098.0,0.0038737980059037,600048
2019-06-25,13.04,13.09,12.78,12.88,53345925.0,687667695.0,11895029098.0,0.0044847242121475,600048
2019-06-26,12.86,12.88,12.71,12.77,49825182.0,636691541.0,11895029098.0,0.0041887398163975,600048
2019-06-27,12.8,12.9,12.77,12.82,59419568.0,762495227.0,11895029098.0,0.0049953276709504,600048
2019-06-28,12.83,12.85,12.69,12.76,36515534.0,466515425.0,11895029098.0,0.0030698146006334,600048
2019-07-01,12.89,13.07,12.84,13.02,78277022.0,1015560555.0,11895029098.0,0.0065806498962798,600048
2019-07-02,13.0,13.21,12.93,13.2,70997125.0,927765369.0,11895029098.0,0.005968638194583,600048
2019-07-03,13.2,13.55,13.05,13.36,131539535.0,1757682495.0,11895029098.0,0.0110583617674476,600048
2019-07-04,13.37,13.96,13.37,13.64,143888019.0,1973560066.0,11895029098.0,0.0120964831455681,600048
2019-07-05,13.56,13.71,13.44,13.54,73832793.0,1001282962.0,11895029098.0,0.0062070292045283,600048
2019-07-08,13.47,13.88,13.25,13.44,119110647.0,1611682683.0,11895029098.0,0.0100134809270897,600048
2019-07-09,13.48,13.82,13.42,13.48,95501950.0,1300326017.0,11895029098.0,0.0080287277326675,600048
2019-07-10,13.6,13.66,13.37,13.46,64973798.0,877193774.0,11895029098.0,0.0054622647380429,600048
2019-07-11,13.57,13.65,13.39,13.47,53494203.0,724119387.0,11895029098.0,0.0044971897554243,600048
2019-07-12,13.47,13.66,13.43,13.55,58287132.0,791054207.0,11895029098.0,0.0049001252136323,600048
2019-07-15,13.45,13.47,13.15,13.35,88474795.0,1177342704.0,11896258063.999998,0.0074371953368882,600048
2019-07-16,13.37,13.61,13.33,13.52,60448712.0,815946292.0,11896258063.999998,0.005081321510915,600048
2019-07-17,13.43,13.69,13.41,13.56,46438886.0,631217588.0,11896258063.999998,0.0039036548930063,600048
2019-07-18,13.55,13.66,13.41,13.55,42227151.0,571824808.0,11896258063.999998,0.0035496162551976,600048
2019-07-19,14.22,14.44,13.99,14.38,201070783.0,2863841913.0,11896258063.999998,0.0169020192667535,600048
2019-07-22,14.4,14.85,14.39,14.5,120274449.0,1755616205.0,11896258063.999998,0.0101102757146778,600048
2019-07-23,14.48,14.56,14.19,14.3,93236953.0,1336611189.0,11896258063.999998,0.0078375025573924,600048
2019-07-24,14.38,14.47,14.21,14.31,70762827.0,1014815873.0,11896258063.999998,0.0059483264921883,600048
2019-07-25,14.36,14.37,14.11,14.36,59792592.0,851871596.0,11896258063.999998,0.0050261680335383,600048
2019-07-26,14.2,14.57,14.17,14.48,62211512.0,894547353.0,11896258063.999998,0.0052295025599908,600048
2019-07-29,14.44,14.56,14.4,14.47,48834646.0,707654638.0,11896258063.999998,0.0041050425887936,600048
2019-07-30,14.46,14.71,14.46,14.62,49053228.0,718213595.0,11896258063.999998,0.0041234166017668,600048
2019-07-31,14.43,14.43,14.07,14.21,99681805.0,1415628693.0,11896258063.999998,0.008379257112928,600048
2019-08-01,14.1,14.22,13.75,13.83,105050590.0,1461716640.0,11896258063.999998,0.0088305574269526,600048
2019-08-02,13.6,13.92,13.55,13.82,82901457.0,1136926198.0,11896258063.999998,0.0069687002882757,600048
2019-08-05,13.71,13.77,13.38,13.39,69833782.0,945838668.0,11896258063.999998,0.005870230926759,600048
2019-08-06,13.2,13.68,13.17,13.53,85029484.0,1141787362.0,11896258063.999998,0.0071475823357693,600048
2019-08-07,13.61,13.92,13.58,13.72,60726819.0,837084938.0,11896258063.999998,0.0051046991981259,600048
2019-08-08,13.85,13.88,13.72,13.76,37753378.0,521081254.0,11896258063.999998,0.003173550691057,600048
2019-08-09,13.79,13.85,13.43,13.51,51221379.0,696415648.0,11896258063.999998,0.0043056714745457,600048
2019-08-12,13.54,13.95,13.47,13.92,54022929.0,745514573.0,11896258063.999998,0.0045411698963964,600048
2019-08-13,13.77,13.91,13.58,13.68,45569642.0,624585615.0,11896258063.999998,0.0038305862023875,600048
2019-08-14,13.92,13.95,13.56,13.63,47705362.0,653605862.0,11896258063.999998,0.0040101149238149,600048
2019-08-15,13.46,13.97,13.43,13.95,47122716.0,650097449.0,11896258063.999998,0.0039611376742575,600048
2019-08-16,13.98,14.11,13.83,13.85,40764744.0,569573747.0,11896258063.999998,0.0034266862555176,600048
2019-08-19,14.07,14.3,13.91,14.28,66556565.0,941601767.0,11896258063.999998,0.0055947479150112,600048
2019-08-20,14.21,14.64,14.19,14.45,75814895.0,1095612175.0,11896258063.999998,0.0063730035606261,600048
2019-08-21,14.36,14.7,14.36,14.54,48057375.0,700621506.0,11896258063.999998,0.0040397051527849,600048
2019-08-22,14.54,14.69,14.25,14.36,50113465.0,722405788.0,11896258063.999998,0.0042125401727499,600048
2019-08-23,14.48,14.62,14.33,14.47,53907762.0,780654627.0,11896258063.999998,0.0045314889530795,600048
2019-08-26,14.12,14.53,14.1,14.44,57215371.0,819776261.0,11896258063.999998,0.0048095267177452,600048
2019-08-27,14.52,14.56,14.34,14.37,68389327.0,986029188.0,11896258063.999998,0.0057488099730248,600048
2019-08-28,14.35,14.41,14.13,14.25,41600807.0,593539790.0,11896258063.999998,0.0034969657497504,600048
2019-08-29,14.23,14.33,13.47,13.71,103608919.0,1431652902.0,11896258063.999998,0.0087093704963863,600048
2019-08-30,13.83,13.84,13.34,13.45,96740408.0,1308321072.0,11896258063.999998,0.0081320031458255,600048
2019-09-02,13.36,13.55,13.31,13.48,92011077.0,1234753376.0,11896258063.999998,0.0077344553644511,600048
2019-09-03,13.5,13.5,13.17,13.3,90008893.0,1198843612.0,11896258063.999998,0.0075661516853254,600048
2019-09-04,13.3,13.89,13.3,13.87,132013055.0,1792830367.0,11896258063.999998,0.0110970234749272,600048
2019-09-05,13.83,14.05,13.58,13.71,159212710.0,2198473422.0,11896258063.999998,0.0133834277252107,600048
2019-09-06,13.71,13.81,13.41,13.77,91392735.0,1244010319.0,11896258063.999998,0.0076824775074919,600048
2019-09-09,13.82,14.1,13.82,14.07,109716196.0,1534747854.0,11896258063.999998,0.009222748481896,600048
2019-09-10,14.08,14.08,13.85,13.99,49868412.0,694778273.0,11896258063.999998,0.0041919410062992,600048
2019-09-11,14.0,14.03,13.83,13.95,52080148.0,724790335.0,11896258063.999998,0.0043778596361828,600048
2019-09-12,14.1,14.69,14.1,14.64,149205132.0,2162818399.0,11896258063.999998,0.0125421902582559,600048
2019-09-16,14.74,14.78,14.39,14.47,93197590.0,1356444633.0,11896258063.999998,0.0078341937018019,600048
2019-09-17,14.44,14.68,14.35,14.48,66242527.0,960128934.0,11896258063.999998,0.0055683498662878,600048
2019-09-18,14.55,15.03,14.43,14.85,98342438.0,1459117088.0,11896258063.999998,0.008266669861307,600048
2019-09-19,14.85,14.91,14.66,14.81,49623559.0,733501597.0,11896258063.999998,0.0041713586518578,600048
2019-09-20,14.81,14.86,14.51,14.58,74044570.0,1082523439.0,11896258063.999998,0.0062241899597042,600048
2019-09-23,14.56,14.65,14.38,14.48,54874495.0,796032613.0,11896258063.999998,0.0046127525735221,600048
2019-09-24,14.48,14.61,14.37,14.39,42956559.0,621992446.0,11896258063.999998,0.0036109303252249,600048
2019-09-25,14.36,14.46,14.18,14.35,42859322.0,615420813.0,11896258063.999998,0.0036027565785328,600048
2019-09-26,14.4,14.82,14.39,14.46,69631496.0,1014551329.0,11931097452.0,0.0058361350479395,600048
2019-09-27,14.46,14.49,14.13,14.24,48706710.0,694679495.0,11931097452.0,0.0040823327607499,600048
2019-09-30,14.19,14.44,14.16,14.3,38395922.0,550671607.0,11931097452.0,0.0032181383275487,600048
2019-10-08,14.35,15.4,14.35,15.11,141094455.0,2117779908.0,11931097452.0,0.0118257734100016,600048
2019-10-09,15.08,15.95,15.07,15.67,126282774.0,1961012491.0,11931097452.0,0.0105843384909098,600048
2019-10-10,15.7,15.85,15.44,15.65,91465742.0,1427247859.0,11931097452.0,0.0076661633490109,600048
2019-10-11,15.69,15.9,15.53,15.71,90121215.0,1411611192.0,11931097452.0,0.0075534723744036,600048
2019-10-14,15.75,16.01,15.54,15.6,87518627.0,1379121966.0,11931097452.0,0.0073353375372295,600048
2019-10-15,15.6,15.87,15.51,15.6,51497403.0,805488816.0,11931097452.0,0.0043162335407265,600048
2019-10-16,15.67,16.44,15.63,15.8,107589332.0,1721070370.0,11931097452.0,0.0090175553785259,600048
2019-10-17,15.8,15.88,15.55,15.68,45303905.0,710915866.0,11931097452.0,0.0037971280665724,600048
2019-10-18,15.73,16.07,15.29,15.32,69496614.0,1080881795.0,11931097452.0,0.0058248299688768,600048
2019-10-21,15.45,15.99,15.4,15.78,84727967.0,1333574125.0,11931097452.0,0.0071014395231343,600048
2019-10-22,15.84,15.86,15.39,15.69,62113553.0,965606271.0,11931097452.0,0.0052060217637052,600048
2019-10-23,15.6,15.62,15.21,15.32,57263152.0,878572908.0,11931097452.0,0.0047994874092995,600048
2019-10-24,15.39,15.54,15.2,15.38,48181800.0,740742349.0,11931097452.0,0.0040383376461251,600048
2019-10-25,15.46,15.59,15.23,15.53,48497355.0,748099207.0,11931097452.0,0.0040647857579832,600048
2019-10-28,15.3,15.3,14.81,14.9,135174796.0,2015911835.0,11931097452.0,0.0113296196384131,600048
2019-10-29,14.87,14.87,14.6,14.69,81273447.0,1195363511.0,11931097452.0,0.0068119003576134,600048
2019-10-30,14.62,14.88,14.46,14.59,85584326.0,1250727247.0,11931097452.0,0.0071732148986557,600048
2019-10-31,14.59,14.7,14.28,14.41,74286984.0,1071580650.0,11931097452.0,0.0062263328498374,600048
2019-11-01,14.4,14.9,14.24,14.82,90355876.0,1321371971.0,11931097452.0,0.0075731403890975,600048
2019-11-04,14.85,14.89,14.58,14.79,74053962.0,1089496440.0,11931097452.0,0.0062068022072509,600048
2019-11-05,14.86,15.15,14.57,14.97,95030025.0,1416397068.0,11931097452.0,0.007964902254995,600048
2019-11-06,14.9,14.9,14.64,14.67,67675075.0,997133193.0,11931097452.0,0.0056721584307113,600048
2019-11-07,14.64,14.83,14.59,14.75,43325848.0,637817800.0,11931097452.0,0.0036313380369495,600048
2019-11-08,14.83,14.88,14.61,14.62,51741682.0,760772554.0,11931097452.0,0.0043367076841138,600048
2019-11-11,14.5,14.52,14.05,14.12,104941678.0,1489032958.0,11931097452.0,0.0087956433531945,600048
2019-11-12,14.19,14.27,14.04,14.16,46709936.0,661163396.0,11931097452.0,0.0039149739735107,600048
2019-11-13,14.22,14.23,14.06,14.18,37401451.0,528910777.0,11931097452.0,0.00313478715185,600048
2019-11-14,14.2,14.24,14.09,14.14,38784019.0,549268028.0,11931097452.0,0.0032506665171441,600048
2019-11-15,14.15,14.22,13.98,14.05,56253111.0,791687287.0,11931097452.0,0.0047148312404883,600048
2019-11-18,14.03,14.31,13.84,14.14,85220538.0,1203369095.0,11931097452.0,0.0071427241578447,600048
2019-11-19,14.14,14.55,14.1,14.5,75773472.0,1093039852.0,11931097452.0,0.0063509222269656,600048
2019-11-20,14.43,14.61,14.33,14.36,51031430.0,737324011.0,11931097452.0,0.0042771782063891,600048
2019-11-21,14.2,14.36,14.1,14.29,58366426.0,830982026.0,11931097452.0,0.0048919578634584,600048
2019-11-22,14.3,14.42,14.13,14.37,54009033.0,771302068.0,11931097452.0,0.0045267447707374,600048
2019-11-25,14.45,15.01,14.44,14.85,119458480.0,1769638726.0,11931097452.0,0.0100123631108197,600048
2019-11-26,14.9,14.92,14.63,14.77,64429776.0,949551322.0,11931097452.0,0.0054001550368025,600048
2019-11-27,14.69,14.81,14.55,14.66,41354071.0,606956580.0,11931097452.0,0.0034660743629302,600048
2019-11-28,14.67,14.71,14.3,14.4,41635809.0,603083818.0,11931097452.0,0.003489688116915,600048
2019-11-29,14.34,14.55,14.25,14.43,37102000.0,534223839.0,11931097452.0,0.0031096887900937,600048
2019-12-02,14.5,15.03,14.5,14.96,103091500.0,1532240279.0,11931097452.0,0.0086405714490848,600048
2019-12-03,14.89,15.12,14.78,14.96,70181369.0,1049780390.0,11931097452.0,0.0058822224260883,600048
2019-12-04,14.89,14.94,14.72,14.88,45203624.0,670892169.0,11931097452.0,0.0037887230560188,600048
2019-12-05,14.95,14.96,14.67,14.9,50157917.0,743512519.0,11931097452.0,0.0042039650754501,600048
2019-12-06,14.88,14.98,14.76,14.98,37377431.0,556270495.0,11931097452.0,0.0031327739254811,600048
2019-12-09,14.98,15.57,14.97,15.54,105230807.0,1612492089.0,11931097452.0,0.0088198765807884,600048
2019-12-10,15.38,15.57,15.28,15.47,55704906.0,860920078.0,11931097452.0,0.0046688836650699,600048
2019-12-11,15.58,15.81,15.31,15.58,64224116.0,1000398149.0,11931097452.0,0.0053829177289331,600048
2019-12-12,15.58,15.7,15.22,15.35,55930294.0,860957804.0,11931097452.0,0.0046877744671027,600048
2019-12-13,15.54,15.83,15.52,15.7,86499109.0,1356847694.0,11931097452.0,0.0072498870575816,600048
2019-12-16,15.6,15.71,15.34,15.69,89967785.0,1393641785.0,11931097452.0,0.0075406127023896,600048
2019-12-17,15.62,16.35,15.52,15.99,121468771.0,1943774456.0,11931097452.0,0.0101808548198253,600048
2019-12-18,15.95,16.1,15.78,15.86,59943766.0,952946359.0,11931097452.0,0.0050241619634035,600048
2019-12-19,15.85,16.13,15.79,15.86,51777866.0,825644150.0,11931097452.0,0.0043397404311135,600048
2019-12-20,15.9,16.15,15.85,16.0,63127248.0,1011640720.0,11931097452.0,0.0052909841910157,600048
2019-12-23,15.97,16.14,15.56,15.64,70098281.0,1107956706.0,11932675162.0,0.0058744816269892,600048
2019-12-24,15.64,15.72,15.3,15.41,68488119.0,1053329761.0,11932675162.0,0.0057395444081225,600048
2019-12-25,15.37,15.44,15.14,15.3,64419146.0,982580380.0,11932675162.0,0.0053985502098594,600048
2019-12-26,15.41,15.99,15.38,15.91,99278326.0,1565642292.0,11932675162.0,0.0083198716676839,600048
2019-12-27,15.84,16.13,15.8,15.87,70806292.0,1129431903.0,11932675162.0,0.0059338154302134,600048
2019-12-30,16.17,16.27,15.86,16.27,78213134.0,1259886286.0,11932675162.0,0.0065545347491794,600048
2019-12-31,16.17,16.46,15.96,16.18,65668277.0,1063161691.0,11932675162.0,0.0055032317655912,600048
2020-01-02,16.45,16.78,16.23,16.26,100291514.0,1646850282.0,11932675162.0,0.0084047803730869,600048
2020-01-03,16.38,16.38,15.75,15.95,107482373.0,1713539324.0,11932675162.0,0.0090073995596797,600048
2020-01-06,15.8,15.81,15.55,15.68,126336546.0,1978819740.0,11932675162.0,0.0105874453368447,600048
2020-01-07,15.72,15.82,15.58,15.79,85522490.0,1341480550.0,11932675162.0,0.0071670843996783,600048
2020-01-08,15.6,15.63,15.41,15.52,88280529.0,1370722664.0,11932675162.0,0.0073982177342036,600048
2020-01-09,16.18,16.4,15.96,16.28,194617667.0,3150781873.0,11932675162.0,0.0163096425870844,600048
2020-01-10,16.3,16.34,15.9,16.02,95677137.0,1538891916.0,11932675162.0,0.0080180794081018,600048
2020-01-13,16.09,16.52,16.07,16.48,90169930.0,1471326840.0,11932675162.0,0.0075565561599421,600048
2020-01-14,16.5,16.59,16.27,16.35,59886642.0,980331765.0,11932675162.0,0.0050187104892213,600048
2020-01-15,16.35,16.43,16.06,16.13,54985270.0,889417410.0,11932675162.0,0.0046079583373812,600048
2020-01-16,16.16,16.28,15.99,16.03,62351564.0,1002815210.0,11932675162.0,0.0052252795918354,600048
2020-01-17,16.1,16.23,15.99,16.12,47033226.0,756916800.0,11932675162.0,0.003941549180001,600048
2020-01-20,16.12,16.17,15.8,15.98,58488755.0,931786544.0,11932675162.0,0.0049015626593321,600048
2020-01-21,15.82,15.88,15.43,15.45,91010838.0,1416707757.0,11932675162.0,0.0076270271975413,600048
2020-01-22,15.44,15.91,15.28,15.87,96210885.0,1510291460.0,11932675162.0,0.0080628093611721,600048
2020-01-23,15.61,15.75,15.23,15.33,82177127.0,1269876631.0,11932675162.0,0.0068867312555105,600048
2020-02-03,13.9,14.24,13.8,13.98,182050954.0,2551879289.0,11932675162.0,0.0152565079940956,600048
2020-02-04,14.1,14.38,13.86,14.31,111986793.0,1580250913.0,11932675162.0,0.0093848857426895,600048
2020-02-05,14.2,14.62,14.08,14.48,116900955.0,1680553421.0,11932675162.0,0.0097967097413558,600048
2020-02-06,14.59,14.68,14.3,14.55,103926556.0,1502684318.0,11932675162.0,0.0087094096327165,600048
2020-02-07,14.37,14.5,14.2,14.4,68873215.0,986294728.0,11932675162.0,0.0057718168026,600048
2020-02-10,14.19,15.0,14.13,14.83,111229579.0,1628239096.0,11932675162.0,0.0093214285556196,600048
2020-02-11,14.71,15.25,14.7,14.97,84994830.0,1279273434.0,11932675162.0,0.0071228646423451,600048
2020-02-12,14.83,15.08,14.75,14.91,64811582.0,965030924.0,11932675162.0,0.005431437722062,600048
2020-02-13,15.12,15.58,15.11,15.39,109993538.0,1697335231.0,11932675162.0,0.0092178439877654,600048
2020-02-14,15.45,15.95,15.39,15.9,95305965.0,1501176459.0,11932675162.0,0.0079869738936248,600048
2020-02-17,16.03,16.1,15.54,15.74,98722390.0,1550241006.0,11932675162.0,0.0082732822824495,600048
2020-02-18,15.56,15.72,15.41,15.5,75872057.0,1175808592.0,11932675162.0,0.0063583442916151,600048
2020-02-19,15.46,15.64,15.32,15.48,58011333.0,900330215.0,11932675162.0,0.0048615530224721,600048
2020-02-20,15.41,15.66,15.4,15.64,82978441.0,1288806125.0,11932675162.0,0.0069538841771414,600048
2020-02-21,15.6,15.64,15.2,15.33,84402343.0,1296802106.0,11932675162.0,0.0070732121552074,600048
2020-02-24,15.28,15.31,14.85,15.09,84240473.0,1266271856.0,11932675162.0,0.0070596468818883,600048
2020-02-25,15.05,15.53,15.03,15.26,95768234.0,1463990944.0,11932675162.0,0.0080257136559769,600048
2020-02-26,15.1,16.46,15.03,15.99,214158722.0,3422389039.0,11932675162.0,0.017947251483221,600048
2020-02-27,16.04,16.15,15.72,15.83,99061490.0,1578365892.0,11932675162.0,0.008301700050921,600048
2020-02-28,15.7,16.47,15.62,16.19,160963034.0,2605740695.0,11932675162.0,0.0134892663895345,600048
2020-03-02,16.41,17.01,16.4,16.69,179390473.0,3013621421.0,11932675162.0,0.0150335503618899,600048
2020-03-03,16.79,16.9,16.24,16.61,147133654.0,2421028582.0,11932675162.0,0.0123303158765732,600048
2020-03-04,16.75,17.35,16.41,16.81,160972054.0,2729215015.0,11932675162.0,0.0134900222971476,600048
2020-03-05,16.7,17.17,16.5,17.04,114883552.0,1935314066.0,11932675162.0,0.0096276442993982,600048
2020-03-06,16.81,16.9,16.4,16.49,87520562.0,1448290707.0,11932675162.0,0.007334529836085,600048
2020-03-09,16.19,16.38,15.84,16.17,84757998.0,1366300940.0,11932675162.0,0.0071030172907006,600048
2020-03-10,16.29,16.6,15.95,16.39,71118841.0,1160198084.0,11932675162.0,0.0059600081318295,600048
2020-03-11,16.45,16.66,16.18,16.25,74638194.0,1225472022.0,11932675162.0,0.0062549422477943,600048
2020-03-12,16.11,16.54,15.93,16.39,70934634.0,1153011471.0,11932675162.0,0.0059445709396241,600048
2020-03-13,15.63,16.25,15.4,16.11,91755412.0,1449691566.0,11932675162.0,0.0076894251083108,600048
2020-03-16,16.06,16.07,15.22,15.29,100658885.0,1566768466.0,11932675162.0,0.0084355673504422,600048
2020-03-17,15.25,15.58,14.88,15.09,87532699.0,1318711214.0,11932675162.0,0.0073355469592225,600048
2020-03-18,15.06,15.21,14.4,14.42,91866719.0,1361646189.0,11932675162.0,0.0076987530250176,600048
2020-03-19,14.22,14.5,13.4,14.0,104088956.0,1448798706.0,11932675162.0,0.0087230193218931,600048
2020-03-20,14.18,14.6,13.9,14.49,64316724.0,922502940.0,11932675162.0,0.0053899668872926,600048
2020-03-23,13.98,14.25,13.8,14.08,52340293.0,733869878.0,11932675162.0,0.0043862999947136,600048
2020-03-24,14.31,14.66,14.2,14.52,54728523.0,789650916.0,11932675162.0,0.0045864420389389,600048
2020-03-25,14.77,15.28,14.54,15.17,91658679.0,1366868266.0,11932675162.0,0.0076813185438827,600048
2020-03-26,14.85,15.27,14.82,15.12,60870443.0,916496426.0,11932675162.0,0.0051011564610292,600048
2020-03-27,15.33,15.5,15.1,15.25,70991398.0,1086520698.0,11932675162.0,0.0059493279617695,600048
2020-03-30,15.09,15.47,14.97,15.2,78898556.0,1202817773.0,11932675162.0,0.0066119755150341,600048
2020-03-31,15.3,15.35,14.7,14.87,69537191.0,1041319606.0,11932675162.0,0.0058274603184911,600048
2020-04-01,14.9,15.33,14.79,14.97,58373596.0,879374633.0,11932675162.0,0.004891911931525,600048
2020-04-02,14.9,15.09,14.82,15.09,39451319.0,589874594.0,11932675162.0,0.0033061588004703,600048
2020-04-03,14.96,15.16,14.92,15.03,33392200.0,501465197.0,11932675162.0,0.0027983833923794,600048
2020-04-07,15.3,15.32,15.04,15.16,64231644.0,973970134.0,11932675162.0,0.0053828368851058,600048
2020-04-08,15.09,15.24,14.97,15.17,41813635.0,632473378.0,11932675162.0,0.0035041291606727,600048
2020-04-09,15.18,15.18,14.84,14.94,38659332.0,578156303.0,11932675162.0,0.0032397875141285,600048
2020-04-10,14.9,15.17,14.58,14.69,66553781.0,986141307.0,11932675162.0,0.0055774401042896,600048
2020-04-13,14.69,15.15,14.61,15.07,47921493.0,716821476.0,11932675162.0,0.0040159890677831,600048
2020-04-14,15.2,15.83,15.12,15.59,82433918.0,1282709646.0,11932675162.0,0.006908251241307,600048
2020-04-15,15.5,15.61,15.21,15.3,44248546.0,679066585.0,11932675162.0,0.0037081832363048,600048
2020-04-16,15.6,15.93,15.46,15.76,83885351.0,1320022694.0,11932675162.0,0.0070298864136631,600048
2020-04-17,15.88,15.89,15.67,15.82,51105847.0,806717957.0,11932675162.0,0.0042828490934495,600048
2020-04-20,15.82,15.92,15.33,15.88,66933120.0,1049082043.0,11932675162.0,0.0056092300419901,600048
2020-04-21,15.9,16.17,15.71,15.93,72101092.0,1148517228.0,11932675162.0,0.006042324208205,600048
2020-04-22,15.85,15.95,15.6,15.95,45900468.0,723356372.0,11932675162.0,0.0038466200895312,600048
2020-04-23,15.95,16.04,15.68,15.89,50066863.0,793240689.0,11932675162.0,0.0041957785928372,600048
2020-04-24,15.86,15.9,15.72,15.84,34260795.0,541462827.0,11932675162.0,0.0028711746976155,600048
2020-04-27,15.84,16.24,15.82,15.91,43557259.0,698751320.0,11932675162.0,0.0036502509628946,600048
2020-04-28,15.97,16.35,15.93,16.15,51766641.0,836452628.0,11932675162.0,0.0043382259465884,600048
2020-04-29,16.1,16.66,16.1,16.51,50707404.0,832910564.0,11932675162.0,0.0042494581735937,600048
2020-04-30,16.52,16.54,16.15,16.24,59730409.0,972728316.0,11932675162.0,0.0050056176162587,600048
2020-05-06,16.01,16.11,15.67,15.87,91552625.0,1449298261.0,11932675162.0,0.0076724308469866,600048
2020-05-07,15.76,15.92,15.68,15.72,49295884.0,777182557.0,11932675162.0,0.0041311678505239,600048
2020-05-08,15.84,15.93,15.69,15.89,63756063.0,1009047318.0,11932675162.0,0.0053429815304981,600048
2020-05-11,15.88,15.96,15.72,15.75,58748185.0,929988232.0,11932675162.0,0.0049233038025777,600048
2020-05-12,15.77,15.83,15.65,15.74,43994849.0,692382187.0,11932675162.0,0.0036869225385522,600048
2020-05-13,15.71,15.75,15.52,15.69,45708229.0,714240710.0,11932675162.0,0.0038305097875754,600048
2020-05-14,15.61,15.69,15.27,15.35,57264222.0,882800599.0,11932675162.0,0.004798942502211,600048
2020-05-15,15.4,15.46,15.09,15.26,55022106.0,841400734.0,11932675162.0,0.0046110453232833,600048
2020-05-18,15.32,15.56,15.26,15.46,51225936.0,792831422.0,11932675162.0,0.0042929129725353,600048
2020-05-19,15.7,15.7,15.3,15.35,42413865.0,654356888.0,11932675162.0,0.003554430538348,600048
2020-05-20,15.31,15.45,15.15,15.27,37692299.0,575269604.0,11932675162.0,0.0031587467594888,600048
2020-05-21,15.36,15.38,14.99,15.05,38327899.0,580994496.0,11932675162.0,0.0032120122671282,600048
2020-05-22,15.08,15.08,14.75,14.75,48662611.0,723800350.0,11932675162.0,0.0040780973536401,600048
2020-05-25,14.9,15.26,14.82,15.25,52135701.0,789514903.0,11932675162.0,0.0043691544680632,600048
2020-05-26,15.38,15.39,15.16,15.31,33127875.0,505918071.0,11932675162.0,0.002776232030978,600048
2020-05-27,15.31,15.45,15.22,15.39,35544329.0,545810742.0,11932675162.0,0.0029787393453223,600048
2020-05-28,15.39,15.75,15.36,15.49,72571273.0,1131199114.0,11932675162.0,0.0060817270238869,600048
2020-05-29,14.75,14.77,14.29,14.36,59572753.0,859157526.0,11932675162.0,0.0049924054909088,600048
2020-06-01,14.48,14.84,14.41,14.8,52476735.0,767402478.0,11932675162.0,0.004397734312513,600048
2020-06-02,14.7,15.29,14.68,15.21,72298412.0,1088664858.0,11932675162.0,0.0060588603157686,600048
2020-06-03,15.33,15.78,15.24,15.25,77345602.0,1197365938.0,11932675162.0,0.006481832527069,600048
2020-06-04,15.42,15.47,14.95,15.09,48221400.0,729457186.0,11932675162.0,0.0040411223254918,600048
2020-06-05,15.09,15.09,14.68,14.86,63714681.0,942334912.0,11932675162.0,0.0053395135738632,600048
2020-06-08,14.91,15.14,14.81,14.91,62910505.0,938891153.0,11932675162.0,0.0052721208066017,600048
2020-06-09,14.91,15.17,14.86,14.95,54881519.0,821590007.0,11932675162.0,0.0045992636399566,600048
2020-06-10,14.95,14.95,14.58,14.63,68570468.0,1007041153.0,11932675162.0,0.0057464455429378,600048
2020-06-11,14.6,14.63,14.31,14.35,64919191.0,937774634.0,11932675162.0,0.0054404557334081,600048
2020-06-12,14.2,14.47,14.15,14.4,58645660.0,839913453.0,11932675162.0,0.00491471184825,600048
2020-06-15,14.24,14.55,14.21,14.34,48510773.0,698458547.0,11932675162.0,0.004065372797081,600048
2020-06-16,14.54,14.62,14.43,14.53,43103082.0,626452551.0,11932675162.0,0.0036121893385033,600048
2020-06-17,14.48,14.53,14.25,14.36,49270294.0,706211628.0,11932675162.0,0.0041290233188365,600048
2020-06-18,14.47,14.66,14.43,14.61,57945119.0,844415796.0,11932675162.0,0.0048560040572065,600048
2020-06-19,14.61,14.62,14.37,14.56,90211582.0,1305574476.0,11932675162.0,0.0075600467435233,600048
2020-06-22,14.46,14.57,14.4,14.44,59073258.0,854951303.0,11932675162.0,0.0049505460592877,600048
2020-06-23,14.4,14.48,14.27,14.31,54277371.0,777744354.0,11932675162.0,0.0045486339201496,600048
2020-06-24,14.37,14.75,14.33,14.74,104266987.0,1523402267.0,11932675162.0,0.0087379389436529,600048
2020-06-29,14.66,14.68,14.37,14.53,56053508.0,813047678.0,11932675162.0,0.0046974804257224,600048
2020-06-30,14.57,14.78,14.48,14.78,61162772.0,894725518.0,11932675162.0,0.0051256546557786,600048
2020-07-01,14.81,16.26,14.71,15.9,215227405.0,3366484973.0,11932675162.0,0.0180368108641219,600048
2020-07-02,16.02,16.59,15.94,16.37,182054250.0,2963338633.0,11934230089.0,0.0152547963833714,600048
2020-07-03,16.42,16.89,15.93,16.35,167075967.0,2727504167.0,11934230089.0,0.0139997273183124,600048
2020-07-06,16.73,17.99,16.73,17.99,221836541.0,3885732654.0,11934230089.0,0.0185882574196781,600048
2020-07-07,18.47,18.7,17.55,17.66,166157546.0,2987610697.0,11934230089.0,0.0139227704477685,600048
2020-07-08,17.7,18.09,17.4,17.79,124796969.0,2212906305.0,11934230089.0,0.0104570607462166,600048
2020-07-09,17.99,18.19,17.38,18.13,132133590.0,2345987249.0,11934230089.0,0.0110718151916469,600048
2020-07-10,17.73,17.98,17.24,17.44,131841829.0,2315269545.0,11934230089.0,0.0110473677829892,600048
2020-07-13,17.3,17.61,16.85,17.31,123497190.0,2126778407.0,11934230089.0,0.0103481489026954,600048
2020-07-14,17.2,17.4,16.58,16.93,136288392.0,2309552644.0,11934230089.0,0.0114199567951701,600048
2020-07-15,17.06,17.23,16.42,16.45,108990452.0,1826346179.0,11934230089.0,0.0091325918125592,600048
2020-07-16,16.58,16.83,16.12,16.14,120763344.0,1986318121.0,11934230089.0,0.0101190728768762,600048
2020-07-17,16.25,16.42,15.8,16.07,99975212.0,1607750720.0,11934230089.0,0.0083771815403617,600048
2020-07-20,16.23,17.07,16.1,16.87,134174045.0,2234004556.0,11934230089.0,0.0112427901925295,600048
2020-07-21,16.85,16.93,16.45,16.61,97163255.0,1612208699.0,11934230089.0,0.0081415603918645,600048
2020-07-22,16.51,16.89,16.44,16.54,104729978.0,1746274999.0,11934230089.0,0.0087755956788977,600048
2020-07-23,16.32,16.48,15.96,16.25,82322286.0,1333229857.0,11934230089.0,0.0068979972219471,600048
2020-07-24,16.22,16.54,15.7,15.87,93323392.0,1502624972.0,11934230089.0,0.007819808341555,600048
2020-07-27,16.02,16.05,15.36,15.52,91823481.0,1426923404.0,11934230089.0,0.0076941269202305,600048
2020-07-28,15.65,15.78,15.42,15.7,92207107.0,1436443842.0,11934230089.0,0.0077262719347927,600048
2020-07-29,15.61,15.87,15.41,15.8,89848619.0,1410254234.0,11934230089.0,0.0075286481264354,600048
2020-07-30,15.79,15.79,15.49,15.52,101517589.0,1582952137.0,11934230089.0,0.0085064212976395,600048
2020-07-31,15.44,15.82,15.4,15.6,97628429.0,1520323051.0,11934230089.0,0.0081805385242225,600048
2020-08-03,15.75,16.1,15.71,15.88,128899231.0,2039618231.0,11934230089.0,0.0108007998872762,600048
2020-08-04,15.9,16.35,15.73,16.23,148955836.0,2390570376.0,11934230089.0,0.0124813946847979,600048
2020-08-05,16.05,16.05,15.7,15.79,139764934.0,2206968569.0,11934230089.0,0.0117112652393742,600048
2020-08-06,15.8,15.95,15.59,15.9,78621326.0,1239817336.0,11934230089.0,0.0065878842131983,600048
2020-08-07,15.78,15.89,15.6,15.77,73189364.0,1151745510.0,11934230089.0,0.0061327260706545,600048
2020-08-10,15.7,16.45,15.67,16.27,146659435.0,2377737049.0,11934230089.0,0.012288973306722,600048
2020-08-11,16.31,16.69,16.19,16.25,127885510.0,2101462041.0,11934230089.0,0.0107158575832951,600048
2020-08-12,16.3,16.64,16.2,16.55,97631939.0,1603315575.0,11934230089.0,0.008180832636199,600048
2020-08-13,16.51,16.63,16.35,16.52,62409308.0,1028328613.0,11934230089.0,0.0052294373021619,600048
2020-08-14,16.51,17.11,16.39,17.02,122190794.0,2057034751.0,11934230089.0,0.0102386826036331,600048
2020-08-17,17.05,17.78,16.85,17.41,138952924.0,2422356425.0,11934230089.0,0.0116432248216896,600048
2020-08-18,17.39,17.49,16.76,16.96,116566540.0,1981656149.0,11934230089.0,0.0097674118171595,600048
2020-08-19,16.94,16.94,16.58,16.72,85473104.0,1429437310.0,11934230089.0,0.0071620124098983,600048
2020-08-20,16.66,16.74,16.45,16.65,68285894.0,1132243510.0,11934230089.0,0.0057218516394233,600048
2020-08-21,16.77,16.8,16.43,16.56,57690937.0,956204900.0,11934230089.0,0.00483407279479,600048
2020-08-24,16.7,16.84,16.45,16.48,63564072.0,1056237086.0,11934230089.0,0.0053261979638374,600048
2020-08-25,16.48,16.64,16.35,16.54,68046452.0,1124852183.0,11934230089.0,0.0057017881750679,600048
2020-08-26,16.55,16.92,16.45,16.64,88109061.0,1472931455.0,11934230089.0,0.0073828860632753,600048
2020-08-27,16.6,16.6,15.99,16.2,113887484.0,1841509146.0,11934230089.0,0.0095429267871223,600048
2020-08-28,16.11,16.54,16.07,16.47,92934193.0,1522334926.0,11934230089.0,0.0077871963509115,600048
2020-08-31,16.59,16.76,16.07,16.1,99898622.0,1635466424.0,11934230089.0,0.0083707638662068,600048
2020-09-01,16.13,16.25,16.03,16.21,68400387.0,1103472123.0,11934230089.0,0.0057314453039619,600048
2020-09-02,16.12,16.45,16.05,16.27,86810278.0,1410858654.0,11934230089.0,0.0072740576771696,600048
2020-09-03,16.27,16.53,16.16,16.4,87621731.0,1437400975.0,11934230089.0,0.0073420514223839,600048
2020-09-04,16.25,16.5,16.08,16.47,72699272.0,1185646072.0,11934230089.0,0.0060916599946408,600048
2020-09-07,16.32,17.12,16.31,16.61,120236610.0,2015511030.0,11934230089.0,0.0100749364729296,600048
2020-09-08,16.68,16.88,16.45,16.61,74992880.0,1246888460.0,11934230089.0,0.0062838473400242,600048
2020-09-09,16.45,16.6,16.21,16.4,61264061.0,1003809393.0,11934230089.0,0.0051334740945264,600048
2020-09-10,16.6,17.3,16.6,16.77,128660598.0,2178483136.0,11934230089.0,0.0107808042111228,600048
2020-09-11,16.79,16.88,16.45,16.58,77167910.0,1282971530.0,11934230089.0,0.0064660987281556,600048
2020-09-14,16.6,16.73,16.36,16.55,58519133.0,965884103.0,11934230089.0,0.0049034694792702,600048
2020-09-15,16.5,16.78,16.33,16.66,64890107.0,1075533876.0,11934230089.0,0.0054373098654944,600048
2020-09-16,16.58,16.97,16.48,16.84,78509632.0,1314843263.0,11934230089.0,0.0065785250841077,600048
2020-09-17,16.76,16.89,16.6,16.64,57441074.0,959643825.0,11934230089.0,0.0048131361278968,600048
2020-09-18,16.64,17.35,16.61,17.35,140870075.0,2409709444.0,11934230089.0,0.0118038678615592,600048
2020-09-21,17.36,17.38,17.03,17.07,75074277.0,1291780803.0,11934230089.0,0.0062906678051395,600048
2020-09-22,16.96,17.06,16.74,16.84,57205592.0,967309504.0,11934230089.0,0.0047934044821816,600048
2020-09-23,16.85,16.89,16.63,16.68,53094169.0,887683648.0,11966890012.999998,0.0044367558273137,600048
2020-09-24,16.66,16.67,16.33,16.37,64752055.0,1065772299.0,11966890012.999998,0.005410934246881,600048
2020-09-25,16.33,16.45,15.79,15.89,93486243.0,1500213099.0,11966890012.999998,0.0078120750586362,600048
2020-09-28,15.99,16.22,15.9,16.15,72570253.0,1168243282.0,11966890012.999998,0.0060642533624997,600048
2020-09-29,16.12,16.18,16.03,16.07,49830932.0,802059020.0,11966890012.999998,0.0041640670170668,600048
2020-09-30,16.2,16.25,15.73,15.89,67589199.0,1077401130.0,11966890012.999998,0.0056480170642978,600048
2020-10-09,16.0,16.1,15.87,16.06,54671938.0,874436426.0,11966890012.999998,0.0045686003582056,600048
2020-10-12,16.14,16.43,16.1,16.43,81152180.0,1323453787.0,11966890012.999998,0.0067813926518788,600048
2020-10-13,16.32,16.34,16.05,16.21,65703037.0,1062210456.0,11966890012.999998,0.0054904020116024,600048
2020-10-14,16.12,16.18,16.01,16.12,43485147.0,699725853.0,11966890012.999998,0.0036337884740948,600048
2020-10-15,16.12,16.31,16.09,16.12,42923645.0,695276599.0,11966890012.999998,0.0035868671771338,600048
2020-10-16,16.13,16.27,16.08,16.21,51472911.0,832468673.0,11966890012.999998,0.0043012771859759,600048
2020-10-19,16.32,16.76,16.19,16.29,88006705.0,1450752326.0,11966890012.999998,0.0073541834933216,600048
2020-10-20,16.21,16.26,16.03,16.15,53602838.0,863183179.0,11966890012.999998,0.0044792621927476,600048
2020-10-21,16.16,16.27,15.99,16.21,55498359.0,893552668.0,11966890012.999998,0.0046376593199829,600048
2020-10-22,16.2,16.49,16.15,16.3,68195909.0,1115156023.0,11966890012.999998,0.0056987161180487,600048
2020-10-23,16.26,16.56,16.18,16.4,77728683.0,1272903854.0,11966890012.999998,0.0064953118910227,600048
2020-10-26,16.5,16.62,16.3,16.44,59443899.0,977022349.0,11966890012.999998,0.0049673640298711,600048
2020-10-27,16.39,16.44,16.0,16.05,86912428.0,1403252178.0,11966890012.999998,0.007262741439554,600048
2020-10-28,16.05,16.08,15.58,15.72,79566925.0,1253531214.0,11966890012.999998,0.0066489225616316,600048
2020-10-29,15.58,15.89,15.54,15.76,54463620.0,856342069.0,11966890012.999998,0.0045511924936917,600048
2020-10-30,15.69,16.0,15.22,15.36,103910723.0,1614206110.0,11966890012.999998,0.0086831852625969,600048
2020-11-02,15.41,15.62,15.36,15.49,52432235.0,812795525.0,11966890012.999998,0.0043814420407508,600048
2020-11-03,15.51,15.62,15.34,15.57,56036919.0,869855616.0,11966890012.999998,0.0046826634939508,600048
2020-11-04,15.49,15.66,15.46,15.54,40054153.0,622589134.0,11966890012.999998,0.0033470812346806,600048
2020-11-05,15.61,16.04,15.61,15.92,82603458.0,1308077055.0,11966890012.999998,0.0069026671014996,600048
2020-11-06,15.98,16.27,15.9,16.16,82879002.0,1336891173.0,11966890012.999998,0.006925692632753,600048
2020-11-09,16.3,16.37,16.05,16.19,77143557.0,1249039966.0,11966890012.999998,0.0064464164804887,600048
2020-11-10,16.26,16.46,16.05,16.12,58562829.0,951190089.0,11966890012.999998,0.0048937383845244,600048
2020-11-11,16.12,16.5,16.05,16.4,99105024.0,1620543187.0,11966890012.999998,0.0082816023120743,600048
2020-11-12,16.29,16.42,16.18,16.27,50339875.0,819309271.0,11966890012.999998,0.0042065962790093,600048
2020-11-13,16.17,16.18,15.7,15.78,78733125.0,1247423484.0,11967615691.0,0.0065788480373086,600048
2020-11-16,15.8,16.05,15.72,15.99,65890484.0,1046180798.0,11967615691.0,0.0055057319437113,600048
2020-11-17,15.99,16.61,15.96,16.56,156810978.0,2573863957.0,11967615691.0,0.0131029423110508,600048
2020-11-18,16.58,17.06,16.25,16.73,148960700.0,2490400939.0,11967615691.0,0.0124469822432569,600048
2020-11-19,16.79,17.1,16.68,16.99,121050845.0,2049805361.0,11967615691.0,0.0101148673324322,600048
2020-11-20,17.08,17.08,16.68,16.96,63629087.0,1075326839.0,11967615691.0,0.0053167722496178,600048
2020-11-23,17.05,17.12,16.78,16.96,72772049.0,1235114048.0,11967615691.0,0.0060807474837888,600048
2020-11-24,16.85,17.05,16.7,16.78,60614933.0,1019684626.0,11967615691.0,0.0050649130591304,600048
2020-11-25,16.89,17.12,16.73,16.83,70508144.0,1193514297.0,11967615691.0,0.0058915782241423,600048
2020-11-26,16.87,16.93,16.58,16.89,54977497.0,922671725.0,11967615691.0,0.0045938554862974,600048
2020-11-27,16.94,17.41,16.9,17.4,99585427.0,1717255842.0,11967615691.0,0.0083212420561675,600048
2020-11-30,17.42,18.01,17.22,17.22,132145433.0,2330027673.0,11967615691.0,0.0110419181574636,600048
2020-12-01,17.2,17.3,16.67,17.25,101651427.0,1728916810.0,11967615691.0,0.0084938746049845,600048
2020-12-02,17.25,17.76,17.05,17.37,83731286.0,1466458130.0,11967615691.0,0.0069964885372253,600048
2020-12-03,17.37,17.47,17.11,17.27,51263411.0,885030518.0,11967615691.0,0.0042835107947652,600048
2020-12-04,17.27,17.3,16.82,16.96,56576610.0,957973975.0,11967615691.0,0.004727475502288,600048
2020-12-07,16.9,16.96,16.48,16.54,63418742.0,1053190524.0,11967615691.0,0.0052991960669068,600048
2020-12-08,16.58,16.63,16.36,16.46,48396951.0,796844190.0,11967615691.0,0.0040439927425473,600048
2020-12-09,16.5,16.54,16.23,16.29,59508659.0,973363723.0,11967615691.0,0.0049724740947983,600048
2020-12-10,16.28,16.42,16.08,16.21,47426545.0,767836297.0,11967615691.0,0.0039629067497267,600048
2020-12-11,16.3,16.3,15.91,15.98,53568750.0,858765080.0,11967615691.0,0.0044761422310949,600048
2020-12-14,16.2,16.27,16.0,16.21,56305982.0,908436303.0,11967615691.0,0.0047048621424519,600048
2020-12-15,16.18,16.2,15.9,16.02,48340704.0,773621738.0,11967615691.0,0.0040392928088719,600048
2020-12-16,16.07,16.3,15.95,16.1,49582101.0,797908259.0,11967615691.0,0.0041430224933849,600048
2020-12-17,16.08,16.23,15.95,16.16,53639387.0,865372582.0,11967615691.0,0.004482044576376,600048
2020-12-18,16.11,16.16,15.83,16.05,97168615.0,1556035905.0,11967615691.0,0.0081192960660554,600048
2020-12-21,15.94,15.97,15.69,15.91,67563920.0,1070674394.0,11967615691.0,0.0056455623028411,600048
2020-12-22,15.88,16.29,15.74,15.94,82822876.0,1327522004.0,11967615691.0,0.0069205828578106,600048
2020-12-23,15.98,16.01,15.55,15.65,90858242.0,1425579577.0,11967615691.0,0.0075920086628724,600048
2020-12-24,15.66,15.78,15.48,15.6,47985492.0,748652829.0,11967615691.0,0.004009611708712,600048
2020-12-25,15.72,15.73,15.5,15.72,35181324.0,550758574.0,11967615691.0,0.0029397103740937,600048
2020-12-28,15.7,15.77,15.37,15.66,69506487.0,1085273726.0,11967615691.0,0.0058078809342341,600048
2020-12-29,15.7,15.9,15.68,15.76,60610686.0,956988412.0,11967615691.0,0.0050645581847669,600048
2020-12-30,15.74,15.8,15.54,15.6,55300050.0,864261875.0,11967615691.0,0.0046208076385329,600048
2020-12-31,15.61,15.86,15.54,15.82,72241786.0,1138146528.0,11967615691.0,0.006036439326367,600048
2021-01-04,15.68,15.68,15.18,15.29,123298817.0,1889996643.0,11967615691.0,0.0103027052491938,600048
2021-01-05,15.19,15.2,14.68,15.1,132655847.0,1973875705.0,11967615691.0,0.0110845677556107,600048
2021-01-06,15.02,15.27,14.95,15.23,103979670.0,1576764325.0,11967615691.0,0.0086884198728236,600048
2021-01-07,15.24,15.45,14.81,15.06,100355191.0,1511452308.0,11967615691.0,0.0083855626376329,600048
2021-01-08,14.98,15.26,14.92,15.19,77412566.0,1171597291.0,11967615691.0,0.0064685036684639,600048
2021-01-11,15.19,15.45,14.96,15.04,123693474.0,1875366195.0,11967615691.0,0.0103356823275183,600048
2021-01-12,15.05,15.19,14.86,15.17,86881886.0,1303220805.0,11967615691.0,0.0072597489962296,600048
2021-01-13,15.25,15.68,15.12,15.45,120570979.0,1861224110.0,11967615691.0,0.0100747702895133,600048
2021-01-14,15.43,15.83,15.38,15.47,98063340.0,1524049319.0,11967615691.0,0.0081940582428416,600048
2021-01-15,15.41,15.75,15.41,15.52,85835087.0,1337980653.0,11967615691.0,0.0071722796934856,600048
2021-01-18,15.59,16.04,15.39,15.96,127787610.0,2011580670.0,11967615691.0,0.0106777835535026,600048
2021-01-19,15.75,16.4,15.6,16.1,182193556.0,2915611185.0,11967615691.0,0.0152238809052846,600048
2021-01-20,15.97,15.98,15.51,15.68,95879054.0,1505834153.0,11967615691.0,0.0080115418539136,600048
2021-01-21,15.6,15.66,15.23,15.32,134581587.0,2071155402.0,11967615691.0,0.0112454803425221,600048
2021-01-22,15.16,15.17,14.83,14.83,120563606.0,1800534756.0,11967615691.0,0.0100741542102381,600048
2021-01-25,14.76,14.76,14.36,14.63,143084553.0,2078401511.0,11967615691.0,0.0119559782578583,600048
2021-01-26,14.59,14.79,14.51,14.6,80402047.0,1177228120.0,11967615691.0,0.0067183012118666,600048
2021-01-27,14.61,14.76,14.25,14.37,94181990.0,1361236418.0,11967615691.0,0.0078697371666795,600048
2021-01-28,14.21,14.21,13.93,14.05,91456666.0,1284221551.0,11967615691.0,0.0076420122739049,600048
2021-01-29,14.09,14.15,13.77,13.81,72071290.0,1002283529.0,11967615691.0,0.0060221928795891,600048
2021-02-01,13.82,13.96,13.58,13.82,64637481.0,889652916.0,11967615691.0,0.0054010324753834,600048
2021-02-02,13.82,14.07,13.74,14.0,73421321.0,1025701935.0,11967615691.0,0.0061349998943578,600048
2021-02-03,14.05,14.05,13.7,13.76,54348435.0,750276303.0,11967615691.0,0.0045412917997418,600048
2021-02-04,13.74,13.74,13.31,13.38,97634543.0,1313817062.0,11967615691.0,0.0081582284659611,600048
2021-02-05,13.38,13.91,13.34,13.75,88379379.0,1205608245.0,11967615691.0,0.0073848777636186,600048
2021-02-08,13.98,14.22,13.8,13.95,84510315.0,1185075433.0,11967615691.0,0.0070615832912778,600048
2021-02-09,13.95,14.04,13.72,13.88,62771958.0,872253963.0,11969493288.0,0.0052443287689489,600048
2021-02-10,13.87,14.01,13.77,13.83,54345683.0,752943917.0,11969493288.0,0.0045403495112432,600048
2021-02-18,13.91,14.4,13.9,14.36,92524355.0,1313636871.0,11969493288.0,0.0077300143601534,600048
2021-02-19,14.27,14.5,14.18,14.41,64012114.0,921006211.0,11969493288.0,0.0053479385016386,600048
2021-02-22,14.42,14.81,14.3,14.7,90458256.0,1319299670.0,11969493288.0,0.0075574006203494,600048
2021-02-23,14.56,14.82,14.53,14.65,49177708.0,721243515.0,11969493288.0,0.0041085872907671,600048
2021-02-24,14.66,14.99,14.61,14.82,96124774.0,1426751335.0,11969493288.0,0.0080308139774279,600048
2021-02-25,15.05,16.3,14.99,16.07,386495594.0,6176422138.0,11969493288.0,0.0322900547834786,600048
2021-02-26,15.68,16.05,15.3,15.54,179897461.0,2811354363.0,11969493288.0,0.0150296638856346,600048
2021-03-01,15.69,16.28,15.41,16.08,142536044.0,2268679063.0,11969493288.0,0.011908277198576,600048
2021-03-02,16.06,16.64,15.9,16.02,129691037.0,2107836756.0,11969493288.0,0.0108351317703667,600048
2021-03-03,15.86,16.31,15.77,16.08,89475113.0,1430704230.0,11969493288.0,0.0074752632251946,600048
2021-03-04,15.98,16.28,15.5,15.62,112271783.0,1775824629.0,11969493288.0,0.0093798275581605,600048
2021-03-05,15.49,15.78,15.11,15.33,98639401.0,1517109184.0,11969493288.0,0.0082409003143759,600048
2021-03-08,15.49,15.6,15.18,15.18,65010774.0,1000109908.0,11969493288.0,0.0054313722758152,600048
2021-03-09,15.26,15.48,15.0,15.06,78823485.0,1201874219.0,11969493288.0,0.0065853652367242,600048
2021-03-10,15.17,15.26,14.82,14.9,66935872.0,998936361.0,11969493288.0,0.0055922059847852,600048
2021-03-11,14.94,15.23,14.9,15.0,61152835.0,920079135.0,11969493288.0,0.0051090579633232,600048
2021-03-12,15.02,15.6,14.74,15.18,79003668.0,1195463155.0,11969493288.0,0.0066004187561728,600048
2021-03-15,15.24,15.28,14.86,14.98,77100176.0,1157387333.0,11969493288.0,0.0064413901361469,600048
2021-03-16,15.0,15.65,14.89,15.58,89605159.0,1375189818.0,11969493288.0,0.0074861280126063,600048
2021-03-17,15.4,15.69,15.25,15.32,57941866.0,893531686.0,11969493288.0,0.0048407952288247,600048
2021-03-18,15.36,15.43,15.18,15.25,46258005.0,706135798.0,11969493288.0,0.0038646585855372,600048
2021-03-19,15.11,15.14,14.57,14.66,77913581.0,1152027145.0,11969493288.0,0.0065093466469555,600048
2021-03-22,14.51,14.75,14.48,14.68,40023885.0,585610373.0,11969493288.0,0.0033438245076026,600048
2021-03-23,14.68,14.76,14.45,14.51,47757153.0,694425255.0,11969493288.0,0.0039899059927523,600048
2021-03-24,14.48,14.54,14.25,14.32,49966688.0,717477372.0,11969493288.0,0.0041745031972317,600048
2021-03-25,14.33,14.44,14.22,14.34,30644557.0,438914140.0,11969493288.0,0.0025602217456208,600048
2021-03-26,14.34,14.45,14.3,14.35,39281911.0,564426455.0,11969493288.0,0.0032818357515085,600048
2021-03-29,14.31,14.43,14.17,14.36,48836266.0,699702839.0,11969493288.0,0.0040800612711785,600048
2021-03-30,14.3,14.55,14.25,14.39,44133028.0,634739671.0,11969493288.0,0.0036871258405103,600048
2021-03-31,14.37,14.38,14.09,14.23,45418711.0,643623297.0,11969493288.0,0.0037945391594424,600048
2021-04-01,14.24,14.29,14.05,14.15,33386490.0,472643671.0,11969493288.0,0.0027892985272377,600048
2021-04-02,14.18,14.27,14.09,14.2,32698273.0,463386324.0,11969493288.0,0.0027318009387065,600048
2021-04-06,14.25,14.29,14.17,14.2,27195249.0,386657013.0,11969493288.0,0.0022720468064646,600048
2021-04-07,14.2,14.3,14.12,14.27,33541454.0,476552056.0,11969493288.0,0.0028022451070361,600048
2021-04-08,14.18,14.19,14.08,14.15,34502765.0,487196013.0,11969493288.0,0.002882558531913,600048
2021-04-09,14.14,14.15,13.9,13.99,46172274.0,646077647.0,11969493288.0,0.0038574961269488,600048
2021-04-12,14.0,14.31,13.96,14.28,58483237.0,829937927.0,11969493288.0,0.0048860244617566,600048
2021-04-13,14.27,14.38,14.12,14.33,42521839.0,605764690.0,11969493288.0,0.0035525178866702,600048
2021-04-14,14.33,14.41,14.25,14.34,37603869.0,538429013.0,11969493288.0,0.003141642515285,600048
2021-04-15,14.34,14.42,14.25,14.33,31165260.0,446634899.0,11969493288.0,0.0026037242554991,600048
2021-04-16,14.4,14.52,14.31,14.49,37953301.0,548236200.0,11969493288.0,0.00317083606522,600048
2021-04-19,14.5,14.58,14.4,14.57,35640107.0,517225339.0,11969493288.0,0.0029775785943863,600048
2021-04-20,14.39,14.42,14.08,14.12,86469697.0,1226098949.0,11969493288.0,0.0072241735651992,600048
2021-04-21,14.11,14.18,13.98,14.16,42992030.0,605285250.0,11969493288.0,0.0035918003348647,600048
2021-04-22,14.18,14.3,14.13,14.21,41482471.0,588948169.0,11969493288.0,0.003465683133102,600048
2021-04-23,14.16,14.19,13.96,14.12,66423963.0,932922953.0,11969493288.0,0.0055494381760164,600048
2021-04-26,14.07,14.15,13.98,14.0,50747404.0,712300206.0,11969493288.0,0.0042397286818212,600048
2021-04-27,14.0,14.18,13.91,14.12,44975962.0,632324208.0,11969493288.0,0.0037575493730457,600048
2021-04-28,14.17,14.18,14.05,14.13,33443765.0,472050224.0,11969493288.0,0.0027940836086627,600048
2021-04-29,14.17,14.19,14.06,14.18,33910573.0,479619428.0,11969493288.0,0.002833083421668,600048
2021-04-30,14.1,14.18,13.91,14.0,51401574.0,720925490.0,11969493288.0,0.004294381789038,600048
2021-05-06,13.93,14.07,13.9,13.96,32663204.0,455954845.0,11969493288.0,0.0027288710736607,600048
2021-05-07,13.91,14.03,13.86,13.91,35914102.0,500927532.0,11969493288.0,0.0030004697054306,600048
2021-05-10,13.88,13.9,13.57,13.74,49324635.0,675473003.0,11969493288.0,0.0041208624135702,600048
2021-05-11,13.64,13.84,13.59,13.8,30236546.0,414594468.0,11969493288.0,0.0025261341706347,600048
2021-05-12,13.71,13.73,13.39,13.48,70503609.0,954131618.0,11969493288.0,0.0058902751606605,600048
2021-05-13,13.39,13.48,13.36,13.44,34465009.0,461943771.0,11969493288.0,0.0028794041795029,600048
2021-05-14,13.45,13.65,13.37,13.63,44218622.0,597131715.0,11969493288.0,0.0036942768533344,600048
2021-05-17,13.58,13.75,13.51,13.67,40865789.0,558256091.0,11969493288.0,0.0034141619880408,600048
2021-05-18,13.65,13.84,13.56,13.73,40769856.0,558572352.0,11969493288.0,0.0034061471959614,600048
2021-05-19,13.73,13.75,13.44,13.49,41639118.0,564109664.0,11969493288.0,0.0034787703203564,600048
2021-05-20,13.51,13.52,13.39,13.49,32441344.0,436281549.0,11969493288.0,0.0027103356190127,600048
2021-05-21,13.48,13.54,13.26,13.26,53319514.0,712850088.0,11969493288.0,0.0044546174777052,600048
2021-05-24,13.23,13.23,13.05,13.08,52027282.0,681858868.0,11969493288.0,0.0043466570178171,600048
2021-05-25,13.07,13.49,13.03,13.47,64366060.0,855660865.0,11969493288.0,0.0053775091769782,600048
2021-05-26,13.47,14.06,13.46,13.72,107427796.0,1481795593.0,11969493288.0,0.0089751331501811,600048
2021-05-27,13.73,13.97,13.65,13.76,55342103.0,764358619.0,11969493288.0,0.0046235961429948,600048
2021-05-28,13.8,13.85,13.48,13.58,46885045.0,637404999.0,11969493288.0,0.0039170450972226,600048
2021-05-31,13.59,13.66,13.41,13.52,42499343.0,573770002.0,11969493288.0,0.0035506384420305,600048
2021-06-01,13.55,13.62,13.32,13.36,42721770.0,571875190.0,11969493288.0,0.0035692212671049,600048
2021-06-02,13.36,13.55,13.26,13.46,41839004.0,562081319.0,11969493288.0,0.0034954699412334,600048
2021-06-03,13.45,13.57,13.38,13.39,33721015.0,453955288.0,11969493288.0,0.0028172466610434,600048
2021-06-04,13.38,13.52,13.32,13.42,39479591.0,529670865.0,11969493288.0,0.0032983510705152,600048
2021-06-07,13.33,13.33,13.01,13.1,66262465.0,868066857.0,11969493288.0,0.0055359457084479,600048
2021-06-08,13.15,13.22,13.06,13.1,39036857.0,511842743.0,11969493288.0,0.0032613625373044,600048
2021-06-09,13.13,13.19,13.1,13.15,35700878.0,469119034.0,11969493288.0,0.0029826557516676,600048
2021-06-10,13.15,13.19,13.05,13.05,35590081.0,466380852.0,11969493288.0,0.002973399135925,600048
2021-06-11,13.05,13.13,12.98,13.07,45237805.0,590105882.0,11969493288.0,0.0037794252364344,600048
2021-06-15,13.06,13.06,12.68,12.68,55571749.0,713259542.0,11969493288.0,0.0046427820846612,600048
2021-06-16,12.6,12.99,12.56,12.89,46024364.0,591376921.0,11969493288.0,0.0038451388786977,600048
2021-06-17,12.86,12.95,12.75,12.89,37088795.0,476960024.0,11969493288.0,0.0030986102842952,600048
2021-06-18,12.85,12.87,12.62,12.77,39879241.0,507648823.0,11969493288.0,0.0033317401196908,600048
2021-06-21,12.74,12.76,12.47,12.52,41477637.0,521094744.0,11969493288.0,0.0034652792730652,600048
2021-06-22,12.52,12.65,12.25,12.3,59046742.0,732184300.0,11969493288.0,0.0049331028957756,600048
2021-06-23,12.32,12.47,12.29,12.42,51398614.0,636991358.0,11969493288.0,0.0042941344936906,600048
2021-06-24,12.4,12.53,12.33,12.4,39710672.0,493179282.0,11969493288.0,0.0033176569002976,600048
2021-06-25,12.42,12.5,12.36,12.47,36342555.0,452460406.0,11969493288.0,0.0030362651221363,600048
2021-06-28,12.47,12.49,12.09,12.13,63618040.0,777833702.0,11969493288.0,0.0053150153034281,600048
2021-06-29,12.13,12.2,11.98,12.0,52143370.0,628659159.0,11969493288.0,0.004356355673993,600048
2021-06-30,12.04,12.1,11.98,12.04,36109105.0,434201731.0,11969493288.0,0.0030167613725303,600048
2021-07-01,12.07,12.6,12.01,12.54,92740005.0,1148526815.0,11969493288.0,0.0077480309958464,600048
2021-07-02,12.48,12.49,12.06,12.09,56449667.0,690484540.0,11969493288.0,0.0047161283808558,600048
2021-07-05,12.09,12.12,11.78,11.88,60937817.0,723294087.0,11969493288.0,0.0050910941285286,600048
2021-07-06,11.87,12.48,11.81,12.31,82571120.0,1012673320.0,11969493288.0,0.0068984641215164,600048
2021-07-07,12.23,12.38,12.12,12.17,38598696.0,470737371.0,11969493288.0,0.003224756058696,600048
2021-07-08,12.18,12.23,11.91,12.12,52880177.0,636119053.0,11969493288.0,0.0044179127493237,600048
2021-07-09,12.07,12.26,12.03,12.18,35368699.0,429528833.0,11969493288.0,0.0029549036161337,600048
2021-07-12,12.28,12.28,12.01,12.02,47959190.0,581087656.0,11969493288.0,0.0040067853204848,600048
2021-07-13,12.04,12.25,11.97,12.04,37467975.0,452255464.0,11970107583.000002,0.0031301285088876,600048
2021-07-14,12.05,12.05,11.76,11.79,48894855.0,578637678.0,11970107583.000002,0.0040847464954651,600048
2021-07-15,11.76,11.89,11.65,11.8,48378335.0,570489716.0,11970107583.000002,0.0040415956719308,600048
2021-07-16,11.74,11.93,11.74,11.79,36420226.0,430142360.0,11970107583.000002,0.0030425980508081,600048
2021-07-19,11.78,11.82,11.37,11.44,75538399.0,866498465.0,11970107583.000002,0.0063105864735317,600048
2021-07-20,11.36,11.47,11.2,11.41,64710358.0,733361493.0,11970107583.000002,0.0054059963581197,600048
2021-07-21,11.4,11.47,11.18,11.21,64577767.0,726554710.0,11970107583.000002,0.0053949195153194,600048
2021-07-22,11.21,11.37,11.13,11.29,58534000.0,660017197.0,11970107583.000002,0.0048900145294542,600048
2021-07-23,11.24,11.25,11.09,11.15,51065064.0,569064826.0,11970107583.000002,0.0042660488759953,600048
2021-07-26,10.99,10.99,10.36,10.41,117645552.0,1246021828.0,11970107583.000002,0.0098282785834841,600048
2021-07-27,10.4,10.41,9.97,10.0,143979405.0,1459894894.0,11970107583.000002,0.012028246530088,600048
2021-07-28,10.0,10.21,9.91,10.04,111989516.0,1128677105.0,11970107583.000002,0.0093557652028999,600048
2021-07-29,10.17,10.19,9.82,10.02,95725750.0,953702847.0,11970107583.000002,0.0079970668046417,600048
2021-07-30,9.86,10.07,9.77,10.01,69539153.0,690819064.0,11970107583.000002,0.0058094008360258,600048
2021-08-02,9.95,10.32,9.76,10.19,105807578.0,1067850326.0,11970107583.000002,0.0088393172130105,600048
2021-08-03,10.13,10.23,10.06,10.09,54982012.0,556191826.0,11970107583.000002,0.0045932763443233,600048
2021-08-04,10.09,10.09,9.95,9.99,51074095.0,510906714.0,11970107583.000002,0.0042668033387215,600048
2021-08-05,10.2,10.84,10.2,10.48,178431811.0,1877786197.0,11970107583.000002,0.0149064500684529,600048
2021-08-06,10.32,10.81,10.24,10.75,116746898.0,1236985643.0,11970107583.000002,0.0097532037360971,600048
2021-08-09,10.66,11.83,10.63,11.56,213128043.0,2451874247.0,11970107583.000002,0.0178050231814695,600048
2021-08-10,11.61,11.72,11.21,11.62,132944393.0,1522751040.0,11970107583.000002,0.0111063657597203,600048
2021-08-11,11.99,12.78,11.99,12.59,281697338.0,3572432426.0,11970107583.000002,0.02353340068556,600048
2021-08-12,12.3,12.83,12.27,12.42,123086017.0,1538852237.0,11970107583.000002,0.0102827828527462,600048
2021-08-13,12.38,12.46,11.98,12.02,154420411.0,1884288757.0,11970107583.000002,0.0129005031850598,600048
2021-08-16,11.49,12.06,11.29,11.84,151958154.0,1794727894.0,11970107583.000002,0.0126948026946567,600048
2021-08-17,11.79,12.42,11.65,12.2,171845343.0,2096863255.0,11970107583.000002,0.0143562070606663,600048
2021-08-18,12.08,12.48,11.88,12.21,123659480.0,1512646287.0,11970107583.000002,0.0103306907763821,600048
2021-08-19,12.1,12.12,11.66,11.8,107600718.0,1275708053.0,11970107583.000002,0.0089891187070711,600048
2021-08-20,11.93,12.27,11.81,12.12,109310131.0,1322045562.0,11970107583.000002,0.0091319255271558,600048
2021-08-23,12.05,12.18,11.88,11.92,57385093.0,688914787.0,11970107583.000002,0.0047940331865937,600048
2021-08-24,11.95,12.1,11.62,11.78,82394286.0,972482717.0,11970107583.000002,0.0068833371319917,600048
2021-08-25,11.87,11.88,11.4,11.49,80802681.0,936831193.0,11970107583.000002,0.00675037216163,600048
2021-08-26,11.49,11.85,11.33,11.4,76349389.0,881340627.0,11970107583.000002,0.0063783377443016,600048
2021-08-27,11.37,11.44,11.09,11.2,77151567.0,864408805.0,11970107583.000002,0.0064453528479201,600048
2021-08-30,11.1,11.1,10.58,10.85,109461003.0,1187921404.0,11970107583.000002,0.0091445295909835,600048
2021-08-31,10.85,11.48,10.81,11.39,113972897.0,1272688276.0,11970107583.000002,0.0095214597036592,600048
2021-09-01,11.28,12.24,11.28,12.14,148956564.0,1787523447.0,11970107583.000002,0.0124440455498953,600048
2021-09-02,12.25,12.88,12.12,12.43,147911568.0,1840799581.0,11970107583.000002,0.0123567450813946,600048
2021-09-03,12.3,12.65,12.08,12.28,102746748.0,1266944693.0,11970107583.000002,0.0085836110734644,600048
2021-09-06,12.19,12.4,12.01,12.04,61354690.0,744216428.0,11970107583.000002,0.0051256590280889,600048
2021-09-07,12.07,12.13,11.82,12.05,60454038.0,725022701.0,11970107583.000002,0.0050504172649088,600048
2021-09-08,12.1,12.14,11.86,11.92,39702681.0,475274834.0,11970107583.000002,0.0033168190615417,600048
2021-09-09,11.92,12.18,11.74,12.08,70781954.0,850198424.0,11970107583.000002,0.0059132262186619,600048
2021-09-10,12.1,12.52,12.09,12.46,104509998.0,1292152315.0,11970107583.000002,0.0087309155139445,600048
2021-09-13,12.5,13.33,12.36,13.15,173386145.0,2259035178.0,11970107583.000002,0.0144849278753554,600048
2021-09-14,13.12,13.42,12.88,12.99,104282547.0,1367553635.0,11970107583.000002,0.0087119139303394,600048
2021-09-15,12.89,13.14,12.35,12.62,113189595.0,1436605960.0,11970107583.000002,0.0094560215282235,600048
2021-09-16,12.79,12.82,12.15,12.28,100226369.0,1235031396.0,11970107583.000002,0.0083730549876044,600048
2021-09-17,12.29,13.08,12.16,12.97,89852064.0,1152391307.0,11970107583.000002,0.0075063706300859,600048
2021-09-22,12.6,13.96,12.53,13.71,189957248.0,2587525698.0,11970107583.000002,0.0158693016485313,600048
2021-09-23,13.8,14.22,13.55,13.68,129499405.0,1802281683.0,11970107583.000002,0.010818566508451,600048
2021-09-24,13.68,14.17,13.3,13.42,107414329.0,1472427065.0,11970107583.000002,0.0089735475019915,600048
2021-09-27,13.5,13.55,12.78,12.91,85140661.0,1104506928.0,11970107583.000002,0.0071127732486646,600048
2021-09-28,13.6,14.1,13.59,13.63,171011901.0,2362467743.0,11970107583.000002,0.0142865801175314,600048
2021-09-29,14.0,14.05,13.58,13.81,111188490.0,1537895678.0,11970107583.000002,0.0092888463390179,600048
2021-09-30,14.0,14.55,13.92,14.03,113213409.0,1604766460.0,11970107583.000002,0.009458010984027,600048
2021-10-08,14.2,14.27,13.47,13.55,71247483.0,978041794.0,11970107583.000002,0.0059521171807332,600048
2021-10-11,13.6,14.32,13.6,13.89,91732920.0,1288098517.0,11970107583.000002,0.0076635000449185,600048
2021-10-12,13.88,14.58,13.76,14.09,146352980.0,2094511282.0,11970107583.000002,0.01222653839869,600048
2021-10-13,14.14,14.34,13.68,13.91,86955996.0,1212100488.0,11970107583.000002,0.0072644289449407,600048
2021-10-14,13.72,13.98,13.28,13.5,111395796.0,1511497010.0,11970107583.000002,0.0093061649803552,600048
2021-10-15,13.5,13.9,13.38,13.8,85913757.0,1177930663.0,11970107583.000002,0.0071773588001844,600048
2021-10-18,13.63,13.79,12.68,13.3,133138239.0,1744050201.0,11970107583.000002,0.0111225599333028,600048
2021-10-19,13.2,13.23,12.6,12.89,128594055.0,1656009396.0,11970107583.000002,0.0107429322675954,600048
2021-10-20,12.89,12.98,12.6,12.76,74032456.0,942568642.0,11970107583.000002,0.0061847778298284,600048
2021-10-21,12.75,13.53,12.7,13.46,122692421.0,1625899032.0,11970107583.000002,0.0102499012769315,600048
2021-10-22,13.68,14.54,13.53,13.71,165525459.0,2315783539.0,11970107583.000002,0.0138282348635763,600048
2021-10-25,13.31,14.25,13.3,13.49,115747512.0,1581623573.0,11970107583.000002,0.0096697135925816,600048
2021-10-26,13.5,13.65,12.96,13.05,93811799.0,1236133464.0,11970107583.000002,0.0078371725859199,600048
2021-10-27,13.17,13.28,12.8,13.01,77747833.0,1012053338.0,11970107583.000002,0.0064951657669658,600048
2021-10-28,13.19,13.19,12.63,12.93,70161484.0,904912875.0,11970107583.000002,0.0058613912626519,600048
2021-10-29,12.95,12.95,12.25,12.56,113996225.0,1420316138.0,11970107583.000002,0.0095234085583238,600048
2021-11-01,12.56,12.75,12.15,12.25,79104865.0,977843589.0,11970107583.000002,0.0066085341716013,600048
2021-11-02,12.3,12.6,12.03,12.23,72865594.0,894689988.0,11970107583.000002,0.0060872965004495,600048
2021-11-03,12.21,13.05,12.12,12.91,106914414.0,1361918633.0,11970107583.000002,0.0089317838840346,600048
2021-11-04,12.83,12.86,12.36,12.62,72618078.0,915737616.0,11970107583.000002,0.0060666186578918,600048
2021-11-05,12.5,12.54,12.22,12.24,67089448.0,827821675.0,11970107583.000002,0.0056047489577521,600048
2021-11-08,12.38,12.6,12.22,12.58,58672053.0,731687752.0,11970107583.000002,0.0049015476755886,600048
2021-11-09,12.51,12.72,12.32,12.55,52389141.0,657123201.0,11970107583.000002,0.0043766641725428,600048
2021-11-10,12.74,13.6,12.38,13.5,158448825.0,2076546383.0,11970107583.000002,0.0132370426833113,600048
2021-11-11,13.68,14.85,13.66,14.85,286946810.0,4173020500.0,11970107583.000002,0.0239719491249621,600048
2021-11-12,15.0,15.13,14.54,14.87,215369855.0,3200738696.0,11970107583.000002,0.0179923073795818,600048
2021-11-15,14.86,14.87,14.11,14.49,100785033.0,1451489046.0,11970107583.000002,0.0084197265815,600048
2021-11-16,14.43,14.78,14.39,14.41,70186249.0,1021992920.0,11970107583.000002,0.0058634601663629,600048
2021-11-17,14.55,14.56,14.1,14.32,56945674.0,812678655.0,11970107583.000002,0.0047573234914675,600048
2021-11-18,14.41,14.54,13.86,14.0,61789570.0,868229111.0,11970107583.000002,0.0051619895286282,600048
2021-11-19,13.91,15.2,13.75,15.02,145806518.0,2127791916.0,11970107583.000002,0.0121808861774204,600048
2021-11-22,15.08,15.1,13.97,14.11,152213651.0,2174954762.0,11970107583.000002,0.0127161472814308,600048
2021-11-23,14.17,14.68,14.01,14.4,74526821.0,1072061642.0,11970107583.000002,0.0062260777928047,600048
2021-11-24,14.43,15.05,14.31,14.55,97709599.0,1438019946.0,11970107583.000002,0.008162800402794,600048
2021-11-25,14.38,14.65,14.15,14.26,54533770.0,780730913.0,11970107583.000002,0.00455582956309,600048
2021-11-26,14.2,14.23,13.89,14.06,53543807.0,751399931.0,11970107583.000002,0.0044731266305445,600048
2021-11-29,13.92,14.13,13.8,13.95,47124877.0,656043824.0,11970107583.000002,0.0039368799881904,600048
2021-11-30,13.86,14.14,13.75,13.85,53548036.0,744120223.0,11970107583.000002,0.0044734799272856,600048
2021-12-01,13.75,14.38,13.74,14.09,69465990.0,980778964.0,11970107583.000002,0.0058032886938005,600048
2021-12-02,14.0,14.71,13.82,14.45,67792349.0,972988416.0,11970107583.000002,0.0056634703180344,600048
2021-12-03,14.38,14.83,14.25,14.74,79508373.0,1161841198.0,11970107583.000002,0.006642243810149,600048
2021-12-06,15.27,15.86,14.9,15.06,144010566.0,2196619275.0,11970107583.000002,0.0120308497648362,600048
2021-12-07,15.55,15.75,14.7,14.9,132413033.0,2018189323.0,11970107583.000002,0.0110619751812467,600048
2021-12-08,14.9,15.07,14.38,14.91,87449575.0,1287875182.0,11970107583.000002,0.0073056632443467,600048
2021-12-09,14.85,15.6,14.8,15.24,93506724.0,1426791799.0,11970107583.000002,0.0078116861817347,600048
2021-12-10,15.15,15.28,14.62,14.97,86788369.0,1293134989.0,11970107583.000002,0.0072504251443201,600048
2021-12-13,14.85,14.97,14.45,14.5,96220117.0,1411314740.0,11970107583.000002,0.0080383669347009,600048
2021-12-14,14.4,14.4,13.9,13.98,107761271.0,1512411530.0,11970107583.000002,0.0090025315355597,600048
2021-12-15,13.95,14.47,13.88,14.27,61736026.0,879143675.0,11970107583.000002,0.0051575163858742,600048
2021-12-16,14.21,14.53,14.13,14.47,54042655.0,777721151.0,11970107583.000002,0.0045148011097871,600048
2021-12-17,14.49,14.85,14.37,14.43,58744033.0,856067305.0,11970107583.000002,0.0049075609882929,600048
2021-12-20,14.47,14.94,14.4,14.7,69738081.0,1028087352.0,11970107583.000002,0.005826019567196,600048
2021-12-21,14.7,15.55,14.7,15.44,116055640.0,1781316202.0,11970107583.000002,0.0096954550487768,600048
2021-12-22,15.45,15.61,15.2,15.48,82877221.0,1281672104.0,11970107583.000002,0.0069236822163321,600048
2021-12-23,15.42,15.73,15.21,15.6,62812477.0,973479072.0,11970107583.000002,0.0052474446503059,600048
2021-12-24,15.48,15.82,15.13,15.61,60705054.0,941839897.0,11970107583.000002,0.0050713875024994,600048
2021-12-27,15.8,16.02,15.18,15.29,88947152.0,1380720419.0,11970107583.000002,0.0074307729803801,600048
2021-12-28,15.19,15.33,14.87,15.2,60228833.0,910077900.0,11970107583.000002,0.0050316033153734,600048
2021-12-29,15.22,15.31,15.0,15.05,47067829.0,711642288.0,11970107583.000002,0.0039321141162378,600048
2021-12-30,15.01,15.35,14.93,15.1,44142856.0,668620812.0,11970107583.000002,0.0036877576658284,600048
2021-12-31,15.06,15.88,15.05,15.63,65405240.0,1022262201.0,11970107583.000002,0.0054640477996111,600048
2022-01-04,15.5,15.9,15.34,15.8,64521384.0,1013405609.0,11970107583.000002,0.005390209198423,600048
2022-01-05,15.64,16.4,15.62,16.0,117339835.0,1883779310.0,11970107583.000002,0.0098027385456958,600048
2022-01-06,15.98,16.16,15.4,15.51,81091467.0,1272033541.0,11970107583.000002,0.0067744977593322,600048
2022-01-07,15.75,16.34,15.6,16.15,95015827.0,1529518635.0,11970107583.000002,0.007937758816382,600048
2022-01-10,15.78,16.6,15.72,16.47,122431885.0,1990885863.0,11970107583.000002,0.0102281357248516,600048
2022-01-11,16.4,17.08,16.01,16.16,135641920.0,2242702140.0,11970107583.000002,0.0113317210442318,600048
2022-01-12,16.08,16.2,15.64,16.0,72931700.0,1164101277.0,11970107583.000002,0.0060928190907471,600048
2022-01-13,15.99,16.37,15.51,15.55,63388983.0,1003299034.0,11970107583.000002,0.0052956067905375,600048
2022-01-14,15.55,15.59,14.88,14.95,98322555.0,1477495648.0,11970107583.000002,0.0082140076284392,600048
2022-01-17,14.91,15.68,14.91,15.37,78332075.0,1206395700.0,11970107583.000002,0.0065439741837615,600048
2022-01-18,15.4,16.28,15.21,16.15,82854191.0,1317079317.0,11970107583.000002,0.0069217582570159,600048
2022-01-19,16.28,16.8,15.9,16.09,71045292.0,1154404503.0,11970107583.000002,0.005935225853851,600048
2022-01-20,16.4,16.48,15.42,15.5,123311348.0,1949853530.0,11970107583.000002,0.0103016073285028,600048
2022-01-21,15.5,15.79,15.25,15.48,63986013.0,991202395.0,11970107583.000002,0.0053454835352418,600048
2022-01-24,15.44,16.19,15.3,15.99,84994496.0,1347855666.0,11970107583.000002,0.0071005624143854,600048
2022-01-25,15.88,16.07,15.51,15.54,42176253.0,663756507.0,11970107583.000002,0.0035234648233152,600048
2022-01-26,15.78,15.79,15.36,15.55,44827716.0,696887631.0,11970283692.0,0.0037449167583187,600048
2022-01-27,15.55,16.07,15.2,15.65,57709984.0,906916186.0,11970283692.0,0.0048211041179056,600048
2022-01-28,15.75,16.13,15.56,15.7,78806455.0,1251595655.0,11970283692.0,0.0065835077119072,600048
2022-02-07,15.72,16.12,15.3,15.96,81531265.0,1285701520.0,11970283692.0,0.0068111389084695,600048
2022-02-08,15.81,16.13,15.67,15.8,83074343.0,1320397416.0,11970283692.0,0.0069400479669099,600048
2022-02-09,15.86,16.5,15.47,15.59,113007580.0,1805740822.0,11970283692.0,0.0094406768383881,600048
2022-02-10,15.4,16.48,15.11,16.02,134878319.0,2158128036.0,11970283692.0,0.01126776294284,600048
2022-02-11,15.97,16.46,15.7,15.75,96845190.0,1554835893.0,11970283692.0,0.0080904674017645,600048
2022-02-14,15.57,15.77,15.2,15.31,76202615.0,1173056032.0,11970283692.0,0.0063659823744133,600048
2022-02-15,15.31,15.43,15.18,15.32,51019976.0,780407022.0,11970283692.0,0.004262219452167,600048
2022-02-16,15.34,16.03,15.2,15.84,70872806.0,1115952057.0,11970283692.0,0.0059207290172551,600048
2022-02-17,15.87,15.87,15.28,15.49,68250513.0,1055084456.0,11970283692.0,0.0057016621122867,600048
2022-02-18,15.5,16.36,15.5,16.33,129348761.0,2075701515.0,11970283692.0,0.0108058225124978,600048
2022-02-21,16.36,16.45,16.06,16.34,76247061.0,1239554335.0,11970283692.0,0.0063696954025373,600048
2022-02-22,16.34,16.75,16.1,16.45,69813733.0,1146587695.0,11970283692.0,0.0058322538376143,600048
2022-02-23,16.42,16.48,15.89,16.08,60743583.0,976156386.0,11970283692.0,0.0050745316120282,600048
2022-02-24,16.02,16.32,15.84,15.97,50313089.0,806894943.0,11970283692.0,0.0042031659645314,600048
2022-02-25,15.95,16.35,15.72,15.81,65615988.0,1046527101.0,11970283692.0,0.0054815733434832,600048
2022-02-28,15.73,15.98,15.5,15.82,47529468.0,747608341.0,11970283692.0,0.0039706216847446,600048
2022-03-01,15.82,16.42,15.73,16.35,70649863.0,1141783243.0,11970283692.0,0.0059021043124664,600048
2022-03-02,16.44,17.0,16.37,16.55,84178168.0,1401918908.0,11970283692.0,0.0070322617379785,600048
2022-03-03,16.6,17.23,16.6,17.11,102837225.0,1756733544.0,11970283692.0,0.0085910432572895,600048
2022-03-04,17.01,17.15,16.65,17.02,67775365.0,1147429047.0,11970283692.0,0.0056619681491171,600048
2022-03-07,17.0,17.61,16.89,17.16,105960775.0,1836319453.0,11970283692.0,0.0088519852767412,600048
2022-03-08,17.1,17.27,16.71,16.8,59747333.0,1014745494.0,11970283692.0,0.00499130467893,600048
2022-03-09,16.88,17.09,15.64,16.22,140779891.0,2295472916.0,11970283692.0,0.011760781500449,600048
2022-03-10,16.4,16.48,15.85,16.16,73760806.0,1192062895.0,11970283692.0,0.0061619931405047,600048
2022-03-11,16.0,16.25,15.71,16.23,50499051.0,807813795.0,11970283692.0,0.0042187012688554,600048
2022-03-14,15.91,17.08,15.8,16.34,105490794.0,1753734090.0,11970283692.0,0.0088127229658309,600048
2022-03-15,16.2,16.3,14.71,14.71,121610771.0,1866358689.0,11970283692.0,0.0101593892115752,600048
2022-03-16,14.5,15.3,13.62,14.99,169020017.0,2448022517.0,11970283692.0,0.0141199675253277,600048
2022-03-17,15.61,15.74,15.24,15.44,129218516.0,2002830550.0,11970283692.0,0.0107949418179921,600048
2022-03-18,15.2,16.98,15.1,16.98,125161541.0,2019119702.0,11970283692.0,0.0104560212790652,600048
2022-03-21,16.81,16.87,16.17,16.67,108437971.0,1787800161.0,11970283692.0,0.0090589307480215,600048
2022-03-22,16.38,17.58,16.28,17.22,130366567.0,2237476908.0,11970283692.0,0.0108908502383386,600048
2022-03-23,17.22,17.63,16.69,17.23,119340295.0,2040659410.0,11970283692.0,0.0099697131722749,600048
2022-03-24,16.92,17.3,16.87,17.07,50558623.0,863914288.0,11970283692.0,0.0042236779261789,600048
2022-03-25,16.91,17.23,16.7,16.77,69102617.0,1167581506.0,11970283692.0,0.0057728470584354,600048
2022-03-28,16.71,17.3,16.51,16.94,94549955.0,1603628649.0,11970283692.0,0.0078987229904325,600048
2022-03-29,16.69,17.08,16.56,16.8,62039351.0,1044556348.0,11970283692.0,0.0051827803414101,600048
2022-03-30,16.9,18.0,16.72,17.72,124715837.0,2174048573.0,11970283692.0,0.0104187870738059,600048
2022-03-31,17.7,18.18,17.4,17.7,100208898.0,1777714796.0,11970283692.0,0.0083714722707008,600048
2022-04-01,17.53,18.38,17.15,18.21,139203381.0,2460832403.0,11970283692.0,0.0116290795257452,600048
2022-04-06,18.3,18.88,18.03,18.3,131341856.0,2422593741.0,11970283692.0,0.0109723260851184,600048
2022-04-07,18.04,18.24,17.55,17.62,89658284.0,1597745697.0,11970283692.0,0.0074900717733131,600048
2022-04-08,17.52,18.41,17.3,18.21,99137412.0,1773260162.0,11970283692.0,0.0082819601064472,600048
2022-04-11,17.94,18.3,17.51,17.93,83538301.0,1502007399.0,11970283692.0,0.0069788071151421,600048
2022-04-12,18.01,18.2,16.88,17.15,99722530.0,1747179666.0,11970283692.0,0.0083308409863875,600048
2022-04-13,17.15,18.4,16.77,17.78,113907117.0,2009314709.0,11970283692.0,0.0095158243472647,600048
2022-04-14,17.73,19.28,17.57,18.93,145651051.0,2689551229.0,11970283692.0,0.012167719224344,600048
2022-04-15,18.62,19.88,18.58,19.32,127974203.0,2472632596.0,11970283692.0,0.0106909916500582,600048
2022-04-18,18.88,19.31,18.18,18.39,103160551.0,1925229907.0,11970283692.0,0.0086180539788663,600048
2022-04-19,18.5,18.61,17.9,18.38,99924221.0,1825888922.0,11970283692.0,0.008347690294657,600048
2022-04-20,18.4,18.4,16.92,17.43,183960925.0,3206246689.0,11970283692.0,0.0153681341005263,600048
2022-04-21,17.3,17.88,17.11,17.51,96725458.0,1693446860.0,11970283692.0,0.0080804649654747,600048
2022-04-22,17.25,18.2,16.77,17.78,118177410.0,2088522574.0,11970283692.0,0.0098725655164697,600048
2022-04-25,17.49,18.2,16.95,16.99,116221690.0,2035850681.0,11970283692.0,0.0097091842591561,600048
2022-04-26,17.05,18.03,16.92,17.57,105910310.0,1859099741.0,11970283692.0,0.0088477694201,600048
2022-04-27,17.44,17.92,16.4,16.78,148897182.0,2522481780.0,11970283692.0,0.0124389016861405,600048
2022-04-28,16.95,17.98,16.73,17.8,123607051.0,2164837555.0,11970283692.0,0.0103261588597611,600048
2022-04-29,17.6,18.48,17.2,18.12,150898117.0,2692736832.0,11970283692.0,0.0126060602139988,600048
2022-05-05,18.18,18.35,16.98,17.54,131606283.0,2303762291.0,11970283692.0,0.0109944163719323,600048
2022-05-06,17.03,17.36,16.18,16.39,111159480.0,1857214291.0,11970283692.0,0.0092862861783543,600048
2022-05-09,16.19,16.64,15.97,16.27,80208749.0,1304318978.0,11970283692.0,0.0067006556455805,600048
2022-05-10,15.96,16.69,15.41,16.45,158581816.0,2536987656.0,11970283692.0,0.013247958033441,600048
2022-05-11,16.27,16.46,15.67,15.83,163302606.0,2600079993.0,11970283692.0,0.0136423338161265,600048
2022-05-12,15.9,16.05,15.24,15.6,123863208.0,1938048716.0,11970283692.0,0.0103475582690475,600048
2022-05-13,15.88,16.62,15.66,16.59,159042351.0,2572346408.0,11970283692.0,0.0132864312235382,600048
2022-05-16,17.16,17.33,16.18,16.94,158329561.0,2651642909.0,11970283692.0,0.0132268845980496,600048
2022-05-17,16.69,17.2,16.53,16.95,79985339.0,1350312063.0,11970283692.0,0.0066819919275142,600048
2022-05-18,16.87,17.12,16.4,16.77,78778495.0,1319535488.0,11970283692.0,0.0065811719276669,600048
2022-05-19,16.51,17.44,16.47,17.19,91725625.0,1573434759.0,11970283692.0,0.0076627778722823,600048
2022-05-20,17.5,17.55,16.8,17.04,93127533.0,1598708966.0,11970283692.0,0.0077798935594349,600048
2022-05-23,17.0,17.04,16.0,16.09,158866762.0,2590509163.0,11970283692.0,0.013271762481801,600048
2022-05-24,16.01,16.4,15.94,16.18,94995186.0,1535786956.0,11970283692.0,0.007935917681173,600048
2022-05-25,16.18,16.36,15.84,16.22,55838908.0,901412995.0,11970283692.0,0.0046647940380325,600048
2022-05-26,16.2,16.69,16.02,16.43,81757244.0,1341276341.0,11970283692.0,0.0068300172413323,600048
2022-05-27,16.36,16.49,16.08,16.31,66963241.0,1088415671.0,11970283692.0,0.0055941231405194,600048
2022-05-30,16.17,16.38,15.69,15.86,89455268.0,1426827478.0,11970283692.0,0.0074731117742668,600048
2022-05-31,15.77,15.92,15.4,15.51,151488636.0,2363333362.0,11970283692.0,0.0126553922946072,600048
2022-06-01,15.51,15.9,15.5,15.75,83786344.0,1317372669.0,11970283692.0,0.0069995286791737,600048
2022-06-02,15.6,15.75,15.1,15.3,121057390.0,1855641381.0,11970283692.0,0.0101131596472442,600048
2022-06-06,15.11,15.17,14.5,14.93,217377133.0,3197161485.0,11970283692.0,0.0181597310968726,600048
2022-06-07,14.82,15.36,14.78,15.28,113209307.0,1712574843.0,11970283692.0,0.0094575291541051,600048
2022-06-08,15.25,15.31,14.93,15.08,129157632.0,1946273589.0,11970283692.0,0.0107898555559145,600048
2022-06-09,15.05,15.83,15.01,15.58,157765040.0,2458566471.0,11970283692.0,0.0131797243957917,600048
2022-06-10,15.5,15.74,15.36,15.53,92501318.0,1434577089.0,11970283692.0,0.0077275794275302,600048
2022-06-13,15.35,15.48,14.73,14.83,119307644.0,1781739414.0,11970283692.0,0.0099669855009147,600048
2022-06-14,14.75,15.21,14.74,15.14,93407709.0,1404991623.0,11970283692.0,0.0078032995209985,600048
2022-06-15,15.13,16.31,14.94,15.87,186892973.0,2963580268.0,11970283692.0,0.0156130780028968,600048
2022-06-16,15.88,16.44,15.48,15.59,100086938.0,1585705302.0,11970283692.0,0.0083612837068256,600048
2022-06-17,15.53,15.77,15.42,15.58,75075208.0,1170895849.0,11970283692.0,0.0062717985581389,600048
2022-06-20,15.76,16.38,15.65,16.06,147984736.0,2376865730.0,11970283692.0,0.0123626757567075,600048
2022-06-21,16.12,16.94,16.0,16.27,149826442.0,2479259611.0,11970283692.0,0.0125165322606457,600048
2022-06-22,16.28,16.57,15.96,16.04,72054212.0,1166244517.0,11970283692.0,0.0060194239212689,600048
2022-06-23,16.05,16.66,15.94,16.57,82941569.0,1362694768.0,11970283692.0,0.0069289559992159,600048
2022-06-24,16.5,16.75,16.02,16.23,97251158.0,1576154960.0,11970283692.0,0.0081243820532837,600048
2022-06-27,16.25,16.89,16.1,16.59,114602008.0,1889106970.0,11970283692.0,0.0095738756865546,600048
2022-06-28,16.46,16.61,16.05,16.16,101896852.0,1649170346.0,11970283692.0,0.008512484300443,600048
2022-06-29,16.17,17.66,16.09,17.3,188964944.0,3211690817.0,11970283692.0,0.0157861708930331,600048
2022-06-30,17.5,17.78,17.0,17.46,115083921.0,2001350429.0,11970283692.0,0.0096141347992373,600048
2022-07-01,17.47,18.08,17.33,17.52,119170068.0,2102628181.0,11970283692.0,0.0099554923731376,600048
2022-07-04,17.44,17.7,17.12,17.42,101925795.0,1766034083.0,11970283692.0,0.0085149022047087,600048
2022-07-05,17.27,17.41,16.6,17.01,163822120.0,2770037995.0,11970283692.0,0.0136857341242034,600048
2022-07-06,16.44,16.5,16.0,16.2,73271444.0,1184225382.0,11970283692.0,0.0061211117368061,600048
2022-07-07,16.43,16.48,15.97,16.09,67123731.0,1085809680.0,11970283692.0,0.0056075305086428,600048
2022-07-08,16.1,16.42,15.91,16.22,67820648.0,1098309990.0,11970283692.0,0.0056657511003958,600048
2022-07-11,16.02,16.35,15.72,15.89,71485543.0,1145872742.0,11970283692.0,0.0059719171942245,600048
2022-07-12,15.91,16.42,15.89,16.21,74262085.0,1203321924.0,11970283692.0,0.0062038700928726,600048
2022-07-13,16.39,17.15,16.3,16.6,104677518.0,1753735259.0,11970283692.0,0.0087447817189126,600048
2022-07-14,16.47,17.05,16.33,16.62,119129710.0,1982650229.0,11970283692.0,0.0099521208573876,600048
2022-07-15,16.8,16.84,15.48,15.78,155117824.0,2469435721.0,11970283692.0,0.0129585754181973,600048
2022-07-18,15.79,16.55,15.68,16.49,111311842.0,1800748311.0,11970283692.0,0.0092990145316599,600048
2022-07-19,16.36,16.58,15.95,16.5,82693643.0,1347828801.0,11970283692.0,0.0069082442093887,600048
2022-07-20,16.46,16.65,16.21,16.35,48970419.0,803402664.0,11970283692.0,0.0040909990322725,600048
2022-07-21,16.32,16.32,15.7,15.78,96478690.0,1530720586.0,11970283692.0,0.0080598499152095,600048
2022-07-22,15.83,16.04,15.54,15.63,59828100.0,940821774.0,11970283692.0,0.0049980519709808,600048
2022-07-25,15.8,16.24,15.71,16.1,81977781.0,1316214620.0,11970283692.0,0.0068484409483784,600048
2022-07-26,16.02,17.12,16.0,17.03,124677787.0,2090064838.0,11970283692.0,0.010415608368858,600048
2022-07-27,16.9,17.38,16.6,17.22,95065522.0,1621333628.0,11970283692.0,0.0079417935653049,600048
2022-07-28,17.08,17.46,16.78,16.98,70871730.0,1208269755.0,11970283692.0,0.0059206391279903,600048
2022-07-29,16.86,17.08,16.49,16.67,73736359.0,1231376506.0,11970283692.0,0.0061599508330182,600048
2022-08-01,16.66,16.67,15.96,16.25,127824955.0,2066114274.0,11970283692.0,0.010678523440963,600048
2022-08-02,16.08,16.21,15.8,16.04,96233391.0,1541558297.0,11970443418.0,0.0080392503134256,600048
2022-08-03,16.03,16.19,15.24,15.39,106262195.0,1653158056.0,11970443418.0,0.0088770475152334,600048
2022-08-04,15.36,15.54,15.03,15.33,70999264.0,1084517102.0,11970443418.0,0.0059312142015757,600048
2022-08-05,15.33,15.43,15.09,15.36,61210031.0,933785687.0,11970443418.0,0.0051134305440981,600048
2022-08-08,15.36,15.75,15.03,15.11,82752806.0,1260958163.0,11970443418.0,0.0069130944535909,600048
2022-08-09,15.06,15.38,14.85,15.13,51360206.0,778269125.0,11970443418.0,0.0042905850858264,600048
2022-08-10,15.1,15.23,14.83,14.92,55725804.0,833626226.0,11970443418.0,0.0046552831882739,600048
2022-08-11,14.99,15.35,14.96,15.28,62848743.0,955966941.0,11970443418.0,0.0052503270601901,600048
2022-08-12,15.2,15.64,15.16,15.55,62887057.0,971805723.0,11970443418.0,0.0052535277770442,600048
2022-08-15,15.43,16.11,15.43,15.64,81158243.0,1284963385.0,11970443418.0,0.0067798861049676,600048
2022-08-16,15.77,16.11,15.64,15.73,51557132.0,816295933.0,11970443418.0,0.0043070361054857,600048
2022-08-17,15.73,16.66,15.61,16.36,105522866.0,1715739783.0,11970443418.0,0.0088152846402769,600048
2022-08-18,16.37,16.64,16.05,16.21,48033412.0,781929633.0,11970443418.0,0.0040126677285631,600048
2022-08-19,16.22,16.94,16.19,16.81,94345158.0,1578586353.0,11970443418.0,0.0078815090390162,600048
2022-08-22,16.77,16.96,16.55,16.7,59256007.0,991393326.0,11970443418.0,0.004950193149144,600048
2022-08-23,16.7,16.83,16.31,16.46,63278069.0,1041917844.0,11970443418.0,0.0052861925653354,600048
2022-08-24,16.47,16.84,16.33,16.42,59016270.0,975554549.0,11970443418.0,0.004930165737324,600048
2022-08-25,16.6,16.94,16.51,16.89,72281102.0,1215031812.0,11970443418.0,0.0060382977869734,600048
2022-08-26,16.85,16.89,16.45,16.68,44132343.0,736139882.0,11970443418.0,0.0036867759579931,600048
2022-08-29,16.48,16.78,16.21,16.61,42669509.0,702731742.0,11970443418.0,0.0035645721307063,600048
2022-08-30,16.65,17.11,16.6,16.95,53528444.0,904608097.0,11970443418.0,0.0044717177242999,600048
2022-08-31,16.95,17.41,16.85,17.3,81799948.0,1409226004.0,11970443418.0,0.0068334935593945,600048
2022-09-01,17.26,17.67,17.11,17.31,65175770.0,1137011143.0,11970443418.0,0.0054447247878883,600048
2022-09-02,17.35,17.41,16.75,17.02,64745410.0,1099681317.0,11970443418.0,0.0054087729033196,600048
2022-09-05,17.1,17.33,16.85,17.22,61591579.0,1053455280.0,11970443418.0,0.005145304718402,600048
2022-09-06,17.21,17.83,17.11,17.63,94606439.0,1667329699.0,11970443418.0,0.0079033362170811,600048
2022-09-07,17.55,17.73,17.3,17.55,48841741.0,855442664.0,11970443418.0,0.0040801948010176,600048
2022-09-08,17.58,17.71,17.1,17.58,54482642.0,951370245.0,11970443418.0,0.0045514305608825,600048
2022-09-09,17.49,18.56,17.42,18.47,135894728.0,2486154980.0,11970443418.0,0.0113525224801325,600048
2022-09-13,18.32,18.45,17.97,18.09,74176065.0,1348840687.0,11970443418.0,0.0061966012794865,600048
2022-09-14,18.0,18.68,17.93,18.14,69783211.0,1279893857.0,11970443418.0,0.0058296262354882,600048
2022-09-15,18.3,19.05,18.3,18.85,102620933.0,1927984183.0,11970443418.0,0.0085728597861035,600048
2022-09-16,18.8,18.96,17.97,18.05,130683407.0,2391452357.0,11970443418.0,0.0109171734443429,600048
2022-09-19,17.98,18.52,17.86,18.44,84459012.0,1543996495.0,11970443418.0,0.007055629357305,600048
2022-09-20,18.49,18.53,17.42,17.64,111987445.0,1991075104.0,11970443418.0,0.0093553297141527,600048
2022-09-21,17.64,18.07,17.43,17.83,63082863.0,1123776378.0,11970443418.0,0.0052698852329181,600048
2022-09-22,17.85,17.9,17.11,17.52,82828679.0,1436822266.0,11970443418.0,0.0069194328152832,600048
2022-09-23,17.44,18.03,17.44,17.55,55743649.0,987855419.0,11970443418.0,0.0046567739434094,600048
2022-09-26,17.8,18.13,17.63,17.69,64511812.0,1155124888.0,11970443418.0,0.0053892583379988,600048
2022-09-27,17.72,17.84,17.17,17.67,61943813.0,1085098187.0,11970443418.0,0.0051747300276992,600048
2022-09-28,17.58,17.86,17.31,17.52,46144373.0,812062535.0,11970443418.0,0.0038548591216439,600048
2022-09-29,17.53,17.64,17.17,17.28,57323504.0,997017333.0,11970443418.0,0.0047887535990356,600048
2022-09-30,17.66,18.27,17.4,18.0,95922773.0,1712173406.0,11970443418.0,0.0080133015670714,600048
2022-10-10,17.8,19.0,17.76,18.32,111218669.0,2049241050.0,11970443418.0,0.0092911068634901,600048
2022-10-11,18.32,18.39,17.78,17.89,58419050.0,1051209014.0,11970443418.0,0.0048802745195015,600048
2022-10-12,17.79,18.43,17.75,18.13,58654457.0,1056581690.0,11970443418.0,0.0048999402070437,600048
2022-10-13,18.0,18.12,17.01,17.68,96483595.0,1684132388.0,11970443418.0,0.0080601521289443,600048
2022-10-14,17.68,18.12,17.06,17.25,107860698.0,1880827424.0,11970443418.0,0.0090105850078878,600048
2022-10-17,17.02,17.26,16.35,17.09,87959171.0,1479980532.0,11970443418.0,0.0073480294696297,600048
2022-10-18,17.09,17.24,16.6,16.79,65715455.0,1106480073.0,11970443418.0,0.0054898095839276,600048
2022-10-19,16.77,17.14,16.7,16.87,55477775.0,940729005.0,11970443418.0,0.004634563070285,600048
2022-10-20,16.86,17.01,16.42,16.6,63761203.0,1060228357.0,11970443418.0,0.00532655314206,600048
2022-10-21,16.7,17.37,16.67,16.77,79140560.0,1346598334.0,11970443418.0,0.0066113306948175,600048
2022-10-24,16.51,16.61,16.13,16.24,92217743.0,1505906466.0,11970443418.0,0.0077037867169842,600048
2022-10-25,16.27,16.43,16.0,16.15,71084776.0,1147468452.0,11970443418.0,0.0059383577965967,600048
2022-10-26,16.1,16.2,15.4,15.49,112106569.0,1752722192.0,11970443418.0,0.0093652812252071,600048
2022-10-27,15.52,15.91,15.49,15.7,68581357.0,1080774116.0,11970443418.0,0.0057292244409988,600048
2022-10-28,15.7,15.88,15.25,15.33,63443926.0,985624309.0,11970443418.0,0.0053000481088778,600048
2022-10-31,14.85,14.95,13.8,13.8,178893845.0,2495909822.0,11970443418.0,0.0149446297645913,600048
2022-11-01,13.66,13.87,12.88,13.61,253097055.0,3366806582.0,11970443418.0,0.0211434987127892,600048
2022-11-02,13.39,14.13,13.2,13.97,151775672.0,2086048643.0,11970443418.0,0.0126792021565194,600048
2022-11-03,13.73,14.08,13.48,13.66,94977072.0,1303373973.0,11970443418.0,0.0079342985621721,600048
2022-11-04,13.62,14.33,13.6,14.06,105120186.0,1475325053.0,11970443418.0,0.008781645117835,600048
2022-11-07,14.03,14.16,13.77,14.04,80104810.0,1118703974.0,11970443418.0,0.0066918832663747,600048
2022-11-08,14.04,14.34,13.85,14.0,91300757.0,1287795951.0,11970443418.0,0.007627182537174,600048
2022-11-09,14.23,14.88,14.23,14.35,137000898.0,1990921838.0,11970443418.0,0.0114449309199349,600048
2022-11-10,14.28,14.53,13.91,14.39,65859165.0,940626016.0,11970443418.0,0.0055018149871513,600048
2022-11-11,14.71,15.83,14.69,15.83,187957281.0,2896761506.0,11970443418.0,0.0157017809981347,600048
2022-11-14,16.62,17.0,15.86,16.29,222712123.0,3670924757.0,11970443418.0,0.0186051690169728,600048
2022-11-15,16.14,16.61,15.86,16.1,135178671.0,2184572290.0,11970443418.0,0.0112927037269756,600048
2022-11-16,16.01,16.06,15.4,15.65,105183404.0,1645858804.0,11970443418.0,0.0087869262922905,600048
2022-11-17,15.58,15.82,15.39,15.7,65819514.0,1030497390.0,11970443418.0,0.0054985025785282,600048
2022-11-18,15.67,15.73,15.3,15.57,76556200.0,1189697957.0,11970443418.0,0.0063954356013982,600048
2022-11-21,15.35,15.66,14.91,15.64,97689638.0,1489651180.0,11970443418.0,0.0081609038686991,600048
2022-11-22,15.71,16.02,15.51,15.72,76355977.0,1203228215.0,11970443418.0,0.0063787091533454,600048
2022-11-23,15.59,15.97,15.58,15.82,50129013.0,792832859.0,11970443418.0,0.0041877323378531,600048
2022-11-24,16.12,16.31,15.58,15.93,77013411.0,1226574839.0,11970443418.0,0.0064336305941845,600048
2022-11-25,15.97,16.99,15.97,16.84,153603163.0,2543876839.0,11970443418.0,0.0128318690992704,600048
2022-11-28,16.4,16.64,16.25,16.33,75194996.0,1233717956.0,11970443418.0,0.0062817218522522,600048
2022-11-29,16.95,17.96,16.72,17.9,201163768.0,3489985279.0,11970443418.0,0.0168050389593345,600048
2022-11-30,17.49,17.86,16.52,16.65,204498463.0,3485165453.0,11970443418.0,0.0170836163589808,600048
2022-12-01,16.75,16.86,16.41,16.57,123655918.0,2051265544.0,11970443418.0,0.0103301033789657,600048
2022-12-02,16.4,16.4,15.75,16.15,146643999.0,2346771709.0,11970443418.0,0.0122505068425026,600048
2022-12-05,16.16,16.6,16.16,16.3,124572882.0,2042446201.0,11970443418.0,0.0104067057209158,600048
2022-12-06,16.15,16.2,15.82,16.09,93138070.0,1489644465.0,11970443418.0,0.007780670000908,600048
2022-12-07,15.99,16.06,15.45,15.7,102778267.0,1611848625.0,11970443418.0,0.0085860033259463,600048
2022-12-08,15.7,16.09,15.65,15.95,91757660.0,1461476108.0,11970443418.0,0.0076653517999194,600048
2022-12-09,16.09,16.62,16.02,16.45,123904153.0,2023666441.0,11970443418.0,0.010350840706008,600048
2022-12-12,16.26,16.26,15.7,15.75,75755438.0,1204854750.0,11970443418.0,0.0063285406692692,600048
2022-12-13,15.72,16.13,15.64,15.96,64274707.0,1022881571.0,11970443418.0,0.0053694508010747,600048
2022-12-14,15.94,15.94,15.68,15.77,52922235.0,835218196.0,11970443418.0,0.0044210755735598,600048
2022-12-15,15.6,15.82,15.1,15.72,103822286.0,1602559398.0,11970443418.0,0.0086732197275066,600048
2022-12-16,15.86,16.21,15.65,16.02,86215703.0,1378118215.0,11970443418.0,0.0072023817321885,600048
2022-12-19,15.96,16.3,15.6,15.77,78765362.0,1251188343.0,11970443418.0,0.0065799869937616,600048
2022-12-20,15.52,15.67,15.28,15.39,50168653.0,774385314.0,11970443418.0,0.0041910438275462,600048
2022-12-21,15.36,15.53,15.27,15.38,36860094.0,567291905.0,11970443418.0,0.0030792588639259,600048
2022-12-22,15.52,15.65,15.35,15.46,34293420.0,530720481.0,11970443418.0,0.0028648412429261,600048
2022-12-23,15.35,15.78,15.31,15.66,45452930.0,710987981.0,11970443418.0,0.003797096599751,600048
2022-12-26,15.66,15.8,15.06,15.13,74652176.0,1136678340.0,11970443418.0,0.0062363751611527,600048
2022-12-27,15.18,15.53,15.09,15.26,50159406.0,768548610.0,11970443418.0,0.0041902713415423,600048
2022-12-28,15.2,15.53,15.08,15.37,50644352.0,776390289.0,11970443418.0,0.0042307832911056,600048
2022-12-29,15.28,15.31,14.85,15.01,62666763.0,937285069.0,11970443418.0,0.0052351246158323,600048
2022-12-30,14.99,15.2,14.78,15.13,61480590.0,923681121.0,11970443418.0,0.0051360327978787,600048
2023-01-03,15.35,15.98,15.23,15.42,147963618.0,2313503097.0,11970443418.0,0.0123607466184173,600048
2023-01-04,15.42,16.25,15.35,16.02,133505716.0,2129676835.0,11970443418.0,0.0111529465816819,600048
2023-01-05,16.04,16.49,15.91,16.36,94350450.0,1537877348.0,11970443418.0,0.0078819511279026,600048
2023-01-06,16.35,16.63,16.07,16.13,91212459.0,1487451141.0,11970443418.0,0.0076198062022367,600048
2023-01-09,16.16,16.27,15.71,15.84,76247511.0,1212671455.0,11970443418.0,0.0063696480019567,600048
2023-01-10,15.88,15.97,15.65,15.9,51323235.0,812634446.0,11970443418.0,0.0042874965619757,600048
2023-01-11,15.92,16.62,15.85,16.29,91614713.0,1494676638.0,11970443418.0,0.0076534101370245,600048
2023-01-12,16.29,16.38,15.84,15.9,48816524.0,779198448.0,11970443418.0,0.0040780881956799,600048
2023-01-13,15.81,15.97,15.68,15.83,64292119.0,1014426959.0,11970443418.0,0.0053709053837825,600048
2023-01-16,15.83,16.02,15.62,15.96,69908401.0,1108929007.0,11970443418.0,0.0058400844946878,600048
2023-01-17,15.99,16.14,15.73,16.05,54977549.0,878059701.0,11970443418.0,0.0045927746433628,600048
2023-01-18,16.05,16.15,15.68,15.74,62720190.0,990186239.0,11970443418.0,0.0052395878590167,600048
2023-01-19,15.61,15.7,15.35,15.7,67401909.0,1047106168.0,11970443418.0,0.0056306944234536,600048
2023-01-20,15.64,15.87,15.56,15.8,56208263.0,884951711.0,11970443418.0,0.00469558737611,600048
2023-01-30,15.93,15.99,15.4,15.52,98867272.0,1537981674.0,11970443418.0,0.0082592823463275,600048
2023-01-31,15.45,15.76,15.38,15.73,59475252.0,930797235.0,11970443418.0,0.0049685086778462,600048
2023-02-01,15.7,15.81,15.33,15.59,85834729.0,1330151071.0,11970443418.0,0.0071705555093247,600048
2023-02-02,15.57,15.68,15.36,15.65,80259898.0,1246487528.0,11970443418.0,0.0067048391774119,600048
2023-02-03,15.55,15.56,15.2,15.33,77895915.0,1193660522.0,11970443418.0,0.0065073541789494,600048
2023-02-06,15.14,15.24,14.98,15.02,73288637.0,1104397627.0,11970443418.0,0.0061224663482219,600048
2023-02-07,15.02,15.43,15.0,15.28,62102282.0,950026245.0,11970443418.0,0.0051879683844139,600048
2023-02-08,15.27,15.65,15.22,15.54,85331953.0,1325027976.0,11970443418.0,0.0071285540577123,600048
2023-02-09,15.54,15.85,15.46,15.68,55839328.0,878282870.0,11970443418.0,0.0046647668804009,600048
2023-02-10,15.7,15.95,15.58,15.78,47252902.0,746506811.0,11970443418.0,0.0039474646301694,600048
2023-02-13,15.8,15.86,15.49,15.57,65895088.0,1028400686.0,11970443418.0,0.0055048159620313,600048
2023-02-14,15.59,15.76,15.38,15.6,52963185.0,824350119.0,11970443418.0,0.0044244964994662,600048
2023-02-15,15.52,15.53,15.02,15.12,105880608.0,1605631306.0,11970443418.0,0.0088451700829049,600048
2023-02-16,15.1,15.44,14.92,15.05,87776045.0,1334972388.0,11970443418.0,0.00733273128947,600048
2023-02-17,15.04,15.15,14.95,15.0,42467914.0,639383935.0,11970443418.0,0.0035477310670163,600048
2023-02-20,14.96,15.3,14.93,15.26,68215209.0,1032222327.0,11970443418.0,0.0056986367687453,600048
2023-02-21,15.4,15.5,15.17,15.35,62819201.0,962997614.0,11970443418.0,0.00524785914827,600048
2023-02-22,15.21,15.29,15.11,15.19,34101236.0,518004375.0,11970443418.0,0.0028487863656514,600048
2023-02-23,15.2,15.36,15.16,15.23,37866644.0,577592154.0,11970443418.0,0.0031633451391666,600048
2023-02-24,15.2,15.23,14.81,14.92,93680773.0,1398604417.0,11970443418.0,0.0078260069179335,600048
2023-02-27,14.89,15.13,14.89,15.02,50802372.0,763558213.0,11970443418.0,0.004243984138767,600048
2023-02-28,15.0,15.1,14.72,15.09,81069385.0,1208320150.0,11970443418.0,0.0067724629881375,600048
2023-03-01,15.08,15.16,14.98,15.13,66865490.0,1009456475.0,11970443418.0,0.0055858824660959,600048
2023-03-02,15.09,15.24,14.88,14.92,92755739.0,1395316334.0,11970443418.0,0.0077487304154934,600048
2023-03-03,14.94,15.1,14.76,15.06,83108485.0,1240212288.0,11970443418.0,0.0069428075550676,600048
2023-03-06,15.02,15.06,14.6,14.76,104892076.0,1550871347.0,11970443418.0,0.008762589015063,600048
2023-03-07,14.73,14.77,14.51,14.54,67546927.0,987857291.0,11970443418.0,0.0056428090958125,600048
2023-03-08,14.5,14.64,14.38,14.6,43424426.0,628981516.0,11970443418.0,0.0036276372130628,600048
2023-03-09,14.59,14.65,14.44,14.44,38832475.0,562962834.0,11970443418.0,0.0032440297860317,600048
2023-03-10,14.35,14.39,14.19,14.29,41463236.0,592200684.0,11970443418.0,0.0034638011769598,600048
2023-03-13,14.24,14.35,14.0,14.12,55928619.0,789866058.0,11970443418.0,0.0046722261696588,600048
2023-03-14,14.08,14.36,13.95,14.15,50910951.0,721386985.0,11970443418.0,0.0042530547300733,600048
2023-03-15,14.19,14.45,14.17,14.34,38005455.0,544433461.0,11970443418.0,0.003174941284368,600048
2023-03-16,14.27,14.5,14.17,14.32,39312408.0,564641457.0,11970443418.0,0.0032841229541159,600048
2023-03-17,14.4,14.63,14.35,14.41,57599274.0,836170612.0,11970443418.0,0.0048117911750359,600048
2023-03-20,14.48,14.65,14.27,14.33,43767769.0,633076284.0,11970443418.0,0.0036563197762738,600048
2023-03-21,14.32,14.42,14.12,14.17,44418999.0,630923907.0,11970443418.0,0.0037107229405726,600048
2023-03-22,14.18,14.56,14.14,14.49,55601164.0,801835984.0,11970443418.0,0.0046448708755761,600048
2023-03-23,14.44,14.53,14.25,14.43,46067706.0,661634448.0,11970443418.0,0.0038484544299109,600048
2023-03-24,14.4,14.43,14.15,14.34,57908911.0,827053856.0,11970443418.0,0.0048376579695387,600048
2023-03-27,14.3,14.34,14.1,14.15,39965274.0,566463983.0,11970443418.0,0.0033386627883729,600048
2023-03-28,14.19,14.27,13.92,13.97,48218119.0,677027649.0,11970443418.0,0.0040280979840307,600048
2023-03-29,14.0,14.35,14.0,14.12,70289691.0,996280357.0,11970443418.0,0.0058719371159054,600048
2023-03-30,14.13,14.42,14.0,14.41,55771059.0,794722009.0,11970443418.0,0.0046590637499807,600048
2023-03-31,14.4,14.5,14.04,14.13,61811187.0,877820388.0,11970443418.0,0.0051636505717953,600048
2023-04-03,14.18,14.73,14.07,14.62,120663767.0,1759242468.0,11970443418.0,0.0100801417947941,600048
2023-04-04,14.6,14.71,14.49,14.65,49960223.0,730221038.0,11970443418.0,0.0041736317741475,600048
2023-04-06,14.63,14.73,14.5,14.61,40656101.0,593394524.0,11970443418.0,0.0033963738501838,600048
2023-04-07,14.66,15.25,14.66,15.11,111195971.0,1680927637.0,11970443418.0,0.0092892106931305,600048
2023-04-10,15.07,15.3,14.85,15.15,62409758.0,943865365.0,11970443418.0,0.0052136546509341,600048
2023-04-11,15.16,15.28,14.93,15.26,80803902.0,1225505870.0,11970443418.0,0.0067502847787989,600048
2023-04-12,15.3,15.34,15.03,15.19,48055562.0,727702986.0,11970443418.0,0.0040145181194991,600048
2023-04-13,15.15,15.27,14.97,15.17,44491338.0,673352463.0,11970443418.0,0.0037167660751061,600048
2023-04-14,15.17,15.26,15.04,15.07,37762018.0,570682099.0,11970443418.0,0.0031546047778996,600048
2023-04-17,14.86,14.86,14.52,14.86,84491112.0,1244143124.0,11970443418.0,0.007058310962228,600048
2023-04-18,14.84,14.99,14.65,14.72,59287336.0,876426770.0,11970443418.0,0.0049528103454254,600048
2023-04-19,14.74,14.75,14.33,14.38,61222806.0,885936540.0,11970443418.0,0.0051144977560262,600048
2023-04-20,14.41,14.45,14.1,14.27,54204920.0,773465217.0,11970443418.0,0.0045282299165703,600048
2023-04-21,14.34,14.59,14.31,14.37,70208080.0,1016435810.0,11970443418.0,0.0058651194068907,600048
2023-04-24,14.3,14.37,14.05,14.1,59336727.0,841943903.0,11970443418.0,0.0049569364248257,600048
2023-04-25,14.15,14.18,13.83,14.04,42115091.0,589305968.0,11970443418.0,0.0035182565531926,600048
2023-04-26,13.88,13.95,13.71,13.89,47416438.0,657257079.0,11970443418.0,0.0039611262794743,600048
2023-04-27,13.84,13.94,13.72,13.88,50016744.0,692188113.0,11970443418.0,0.0041783534872893,600048
2023-04-28,13.86,13.91,13.66,13.91,55250566.0,763100780.0,11970443418.0,0.0046155822362369,600048
2023-05-04,13.7,13.8,13.38,13.71,87964834.0,1197532387.0,11970443418.0,0.0073485025515201,600048
2023-05-05,13.67,14.38,13.64,14.26,99108512.0,1394426965.0,11970443418.0,0.008279435317406,600048
2023-05-08,14.1,14.63,13.86,14.53,107348276.0,1532792470.0,11970443418.0,0.008967777738173,600048
2023-05-09,14.42,15.2,14.37,14.76,133742990.0,1993364989.0,11970443418.0,0.0111727682367129,600048
2023-05-10,14.79,14.85,14.39,14.48,66462137.0,968488484.0,11970443418.0,0.0055521867218436,600048
2023-05-11,14.48,14.49,14.21,14.3,41679915.0,597843602.0,11970443418.0,0.0034819023443463,600048
2023-05-12,14.31,14.41,14.13,14.15,36803180.0,524190922.0,11970443418.0,0.00307450431992,600048
2023-05-15,14.16,14.23,13.93,14.08,52401006.0,735200644.0,11970443418.0,0.0043775325750426,600048
2023-05-16,14.08,14.15,13.9,13.96,37434867.0,523486988.0,11970443418.0,0.0031272748797015,600048
2023-05-17,13.95,14.03,13.72,13.86,46838538.0,648844899.0,11970443418.0,0.0039128490369511,600048
2023-05-18,13.86,13.95,13.72,13.79,33304588.0,460512586.0,11970443418.0,0.0027822351133559,600048
2023-05-19,13.71,13.75,13.41,13.55,60203407.0,817480470.0,11970443418.0,0.0050293380869644,600048
2023-05-22,13.45,13.58,13.4,13.53,43075210.0,580621178.0,11970443418.0,0.0035984640247518,600048
2023-05-23,13.5,13.58,13.38,13.38,45849216.0,616808589.0,11970443418.0,0.0038302019732248,600048
2023-05-24,13.35,13.36,12.88,12.88,72792905.0,949503753.0,11970443418.0,0.0060810533459889,600048
2023-05-25,12.8,13.0,12.7,12.83,49127768.0,630083815.0,11970443418.0,0.0041040892375069,600048
2023-05-26,12.81,13.12,12.68,13.1,47534008.0,614292151.0,11970443418.0,0.0039709479707763,600048
2023-05-29,13.02,13.1,12.9,12.94,38219085.0,496718267.0,11970443418.0,0.0031927877410564,600048
2023-05-30,12.92,12.99,12.29,12.95,100431403.0,1265619898.0,11970443418.0,0.0083899484332368,600048
2023-05-31,12.9,13.16,12.73,12.74,63669608.0,820247017.0,11970443418.0,0.0053189013787291,600048
2023-06-01,12.7,12.87,12.48,12.81,50692228.0,644780998.0,11970443418.0,0.0042347828087783,600048
2023-06-02,12.87,13.7,12.84,13.58,118117405.0,1578417762.0,11970443418.0,0.0098674210198752,600048
2023-06-05,13.4,13.6,13.23,13.52,71355402.0,958814663.0,11970443418.0,0.0059609656474966,600048
2023-06-06,13.54,13.87,13.48,13.53,67858933.0,927633469.0,11970443418.0,0.0056688737944293,600048
2023-06-07,13.63,13.93,13.58,13.66,66828274.0,917877483.0,11970443418.0,0.0055827734751671,600048
2023-06-08,13.63,14.14,13.5,14.01,90653246.0,1261599701.0,11970443418.0,0.0075730900547664,600048
2023-06-09,13.56,13.65,13.33,13.39,69326727.0,931651432.0,11970443418.0,0.0057914919756233,600048
2023-06-12,13.48,13.63,13.37,13.44,53407999.0,721187676.0,11970443418.0,0.0044616558581021,600048
2023-06-13,13.5,13.89,13.41,13.57,67156990.0,915218130.0,11970443418.0,0.0056102341120476,600048
2023-06-14,13.65,13.71,13.39,13.41,60599712.0,819794528.0,11970443418.0,0.005062445047681,600048
2023-06-15,13.4,13.59,13.38,13.49,49481041.0,666442196.0,11970443418.0,0.004133601343923,600048
2023-06-16,13.5,13.68,13.43,13.55,58442413.0,793175059.0,11970443418.0,0.0048822262433586,600048
2023-06-19,13.58,13.6,13.3,13.43,61914903.0,830398671.0,11970443418.0,0.0051723149124867,600048
2023-06-20,13.44,13.48,13.06,13.15,71800461.0,948398165.0,11970443418.0,0.0059981454732105,600048
2023-06-21,13.08,13.33,13.07,13.12,41458894.0,546450390.0,11970443418.0,0.0034634384502129,600048
2023-06-26,13.0,13.11,12.83,13.02,51717807.0,671666643.0,11970443418.0,0.0043204587494421,600048
2023-06-27,13.03,13.55,12.84,13.43,72390380.0,963704897.0,11970443418.0,0.0060474267721065,600048
2023-06-28,13.46,13.5,13.22,13.4,36472622.0,486649150.0,11970443418.0,0.0030468898040281,600048
2023-06-29,13.39,13.45,13.1,13.19,31905172.0,421287479.0,11970443418.0,0.0026653291683434,600048
2023-06-30,13.18,13.36,13.01,13.03,46454646.0,610899558.0,11970443418.0,0.0038807790470105,600048
2023-07-03,13.0,13.16,12.93,13.12,45745818.0,598454730.0,11970443418.0,0.0038215641979654,600048
2023-07-04,13.07,13.08,12.57,12.72,107490368.0,1367462986.0,11970443418.0,0.0089796479751423,600048
2023-07-05,12.68,12.74,12.54,12.64,66936981.0,845816580.0,11970443418.0,0.0055918547594775,600048
2023-07-06,12.63,12.93,12.55,12.84,58425169.0,747107873.0,11970443418.0,0.0048807856952187,600048
2023-07-07,12.99,13.06,12.66,12.8,52459602.0,673071085.0,11970443418.0,0.0043824276318048,600048
2023-07-10,12.82,12.92,12.66,12.7,37466400.0,478331016.0,11970443418.0,0.0031299091179581,600048
2023-07-11,12.85,12.95,12.67,12.74,41251224.0,527073744.0,11970443418.0,0.0034460898865258,600048
2023-07-12,12.66,12.69,12.34,12.44,85400926.0,1065413583.0,11970443418.0,0.0071343159996548,600048
2023-07-13,12.46,12.6,12.43,12.57,46314158.0,579537811.0,11970443418.0,0.0038690428067482,600048
2023-07-14,12.54,12.72,12.43,12.6,48877319.0,613841350.0,11970443418.0,0.0040831669549102,600048
2023-07-17,12.57,12.58,12.4,12.46,27967777.0,348303723.0,11970443418.0,0.0023364027566384,600048
2023-07-18,12.43,12.65,12.36,12.58,46441681.0,581314112.0,11970443418.0,0.0038796959626546,600048
2023-07-19,12.52,12.84,12.51,12.75,55315243.0,702863230.0,11970443418.0,0.0046209852942308,600048
2023-07-20,12.75,12.94,12.66,12.76,58596110.0,749964637.0,11970443418.0,0.0048950659515159,600048
2023-07-21,12.73,12.96,12.71,12.88,60041980.0,771443323.0,11970443418.0,0.0050158526216092,600048
2023-07-24,12.91,12.96,12.48,12.61,55235954.0,698757851.0,11970443418.0,0.0046143615629928,600048
2023-07-25,13.05,13.73,13.05,13.71,211799737.0,2868643833.0,11970443418.0,0.0176935581752565,600048
2023-07-26,13.69,13.83,13.55,13.74,93175310.0,1277783274.0,11970443418.0,0.0077837809967751,600048
2023-07-27,13.66,13.9,13.43,13.71,79362576.0,1089772575.0,11970443418.0,0.0066298777103496,600048
2023-07-28,13.92,14.52,13.75,14.39,155523851.0,2204091104.0,11970443418.0,0.0129923216349812,600048
2023-07-31,14.45,14.77,14.17,14.23,146364726.0,2118326516.0,11970443418.0,0.0122271766290554,600048
2023-08-01,14.12,14.55,14.04,14.21,105124978.0,1505965217.0,11970443418.0,0.0087820454371742,600048
2023-08-02,14.19,14.47,14.13,14.18,66935234.0,954495629.0,11970443418.0,0.00559170881668,600048
2023-08-03,14.1,14.48,13.98,14.44,89968724.0,1286146275.0,11970443418.0,0.0075159057069442,600048
2023-08-04,14.69,14.76,14.28,14.4,112856617.0,1632157339.0,11970443418.0,0.0094279395557141,600048
2023-08-07,14.23,14.25,13.82,13.92,86388168.0,1204908253.0,11970443418.0,0.0072167893020652,600048
2023-08-08,13.85,14.06,13.74,13.76,59206730.0,821894964.0,11970443418.0,0.0049460765932004,600048
2023-08-09,13.76,14.1,13.66,14.0,58980843.0,823392035.0,11970443418.0,0.0049272061978347,600048
2023-08-10,13.96,14.28,13.93,14.13,48486526.0,683721159.0,11970443418.0,0.0040505204616806,600048
2023-08-11,14.21,14.29,13.82,13.96,57751907.0,810413435.0,11970443418.0,0.004824541997597,600048
2023-08-14,13.7,14.15,13.5,14.01,72494323.0,1003005225.0,11970443418.0,0.0060561100761722,600048
2023-08-15,13.92,14.2,13.8,13.98,43363625.0,607195328.0,11970443418.0,0.0036225579525979,600048
2023-08-16,14.01,14.5,13.89,14.25,102740457.0,1467361887.0,11970443418.0,0.0085828447127955,600048
2023-08-17,14.11,14.36,14.06,14.25,55051048.0,781361747.0,11970443418.0,0.0045989146832455,600048
2023-08-18,14.38,14.55,14.16,14.16,72070706.0,1033425656.0,11970443418.0,0.0060207214957156,600048
2023-08-21,14.12,14.19,13.81,13.9,59475036.0,831003694.0,11970443418.0,0.0049684906334018,600048
2023-08-22,13.91,14.03,13.77,13.89,45061426.0,625152475.0,11970443418.0,0.0037643907102255,600048
2023-08-23,13.87,14.01,13.7,13.7,44647672.0,618476618.0,11970443418.0,0.0037298260758547,600048
2023-08-24,13.73,13.88,13.43,13.57,46121344.0,627258413.0,11970443418.0,0.0038529352998442,600048
2023-08-25,13.63,14.34,13.57,13.98,85067263.0,1187881014.0,11970443418.0,0.0071064420948754,600048
2023-08-28,14.88,14.89,14.23,14.36,162257831.0,2348171940.0,11970443418.0,0.0135548722243665,600048
2023-08-29,14.37,14.61,14.17,14.5,115741384.0,1667809779.0,11970443418.0,0.0096689303777969,600048
2023-08-30,14.55,14.77,14.46,14.75,110823204.0,1625886558.0,11970443418.0,0.0092580700756126,600048
2023-08-31,14.66,14.74,13.9,13.98,98623790.0,1395097145.0,11970443418.0,0.0082389420805998,600048
2023-09-01,14.21,14.31,13.95,14.25,104343111.0,1483406473.0,11970443418.0,0.0087167289762298,600048
2023-09-04,14.41,14.62,14.12,14.14,110229362.0,1580719684.0,11970443418.0,0.0092084610528501,600048
2023-09-05,14.14,14.14,13.72,13.81,82866504.0,1146224565.0,11970443418.0,0.0069225926815203,600048
2023-09-06,13.77,14.13,13.6,14.09,103002353.0,1429700419.0,11970443418.0,0.0086047232674033,600048
2023-09-07,13.99,14.25,13.86,14.04,50648540.0,713222787.0,11970443418.0,0.004231133152832,600048
2023-09-08,13.97,14.08,13.82,13.97,30181494.0,420789482.0,11970443418.0,0.0025213346695758,600048
2023-09-11,13.96,14.01,13.57,13.74,72548133.0,994993746.0,11970443418.0,0.0060606053148297,600048
2023-09-12,13.68,13.72,13.55,13.6,51395625.0,699462621.0,11970443418.0,0.0042935439570029,600048
2023-09-13,13.59,13.77,13.54,13.61,49025245.0,668650044.0,11970443418.0,0.0040955245589549,600048
2023-09-14,13.58,13.63,13.43,13.55,47815137.0,645810449.0,11970443418.0,0.0039944332327823,600048
2023-09-15,13.61,13.64,13.3,13.36,64346327.0,863201777.0,11970443418.0,0.0053754338709994,600048
2023-09-18,13.3,13.31,13.03,13.13,80881510.0,1061321507.0,11970443418.0,0.0067567680808196,600048
2023-09-19,13.19,13.2,13.03,13.09,46331788.0,606976570.0,11970443418.0,0.0038705156009785,600048
2023-09-20,13.07,13.34,13.01,13.2,40408052.0,533572943.0,11970443418.0,0.003375652061413,600048
2023-09-21,13.36,13.55,13.23,13.26,51310343.0,685978373.0,11970443418.0,0.0042864195759736,600048
2023-09-22,13.2,13.39,13.16,13.35,44356824.0,588948762.0,11970443418.0,0.0037055288973924,600048
2023-09-25,13.28,13.3,12.86,12.9,93165204.0,1208734229.0,11970443418.0,0.0077829367506893,600048
2023-09-26,12.9,12.98,12.78,12.84,37125796.0,477586802.0,11970443418.0,0.0031014553683261,600048
2023-09-27,12.81,12.86,12.71,12.78,45378661.0,579854895.0,11970443418.0,0.0037908922347658,600048
2023-09-28,12.81,12.9,12.69,12.74,34515985.0,440720304.0,11970443418.0,0.0028834341214209,600048
2023-10-09,12.65,12.67,12.46,12.57,55882838.0,701503648.0,11970443418.0,0.0046684016663884,600048
2023-10-10,12.58,12.65,12.46,12.49,43852848.0,549328153.0,11970443418.0,0.003663427198867,600048
2023-10-11,12.51,12.55,12.31,12.42,56603133.0,702110175.0,11970443418.0,0.0047285744582264,600048
2023-10-12,12.45,12.57,12.37,12.56,41324224.0,516214411.0,11970443418.0,0.0034521882404005,600048
2023-10-13,12.45,12.58,12.38,12.45,33329340.0,415671499.0,11970443418.0,0.0027843028730149,600048
2023-10-16,12.43,12.51,12.04,12.1,64568777.0,786097919.0,11970443418.0,0.0053940171424984,600048
2023-10-17,12.1,12.2,11.84,12.02,58952211.0,706330757.0,11970443418.0,0.0049248143064903,600048
2023-10-18,11.97,12.04,11.87,11.98,42657227.0,510687087.0,11970443418.0,0.0035635461035517,600048
2023-10-19,11.92,11.97,11.6,11.63,53254012.0,624778726.0,11970443418.0,0.0044487919236075,600048
2023-10-20,11.63,11.71,11.4,11.53,77825466.0,898963736.0,11970443418.0,0.0065014689333039,600048
2023-10-23,11.45,11.6,11.28,11.41,56083231.0,641183563.0,11970443418.0,0.0046851423160872,600048
2023-10-24,11.43,11.59,11.36,11.45,51151621.0,586105832.0,11970443418.0,0.0042731600838681,600048
2023-10-25,11.56,11.65,11.37,11.39,66079061.0,756235572.0,11970443418.0,0.0055201848998038,600048
2023-10-26,11.31,11.35,11.12,11.24,45056340.0,505108533.0,11970443418.0,0.0037639658303926,600048
2023-10-27,11.2,11.32,10.96,11.23,70982640.0,796108997.0,11970443418.0,0.0059298254476741,600048
2023-10-30,11.05,11.08,10.7,10.9,151798638.0,1651045593.0,11970443418.0,0.0126811207153562,600048
2023-10-31,10.85,11.05,10.82,11.02,81833348.0,896696687.0,11970443418.0,0.0068362837651399,600048
2023-11-01,11.0,11.13,10.9,10.94,66712991.0,733431042.0,11970443418.0,0.0055731428377735,600048
2023-11-02,10.94,11.04,10.87,10.89,54641863.0,598026649.0,11970443418.0,0.0045647317389959,600048
2023-11-03,10.91,10.94,10.77,10.8,57176101.0,619346948.0,11970443418.0,0.0047764396859371,600048
2023-11-06,10.83,11.21,10.81,11.12,97800646.0,1082408009.0,11970443418.0,0.0081701773764651,600048
2023-11-07,11.16,11.24,11.04,11.11,72399475.0,806167162.0,11970443418.0,0.006048186560168,600048
2023-11-08,11.04,11.32,11.02,11.16,74289691.0,830474620.0,11970443418.0,0.0062060934926011,600048
2023-11-09,11.17,11.34,11.11,11.2,53423399.0,598952384.0,11970443418.0,0.0044629423601524,600048
2023-11-10,11.15,11.16,10.96,11.1,46779376.0,517040524.0,11970443418.0,0.0039079066970616,600048
2023-11-13,11.1,11.16,10.92,11.03,43655516.0,480083665.0,11970443418.0,0.0036469422623354,600048
2023-11-14,11.03,11.17,11.02,11.11,43640427.0,484180063.0,11970443418.0,0.0036456817409435,600048
2023-11-15,11.19,11.22,11.01,11.03,59752883.0,664023153.0,11970443418.0,0.0049917017201008,600048
2023-11-16,11.0,11.0,10.76,10.94,58798388.0,639908743.0,11970443418.0,0.0049119640724072,600048
2023-11-17,10.9,10.95,10.78,10.84,49673801.0,538054240.0,11970443418.0,0.004149704339716,600048
2023-11-20,10.86,10.95,10.74,10.78,59794084.0,646558908.0,11970443418.0,0.0049951436143198,600048
2023-11-21,10.85,11.15,10.84,10.97,105301806.0,1162287517.0,11970443418.0,0.0087968174881188,600048
2023-11-22,10.9,11.06,10.85,10.85,52488973.0,574524785.0,11970443418.0,0.0043848812585398,600048
2023-11-23,10.88,11.25,10.73,11.2,103809938.0,1150031821.0,11970443418.0,0.0086721881867718,600048
2023-11-24,11.24,11.39,11.14,11.19,66810022.0,751454957.0,11970443418.0,0.0055812487196203,600048
2023-11-27,11.12,11.13,10.8,10.91,67696898.0,738442834.0,11970443418.0,0.0056553375373049,600048
2023-11-28,10.91,10.91,10.72,10.77,55312293.0,595943098.0,11970443418.0,0.0046207388539029,600048
2023-11-29,10.75,10.78,10.32,10.35,89660363.0,936016213.0,11970443418.0,0.0074901455083257,600048
2023-11-30,10.32,10.46,10.25,10.26,58276290.0,601503719.0,11970443418.0,0.0048683484784172,600048
2023-12-01,10.26,10.31,10.16,10.25,56758266.0,580941903.0,11970443418.0,0.0047415341285229,600048
2023-12-04,10.23,10.24,9.88,9.96,100457725.0,1001601274.0,11970443418.0,0.0083921473492737,600048
2023-12-05,9.91,9.97,9.64,9.66,76203761.0,746107599.0,11970443418.0,0.0063659931665866,600048
2023-12-06,9.64,9.91,9.53,9.85,77451654.0,756128011.0,11970443418.0,0.0064702410174326,600048
2023-12-07,9.81,9.92,9.73,9.86,51491903.0,506342297.0,11970443418.0,0.0043015869339118,600048
2023-12-08,9.84,9.85,9.68,9.77,72154581.0,704484110.0,11970443418.0,0.0060277283372394,600048
2023-12-11,9.7,9.7,9.38,9.61,85070853.0,810335385.0,11970443418.0,0.0071067420002235,600048
2023-12-12,10.1,10.5,9.91,10.34,237733891.0,2420613048.0,11970443418.0,0.0198600739085837,600048
2023-12-13,10.08,10.23,9.98,10.12,163072847.0,1644616170.0,11970443418.0,0.0136229579227438,600048
2023-12-14,10.14,10.29,9.92,9.93,108115281.0,1087253146.0,11970443418.0,0.0090318526410998,600048
2023-12-15,10.14,10.35,10.06,10.18,155517213.0,1590592021.0,11970443418.0,0.012991767102474,600048
2023-12-18,10.06,10.62,10.02,10.25,151375466.0,1568881796.0,11970443418.0,0.0126457693097965,600048
2023-12-19,10.2,10.33,9.97,10.1,91170339.0,921970597.0,11970443418.0,0.0076162875355901,600048
2023-12-20,10.05,10.07,9.84,9.86,89795980.0,891507338.0,11970443418.0,0.0075014748296603,600048
2023-12-21,9.78,9.95,9.74,9.9,83691466.0,824684515.0,11970443418.0,0.0069915092597282,600048
2023-12-22,9.88,9.88,9.66,9.85,83563699.0,817471351.0,11970443418.0,0.0069808357202829,600048
2023-12-25,9.77,9.89,9.72,9.73,49929920.0,488512685.0,11970443418.0,0.0041711002889767,600048
2023-12-26,9.71,9.74,9.5,9.54,69533808.0,665607172.0,11970443418.0,0.0058087913347839,600048
2023-12-27,9.52,9.61,9.45,9.49,57060925.0,543298452.0,11970443418.0,0.0047668179872265,600048
2023-12-28,9.46,9.99,9.35,9.95,113066107.0,1100645717.0,11970443418.0,0.0094454401605526,600048
2023-12-29,9.9,10.07,9.82,9.9,75486072.0,749216034.0,11970443418.0,0.006306038077628,600048
2024-01-02,9.85,9.88,9.42,9.43,117278568.0,1120366525.0,11970443418.0,0.0097973453367356,600048
2024-01-03,9.41,9.58,9.32,9.41,89972552.0,849415732.0,11970443418.0,0.0075162254945967,600048
2024-01-04,9.38,9.4,9.05,9.15,105095748.0,962420591.0,11970443418.0,0.0087796035894515,600048
2024-01-05,9.12,9.37,9.06,9.17,101885181.0,939879230.0,11970443418.0,0.0085113957304868,600048
2024-01-08,9.17,9.24,9.04,9.06,67455132.0,615549990.0,11970443418.0,0.0056351406246628,600048
2024-01-09,9.06,9.18,8.94,9.12,68893095.0,625310675.0,11970443418.0,0.0057552667511384,600048
2024-01-10,9.06,9.17,9.0,9.07,51969457.0,472137596.0,11970443418.0,0.0043414813624909,600048
2024-01-11,9.02,9.16,8.91,9.11,71558960.0,646987023.0,11970443418.0,0.0059779706984284,600048
2024-01-12,9.04,9.29,9.03,9.14,76036361.0,697378368.0,11970443418.0,0.0063520087222219,600048
2024-01-15,9.08,9.16,8.91,9.02,84444184.0,763114964.0,11970443418.0,0.0070543906396166,600048
2024-01-16,8.96,9.05,8.78,8.92,100238746.0,892093276.0,11970443418.0,0.0083738540419706,600048
2024-01-17,8.85,8.89,8.67,8.67,86415702.0,756874000.0,11970443418.0,0.0072190894674842,600048
2024-01-18,8.61,8.86,8.58,8.84,103959172.0,905565987.0,11970443418.0,0.0086846550599517,600048
2024-01-19,8.78,8.93,8.74,8.87,74915499.0,663930689.0,11970443418.0,0.0062583729260479,600048
2024-01-22,8.76,8.93,8.53,8.72,128307357.0,1126749648.0,11970443418.0,0.010718680379631,600048
2024-01-23,8.68,8.8,8.57,8.75,96584697.0,841711777.0,11970443418.0,0.0080685980984434,600048
2024-01-24,8.78,8.99,8.65,8.98,111058871.0,982457272.0,11970443418.0,0.0092777574833193,600048
2024-01-25,9.02,9.67,9.01,9.6,199988601.0,1871343296.0,11970443418.0,0.0167068665726514,600048
2024-01-26,9.72,9.99,9.64,9.91,203976409.0,2005773462.0,11970443418.0,0.017040004440711,600048
2024-01-29,10.18,10.25,9.92,9.99,181764073.0,1830629032.0,11970443418.0,0.015184406011784,600048
2024-01-30,9.87,10.08,9.71,9.77,119850835.0,1181375096.0,11970443418.0,0.0100122301918891,600048
2024-01-31,9.65,9.79,9.38,9.54,141040055.0,1345109888.0,11970443418.0,0.0117823584369412,600048
2024-02-01,9.44,9.5,9.19,9.24,101926779.0,949854167.0,11970443418.0,0.0085148707897263,600048
2024-02-02,9.24,9.64,9.05,9.37,113036837.0,1060071784.0,11970443418.0,0.0094429949712661,600048
2024-02-05,9.31,9.48,9.03,9.28,121548929.0,1123027075.0,11970443418.0,0.0101540874264713,600048
2024-02-06,9.13,9.56,9.05,9.44,117364710.0,1093169079.0,11970443418.0,0.0098045415613859,600048
2024-02-07,9.45,9.52,9.26,9.48,117328754.0,1102777606.0,11970443418.0,0.0098015378297158,600048
2024-02-08,9.56,9.98,9.52,9.97,119349623.0,1162219179.0,11970443418.0,0.00997035939542,600048
2024-02-19,9.89,9.89,9.53,9.81,135705186.0,1312945140.0,11970443418.0,0.0113366883131446,600048
2024-02-20,9.95,10.29,9.75,9.86,123091380.0,1218155964.0,11970443418.0,0.0102829423858189,600048
2024-02-21,9.76,10.35,9.64,10.09,161754255.0,1624756619.0,11970443418.0,0.0135128039414788,600048
2024-02-22,9.99,10.06,9.91,9.99,87880116.0,876266622.0,11970443418.0,0.0073414252865398,600048
2024-02-23,9.98,10.07,9.91,10.0,75513625.0,754600762.0,11970443418.0,0.0063083398302898,600048
2024-02-26,9.95,9.96,9.75,9.82,95531260.0,939121341.0,11970443418.0,0.0079805949256941,600048
2024-02-27,9.72,9.87,9.72,9.87,81233180.0,795023401.0,11970443418.0,0.0067861462740677,600048
2024-02-28,9.87,9.94,9.7,9.72,113688426.0,1119529187.0,11970443418.0,0.0094974281260998,600048
2024-02-29,9.6,9.82,9.6,9.77,94462457.0,917004781.0,11970443418.0,0.0078913080912237,600048
2024-03-01,9.73,9.82,9.47,9.58,119933549.0,1155023860.0,11970443418.0,0.0100191400445246,600048
2024-03-04,9.49,9.51,9.14,9.23,148476532.0,1372252799.0,11970443418.0,0.0124035949893665,600048
2024-03-05,9.16,9.44,9.12,9.38,120313653.0,1114114869.0,11970443418.0,0.0100508935883765,600048
2024-03-06,9.31,9.34,9.14,9.2,85587236.0,789616440.0,11970443418.0,0.0071498801682903,600048
2024-03-07,9.2,9.26,9.12,9.13,78459787.0,720239150.0,11970443418.0,0.0065544595350594,600048
2024-03-08,9.12,9.15,8.98,9.04,73372824.0,663402684.0,11970443418.0,0.0061294992539431,600048
2024-03-11,9.08,9.47,9.06,9.47,156967764.0,1460931897.0,11970443418.0,0.0131129448190671,600048
2024-03-12,9.42,10.05,9.38,9.96,196806525.0,1920147708.0,11970443418.0,0.0164410388260188,600048
2024-03-13,9.86,9.93,9.65,9.67,100685049.0,980873340.0,11970443418.0,0.0084111377903177,600048
2024-03-14,9.63,9.93,9.6,9.77,97057249.0,949749974.0,11970443418.0,0.0081080746644735,600048
2024-03-15,9.7,9.87,9.61,9.69,69642441.0,675465322.0,11970443418.0,0.0058178664372013,600048
2024-03-18,9.65,9.69,9.43,9.5,102065393.0,969769615.0,11970443418.0,0.0085264504777261,600048
2024-03-19,9.46,9.48,9.31,9.32,73823723.0,693097786.0,11970443418.0,0.0061671669479671,600048
2024-03-20,9.29,9.41,9.24,9.31,65605947.0,610263490.0,11970443418.0,0.0054806613848028,600048
2024-03-21,9.29,9.56,9.28,9.48,110357807.0,1041930125.0,11970443418.0,0.0092191912318013,600048
2024-03-22,9.42,9.45,9.19,9.37,89065179.0,829378337.0,11970443418.0,0.0074404243760989,600048
2024-03-25,9.34,9.82,9.31,9.67,149773756.0,1440894440.0,11970443418.0,0.0125119639072671,600048
2024-03-26,9.65,9.78,9.54,9.71,94172750.0,908102258.0,11970443418.0,0.0078671062308679,600048
2024-03-27,9.67,9.69,9.37,9.44,90819683.0,862272501.0,11970443418.0,0.0075869940509834,600048
2024-03-28,9.41,9.48,9.31,9.35,88695335.0,832073203.0,11970443418.0,0.0074095279433532,600048
2024-03-29,9.22,9.32,9.01,9.13,132412001.0,1207198829.0,11970443418.0,0.0110615786212974,600048
2024-04-01,9.09,9.33,9.02,9.09,160034341.0,1459524743.0,11970443418.0,0.0133691238838617,600048
2024-04-02,9.08,9.08,8.75,8.82,182232792.0,1612250210.0,11970443418.0,0.0152235623724661,600048
2024-04-03,8.74,8.86,8.71,8.77,88244292.0,773078852.0,11970443418.0,0.0073718482196997,600048
2024-04-08,8.72,8.73,8.55,8.57,108869112.0,938794734.0,11970443418.0,0.0090948270000001,600048
2024-04-09,8.6,8.63,8.44,8.49,100796363.0,857681035.0,11970443418.0,0.0084204368610466,600048
2024-04-10,8.46,8.47,8.07,8.13,153914143.0,1262771206.0,11970443418.0,0.0128578480867766,600048
2024-04-11,8.01,8.19,7.88,8.17,114306441.0,919497870.0,11970443418.0,0.0095490565393857,600048
2024-04-12,8.09,8.17,7.89,7.9,108050724.0,862526292.0,11970443418.0,0.0090264596077972,600048
2024-04-15,7.87,8.08,7.81,7.93,99012354.0,787229449.0,11970443418.0,0.0082714023651884,600048
2024-04-16,7.86,8.12,7.74,8.0,118582880.0,937520649.0,11970443418.0,0.0099063063797358,600048
2024-04-17,7.92,8.15,7.91,8.08,97690097.0,785511834.0,11970443418.0,0.0081609422131433,600048
2024-04-18,8.03,8.26,7.95,8.18,107271999.0,872940237.0,11970443418.0,0.0089614056266867,600048
2024-04-19,8.11,8.24,8.07,8.1,60457791.0,491698249.0,11970443418.0,0.0050505890958967,600048
2024-04-22,8.07,8.21,8.0,8.09,70118017.0,567151027.0,11970443418.0,0.0058575956254522,600048
2024-04-23,8.13,8.16,8.01,8.04,65243496.0,526682614.0,11970443418.0,0.0054503825565804,600048
2024-04-24,8.01,8.1,7.95,8.0,68630843.0,549117511.0,11970443418.0,0.0057333584566131,600048
2024-04-25,8.0,8.13,7.92,8.0,91547330.0,734610124.0,11970443418.0,0.0076477810222418,600048
2024-04-26,7.99,8.68,7.94,8.64,248730684.0,2082799660.0,11970443418.0,0.0207787360346219,600048
2024-04-29,8.55,9.35,8.51,9.28,336604050.0,3056897470.0,11970443418.0,0.0281195974322761,600048
2024-04-30,9.18,9.19,8.8,8.91,226192124.0,2019301738.0,11970443418.0,0.0188958851482372,600048
2024-05-06,9.13,9.27,8.8,8.83,248827245.0,2239792665.0,11970443418.0,0.0207868026530945,600048
2024-05-07,8.76,9.34,8.73,9.27,255107517.0,2308420687.0,11970443418.0,0.0213114508871403,600048
2024-05-08,9.15,9.18,8.98,8.98,108856807.0,983331535.0,11970443418.0,0.0090937990514463,600048
2024-05-09,9.12,9.44,9.03,9.21,166240409.0,1532274078.0,11970443418.0,0.0138875731829636,600048
2024-05-10,9.33,9.73,9.23,9.72,301184746.0,2867615353.0,11970443418.0,0.0251607008598451,600048
2024-05-13,9.52,9.69,9.46,9.54,148275480.0,1418897756.0,11970443418.0,0.0123867992874046,600048
2024-05-14,9.5,9.71,9.44,9.58,127201311.0,1220260326.0,11970443418.0,0.0106262822986763,600048
2024-05-15,9.54,10.29,9.53,9.87,275073251.0,2740387428.0,11970443418.0,0.022979370220018,600048
2024-05-16,9.87,10.39,9.81,10.18,261188114.0,2652391358.0,11970443418.0,0.0218194184525571,600048
2024-05-17,10.29,11.2,9.98,11.2,427243517.0,4513712143.0,11970443418.0,0.0356915364018639,600048
2024-05-20,11.15,11.7,10.8,11.08,367057809.0,4102994669.0,11970443418.0,0.0306636768733273,600048
2024-05-21,10.98,11.37,10.89,11.19,173633661.0,1941598160.0,11970443418.0,0.0145051987580432,600048
2024-05-22,11.14,11.89,11.06,11.28,247197658.0,2829682028.0,11970443418.0,0.0206506684312368,600048
2024-05-23,11.03,11.14,10.73,10.91,217841695.0,2377066905.0,11970443418.0,0.0181982978736134,600048
2024-05-24,10.8,10.85,10.55,10.62,135430113.0,1447763570.0,11970443418.0,0.0113137089638929,600048
2024-05-27,10.63,10.69,10.22,10.57,155667975.0,1619344100.0,11970443418.0,0.0130043616233899,600048
2024-05-28,10.69,10.8,10.28,10.37,150052970.0,1577907055.0,11970443418.0,0.0125352891919078,600048
2024-05-29,10.42,10.6,10.36,10.44,91861758.0,960445860.0,11970443418.0,0.0076740480525447,600048
2024-05-30,10.32,10.49,10.13,10.22,102270274.0,1048180239.0,11970443418.0,0.0085435660508796,600048
2024-05-31,10.25,10.44,10.17,10.22,104722262.0,1078332491.0,11970443418.0,0.0087484029073249,600048
2024-06-03,10.09,10.34,10.07,10.24,81721038.0,833373970.0,11970443418.0,0.0068269014894732,600048
2024-06-04,10.25,10.62,10.16,10.56,154242525.0,1613164151.0,11970443418.0,0.0128852808215997,600048
2024-06-05,10.51,10.56,10.32,10.33,65891254.0,685235176.0,11970443418.0,0.0055044956731443,600048
2024-06-06,10.32,10.41,10.18,10.29,62070086.0,637758971.0,11970443418.0,0.0051852787597379,600048
2024-06-07,10.28,10.52,10.27,10.42,74112292.0,771731911.0,11970443418.0,0.0061912737408337,600048
2024-06-11,10.32,10.65,10.18,10.23,113982333.0,1184587489.0,11970443418.0,0.0095219808506512,600048
2024-06-12,10.19,10.3,10.05,10.11,71183641.0,723051555.0,11970443418.0,0.0059466168891422,600048
2024-06-13,10.21,10.23,9.8,9.86,107552726.0,1065824002.0,11970443418.0,0.0089848573059768,600048
2024-06-14,9.81,10.18,9.74,10.0,83224294.0,830796375.0,11970443418.0,0.0069524821340248,600048
2024-06-17,9.88,9.97,9.68,9.8,87343632.0,853959439.0,11970443418.0,0.007296607899141,600048
2024-06-18,9.78,9.88,9.63,9.65,69952038.0,677878877.0,11970443418.0,0.0058437298901403,600048
2024-06-19,9.67,9.76,9.5,9.64,56966118.0,549174549.0,11970443418.0,0.0047588978963251,600048
2024-06-20,9.63,9.65,9.34,9.39,72314189.0,682212130.0,11970443418.0,0.0060410618449823,600048
2024-06-21,9.45,9.52,9.38,9.44,49416965.0,466465454.0,11970443418.0,0.0041282484929247,600048
2024-06-24,9.38,9.4,9.21,9.27,73073835.0,679082257.0,11970443418.0,0.0061045219837152,600048
2024-06-25,9.3,9.59,9.13,9.38,85511851.0,802117139.0,11970443418.0,0.007143582573676,600048
2024-06-26,9.3,9.31,9.12,9.24,70976545.0,653825059.0,11970443418.0,0.0059293162768951,600048
2024-06-27,9.25,9.32,8.96,8.97,96669533.0,879896686.0,11970443418.0,0.0080756852210368,600048
2024-06-28,8.94,9.06,8.7,8.76,133076302.0,1181005814.0,11970443418.0,0.0111170737250963,600048
2024-07-01,8.82,9.49,8.78,9.31,198704883.0,1839742160.0,11970443418.0,0.0165996259337567,600048
2024-07-02,9.3,9.47,8.98,9.03,124240541.0,1146322250.0,11970443418.0,0.0103789422548189,600048
2024-07-03,9.04,9.29,8.79,9.12,126050395.0,1145107668.0,11970443418.0,0.010530135818566,600048
2024-07-04,9.08,9.13,8.82,8.85,93580847.0,837476132.0,11970443418.0,0.0078176591904091,600048
2024-07-05,8.88,9.02,8.72,8.8,84808854.0,750539528.0,11970443418.0,0.007084854841089,600048
2024-07-08,8.77,8.78,8.48,8.55,106650850.0,914962342.0,11970443418.0,0.0089095154018796,600048
2024-07-09,8.56,8.63,8.38,8.56,99854042.0,849792364.0,11970443418.0,0.0083417162182855,600048
2024-07-10,8.45,8.65,8.27,8.52,74183402.0,631114960.0,11970443418.0,0.0061972142058204,600048
2024-07-11,8.62,8.79,8.52,8.69,95413884.0,827043903.0,11970443418.0,0.0079707894409764,600048
2024-07-12,8.95,9.27,8.85,9.02,176903894.0,1605215541.0,11970443418.0,0.0147783910606008,600048
2024-07-15,8.86,9.15,8.82,9.0,94554230.0,849239164.0,11970443418.0,0.0078989747245134,600048
2024-07-16,8.98,9.25,8.87,9.1,97281176.0,885309169.0,11970443418.0,0.0081267813232146,600048
2024-07-17,9.12,9.49,9.08,9.35,136243883.0,1277473511.0,11970443418.0,0.0113816905725588,600048
2024-07-18,9.31,9.52,9.18,9.48,115643347.0,1083802166.0,11970443418.0,0.0096607404556214,600048
2024-07-19,9.37,9.42,9.08,9.19,121299834.0,1113361450.0,11970443418.0,0.010133278255808,600048
2024-07-22,9.2,9.21,8.95,9.14,85710809.0,778733464.0,11970443418.0,0.0071602033447747,600048
2024-07-23,9.16,9.24,8.99,9.01,71549390.0,652790916.0,11970443418.0,0.0059771712292972,600048
2024-07-24,9.01,9.11,8.68,8.73,74584725.0,658866546.0,11970443418.0,0.0062307403657116,600048
2024-07-25,8.73,9.0,8.69,8.81,79538967.0,703380500.0,11970443418.0,0.00664461325471,600048
2024-07-26,8.83,9.11,8.8,8.92,80313172.0,717559330.0,11970443418.0,0.006709289639115,600048
2024-07-29,8.91,8.92,8.55,8.59,102817352.0,888733697.0,11970443418.0,0.008589268451442,600048
2024-07-30,8.2,8.41,8.15,8.33,92874949.0,769353658.0,11970443418.0,0.0077586891109099,600048
2024-07-31,8.35,8.84,8.17,8.82,133453117.0,1145603821.0,11970443418.0,0.0111485525088674,600048
2024-08-01,8.78,8.86,8.43,8.46,125515963.0,1074501832.0,11970443418.0,0.0104854898533884,600048
2024-08-02,8.35,8.42,8.26,8.29,97749193.0,813851088.0,11970443418.0,0.0081658790394526,600048
2024-08-05,8.17,8.58,8.15,8.26,130110300.0,1092174586.0,11970443418.0,0.0108692966046982,600048
2024-08-06,8.33,8.65,8.3,8.58,126006744.0,1069015006.0,11970443418.0,0.0105264892535662,600048
2024-08-07,8.53,8.55,8.37,8.47,65836443.0,556271611.0,11970443418.0,0.0054999168118535,600048
2024-08-08,8.52,8.82,8.34,8.48,125731602.0,1075930517.0,11970443418.0,0.010503504140117,600048
2024-08-09,8.42,8.86,8.41,8.55,179518000.0,1561950554.0,11970443418.0,0.0149967711079155,600048
2024-08-12,8.49,8.52,8.23,8.26,113705586.0,946782090.0,11970443418.0,0.0094988616569558,600048
2024-08-13,8.25,8.27,8.14,8.23,61758939.0,505916707.0,11970443418.0,0.0051592858212029,600048
2024-08-14,8.21,8.25,8.12,8.16,50998610.0,415924235.0,11970443418.0,0.0042603776835295,600048
2024-08-15,8.12,8.32,8.08,8.21,109362816.0,897471887.0,11970443418.0,0.0091360705849501,600048
2024-08-16,8.18,8.24,8.07,8.18,78135610.0,636554936.0,11970443418.0,0.0065273780821274,600048
2024-08-19,8.14,8.31,8.08,8.18,81333000.0,667042042.0,11970443418.0,0.0067944851464482,600048
2024-08-20,8.18,8.24,8.0,8.04,79206663.0,638913687.0,11970443418.0,0.0066168528795597,600048
2024-08-21,7.98,8.01,7.79,7.87,113839398.0,896617550.0,11970443418.0,0.0095100401902254,600048
2024-08-22,7.88,8.06,7.85,7.96,123616189.0,985429545.0,11970443418.0,0.0103267844542933,600048
2024-08-23,7.9,8.08,7.85,7.91,94657088.0,754348741.0,11970443418.0,0.0079075673886619,600048
2024-08-26,7.91,8.18,7.81,8.02,117185902.0,943901354.0,11970443418.0,0.0097896041030349,600048
2024-08-27,8.0,8.01,7.77,7.8,86970603.0,681645295.0,11970443418.0,0.0072654453943804,600048
2024-08-28,7.79,7.82,7.69,7.71,64101509.0,495726650.0,11970443418.0,0.005354981997042,600048
2024-08-29,7.7,7.78,7.63,7.71,60312484.0,466245375.0,11970443418.0,0.0050384502807396,600048
2024-08-30,7.73,8.48,7.7,8.12,295664365.0,2419334698.0,11970443418.0,0.0246995332316101,600048
2024-09-02,8.01,8.04,7.83,7.85,129416403.0,1022442168.0,11970443418.0,0.0108113290778682,600048
2024-09-03,7.83,8.02,7.72,7.89,122521167.0,965745415.0,11970443418.0,0.0102353073083127,600048
2024-09-04,7.82,7.99,7.68,7.7,139823949.0,1088970520.0,11970443418.0,0.0116807660432817,600048
2024-09-05,7.78,7.86,7.72,7.79,91529365.0,711791939.0,11970443418.0,0.0076462802424149,600048
2024-09-06,7.74,7.76,7.68,7.69,70593544.0,544099439.0,11970443418.0,0.0058973207202874,600048
2024-09-09,7.62,7.63,7.46,7.54,74544200.0,561747002.0,11970443418.0,0.0062273549439202,600048
2024-09-10,7.52,7.56,7.3,7.45,94511171.0,700696026.0,11970443418.0,0.0078953776146573,600048
2024-09-11,7.42,7.61,7.38,7.51,69862242.0,525280574.0,11970443418.0,0.0058362284136398,600048
2024-09-12,7.5,7.65,7.47,7.49,50465503.0,380069396.0,11970443418.0,0.0042158424076517,600048
2024-09-13,7.53,7.6,7.47,7.48,65166901.0,490379058.0,11970443418.0,0.0054439838796621,600048
2024-09-18,7.51,7.74,7.37,7.63,122346305.0,925070375.0,11970443418.0,0.0102206994952273,600048
2024-09-19,7.7,8.06,7.67,7.91,202320078.0,1593373527.0,11970443418.0,0.0169016360493188,600048
2024-09-20,7.71,8.07,7.69,8.05,184298619.0,1464732580.0,11970443418.0,0.0153961396887662,600048
2024-09-23,7.96,8.2,7.93,8.08,135316631.0,1096672372.0,11970443418.0,0.0113042287804079,600048
2024-09-24,8.25,8.36,7.9,8.17,279252468.0,2267065203.0,11970443418.0,0.0233284982225543,600048
2024-09-25,8.24,8.69,8.21,8.29,274756687.0,2327372454.0,11970443418.0,0.0229529247502099,600048
2024-09-26,8.21,9.12,8.21,9.12,349978064.0,3063646913.0,11970443418.0,0.0292368504473056,600048
2024-09-27,9.6,10.03,9.57,10.03,446630714.0,4385364981.0,11970443418.0,0.0373111252778155,600048
2024-09-30,11.03,11.03,10.25,11.03,635977736.0,6876364512.0,11970443418.0,0.0531290039802266,600048
2024-10-08,12.13,12.13,10.36,10.99,686120756.0,7761689306.0,11970443418.0,0.0573179064501719,600048
2024-10-09,10.6,10.6,9.89,9.89,395132044.0,3955323147.0,11970443418.0,0.0330089730348533,600048
2024-10-10,9.61,10.35,9.5,10.03,332952272.0,3317654926.0,11970443418.0,0.0278145312060318,600048
2024-10-11,9.96,10.4,9.76,10.25,282175686.0,2864943674.0,11970443418.0,0.0235727012063472,600048
2024-10-14,10.59,11.15,10.41,10.79,363826860.0,3894495699.0,11970443418.0,0.0303937663205451,600048
2024-10-15,10.59,11.2,10.47,10.93,290089419.0,3183282069.0,11970443418.0,0.0242338072927015,600048
2024-10-16,11.14,11.56,10.88,11.39,409158138.0,4598587526.0,11970443418.0,0.0341807002224117,600048
2024-10-17,11.35,11.35,10.3,10.32,380881709.0,4068332291.0,11970443418.0,0.0318185129572783,600048
2024-10-18,10.1,10.74,9.9,10.47,290448063.0,2985762302.0,11970443418.0,0.0242637680875924,600048
2024-10-21,10.47,10.81,10.23,10.76,233811713.0,2486453363.0,11970443418.0,0.0195324187112748,600048
2024-10-22,10.7,11.04,10.63,10.96,171052467.0,1857821068.0,11970443418.0,0.014289568149396,600048
2024-10-23,10.91,11.12,10.85,10.94,147606018.0,1618899813.0,11970443418.0,0.0123308730383407,600048
2024-10-24,10.86,10.98,10.66,10.72,112316218.0,1212073847.0,11970443418.0,0.0093827951127616,600048
2024-10-25,10.7,10.97,10.67,10.71,115332666.0,1245209735.0,11970443418.0,0.0096347864463043,600048
2024-10-28,10.66,10.98,10.65,10.91,122909611.0,1333629137.0,11970443418.0,0.01026775756821,600048
2024-10-29,10.76,11.09,10.61,10.62,124956084.0,1348794221.0,11970443418.0,0.0104387180688814,600048
2024-10-30,10.62,10.87,10.52,10.67,149861928.0,1604000283.0,11970443418.0,0.0125193297162786,600048
2024-10-31,10.6,11.15,10.52,10.8,182883554.0,1989913859.0,11970443418.0,0.0152779264404689,600048
2024-11-01,10.9,11.31,10.85,10.94,211500237.0,2339025204.0,11970443418.0,0.0176685382165514,600048
2024-11-04,11.03,11.05,10.68,10.88,141514511.0,1523861446.0,11970443418.0,0.0118219940614066,600048
2024-11-05,10.82,11.25,10.75,11.14,168047408.0,1856971741.0,11970443418.0,0.0140385282425968,600048
2024-11-06,11.12,11.57,10.8,11.34,256923810.0,2858841168.0,11970443418.0,0.0214631823591148,600048
2024-11-07,11.16,11.7,11.06,11.65,300394705.0,3455045465.0,11970443418.0,0.0250947015503448,600048
2024-11-08,11.79,11.82,11.1,11.18,260312637.0,2942131233.0,11970443418.0,0.021746281897007,600048
2024-11-11,10.93,11.06,10.69,10.91,196476715.0,2125478297.0,11970443418.0,0.0164134867973693,600048
2024-11-12,10.86,11.07,10.75,10.82,130569187.0,1423286322.0,11970443418.0,0.0109076316090064,600048
2024-11-13,10.76,10.85,10.53,10.63,129420247.0,1378122582.0,11970443418.0,0.0108116502021462,600048
2024-11-14,10.83,10.84,10.38,10.38,156719226.0,1653802047.0,11970443418.0,0.0130921821796793,600048
2024-11-15,10.31,10.41,10.11,10.11,124318433.0,1270504259.0,11970443418.0,0.0103854492819423,600048
2024-11-18,10.2,10.48,10.12,10.18,158410414.0,1630767433.0,11970443418.0,0.0132334624932772,600048
2024-11-19,10.21,10.25,9.95,10.18,126835497.0,1275236373.0,11970443418.0,0.0105957225284801,600048
2024-11-20,10.11,10.21,10.02,10.15,85730371.0,867267203.0,11970443418.0,0.0071618375365349,600048
2024-11-21,10.11,10.18,9.98,10.06,76674816.0,770771821.0,11970443418.0,0.0064053446745927,600048
2024-11-22,10.05,10.1,9.71,9.73,110615055.0,1097490612.0,11970443418.0,0.0092406814966994,600048
2024-11-25,9.73,9.86,9.63,9.74,91711377.0,893139666.0,11970443418.0,0.0076614853600237,600048
2024-11-26,9.72,9.99,9.67,9.85,96042645.0,945151344.0,11970443418.0,0.0080233155653683,600048
2024-11-27,9.83,10.03,9.72,10.0,121033522.0,1197444720.0,11970443418.0,0.0101110307925604,600048
2024-11-28,9.98,10.12,9.93,10.03,106864014.0,1071849603.0,11970443418.0,0.0089273229293501,600048
2024-11-29,10.03,10.43,10.0,10.24,166431467.0,1708627654.0,11970443418.0,0.0139035339952182,600048
2024-12-02,10.15,10.33,10.04,10.24,132940371.0,1355802174.0,11970443418.0,0.0111057181724861,600048
2024-12-03,10.21,10.41,10.15,10.31,107875846.0,1109166370.0,11970443418.0,0.0090118504580863,600048
2024-12-04,10.26,10.32,10.07,10.11,80468570.0,820150110.0,11970443418.0,0.0067222714472714,600048
2024-12-05,10.08,10.12,9.96,10.05,63666087.0,638406115.0,11970443418.0,0.0053186072375786,600048
2024-12-06,10.04,10.24,9.99,10.15,83919300.0,850713199.0,11970443418.0,0.0070105423057102,600048
2024-12-09,10.15,10.17,9.84,9.87,128951124.0,1282290730.0,11970443418.0,0.01077246009167,600048
2024-12-10,10.45,10.45,10.03,10.03,219481173.0,2243889133.0,11970443418.0,0.0183352583806515,600048
2024-12-11,10.01,10.24,9.96,10.16,131202115.0,1331278643.0,11970443418.0,0.0109605058408037,600048
2024-12-12,10.16,10.26,10.03,10.21,101663590.0,1031999453.0,11970443418.0,0.0084928842190697,600048
2024-12-13,10.13,10.14,9.8,9.84,181411783.0,1798913611.0,11970443418.0,0.0151549760242975,600048
2024-12-16,9.85,9.9,9.46,9.5,147861024.0,1420514728.0,11970443418.0,0.0123521760085896,600048
2024-12-17,9.5,9.51,9.38,9.41,80713586.0,761540604.0,11970443418.0,0.0067427398619695,600048
2024-12-18,9.46,9.54,9.37,9.4,75090262.0,708995115.0,11970443418.0,0.006272972468763,600048
2024-12-19,9.25,9.39,9.22,9.39,74350864.0,693350916.0,11970443418.0,0.006211203829609,600048
2024-12-20,9.35,9.41,9.22,9.34,98549043.0,915459718.0,11970443418.0,0.0082326977839276,600048
2024-12-23,9.31,9.43,9.19,9.22,95041784.0,882186494.0,11970443418.0,0.0079397045440342,600048
2024-12-24,9.2,9.28,9.17,9.24,92218778.0,850471644.0,11970443418.0,0.0077038731799467,600048
2024-12-25,9.22,9.25,9.06,9.19,109407910.0,999648469.0,11970443418.0,0.0091398376968628,600048
2024-12-26,9.17,9.2,9.04,9.08,104338724.0,948933818.0,11970443418.0,0.0087163624902236,600048
2024-12-27,9.07,9.18,9.03,9.13,86901308.0,792543635.0,11970443418.0,0.0072596565528496,600048
2024-12-30,9.08,9.15,8.95,8.99,124194080.0,1118876057.0,11970443418.0,0.0103750609449645,600048
2024-12-31,8.99,9.12,8.84,8.86,116544551.0,1045881148.0,11970443418.0,0.0097360262214473,600048
2025-01-02,8.84,8.98,8.61,8.68,127331073.0,1121639098.0,11970443418.0,0.0106371224986145,600048
2025-01-03,8.68,8.75,8.49,8.54,107856731.0,930058464.0,11970443418.0,0.0090102536083012,600048
2025-01-06,8.53,8.54,8.37,8.54,101029297.0,857093438.0,11970443418.0,0.0084398959564089,600048
2025-01-07,8.51,8.7,8.4,8.67,104231899.0,895668427.0,11970443418.0,0.0087074384264885,600048
2025-01-08,8.61,8.67,8.49,8.6,84375984.0,724363005.0,11970443418.0,0.0070486932733939,600048
2025-01-09,8.59,8.68,8.52,8.64,67124707.0,578095837.0,11970443418.0,0.0056075372194704,600048
2025-01-10,8.62,8.76,8.46,8.47,73884718.0,631963068.0,11970443418.0,0.0061722624150162,600048
2025-01-13,8.4,8.63,8.33,8.63,87119016.0,742674003.0,11970443418.0,0.007277843681964,600048
2025-01-14,8.6,8.78,8.6,8.77,97104212.0,845954924.0,11970443418.0,0.0081119979109532,600048
2025-01-15,8.75,8.79,8.6,8.73,69014560.0,600489740.0,11970443418.0,0.0057654138272123,600048
2025-01-16,8.74,8.84,8.55,8.66,97005356.0,843912398.0,11970443418.0,0.0081037395702595,600048
2025-01-17,8.45,8.77,8.44,8.66,106514789.0,917489047.0,11970443418.0,0.0088981489891872,600048
2025-01-20,8.64,8.73,8.43,8.6,124404388.0,1067657474.0,11970443418.0,0.0103926298847821,600048
2025-01-21,8.61,9.03,8.56,8.7,237014463.0,2085028670.0,11970443418.0,0.0197999735451403,600048
2025-01-22,8.57,8.58,8.3,8.3,171908113.0,1447136458.0,11970443418.0,0.0143610480411695,600048
2025-01-23,8.38,8.59,8.35,8.39,162010676.0,1373062402.0,11970443418.0,0.013534225119546,600048
2025-01-24,8.39,8.48,8.32,8.42,101235950.0,850806540.0,11970443418.0,0.0084571595608372,600048
2025-01-27,8.43,8.57,8.32,8.32,102810382.0,866288861.0,11970443418.0,0.0085886861839556,600048
2025-02-05,8.35,8.38,8.17,8.23,94153067.0,773236216.0,11970443418.0,0.0078654619308773,600048
2025-02-06,8.22,8.38,8.21,8.29,93014686.0,770609468.0,11970443418.0,0.0077703626133125,600048
2025-02-07,8.27,8.54,8.23,8.45,153273377.0,1293774169.0,11970443418.0,0.0128043190755592,600048
2025-02-10,8.4,8.52,8.39,8.47,91745328.0,776864272.0,11970443418.0,0.00766432159581,600048
2025-02-11,8.5,8.52,8.27,8.29,109561782.0,913880385.0,11970443418.0,0.0091526920243615,600048
2025-02-12,8.31,8.63,8.17,8.59,183500830.0,1534537307.0,11970443418.0,0.0153294931183642,600048
2025-02-13,8.48,8.72,8.43,8.59,225634441.0,1941639233.0,11970443418.0,0.018849296815581,600048
2025-02-14,8.55,8.6,8.41,8.52,117362254.0,995076552.0,11970443418.0,0.0098043363893706,600048
2025-02-17,8.52,8.6,8.46,8.48,130835785.0,1115031012.0,11970443418.0,0.010929902964435,600048
2025-02-18,8.48,8.48,8.27,8.32,104591945.0,876119069.0,11970443418.0,0.0087375163431894,600048
2025-02-19,8.3,8.39,8.25,8.33,96786971.0,804220118.0,11970443418.0,0.0080854958851784,600048
2025-02-20,8.29,8.32,8.19,8.2,102229921.0,839784232.0,11970443418.0,0.0085401949978124,600048
2025-02-21,8.2,8.27,8.16,8.2,114791025.0,942200881.0,11970443418.0,0.0095895382477969,600048
2025-02-24,8.2,8.43,8.16,8.35,168454035.0,1401186605.0,11970443418.0,0.0140724974938434,600048
2025-02-25,8.29,8.43,8.25,8.34,133669461.0,1117773894.0,11970443418.0,0.0111666256906574,600048
2025-02-26,8.43,8.72,8.42,8.63,222484977.0,1913466378.0,11970443418.0,0.0185861934458876,600048
2025-02-27,8.67,8.86,8.64,8.81,216075723.0,1895483253.0,11970443418.0,0.0180507701723969,600048
2025-02-28,8.82,8.95,8.69,8.7,217380800.0,1916995821.0,11970443418.0,0.0181597951228041,600048
2025-03-03,8.77,8.95,8.7,8.74,156304205.0,1377346277.0,11970443418.0,0.0130575117012762,600048
2025-03-04,8.68,8.76,8.54,8.75,115279662.0,995884889.0,11970443418.0,0.0096303585401567,600048
2025-03-05,8.73,8.77,8.55,8.61,116443630.0,1004629402.0,11970443418.0,0.0097275953725242,600048
2025-03-06,8.66,8.9,8.62,8.9,186307833.0,1638145913.0,11970443418.0,0.0155639876063277,600048
2025-03-07,8.82,8.84,8.71,8.8,127714204.0,1120141242.0,11970443418.0,0.0106691289153044,600048
2025-03-10,8.84,8.9,8.64,8.69,92552287.0,808423899.0,11970443418.0,0.0077317342197055,600048
2025-03-11,8.62,8.64,8.52,8.63,98547083.0,844937013.0,11970443418.0,0.008232534047303,600048
2025-03-12,8.61,8.61,8.5,8.54,96697994.0,826411568.0,11970443418.0,0.008078062827196,600048
2025-03-13,8.52,8.57,8.43,8.5,73001858.0,620698892.0,11970443418.0,0.0060985090903338,600048
2025-03-14,8.49,8.7,8.49,8.69,191830598.0,1654291365.0,11970443418.0,0.0160253543917632,600048
2025-03-17,8.7,8.82,8.7,8.75,99853113.0,874435312.0,11970443418.0,0.008341638610467,600048
2025-03-18,8.75,8.82,8.67,8.71,78795801.0,686764945.0,11970443418.0,0.0065825298402492,600048
2025-03-19,8.71,8.72,8.61,8.64,67672292.0,585930080.0,11970443418.0,0.0056532819743536,600048
2025-03-20,8.64,8.69,8.58,8.61,66608201.0,575480169.0,11970443418.0,0.005564388776095,600048
2025-03-21,8.59,8.62,8.46,8.53,95905375.0,817589122.0,11970443418.0,0.008011848153911,600048
2025-03-24,8.51,8.52,8.41,8.46,67626173.0,571500274.0,11970443418.0,0.0056494292348694,600048
2025-03-25,8.45,8.58,8.41,8.52,68233554.0,580055029.0,11970443418.0,0.0057001692934279,600048
2025-03-26,8.51,8.63,8.47,8.51,73571168.0,629168960.0,11970443418.0,0.006146068732038,600048
2025-03-27,8.5,8.53,8.43,8.47,56925490.0,482752649.0,11970443418.0,0.004755503870007,600048
2025-03-28,8.48,8.5,8.4,8.45,53956965.0,455574023.0,11970443418.0,0.0045075159804744,600048
2025-03-31,8.42,8.43,8.23,8.26,75291040.0,625423456.0,11970443418.0,0.0062897452810131,600048
2025-04-01,8.28,8.3,8.21,8.24,69463364.0,573528983.0,11970443418.0,0.0058029065068339,600048
2025-04-02,8.23,8.31,8.2,8.29,71208015.0,586792614.0,11970443418.0,0.0059486530710236,600048
2025-04-03,8.24,8.56,8.23,8.39,138055075.0,1165729801.0,11970443418.0,0.0115329959116139,600048
2025-04-07,8.14,8.2,7.7,7.93,193665728.0,1539066262.0,11970443418.0,0.0161786594896546,600048
2025-04-08,7.94,8.55,7.93,8.5,243871437.0,2016768610.0,11970443418.0,0.0203727989418745,600048
2025-04-09,8.46,8.92,8.37,8.92,256082161.0,2222875399.0,11970443418.0,0.0213928717640424,600048
2025-04-10,8.8,8.98,8.6,8.98,181545130.0,1605554229.0,11970443418.0,0.0151661157118883,600048
2025-04-11,8.88,8.88,8.67,8.73,118488292.0,1035347771.0,11970443418.0,0.009898404583896,600048
2025-04-14,8.63,8.73,8.61,8.67,70063401.0,607478938.0,11970443418.0,0.0058530330542848,600048
2025-04-15,8.64,8.67,8.55,8.66,63694511.0,547839853.0,11970443418.0,0.0053209817527914,600048
2025-04-16,8.65,8.83,8.63,8.83,130831067.0,1143619999.0,11970443418.0,0.0109295088269887,600048
2025-04-17,8.8,9.32,8.76,9.2,275559566.0,2510236484.0,11970443418.0,0.0230199965346012,600048
2025-04-18,9.1,9.24,9.02,9.2,110891856.0,1014894832.0,11970443418.0,0.0092638052015058,600048
2025-04-21,9.14,9.15,9.04,9.06,80660205.0,732268795.0,11970443418.0,0.0067382804615834,600048
2025-04-22,9.05,9.1,8.97,9.01,65184536.0,589346925.0,11970443418.0,0.0054454570915879,600048
2025-04-23,9.0,9.03,8.81,8.84,96991845.0,864622606.0,11970443418.0,0.0081026108735582,600048
2025-04-24,8.83,8.98,8.75,8.86,82257172.0,729318324.0,11970443418.0,0.0068716896381891,600048
2025-04-25,8.88,9.14,8.68,8.76,194337467.0,1728377785.0,11970443418.0,0.0162347759572359,600048
2025-04-28,8.61,8.65,8.28,8.31,187845010.0,1575758680.0,11970443418.0,0.0156924019804927,600048
2025-04-29,8.35,8.41,8.31,8.33,63072456.0,526073922.0,11970443418.0,0.005269015841565,600048
2025-04-30,8.31,8.5,8.29,8.37,86990865.0,731366454.0,11970443418.0,0.0072671380635066,600048
2025-05-06,8.38,8.41,8.34,8.35,108429769.0,906379834.0,11970443418.0,0.0090581246837484,600048
2025-05-07,8.65,8.71,8.43,8.5,160077028.0,1364689927.0,11970443418.0,0.0133726899171747,600048
2025-05-08,8.44,8.49,8.43,8.44,74845518.0,632574142.0,11970443418.0,0.0062525267766985,600048
2025-05-09,8.45,8.46,8.22,8.25,116704000.0,968421866.0,11970443418.0,0.0097493464464743,600048
2025-05-12,8.27,8.31,8.24,8.3,79853735.0,660666939.0,11970443418.0,0.006670908688305,600048
2025-05-13,8.33,8.36,8.28,8.3,61724600.0,512852063.0,11970443418.0,0.0051564171722481,600048
2025-05-14,8.29,8.42,8.22,8.35,101344343.0,841372494.0,11970443418.0,0.008466214613872,600048
2025-05-15,8.31,8.38,8.24,8.25,71194947.0,590233501.0,11970443418.0,0.0059475613821409,600048
2025-05-16,8.26,8.29,8.19,8.27,74657810.0,613823896.0,11970443418.0,0.0062368458204093,600048
2025-05-19,8.26,8.32,8.21,8.28,64889747.0,536904573.0,11970443418.0,0.0054208306855554,600048
2025-05-20,8.28,8.29,8.24,8.26,47951549.0,396162432.0,11970443418.0,0.0040058289676968,600048
2025-05-21,8.26,8.27,8.2,8.22,65293089.0,536759749.0,11970443418.0,0.0054545255108777,600048
2025-05-22,8.21,8.22,8.15,8.17,65422362.0,535260793.0,11970443418.0,0.0054653248601989,600048
2025-05-23,8.16,8.22,8.09,8.09,63255116.0,515798810.0,11970443418.0,0.0052842750925068,600048
2025-05-26,8.07,8.12,8.02,8.07,55179055.0,445274773.0,11970443418.0,0.0046096082720734,600048
2025-05-27,8.07,8.14,8.06,8.1,41007494.0,332444467.0,11970443418.0,0.0034257289031028,600048
2025-05-28,8.12,8.13,8.07,8.08,28336258.0,229370795.0,11970443418.0,0.0023671853255987,600048
2025-05-29,8.09,8.14,8.06,8.11,55153127.0,447365852.0,11970443418.0,0.0046074422704397,600048
2025-05-30,8.11,8.14,8.08,8.13,52873541.0,429052866.0,11970443418.0,0.0044170077209081,600048
2025-06-03,8.07,8.13,8.05,8.11,47752025.0,386987306.0,11970443418.0,0.0039891609134708,600048
2025-06-04,8.11,8.18,8.1,8.17,53255823.0,433569986.0,11970443418.0,0.0044489432129071,600048
2025-06-05,8.18,8.25,8.16,8.19,63575462.0,521516858.0,11970443418.0,0.005311036507169,600048
2025-06-06,8.19,8.21,8.13,8.16,48275465.0,394044444.0,11970443418.0,0.0040328886169252,600048
2025-06-09,8.17,8.18,8.13,8.16,59400946.0,484387968.0,11970443418.0,0.0049623012219145,600048
2025-06-10,8.16,8.24,8.07,8.12,75473239.0,615418380.0,11970443418.0,0.0063049660204325,600048
2025-06-11,8.12,8.18,8.1,8.16,55466948.0,452403540.0,11970443418.0,0.0046336585925124,600048
2025-06-12,8.16,8.17,8.11,8.14,49935600.0,405852170.0,11970443418.0,0.0041715747910316,600048
2025-06-13,8.12,8.13,8.05,8.06,74994565.0,606245514.0,11970443418.0,0.0062649780280678,600048
2025-06-16,8.1,8.28,8.08,8.24,131241902.0,1077575739.0,11970443418.0,0.0109638296107436,600048
2025-06-17,8.21,8.22,8.11,8.12,70854029.0,578030818.0,11970443418.0,0.0059190814012333,600048
2025-06-18,8.12,8.13,7.98,8.01,94716646.0,759980094.0,11970443418.0,0.0079125428100327,600048
2025-06-19,8.0,8.01,7.8,7.88,91496219.0,722739336.0,11970443418.0,0.0076435112555995,600048
2025-06-20,7.88,7.92,7.82,7.89,58369335.0,459369993.0,11970443418.0,0.0048761213734346,600048
2025-06-23,7.83,7.9,7.78,7.88,51221756.0,402181159.0,11970443418.0,0.004279019098238,600048
2025-06-24,7.9,7.97,7.87,7.97,69721928.0,553836014.0,11970443418.0,0.0058245067091799,600048
2025-06-25,7.96,8.06,7.92,8.05,79252471.0,633410322.0,11970443418.0,0.0066206796383856,600048
2025-06-26,8.05,8.07,8.02,8.04,66668050.0,536414360.0,11970443418.0,0.0055693885073422,600048
2025-06-27,8.04,8.2,8.03,8.05,95197560.0,771787648.0,11970443418.0,0.0079527179299683,600048
2025-06-30,8.06,8.17,8.03,8.1,62953381.0,510087312.0,11970443418.0,0.0052590684239262,600048
2025-07-01,8.11,8.12,7.99,8.02,91430793.0,733977318.0,11970443418.0,0.007638045626824,600048
2025-07-02,8.03,8.1,8.0,8.08,82613610.0,664183338.0,11970443418.0,0.0069014661458383,600048
2025-07-03,8.09,8.17,8.07,8.11,82263441.0,667637251.0,11970443418.0,0.0068722133447705,600048
2025-07-04,8.1,8.13,8.06,8.07,83667605.0,676800580.0,11970443418.0,0.0069895159334021,600048
2025-07-07,8.05,8.2,8.04,8.16,118421200.0,966502694.0,11970443418.0,0.0098927997789897,600048
2025-07-08,8.15,8.23,8.12,8.22,94873807.0,776945185.0,11970443418.0,0.0079256718976122,600048
2025-07-09,8.21,8.26,8.14,8.15,129853810.0,1063609993.0,11970443418.0,0.0108478696624335,600048
2025-07-10,8.15,8.43,8.14,8.34,225925590.0,1873291123.0,11970443418.0,0.0188736191393106,600048
2025-07-11,8.34,8.38,8.26,8.26,144120627.0,1199874014.0,11970443418.0,0.0120397066313588,600048
2025-07-14,8.25,8.3,8.13,8.14,140926898.0,1152182597.0,11970443418.0,0.0117729054036617,600048
2025-07-15,8.11,8.13,7.95,8.01,172667019.0,1383517601.0,11970443418.0,0.0144244463609727,600048
2025-07-16,7.99,8.04,7.95,7.98,91855387.0,733824825.0,11970443418.0,0.0076735158249757,600048
2025-07-17,7.98,8.01,7.95,7.99,66262787.0,528381237.0,11970443418.0,0.00553553320342,600048
2025-07-18,8.0,8.02,7.98,8.02,74775872.0,598139851.0,11970443418.0,0.0062467086129457,600048
2025-07-21,8.02,8.06,8.0,8.05,98304955.0,789929794.0,11970443418.0,0.0082123068935089,600048
2025-07-22,8.06,8.22,7.99,8.2,201934509.0,1638378033.0,11970443418.0,0.0168694259643172,600048
2025-07-23,8.2,8.35,8.17,8.2,196546305.0,1622514845.0,11970443418.0,0.0164193002829329,600048
2025-07-24,8.18,8.38,8.18,8.34,216083409.0,1797715393.0,11970443418.0,0.0180514122538747,600048
2025-07-25,8.33,8.47,8.3,8.38,180213331.0,1513151349.0,11970443418.0,0.0150548584298065,600048
2025-07-28,8.38,8.55,8.25,8.49,189697254.0,1600891638.0,11970443418.0,0.0158471367664418,600048
2025-07-29,8.48,8.51,8.37,8.42,133682997.0,1125164627.0,11970443418.0,0.0111677564758361,600048
2025-07-30,8.4,8.52,8.31,8.32,165038835.0,1388216744.0,11970443418.0,0.0137871947794206,600048
2025-07-31,8.28,8.31,7.95,7.98,286959825.0,2313289352.0,11970443418.0,0.0239723638448094,600048
2025-08-01,7.97,8.01,7.92,7.95,111441292.0,887515936.0,11970443418.0,0.0093097045872524,600048
2025-08-04,7.99,7.99,7.93,7.99,89911883.0,715582790.0,11970443418.0,0.0075111572612923,600048
2025-08-05,7.99,8.05,7.97,8.04,100854527.0,808491637.0,11970443418.0,0.0084252958289201,600048
2025-08-06,8.03,8.03,7.97,8.01,79003224.0,631882164.0,11970443418.0,0.00659985776978,600048
2025-08-07,8.0,8.05,7.95,8.04,113334525.0,906715506.0,11970443418.0,0.0094678635571326,600048
2025-08-08,8.02,8.04,7.98,8.01,74432362.0,595825074.0,11970443418.0,0.006218012098706,600048
2025-08-11,8.04,8.09,8.03,8.03,112944649.0,909883516.0,11970443418.0,0.0094352936692524,600048
2025-08-12,8.03,8.07,8.01,8.02,97401443.0,782492933.0,11970443418.0,0.0081368283194536,600048
2025-08-13,8.04,8.05,7.98,8.0,107251058.0,858448526.0,11970443418.0,0.0089596562345156,600048
2025-08-14,8.01,8.13,7.99,8.01,192971875.0,1553063263.0,11970443418.0,0.0161206956385448,600048
2025-08-15,8.01,8.19,7.99,8.15,263836630.0,2146463323.0,11970443418.0,0.0220406730801022,600048
2025-08-18,8.16,8.18,8.03,8.03,224015573.0,1810093423.0,11970443418.0,0.0187140580492738,600048
2025-08-19,8.06,8.12,7.98,7.99,266059421.0,2141878970.0,11970443418.0,0.0222263630267802,600048
2025-08-20,7.83,7.93,7.77,7.87,172426623.0,1352321102.0,11970443418.0,0.0144043638968896,600048
2025-08-21,7.88,7.98,7.85,7.93,175059733.0,1387634926.0,11970443418.0,0.01462433152115,600048
2025-08-22,7.92,7.97,7.87,7.96,140611753.0,1112227441.0,11970443418.0,0.0117465784758283,600048
2025-08-25,8.0,8.55,7.99,8.3,524658268.0,4361891882.0,11970443418.0,0.0438294764595828,600048
2025-08-26,8.26,8.27,8.18,8.22,187156670.0,1539192641.0,11970443418.0,0.0156348986804091,600048
2025-08-27,8.2,8.22,7.97,7.98,261176653.0,2112402548.0,11970443418.0,0.0218184610109987,600048
2025-08-28,7.99,8.04,7.86,7.96,200020991.0,1591961393.0,11970443418.0,0.0167095724039117,600048
2025-08-29,8.05,8.1,7.92,7.96,307803522.0,2461717798.0,11970443418.0,0.0257136274114252,600048
2025-09-01,7.96,8.01,7.86,7.89,256017481.0,2024778429.0,11970443418.0,0.0213874684554312,600048
2025-09-02,7.87,7.91,7.77,7.82,221099231.0,1729956248.0,11970443418.0,0.0184704294802924,600048
2025-09-03,7.83,7.85,7.68,7.73,176382386.0,1366476149.0,11970443418.0,0.0147348247546764,600048
2025-09-04,7.72,7.76,7.68,7.72,128539301.0,992925159.0,11970443418.0,0.0107380567712901,600048
2025-09-05,7.72,7.75,7.69,7.74,136911327.0,1057441297.0,11970443418.0,0.0114374482397306,600048
2025-09-08,7.78,7.83,7.73,7.76,236123083.0,1836259500.0,11970443418.0,0.0197255084673756,600048
2025-09-09,7.78,7.89,7.75,7.88,284201696.0,2227984950.0,11970443418.0,0.0237419522465345,600048
2025-09-10,7.85,7.85,7.79,7.83,145072006.0,1133674957.0,11970443418.0,0.0121191839712349,600048
2025-09-11,7.8,7.82,7.75,7.82,159568744.0,1241479498.0,11970443418.0,0.0133302283322316,600048
2025-09-12,7.83,8.0,7.83,7.87,292658891.0,2306743161.0,11970443418.0,0.0244484586560868,600048
2025-09-15,7.86,7.97,7.81,7.96,247235797.0,1947498645.0,11970443418.0,0.0206538545287495,600048
2025-09-16,7.94,8.01,7.88,7.98,190679653.0,1514354510.0,11970443418.0,0.0159292054890192,600048
2025-09-17,7.96,8.03,7.9,8.0,203985378.0,1624688631.0,11970443418.0,0.0170407537028466,600048
2025-09-18,7.95,7.96,7.73,7.76,260694783.0,2046922099.0,11970443418.0,0.0217782060276891,600048
2025-09-19,7.77,7.95,7.69,7.93,261128175.0,2042664011.0,11970443418.0,0.0218144112027914,600048
2025-09-22,7.86,7.89,7.78,7.82,174040579.0,1360476419.0,11970443418.0,0.0145391923191662,600048
2025-09-23,7.76,7.78,7.58,7.62,194020300.0,1483754652.0,11970443418.0,0.0162082801133541,600048
2025-09-24,7.58,7.78,7.57,7.66,146177628.0,1123611697.0,11970443418.0,0.0122115466316136,600048
2025-09-25,7.64,7.69,7.59,7.66,142392293.0,1086918516.0,11970443418.0,0.0118953231745688,600048
2025-09-26,7.63,7.9,7.62,7.72,215922863.0,1676766902.0,11970443418.0,0.0180380003864615,600048
2025-09-29,7.7,7.78,7.61,7.72,162946345.0,1250500543.0,11970443418.0,0.0136123900602526,600048
2025-09-30,7.7,7.88,7.69,7.86,250893219.0,1964866940.0,11970443418.0,0.0209593922496413,600048
2025-10-09,7.82,7.89,7.62,7.88,274502587.0,2122546022.0,11970443418.0,0.0229316974663803,600048
2025-10-10,7.79,8.0,7.78,7.93,232527851.0,1838888495.0,11970443418.0,0.0194251660427505,600048
2025-10-13,7.78,7.96,7.71,7.89,238758212.0,1873259662.0,11970443418.0,0.019945644757067,600048
2025-10-14,7.88,7.99,7.84,7.88,188776577.0,1492899090.0,11970443418.0,0.0157702242438351,600048
2025-10-15,7.86,7.92,7.78,7.87,137128713.0,1075586575.0,11970443418.0,0.0114556084692567,600048
2025-10-16,7.84,7.87,7.77,7.82,131681820.0,1029567464.0,11970443418.0,0.0110005799619744,600048
2025-10-17,7.81,7.91,7.74,7.75,179760804.0,1408988197.0,11970443418.0,0.0150170547341373,600048
2025-10-20,7.78,7.8,7.69,7.71,118655815.0,918295755.0,11970443418.0,0.0099123993035693,600048
2025-10-21,7.71,7.77,7.68,7.72,128550186.0,993734938.0,11970443418.0,0.0107389660943301,600048
2025-10-22,7.64,7.71,7.56,7.58,251663627.0,1917879433.0,11970443418.0,0.0210237514361057,600048
2025-10-23,7.58,7.59,7.44,7.51,161392323.0,1210242321.0,11970443418.0,0.0134825684700462,600048
2025-10-24,7.5,7.52,7.47,7.49,86630223.0,649084038.0,11970443418.0,0.0072370103575055,600048
2025-10-27,7.5,7.51,7.47,7.48,105048850.0,786538404.0,11970443418.0,0.008775685773013,600048
2025-10-28,7.48,7.49,7.41,7.42,116844651.0,869694698.0,11970443418.0,0.0097610963036089,600048
2025-10-29,7.42,7.44,7.36,7.44,116082370.0,859315354.0,11970443418.0,0.0096974160393629,600048
2025-10-30,7.42,7.44,7.32,7.33,154201400.0,1137811237.0,11970443418.0,0.0128818452763518,600048
2025-10-31,7.33,7.35,7.31,7.33,92004060.0,674600073.0,11970443418.0,0.0076859358327238,600048
2025-11-03,7.35,7.35,7.27,7.3,90224231.0,659008539.0,11970443418.0,0.0075372505302793,600048
2025-11-04,7.28,7.29,7.19,7.21,141893065.0,1025493849.0,11970443418.0,0.0118536181196625,600048
2025-11-05,7.15,7.21,7.13,7.18,81714927.0,586881154.0,11970443418.0,0.0068263909820687,600048
2025-11-06,7.16,7.19,7.15,7.17,84661262.0,606899806.0,11970443418.0,0.0070725251391017,600048
2025-11-07,7.15,7.23,7.15,7.18,82669344.0,594405798.0,11970443418.0,0.0069061221137129,600048
2025-11-10,7.21,7.28,7.19,7.27,123597163.0,894924600.0,11970443418.0,0.0103251950394875,600048
2025-11-11,7.28,7.32,7.25,7.29,102921703.0,749519195.0,11970443418.0,0.0085979858394582,600048
2025-11-12,7.3,7.31,7.26,7.27,79832772.0,581156580.0,11970443418.0,0.0066691574582738,600048
2025-11-13,7.26,7.29,7.21,7.28,83074570.0,602462403.0,11970443418.0,0.0069399743266887,600048
2025-11-14,7.26,7.31,7.25,7.25,101066144.0,736370176.0,11970443418.0,0.0084429741214119,600048
2025-11-17,7.24,7.27,7.23,7.25,72601260.0,526164182.0,11970443418.0,0.0060650434962859,600048
2025-11-18,7.24,7.25,7.08,7.08,155128810.0,1107177403.0,11970443418.0,0.0129593202676796,600048
2025-11-19,7.08,7.09,6.93,6.95,151027509.0,1055118235.0,11970443418.0,0.012616701297205,600048
2025-11-20,6.95,7.18,6.86,7.07,248897336.0,1750588532.0,11970443418.0,0.0207926579917442,600048
2025-11-21,6.99,7.07,6.93,6.93,126738095.0,887232561.0,11970443418.0,0.0105875856536294,600048
2025-11-24,6.93,7.06,6.93,7.0,109507754.0,767192206.0,11970443418.0,0.0091481785741815,600048
2025-11-25,6.99,7.03,6.95,6.98,84410192.0,589952818.0,11970443418.0,0.0070515509787274,600048
2025-11-26,6.98,6.99,6.87,6.87,106039305.0,733048274.0,11970443418.0,0.008858427486533,600048
2025-11-27,6.77,6.83,6.66,6.77,129022053.0,872132021.0,11970443418.0,0.0107783854360807,600048
2025-11-28,6.75,6.78,6.68,6.76,98394984.0,661796940.0,11970443418.0,0.0082198278346183,600048
2025-12-01,6.72,6.75,6.61,6.62,169290928.0,1128383182.0,11970443418.0,0.0141424107769839,600048
2025-12-02,6.62,6.65,6.58,6.59,95153412.0,629087563.0,11970443418.0,0.0079490298460387,600048
2025-12-03,6.59,6.61,6.45,6.46,139391720.0,906474818.0,11970443418.0,0.011644658024146,600048
2025-12-04,6.46,6.59,6.45,6.48,114628874.0,746108186.0,11970443418.0,0.0095759923001375,600048
2025-12-05,6.46,6.54,6.38,6.53,166957678.0,1076248859.0,11970443418.0,0.0139474931855026,600048
2025-12-08,6.49,6.57,6.49,6.51,103998342.0,678953539.0,11970443418.0,0.0086879272862705,600048
2025-12-09,6.49,6.5,6.34,6.35,144994040.0,926717510.0,11970443418.0,0.0121126707622185,600048
2025-12-10,6.34,6.82,6.28,6.68,299773707.0,1973751184.0,11970443418.0,0.025042823939941,600048
2025-12-11,6.58,6.58,6.41,6.42,189509622.0,1227697245.0,11970443418.0,0.0158314621591238,600048
2025-12-12,6.46,6.53,6.4,6.42,161917428.0,1043300489.0,11970443418.0,0.0135264352660924,600048
2025-12-15,6.32,6.38,6.26,6.27,163874913.0,1035072474.0,11970443418.0,0.0136899617898515,600048
2025-12-16,6.27,6.35,6.25,6.28,125496127.0,789640472.0,11970443418.0,0.0104838327719164,600048
2025-12-17,6.27,6.31,6.19,6.28,120152970.0,752046921.0,11970443418.0,0.0100374702761073,600048
2025-12-18,6.25,6.29,6.23,6.25,94118234.0,588792044.0,11970443418.0,0.0078625520136099,600048
2025-12-19,6.24,6.35,6.23,6.33,134527857.0,848818943.0,11970443418.0,0.0112383353149399,600048
2025-12-22,6.31,6.37,6.27,6.34,106653695.0,675016678.0,11970443418.0,0.0089097530706025,600048
2025-12-23,6.31,6.32,6.26,6.27,81466117.0,512092331.0,11970443418.0,0.0068056056200473,600048
2025-12-24,6.27,6.3,6.23,6.26,105848211.0,662309922.0,11970443418.0,0.0088424636668709,600048
2025-12-25,6.28,6.31,6.24,6.28,65935549.0,413660865.0,11970443418.0,0.0055081960373207,600048
2025-12-26,6.26,6.3,6.25,6.26,71982286.0,451612415.0,11970443418.0,0.0060133349690087,600048
2025-12-29,6.26,6.29,6.18,6.19,120408077.0,749895043.0,11970443418.0,0.0100587816838047,600048
2025-12-30,6.18,6.18,6.09,6.09,114675553.0,702301242.0,11970443418.0,0.0095798918215144,600048
2025-12-31,6.13,6.15,6.08,6.1,82620724.0,504717620.0,11970443418.0,0.0069020604429542,600048
2026-01-05,6.11,6.38,6.1,6.32,251858719.0,1579586260.0,11970443418.0,0.0210400492450663,600048
2026-01-06,6.3,6.55,6.28,6.48,248151525.0,1596927903.0,11970443418.0,0.0207303536163792,600048
2026-01-07,6.47,6.51,6.38,6.39,142852922.0,917309736.0,11970443418.0,0.011933803703979,600048
2026-01-08,6.38,6.64,6.34,6.59,225580415.0,1470872945.0,11970443418.0,0.0188447835324791,600048
2026-01-09,6.57,6.63,6.49,6.57,171997221.0,1127780590.0,11970443418.0,0.0143684920427732,600048
2026-01-12,6.52,6.58,6.49,6.51,149782242.0,977158417.0,11970443418.0,0.0125126728200203,600048
2026-01-13,6.51,6.61,6.46,6.47,169011206.0,1103625600.0,11970443418.0,0.0141190430544834,600048
2026-01-14,6.45,6.53,6.27,6.29,254157348.0,1624106651.0,11970443418.0,0.0212320746295682,600048
2026-01-15,6.33,6.52,6.32,6.39,222547330.0,1428050236.0,11970443418.0,0.0185914023590266,600048
2026-01-16,6.42,6.44,6.21,6.23,195001296.0,1226299919.0,11970443418.0,0.0162902316305823,600048
2026-01-19,6.21,6.3,6.16,6.26,120088421.0,749249139.0,11970443418.0,0.0100320779111175,600048
2026-01-20,6.29,6.68,6.28,6.53,420305377.0,2756034671.0,11970443418.0,0.035111930471012,600048
2026-01-21,6.51,6.57,6.43,6.5,210906391.0,1371746058.0,11970443418.0,0.0176189288596326,600048
2026-01-22,6.51,6.65,6.42,6.58,520200411.0,3393722712.0,11970443418.0,0.0434570711238459,600048
2026-01-23,6.56,6.74,6.51,6.71,368266073.0,2437335178.0,11970443418.0,0.0307646141534103,600048
2026-01-26,6.66,6.76,6.62,6.65,240396199.0,1606299222.0,11970443418.0,0.0200824807073157,600048
2026-01-27,6.66,6.7,6.54,6.6,193873529.0,1282778736.0,11970443418.0,0.0161960189969631,600048
2026-01-28,6.66,6.9,6.64,6.8,358121802.0,2426028483.0,11970443418.0,0.0299171709430154,600048
2026-01-29,6.79,7.2,6.76,7.11,438362691.0,3083283161.0,11970443418.0,0.0366204221257862,600048
2026-01-30,7.05,7.08,6.79,6.81,321733736.0,2216078946.0,11970443418.0,0.0268773448706342,600048
2026-02-02,6.7,6.87,6.62,6.63,222322400.0,1497614631.0,11970443418.0,0.018572611910574,600048
2026-02-03,6.7,6.81,6.67,6.8,167439385.0,1130301210.0,11970443418.0,0.0139877345519398,600048
2026-02-04,6.76,7.22,6.75,7.19,397289994.0,2804791359.0,11970443418.0,0.033189246223126,600048
2026-02-05,7.14,7.25,7.11,7.17,190935006.0,1369370910.0,11970443418.0,0.0159505374473338,600048
2026-02-06,7.11,7.15,6.97,6.98,190975679.0,1343626748.0,11970443418.0,0.0159539352329111,600048
2026-02-09,7.01,7.29,6.99,7.08,233919168.0,1670548992.0,11970443418.0,0.0195413954046393,600048
2026-02-10,7.06,7.08,6.88,6.89,184071088.0,1276486361.0,11970443418.0,0.0153771319551297,600048
2026-02-11,6.87,6.92,6.82,6.88,97494623.0,670007887.0,11970443418.0,0.0081446124922487,600048
2026-02-12,6.89,6.97,6.81,6.81,106589667.0,731489687.0,11970443418.0,0.0089044042294808,600048
2026-02-13,6.83,6.85,6.71,6.74,114321623.0,774050918.0,11970443418.0,0.0095503248299134,600048
2026-02-24,6.75,6.82,6.71,6.79,109356222.0,741073558.0,11970443418.0,0.0091355197281631,600048
2026-02-25,6.8,7.11,6.8,6.96,247466030.0,1730941652.0,11970443418.0,0.0206730879850185,600048
2026-02-26,6.93,6.95,6.74,6.77,184826675.0,1259499353.0,11970443418.0,0.0154402530086793,600048
2026-02-27,6.77,6.82,6.74,6.8,87067521.0,590690176.0,11970443418.0,0.0072735418363096,600048
2026-03-02,6.72,6.9,6.7,6.79,151949718.0,1035661036.0,11970443418.0,0.012693741801704,600048
2026-03-03,6.78,6.84,6.67,6.68,144782030.0,974183649.0,11970443418.0,0.0120949596388627,600048
2026-03-04,6.66,6.7,6.52,6.59,169397856.0,1117473790.0,11970443418.0,0.0141513434452457,600048
2026-03-05,6.65,6.68,6.54,6.57,106723059.0,703471517.0,11970443418.0,0.0089155476763308,600048
2026-03-06,6.55,6.58,6.41,6.53,154413258.0,1005230959.0,11970443418.0,0.0128995437017653,600048
2026-03-09,6.42,6.44,6.28,6.35,174962443.0,1108174160.0,11970443418.0,0.0146162040026778,600048
2026-03-10,6.38,6.4,6.31,6.35,99120331.0,629118587.0,11970443418.0,0.00828042266596,600048
2026-03-11,6.34,6.43,6.32,6.39,95373043.0,608447734.0,11970443418.0,0.0079673776208312,600048
2026-03-12,6.38,6.45,6.35,6.39,109730924.0,702304038.0,11970443418.0,0.0091668219938283,600048
2026-03-13,6.43,6.65,6.43,6.46,205645825.0,1346676693.0,11970443418.0,0.0171794659411504,600048
2026-03-16,6.5,6.61,6.45,6.46,125586917.0,817518807.0,11970443418.0,0.0104914172862765,600048
2026-03-17,6.48,6.64,6.47,6.5,184780561.0,1213785657.0,11970443418.0,0.0154364006868905,600048
2026-03-18,6.5,6.51,6.34,6.36,138933839.0,886523734.0,11970443418.0,0.0116064070601666,600048
2026-03-19,6.31,6.35,6.22,6.24,102131709.0,640194109.0,11970443418.0,0.0085319904562953,600048
2026-03-20,6.25,6.28,6.16,6.16,77075252.0,478313581.0,11970443418.0,0.0064387967353073,600048
2026-03-23,6.11,6.11,5.9,5.92,154343392.0,927657965.0,11970443418.0,0.0128937071594117,600048
2026-03-24,5.97,6.0,5.88,5.97,97085144.0,576370225.0,11970443418.0,0.0081104049875055,600048
2026-03-25,5.97,6.03,5.95,6.01,90829309.0,545002929.0,11970443418.0,0.0075877981983039,600048
2026-03-26,6.01,6.03,5.88,5.88,82054257.0,488226456.0,11970443418.0,0.0068547383028948,600048
2026-03-27,5.83,5.9,5.81,5.89,67267070.0,394767571.0,11970443418.0,0.0056194300955343,600048
2026-03-30,5.82,5.86,5.77,5.84,75140683.0,437396134.0,11970443418.0,0.0062771845934304,600048
2026-03-31,5.85,5.93,5.79,5.82,82156948.0,481561661.0,11970443418.0,0.0068633170160146,600048
2026-04-01,5.88,5.91,5.83,5.89,69500465.0,408321920.0,11970443418.0,0.0058060058907669,600048
2026-04-02,5.87,5.87,5.68,5.7,125861948.0,724782458.0,11970443418.0,0.0105143931268862,600048
2026-04-03,5.71,5.73,5.5,5.51,123636393.0,689648535.0,11970443418.0,0.0103284722781519,600048
2026-04-07,5.51,5.55,5.47,5.5,66534437.0,366014415.0,11970443418.0,0.0055582265983523,600048
2026-04-08,5.59,5.7,5.59,5.7,112129864.0,632413781.0,11970443418.0,0.0093672272684059,600048
2026-04-09,5.65,5.66,5.53,5.57,108841016.0,606845052.0,11970443418.0,0.0090924798856101,600048
2026-04-10,5.58,5.65,5.57,5.6,83815448.0,470684666.0,11970443418.0,0.0070018666037021,600048
2026-04-13,5.55,5.77,5.54,5.73,146171562.0,830337286.0,11970443418.0,0.0122110398834684,600048
2026-04-14,5.78,5.96,5.74,5.95,178158601.0,1043629552.0,11970443418.0,0.0148832081468345,600048
2026-04-15,5.95,6.09,5.86,5.94,149630133.0,892479944.0,11970443418.0,0.0124999657719446,600048
2026-04-16,5.93,6.03,5.91,5.97,70092281.0,418603216.0,11970443418.0,0.0058554456633245,600048
2026-04-17,5.98,6.16,5.96,6.07,141425564.0,858050051.0,11970443418.0,0.0118145635095971,600048
2026-04-20,6.06,6.06,5.88,5.94,110657910.0,656636027.0,11970443418.0,0.0092442615645802,600048
2026-04-21,5.93,6.0,5.91,5.97,71136104.0,423906282.0,11970443418.0,0.0059426456912224,600048
2026-04-22,5.94,6.0,5.9,5.93,67225501.0,399281667.0,11970443418.0,0.0056159574589286,600048
2026-04-23,5.93,5.93,5.85,5.87,64080571.0,377394165.0,11970443418.0,0.0053532328554881,600048
2026-04-24,5.84,5.86,5.69,5.74,101028485.0,581036521.0,11970443418.0,0.0084398281226644,600048
2026-04-27,5.75,5.8,5.71,5.78,68359812.0,393316188.0,11970443418.0,0.0057107167723801,600048
2026-04-28,5.86,6.09,5.85,6.03,214819991.0,1292014482.0,11970443418.0,0.0179458674585917,600048
2026-04-29,5.99,6.17,5.99,6.14,150412225.0,920405067.0,11970443418.0,0.0125653010291853,600048
2026-04-30,6.11,6.2,6.04,6.14,117567446.0,723230444.0,11970443418.0,0.0098214779431824,600048
2026-05-06,6.19,6.48,6.16,6.4,232720458.0,1467785582.0,11970443418.0,0.019441256257062,600048
2026-05-07,6.4,6.45,6.35,6.4,136794202.0,875567589.0,11970443418.0,0.0114276637233255,600048
2026-05-08,6.38,6.5,6.33,6.43,135449192.0,868601267.0,11970443418.0,0.0113153028062706,600048
2026-05-11,6.43,6.86,6.4,6.64,324231402.0,2163453479.0,11970443418.0,0.0270859976258232,600048
2026-05-12,6.64,6.72,6.55,6.62,220667845.0,1461815283.0,11970443418.0,0.0184343918846131,600048
2026-05-13,6.58,6.59,6.44,6.51,166734007.0,1086552444.0,11970443418.0,0.0139288079127696,600048
2026-05-14,6.56,6.59,6.29,6.32,132724967.0,848715142.0,11970443418.0,0.0110877235174447,600048
2026-05-15,6.32,6.34,6.16,6.21,98413697.0,614863091.0,11970443418.0,0.0082213911016875,600048
2026-05-18,6.19,6.2,6.0,6.05,136196748.0,825805443.0,11970443418.0,0.0113777529573549,600048
2026-05-19,6.05,6.2,6.05,6.17,107233168.0,659172257.0,11970443418.0,0.0089581617201208,600048
2026-05-20,6.15,6.16,6.01,6.08,82137423.0,498153531.0,11970443418.0,0.0068616859152009,600048
2026-05-21,6.09,6.15,5.85,5.87,131829129.0,788290037.0,11970443418.0,0.0110128860223981,600048
2026-05-22,5.9,5.91,5.8,5.82,93367022.0,545539216.0,11970443418.0,0.0077997964435973,600048
